[2025-11-13T05:51:15.436+0530] {processor.py:161} INFO - Started process (PID=6894) to work on /home/logi/txtai/venv/lib/python3.10/site-packages/airflow/example_dags/example_sensors.py
[2025-11-13T05:51:15.438+0530] {processor.py:830} INFO - Processing file /home/logi/txtai/venv/lib/python3.10/site-packages/airflow/example_dags/example_sensors.py for tasks to queue
[2025-11-13T05:51:15.441+0530] {logging_mixin.py:188} INFO - [2025-11-13T05:51:15.441+0530] {dagbag.py:545} INFO - Filling up the DagBag from /home/logi/txtai/venv/lib/python3.10/site-packages/airflow/example_dags/example_sensors.py
[2025-11-13T05:51:15.453+0530] {processor.py:840} INFO - DAG(s) 'example_sensors' retrieved from /home/logi/txtai/venv/lib/python3.10/site-packages/airflow/example_dags/example_sensors.py
[2025-11-13T05:51:15.544+0530] {logging_mixin.py:188} INFO - [2025-11-13T05:51:15.544+0530] {dag.py:3089} INFO - Sync 1 DAGs
[2025-11-13T05:51:15.553+0530] {logging_mixin.py:188} INFO - [2025-11-13T05:51:15.552+0530] {dag.py:3947} INFO - Setting next_dagrun for example_sensors to None, run_after=None
[2025-11-13T05:51:15.578+0530] {processor.py:183} INFO - Processing /home/logi/txtai/venv/lib/python3.10/site-packages/airflow/example_dags/example_sensors.py took 0.155 seconds
[2025-11-13T05:53:06.060+0530] {processor.py:161} INFO - Started process (PID=8125) to work on /home/logi/txtai/venv/lib/python3.10/site-packages/airflow/example_dags/example_sensors.py
[2025-11-13T05:53:06.073+0530] {processor.py:830} INFO - Processing file /home/logi/txtai/venv/lib/python3.10/site-packages/airflow/example_dags/example_sensors.py for tasks to queue
[2025-11-13T05:53:06.077+0530] {logging_mixin.py:188} INFO - [2025-11-13T05:53:06.076+0530] {dagbag.py:545} INFO - Filling up the DagBag from /home/logi/txtai/venv/lib/python3.10/site-packages/airflow/example_dags/example_sensors.py
[2025-11-13T05:53:06.093+0530] {processor.py:840} INFO - DAG(s) 'example_sensors' retrieved from /home/logi/txtai/venv/lib/python3.10/site-packages/airflow/example_dags/example_sensors.py
[2025-11-13T05:53:06.127+0530] {logging_mixin.py:188} INFO - [2025-11-13T05:53:06.126+0530] {dag.py:3089} INFO - Sync 1 DAGs
[2025-11-13T05:53:06.138+0530] {logging_mixin.py:188} INFO - [2025-11-13T05:53:06.137+0530] {dag.py:3947} INFO - Setting next_dagrun for example_sensors to None, run_after=None
[2025-11-13T05:53:06.159+0530] {processor.py:183} INFO - Processing /home/logi/txtai/venv/lib/python3.10/site-packages/airflow/example_dags/example_sensors.py took 0.109 seconds
[2025-11-13T05:56:57.631+0530] {processor.py:161} INFO - Started process (PID=10485) to work on /home/logi/txtai/venv/lib/python3.10/site-packages/airflow/example_dags/example_sensors.py
[2025-11-13T05:56:57.634+0530] {processor.py:830} INFO - Processing file /home/logi/txtai/venv/lib/python3.10/site-packages/airflow/example_dags/example_sensors.py for tasks to queue
[2025-11-13T05:56:57.640+0530] {logging_mixin.py:188} INFO - [2025-11-13T05:56:57.639+0530] {dagbag.py:545} INFO - Filling up the DagBag from /home/logi/txtai/venv/lib/python3.10/site-packages/airflow/example_dags/example_sensors.py
[2025-11-13T05:56:57.663+0530] {processor.py:840} INFO - DAG(s) 'example_sensors' retrieved from /home/logi/txtai/venv/lib/python3.10/site-packages/airflow/example_dags/example_sensors.py
[2025-11-13T05:56:57.700+0530] {logging_mixin.py:188} INFO - [2025-11-13T05:56:57.699+0530] {dag.py:3089} INFO - Sync 1 DAGs
[2025-11-13T05:56:57.720+0530] {logging_mixin.py:188} INFO - [2025-11-13T05:56:57.719+0530] {dag.py:3947} INFO - Setting next_dagrun for example_sensors to None, run_after=None
[2025-11-13T05:56:57.754+0530] {processor.py:183} INFO - Processing /home/logi/txtai/venv/lib/python3.10/site-packages/airflow/example_dags/example_sensors.py took 0.141 seconds
[2025-11-13T05:59:09.742+0530] {processor.py:161} INFO - Started process (PID=11825) to work on /home/logi/txtai/venv/lib/python3.10/site-packages/airflow/example_dags/example_sensors.py
[2025-11-13T05:59:09.744+0530] {processor.py:830} INFO - Processing file /home/logi/txtai/venv/lib/python3.10/site-packages/airflow/example_dags/example_sensors.py for tasks to queue
[2025-11-13T05:59:09.747+0530] {logging_mixin.py:188} INFO - [2025-11-13T05:59:09.746+0530] {dagbag.py:545} INFO - Filling up the DagBag from /home/logi/txtai/venv/lib/python3.10/site-packages/airflow/example_dags/example_sensors.py
[2025-11-13T05:59:09.761+0530] {processor.py:840} INFO - DAG(s) 'example_sensors' retrieved from /home/logi/txtai/venv/lib/python3.10/site-packages/airflow/example_dags/example_sensors.py
[2025-11-13T05:59:09.786+0530] {logging_mixin.py:188} INFO - [2025-11-13T05:59:09.786+0530] {dag.py:3089} INFO - Sync 1 DAGs
[2025-11-13T05:59:09.794+0530] {logging_mixin.py:188} INFO - [2025-11-13T05:59:09.794+0530] {dag.py:3947} INFO - Setting next_dagrun for example_sensors to None, run_after=None
[2025-11-13T05:59:09.817+0530] {processor.py:183} INFO - Processing /home/logi/txtai/venv/lib/python3.10/site-packages/airflow/example_dags/example_sensors.py took 0.085 seconds
[2025-11-13T06:00:58.781+0530] {processor.py:161} INFO - Started process (PID=13002) to work on /home/logi/txtai/venv/lib/python3.10/site-packages/airflow/example_dags/example_sensors.py
[2025-11-13T06:00:58.795+0530] {processor.py:830} INFO - Processing file /home/logi/txtai/venv/lib/python3.10/site-packages/airflow/example_dags/example_sensors.py for tasks to queue
[2025-11-13T06:00:58.798+0530] {logging_mixin.py:188} INFO - [2025-11-13T06:00:58.798+0530] {dagbag.py:545} INFO - Filling up the DagBag from /home/logi/txtai/venv/lib/python3.10/site-packages/airflow/example_dags/example_sensors.py
[2025-11-13T06:00:58.815+0530] {processor.py:840} INFO - DAG(s) 'example_sensors' retrieved from /home/logi/txtai/venv/lib/python3.10/site-packages/airflow/example_dags/example_sensors.py
[2025-11-13T06:00:58.849+0530] {logging_mixin.py:188} INFO - [2025-11-13T06:00:58.849+0530] {dag.py:3089} INFO - Sync 1 DAGs
[2025-11-13T06:00:58.860+0530] {logging_mixin.py:188} INFO - [2025-11-13T06:00:58.859+0530] {dag.py:3947} INFO - Setting next_dagrun for example_sensors to None, run_after=None
[2025-11-13T06:00:58.887+0530] {processor.py:183} INFO - Processing /home/logi/txtai/venv/lib/python3.10/site-packages/airflow/example_dags/example_sensors.py took 0.119 seconds
[2025-11-13T06:03:46.261+0530] {processor.py:161} INFO - Started process (PID=15002) to work on /home/logi/txtai/venv/lib/python3.10/site-packages/airflow/example_dags/example_sensors.py
[2025-11-13T06:03:46.274+0530] {processor.py:830} INFO - Processing file /home/logi/txtai/venv/lib/python3.10/site-packages/airflow/example_dags/example_sensors.py for tasks to queue
[2025-11-13T06:03:46.278+0530] {logging_mixin.py:188} INFO - [2025-11-13T06:03:46.277+0530] {dagbag.py:545} INFO - Filling up the DagBag from /home/logi/txtai/venv/lib/python3.10/site-packages/airflow/example_dags/example_sensors.py
[2025-11-13T06:03:46.299+0530] {processor.py:840} INFO - DAG(s) 'example_sensors' retrieved from /home/logi/txtai/venv/lib/python3.10/site-packages/airflow/example_dags/example_sensors.py
[2025-11-13T06:03:46.337+0530] {logging_mixin.py:188} INFO - [2025-11-13T06:03:46.337+0530] {dag.py:3089} INFO - Sync 1 DAGs
[2025-11-13T06:03:46.349+0530] {logging_mixin.py:188} INFO - [2025-11-13T06:03:46.349+0530] {dag.py:3947} INFO - Setting next_dagrun for example_sensors to None, run_after=None
[2025-11-13T06:03:46.376+0530] {processor.py:183} INFO - Processing /home/logi/txtai/venv/lib/python3.10/site-packages/airflow/example_dags/example_sensors.py took 0.128 seconds
[2025-11-13T10:40:42.723+0530] {processor.py:161} INFO - Started process (PID=17072) to work on /home/logi/txtai/venv/lib/python3.10/site-packages/airflow/example_dags/example_sensors.py
[2025-11-13T10:40:42.725+0530] {processor.py:830} INFO - Processing file /home/logi/txtai/venv/lib/python3.10/site-packages/airflow/example_dags/example_sensors.py for tasks to queue
[2025-11-13T10:40:42.728+0530] {logging_mixin.py:188} INFO - [2025-11-13T10:40:42.727+0530] {dagbag.py:545} INFO - Filling up the DagBag from /home/logi/txtai/venv/lib/python3.10/site-packages/airflow/example_dags/example_sensors.py
[2025-11-13T10:40:42.742+0530] {processor.py:840} INFO - DAG(s) 'example_sensors' retrieved from /home/logi/txtai/venv/lib/python3.10/site-packages/airflow/example_dags/example_sensors.py
[2025-11-13T10:40:42.909+0530] {logging_mixin.py:188} INFO - [2025-11-13T10:40:42.908+0530] {override.py:1858} INFO - Created Permission View: can edit on DAG:example_sensors
[2025-11-13T10:40:42.932+0530] {logging_mixin.py:188} INFO - [2025-11-13T10:40:42.931+0530] {override.py:1858} INFO - Created Permission View: can read on DAG:example_sensors
[2025-11-13T10:40:42.945+0530] {logging_mixin.py:188} INFO - [2025-11-13T10:40:42.945+0530] {override.py:1858} INFO - Created Permission View: can delete on DAG:example_sensors
[2025-11-13T10:40:42.946+0530] {logging_mixin.py:188} INFO - [2025-11-13T10:40:42.946+0530] {dag.py:3089} INFO - Sync 1 DAGs
[2025-11-13T10:40:42.967+0530] {logging_mixin.py:188} INFO - [2025-11-13T10:40:42.967+0530] {dag.py:3111} INFO - Creating ORM DAG for example_sensors
[2025-11-13T10:40:42.969+0530] {logging_mixin.py:188} INFO - [2025-11-13T10:40:42.968+0530] {dag.py:3947} INFO - Setting next_dagrun for example_sensors to None, run_after=None
[2025-11-13T10:40:43.001+0530] {processor.py:183} INFO - Processing /home/logi/txtai/venv/lib/python3.10/site-packages/airflow/example_dags/example_sensors.py took 0.290 seconds
[2025-11-13T10:41:13.221+0530] {processor.py:161} INFO - Started process (PID=17488) to work on /home/logi/txtai/venv/lib/python3.10/site-packages/airflow/example_dags/example_sensors.py
[2025-11-13T10:41:13.224+0530] {processor.py:830} INFO - Processing file /home/logi/txtai/venv/lib/python3.10/site-packages/airflow/example_dags/example_sensors.py for tasks to queue
[2025-11-13T10:41:13.226+0530] {logging_mixin.py:188} INFO - [2025-11-13T10:41:13.226+0530] {dagbag.py:545} INFO - Filling up the DagBag from /home/logi/txtai/venv/lib/python3.10/site-packages/airflow/example_dags/example_sensors.py
[2025-11-13T10:41:13.241+0530] {processor.py:840} INFO - DAG(s) 'example_sensors' retrieved from /home/logi/txtai/venv/lib/python3.10/site-packages/airflow/example_dags/example_sensors.py
[2025-11-13T10:41:13.306+0530] {logging_mixin.py:188} INFO - [2025-11-13T10:41:13.306+0530] {dag.py:3089} INFO - Sync 1 DAGs
[2025-11-13T10:41:13.318+0530] {logging_mixin.py:188} INFO - [2025-11-13T10:41:13.318+0530] {dag.py:3947} INFO - Setting next_dagrun for example_sensors to None, run_after=None
[2025-11-13T10:41:13.342+0530] {processor.py:183} INFO - Processing /home/logi/txtai/venv/lib/python3.10/site-packages/airflow/example_dags/example_sensors.py took 0.136 seconds
[2025-11-13T10:41:44.573+0530] {processor.py:161} INFO - Started process (PID=18157) to work on /home/logi/txtai/venv/lib/python3.10/site-packages/airflow/example_dags/example_sensors.py
[2025-11-13T10:41:44.576+0530] {processor.py:830} INFO - Processing file /home/logi/txtai/venv/lib/python3.10/site-packages/airflow/example_dags/example_sensors.py for tasks to queue
[2025-11-13T10:41:44.581+0530] {logging_mixin.py:188} INFO - [2025-11-13T10:41:44.581+0530] {dagbag.py:545} INFO - Filling up the DagBag from /home/logi/txtai/venv/lib/python3.10/site-packages/airflow/example_dags/example_sensors.py
[2025-11-13T10:41:44.611+0530] {processor.py:840} INFO - DAG(s) 'example_sensors' retrieved from /home/logi/txtai/venv/lib/python3.10/site-packages/airflow/example_dags/example_sensors.py
[2025-11-13T10:41:44.698+0530] {logging_mixin.py:188} INFO - [2025-11-13T10:41:44.697+0530] {dag.py:3089} INFO - Sync 1 DAGs
[2025-11-13T10:41:44.718+0530] {logging_mixin.py:188} INFO - [2025-11-13T10:41:44.718+0530] {dag.py:3947} INFO - Setting next_dagrun for example_sensors to None, run_after=None
[2025-11-13T10:41:44.762+0530] {processor.py:183} INFO - Processing /home/logi/txtai/venv/lib/python3.10/site-packages/airflow/example_dags/example_sensors.py took 0.209 seconds
[2025-11-13T10:42:15.418+0530] {processor.py:161} INFO - Started process (PID=18732) to work on /home/logi/txtai/venv/lib/python3.10/site-packages/airflow/example_dags/example_sensors.py
[2025-11-13T10:42:15.420+0530] {processor.py:830} INFO - Processing file /home/logi/txtai/venv/lib/python3.10/site-packages/airflow/example_dags/example_sensors.py for tasks to queue
[2025-11-13T10:42:15.423+0530] {logging_mixin.py:188} INFO - [2025-11-13T10:42:15.423+0530] {dagbag.py:545} INFO - Filling up the DagBag from /home/logi/txtai/venv/lib/python3.10/site-packages/airflow/example_dags/example_sensors.py
[2025-11-13T10:42:15.441+0530] {processor.py:840} INFO - DAG(s) 'example_sensors' retrieved from /home/logi/txtai/venv/lib/python3.10/site-packages/airflow/example_dags/example_sensors.py
[2025-11-13T10:42:15.503+0530] {logging_mixin.py:188} INFO - [2025-11-13T10:42:15.502+0530] {dag.py:3089} INFO - Sync 1 DAGs
[2025-11-13T10:42:15.519+0530] {logging_mixin.py:188} INFO - [2025-11-13T10:42:15.519+0530] {dag.py:3947} INFO - Setting next_dagrun for example_sensors to None, run_after=None
[2025-11-13T10:42:15.547+0530] {processor.py:183} INFO - Processing /home/logi/txtai/venv/lib/python3.10/site-packages/airflow/example_dags/example_sensors.py took 0.145 seconds
[2025-11-13T10:42:46.217+0530] {processor.py:161} INFO - Started process (PID=18990) to work on /home/logi/txtai/venv/lib/python3.10/site-packages/airflow/example_dags/example_sensors.py
[2025-11-13T10:42:46.219+0530] {processor.py:830} INFO - Processing file /home/logi/txtai/venv/lib/python3.10/site-packages/airflow/example_dags/example_sensors.py for tasks to queue
[2025-11-13T10:42:46.221+0530] {logging_mixin.py:188} INFO - [2025-11-13T10:42:46.221+0530] {dagbag.py:545} INFO - Filling up the DagBag from /home/logi/txtai/venv/lib/python3.10/site-packages/airflow/example_dags/example_sensors.py
[2025-11-13T10:42:46.235+0530] {processor.py:840} INFO - DAG(s) 'example_sensors' retrieved from /home/logi/txtai/venv/lib/python3.10/site-packages/airflow/example_dags/example_sensors.py
[2025-11-13T10:42:46.303+0530] {logging_mixin.py:188} INFO - [2025-11-13T10:42:46.302+0530] {dag.py:3089} INFO - Sync 1 DAGs
[2025-11-13T10:42:46.326+0530] {logging_mixin.py:188} INFO - [2025-11-13T10:42:46.325+0530] {dag.py:3947} INFO - Setting next_dagrun for example_sensors to None, run_after=None
[2025-11-13T10:42:46.360+0530] {processor.py:183} INFO - Processing /home/logi/txtai/venv/lib/python3.10/site-packages/airflow/example_dags/example_sensors.py took 0.154 seconds
[2025-11-13T10:43:17.562+0530] {processor.py:161} INFO - Started process (PID=19131) to work on /home/logi/txtai/venv/lib/python3.10/site-packages/airflow/example_dags/example_sensors.py
[2025-11-13T10:43:17.564+0530] {processor.py:830} INFO - Processing file /home/logi/txtai/venv/lib/python3.10/site-packages/airflow/example_dags/example_sensors.py for tasks to queue
[2025-11-13T10:43:17.567+0530] {logging_mixin.py:188} INFO - [2025-11-13T10:43:17.566+0530] {dagbag.py:545} INFO - Filling up the DagBag from /home/logi/txtai/venv/lib/python3.10/site-packages/airflow/example_dags/example_sensors.py
[2025-11-13T10:43:17.582+0530] {processor.py:840} INFO - DAG(s) 'example_sensors' retrieved from /home/logi/txtai/venv/lib/python3.10/site-packages/airflow/example_dags/example_sensors.py
[2025-11-13T10:43:17.641+0530] {logging_mixin.py:188} INFO - [2025-11-13T10:43:17.641+0530] {dag.py:3089} INFO - Sync 1 DAGs
[2025-11-13T10:43:17.661+0530] {logging_mixin.py:188} INFO - [2025-11-13T10:43:17.661+0530] {dag.py:3947} INFO - Setting next_dagrun for example_sensors to None, run_after=None
[2025-11-13T10:43:17.695+0530] {processor.py:183} INFO - Processing /home/logi/txtai/venv/lib/python3.10/site-packages/airflow/example_dags/example_sensors.py took 0.144 seconds
[2025-11-13T10:43:48.772+0530] {processor.py:161} INFO - Started process (PID=19273) to work on /home/logi/txtai/venv/lib/python3.10/site-packages/airflow/example_dags/example_sensors.py
[2025-11-13T10:43:48.774+0530] {processor.py:830} INFO - Processing file /home/logi/txtai/venv/lib/python3.10/site-packages/airflow/example_dags/example_sensors.py for tasks to queue
[2025-11-13T10:43:48.777+0530] {logging_mixin.py:188} INFO - [2025-11-13T10:43:48.777+0530] {dagbag.py:545} INFO - Filling up the DagBag from /home/logi/txtai/venv/lib/python3.10/site-packages/airflow/example_dags/example_sensors.py
[2025-11-13T10:43:48.792+0530] {processor.py:840} INFO - DAG(s) 'example_sensors' retrieved from /home/logi/txtai/venv/lib/python3.10/site-packages/airflow/example_dags/example_sensors.py
[2025-11-13T10:43:48.857+0530] {logging_mixin.py:188} INFO - [2025-11-13T10:43:48.857+0530] {dag.py:3089} INFO - Sync 1 DAGs
[2025-11-13T10:43:48.880+0530] {logging_mixin.py:188} INFO - [2025-11-13T10:43:48.880+0530] {dag.py:3947} INFO - Setting next_dagrun for example_sensors to None, run_after=None
[2025-11-13T10:43:48.916+0530] {processor.py:183} INFO - Processing /home/logi/txtai/venv/lib/python3.10/site-packages/airflow/example_dags/example_sensors.py took 0.152 seconds
[2025-11-13T10:44:20.064+0530] {processor.py:161} INFO - Started process (PID=19417) to work on /home/logi/txtai/venv/lib/python3.10/site-packages/airflow/example_dags/example_sensors.py
[2025-11-13T10:44:20.066+0530] {processor.py:830} INFO - Processing file /home/logi/txtai/venv/lib/python3.10/site-packages/airflow/example_dags/example_sensors.py for tasks to queue
[2025-11-13T10:44:20.068+0530] {logging_mixin.py:188} INFO - [2025-11-13T10:44:20.068+0530] {dagbag.py:545} INFO - Filling up the DagBag from /home/logi/txtai/venv/lib/python3.10/site-packages/airflow/example_dags/example_sensors.py
[2025-11-13T10:44:20.083+0530] {processor.py:840} INFO - DAG(s) 'example_sensors' retrieved from /home/logi/txtai/venv/lib/python3.10/site-packages/airflow/example_dags/example_sensors.py
[2025-11-13T10:44:20.147+0530] {logging_mixin.py:188} INFO - [2025-11-13T10:44:20.146+0530] {dag.py:3089} INFO - Sync 1 DAGs
[2025-11-13T10:44:20.168+0530] {logging_mixin.py:188} INFO - [2025-11-13T10:44:20.168+0530] {dag.py:3947} INFO - Setting next_dagrun for example_sensors to None, run_after=None
[2025-11-13T10:44:20.200+0530] {processor.py:183} INFO - Processing /home/logi/txtai/venv/lib/python3.10/site-packages/airflow/example_dags/example_sensors.py took 0.147 seconds
[2025-11-13T10:44:51.865+0530] {processor.py:161} INFO - Started process (PID=19558) to work on /home/logi/txtai/venv/lib/python3.10/site-packages/airflow/example_dags/example_sensors.py
[2025-11-13T10:44:51.866+0530] {processor.py:830} INFO - Processing file /home/logi/txtai/venv/lib/python3.10/site-packages/airflow/example_dags/example_sensors.py for tasks to queue
[2025-11-13T10:44:51.868+0530] {logging_mixin.py:188} INFO - [2025-11-13T10:44:51.867+0530] {dagbag.py:545} INFO - Filling up the DagBag from /home/logi/txtai/venv/lib/python3.10/site-packages/airflow/example_dags/example_sensors.py
[2025-11-13T10:44:51.877+0530] {processor.py:840} INFO - DAG(s) 'example_sensors' retrieved from /home/logi/txtai/venv/lib/python3.10/site-packages/airflow/example_dags/example_sensors.py
[2025-11-13T10:44:51.942+0530] {logging_mixin.py:188} INFO - [2025-11-13T10:44:51.942+0530] {dag.py:3089} INFO - Sync 1 DAGs
[2025-11-13T10:44:51.962+0530] {logging_mixin.py:188} INFO - [2025-11-13T10:44:51.962+0530] {dag.py:3947} INFO - Setting next_dagrun for example_sensors to None, run_after=None
[2025-11-13T10:44:51.996+0530] {processor.py:183} INFO - Processing /home/logi/txtai/venv/lib/python3.10/site-packages/airflow/example_dags/example_sensors.py took 0.138 seconds
[2025-11-13T10:45:22.684+0530] {processor.py:161} INFO - Started process (PID=19703) to work on /home/logi/txtai/venv/lib/python3.10/site-packages/airflow/example_dags/example_sensors.py
[2025-11-13T10:45:22.686+0530] {processor.py:830} INFO - Processing file /home/logi/txtai/venv/lib/python3.10/site-packages/airflow/example_dags/example_sensors.py for tasks to queue
[2025-11-13T10:45:22.688+0530] {logging_mixin.py:188} INFO - [2025-11-13T10:45:22.688+0530] {dagbag.py:545} INFO - Filling up the DagBag from /home/logi/txtai/venv/lib/python3.10/site-packages/airflow/example_dags/example_sensors.py
[2025-11-13T10:45:22.702+0530] {processor.py:840} INFO - DAG(s) 'example_sensors' retrieved from /home/logi/txtai/venv/lib/python3.10/site-packages/airflow/example_dags/example_sensors.py
[2025-11-13T10:45:22.762+0530] {logging_mixin.py:188} INFO - [2025-11-13T10:45:22.762+0530] {dag.py:3089} INFO - Sync 1 DAGs
[2025-11-13T10:45:22.784+0530] {logging_mixin.py:188} INFO - [2025-11-13T10:45:22.784+0530] {dag.py:3947} INFO - Setting next_dagrun for example_sensors to None, run_after=None
[2025-11-13T10:45:22.818+0530] {processor.py:183} INFO - Processing /home/logi/txtai/venv/lib/python3.10/site-packages/airflow/example_dags/example_sensors.py took 0.145 seconds
[2025-11-13T10:45:53.501+0530] {processor.py:161} INFO - Started process (PID=19872) to work on /home/logi/txtai/venv/lib/python3.10/site-packages/airflow/example_dags/example_sensors.py
[2025-11-13T10:45:53.503+0530] {processor.py:830} INFO - Processing file /home/logi/txtai/venv/lib/python3.10/site-packages/airflow/example_dags/example_sensors.py for tasks to queue
[2025-11-13T10:45:53.505+0530] {logging_mixin.py:188} INFO - [2025-11-13T10:45:53.505+0530] {dagbag.py:545} INFO - Filling up the DagBag from /home/logi/txtai/venv/lib/python3.10/site-packages/airflow/example_dags/example_sensors.py
[2025-11-13T10:45:53.519+0530] {processor.py:840} INFO - DAG(s) 'example_sensors' retrieved from /home/logi/txtai/venv/lib/python3.10/site-packages/airflow/example_dags/example_sensors.py
[2025-11-13T10:45:53.580+0530] {logging_mixin.py:188} INFO - [2025-11-13T10:45:53.579+0530] {dag.py:3089} INFO - Sync 1 DAGs
[2025-11-13T10:45:53.602+0530] {logging_mixin.py:188} INFO - [2025-11-13T10:45:53.601+0530] {dag.py:3947} INFO - Setting next_dagrun for example_sensors to None, run_after=None
[2025-11-13T10:45:53.637+0530] {processor.py:183} INFO - Processing /home/logi/txtai/venv/lib/python3.10/site-packages/airflow/example_dags/example_sensors.py took 0.146 seconds
[2025-11-13T10:46:25.327+0530] {processor.py:161} INFO - Started process (PID=20016) to work on /home/logi/txtai/venv/lib/python3.10/site-packages/airflow/example_dags/example_sensors.py
[2025-11-13T10:46:25.329+0530] {processor.py:830} INFO - Processing file /home/logi/txtai/venv/lib/python3.10/site-packages/airflow/example_dags/example_sensors.py for tasks to queue
[2025-11-13T10:46:25.332+0530] {logging_mixin.py:188} INFO - [2025-11-13T10:46:25.331+0530] {dagbag.py:545} INFO - Filling up the DagBag from /home/logi/txtai/venv/lib/python3.10/site-packages/airflow/example_dags/example_sensors.py
[2025-11-13T10:46:25.345+0530] {processor.py:840} INFO - DAG(s) 'example_sensors' retrieved from /home/logi/txtai/venv/lib/python3.10/site-packages/airflow/example_dags/example_sensors.py
[2025-11-13T10:46:25.408+0530] {logging_mixin.py:188} INFO - [2025-11-13T10:46:25.408+0530] {dag.py:3089} INFO - Sync 1 DAGs
[2025-11-13T10:46:25.430+0530] {logging_mixin.py:188} INFO - [2025-11-13T10:46:25.430+0530] {dag.py:3947} INFO - Setting next_dagrun for example_sensors to None, run_after=None
[2025-11-13T10:46:25.479+0530] {processor.py:183} INFO - Processing /home/logi/txtai/venv/lib/python3.10/site-packages/airflow/example_dags/example_sensors.py took 0.163 seconds
[2025-11-13T10:46:55.860+0530] {processor.py:161} INFO - Started process (PID=20159) to work on /home/logi/txtai/venv/lib/python3.10/site-packages/airflow/example_dags/example_sensors.py
[2025-11-13T10:46:55.861+0530] {processor.py:830} INFO - Processing file /home/logi/txtai/venv/lib/python3.10/site-packages/airflow/example_dags/example_sensors.py for tasks to queue
[2025-11-13T10:46:55.864+0530] {logging_mixin.py:188} INFO - [2025-11-13T10:46:55.863+0530] {dagbag.py:545} INFO - Filling up the DagBag from /home/logi/txtai/venv/lib/python3.10/site-packages/airflow/example_dags/example_sensors.py
[2025-11-13T10:46:55.877+0530] {processor.py:840} INFO - DAG(s) 'example_sensors' retrieved from /home/logi/txtai/venv/lib/python3.10/site-packages/airflow/example_dags/example_sensors.py
[2025-11-13T10:46:55.940+0530] {logging_mixin.py:188} INFO - [2025-11-13T10:46:55.940+0530] {dag.py:3089} INFO - Sync 1 DAGs
[2025-11-13T10:46:55.962+0530] {logging_mixin.py:188} INFO - [2025-11-13T10:46:55.962+0530] {dag.py:3947} INFO - Setting next_dagrun for example_sensors to None, run_after=None
[2025-11-13T10:46:56.011+0530] {processor.py:183} INFO - Processing /home/logi/txtai/venv/lib/python3.10/site-packages/airflow/example_dags/example_sensors.py took 0.162 seconds
[2025-11-13T10:47:27.338+0530] {processor.py:161} INFO - Started process (PID=20302) to work on /home/logi/txtai/venv/lib/python3.10/site-packages/airflow/example_dags/example_sensors.py
[2025-11-13T10:47:27.340+0530] {processor.py:830} INFO - Processing file /home/logi/txtai/venv/lib/python3.10/site-packages/airflow/example_dags/example_sensors.py for tasks to queue
[2025-11-13T10:47:27.343+0530] {logging_mixin.py:188} INFO - [2025-11-13T10:47:27.342+0530] {dagbag.py:545} INFO - Filling up the DagBag from /home/logi/txtai/venv/lib/python3.10/site-packages/airflow/example_dags/example_sensors.py
[2025-11-13T10:47:27.356+0530] {processor.py:840} INFO - DAG(s) 'example_sensors' retrieved from /home/logi/txtai/venv/lib/python3.10/site-packages/airflow/example_dags/example_sensors.py
[2025-11-13T10:47:27.423+0530] {logging_mixin.py:188} INFO - [2025-11-13T10:47:27.423+0530] {dag.py:3089} INFO - Sync 1 DAGs
[2025-11-13T10:47:27.446+0530] {logging_mixin.py:188} INFO - [2025-11-13T10:47:27.445+0530] {dag.py:3947} INFO - Setting next_dagrun for example_sensors to None, run_after=None
[2025-11-13T10:47:27.481+0530] {processor.py:183} INFO - Processing /home/logi/txtai/venv/lib/python3.10/site-packages/airflow/example_dags/example_sensors.py took 0.153 seconds
[2025-11-13T10:47:58.582+0530] {processor.py:161} INFO - Started process (PID=20444) to work on /home/logi/txtai/venv/lib/python3.10/site-packages/airflow/example_dags/example_sensors.py
[2025-11-13T10:47:58.584+0530] {processor.py:830} INFO - Processing file /home/logi/txtai/venv/lib/python3.10/site-packages/airflow/example_dags/example_sensors.py for tasks to queue
[2025-11-13T10:47:58.586+0530] {logging_mixin.py:188} INFO - [2025-11-13T10:47:58.586+0530] {dagbag.py:545} INFO - Filling up the DagBag from /home/logi/txtai/venv/lib/python3.10/site-packages/airflow/example_dags/example_sensors.py
[2025-11-13T10:47:58.600+0530] {processor.py:840} INFO - DAG(s) 'example_sensors' retrieved from /home/logi/txtai/venv/lib/python3.10/site-packages/airflow/example_dags/example_sensors.py
[2025-11-13T10:47:58.666+0530] {logging_mixin.py:188} INFO - [2025-11-13T10:47:58.665+0530] {dag.py:3089} INFO - Sync 1 DAGs
[2025-11-13T10:47:58.689+0530] {logging_mixin.py:188} INFO - [2025-11-13T10:47:58.689+0530] {dag.py:3947} INFO - Setting next_dagrun for example_sensors to None, run_after=None
[2025-11-13T10:47:58.725+0530] {processor.py:183} INFO - Processing /home/logi/txtai/venv/lib/python3.10/site-packages/airflow/example_dags/example_sensors.py took 0.154 seconds
[2025-11-13T10:48:29.699+0530] {processor.py:161} INFO - Started process (PID=20585) to work on /home/logi/txtai/venv/lib/python3.10/site-packages/airflow/example_dags/example_sensors.py
[2025-11-13T10:48:29.701+0530] {processor.py:830} INFO - Processing file /home/logi/txtai/venv/lib/python3.10/site-packages/airflow/example_dags/example_sensors.py for tasks to queue
[2025-11-13T10:48:29.704+0530] {logging_mixin.py:188} INFO - [2025-11-13T10:48:29.704+0530] {dagbag.py:545} INFO - Filling up the DagBag from /home/logi/txtai/venv/lib/python3.10/site-packages/airflow/example_dags/example_sensors.py
[2025-11-13T10:48:29.717+0530] {processor.py:840} INFO - DAG(s) 'example_sensors' retrieved from /home/logi/txtai/venv/lib/python3.10/site-packages/airflow/example_dags/example_sensors.py
[2025-11-13T10:48:29.782+0530] {logging_mixin.py:188} INFO - [2025-11-13T10:48:29.782+0530] {dag.py:3089} INFO - Sync 1 DAGs
[2025-11-13T10:48:29.805+0530] {logging_mixin.py:188} INFO - [2025-11-13T10:48:29.804+0530] {dag.py:3947} INFO - Setting next_dagrun for example_sensors to None, run_after=None
[2025-11-13T10:48:29.839+0530] {processor.py:183} INFO - Processing /home/logi/txtai/venv/lib/python3.10/site-packages/airflow/example_dags/example_sensors.py took 0.151 seconds
[2025-11-13T10:49:00.092+0530] {processor.py:161} INFO - Started process (PID=20729) to work on /home/logi/txtai/venv/lib/python3.10/site-packages/airflow/example_dags/example_sensors.py
[2025-11-13T10:49:00.093+0530] {processor.py:830} INFO - Processing file /home/logi/txtai/venv/lib/python3.10/site-packages/airflow/example_dags/example_sensors.py for tasks to queue
[2025-11-13T10:49:00.096+0530] {logging_mixin.py:188} INFO - [2025-11-13T10:49:00.095+0530] {dagbag.py:545} INFO - Filling up the DagBag from /home/logi/txtai/venv/lib/python3.10/site-packages/airflow/example_dags/example_sensors.py
[2025-11-13T10:49:00.110+0530] {processor.py:840} INFO - DAG(s) 'example_sensors' retrieved from /home/logi/txtai/venv/lib/python3.10/site-packages/airflow/example_dags/example_sensors.py
[2025-11-13T10:49:00.177+0530] {logging_mixin.py:188} INFO - [2025-11-13T10:49:00.177+0530] {dag.py:3089} INFO - Sync 1 DAGs
[2025-11-13T10:49:00.201+0530] {logging_mixin.py:188} INFO - [2025-11-13T10:49:00.201+0530] {dag.py:3947} INFO - Setting next_dagrun for example_sensors to None, run_after=None
[2025-11-13T10:49:00.236+0530] {processor.py:183} INFO - Processing /home/logi/txtai/venv/lib/python3.10/site-packages/airflow/example_dags/example_sensors.py took 0.156 seconds
[2025-11-13T10:49:31.275+0530] {processor.py:161} INFO - Started process (PID=20874) to work on /home/logi/txtai/venv/lib/python3.10/site-packages/airflow/example_dags/example_sensors.py
[2025-11-13T10:49:31.277+0530] {processor.py:830} INFO - Processing file /home/logi/txtai/venv/lib/python3.10/site-packages/airflow/example_dags/example_sensors.py for tasks to queue
[2025-11-13T10:49:31.280+0530] {logging_mixin.py:188} INFO - [2025-11-13T10:49:31.279+0530] {dagbag.py:545} INFO - Filling up the DagBag from /home/logi/txtai/venv/lib/python3.10/site-packages/airflow/example_dags/example_sensors.py
[2025-11-13T10:49:31.294+0530] {processor.py:840} INFO - DAG(s) 'example_sensors' retrieved from /home/logi/txtai/venv/lib/python3.10/site-packages/airflow/example_dags/example_sensors.py
[2025-11-13T10:49:31.362+0530] {logging_mixin.py:188} INFO - [2025-11-13T10:49:31.361+0530] {dag.py:3089} INFO - Sync 1 DAGs
[2025-11-13T10:49:31.385+0530] {logging_mixin.py:188} INFO - [2025-11-13T10:49:31.384+0530] {dag.py:3947} INFO - Setting next_dagrun for example_sensors to None, run_after=None
[2025-11-13T10:49:31.419+0530] {processor.py:183} INFO - Processing /home/logi/txtai/venv/lib/python3.10/site-packages/airflow/example_dags/example_sensors.py took 0.154 seconds
[2025-11-13T10:50:02.509+0530] {processor.py:161} INFO - Started process (PID=21017) to work on /home/logi/txtai/venv/lib/python3.10/site-packages/airflow/example_dags/example_sensors.py
[2025-11-13T10:50:02.511+0530] {processor.py:830} INFO - Processing file /home/logi/txtai/venv/lib/python3.10/site-packages/airflow/example_dags/example_sensors.py for tasks to queue
[2025-11-13T10:50:02.514+0530] {logging_mixin.py:188} INFO - [2025-11-13T10:50:02.513+0530] {dagbag.py:545} INFO - Filling up the DagBag from /home/logi/txtai/venv/lib/python3.10/site-packages/airflow/example_dags/example_sensors.py
[2025-11-13T10:50:02.527+0530] {processor.py:840} INFO - DAG(s) 'example_sensors' retrieved from /home/logi/txtai/venv/lib/python3.10/site-packages/airflow/example_dags/example_sensors.py
[2025-11-13T10:50:02.594+0530] {logging_mixin.py:188} INFO - [2025-11-13T10:50:02.593+0530] {dag.py:3089} INFO - Sync 1 DAGs
[2025-11-13T10:50:02.617+0530] {logging_mixin.py:188} INFO - [2025-11-13T10:50:02.616+0530] {dag.py:3947} INFO - Setting next_dagrun for example_sensors to None, run_after=None
[2025-11-13T10:50:02.651+0530] {processor.py:183} INFO - Processing /home/logi/txtai/venv/lib/python3.10/site-packages/airflow/example_dags/example_sensors.py took 0.152 seconds
[2025-11-13T10:50:33.405+0530] {processor.py:161} INFO - Started process (PID=21159) to work on /home/logi/txtai/venv/lib/python3.10/site-packages/airflow/example_dags/example_sensors.py
[2025-11-13T10:50:33.406+0530] {processor.py:830} INFO - Processing file /home/logi/txtai/venv/lib/python3.10/site-packages/airflow/example_dags/example_sensors.py for tasks to queue
[2025-11-13T10:50:33.408+0530] {logging_mixin.py:188} INFO - [2025-11-13T10:50:33.408+0530] {dagbag.py:545} INFO - Filling up the DagBag from /home/logi/txtai/venv/lib/python3.10/site-packages/airflow/example_dags/example_sensors.py
[2025-11-13T10:50:33.415+0530] {processor.py:840} INFO - DAG(s) 'example_sensors' retrieved from /home/logi/txtai/venv/lib/python3.10/site-packages/airflow/example_dags/example_sensors.py
[2025-11-13T10:50:33.462+0530] {logging_mixin.py:188} INFO - [2025-11-13T10:50:33.461+0530] {dag.py:3089} INFO - Sync 1 DAGs
[2025-11-13T10:50:33.479+0530] {logging_mixin.py:188} INFO - [2025-11-13T10:50:33.479+0530] {dag.py:3947} INFO - Setting next_dagrun for example_sensors to None, run_after=None
[2025-11-13T10:50:33.500+0530] {processor.py:183} INFO - Processing /home/logi/txtai/venv/lib/python3.10/site-packages/airflow/example_dags/example_sensors.py took 0.101 seconds
[2025-11-13T10:51:04.779+0530] {processor.py:161} INFO - Started process (PID=21340) to work on /home/logi/txtai/venv/lib/python3.10/site-packages/airflow/example_dags/example_sensors.py
[2025-11-13T10:51:04.781+0530] {processor.py:830} INFO - Processing file /home/logi/txtai/venv/lib/python3.10/site-packages/airflow/example_dags/example_sensors.py for tasks to queue
[2025-11-13T10:51:04.784+0530] {logging_mixin.py:188} INFO - [2025-11-13T10:51:04.783+0530] {dagbag.py:545} INFO - Filling up the DagBag from /home/logi/txtai/venv/lib/python3.10/site-packages/airflow/example_dags/example_sensors.py
[2025-11-13T10:51:04.797+0530] {processor.py:840} INFO - DAG(s) 'example_sensors' retrieved from /home/logi/txtai/venv/lib/python3.10/site-packages/airflow/example_dags/example_sensors.py
[2025-11-13T10:51:04.863+0530] {logging_mixin.py:188} INFO - [2025-11-13T10:51:04.863+0530] {dag.py:3089} INFO - Sync 1 DAGs
[2025-11-13T10:51:04.886+0530] {logging_mixin.py:188} INFO - [2025-11-13T10:51:04.885+0530] {dag.py:3947} INFO - Setting next_dagrun for example_sensors to None, run_after=None
[2025-11-13T10:51:04.921+0530] {processor.py:183} INFO - Processing /home/logi/txtai/venv/lib/python3.10/site-packages/airflow/example_dags/example_sensors.py took 0.152 seconds
[2025-11-13T10:51:36.003+0530] {processor.py:161} INFO - Started process (PID=21482) to work on /home/logi/txtai/venv/lib/python3.10/site-packages/airflow/example_dags/example_sensors.py
[2025-11-13T10:51:36.005+0530] {processor.py:830} INFO - Processing file /home/logi/txtai/venv/lib/python3.10/site-packages/airflow/example_dags/example_sensors.py for tasks to queue
[2025-11-13T10:51:36.008+0530] {logging_mixin.py:188} INFO - [2025-11-13T10:51:36.008+0530] {dagbag.py:545} INFO - Filling up the DagBag from /home/logi/txtai/venv/lib/python3.10/site-packages/airflow/example_dags/example_sensors.py
[2025-11-13T10:51:36.022+0530] {processor.py:840} INFO - DAG(s) 'example_sensors' retrieved from /home/logi/txtai/venv/lib/python3.10/site-packages/airflow/example_dags/example_sensors.py
[2025-11-13T10:51:36.098+0530] {logging_mixin.py:188} INFO - [2025-11-13T10:51:36.098+0530] {dag.py:3089} INFO - Sync 1 DAGs
[2025-11-13T10:51:36.122+0530] {logging_mixin.py:188} INFO - [2025-11-13T10:51:36.121+0530] {dag.py:3947} INFO - Setting next_dagrun for example_sensors to None, run_after=None
[2025-11-13T10:51:36.160+0530] {processor.py:183} INFO - Processing /home/logi/txtai/venv/lib/python3.10/site-packages/airflow/example_dags/example_sensors.py took 0.167 seconds
[2025-11-13T10:52:07.061+0530] {processor.py:161} INFO - Started process (PID=21624) to work on /home/logi/txtai/venv/lib/python3.10/site-packages/airflow/example_dags/example_sensors.py
[2025-11-13T10:52:07.065+0530] {processor.py:830} INFO - Processing file /home/logi/txtai/venv/lib/python3.10/site-packages/airflow/example_dags/example_sensors.py for tasks to queue
[2025-11-13T10:52:07.069+0530] {logging_mixin.py:188} INFO - [2025-11-13T10:52:07.069+0530] {dagbag.py:545} INFO - Filling up the DagBag from /home/logi/txtai/venv/lib/python3.10/site-packages/airflow/example_dags/example_sensors.py
[2025-11-13T10:52:07.084+0530] {processor.py:840} INFO - DAG(s) 'example_sensors' retrieved from /home/logi/txtai/venv/lib/python3.10/site-packages/airflow/example_dags/example_sensors.py
[2025-11-13T10:52:07.150+0530] {logging_mixin.py:188} INFO - [2025-11-13T10:52:07.149+0530] {dag.py:3089} INFO - Sync 1 DAGs
[2025-11-13T10:52:07.168+0530] {logging_mixin.py:188} INFO - [2025-11-13T10:52:07.168+0530] {dag.py:3947} INFO - Setting next_dagrun for example_sensors to None, run_after=None
[2025-11-13T10:52:07.210+0530] {processor.py:183} INFO - Processing /home/logi/txtai/venv/lib/python3.10/site-packages/airflow/example_dags/example_sensors.py took 0.169 seconds
[2025-11-13T10:52:38.379+0530] {processor.py:161} INFO - Started process (PID=21826) to work on /home/logi/txtai/venv/lib/python3.10/site-packages/airflow/example_dags/example_sensors.py
[2025-11-13T10:52:38.381+0530] {processor.py:830} INFO - Processing file /home/logi/txtai/venv/lib/python3.10/site-packages/airflow/example_dags/example_sensors.py for tasks to queue
[2025-11-13T10:52:38.383+0530] {logging_mixin.py:188} INFO - [2025-11-13T10:52:38.383+0530] {dagbag.py:545} INFO - Filling up the DagBag from /home/logi/txtai/venv/lib/python3.10/site-packages/airflow/example_dags/example_sensors.py
[2025-11-13T10:52:38.397+0530] {processor.py:840} INFO - DAG(s) 'example_sensors' retrieved from /home/logi/txtai/venv/lib/python3.10/site-packages/airflow/example_dags/example_sensors.py
[2025-11-13T10:52:38.466+0530] {logging_mixin.py:188} INFO - [2025-11-13T10:52:38.465+0530] {dag.py:3089} INFO - Sync 1 DAGs
[2025-11-13T10:52:38.488+0530] {logging_mixin.py:188} INFO - [2025-11-13T10:52:38.487+0530] {dag.py:3947} INFO - Setting next_dagrun for example_sensors to None, run_after=None
[2025-11-13T10:52:38.523+0530] {processor.py:183} INFO - Processing /home/logi/txtai/venv/lib/python3.10/site-packages/airflow/example_dags/example_sensors.py took 0.155 seconds
[2025-11-13T10:53:09.085+0530] {processor.py:161} INFO - Started process (PID=22035) to work on /home/logi/txtai/venv/lib/python3.10/site-packages/airflow/example_dags/example_sensors.py
[2025-11-13T10:53:09.087+0530] {processor.py:830} INFO - Processing file /home/logi/txtai/venv/lib/python3.10/site-packages/airflow/example_dags/example_sensors.py for tasks to queue
[2025-11-13T10:53:09.090+0530] {logging_mixin.py:188} INFO - [2025-11-13T10:53:09.090+0530] {dagbag.py:545} INFO - Filling up the DagBag from /home/logi/txtai/venv/lib/python3.10/site-packages/airflow/example_dags/example_sensors.py
[2025-11-13T10:53:09.104+0530] {processor.py:840} INFO - DAG(s) 'example_sensors' retrieved from /home/logi/txtai/venv/lib/python3.10/site-packages/airflow/example_dags/example_sensors.py
[2025-11-13T10:53:09.170+0530] {logging_mixin.py:188} INFO - [2025-11-13T10:53:09.170+0530] {dag.py:3089} INFO - Sync 1 DAGs
[2025-11-13T10:53:09.190+0530] {logging_mixin.py:188} INFO - [2025-11-13T10:53:09.190+0530] {dag.py:3947} INFO - Setting next_dagrun for example_sensors to None, run_after=None
[2025-11-13T10:53:09.223+0530] {processor.py:183} INFO - Processing /home/logi/txtai/venv/lib/python3.10/site-packages/airflow/example_dags/example_sensors.py took 0.148 seconds
[2025-11-13T10:53:40.273+0530] {processor.py:161} INFO - Started process (PID=22267) to work on /home/logi/txtai/venv/lib/python3.10/site-packages/airflow/example_dags/example_sensors.py
[2025-11-13T10:53:40.275+0530] {processor.py:830} INFO - Processing file /home/logi/txtai/venv/lib/python3.10/site-packages/airflow/example_dags/example_sensors.py for tasks to queue
[2025-11-13T10:53:40.278+0530] {logging_mixin.py:188} INFO - [2025-11-13T10:53:40.277+0530] {dagbag.py:545} INFO - Filling up the DagBag from /home/logi/txtai/venv/lib/python3.10/site-packages/airflow/example_dags/example_sensors.py
[2025-11-13T10:53:40.291+0530] {processor.py:840} INFO - DAG(s) 'example_sensors' retrieved from /home/logi/txtai/venv/lib/python3.10/site-packages/airflow/example_dags/example_sensors.py
[2025-11-13T10:53:40.333+0530] {logging_mixin.py:188} INFO - [2025-11-13T10:53:40.333+0530] {dag.py:3089} INFO - Sync 1 DAGs
[2025-11-13T10:53:40.345+0530] {logging_mixin.py:188} INFO - [2025-11-13T10:53:40.345+0530] {dag.py:3947} INFO - Setting next_dagrun for example_sensors to None, run_after=None
[2025-11-13T10:53:40.365+0530] {processor.py:183} INFO - Processing /home/logi/txtai/venv/lib/python3.10/site-packages/airflow/example_dags/example_sensors.py took 0.102 seconds
[2025-11-13T10:54:11.778+0530] {processor.py:161} INFO - Started process (PID=22409) to work on /home/logi/txtai/venv/lib/python3.10/site-packages/airflow/example_dags/example_sensors.py
[2025-11-13T10:54:11.780+0530] {processor.py:830} INFO - Processing file /home/logi/txtai/venv/lib/python3.10/site-packages/airflow/example_dags/example_sensors.py for tasks to queue
[2025-11-13T10:54:11.785+0530] {logging_mixin.py:188} INFO - [2025-11-13T10:54:11.784+0530] {dagbag.py:545} INFO - Filling up the DagBag from /home/logi/txtai/venv/lib/python3.10/site-packages/airflow/example_dags/example_sensors.py
[2025-11-13T10:54:11.802+0530] {processor.py:840} INFO - DAG(s) 'example_sensors' retrieved from /home/logi/txtai/venv/lib/python3.10/site-packages/airflow/example_dags/example_sensors.py
[2025-11-13T10:54:11.865+0530] {logging_mixin.py:188} INFO - [2025-11-13T10:54:11.864+0530] {dag.py:3089} INFO - Sync 1 DAGs
[2025-11-13T10:54:11.887+0530] {logging_mixin.py:188} INFO - [2025-11-13T10:54:11.886+0530] {dag.py:3947} INFO - Setting next_dagrun for example_sensors to None, run_after=None
[2025-11-13T10:54:11.922+0530] {processor.py:183} INFO - Processing /home/logi/txtai/venv/lib/python3.10/site-packages/airflow/example_dags/example_sensors.py took 0.158 seconds
[2025-11-13T10:54:42.982+0530] {processor.py:161} INFO - Started process (PID=22610) to work on /home/logi/txtai/venv/lib/python3.10/site-packages/airflow/example_dags/example_sensors.py
[2025-11-13T10:54:42.984+0530] {processor.py:830} INFO - Processing file /home/logi/txtai/venv/lib/python3.10/site-packages/airflow/example_dags/example_sensors.py for tasks to queue
[2025-11-13T10:54:42.987+0530] {logging_mixin.py:188} INFO - [2025-11-13T10:54:42.987+0530] {dagbag.py:545} INFO - Filling up the DagBag from /home/logi/txtai/venv/lib/python3.10/site-packages/airflow/example_dags/example_sensors.py
[2025-11-13T10:54:43.001+0530] {processor.py:840} INFO - DAG(s) 'example_sensors' retrieved from /home/logi/txtai/venv/lib/python3.10/site-packages/airflow/example_dags/example_sensors.py
[2025-11-13T10:54:43.066+0530] {logging_mixin.py:188} INFO - [2025-11-13T10:54:43.066+0530] {dag.py:3089} INFO - Sync 1 DAGs
[2025-11-13T10:54:43.090+0530] {logging_mixin.py:188} INFO - [2025-11-13T10:54:43.090+0530] {dag.py:3947} INFO - Setting next_dagrun for example_sensors to None, run_after=None
[2025-11-13T10:54:43.126+0530] {processor.py:183} INFO - Processing /home/logi/txtai/venv/lib/python3.10/site-packages/airflow/example_dags/example_sensors.py took 0.154 seconds
[2025-11-13T10:55:14.500+0530] {processor.py:161} INFO - Started process (PID=22901) to work on /home/logi/txtai/venv/lib/python3.10/site-packages/airflow/example_dags/example_sensors.py
[2025-11-13T10:55:14.502+0530] {processor.py:830} INFO - Processing file /home/logi/txtai/venv/lib/python3.10/site-packages/airflow/example_dags/example_sensors.py for tasks to queue
[2025-11-13T10:55:14.505+0530] {logging_mixin.py:188} INFO - [2025-11-13T10:55:14.504+0530] {dagbag.py:545} INFO - Filling up the DagBag from /home/logi/txtai/venv/lib/python3.10/site-packages/airflow/example_dags/example_sensors.py
[2025-11-13T10:55:14.519+0530] {processor.py:840} INFO - DAG(s) 'example_sensors' retrieved from /home/logi/txtai/venv/lib/python3.10/site-packages/airflow/example_dags/example_sensors.py
[2025-11-13T10:55:14.582+0530] {logging_mixin.py:188} INFO - [2025-11-13T10:55:14.581+0530] {dag.py:3089} INFO - Sync 1 DAGs
[2025-11-13T10:55:14.608+0530] {logging_mixin.py:188} INFO - [2025-11-13T10:55:14.607+0530] {dag.py:3947} INFO - Setting next_dagrun for example_sensors to None, run_after=None
[2025-11-13T10:55:14.654+0530] {processor.py:183} INFO - Processing /home/logi/txtai/venv/lib/python3.10/site-packages/airflow/example_dags/example_sensors.py took 0.164 seconds
[2025-11-13T10:55:46.164+0530] {processor.py:161} INFO - Started process (PID=23334) to work on /home/logi/txtai/venv/lib/python3.10/site-packages/airflow/example_dags/example_sensors.py
[2025-11-13T10:55:46.166+0530] {processor.py:830} INFO - Processing file /home/logi/txtai/venv/lib/python3.10/site-packages/airflow/example_dags/example_sensors.py for tasks to queue
[2025-11-13T10:55:46.169+0530] {logging_mixin.py:188} INFO - [2025-11-13T10:55:46.168+0530] {dagbag.py:545} INFO - Filling up the DagBag from /home/logi/txtai/venv/lib/python3.10/site-packages/airflow/example_dags/example_sensors.py
[2025-11-13T10:55:46.182+0530] {processor.py:840} INFO - DAG(s) 'example_sensors' retrieved from /home/logi/txtai/venv/lib/python3.10/site-packages/airflow/example_dags/example_sensors.py
[2025-11-13T10:55:46.246+0530] {logging_mixin.py:188} INFO - [2025-11-13T10:55:46.246+0530] {dag.py:3089} INFO - Sync 1 DAGs
[2025-11-13T10:55:46.269+0530] {logging_mixin.py:188} INFO - [2025-11-13T10:55:46.269+0530] {dag.py:3947} INFO - Setting next_dagrun for example_sensors to None, run_after=None
[2025-11-13T10:55:46.300+0530] {processor.py:183} INFO - Processing /home/logi/txtai/venv/lib/python3.10/site-packages/airflow/example_dags/example_sensors.py took 0.149 seconds
[2025-11-13T10:56:17.258+0530] {processor.py:161} INFO - Started process (PID=23625) to work on /home/logi/txtai/venv/lib/python3.10/site-packages/airflow/example_dags/example_sensors.py
[2025-11-13T10:56:17.260+0530] {processor.py:830} INFO - Processing file /home/logi/txtai/venv/lib/python3.10/site-packages/airflow/example_dags/example_sensors.py for tasks to queue
[2025-11-13T10:56:17.263+0530] {logging_mixin.py:188} INFO - [2025-11-13T10:56:17.262+0530] {dagbag.py:545} INFO - Filling up the DagBag from /home/logi/txtai/venv/lib/python3.10/site-packages/airflow/example_dags/example_sensors.py
[2025-11-13T10:56:17.276+0530] {processor.py:840} INFO - DAG(s) 'example_sensors' retrieved from /home/logi/txtai/venv/lib/python3.10/site-packages/airflow/example_dags/example_sensors.py
[2025-11-13T10:56:17.340+0530] {logging_mixin.py:188} INFO - [2025-11-13T10:56:17.340+0530] {dag.py:3089} INFO - Sync 1 DAGs
[2025-11-13T10:56:17.364+0530] {logging_mixin.py:188} INFO - [2025-11-13T10:56:17.363+0530] {dag.py:3947} INFO - Setting next_dagrun for example_sensors to None, run_after=None
[2025-11-13T10:56:17.398+0530] {processor.py:183} INFO - Processing /home/logi/txtai/venv/lib/python3.10/site-packages/airflow/example_dags/example_sensors.py took 0.150 seconds
[2025-11-13T10:56:48.931+0530] {processor.py:161} INFO - Started process (PID=23777) to work on /home/logi/txtai/venv/lib/python3.10/site-packages/airflow/example_dags/example_sensors.py
[2025-11-13T10:56:48.933+0530] {processor.py:830} INFO - Processing file /home/logi/txtai/venv/lib/python3.10/site-packages/airflow/example_dags/example_sensors.py for tasks to queue
[2025-11-13T10:56:48.936+0530] {logging_mixin.py:188} INFO - [2025-11-13T10:56:48.935+0530] {dagbag.py:545} INFO - Filling up the DagBag from /home/logi/txtai/venv/lib/python3.10/site-packages/airflow/example_dags/example_sensors.py
[2025-11-13T10:56:48.950+0530] {processor.py:840} INFO - DAG(s) 'example_sensors' retrieved from /home/logi/txtai/venv/lib/python3.10/site-packages/airflow/example_dags/example_sensors.py
[2025-11-13T10:56:49.017+0530] {logging_mixin.py:188} INFO - [2025-11-13T10:56:49.017+0530] {dag.py:3089} INFO - Sync 1 DAGs
[2025-11-13T10:56:49.041+0530] {logging_mixin.py:188} INFO - [2025-11-13T10:56:49.041+0530] {dag.py:3947} INFO - Setting next_dagrun for example_sensors to None, run_after=None
[2025-11-13T10:56:49.075+0530] {processor.py:183} INFO - Processing /home/logi/txtai/venv/lib/python3.10/site-packages/airflow/example_dags/example_sensors.py took 0.155 seconds
[2025-11-13T10:57:19.389+0530] {processor.py:161} INFO - Started process (PID=23919) to work on /home/logi/txtai/venv/lib/python3.10/site-packages/airflow/example_dags/example_sensors.py
[2025-11-13T10:57:19.391+0530] {processor.py:830} INFO - Processing file /home/logi/txtai/venv/lib/python3.10/site-packages/airflow/example_dags/example_sensors.py for tasks to queue
[2025-11-13T10:57:19.394+0530] {logging_mixin.py:188} INFO - [2025-11-13T10:57:19.393+0530] {dagbag.py:545} INFO - Filling up the DagBag from /home/logi/txtai/venv/lib/python3.10/site-packages/airflow/example_dags/example_sensors.py
[2025-11-13T10:57:19.408+0530] {processor.py:840} INFO - DAG(s) 'example_sensors' retrieved from /home/logi/txtai/venv/lib/python3.10/site-packages/airflow/example_dags/example_sensors.py
[2025-11-13T10:57:19.466+0530] {logging_mixin.py:188} INFO - [2025-11-13T10:57:19.465+0530] {dag.py:3089} INFO - Sync 1 DAGs
[2025-11-13T10:57:19.488+0530] {logging_mixin.py:188} INFO - [2025-11-13T10:57:19.488+0530] {dag.py:3947} INFO - Setting next_dagrun for example_sensors to None, run_after=None
[2025-11-13T10:57:19.519+0530] {processor.py:183} INFO - Processing /home/logi/txtai/venv/lib/python3.10/site-packages/airflow/example_dags/example_sensors.py took 0.140 seconds
[2025-11-13T10:57:50.698+0530] {processor.py:161} INFO - Started process (PID=24063) to work on /home/logi/txtai/venv/lib/python3.10/site-packages/airflow/example_dags/example_sensors.py
[2025-11-13T10:57:50.700+0530] {processor.py:830} INFO - Processing file /home/logi/txtai/venv/lib/python3.10/site-packages/airflow/example_dags/example_sensors.py for tasks to queue
[2025-11-13T10:57:50.702+0530] {logging_mixin.py:188} INFO - [2025-11-13T10:57:50.702+0530] {dagbag.py:545} INFO - Filling up the DagBag from /home/logi/txtai/venv/lib/python3.10/site-packages/airflow/example_dags/example_sensors.py
[2025-11-13T10:57:50.717+0530] {processor.py:840} INFO - DAG(s) 'example_sensors' retrieved from /home/logi/txtai/venv/lib/python3.10/site-packages/airflow/example_dags/example_sensors.py
[2025-11-13T10:57:50.778+0530] {logging_mixin.py:188} INFO - [2025-11-13T10:57:50.778+0530] {dag.py:3089} INFO - Sync 1 DAGs
[2025-11-13T10:57:50.802+0530] {logging_mixin.py:188} INFO - [2025-11-13T10:57:50.801+0530] {dag.py:3947} INFO - Setting next_dagrun for example_sensors to None, run_after=None
[2025-11-13T10:57:50.847+0530] {processor.py:183} INFO - Processing /home/logi/txtai/venv/lib/python3.10/site-packages/airflow/example_dags/example_sensors.py took 0.160 seconds
[2025-11-13T10:58:22.001+0530] {processor.py:161} INFO - Started process (PID=24206) to work on /home/logi/txtai/venv/lib/python3.10/site-packages/airflow/example_dags/example_sensors.py
[2025-11-13T10:58:22.002+0530] {processor.py:830} INFO - Processing file /home/logi/txtai/venv/lib/python3.10/site-packages/airflow/example_dags/example_sensors.py for tasks to queue
[2025-11-13T10:58:22.003+0530] {logging_mixin.py:188} INFO - [2025-11-13T10:58:22.003+0530] {dagbag.py:545} INFO - Filling up the DagBag from /home/logi/txtai/venv/lib/python3.10/site-packages/airflow/example_dags/example_sensors.py
[2025-11-13T10:58:22.010+0530] {processor.py:840} INFO - DAG(s) 'example_sensors' retrieved from /home/logi/txtai/venv/lib/python3.10/site-packages/airflow/example_dags/example_sensors.py
[2025-11-13T10:58:22.051+0530] {logging_mixin.py:188} INFO - [2025-11-13T10:58:22.051+0530] {dag.py:3089} INFO - Sync 1 DAGs
[2025-11-13T10:58:22.062+0530] {logging_mixin.py:188} INFO - [2025-11-13T10:58:22.061+0530] {dag.py:3947} INFO - Setting next_dagrun for example_sensors to None, run_after=None
[2025-11-13T10:58:22.080+0530] {processor.py:183} INFO - Processing /home/logi/txtai/venv/lib/python3.10/site-packages/airflow/example_dags/example_sensors.py took 0.085 seconds
[2025-11-13T10:58:53.709+0530] {processor.py:161} INFO - Started process (PID=24346) to work on /home/logi/txtai/venv/lib/python3.10/site-packages/airflow/example_dags/example_sensors.py
[2025-11-13T10:58:53.711+0530] {processor.py:830} INFO - Processing file /home/logi/txtai/venv/lib/python3.10/site-packages/airflow/example_dags/example_sensors.py for tasks to queue
[2025-11-13T10:58:53.714+0530] {logging_mixin.py:188} INFO - [2025-11-13T10:58:53.714+0530] {dagbag.py:545} INFO - Filling up the DagBag from /home/logi/txtai/venv/lib/python3.10/site-packages/airflow/example_dags/example_sensors.py
[2025-11-13T10:58:53.728+0530] {processor.py:840} INFO - DAG(s) 'example_sensors' retrieved from /home/logi/txtai/venv/lib/python3.10/site-packages/airflow/example_dags/example_sensors.py
[2025-11-13T10:58:53.779+0530] {logging_mixin.py:188} INFO - [2025-11-13T10:58:53.779+0530] {dag.py:3089} INFO - Sync 1 DAGs
[2025-11-13T10:58:53.795+0530] {logging_mixin.py:188} INFO - [2025-11-13T10:58:53.795+0530] {dag.py:3947} INFO - Setting next_dagrun for example_sensors to None, run_after=None
[2025-11-13T10:58:53.818+0530] {processor.py:183} INFO - Processing /home/logi/txtai/venv/lib/python3.10/site-packages/airflow/example_dags/example_sensors.py took 0.120 seconds
[2025-11-13T10:59:25.002+0530] {processor.py:161} INFO - Started process (PID=24550) to work on /home/logi/txtai/venv/lib/python3.10/site-packages/airflow/example_dags/example_sensors.py
[2025-11-13T10:59:25.004+0530] {processor.py:830} INFO - Processing file /home/logi/txtai/venv/lib/python3.10/site-packages/airflow/example_dags/example_sensors.py for tasks to queue
[2025-11-13T10:59:25.007+0530] {logging_mixin.py:188} INFO - [2025-11-13T10:59:25.006+0530] {dagbag.py:545} INFO - Filling up the DagBag from /home/logi/txtai/venv/lib/python3.10/site-packages/airflow/example_dags/example_sensors.py
[2025-11-13T10:59:25.021+0530] {processor.py:840} INFO - DAG(s) 'example_sensors' retrieved from /home/logi/txtai/venv/lib/python3.10/site-packages/airflow/example_dags/example_sensors.py
[2025-11-13T10:59:25.090+0530] {logging_mixin.py:188} INFO - [2025-11-13T10:59:25.089+0530] {dag.py:3089} INFO - Sync 1 DAGs
[2025-11-13T10:59:25.112+0530] {logging_mixin.py:188} INFO - [2025-11-13T10:59:25.111+0530] {dag.py:3947} INFO - Setting next_dagrun for example_sensors to None, run_after=None
[2025-11-13T10:59:25.154+0530] {processor.py:183} INFO - Processing /home/logi/txtai/venv/lib/python3.10/site-packages/airflow/example_dags/example_sensors.py took 0.162 seconds
[2025-11-13T10:59:56.179+0530] {processor.py:161} INFO - Started process (PID=24707) to work on /home/logi/txtai/venv/lib/python3.10/site-packages/airflow/example_dags/example_sensors.py
[2025-11-13T10:59:56.181+0530] {processor.py:830} INFO - Processing file /home/logi/txtai/venv/lib/python3.10/site-packages/airflow/example_dags/example_sensors.py for tasks to queue
[2025-11-13T10:59:56.183+0530] {logging_mixin.py:188} INFO - [2025-11-13T10:59:56.183+0530] {dagbag.py:545} INFO - Filling up the DagBag from /home/logi/txtai/venv/lib/python3.10/site-packages/airflow/example_dags/example_sensors.py
[2025-11-13T10:59:56.198+0530] {processor.py:840} INFO - DAG(s) 'example_sensors' retrieved from /home/logi/txtai/venv/lib/python3.10/site-packages/airflow/example_dags/example_sensors.py
[2025-11-13T10:59:56.264+0530] {logging_mixin.py:188} INFO - [2025-11-13T10:59:56.264+0530] {dag.py:3089} INFO - Sync 1 DAGs
[2025-11-13T10:59:56.287+0530] {logging_mixin.py:188} INFO - [2025-11-13T10:59:56.287+0530] {dag.py:3947} INFO - Setting next_dagrun for example_sensors to None, run_after=None
[2025-11-13T10:59:56.325+0530] {processor.py:183} INFO - Processing /home/logi/txtai/venv/lib/python3.10/site-packages/airflow/example_dags/example_sensors.py took 0.156 seconds
[2025-11-13T11:00:26.767+0530] {processor.py:161} INFO - Started process (PID=25177) to work on /home/logi/txtai/venv/lib/python3.10/site-packages/airflow/example_dags/example_sensors.py
[2025-11-13T11:00:26.769+0530] {processor.py:830} INFO - Processing file /home/logi/txtai/venv/lib/python3.10/site-packages/airflow/example_dags/example_sensors.py for tasks to queue
[2025-11-13T11:00:26.771+0530] {logging_mixin.py:188} INFO - [2025-11-13T11:00:26.771+0530] {dagbag.py:545} INFO - Filling up the DagBag from /home/logi/txtai/venv/lib/python3.10/site-packages/airflow/example_dags/example_sensors.py
[2025-11-13T11:00:26.788+0530] {processor.py:840} INFO - DAG(s) 'example_sensors' retrieved from /home/logi/txtai/venv/lib/python3.10/site-packages/airflow/example_dags/example_sensors.py
[2025-11-13T11:00:26.830+0530] {logging_mixin.py:188} INFO - [2025-11-13T11:00:26.830+0530] {dag.py:3089} INFO - Sync 1 DAGs
[2025-11-13T11:00:26.845+0530] {logging_mixin.py:188} INFO - [2025-11-13T11:00:26.845+0530] {dag.py:3947} INFO - Setting next_dagrun for example_sensors to None, run_after=None
[2025-11-13T11:00:26.865+0530] {processor.py:183} INFO - Processing /home/logi/txtai/venv/lib/python3.10/site-packages/airflow/example_dags/example_sensors.py took 0.104 seconds
[2025-11-13T11:00:58.413+0530] {processor.py:161} INFO - Started process (PID=25595) to work on /home/logi/txtai/venv/lib/python3.10/site-packages/airflow/example_dags/example_sensors.py
[2025-11-13T11:00:58.415+0530] {processor.py:830} INFO - Processing file /home/logi/txtai/venv/lib/python3.10/site-packages/airflow/example_dags/example_sensors.py for tasks to queue
[2025-11-13T11:00:58.418+0530] {logging_mixin.py:188} INFO - [2025-11-13T11:00:58.417+0530] {dagbag.py:545} INFO - Filling up the DagBag from /home/logi/txtai/venv/lib/python3.10/site-packages/airflow/example_dags/example_sensors.py
[2025-11-13T11:00:58.432+0530] {processor.py:840} INFO - DAG(s) 'example_sensors' retrieved from /home/logi/txtai/venv/lib/python3.10/site-packages/airflow/example_dags/example_sensors.py
[2025-11-13T11:00:58.500+0530] {logging_mixin.py:188} INFO - [2025-11-13T11:00:58.499+0530] {dag.py:3089} INFO - Sync 1 DAGs
[2025-11-13T11:00:58.526+0530] {logging_mixin.py:188} INFO - [2025-11-13T11:00:58.525+0530] {dag.py:3947} INFO - Setting next_dagrun for example_sensors to None, run_after=None
[2025-11-13T11:00:58.563+0530] {processor.py:183} INFO - Processing /home/logi/txtai/venv/lib/python3.10/site-packages/airflow/example_dags/example_sensors.py took 0.161 seconds
[2025-11-13T11:01:29.809+0530] {processor.py:161} INFO - Started process (PID=25738) to work on /home/logi/txtai/venv/lib/python3.10/site-packages/airflow/example_dags/example_sensors.py
[2025-11-13T11:01:29.811+0530] {processor.py:830} INFO - Processing file /home/logi/txtai/venv/lib/python3.10/site-packages/airflow/example_dags/example_sensors.py for tasks to queue
[2025-11-13T11:01:29.814+0530] {logging_mixin.py:188} INFO - [2025-11-13T11:01:29.813+0530] {dagbag.py:545} INFO - Filling up the DagBag from /home/logi/txtai/venv/lib/python3.10/site-packages/airflow/example_dags/example_sensors.py
[2025-11-13T11:01:29.828+0530] {processor.py:840} INFO - DAG(s) 'example_sensors' retrieved from /home/logi/txtai/venv/lib/python3.10/site-packages/airflow/example_dags/example_sensors.py
[2025-11-13T11:01:29.883+0530] {logging_mixin.py:188} INFO - [2025-11-13T11:01:29.883+0530] {dag.py:3089} INFO - Sync 1 DAGs
[2025-11-13T11:01:29.905+0530] {logging_mixin.py:188} INFO - [2025-11-13T11:01:29.904+0530] {dag.py:3947} INFO - Setting next_dagrun for example_sensors to None, run_after=None
[2025-11-13T11:01:29.948+0530] {processor.py:183} INFO - Processing /home/logi/txtai/venv/lib/python3.10/site-packages/airflow/example_dags/example_sensors.py took 0.151 seconds
[2025-11-13T11:02:00.683+0530] {processor.py:161} INFO - Started process (PID=25893) to work on /home/logi/txtai/venv/lib/python3.10/site-packages/airflow/example_dags/example_sensors.py
[2025-11-13T11:02:00.685+0530] {processor.py:830} INFO - Processing file /home/logi/txtai/venv/lib/python3.10/site-packages/airflow/example_dags/example_sensors.py for tasks to queue
[2025-11-13T11:02:00.688+0530] {logging_mixin.py:188} INFO - [2025-11-13T11:02:00.688+0530] {dagbag.py:545} INFO - Filling up the DagBag from /home/logi/txtai/venv/lib/python3.10/site-packages/airflow/example_dags/example_sensors.py
[2025-11-13T11:02:00.703+0530] {processor.py:840} INFO - DAG(s) 'example_sensors' retrieved from /home/logi/txtai/venv/lib/python3.10/site-packages/airflow/example_dags/example_sensors.py
[2025-11-13T11:02:00.776+0530] {logging_mixin.py:188} INFO - [2025-11-13T11:02:00.776+0530] {dag.py:3089} INFO - Sync 1 DAGs
[2025-11-13T11:02:00.800+0530] {logging_mixin.py:188} INFO - [2025-11-13T11:02:00.800+0530] {dag.py:3947} INFO - Setting next_dagrun for example_sensors to None, run_after=None
[2025-11-13T11:02:00.838+0530] {processor.py:183} INFO - Processing /home/logi/txtai/venv/lib/python3.10/site-packages/airflow/example_dags/example_sensors.py took 0.169 seconds
[2025-11-13T11:02:31.062+0530] {processor.py:161} INFO - Started process (PID=26063) to work on /home/logi/txtai/venv/lib/python3.10/site-packages/airflow/example_dags/example_sensors.py
[2025-11-13T11:02:31.064+0530] {processor.py:830} INFO - Processing file /home/logi/txtai/venv/lib/python3.10/site-packages/airflow/example_dags/example_sensors.py for tasks to queue
[2025-11-13T11:02:31.065+0530] {logging_mixin.py:188} INFO - [2025-11-13T11:02:31.065+0530] {dagbag.py:545} INFO - Filling up the DagBag from /home/logi/txtai/venv/lib/python3.10/site-packages/airflow/example_dags/example_sensors.py
[2025-11-13T11:02:31.072+0530] {processor.py:840} INFO - DAG(s) 'example_sensors' retrieved from /home/logi/txtai/venv/lib/python3.10/site-packages/airflow/example_dags/example_sensors.py
[2025-11-13T11:02:31.112+0530] {logging_mixin.py:188} INFO - [2025-11-13T11:02:31.112+0530] {dag.py:3089} INFO - Sync 1 DAGs
[2025-11-13T11:02:31.126+0530] {logging_mixin.py:188} INFO - [2025-11-13T11:02:31.126+0530] {dag.py:3947} INFO - Setting next_dagrun for example_sensors to None, run_after=None
[2025-11-13T11:02:31.148+0530] {processor.py:183} INFO - Processing /home/logi/txtai/venv/lib/python3.10/site-packages/airflow/example_dags/example_sensors.py took 0.092 seconds
[2025-11-13T11:03:01.987+0530] {processor.py:161} INFO - Started process (PID=26225) to work on /home/logi/txtai/venv/lib/python3.10/site-packages/airflow/example_dags/example_sensors.py
[2025-11-13T11:03:01.989+0530] {processor.py:830} INFO - Processing file /home/logi/txtai/venv/lib/python3.10/site-packages/airflow/example_dags/example_sensors.py for tasks to queue
[2025-11-13T11:03:01.991+0530] {logging_mixin.py:188} INFO - [2025-11-13T11:03:01.991+0530] {dagbag.py:545} INFO - Filling up the DagBag from /home/logi/txtai/venv/lib/python3.10/site-packages/airflow/example_dags/example_sensors.py
[2025-11-13T11:03:02.003+0530] {processor.py:840} INFO - DAG(s) 'example_sensors' retrieved from /home/logi/txtai/venv/lib/python3.10/site-packages/airflow/example_dags/example_sensors.py
[2025-11-13T11:03:02.045+0530] {logging_mixin.py:188} INFO - [2025-11-13T11:03:02.045+0530] {dag.py:3089} INFO - Sync 1 DAGs
[2025-11-13T11:03:02.060+0530] {logging_mixin.py:188} INFO - [2025-11-13T11:03:02.059+0530] {dag.py:3947} INFO - Setting next_dagrun for example_sensors to None, run_after=None
[2025-11-13T11:03:02.086+0530] {processor.py:183} INFO - Processing /home/logi/txtai/venv/lib/python3.10/site-packages/airflow/example_dags/example_sensors.py took 0.109 seconds
[2025-11-13T11:03:32.391+0530] {processor.py:161} INFO - Started process (PID=26356) to work on /home/logi/txtai/venv/lib/python3.10/site-packages/airflow/example_dags/example_sensors.py
[2025-11-13T11:03:32.393+0530] {processor.py:830} INFO - Processing file /home/logi/txtai/venv/lib/python3.10/site-packages/airflow/example_dags/example_sensors.py for tasks to queue
[2025-11-13T11:03:32.396+0530] {logging_mixin.py:188} INFO - [2025-11-13T11:03:32.396+0530] {dagbag.py:545} INFO - Filling up the DagBag from /home/logi/txtai/venv/lib/python3.10/site-packages/airflow/example_dags/example_sensors.py
[2025-11-13T11:03:32.417+0530] {processor.py:840} INFO - DAG(s) 'example_sensors' retrieved from /home/logi/txtai/venv/lib/python3.10/site-packages/airflow/example_dags/example_sensors.py
[2025-11-13T11:03:32.471+0530] {logging_mixin.py:188} INFO - [2025-11-13T11:03:32.471+0530] {dag.py:3089} INFO - Sync 1 DAGs
[2025-11-13T11:03:32.486+0530] {logging_mixin.py:188} INFO - [2025-11-13T11:03:32.485+0530] {dag.py:3947} INFO - Setting next_dagrun for example_sensors to None, run_after=None
[2025-11-13T11:03:32.510+0530] {processor.py:183} INFO - Processing /home/logi/txtai/venv/lib/python3.10/site-packages/airflow/example_dags/example_sensors.py took 0.131 seconds
[2025-11-13T11:04:02.734+0530] {processor.py:161} INFO - Started process (PID=26486) to work on /home/logi/txtai/venv/lib/python3.10/site-packages/airflow/example_dags/example_sensors.py
[2025-11-13T11:04:02.736+0530] {processor.py:830} INFO - Processing file /home/logi/txtai/venv/lib/python3.10/site-packages/airflow/example_dags/example_sensors.py for tasks to queue
[2025-11-13T11:04:02.739+0530] {logging_mixin.py:188} INFO - [2025-11-13T11:04:02.739+0530] {dagbag.py:545} INFO - Filling up the DagBag from /home/logi/txtai/venv/lib/python3.10/site-packages/airflow/example_dags/example_sensors.py
[2025-11-13T11:04:02.751+0530] {processor.py:840} INFO - DAG(s) 'example_sensors' retrieved from /home/logi/txtai/venv/lib/python3.10/site-packages/airflow/example_dags/example_sensors.py
[2025-11-13T11:04:02.815+0530] {logging_mixin.py:188} INFO - [2025-11-13T11:04:02.815+0530] {dag.py:3089} INFO - Sync 1 DAGs
[2025-11-13T11:04:02.839+0530] {logging_mixin.py:188} INFO - [2025-11-13T11:04:02.838+0530] {dag.py:3947} INFO - Setting next_dagrun for example_sensors to None, run_after=None
[2025-11-13T11:04:02.879+0530] {processor.py:183} INFO - Processing /home/logi/txtai/venv/lib/python3.10/site-packages/airflow/example_dags/example_sensors.py took 0.158 seconds
[2025-11-13T11:04:33.219+0530] {processor.py:161} INFO - Started process (PID=26628) to work on /home/logi/txtai/venv/lib/python3.10/site-packages/airflow/example_dags/example_sensors.py
[2025-11-13T11:04:33.221+0530] {processor.py:830} INFO - Processing file /home/logi/txtai/venv/lib/python3.10/site-packages/airflow/example_dags/example_sensors.py for tasks to queue
[2025-11-13T11:04:33.224+0530] {logging_mixin.py:188} INFO - [2025-11-13T11:04:33.224+0530] {dagbag.py:545} INFO - Filling up the DagBag from /home/logi/txtai/venv/lib/python3.10/site-packages/airflow/example_dags/example_sensors.py
[2025-11-13T11:04:33.242+0530] {processor.py:840} INFO - DAG(s) 'example_sensors' retrieved from /home/logi/txtai/venv/lib/python3.10/site-packages/airflow/example_dags/example_sensors.py
[2025-11-13T11:04:33.317+0530] {logging_mixin.py:188} INFO - [2025-11-13T11:04:33.317+0530] {dag.py:3089} INFO - Sync 1 DAGs
[2025-11-13T11:04:33.344+0530] {logging_mixin.py:188} INFO - [2025-11-13T11:04:33.344+0530] {dag.py:3947} INFO - Setting next_dagrun for example_sensors to None, run_after=None
[2025-11-13T11:04:33.386+0530] {processor.py:183} INFO - Processing /home/logi/txtai/venv/lib/python3.10/site-packages/airflow/example_dags/example_sensors.py took 0.179 seconds
[2025-11-13T11:05:03.595+0530] {processor.py:161} INFO - Started process (PID=26772) to work on /home/logi/txtai/venv/lib/python3.10/site-packages/airflow/example_dags/example_sensors.py
[2025-11-13T11:05:03.597+0530] {processor.py:830} INFO - Processing file /home/logi/txtai/venv/lib/python3.10/site-packages/airflow/example_dags/example_sensors.py for tasks to queue
[2025-11-13T11:05:03.600+0530] {logging_mixin.py:188} INFO - [2025-11-13T11:05:03.599+0530] {dagbag.py:545} INFO - Filling up the DagBag from /home/logi/txtai/venv/lib/python3.10/site-packages/airflow/example_dags/example_sensors.py
[2025-11-13T11:05:03.612+0530] {processor.py:840} INFO - DAG(s) 'example_sensors' retrieved from /home/logi/txtai/venv/lib/python3.10/site-packages/airflow/example_dags/example_sensors.py
[2025-11-13T11:05:03.684+0530] {logging_mixin.py:188} INFO - [2025-11-13T11:05:03.683+0530] {dag.py:3089} INFO - Sync 1 DAGs
[2025-11-13T11:05:03.715+0530] {logging_mixin.py:188} INFO - [2025-11-13T11:05:03.714+0530] {dag.py:3947} INFO - Setting next_dagrun for example_sensors to None, run_after=None
[2025-11-13T11:05:03.756+0530] {processor.py:183} INFO - Processing /home/logi/txtai/venv/lib/python3.10/site-packages/airflow/example_dags/example_sensors.py took 0.173 seconds
[2025-11-13T17:54:01.691+0530] {processor.py:161} INFO - Started process (PID=31041) to work on /home/logi/txtai/venv/lib/python3.10/site-packages/airflow/example_dags/example_sensors.py
[2025-11-13T17:54:01.694+0530] {processor.py:830} INFO - Processing file /home/logi/txtai/venv/lib/python3.10/site-packages/airflow/example_dags/example_sensors.py for tasks to queue
[2025-11-13T17:54:01.695+0530] {logging_mixin.py:188} INFO - [2025-11-13T17:54:01.695+0530] {dagbag.py:545} INFO - Filling up the DagBag from /home/logi/txtai/venv/lib/python3.10/site-packages/airflow/example_dags/example_sensors.py
[2025-11-13T17:54:01.715+0530] {processor.py:840} INFO - DAG(s) 'example_sensors' retrieved from /home/logi/txtai/venv/lib/python3.10/site-packages/airflow/example_dags/example_sensors.py
[2025-11-13T17:54:01.773+0530] {logging_mixin.py:188} INFO - [2025-11-13T17:54:01.772+0530] {dag.py:3089} INFO - Sync 1 DAGs
[2025-11-13T17:54:01.796+0530] {logging_mixin.py:188} INFO - [2025-11-13T17:54:01.795+0530] {dag.py:3947} INFO - Setting next_dagrun for example_sensors to None, run_after=None
[2025-11-13T17:54:01.844+0530] {processor.py:183} INFO - Processing /home/logi/txtai/venv/lib/python3.10/site-packages/airflow/example_dags/example_sensors.py took 0.175 seconds
[2025-11-13T17:56:10.417+0530] {processor.py:161} INFO - Started process (PID=32341) to work on /home/logi/txtai/venv/lib/python3.10/site-packages/airflow/example_dags/example_sensors.py
[2025-11-13T17:56:10.419+0530] {processor.py:830} INFO - Processing file /home/logi/txtai/venv/lib/python3.10/site-packages/airflow/example_dags/example_sensors.py for tasks to queue
[2025-11-13T17:56:10.421+0530] {logging_mixin.py:188} INFO - [2025-11-13T17:56:10.421+0530] {dagbag.py:545} INFO - Filling up the DagBag from /home/logi/txtai/venv/lib/python3.10/site-packages/airflow/example_dags/example_sensors.py
[2025-11-13T17:56:10.435+0530] {processor.py:840} INFO - DAG(s) 'example_sensors' retrieved from /home/logi/txtai/venv/lib/python3.10/site-packages/airflow/example_dags/example_sensors.py
[2025-11-13T17:56:10.502+0530] {logging_mixin.py:188} INFO - [2025-11-13T17:56:10.502+0530] {dag.py:3089} INFO - Sync 1 DAGs
[2025-11-13T17:56:10.524+0530] {logging_mixin.py:188} INFO - [2025-11-13T17:56:10.524+0530] {dag.py:3947} INFO - Setting next_dagrun for example_sensors to None, run_after=None
[2025-11-13T17:56:10.553+0530] {processor.py:183} INFO - Processing /home/logi/txtai/venv/lib/python3.10/site-packages/airflow/example_dags/example_sensors.py took 0.147 seconds
[2025-11-13T17:56:41.904+0530] {processor.py:161} INFO - Started process (PID=33022) to work on /home/logi/txtai/venv/lib/python3.10/site-packages/airflow/example_dags/example_sensors.py
[2025-11-13T17:56:41.906+0530] {processor.py:830} INFO - Processing file /home/logi/txtai/venv/lib/python3.10/site-packages/airflow/example_dags/example_sensors.py for tasks to queue
[2025-11-13T17:56:41.908+0530] {logging_mixin.py:188} INFO - [2025-11-13T17:56:41.907+0530] {dagbag.py:545} INFO - Filling up the DagBag from /home/logi/txtai/venv/lib/python3.10/site-packages/airflow/example_dags/example_sensors.py
[2025-11-13T17:56:41.920+0530] {processor.py:840} INFO - DAG(s) 'example_sensors' retrieved from /home/logi/txtai/venv/lib/python3.10/site-packages/airflow/example_dags/example_sensors.py
[2025-11-13T17:56:41.959+0530] {logging_mixin.py:188} INFO - [2025-11-13T17:56:41.959+0530] {dag.py:3089} INFO - Sync 1 DAGs
[2025-11-13T17:56:41.972+0530] {logging_mixin.py:188} INFO - [2025-11-13T17:56:41.972+0530] {dag.py:3947} INFO - Setting next_dagrun for example_sensors to None, run_after=None
[2025-11-13T17:56:42.000+0530] {processor.py:183} INFO - Processing /home/logi/txtai/venv/lib/python3.10/site-packages/airflow/example_dags/example_sensors.py took 0.104 seconds
[2025-11-13T17:57:12.402+0530] {processor.py:161} INFO - Started process (PID=33766) to work on /home/logi/txtai/venv/lib/python3.10/site-packages/airflow/example_dags/example_sensors.py
[2025-11-13T17:57:12.404+0530] {processor.py:830} INFO - Processing file /home/logi/txtai/venv/lib/python3.10/site-packages/airflow/example_dags/example_sensors.py for tasks to queue
[2025-11-13T17:57:12.406+0530] {logging_mixin.py:188} INFO - [2025-11-13T17:57:12.406+0530] {dagbag.py:545} INFO - Filling up the DagBag from /home/logi/txtai/venv/lib/python3.10/site-packages/airflow/example_dags/example_sensors.py
[2025-11-13T17:57:12.431+0530] {processor.py:840} INFO - DAG(s) 'example_sensors' retrieved from /home/logi/txtai/venv/lib/python3.10/site-packages/airflow/example_dags/example_sensors.py
[2025-11-13T17:57:12.473+0530] {logging_mixin.py:188} INFO - [2025-11-13T17:57:12.472+0530] {dag.py:3089} INFO - Sync 1 DAGs
[2025-11-13T17:57:12.487+0530] {logging_mixin.py:188} INFO - [2025-11-13T17:57:12.487+0530] {dag.py:3947} INFO - Setting next_dagrun for example_sensors to None, run_after=None
[2025-11-13T17:57:12.510+0530] {processor.py:183} INFO - Processing /home/logi/txtai/venv/lib/python3.10/site-packages/airflow/example_dags/example_sensors.py took 0.123 seconds
[2025-11-13T17:57:43.189+0530] {processor.py:161} INFO - Started process (PID=34158) to work on /home/logi/txtai/venv/lib/python3.10/site-packages/airflow/example_dags/example_sensors.py
[2025-11-13T17:57:43.191+0530] {processor.py:830} INFO - Processing file /home/logi/txtai/venv/lib/python3.10/site-packages/airflow/example_dags/example_sensors.py for tasks to queue
[2025-11-13T17:57:43.193+0530] {logging_mixin.py:188} INFO - [2025-11-13T17:57:43.193+0530] {dagbag.py:545} INFO - Filling up the DagBag from /home/logi/txtai/venv/lib/python3.10/site-packages/airflow/example_dags/example_sensors.py
[2025-11-13T17:57:43.208+0530] {processor.py:840} INFO - DAG(s) 'example_sensors' retrieved from /home/logi/txtai/venv/lib/python3.10/site-packages/airflow/example_dags/example_sensors.py
[2025-11-13T17:57:43.275+0530] {logging_mixin.py:188} INFO - [2025-11-13T17:57:43.274+0530] {dag.py:3089} INFO - Sync 1 DAGs
[2025-11-13T17:57:43.299+0530] {logging_mixin.py:188} INFO - [2025-11-13T17:57:43.298+0530] {dag.py:3947} INFO - Setting next_dagrun for example_sensors to None, run_after=None
[2025-11-13T17:57:43.335+0530] {processor.py:183} INFO - Processing /home/logi/txtai/venv/lib/python3.10/site-packages/airflow/example_dags/example_sensors.py took 0.157 seconds
[2025-11-13T17:58:15.057+0530] {processor.py:161} INFO - Started process (PID=34789) to work on /home/logi/txtai/venv/lib/python3.10/site-packages/airflow/example_dags/example_sensors.py
[2025-11-13T17:58:15.059+0530] {processor.py:830} INFO - Processing file /home/logi/txtai/venv/lib/python3.10/site-packages/airflow/example_dags/example_sensors.py for tasks to queue
[2025-11-13T17:58:15.061+0530] {logging_mixin.py:188} INFO - [2025-11-13T17:58:15.061+0530] {dagbag.py:545} INFO - Filling up the DagBag from /home/logi/txtai/venv/lib/python3.10/site-packages/airflow/example_dags/example_sensors.py
[2025-11-13T17:58:15.076+0530] {processor.py:840} INFO - DAG(s) 'example_sensors' retrieved from /home/logi/txtai/venv/lib/python3.10/site-packages/airflow/example_dags/example_sensors.py
[2025-11-13T17:58:15.144+0530] {logging_mixin.py:188} INFO - [2025-11-13T17:58:15.144+0530] {dag.py:3089} INFO - Sync 1 DAGs
[2025-11-13T17:58:15.163+0530] {logging_mixin.py:188} INFO - [2025-11-13T17:58:15.163+0530] {dag.py:3947} INFO - Setting next_dagrun for example_sensors to None, run_after=None
[2025-11-13T17:58:15.197+0530] {processor.py:183} INFO - Processing /home/logi/txtai/venv/lib/python3.10/site-packages/airflow/example_dags/example_sensors.py took 0.152 seconds
[2025-11-13T23:22:12.670+0530] {processor.py:161} INFO - Started process (PID=5826) to work on /home/logi/txtai/venv/lib/python3.10/site-packages/airflow/example_dags/example_sensors.py
[2025-11-13T23:22:12.673+0530] {processor.py:830} INFO - Processing file /home/logi/txtai/venv/lib/python3.10/site-packages/airflow/example_dags/example_sensors.py for tasks to queue
[2025-11-13T23:22:12.676+0530] {logging_mixin.py:188} INFO - [2025-11-13T23:22:12.675+0530] {dagbag.py:545} INFO - Filling up the DagBag from /home/logi/txtai/venv/lib/python3.10/site-packages/airflow/example_dags/example_sensors.py
[2025-11-13T23:22:12.691+0530] {processor.py:840} INFO - DAG(s) 'example_sensors' retrieved from /home/logi/txtai/venv/lib/python3.10/site-packages/airflow/example_dags/example_sensors.py
[2025-11-13T23:22:12.743+0530] {logging_mixin.py:188} INFO - [2025-11-13T23:22:12.743+0530] {dag.py:3089} INFO - Sync 1 DAGs
[2025-11-13T23:22:12.759+0530] {logging_mixin.py:188} INFO - [2025-11-13T23:22:12.758+0530] {dag.py:3947} INFO - Setting next_dagrun for example_sensors to None, run_after=None
[2025-11-13T23:22:12.784+0530] {processor.py:183} INFO - Processing /home/logi/txtai/venv/lib/python3.10/site-packages/airflow/example_dags/example_sensors.py took 0.129 seconds
[2025-11-13T23:22:43.679+0530] {processor.py:161} INFO - Started process (PID=6569) to work on /home/logi/txtai/venv/lib/python3.10/site-packages/airflow/example_dags/example_sensors.py
[2025-11-13T23:22:43.681+0530] {processor.py:830} INFO - Processing file /home/logi/txtai/venv/lib/python3.10/site-packages/airflow/example_dags/example_sensors.py for tasks to queue
[2025-11-13T23:22:43.683+0530] {logging_mixin.py:188} INFO - [2025-11-13T23:22:43.683+0530] {dagbag.py:545} INFO - Filling up the DagBag from /home/logi/txtai/venv/lib/python3.10/site-packages/airflow/example_dags/example_sensors.py
[2025-11-13T23:22:43.694+0530] {processor.py:840} INFO - DAG(s) 'example_sensors' retrieved from /home/logi/txtai/venv/lib/python3.10/site-packages/airflow/example_dags/example_sensors.py
[2025-11-13T23:22:43.733+0530] {logging_mixin.py:188} INFO - [2025-11-13T23:22:43.733+0530] {dag.py:3089} INFO - Sync 1 DAGs
[2025-11-13T23:22:43.747+0530] {logging_mixin.py:188} INFO - [2025-11-13T23:22:43.747+0530] {dag.py:3947} INFO - Setting next_dagrun for example_sensors to None, run_after=None
[2025-11-13T23:22:43.768+0530] {processor.py:183} INFO - Processing /home/logi/txtai/venv/lib/python3.10/site-packages/airflow/example_dags/example_sensors.py took 0.096 seconds
[2025-11-13T23:23:14.995+0530] {processor.py:161} INFO - Started process (PID=7243) to work on /home/logi/txtai/venv/lib/python3.10/site-packages/airflow/example_dags/example_sensors.py
[2025-11-13T23:23:14.997+0530] {processor.py:830} INFO - Processing file /home/logi/txtai/venv/lib/python3.10/site-packages/airflow/example_dags/example_sensors.py for tasks to queue
[2025-11-13T23:23:15.000+0530] {logging_mixin.py:188} INFO - [2025-11-13T23:23:14.999+0530] {dagbag.py:545} INFO - Filling up the DagBag from /home/logi/txtai/venv/lib/python3.10/site-packages/airflow/example_dags/example_sensors.py
[2025-11-13T23:23:15.015+0530] {processor.py:840} INFO - DAG(s) 'example_sensors' retrieved from /home/logi/txtai/venv/lib/python3.10/site-packages/airflow/example_dags/example_sensors.py
[2025-11-13T23:23:15.089+0530] {logging_mixin.py:188} INFO - [2025-11-13T23:23:15.088+0530] {dag.py:3089} INFO - Sync 1 DAGs
[2025-11-13T23:23:15.111+0530] {logging_mixin.py:188} INFO - [2025-11-13T23:23:15.110+0530] {dag.py:3947} INFO - Setting next_dagrun for example_sensors to None, run_after=None
[2025-11-13T23:23:15.151+0530] {processor.py:183} INFO - Processing /home/logi/txtai/venv/lib/python3.10/site-packages/airflow/example_dags/example_sensors.py took 0.167 seconds
[2025-11-13T23:23:47.060+0530] {processor.py:161} INFO - Started process (PID=7477) to work on /home/logi/txtai/venv/lib/python3.10/site-packages/airflow/example_dags/example_sensors.py
[2025-11-13T23:23:47.062+0530] {processor.py:830} INFO - Processing file /home/logi/txtai/venv/lib/python3.10/site-packages/airflow/example_dags/example_sensors.py for tasks to queue
[2025-11-13T23:23:47.065+0530] {logging_mixin.py:188} INFO - [2025-11-13T23:23:47.064+0530] {dagbag.py:545} INFO - Filling up the DagBag from /home/logi/txtai/venv/lib/python3.10/site-packages/airflow/example_dags/example_sensors.py
[2025-11-13T23:23:47.082+0530] {processor.py:840} INFO - DAG(s) 'example_sensors' retrieved from /home/logi/txtai/venv/lib/python3.10/site-packages/airflow/example_dags/example_sensors.py
[2025-11-13T23:23:47.136+0530] {logging_mixin.py:188} INFO - [2025-11-13T23:23:47.136+0530] {dag.py:3089} INFO - Sync 1 DAGs
[2025-11-13T23:23:47.157+0530] {logging_mixin.py:188} INFO - [2025-11-13T23:23:47.157+0530] {dag.py:3947} INFO - Setting next_dagrun for example_sensors to None, run_after=None
[2025-11-13T23:23:47.212+0530] {processor.py:183} INFO - Processing /home/logi/txtai/venv/lib/python3.10/site-packages/airflow/example_dags/example_sensors.py took 0.162 seconds
[2025-11-13T23:24:17.893+0530] {processor.py:161} INFO - Started process (PID=7775) to work on /home/logi/txtai/venv/lib/python3.10/site-packages/airflow/example_dags/example_sensors.py
[2025-11-13T23:24:17.896+0530] {processor.py:830} INFO - Processing file /home/logi/txtai/venv/lib/python3.10/site-packages/airflow/example_dags/example_sensors.py for tasks to queue
[2025-11-13T23:24:17.899+0530] {logging_mixin.py:188} INFO - [2025-11-13T23:24:17.898+0530] {dagbag.py:545} INFO - Filling up the DagBag from /home/logi/txtai/venv/lib/python3.10/site-packages/airflow/example_dags/example_sensors.py
[2025-11-13T23:24:17.916+0530] {processor.py:840} INFO - DAG(s) 'example_sensors' retrieved from /home/logi/txtai/venv/lib/python3.10/site-packages/airflow/example_dags/example_sensors.py
[2025-11-13T23:24:17.953+0530] {logging_mixin.py:188} INFO - [2025-11-13T23:24:17.952+0530] {dag.py:3089} INFO - Sync 1 DAGs
[2025-11-13T23:24:17.966+0530] {logging_mixin.py:188} INFO - [2025-11-13T23:24:17.965+0530] {dag.py:3947} INFO - Setting next_dagrun for example_sensors to None, run_after=None
[2025-11-13T23:24:17.989+0530] {processor.py:183} INFO - Processing /home/logi/txtai/venv/lib/python3.10/site-packages/airflow/example_dags/example_sensors.py took 0.107 seconds
[2025-11-13T23:24:49.476+0530] {processor.py:161} INFO - Started process (PID=8022) to work on /home/logi/txtai/venv/lib/python3.10/site-packages/airflow/example_dags/example_sensors.py
[2025-11-13T23:24:49.478+0530] {processor.py:830} INFO - Processing file /home/logi/txtai/venv/lib/python3.10/site-packages/airflow/example_dags/example_sensors.py for tasks to queue
[2025-11-13T23:24:49.480+0530] {logging_mixin.py:188} INFO - [2025-11-13T23:24:49.479+0530] {dagbag.py:545} INFO - Filling up the DagBag from /home/logi/txtai/venv/lib/python3.10/site-packages/airflow/example_dags/example_sensors.py
[2025-11-13T23:24:49.488+0530] {processor.py:840} INFO - DAG(s) 'example_sensors' retrieved from /home/logi/txtai/venv/lib/python3.10/site-packages/airflow/example_dags/example_sensors.py
[2025-11-13T23:24:49.523+0530] {logging_mixin.py:188} INFO - [2025-11-13T23:24:49.522+0530] {dag.py:3089} INFO - Sync 1 DAGs
[2025-11-13T23:24:49.538+0530] {logging_mixin.py:188} INFO - [2025-11-13T23:24:49.538+0530] {dag.py:3947} INFO - Setting next_dagrun for example_sensors to None, run_after=None
[2025-11-13T23:24:49.565+0530] {processor.py:183} INFO - Processing /home/logi/txtai/venv/lib/python3.10/site-packages/airflow/example_dags/example_sensors.py took 0.096 seconds
[2025-11-13T23:25:21.600+0530] {processor.py:161} INFO - Started process (PID=8873) to work on /home/logi/txtai/venv/lib/python3.10/site-packages/airflow/example_dags/example_sensors.py
[2025-11-13T23:25:21.602+0530] {processor.py:830} INFO - Processing file /home/logi/txtai/venv/lib/python3.10/site-packages/airflow/example_dags/example_sensors.py for tasks to queue
[2025-11-13T23:25:21.604+0530] {logging_mixin.py:188} INFO - [2025-11-13T23:25:21.604+0530] {dagbag.py:545} INFO - Filling up the DagBag from /home/logi/txtai/venv/lib/python3.10/site-packages/airflow/example_dags/example_sensors.py
[2025-11-13T23:25:21.618+0530] {processor.py:840} INFO - DAG(s) 'example_sensors' retrieved from /home/logi/txtai/venv/lib/python3.10/site-packages/airflow/example_dags/example_sensors.py
[2025-11-13T23:25:21.682+0530] {logging_mixin.py:188} INFO - [2025-11-13T23:25:21.682+0530] {dag.py:3089} INFO - Sync 1 DAGs
[2025-11-13T23:25:21.706+0530] {logging_mixin.py:188} INFO - [2025-11-13T23:25:21.705+0530] {dag.py:3947} INFO - Setting next_dagrun for example_sensors to None, run_after=None
[2025-11-13T23:25:21.752+0530] {processor.py:183} INFO - Processing /home/logi/txtai/venv/lib/python3.10/site-packages/airflow/example_dags/example_sensors.py took 0.168 seconds
[2025-11-13T23:25:52.927+0530] {processor.py:161} INFO - Started process (PID=9340) to work on /home/logi/txtai/venv/lib/python3.10/site-packages/airflow/example_dags/example_sensors.py
[2025-11-13T23:25:52.929+0530] {processor.py:830} INFO - Processing file /home/logi/txtai/venv/lib/python3.10/site-packages/airflow/example_dags/example_sensors.py for tasks to queue
[2025-11-13T23:25:52.931+0530] {logging_mixin.py:188} INFO - [2025-11-13T23:25:52.931+0530] {dagbag.py:545} INFO - Filling up the DagBag from /home/logi/txtai/venv/lib/python3.10/site-packages/airflow/example_dags/example_sensors.py
[2025-11-13T23:25:52.938+0530] {processor.py:840} INFO - DAG(s) 'example_sensors' retrieved from /home/logi/txtai/venv/lib/python3.10/site-packages/airflow/example_dags/example_sensors.py
[2025-11-13T23:25:52.989+0530] {logging_mixin.py:188} INFO - [2025-11-13T23:25:52.988+0530] {dag.py:3089} INFO - Sync 1 DAGs
[2025-11-13T23:25:53.008+0530] {logging_mixin.py:188} INFO - [2025-11-13T23:25:53.008+0530] {dag.py:3947} INFO - Setting next_dagrun for example_sensors to None, run_after=None
[2025-11-13T23:25:53.042+0530] {processor.py:183} INFO - Processing /home/logi/txtai/venv/lib/python3.10/site-packages/airflow/example_dags/example_sensors.py took 0.122 seconds
[2025-11-13T23:26:24.626+0530] {processor.py:161} INFO - Started process (PID=9556) to work on /home/logi/txtai/venv/lib/python3.10/site-packages/airflow/example_dags/example_sensors.py
[2025-11-13T23:26:24.627+0530] {processor.py:830} INFO - Processing file /home/logi/txtai/venv/lib/python3.10/site-packages/airflow/example_dags/example_sensors.py for tasks to queue
[2025-11-13T23:26:24.630+0530] {logging_mixin.py:188} INFO - [2025-11-13T23:26:24.630+0530] {dagbag.py:545} INFO - Filling up the DagBag from /home/logi/txtai/venv/lib/python3.10/site-packages/airflow/example_dags/example_sensors.py
[2025-11-13T23:26:24.643+0530] {processor.py:840} INFO - DAG(s) 'example_sensors' retrieved from /home/logi/txtai/venv/lib/python3.10/site-packages/airflow/example_dags/example_sensors.py
[2025-11-13T23:26:24.709+0530] {logging_mixin.py:188} INFO - [2025-11-13T23:26:24.708+0530] {dag.py:3089} INFO - Sync 1 DAGs
[2025-11-13T23:26:24.731+0530] {logging_mixin.py:188} INFO - [2025-11-13T23:26:24.730+0530] {dag.py:3947} INFO - Setting next_dagrun for example_sensors to None, run_after=None
[2025-11-13T23:26:24.769+0530] {processor.py:183} INFO - Processing /home/logi/txtai/venv/lib/python3.10/site-packages/airflow/example_dags/example_sensors.py took 0.153 seconds
[2025-11-13T23:26:56.145+0530] {processor.py:161} INFO - Started process (PID=9718) to work on /home/logi/txtai/venv/lib/python3.10/site-packages/airflow/example_dags/example_sensors.py
[2025-11-13T23:26:56.146+0530] {processor.py:830} INFO - Processing file /home/logi/txtai/venv/lib/python3.10/site-packages/airflow/example_dags/example_sensors.py for tasks to queue
[2025-11-13T23:26:56.149+0530] {logging_mixin.py:188} INFO - [2025-11-13T23:26:56.149+0530] {dagbag.py:545} INFO - Filling up the DagBag from /home/logi/txtai/venv/lib/python3.10/site-packages/airflow/example_dags/example_sensors.py
[2025-11-13T23:26:56.163+0530] {processor.py:840} INFO - DAG(s) 'example_sensors' retrieved from /home/logi/txtai/venv/lib/python3.10/site-packages/airflow/example_dags/example_sensors.py
[2025-11-13T23:26:56.228+0530] {logging_mixin.py:188} INFO - [2025-11-13T23:26:56.228+0530] {dag.py:3089} INFO - Sync 1 DAGs
[2025-11-13T23:26:56.252+0530] {logging_mixin.py:188} INFO - [2025-11-13T23:26:56.252+0530] {dag.py:3947} INFO - Setting next_dagrun for example_sensors to None, run_after=None
[2025-11-13T23:26:56.291+0530] {processor.py:183} INFO - Processing /home/logi/txtai/venv/lib/python3.10/site-packages/airflow/example_dags/example_sensors.py took 0.157 seconds
[2025-11-13T23:27:27.237+0530] {processor.py:161} INFO - Started process (PID=9905) to work on /home/logi/txtai/venv/lib/python3.10/site-packages/airflow/example_dags/example_sensors.py
[2025-11-13T23:27:27.241+0530] {processor.py:830} INFO - Processing file /home/logi/txtai/venv/lib/python3.10/site-packages/airflow/example_dags/example_sensors.py for tasks to queue
[2025-11-13T23:27:27.245+0530] {logging_mixin.py:188} INFO - [2025-11-13T23:27:27.244+0530] {dagbag.py:545} INFO - Filling up the DagBag from /home/logi/txtai/venv/lib/python3.10/site-packages/airflow/example_dags/example_sensors.py
[2025-11-13T23:27:27.259+0530] {processor.py:840} INFO - DAG(s) 'example_sensors' retrieved from /home/logi/txtai/venv/lib/python3.10/site-packages/airflow/example_dags/example_sensors.py
[2025-11-13T23:27:27.325+0530] {logging_mixin.py:188} INFO - [2025-11-13T23:27:27.325+0530] {dag.py:3089} INFO - Sync 1 DAGs
[2025-11-13T23:27:27.347+0530] {logging_mixin.py:188} INFO - [2025-11-13T23:27:27.347+0530] {dag.py:3947} INFO - Setting next_dagrun for example_sensors to None, run_after=None
[2025-11-13T23:27:27.382+0530] {processor.py:183} INFO - Processing /home/logi/txtai/venv/lib/python3.10/site-packages/airflow/example_dags/example_sensors.py took 0.155 seconds
[2025-11-13T23:27:58.463+0530] {processor.py:161} INFO - Started process (PID=10062) to work on /home/logi/txtai/venv/lib/python3.10/site-packages/airflow/example_dags/example_sensors.py
[2025-11-13T23:27:58.465+0530] {processor.py:830} INFO - Processing file /home/logi/txtai/venv/lib/python3.10/site-packages/airflow/example_dags/example_sensors.py for tasks to queue
[2025-11-13T23:27:58.467+0530] {logging_mixin.py:188} INFO - [2025-11-13T23:27:58.467+0530] {dagbag.py:545} INFO - Filling up the DagBag from /home/logi/txtai/venv/lib/python3.10/site-packages/airflow/example_dags/example_sensors.py
[2025-11-13T23:27:58.481+0530] {processor.py:840} INFO - DAG(s) 'example_sensors' retrieved from /home/logi/txtai/venv/lib/python3.10/site-packages/airflow/example_dags/example_sensors.py
[2025-11-13T23:27:58.550+0530] {logging_mixin.py:188} INFO - [2025-11-13T23:27:58.549+0530] {dag.py:3089} INFO - Sync 1 DAGs
[2025-11-13T23:27:58.573+0530] {logging_mixin.py:188} INFO - [2025-11-13T23:27:58.573+0530] {dag.py:3947} INFO - Setting next_dagrun for example_sensors to None, run_after=None
[2025-11-13T23:27:58.608+0530] {processor.py:183} INFO - Processing /home/logi/txtai/venv/lib/python3.10/site-packages/airflow/example_dags/example_sensors.py took 0.155 seconds
[2025-11-13T23:28:29.791+0530] {processor.py:161} INFO - Started process (PID=10218) to work on /home/logi/txtai/venv/lib/python3.10/site-packages/airflow/example_dags/example_sensors.py
[2025-11-13T23:28:29.793+0530] {processor.py:830} INFO - Processing file /home/logi/txtai/venv/lib/python3.10/site-packages/airflow/example_dags/example_sensors.py for tasks to queue
[2025-11-13T23:28:29.796+0530] {logging_mixin.py:188} INFO - [2025-11-13T23:28:29.795+0530] {dagbag.py:545} INFO - Filling up the DagBag from /home/logi/txtai/venv/lib/python3.10/site-packages/airflow/example_dags/example_sensors.py
[2025-11-13T23:28:29.809+0530] {processor.py:840} INFO - DAG(s) 'example_sensors' retrieved from /home/logi/txtai/venv/lib/python3.10/site-packages/airflow/example_dags/example_sensors.py
[2025-11-13T23:28:29.875+0530] {logging_mixin.py:188} INFO - [2025-11-13T23:28:29.874+0530] {dag.py:3089} INFO - Sync 1 DAGs
[2025-11-13T23:28:29.897+0530] {logging_mixin.py:188} INFO - [2025-11-13T23:28:29.896+0530] {dag.py:3947} INFO - Setting next_dagrun for example_sensors to None, run_after=None
[2025-11-13T23:28:29.931+0530] {processor.py:183} INFO - Processing /home/logi/txtai/venv/lib/python3.10/site-packages/airflow/example_dags/example_sensors.py took 0.150 seconds
[2025-11-13T23:29:00.962+0530] {processor.py:161} INFO - Started process (PID=10487) to work on /home/logi/txtai/venv/lib/python3.10/site-packages/airflow/example_dags/example_sensors.py
[2025-11-13T23:29:00.964+0530] {processor.py:830} INFO - Processing file /home/logi/txtai/venv/lib/python3.10/site-packages/airflow/example_dags/example_sensors.py for tasks to queue
[2025-11-13T23:29:00.967+0530] {logging_mixin.py:188} INFO - [2025-11-13T23:29:00.966+0530] {dagbag.py:545} INFO - Filling up the DagBag from /home/logi/txtai/venv/lib/python3.10/site-packages/airflow/example_dags/example_sensors.py
[2025-11-13T23:29:00.982+0530] {processor.py:840} INFO - DAG(s) 'example_sensors' retrieved from /home/logi/txtai/venv/lib/python3.10/site-packages/airflow/example_dags/example_sensors.py
[2025-11-13T23:29:01.051+0530] {logging_mixin.py:188} INFO - [2025-11-13T23:29:01.050+0530] {dag.py:3089} INFO - Sync 1 DAGs
[2025-11-13T23:29:01.076+0530] {logging_mixin.py:188} INFO - [2025-11-13T23:29:01.076+0530] {dag.py:3947} INFO - Setting next_dagrun for example_sensors to None, run_after=None
[2025-11-13T23:29:01.113+0530] {processor.py:183} INFO - Processing /home/logi/txtai/venv/lib/python3.10/site-packages/airflow/example_dags/example_sensors.py took 0.163 seconds
[2025-11-13T23:29:33.387+0530] {processor.py:161} INFO - Started process (PID=10658) to work on /home/logi/txtai/venv/lib/python3.10/site-packages/airflow/example_dags/example_sensors.py
[2025-11-13T23:29:33.389+0530] {processor.py:830} INFO - Processing file /home/logi/txtai/venv/lib/python3.10/site-packages/airflow/example_dags/example_sensors.py for tasks to queue
[2025-11-13T23:29:33.392+0530] {logging_mixin.py:188} INFO - [2025-11-13T23:29:33.391+0530] {dagbag.py:545} INFO - Filling up the DagBag from /home/logi/txtai/venv/lib/python3.10/site-packages/airflow/example_dags/example_sensors.py
[2025-11-13T23:29:33.407+0530] {processor.py:840} INFO - DAG(s) 'example_sensors' retrieved from /home/logi/txtai/venv/lib/python3.10/site-packages/airflow/example_dags/example_sensors.py
[2025-11-13T23:29:33.473+0530] {logging_mixin.py:188} INFO - [2025-11-13T23:29:33.473+0530] {dag.py:3089} INFO - Sync 1 DAGs
[2025-11-13T23:29:33.491+0530] {logging_mixin.py:188} INFO - [2025-11-13T23:29:33.490+0530] {dag.py:3947} INFO - Setting next_dagrun for example_sensors to None, run_after=None
[2025-11-13T23:29:33.529+0530] {processor.py:183} INFO - Processing /home/logi/txtai/venv/lib/python3.10/site-packages/airflow/example_dags/example_sensors.py took 0.152 seconds
[2025-11-13T23:30:04.628+0530] {processor.py:161} INFO - Started process (PID=10879) to work on /home/logi/txtai/venv/lib/python3.10/site-packages/airflow/example_dags/example_sensors.py
[2025-11-13T23:30:04.630+0530] {processor.py:830} INFO - Processing file /home/logi/txtai/venv/lib/python3.10/site-packages/airflow/example_dags/example_sensors.py for tasks to queue
[2025-11-13T23:30:04.633+0530] {logging_mixin.py:188} INFO - [2025-11-13T23:30:04.632+0530] {dagbag.py:545} INFO - Filling up the DagBag from /home/logi/txtai/venv/lib/python3.10/site-packages/airflow/example_dags/example_sensors.py
[2025-11-13T23:30:04.650+0530] {processor.py:840} INFO - DAG(s) 'example_sensors' retrieved from /home/logi/txtai/venv/lib/python3.10/site-packages/airflow/example_dags/example_sensors.py
[2025-11-13T23:30:04.705+0530] {logging_mixin.py:188} INFO - [2025-11-13T23:30:04.705+0530] {dag.py:3089} INFO - Sync 1 DAGs
[2025-11-13T23:30:04.723+0530] {logging_mixin.py:188} INFO - [2025-11-13T23:30:04.723+0530] {dag.py:3947} INFO - Setting next_dagrun for example_sensors to None, run_after=None
[2025-11-13T23:30:04.754+0530] {processor.py:183} INFO - Processing /home/logi/txtai/venv/lib/python3.10/site-packages/airflow/example_dags/example_sensors.py took 0.137 seconds
[2025-11-13T23:30:35.764+0530] {processor.py:161} INFO - Started process (PID=11371) to work on /home/logi/txtai/venv/lib/python3.10/site-packages/airflow/example_dags/example_sensors.py
[2025-11-13T23:30:35.766+0530] {processor.py:830} INFO - Processing file /home/logi/txtai/venv/lib/python3.10/site-packages/airflow/example_dags/example_sensors.py for tasks to queue
[2025-11-13T23:30:35.768+0530] {logging_mixin.py:188} INFO - [2025-11-13T23:30:35.768+0530] {dagbag.py:545} INFO - Filling up the DagBag from /home/logi/txtai/venv/lib/python3.10/site-packages/airflow/example_dags/example_sensors.py
[2025-11-13T23:30:35.782+0530] {processor.py:840} INFO - DAG(s) 'example_sensors' retrieved from /home/logi/txtai/venv/lib/python3.10/site-packages/airflow/example_dags/example_sensors.py
[2025-11-13T23:30:35.845+0530] {logging_mixin.py:188} INFO - [2025-11-13T23:30:35.844+0530] {dag.py:3089} INFO - Sync 1 DAGs
[2025-11-13T23:30:35.865+0530] {logging_mixin.py:188} INFO - [2025-11-13T23:30:35.864+0530] {dag.py:3947} INFO - Setting next_dagrun for example_sensors to None, run_after=None
[2025-11-13T23:30:35.887+0530] {processor.py:183} INFO - Processing /home/logi/txtai/venv/lib/python3.10/site-packages/airflow/example_dags/example_sensors.py took 0.133 seconds
[2025-11-13T23:31:06.967+0530] {processor.py:161} INFO - Started process (PID=11618) to work on /home/logi/txtai/venv/lib/python3.10/site-packages/airflow/example_dags/example_sensors.py
[2025-11-13T23:31:06.968+0530] {processor.py:830} INFO - Processing file /home/logi/txtai/venv/lib/python3.10/site-packages/airflow/example_dags/example_sensors.py for tasks to queue
[2025-11-13T23:31:06.970+0530] {logging_mixin.py:188} INFO - [2025-11-13T23:31:06.969+0530] {dagbag.py:545} INFO - Filling up the DagBag from /home/logi/txtai/venv/lib/python3.10/site-packages/airflow/example_dags/example_sensors.py
[2025-11-13T23:31:06.977+0530] {processor.py:840} INFO - DAG(s) 'example_sensors' retrieved from /home/logi/txtai/venv/lib/python3.10/site-packages/airflow/example_dags/example_sensors.py
[2025-11-13T23:31:07.048+0530] {logging_mixin.py:188} INFO - [2025-11-13T23:31:07.048+0530] {dag.py:3089} INFO - Sync 1 DAGs
[2025-11-13T23:31:07.077+0530] {logging_mixin.py:188} INFO - [2025-11-13T23:31:07.077+0530] {dag.py:3947} INFO - Setting next_dagrun for example_sensors to None, run_after=None
[2025-11-13T23:31:07.114+0530] {processor.py:183} INFO - Processing /home/logi/txtai/venv/lib/python3.10/site-packages/airflow/example_dags/example_sensors.py took 0.154 seconds
[2025-11-13T23:31:37.427+0530] {processor.py:161} INFO - Started process (PID=12096) to work on /home/logi/txtai/venv/lib/python3.10/site-packages/airflow/example_dags/example_sensors.py
[2025-11-13T23:31:37.429+0530] {processor.py:830} INFO - Processing file /home/logi/txtai/venv/lib/python3.10/site-packages/airflow/example_dags/example_sensors.py for tasks to queue
[2025-11-13T23:31:37.431+0530] {logging_mixin.py:188} INFO - [2025-11-13T23:31:37.430+0530] {dagbag.py:545} INFO - Filling up the DagBag from /home/logi/txtai/venv/lib/python3.10/site-packages/airflow/example_dags/example_sensors.py
[2025-11-13T23:31:37.439+0530] {processor.py:840} INFO - DAG(s) 'example_sensors' retrieved from /home/logi/txtai/venv/lib/python3.10/site-packages/airflow/example_dags/example_sensors.py
[2025-11-13T23:31:37.497+0530] {logging_mixin.py:188} INFO - [2025-11-13T23:31:37.497+0530] {dag.py:3089} INFO - Sync 1 DAGs
[2025-11-13T23:31:37.517+0530] {logging_mixin.py:188} INFO - [2025-11-13T23:31:37.516+0530] {dag.py:3947} INFO - Setting next_dagrun for example_sensors to None, run_after=None
[2025-11-13T23:31:37.550+0530] {processor.py:183} INFO - Processing /home/logi/txtai/venv/lib/python3.10/site-packages/airflow/example_dags/example_sensors.py took 0.129 seconds
[2025-11-13T23:32:08.937+0530] {processor.py:161} INFO - Started process (PID=12459) to work on /home/logi/txtai/venv/lib/python3.10/site-packages/airflow/example_dags/example_sensors.py
[2025-11-13T23:32:08.939+0530] {processor.py:830} INFO - Processing file /home/logi/txtai/venv/lib/python3.10/site-packages/airflow/example_dags/example_sensors.py for tasks to queue
[2025-11-13T23:32:08.942+0530] {logging_mixin.py:188} INFO - [2025-11-13T23:32:08.941+0530] {dagbag.py:545} INFO - Filling up the DagBag from /home/logi/txtai/venv/lib/python3.10/site-packages/airflow/example_dags/example_sensors.py
[2025-11-13T23:32:08.956+0530] {processor.py:840} INFO - DAG(s) 'example_sensors' retrieved from /home/logi/txtai/venv/lib/python3.10/site-packages/airflow/example_dags/example_sensors.py
[2025-11-13T23:32:09.012+0530] {logging_mixin.py:188} INFO - [2025-11-13T23:32:09.011+0530] {dag.py:3089} INFO - Sync 1 DAGs
[2025-11-13T23:32:09.031+0530] {logging_mixin.py:188} INFO - [2025-11-13T23:32:09.030+0530] {dag.py:3947} INFO - Setting next_dagrun for example_sensors to None, run_after=None
[2025-11-13T23:32:09.061+0530] {processor.py:183} INFO - Processing /home/logi/txtai/venv/lib/python3.10/site-packages/airflow/example_dags/example_sensors.py took 0.135 seconds
[2025-11-13T23:32:41.135+0530] {processor.py:161} INFO - Started process (PID=12876) to work on /home/logi/txtai/venv/lib/python3.10/site-packages/airflow/example_dags/example_sensors.py
[2025-11-13T23:32:41.137+0530] {processor.py:830} INFO - Processing file /home/logi/txtai/venv/lib/python3.10/site-packages/airflow/example_dags/example_sensors.py for tasks to queue
[2025-11-13T23:32:41.140+0530] {logging_mixin.py:188} INFO - [2025-11-13T23:32:41.139+0530] {dagbag.py:545} INFO - Filling up the DagBag from /home/logi/txtai/venv/lib/python3.10/site-packages/airflow/example_dags/example_sensors.py
[2025-11-13T23:32:41.160+0530] {processor.py:840} INFO - DAG(s) 'example_sensors' retrieved from /home/logi/txtai/venv/lib/python3.10/site-packages/airflow/example_dags/example_sensors.py
[2025-11-13T23:32:41.228+0530] {logging_mixin.py:188} INFO - [2025-11-13T23:32:41.227+0530] {dag.py:3089} INFO - Sync 1 DAGs
[2025-11-13T23:32:41.259+0530] {logging_mixin.py:188} INFO - [2025-11-13T23:32:41.258+0530] {dag.py:3947} INFO - Setting next_dagrun for example_sensors to None, run_after=None
[2025-11-13T23:32:41.306+0530] {processor.py:183} INFO - Processing /home/logi/txtai/venv/lib/python3.10/site-packages/airflow/example_dags/example_sensors.py took 0.183 seconds
[2025-11-13T23:33:11.892+0530] {processor.py:161} INFO - Started process (PID=13216) to work on /home/logi/txtai/venv/lib/python3.10/site-packages/airflow/example_dags/example_sensors.py
[2025-11-13T23:33:11.893+0530] {processor.py:830} INFO - Processing file /home/logi/txtai/venv/lib/python3.10/site-packages/airflow/example_dags/example_sensors.py for tasks to queue
[2025-11-13T23:33:11.896+0530] {logging_mixin.py:188} INFO - [2025-11-13T23:33:11.896+0530] {dagbag.py:545} INFO - Filling up the DagBag from /home/logi/txtai/venv/lib/python3.10/site-packages/airflow/example_dags/example_sensors.py
[2025-11-13T23:33:11.906+0530] {processor.py:840} INFO - DAG(s) 'example_sensors' retrieved from /home/logi/txtai/venv/lib/python3.10/site-packages/airflow/example_dags/example_sensors.py
[2025-11-13T23:33:11.970+0530] {logging_mixin.py:188} INFO - [2025-11-13T23:33:11.969+0530] {dag.py:3089} INFO - Sync 1 DAGs
[2025-11-13T23:33:11.995+0530] {logging_mixin.py:188} INFO - [2025-11-13T23:33:11.994+0530] {dag.py:3947} INFO - Setting next_dagrun for example_sensors to None, run_after=None
[2025-11-13T23:33:12.034+0530] {processor.py:183} INFO - Processing /home/logi/txtai/venv/lib/python3.10/site-packages/airflow/example_dags/example_sensors.py took 0.153 seconds
[2025-11-13T23:33:43.695+0530] {processor.py:161} INFO - Started process (PID=13780) to work on /home/logi/txtai/venv/lib/python3.10/site-packages/airflow/example_dags/example_sensors.py
[2025-11-13T23:33:43.697+0530] {processor.py:830} INFO - Processing file /home/logi/txtai/venv/lib/python3.10/site-packages/airflow/example_dags/example_sensors.py for tasks to queue
[2025-11-13T23:33:43.700+0530] {logging_mixin.py:188} INFO - [2025-11-13T23:33:43.699+0530] {dagbag.py:545} INFO - Filling up the DagBag from /home/logi/txtai/venv/lib/python3.10/site-packages/airflow/example_dags/example_sensors.py
[2025-11-13T23:33:43.715+0530] {processor.py:840} INFO - DAG(s) 'example_sensors' retrieved from /home/logi/txtai/venv/lib/python3.10/site-packages/airflow/example_dags/example_sensors.py
[2025-11-13T23:33:43.769+0530] {logging_mixin.py:188} INFO - [2025-11-13T23:33:43.769+0530] {dag.py:3089} INFO - Sync 1 DAGs
[2025-11-13T23:33:43.782+0530] {logging_mixin.py:188} INFO - [2025-11-13T23:33:43.781+0530] {dag.py:3947} INFO - Setting next_dagrun for example_sensors to None, run_after=None
[2025-11-13T23:33:43.807+0530] {processor.py:183} INFO - Processing /home/logi/txtai/venv/lib/python3.10/site-packages/airflow/example_dags/example_sensors.py took 0.123 seconds
[2025-11-13T23:34:14.977+0530] {processor.py:161} INFO - Started process (PID=14204) to work on /home/logi/txtai/venv/lib/python3.10/site-packages/airflow/example_dags/example_sensors.py
[2025-11-13T23:34:14.979+0530] {processor.py:830} INFO - Processing file /home/logi/txtai/venv/lib/python3.10/site-packages/airflow/example_dags/example_sensors.py for tasks to queue
[2025-11-13T23:34:14.981+0530] {logging_mixin.py:188} INFO - [2025-11-13T23:34:14.981+0530] {dagbag.py:545} INFO - Filling up the DagBag from /home/logi/txtai/venv/lib/python3.10/site-packages/airflow/example_dags/example_sensors.py
[2025-11-13T23:34:14.993+0530] {processor.py:840} INFO - DAG(s) 'example_sensors' retrieved from /home/logi/txtai/venv/lib/python3.10/site-packages/airflow/example_dags/example_sensors.py
[2025-11-13T23:34:15.028+0530] {logging_mixin.py:188} INFO - [2025-11-13T23:34:15.028+0530] {dag.py:3089} INFO - Sync 1 DAGs
[2025-11-13T23:34:15.040+0530] {logging_mixin.py:188} INFO - [2025-11-13T23:34:15.040+0530] {dag.py:3947} INFO - Setting next_dagrun for example_sensors to None, run_after=None
[2025-11-13T23:34:15.064+0530] {processor.py:183} INFO - Processing /home/logi/txtai/venv/lib/python3.10/site-packages/airflow/example_dags/example_sensors.py took 0.101 seconds
[2025-11-13T23:34:47.151+0530] {processor.py:161} INFO - Started process (PID=14652) to work on /home/logi/txtai/venv/lib/python3.10/site-packages/airflow/example_dags/example_sensors.py
[2025-11-13T23:34:47.153+0530] {processor.py:830} INFO - Processing file /home/logi/txtai/venv/lib/python3.10/site-packages/airflow/example_dags/example_sensors.py for tasks to queue
[2025-11-13T23:34:47.155+0530] {logging_mixin.py:188} INFO - [2025-11-13T23:34:47.155+0530] {dagbag.py:545} INFO - Filling up the DagBag from /home/logi/txtai/venv/lib/python3.10/site-packages/airflow/example_dags/example_sensors.py
[2025-11-13T23:34:47.169+0530] {processor.py:840} INFO - DAG(s) 'example_sensors' retrieved from /home/logi/txtai/venv/lib/python3.10/site-packages/airflow/example_dags/example_sensors.py
[2025-11-13T23:34:47.235+0530] {logging_mixin.py:188} INFO - [2025-11-13T23:34:47.235+0530] {dag.py:3089} INFO - Sync 1 DAGs
[2025-11-13T23:34:47.259+0530] {logging_mixin.py:188} INFO - [2025-11-13T23:34:47.258+0530] {dag.py:3947} INFO - Setting next_dagrun for example_sensors to None, run_after=None
[2025-11-13T23:34:47.298+0530] {processor.py:183} INFO - Processing /home/logi/txtai/venv/lib/python3.10/site-packages/airflow/example_dags/example_sensors.py took 0.158 seconds
[2025-11-13T23:35:18.487+0530] {processor.py:161} INFO - Started process (PID=15089) to work on /home/logi/txtai/venv/lib/python3.10/site-packages/airflow/example_dags/example_sensors.py
[2025-11-13T23:35:18.489+0530] {processor.py:830} INFO - Processing file /home/logi/txtai/venv/lib/python3.10/site-packages/airflow/example_dags/example_sensors.py for tasks to queue
[2025-11-13T23:35:18.491+0530] {logging_mixin.py:188} INFO - [2025-11-13T23:35:18.491+0530] {dagbag.py:545} INFO - Filling up the DagBag from /home/logi/txtai/venv/lib/python3.10/site-packages/airflow/example_dags/example_sensors.py
[2025-11-13T23:35:18.505+0530] {processor.py:840} INFO - DAG(s) 'example_sensors' retrieved from /home/logi/txtai/venv/lib/python3.10/site-packages/airflow/example_dags/example_sensors.py
[2025-11-13T23:35:18.571+0530] {logging_mixin.py:188} INFO - [2025-11-13T23:35:18.571+0530] {dag.py:3089} INFO - Sync 1 DAGs
[2025-11-13T23:35:18.590+0530] {logging_mixin.py:188} INFO - [2025-11-13T23:35:18.590+0530] {dag.py:3947} INFO - Setting next_dagrun for example_sensors to None, run_after=None
[2025-11-13T23:35:18.626+0530] {processor.py:183} INFO - Processing /home/logi/txtai/venv/lib/python3.10/site-packages/airflow/example_dags/example_sensors.py took 0.150 seconds
[2025-11-13T23:35:50.312+0530] {processor.py:161} INFO - Started process (PID=15494) to work on /home/logi/txtai/venv/lib/python3.10/site-packages/airflow/example_dags/example_sensors.py
[2025-11-13T23:35:50.314+0530] {processor.py:830} INFO - Processing file /home/logi/txtai/venv/lib/python3.10/site-packages/airflow/example_dags/example_sensors.py for tasks to queue
[2025-11-13T23:35:50.317+0530] {logging_mixin.py:188} INFO - [2025-11-13T23:35:50.317+0530] {dagbag.py:545} INFO - Filling up the DagBag from /home/logi/txtai/venv/lib/python3.10/site-packages/airflow/example_dags/example_sensors.py
[2025-11-13T23:35:50.330+0530] {processor.py:840} INFO - DAG(s) 'example_sensors' retrieved from /home/logi/txtai/venv/lib/python3.10/site-packages/airflow/example_dags/example_sensors.py
[2025-11-13T23:35:50.366+0530] {logging_mixin.py:188} INFO - [2025-11-13T23:35:50.366+0530] {dag.py:3089} INFO - Sync 1 DAGs
[2025-11-13T23:35:50.379+0530] {logging_mixin.py:188} INFO - [2025-11-13T23:35:50.379+0530] {dag.py:3947} INFO - Setting next_dagrun for example_sensors to None, run_after=None
[2025-11-13T23:35:50.397+0530] {processor.py:183} INFO - Processing /home/logi/txtai/venv/lib/python3.10/site-packages/airflow/example_dags/example_sensors.py took 0.099 seconds
[2025-11-13T23:36:21.382+0530] {processor.py:161} INFO - Started process (PID=16027) to work on /home/logi/txtai/venv/lib/python3.10/site-packages/airflow/example_dags/example_sensors.py
[2025-11-13T23:36:21.384+0530] {processor.py:830} INFO - Processing file /home/logi/txtai/venv/lib/python3.10/site-packages/airflow/example_dags/example_sensors.py for tasks to queue
[2025-11-13T23:36:21.386+0530] {logging_mixin.py:188} INFO - [2025-11-13T23:36:21.386+0530] {dagbag.py:545} INFO - Filling up the DagBag from /home/logi/txtai/venv/lib/python3.10/site-packages/airflow/example_dags/example_sensors.py
[2025-11-13T23:36:21.400+0530] {processor.py:840} INFO - DAG(s) 'example_sensors' retrieved from /home/logi/txtai/venv/lib/python3.10/site-packages/airflow/example_dags/example_sensors.py
[2025-11-13T23:36:21.476+0530] {logging_mixin.py:188} INFO - [2025-11-13T23:36:21.476+0530] {dag.py:3089} INFO - Sync 1 DAGs
[2025-11-13T23:36:21.502+0530] {logging_mixin.py:188} INFO - [2025-11-13T23:36:21.501+0530] {dag.py:3947} INFO - Setting next_dagrun for example_sensors to None, run_after=None
[2025-11-13T23:36:21.538+0530] {processor.py:183} INFO - Processing /home/logi/txtai/venv/lib/python3.10/site-packages/airflow/example_dags/example_sensors.py took 0.167 seconds
[2025-11-13T23:36:53.567+0530] {processor.py:161} INFO - Started process (PID=16256) to work on /home/logi/txtai/venv/lib/python3.10/site-packages/airflow/example_dags/example_sensors.py
[2025-11-13T23:36:53.568+0530] {processor.py:830} INFO - Processing file /home/logi/txtai/venv/lib/python3.10/site-packages/airflow/example_dags/example_sensors.py for tasks to queue
[2025-11-13T23:36:53.571+0530] {logging_mixin.py:188} INFO - [2025-11-13T23:36:53.571+0530] {dagbag.py:545} INFO - Filling up the DagBag from /home/logi/txtai/venv/lib/python3.10/site-packages/airflow/example_dags/example_sensors.py
[2025-11-13T23:36:53.583+0530] {processor.py:840} INFO - DAG(s) 'example_sensors' retrieved from /home/logi/txtai/venv/lib/python3.10/site-packages/airflow/example_dags/example_sensors.py
[2025-11-13T23:36:53.622+0530] {logging_mixin.py:188} INFO - [2025-11-13T23:36:53.622+0530] {dag.py:3089} INFO - Sync 1 DAGs
[2025-11-13T23:36:53.635+0530] {logging_mixin.py:188} INFO - [2025-11-13T23:36:53.635+0530] {dag.py:3947} INFO - Setting next_dagrun for example_sensors to None, run_after=None
[2025-11-13T23:36:53.658+0530] {processor.py:183} INFO - Processing /home/logi/txtai/venv/lib/python3.10/site-packages/airflow/example_dags/example_sensors.py took 0.102 seconds
[2025-11-13T23:37:23.840+0530] {processor.py:161} INFO - Started process (PID=16816) to work on /home/logi/txtai/venv/lib/python3.10/site-packages/airflow/example_dags/example_sensors.py
[2025-11-13T23:37:23.842+0530] {processor.py:830} INFO - Processing file /home/logi/txtai/venv/lib/python3.10/site-packages/airflow/example_dags/example_sensors.py for tasks to queue
[2025-11-13T23:37:23.845+0530] {logging_mixin.py:188} INFO - [2025-11-13T23:37:23.844+0530] {dagbag.py:545} INFO - Filling up the DagBag from /home/logi/txtai/venv/lib/python3.10/site-packages/airflow/example_dags/example_sensors.py
[2025-11-13T23:37:23.858+0530] {processor.py:840} INFO - DAG(s) 'example_sensors' retrieved from /home/logi/txtai/venv/lib/python3.10/site-packages/airflow/example_dags/example_sensors.py
[2025-11-13T23:37:23.903+0530] {logging_mixin.py:188} INFO - [2025-11-13T23:37:23.903+0530] {dag.py:3089} INFO - Sync 1 DAGs
[2025-11-13T23:37:23.915+0530] {logging_mixin.py:188} INFO - [2025-11-13T23:37:23.915+0530] {dag.py:3947} INFO - Setting next_dagrun for example_sensors to None, run_after=None
[2025-11-13T23:37:23.936+0530] {processor.py:183} INFO - Processing /home/logi/txtai/venv/lib/python3.10/site-packages/airflow/example_dags/example_sensors.py took 0.107 seconds
[2025-11-13T23:37:55.685+0530] {processor.py:161} INFO - Started process (PID=17186) to work on /home/logi/txtai/venv/lib/python3.10/site-packages/airflow/example_dags/example_sensors.py
[2025-11-13T23:37:55.687+0530] {processor.py:830} INFO - Processing file /home/logi/txtai/venv/lib/python3.10/site-packages/airflow/example_dags/example_sensors.py for tasks to queue
[2025-11-13T23:37:55.691+0530] {logging_mixin.py:188} INFO - [2025-11-13T23:37:55.690+0530] {dagbag.py:545} INFO - Filling up the DagBag from /home/logi/txtai/venv/lib/python3.10/site-packages/airflow/example_dags/example_sensors.py
[2025-11-13T23:37:55.709+0530] {processor.py:840} INFO - DAG(s) 'example_sensors' retrieved from /home/logi/txtai/venv/lib/python3.10/site-packages/airflow/example_dags/example_sensors.py
[2025-11-13T23:37:55.756+0530] {logging_mixin.py:188} INFO - [2025-11-13T23:37:55.756+0530] {dag.py:3089} INFO - Sync 1 DAGs
[2025-11-13T23:37:55.770+0530] {logging_mixin.py:188} INFO - [2025-11-13T23:37:55.769+0530] {dag.py:3947} INFO - Setting next_dagrun for example_sensors to None, run_after=None
[2025-11-13T23:37:55.790+0530] {processor.py:183} INFO - Processing /home/logi/txtai/venv/lib/python3.10/site-packages/airflow/example_dags/example_sensors.py took 0.117 seconds
[2025-11-13T23:38:27.899+0530] {processor.py:161} INFO - Started process (PID=17709) to work on /home/logi/txtai/venv/lib/python3.10/site-packages/airflow/example_dags/example_sensors.py
[2025-11-13T23:38:27.912+0530] {processor.py:830} INFO - Processing file /home/logi/txtai/venv/lib/python3.10/site-packages/airflow/example_dags/example_sensors.py for tasks to queue
[2025-11-13T23:38:27.919+0530] {logging_mixin.py:188} INFO - [2025-11-13T23:38:27.918+0530] {dagbag.py:545} INFO - Filling up the DagBag from /home/logi/txtai/venv/lib/python3.10/site-packages/airflow/example_dags/example_sensors.py
[2025-11-13T23:38:27.946+0530] {processor.py:840} INFO - DAG(s) 'example_sensors' retrieved from /home/logi/txtai/venv/lib/python3.10/site-packages/airflow/example_dags/example_sensors.py
[2025-11-13T23:38:28.031+0530] {logging_mixin.py:188} INFO - [2025-11-13T23:38:28.031+0530] {dag.py:3089} INFO - Sync 1 DAGs
[2025-11-13T23:38:28.058+0530] {logging_mixin.py:188} INFO - [2025-11-13T23:38:28.058+0530] {dag.py:3947} INFO - Setting next_dagrun for example_sensors to None, run_after=None
[2025-11-13T23:38:28.110+0530] {processor.py:183} INFO - Processing /home/logi/txtai/venv/lib/python3.10/site-packages/airflow/example_dags/example_sensors.py took 0.233 seconds
[2025-11-13T23:38:59.351+0530] {processor.py:161} INFO - Started process (PID=17951) to work on /home/logi/txtai/venv/lib/python3.10/site-packages/airflow/example_dags/example_sensors.py
[2025-11-13T23:38:59.353+0530] {processor.py:830} INFO - Processing file /home/logi/txtai/venv/lib/python3.10/site-packages/airflow/example_dags/example_sensors.py for tasks to queue
[2025-11-13T23:38:59.359+0530] {logging_mixin.py:188} INFO - [2025-11-13T23:38:59.358+0530] {dagbag.py:545} INFO - Filling up the DagBag from /home/logi/txtai/venv/lib/python3.10/site-packages/airflow/example_dags/example_sensors.py
[2025-11-13T23:38:59.375+0530] {processor.py:840} INFO - DAG(s) 'example_sensors' retrieved from /home/logi/txtai/venv/lib/python3.10/site-packages/airflow/example_dags/example_sensors.py
[2025-11-13T23:38:59.453+0530] {logging_mixin.py:188} INFO - [2025-11-13T23:38:59.453+0530] {dag.py:3089} INFO - Sync 1 DAGs
[2025-11-13T23:38:59.474+0530] {logging_mixin.py:188} INFO - [2025-11-13T23:38:59.473+0530] {dag.py:3947} INFO - Setting next_dagrun for example_sensors to None, run_after=None
[2025-11-13T23:38:59.525+0530] {processor.py:183} INFO - Processing /home/logi/txtai/venv/lib/python3.10/site-packages/airflow/example_dags/example_sensors.py took 0.193 seconds
[2025-11-13T23:39:30.587+0530] {processor.py:161} INFO - Started process (PID=18537) to work on /home/logi/txtai/venv/lib/python3.10/site-packages/airflow/example_dags/example_sensors.py
[2025-11-13T23:39:30.589+0530] {processor.py:830} INFO - Processing file /home/logi/txtai/venv/lib/python3.10/site-packages/airflow/example_dags/example_sensors.py for tasks to queue
[2025-11-13T23:39:30.592+0530] {logging_mixin.py:188} INFO - [2025-11-13T23:39:30.591+0530] {dagbag.py:545} INFO - Filling up the DagBag from /home/logi/txtai/venv/lib/python3.10/site-packages/airflow/example_dags/example_sensors.py
[2025-11-13T23:39:30.606+0530] {processor.py:840} INFO - DAG(s) 'example_sensors' retrieved from /home/logi/txtai/venv/lib/python3.10/site-packages/airflow/example_dags/example_sensors.py
[2025-11-13T23:39:30.671+0530] {logging_mixin.py:188} INFO - [2025-11-13T23:39:30.671+0530] {dag.py:3089} INFO - Sync 1 DAGs
[2025-11-13T23:39:30.694+0530] {logging_mixin.py:188} INFO - [2025-11-13T23:39:30.694+0530] {dag.py:3947} INFO - Setting next_dagrun for example_sensors to None, run_after=None
[2025-11-13T23:39:30.869+0530] {processor.py:183} INFO - Processing /home/logi/txtai/venv/lib/python3.10/site-packages/airflow/example_dags/example_sensors.py took 0.292 seconds
[2025-11-13T23:40:02.097+0530] {processor.py:161} INFO - Started process (PID=18756) to work on /home/logi/txtai/venv/lib/python3.10/site-packages/airflow/example_dags/example_sensors.py
[2025-11-13T23:40:02.099+0530] {processor.py:830} INFO - Processing file /home/logi/txtai/venv/lib/python3.10/site-packages/airflow/example_dags/example_sensors.py for tasks to queue
[2025-11-13T23:40:02.101+0530] {logging_mixin.py:188} INFO - [2025-11-13T23:40:02.100+0530] {dagbag.py:545} INFO - Filling up the DagBag from /home/logi/txtai/venv/lib/python3.10/site-packages/airflow/example_dags/example_sensors.py
[2025-11-13T23:40:02.120+0530] {processor.py:840} INFO - DAG(s) 'example_sensors' retrieved from /home/logi/txtai/venv/lib/python3.10/site-packages/airflow/example_dags/example_sensors.py
[2025-11-13T23:40:02.194+0530] {logging_mixin.py:188} INFO - [2025-11-13T23:40:02.193+0530] {dag.py:3089} INFO - Sync 1 DAGs
[2025-11-13T23:40:02.219+0530] {logging_mixin.py:188} INFO - [2025-11-13T23:40:02.218+0530] {dag.py:3947} INFO - Setting next_dagrun for example_sensors to None, run_after=None
[2025-11-13T23:40:02.476+0530] {processor.py:183} INFO - Processing /home/logi/txtai/venv/lib/python3.10/site-packages/airflow/example_dags/example_sensors.py took 0.386 seconds
[2025-11-13T23:40:34.125+0530] {processor.py:161} INFO - Started process (PID=19311) to work on /home/logi/txtai/venv/lib/python3.10/site-packages/airflow/example_dags/example_sensors.py
[2025-11-13T23:40:34.126+0530] {processor.py:830} INFO - Processing file /home/logi/txtai/venv/lib/python3.10/site-packages/airflow/example_dags/example_sensors.py for tasks to queue
[2025-11-13T23:40:34.129+0530] {logging_mixin.py:188} INFO - [2025-11-13T23:40:34.128+0530] {dagbag.py:545} INFO - Filling up the DagBag from /home/logi/txtai/venv/lib/python3.10/site-packages/airflow/example_dags/example_sensors.py
[2025-11-13T23:40:34.142+0530] {processor.py:840} INFO - DAG(s) 'example_sensors' retrieved from /home/logi/txtai/venv/lib/python3.10/site-packages/airflow/example_dags/example_sensors.py
[2025-11-13T23:40:34.198+0530] {logging_mixin.py:188} INFO - [2025-11-13T23:40:34.198+0530] {dag.py:3089} INFO - Sync 1 DAGs
[2025-11-13T23:40:34.218+0530] {logging_mixin.py:188} INFO - [2025-11-13T23:40:34.218+0530] {dag.py:3947} INFO - Setting next_dagrun for example_sensors to None, run_after=None
[2025-11-13T23:40:34.426+0530] {processor.py:183} INFO - Processing /home/logi/txtai/venv/lib/python3.10/site-packages/airflow/example_dags/example_sensors.py took 0.307 seconds
[2025-11-13T23:41:07.808+0530] {processor.py:161} INFO - Started process (PID=19680) to work on /home/logi/txtai/venv/lib/python3.10/site-packages/airflow/example_dags/example_sensors.py
[2025-11-13T23:41:07.821+0530] {processor.py:830} INFO - Processing file /home/logi/txtai/venv/lib/python3.10/site-packages/airflow/example_dags/example_sensors.py for tasks to queue
[2025-11-13T23:41:07.824+0530] {logging_mixin.py:188} INFO - [2025-11-13T23:41:07.823+0530] {dagbag.py:545} INFO - Filling up the DagBag from /home/logi/txtai/venv/lib/python3.10/site-packages/airflow/example_dags/example_sensors.py
[2025-11-13T23:41:07.838+0530] {processor.py:840} INFO - DAG(s) 'example_sensors' retrieved from /home/logi/txtai/venv/lib/python3.10/site-packages/airflow/example_dags/example_sensors.py
[2025-11-13T23:41:07.893+0530] {logging_mixin.py:188} INFO - [2025-11-13T23:41:07.893+0530] {dag.py:3089} INFO - Sync 1 DAGs
[2025-11-13T23:41:08.043+0530] {logging_mixin.py:188} INFO - [2025-11-13T23:41:08.043+0530] {dag.py:3947} INFO - Setting next_dagrun for example_sensors to None, run_after=None
[2025-11-13T23:41:08.079+0530] {processor.py:183} INFO - Processing /home/logi/txtai/venv/lib/python3.10/site-packages/airflow/example_dags/example_sensors.py took 0.282 seconds
[2025-11-13T23:41:40.169+0530] {processor.py:161} INFO - Started process (PID=20173) to work on /home/logi/txtai/venv/lib/python3.10/site-packages/airflow/example_dags/example_sensors.py
[2025-11-13T23:41:40.171+0530] {processor.py:830} INFO - Processing file /home/logi/txtai/venv/lib/python3.10/site-packages/airflow/example_dags/example_sensors.py for tasks to queue
[2025-11-13T23:41:40.174+0530] {logging_mixin.py:188} INFO - [2025-11-13T23:41:40.174+0530] {dagbag.py:545} INFO - Filling up the DagBag from /home/logi/txtai/venv/lib/python3.10/site-packages/airflow/example_dags/example_sensors.py
[2025-11-13T23:41:40.189+0530] {processor.py:840} INFO - DAG(s) 'example_sensors' retrieved from /home/logi/txtai/venv/lib/python3.10/site-packages/airflow/example_dags/example_sensors.py
[2025-11-13T23:41:40.248+0530] {logging_mixin.py:188} INFO - [2025-11-13T23:41:40.247+0530] {dag.py:3089} INFO - Sync 1 DAGs
[2025-11-13T23:41:40.416+0530] {logging_mixin.py:188} INFO - [2025-11-13T23:41:40.416+0530] {dag.py:3947} INFO - Setting next_dagrun for example_sensors to None, run_after=None
[2025-11-13T23:41:40.450+0530] {processor.py:183} INFO - Processing /home/logi/txtai/venv/lib/python3.10/site-packages/airflow/example_dags/example_sensors.py took 0.292 seconds
[2025-11-13T23:42:10.666+0530] {processor.py:161} INFO - Started process (PID=20482) to work on /home/logi/txtai/venv/lib/python3.10/site-packages/airflow/example_dags/example_sensors.py
[2025-11-13T23:42:10.668+0530] {processor.py:830} INFO - Processing file /home/logi/txtai/venv/lib/python3.10/site-packages/airflow/example_dags/example_sensors.py for tasks to queue
[2025-11-13T23:42:10.671+0530] {logging_mixin.py:188} INFO - [2025-11-13T23:42:10.670+0530] {dagbag.py:545} INFO - Filling up the DagBag from /home/logi/txtai/venv/lib/python3.10/site-packages/airflow/example_dags/example_sensors.py
[2025-11-13T23:42:10.686+0530] {processor.py:840} INFO - DAG(s) 'example_sensors' retrieved from /home/logi/txtai/venv/lib/python3.10/site-packages/airflow/example_dags/example_sensors.py
[2025-11-13T23:42:10.736+0530] {logging_mixin.py:188} INFO - [2025-11-13T23:42:10.735+0530] {dag.py:3089} INFO - Sync 1 DAGs
[2025-11-13T23:42:10.755+0530] {logging_mixin.py:188} INFO - [2025-11-13T23:42:10.755+0530] {dag.py:3947} INFO - Setting next_dagrun for example_sensors to None, run_after=None
[2025-11-13T23:42:10.778+0530] {processor.py:183} INFO - Processing /home/logi/txtai/venv/lib/python3.10/site-packages/airflow/example_dags/example_sensors.py took 0.124 seconds
[2025-11-13T23:42:40.916+0530] {processor.py:161} INFO - Started process (PID=21103) to work on /home/logi/txtai/venv/lib/python3.10/site-packages/airflow/example_dags/example_sensors.py
[2025-11-13T23:42:40.917+0530] {processor.py:830} INFO - Processing file /home/logi/txtai/venv/lib/python3.10/site-packages/airflow/example_dags/example_sensors.py for tasks to queue
[2025-11-13T23:42:40.921+0530] {logging_mixin.py:188} INFO - [2025-11-13T23:42:40.920+0530] {dagbag.py:545} INFO - Filling up the DagBag from /home/logi/txtai/venv/lib/python3.10/site-packages/airflow/example_dags/example_sensors.py
[2025-11-13T23:42:40.942+0530] {processor.py:840} INFO - DAG(s) 'example_sensors' retrieved from /home/logi/txtai/venv/lib/python3.10/site-packages/airflow/example_dags/example_sensors.py
[2025-11-13T23:42:41.021+0530] {logging_mixin.py:188} INFO - [2025-11-13T23:42:41.021+0530] {dag.py:3089} INFO - Sync 1 DAGs
[2025-11-13T23:42:41.048+0530] {logging_mixin.py:188} INFO - [2025-11-13T23:42:41.048+0530] {dag.py:3947} INFO - Setting next_dagrun for example_sensors to None, run_after=None
[2025-11-13T23:42:41.088+0530] {processor.py:183} INFO - Processing /home/logi/txtai/venv/lib/python3.10/site-packages/airflow/example_dags/example_sensors.py took 0.184 seconds
[2025-11-13T23:43:12.753+0530] {processor.py:161} INFO - Started process (PID=21643) to work on /home/logi/txtai/venv/lib/python3.10/site-packages/airflow/example_dags/example_sensors.py
[2025-11-13T23:43:12.758+0530] {processor.py:830} INFO - Processing file /home/logi/txtai/venv/lib/python3.10/site-packages/airflow/example_dags/example_sensors.py for tasks to queue
[2025-11-13T23:43:12.766+0530] {logging_mixin.py:188} INFO - [2025-11-13T23:43:12.764+0530] {dagbag.py:545} INFO - Filling up the DagBag from /home/logi/txtai/venv/lib/python3.10/site-packages/airflow/example_dags/example_sensors.py
[2025-11-13T23:43:12.795+0530] {processor.py:840} INFO - DAG(s) 'example_sensors' retrieved from /home/logi/txtai/venv/lib/python3.10/site-packages/airflow/example_dags/example_sensors.py
[2025-11-13T23:43:12.904+0530] {logging_mixin.py:188} INFO - [2025-11-13T23:43:12.903+0530] {dag.py:3089} INFO - Sync 1 DAGs
[2025-11-13T23:43:12.943+0530] {logging_mixin.py:188} INFO - [2025-11-13T23:43:12.942+0530] {dag.py:3947} INFO - Setting next_dagrun for example_sensors to None, run_after=None
[2025-11-13T23:43:13.034+0530] {processor.py:183} INFO - Processing /home/logi/txtai/venv/lib/python3.10/site-packages/airflow/example_dags/example_sensors.py took 0.310 seconds
[2025-11-13T23:43:43.160+0530] {processor.py:161} INFO - Started process (PID=22072) to work on /home/logi/txtai/venv/lib/python3.10/site-packages/airflow/example_dags/example_sensors.py
[2025-11-13T23:43:43.162+0530] {processor.py:830} INFO - Processing file /home/logi/txtai/venv/lib/python3.10/site-packages/airflow/example_dags/example_sensors.py for tasks to queue
[2025-11-13T23:43:43.165+0530] {logging_mixin.py:188} INFO - [2025-11-13T23:43:43.164+0530] {dagbag.py:545} INFO - Filling up the DagBag from /home/logi/txtai/venv/lib/python3.10/site-packages/airflow/example_dags/example_sensors.py
[2025-11-13T23:43:43.178+0530] {processor.py:840} INFO - DAG(s) 'example_sensors' retrieved from /home/logi/txtai/venv/lib/python3.10/site-packages/airflow/example_dags/example_sensors.py
[2025-11-13T23:43:43.246+0530] {logging_mixin.py:188} INFO - [2025-11-13T23:43:43.245+0530] {dag.py:3089} INFO - Sync 1 DAGs
[2025-11-13T23:43:43.268+0530] {logging_mixin.py:188} INFO - [2025-11-13T23:43:43.267+0530] {dag.py:3947} INFO - Setting next_dagrun for example_sensors to None, run_after=None
[2025-11-13T23:43:43.314+0530] {processor.py:183} INFO - Processing /home/logi/txtai/venv/lib/python3.10/site-packages/airflow/example_dags/example_sensors.py took 0.164 seconds
[2025-11-13T23:44:14.463+0530] {processor.py:161} INFO - Started process (PID=22435) to work on /home/logi/txtai/venv/lib/python3.10/site-packages/airflow/example_dags/example_sensors.py
[2025-11-13T23:44:14.465+0530] {processor.py:830} INFO - Processing file /home/logi/txtai/venv/lib/python3.10/site-packages/airflow/example_dags/example_sensors.py for tasks to queue
[2025-11-13T23:44:14.468+0530] {logging_mixin.py:188} INFO - [2025-11-13T23:44:14.467+0530] {dagbag.py:545} INFO - Filling up the DagBag from /home/logi/txtai/venv/lib/python3.10/site-packages/airflow/example_dags/example_sensors.py
[2025-11-13T23:44:14.483+0530] {processor.py:840} INFO - DAG(s) 'example_sensors' retrieved from /home/logi/txtai/venv/lib/python3.10/site-packages/airflow/example_dags/example_sensors.py
[2025-11-13T23:44:14.552+0530] {logging_mixin.py:188} INFO - [2025-11-13T23:44:14.551+0530] {dag.py:3089} INFO - Sync 1 DAGs
[2025-11-13T23:44:14.576+0530] {logging_mixin.py:188} INFO - [2025-11-13T23:44:14.576+0530] {dag.py:3947} INFO - Setting next_dagrun for example_sensors to None, run_after=None
[2025-11-13T23:44:14.615+0530] {processor.py:183} INFO - Processing /home/logi/txtai/venv/lib/python3.10/site-packages/airflow/example_dags/example_sensors.py took 0.163 seconds
[2025-11-13T23:44:45.168+0530] {processor.py:161} INFO - Started process (PID=23002) to work on /home/logi/txtai/venv/lib/python3.10/site-packages/airflow/example_dags/example_sensors.py
[2025-11-13T23:44:45.183+0530] {processor.py:830} INFO - Processing file /home/logi/txtai/venv/lib/python3.10/site-packages/airflow/example_dags/example_sensors.py for tasks to queue
[2025-11-13T23:44:45.190+0530] {logging_mixin.py:188} INFO - [2025-11-13T23:44:45.189+0530] {dagbag.py:545} INFO - Filling up the DagBag from /home/logi/txtai/venv/lib/python3.10/site-packages/airflow/example_dags/example_sensors.py
[2025-11-13T23:44:45.216+0530] {processor.py:840} INFO - DAG(s) 'example_sensors' retrieved from /home/logi/txtai/venv/lib/python3.10/site-packages/airflow/example_dags/example_sensors.py
[2025-11-13T23:44:45.301+0530] {logging_mixin.py:188} INFO - [2025-11-13T23:44:45.301+0530] {dag.py:3089} INFO - Sync 1 DAGs
[2025-11-13T23:44:45.332+0530] {logging_mixin.py:188} INFO - [2025-11-13T23:44:45.331+0530] {dag.py:3947} INFO - Setting next_dagrun for example_sensors to None, run_after=None
[2025-11-13T23:44:45.390+0530] {processor.py:183} INFO - Processing /home/logi/txtai/venv/lib/python3.10/site-packages/airflow/example_dags/example_sensors.py took 0.249 seconds
[2025-11-13T23:45:16.913+0530] {processor.py:161} INFO - Started process (PID=23532) to work on /home/logi/txtai/venv/lib/python3.10/site-packages/airflow/example_dags/example_sensors.py
[2025-11-13T23:45:16.914+0530] {processor.py:830} INFO - Processing file /home/logi/txtai/venv/lib/python3.10/site-packages/airflow/example_dags/example_sensors.py for tasks to queue
[2025-11-13T23:45:16.916+0530] {logging_mixin.py:188} INFO - [2025-11-13T23:45:16.916+0530] {dagbag.py:545} INFO - Filling up the DagBag from /home/logi/txtai/venv/lib/python3.10/site-packages/airflow/example_dags/example_sensors.py
[2025-11-13T23:45:16.924+0530] {processor.py:840} INFO - DAG(s) 'example_sensors' retrieved from /home/logi/txtai/venv/lib/python3.10/site-packages/airflow/example_dags/example_sensors.py
[2025-11-13T23:45:16.956+0530] {logging_mixin.py:188} INFO - [2025-11-13T23:45:16.956+0530] {dag.py:3089} INFO - Sync 1 DAGs
[2025-11-13T23:45:16.968+0530] {logging_mixin.py:188} INFO - [2025-11-13T23:45:16.968+0530] {dag.py:3947} INFO - Setting next_dagrun for example_sensors to None, run_after=None
[2025-11-13T23:45:16.994+0530] {processor.py:183} INFO - Processing /home/logi/txtai/venv/lib/python3.10/site-packages/airflow/example_dags/example_sensors.py took 0.087 seconds
[2025-11-13T23:45:47.787+0530] {processor.py:161} INFO - Started process (PID=23905) to work on /home/logi/txtai/venv/lib/python3.10/site-packages/airflow/example_dags/example_sensors.py
[2025-11-13T23:45:47.788+0530] {processor.py:830} INFO - Processing file /home/logi/txtai/venv/lib/python3.10/site-packages/airflow/example_dags/example_sensors.py for tasks to queue
[2025-11-13T23:45:47.791+0530] {logging_mixin.py:188} INFO - [2025-11-13T23:45:47.791+0530] {dagbag.py:545} INFO - Filling up the DagBag from /home/logi/txtai/venv/lib/python3.10/site-packages/airflow/example_dags/example_sensors.py
[2025-11-13T23:45:47.805+0530] {processor.py:840} INFO - DAG(s) 'example_sensors' retrieved from /home/logi/txtai/venv/lib/python3.10/site-packages/airflow/example_dags/example_sensors.py
[2025-11-13T23:45:47.871+0530] {logging_mixin.py:188} INFO - [2025-11-13T23:45:47.871+0530] {dag.py:3089} INFO - Sync 1 DAGs
[2025-11-13T23:45:47.895+0530] {logging_mixin.py:188} INFO - [2025-11-13T23:45:47.894+0530] {dag.py:3947} INFO - Setting next_dagrun for example_sensors to None, run_after=None
[2025-11-13T23:45:47.929+0530] {processor.py:183} INFO - Processing /home/logi/txtai/venv/lib/python3.10/site-packages/airflow/example_dags/example_sensors.py took 0.153 seconds
[2025-11-13T23:46:20.646+0530] {processor.py:161} INFO - Started process (PID=24443) to work on /home/logi/txtai/venv/lib/python3.10/site-packages/airflow/example_dags/example_sensors.py
[2025-11-13T23:46:20.666+0530] {processor.py:830} INFO - Processing file /home/logi/txtai/venv/lib/python3.10/site-packages/airflow/example_dags/example_sensors.py for tasks to queue
[2025-11-13T23:46:20.672+0530] {logging_mixin.py:188} INFO - [2025-11-13T23:46:20.670+0530] {dagbag.py:545} INFO - Filling up the DagBag from /home/logi/txtai/venv/lib/python3.10/site-packages/airflow/example_dags/example_sensors.py
[2025-11-13T23:46:20.706+0530] {processor.py:840} INFO - DAG(s) 'example_sensors' retrieved from /home/logi/txtai/venv/lib/python3.10/site-packages/airflow/example_dags/example_sensors.py
[2025-11-13T23:46:20.744+0530] {logging_mixin.py:188} INFO - [2025-11-13T23:46:20.744+0530] {dag.py:3089} INFO - Sync 1 DAGs
[2025-11-13T23:46:20.763+0530] {logging_mixin.py:188} INFO - [2025-11-13T23:46:20.763+0530] {dag.py:3947} INFO - Setting next_dagrun for example_sensors to None, run_after=None
[2025-11-13T23:46:20.823+0530] {processor.py:183} INFO - Processing /home/logi/txtai/venv/lib/python3.10/site-packages/airflow/example_dags/example_sensors.py took 0.205 seconds
[2025-11-13T23:46:51.698+0530] {processor.py:161} INFO - Started process (PID=24875) to work on /home/logi/txtai/venv/lib/python3.10/site-packages/airflow/example_dags/example_sensors.py
[2025-11-13T23:46:51.710+0530] {processor.py:830} INFO - Processing file /home/logi/txtai/venv/lib/python3.10/site-packages/airflow/example_dags/example_sensors.py for tasks to queue
[2025-11-13T23:46:51.715+0530] {logging_mixin.py:188} INFO - [2025-11-13T23:46:51.714+0530] {dagbag.py:545} INFO - Filling up the DagBag from /home/logi/txtai/venv/lib/python3.10/site-packages/airflow/example_dags/example_sensors.py
[2025-11-13T23:46:51.736+0530] {processor.py:840} INFO - DAG(s) 'example_sensors' retrieved from /home/logi/txtai/venv/lib/python3.10/site-packages/airflow/example_dags/example_sensors.py
[2025-11-13T23:46:51.806+0530] {logging_mixin.py:188} INFO - [2025-11-13T23:46:51.806+0530] {dag.py:3089} INFO - Sync 1 DAGs
[2025-11-13T23:46:51.828+0530] {logging_mixin.py:188} INFO - [2025-11-13T23:46:51.828+0530] {dag.py:3947} INFO - Setting next_dagrun for example_sensors to None, run_after=None
[2025-11-13T23:46:51.868+0530] {processor.py:183} INFO - Processing /home/logi/txtai/venv/lib/python3.10/site-packages/airflow/example_dags/example_sensors.py took 0.177 seconds
[2025-11-13T23:47:22.059+0530] {processor.py:161} INFO - Started process (PID=25364) to work on /home/logi/txtai/venv/lib/python3.10/site-packages/airflow/example_dags/example_sensors.py
[2025-11-13T23:47:22.060+0530] {processor.py:830} INFO - Processing file /home/logi/txtai/venv/lib/python3.10/site-packages/airflow/example_dags/example_sensors.py for tasks to queue
[2025-11-13T23:47:22.062+0530] {logging_mixin.py:188} INFO - [2025-11-13T23:47:22.062+0530] {dagbag.py:545} INFO - Filling up the DagBag from /home/logi/txtai/venv/lib/python3.10/site-packages/airflow/example_dags/example_sensors.py
[2025-11-13T23:47:22.071+0530] {processor.py:840} INFO - DAG(s) 'example_sensors' retrieved from /home/logi/txtai/venv/lib/python3.10/site-packages/airflow/example_dags/example_sensors.py
[2025-11-13T23:47:22.145+0530] {logging_mixin.py:188} INFO - [2025-11-13T23:47:22.144+0530] {dag.py:3089} INFO - Sync 1 DAGs
[2025-11-13T23:47:22.177+0530] {logging_mixin.py:188} INFO - [2025-11-13T23:47:22.176+0530] {dag.py:3947} INFO - Setting next_dagrun for example_sensors to None, run_after=None
[2025-11-13T23:47:22.248+0530] {processor.py:183} INFO - Processing /home/logi/txtai/venv/lib/python3.10/site-packages/airflow/example_dags/example_sensors.py took 0.198 seconds
[2025-11-13T23:47:54.626+0530] {processor.py:161} INFO - Started process (PID=25649) to work on /home/logi/txtai/venv/lib/python3.10/site-packages/airflow/example_dags/example_sensors.py
[2025-11-13T23:47:54.627+0530] {processor.py:830} INFO - Processing file /home/logi/txtai/venv/lib/python3.10/site-packages/airflow/example_dags/example_sensors.py for tasks to queue
[2025-11-13T23:47:54.628+0530] {logging_mixin.py:188} INFO - [2025-11-13T23:47:54.628+0530] {dagbag.py:545} INFO - Filling up the DagBag from /home/logi/txtai/venv/lib/python3.10/site-packages/airflow/example_dags/example_sensors.py
[2025-11-13T23:47:54.637+0530] {processor.py:840} INFO - DAG(s) 'example_sensors' retrieved from /home/logi/txtai/venv/lib/python3.10/site-packages/airflow/example_dags/example_sensors.py
[2025-11-13T23:47:54.684+0530] {logging_mixin.py:188} INFO - [2025-11-13T23:47:54.684+0530] {dag.py:3089} INFO - Sync 1 DAGs
[2025-11-13T23:47:54.699+0530] {logging_mixin.py:188} INFO - [2025-11-13T23:47:54.699+0530] {dag.py:3947} INFO - Setting next_dagrun for example_sensors to None, run_after=None
[2025-11-13T23:47:54.736+0530] {processor.py:183} INFO - Processing /home/logi/txtai/venv/lib/python3.10/site-packages/airflow/example_dags/example_sensors.py took 0.123 seconds
[2025-11-13T23:48:27.136+0530] {processor.py:161} INFO - Started process (PID=26168) to work on /home/logi/txtai/venv/lib/python3.10/site-packages/airflow/example_dags/example_sensors.py
[2025-11-13T23:48:27.141+0530] {processor.py:830} INFO - Processing file /home/logi/txtai/venv/lib/python3.10/site-packages/airflow/example_dags/example_sensors.py for tasks to queue
[2025-11-13T23:48:27.145+0530] {logging_mixin.py:188} INFO - [2025-11-13T23:48:27.144+0530] {dagbag.py:545} INFO - Filling up the DagBag from /home/logi/txtai/venv/lib/python3.10/site-packages/airflow/example_dags/example_sensors.py
[2025-11-13T23:48:27.184+0530] {processor.py:840} INFO - DAG(s) 'example_sensors' retrieved from /home/logi/txtai/venv/lib/python3.10/site-packages/airflow/example_dags/example_sensors.py
[2025-11-13T23:48:27.291+0530] {logging_mixin.py:188} INFO - [2025-11-13T23:48:27.290+0530] {dag.py:3089} INFO - Sync 1 DAGs
[2025-11-13T23:48:27.311+0530] {logging_mixin.py:188} INFO - [2025-11-13T23:48:27.310+0530] {dag.py:3947} INFO - Setting next_dagrun for example_sensors to None, run_after=None
[2025-11-13T23:48:27.364+0530] {processor.py:183} INFO - Processing /home/logi/txtai/venv/lib/python3.10/site-packages/airflow/example_dags/example_sensors.py took 0.251 seconds
[2025-11-13T23:48:57.867+0530] {processor.py:161} INFO - Started process (PID=26435) to work on /home/logi/txtai/venv/lib/python3.10/site-packages/airflow/example_dags/example_sensors.py
[2025-11-13T23:48:57.869+0530] {processor.py:830} INFO - Processing file /home/logi/txtai/venv/lib/python3.10/site-packages/airflow/example_dags/example_sensors.py for tasks to queue
[2025-11-13T23:48:57.872+0530] {logging_mixin.py:188} INFO - [2025-11-13T23:48:57.871+0530] {dagbag.py:545} INFO - Filling up the DagBag from /home/logi/txtai/venv/lib/python3.10/site-packages/airflow/example_dags/example_sensors.py
[2025-11-13T23:48:57.886+0530] {processor.py:840} INFO - DAG(s) 'example_sensors' retrieved from /home/logi/txtai/venv/lib/python3.10/site-packages/airflow/example_dags/example_sensors.py
[2025-11-13T23:48:57.954+0530] {logging_mixin.py:188} INFO - [2025-11-13T23:48:57.953+0530] {dag.py:3089} INFO - Sync 1 DAGs
[2025-11-13T23:48:57.985+0530] {logging_mixin.py:188} INFO - [2025-11-13T23:48:57.984+0530] {dag.py:3947} INFO - Setting next_dagrun for example_sensors to None, run_after=None
[2025-11-13T23:48:58.039+0530] {processor.py:183} INFO - Processing /home/logi/txtai/venv/lib/python3.10/site-packages/airflow/example_dags/example_sensors.py took 0.183 seconds
[2025-11-13T23:49:29.256+0530] {processor.py:161} INFO - Started process (PID=26977) to work on /home/logi/txtai/venv/lib/python3.10/site-packages/airflow/example_dags/example_sensors.py
[2025-11-13T23:49:29.258+0530] {processor.py:830} INFO - Processing file /home/logi/txtai/venv/lib/python3.10/site-packages/airflow/example_dags/example_sensors.py for tasks to queue
[2025-11-13T23:49:29.261+0530] {logging_mixin.py:188} INFO - [2025-11-13T23:49:29.261+0530] {dagbag.py:545} INFO - Filling up the DagBag from /home/logi/txtai/venv/lib/python3.10/site-packages/airflow/example_dags/example_sensors.py
[2025-11-13T23:49:29.275+0530] {processor.py:840} INFO - DAG(s) 'example_sensors' retrieved from /home/logi/txtai/venv/lib/python3.10/site-packages/airflow/example_dags/example_sensors.py
[2025-11-13T23:49:29.319+0530] {logging_mixin.py:188} INFO - [2025-11-13T23:49:29.319+0530] {dag.py:3089} INFO - Sync 1 DAGs
[2025-11-13T23:49:29.332+0530] {logging_mixin.py:188} INFO - [2025-11-13T23:49:29.332+0530] {dag.py:3947} INFO - Setting next_dagrun for example_sensors to None, run_after=None
[2025-11-13T23:49:29.360+0530] {processor.py:183} INFO - Processing /home/logi/txtai/venv/lib/python3.10/site-packages/airflow/example_dags/example_sensors.py took 0.112 seconds
[2025-11-13T23:49:59.551+0530] {processor.py:161} INFO - Started process (PID=27217) to work on /home/logi/txtai/venv/lib/python3.10/site-packages/airflow/example_dags/example_sensors.py
[2025-11-13T23:49:59.555+0530] {processor.py:830} INFO - Processing file /home/logi/txtai/venv/lib/python3.10/site-packages/airflow/example_dags/example_sensors.py for tasks to queue
[2025-11-13T23:49:59.562+0530] {logging_mixin.py:188} INFO - [2025-11-13T23:49:59.561+0530] {dagbag.py:545} INFO - Filling up the DagBag from /home/logi/txtai/venv/lib/python3.10/site-packages/airflow/example_dags/example_sensors.py
[2025-11-13T23:49:59.585+0530] {processor.py:840} INFO - DAG(s) 'example_sensors' retrieved from /home/logi/txtai/venv/lib/python3.10/site-packages/airflow/example_dags/example_sensors.py
[2025-11-13T23:49:59.655+0530] {logging_mixin.py:188} INFO - [2025-11-13T23:49:59.655+0530] {dag.py:3089} INFO - Sync 1 DAGs
[2025-11-13T23:49:59.667+0530] {logging_mixin.py:188} INFO - [2025-11-13T23:49:59.667+0530] {dag.py:3947} INFO - Setting next_dagrun for example_sensors to None, run_after=None
[2025-11-13T23:49:59.703+0530] {processor.py:183} INFO - Processing /home/logi/txtai/venv/lib/python3.10/site-packages/airflow/example_dags/example_sensors.py took 0.177 seconds
[2025-11-13T23:50:30.272+0530] {processor.py:161} INFO - Started process (PID=27856) to work on /home/logi/txtai/venv/lib/python3.10/site-packages/airflow/example_dags/example_sensors.py
[2025-11-13T23:50:30.274+0530] {processor.py:830} INFO - Processing file /home/logi/txtai/venv/lib/python3.10/site-packages/airflow/example_dags/example_sensors.py for tasks to queue
[2025-11-13T23:50:30.279+0530] {logging_mixin.py:188} INFO - [2025-11-13T23:50:30.278+0530] {dagbag.py:545} INFO - Filling up the DagBag from /home/logi/txtai/venv/lib/python3.10/site-packages/airflow/example_dags/example_sensors.py
[2025-11-13T23:50:30.298+0530] {processor.py:840} INFO - DAG(s) 'example_sensors' retrieved from /home/logi/txtai/venv/lib/python3.10/site-packages/airflow/example_dags/example_sensors.py
[2025-11-13T23:50:30.341+0530] {logging_mixin.py:188} INFO - [2025-11-13T23:50:30.340+0530] {dag.py:3089} INFO - Sync 1 DAGs
[2025-11-13T23:50:30.359+0530] {logging_mixin.py:188} INFO - [2025-11-13T23:50:30.358+0530] {dag.py:3947} INFO - Setting next_dagrun for example_sensors to None, run_after=None
[2025-11-13T23:50:30.390+0530] {processor.py:183} INFO - Processing /home/logi/txtai/venv/lib/python3.10/site-packages/airflow/example_dags/example_sensors.py took 0.132 seconds
[2025-11-13T23:51:01.537+0530] {processor.py:161} INFO - Started process (PID=28412) to work on /home/logi/txtai/venv/lib/python3.10/site-packages/airflow/example_dags/example_sensors.py
[2025-11-13T23:51:01.539+0530] {processor.py:830} INFO - Processing file /home/logi/txtai/venv/lib/python3.10/site-packages/airflow/example_dags/example_sensors.py for tasks to queue
[2025-11-13T23:51:01.542+0530] {logging_mixin.py:188} INFO - [2025-11-13T23:51:01.542+0530] {dagbag.py:545} INFO - Filling up the DagBag from /home/logi/txtai/venv/lib/python3.10/site-packages/airflow/example_dags/example_sensors.py
[2025-11-13T23:51:01.557+0530] {processor.py:840} INFO - DAG(s) 'example_sensors' retrieved from /home/logi/txtai/venv/lib/python3.10/site-packages/airflow/example_dags/example_sensors.py
[2025-11-13T23:51:01.611+0530] {logging_mixin.py:188} INFO - [2025-11-13T23:51:01.610+0530] {dag.py:3089} INFO - Sync 1 DAGs
[2025-11-13T23:51:01.632+0530] {logging_mixin.py:188} INFO - [2025-11-13T23:51:01.632+0530] {dag.py:3947} INFO - Setting next_dagrun for example_sensors to None, run_after=None
[2025-11-13T23:51:01.663+0530] {processor.py:183} INFO - Processing /home/logi/txtai/venv/lib/python3.10/site-packages/airflow/example_dags/example_sensors.py took 0.137 seconds
[2025-11-13T23:51:32.756+0530] {processor.py:161} INFO - Started process (PID=28817) to work on /home/logi/txtai/venv/lib/python3.10/site-packages/airflow/example_dags/example_sensors.py
[2025-11-13T23:51:32.758+0530] {processor.py:830} INFO - Processing file /home/logi/txtai/venv/lib/python3.10/site-packages/airflow/example_dags/example_sensors.py for tasks to queue
[2025-11-13T23:51:32.760+0530] {logging_mixin.py:188} INFO - [2025-11-13T23:51:32.760+0530] {dagbag.py:545} INFO - Filling up the DagBag from /home/logi/txtai/venv/lib/python3.10/site-packages/airflow/example_dags/example_sensors.py
[2025-11-13T23:51:32.773+0530] {processor.py:840} INFO - DAG(s) 'example_sensors' retrieved from /home/logi/txtai/venv/lib/python3.10/site-packages/airflow/example_dags/example_sensors.py
[2025-11-13T23:51:32.832+0530] {logging_mixin.py:188} INFO - [2025-11-13T23:51:32.832+0530] {dag.py:3089} INFO - Sync 1 DAGs
[2025-11-13T23:51:32.853+0530] {logging_mixin.py:188} INFO - [2025-11-13T23:51:32.853+0530] {dag.py:3947} INFO - Setting next_dagrun for example_sensors to None, run_after=None
[2025-11-13T23:51:32.878+0530] {processor.py:183} INFO - Processing /home/logi/txtai/venv/lib/python3.10/site-packages/airflow/example_dags/example_sensors.py took 0.133 seconds
[2025-11-13T23:52:05.799+0530] {processor.py:161} INFO - Started process (PID=29390) to work on /home/logi/txtai/venv/lib/python3.10/site-packages/airflow/example_dags/example_sensors.py
[2025-11-13T23:52:05.804+0530] {processor.py:830} INFO - Processing file /home/logi/txtai/venv/lib/python3.10/site-packages/airflow/example_dags/example_sensors.py for tasks to queue
[2025-11-13T23:52:05.810+0530] {logging_mixin.py:188} INFO - [2025-11-13T23:52:05.809+0530] {dagbag.py:545} INFO - Filling up the DagBag from /home/logi/txtai/venv/lib/python3.10/site-packages/airflow/example_dags/example_sensors.py
[2025-11-13T23:52:05.836+0530] {processor.py:840} INFO - DAG(s) 'example_sensors' retrieved from /home/logi/txtai/venv/lib/python3.10/site-packages/airflow/example_dags/example_sensors.py
[2025-11-13T23:52:05.910+0530] {logging_mixin.py:188} INFO - [2025-11-13T23:52:05.909+0530] {dag.py:3089} INFO - Sync 1 DAGs
[2025-11-13T23:52:05.938+0530] {logging_mixin.py:188} INFO - [2025-11-13T23:52:05.938+0530] {dag.py:3947} INFO - Setting next_dagrun for example_sensors to None, run_after=None
[2025-11-13T23:52:05.993+0530] {processor.py:183} INFO - Processing /home/logi/txtai/venv/lib/python3.10/site-packages/airflow/example_dags/example_sensors.py took 0.214 seconds
[2025-11-13T23:52:36.717+0530] {processor.py:161} INFO - Started process (PID=29892) to work on /home/logi/txtai/venv/lib/python3.10/site-packages/airflow/example_dags/example_sensors.py
[2025-11-13T23:52:36.719+0530] {processor.py:830} INFO - Processing file /home/logi/txtai/venv/lib/python3.10/site-packages/airflow/example_dags/example_sensors.py for tasks to queue
[2025-11-13T23:52:36.721+0530] {logging_mixin.py:188} INFO - [2025-11-13T23:52:36.721+0530] {dagbag.py:545} INFO - Filling up the DagBag from /home/logi/txtai/venv/lib/python3.10/site-packages/airflow/example_dags/example_sensors.py
[2025-11-13T23:52:36.738+0530] {processor.py:840} INFO - DAG(s) 'example_sensors' retrieved from /home/logi/txtai/venv/lib/python3.10/site-packages/airflow/example_dags/example_sensors.py
[2025-11-13T23:52:36.792+0530] {logging_mixin.py:188} INFO - [2025-11-13T23:52:36.792+0530] {dag.py:3089} INFO - Sync 1 DAGs
[2025-11-13T23:52:36.807+0530] {logging_mixin.py:188} INFO - [2025-11-13T23:52:36.807+0530] {dag.py:3947} INFO - Setting next_dagrun for example_sensors to None, run_after=None
[2025-11-13T23:52:36.837+0530] {processor.py:183} INFO - Processing /home/logi/txtai/venv/lib/python3.10/site-packages/airflow/example_dags/example_sensors.py took 0.131 seconds
[2025-11-13T23:53:08.699+0530] {processor.py:161} INFO - Started process (PID=30212) to work on /home/logi/txtai/venv/lib/python3.10/site-packages/airflow/example_dags/example_sensors.py
[2025-11-13T23:53:08.703+0530] {processor.py:830} INFO - Processing file /home/logi/txtai/venv/lib/python3.10/site-packages/airflow/example_dags/example_sensors.py for tasks to queue
[2025-11-13T23:53:08.712+0530] {logging_mixin.py:188} INFO - [2025-11-13T23:53:08.711+0530] {dagbag.py:545} INFO - Filling up the DagBag from /home/logi/txtai/venv/lib/python3.10/site-packages/airflow/example_dags/example_sensors.py
[2025-11-13T23:53:08.747+0530] {processor.py:840} INFO - DAG(s) 'example_sensors' retrieved from /home/logi/txtai/venv/lib/python3.10/site-packages/airflow/example_dags/example_sensors.py
[2025-11-13T23:53:08.867+0530] {logging_mixin.py:188} INFO - [2025-11-13T23:53:08.865+0530] {dag.py:3089} INFO - Sync 1 DAGs
[2025-11-13T23:53:08.902+0530] {logging_mixin.py:188} INFO - [2025-11-13T23:53:08.900+0530] {dag.py:3947} INFO - Setting next_dagrun for example_sensors to None, run_after=None
[2025-11-13T23:53:08.978+0530] {processor.py:183} INFO - Processing /home/logi/txtai/venv/lib/python3.10/site-packages/airflow/example_dags/example_sensors.py took 0.308 seconds
[2025-11-13T23:53:39.043+0530] {processor.py:161} INFO - Started process (PID=30554) to work on /home/logi/txtai/venv/lib/python3.10/site-packages/airflow/example_dags/example_sensors.py
[2025-11-13T23:53:39.045+0530] {processor.py:830} INFO - Processing file /home/logi/txtai/venv/lib/python3.10/site-packages/airflow/example_dags/example_sensors.py for tasks to queue
[2025-11-13T23:53:39.047+0530] {logging_mixin.py:188} INFO - [2025-11-13T23:53:39.047+0530] {dagbag.py:545} INFO - Filling up the DagBag from /home/logi/txtai/venv/lib/python3.10/site-packages/airflow/example_dags/example_sensors.py
[2025-11-13T23:53:39.061+0530] {processor.py:840} INFO - DAG(s) 'example_sensors' retrieved from /home/logi/txtai/venv/lib/python3.10/site-packages/airflow/example_dags/example_sensors.py
[2025-11-13T23:53:39.136+0530] {logging_mixin.py:188} INFO - [2025-11-13T23:53:39.136+0530] {dag.py:3089} INFO - Sync 1 DAGs
[2025-11-13T23:53:39.159+0530] {logging_mixin.py:188} INFO - [2025-11-13T23:53:39.158+0530] {dag.py:3947} INFO - Setting next_dagrun for example_sensors to None, run_after=None
[2025-11-13T23:53:39.206+0530] {processor.py:183} INFO - Processing /home/logi/txtai/venv/lib/python3.10/site-packages/airflow/example_dags/example_sensors.py took 0.174 seconds
[2025-11-13T23:54:10.777+0530] {processor.py:161} INFO - Started process (PID=30834) to work on /home/logi/txtai/venv/lib/python3.10/site-packages/airflow/example_dags/example_sensors.py
[2025-11-13T23:54:10.782+0530] {processor.py:830} INFO - Processing file /home/logi/txtai/venv/lib/python3.10/site-packages/airflow/example_dags/example_sensors.py for tasks to queue
[2025-11-13T23:54:10.789+0530] {logging_mixin.py:188} INFO - [2025-11-13T23:54:10.788+0530] {dagbag.py:545} INFO - Filling up the DagBag from /home/logi/txtai/venv/lib/python3.10/site-packages/airflow/example_dags/example_sensors.py
[2025-11-13T23:54:10.809+0530] {processor.py:840} INFO - DAG(s) 'example_sensors' retrieved from /home/logi/txtai/venv/lib/python3.10/site-packages/airflow/example_dags/example_sensors.py
[2025-11-13T23:54:10.871+0530] {logging_mixin.py:188} INFO - [2025-11-13T23:54:10.870+0530] {dag.py:3089} INFO - Sync 1 DAGs
[2025-11-13T23:54:10.892+0530] {logging_mixin.py:188} INFO - [2025-11-13T23:54:10.892+0530] {dag.py:3947} INFO - Setting next_dagrun for example_sensors to None, run_after=None
[2025-11-13T23:54:10.922+0530] {processor.py:183} INFO - Processing /home/logi/txtai/venv/lib/python3.10/site-packages/airflow/example_dags/example_sensors.py took 0.163 seconds
[2025-11-13T23:54:41.051+0530] {processor.py:161} INFO - Started process (PID=31396) to work on /home/logi/txtai/venv/lib/python3.10/site-packages/airflow/example_dags/example_sensors.py
[2025-11-13T23:54:41.052+0530] {processor.py:830} INFO - Processing file /home/logi/txtai/venv/lib/python3.10/site-packages/airflow/example_dags/example_sensors.py for tasks to queue
[2025-11-13T23:54:41.055+0530] {logging_mixin.py:188} INFO - [2025-11-13T23:54:41.055+0530] {dagbag.py:545} INFO - Filling up the DagBag from /home/logi/txtai/venv/lib/python3.10/site-packages/airflow/example_dags/example_sensors.py
[2025-11-13T23:54:41.071+0530] {processor.py:840} INFO - DAG(s) 'example_sensors' retrieved from /home/logi/txtai/venv/lib/python3.10/site-packages/airflow/example_dags/example_sensors.py
[2025-11-13T23:54:41.119+0530] {logging_mixin.py:188} INFO - [2025-11-13T23:54:41.119+0530] {dag.py:3089} INFO - Sync 1 DAGs
[2025-11-13T23:54:41.134+0530] {logging_mixin.py:188} INFO - [2025-11-13T23:54:41.133+0530] {dag.py:3947} INFO - Setting next_dagrun for example_sensors to None, run_after=None
[2025-11-13T23:54:41.176+0530] {processor.py:183} INFO - Processing /home/logi/txtai/venv/lib/python3.10/site-packages/airflow/example_dags/example_sensors.py took 0.136 seconds
[2025-11-13T23:55:12.032+0530] {processor.py:161} INFO - Started process (PID=31984) to work on /home/logi/txtai/venv/lib/python3.10/site-packages/airflow/example_dags/example_sensors.py
[2025-11-13T23:55:12.034+0530] {processor.py:830} INFO - Processing file /home/logi/txtai/venv/lib/python3.10/site-packages/airflow/example_dags/example_sensors.py for tasks to queue
[2025-11-13T23:55:12.037+0530] {logging_mixin.py:188} INFO - [2025-11-13T23:55:12.036+0530] {dagbag.py:545} INFO - Filling up the DagBag from /home/logi/txtai/venv/lib/python3.10/site-packages/airflow/example_dags/example_sensors.py
[2025-11-13T23:55:12.048+0530] {processor.py:840} INFO - DAG(s) 'example_sensors' retrieved from /home/logi/txtai/venv/lib/python3.10/site-packages/airflow/example_dags/example_sensors.py
[2025-11-13T23:55:12.094+0530] {logging_mixin.py:188} INFO - [2025-11-13T23:55:12.094+0530] {dag.py:3089} INFO - Sync 1 DAGs
[2025-11-13T23:55:12.119+0530] {logging_mixin.py:188} INFO - [2025-11-13T23:55:12.118+0530] {dag.py:3947} INFO - Setting next_dagrun for example_sensors to None, run_after=None
[2025-11-13T23:55:12.155+0530] {processor.py:183} INFO - Processing /home/logi/txtai/venv/lib/python3.10/site-packages/airflow/example_dags/example_sensors.py took 0.134 seconds
[2025-11-13T23:55:43.010+0530] {processor.py:161} INFO - Started process (PID=32748) to work on /home/logi/txtai/venv/lib/python3.10/site-packages/airflow/example_dags/example_sensors.py
[2025-11-13T23:55:43.012+0530] {processor.py:830} INFO - Processing file /home/logi/txtai/venv/lib/python3.10/site-packages/airflow/example_dags/example_sensors.py for tasks to queue
[2025-11-13T23:55:43.015+0530] {logging_mixin.py:188} INFO - [2025-11-13T23:55:43.015+0530] {dagbag.py:545} INFO - Filling up the DagBag from /home/logi/txtai/venv/lib/python3.10/site-packages/airflow/example_dags/example_sensors.py
[2025-11-13T23:55:43.030+0530] {processor.py:840} INFO - DAG(s) 'example_sensors' retrieved from /home/logi/txtai/venv/lib/python3.10/site-packages/airflow/example_dags/example_sensors.py
[2025-11-13T23:55:43.082+0530] {logging_mixin.py:188} INFO - [2025-11-13T23:55:43.082+0530] {dag.py:3089} INFO - Sync 1 DAGs
[2025-11-13T23:55:43.098+0530] {logging_mixin.py:188} INFO - [2025-11-13T23:55:43.098+0530] {dag.py:3947} INFO - Setting next_dagrun for example_sensors to None, run_after=None
[2025-11-13T23:55:43.123+0530] {processor.py:183} INFO - Processing /home/logi/txtai/venv/lib/python3.10/site-packages/airflow/example_dags/example_sensors.py took 0.125 seconds
[2025-11-13T23:56:14.571+0530] {processor.py:161} INFO - Started process (PID=33507) to work on /home/logi/txtai/venv/lib/python3.10/site-packages/airflow/example_dags/example_sensors.py
[2025-11-13T23:56:14.576+0530] {processor.py:830} INFO - Processing file /home/logi/txtai/venv/lib/python3.10/site-packages/airflow/example_dags/example_sensors.py for tasks to queue
[2025-11-13T23:56:14.578+0530] {logging_mixin.py:188} INFO - [2025-11-13T23:56:14.577+0530] {dagbag.py:545} INFO - Filling up the DagBag from /home/logi/txtai/venv/lib/python3.10/site-packages/airflow/example_dags/example_sensors.py
[2025-11-13T23:56:14.609+0530] {processor.py:840} INFO - DAG(s) 'example_sensors' retrieved from /home/logi/txtai/venv/lib/python3.10/site-packages/airflow/example_dags/example_sensors.py
[2025-11-13T23:56:14.701+0530] {logging_mixin.py:188} INFO - [2025-11-13T23:56:14.700+0530] {dag.py:3089} INFO - Sync 1 DAGs
[2025-11-13T23:56:14.728+0530] {logging_mixin.py:188} INFO - [2025-11-13T23:56:14.728+0530] {dag.py:3947} INFO - Setting next_dagrun for example_sensors to None, run_after=None
[2025-11-13T23:56:14.780+0530] {processor.py:183} INFO - Processing /home/logi/txtai/venv/lib/python3.10/site-packages/airflow/example_dags/example_sensors.py took 0.235 seconds
[2025-11-13T23:56:45.226+0530] {processor.py:161} INFO - Started process (PID=34240) to work on /home/logi/txtai/venv/lib/python3.10/site-packages/airflow/example_dags/example_sensors.py
[2025-11-13T23:56:45.227+0530] {processor.py:830} INFO - Processing file /home/logi/txtai/venv/lib/python3.10/site-packages/airflow/example_dags/example_sensors.py for tasks to queue
[2025-11-13T23:56:45.228+0530] {logging_mixin.py:188} INFO - [2025-11-13T23:56:45.228+0530] {dagbag.py:545} INFO - Filling up the DagBag from /home/logi/txtai/venv/lib/python3.10/site-packages/airflow/example_dags/example_sensors.py
[2025-11-13T23:56:45.244+0530] {processor.py:840} INFO - DAG(s) 'example_sensors' retrieved from /home/logi/txtai/venv/lib/python3.10/site-packages/airflow/example_dags/example_sensors.py
[2025-11-13T23:56:45.307+0530] {logging_mixin.py:188} INFO - [2025-11-13T23:56:45.306+0530] {dag.py:3089} INFO - Sync 1 DAGs
[2025-11-13T23:56:45.326+0530] {logging_mixin.py:188} INFO - [2025-11-13T23:56:45.326+0530] {dag.py:3947} INFO - Setting next_dagrun for example_sensors to None, run_after=None
[2025-11-13T23:56:45.384+0530] {processor.py:183} INFO - Processing /home/logi/txtai/venv/lib/python3.10/site-packages/airflow/example_dags/example_sensors.py took 0.164 seconds
[2025-11-13T23:57:16.010+0530] {processor.py:161} INFO - Started process (PID=34979) to work on /home/logi/txtai/venv/lib/python3.10/site-packages/airflow/example_dags/example_sensors.py
[2025-11-13T23:57:16.012+0530] {processor.py:830} INFO - Processing file /home/logi/txtai/venv/lib/python3.10/site-packages/airflow/example_dags/example_sensors.py for tasks to queue
[2025-11-13T23:57:16.014+0530] {logging_mixin.py:188} INFO - [2025-11-13T23:57:16.014+0530] {dagbag.py:545} INFO - Filling up the DagBag from /home/logi/txtai/venv/lib/python3.10/site-packages/airflow/example_dags/example_sensors.py
[2025-11-13T23:57:16.031+0530] {processor.py:840} INFO - DAG(s) 'example_sensors' retrieved from /home/logi/txtai/venv/lib/python3.10/site-packages/airflow/example_dags/example_sensors.py
[2025-11-13T23:57:16.089+0530] {logging_mixin.py:188} INFO - [2025-11-13T23:57:16.088+0530] {dag.py:3089} INFO - Sync 1 DAGs
[2025-11-13T23:57:16.108+0530] {logging_mixin.py:188} INFO - [2025-11-13T23:57:16.108+0530] {dag.py:3947} INFO - Setting next_dagrun for example_sensors to None, run_after=None
[2025-11-13T23:57:16.150+0530] {processor.py:183} INFO - Processing /home/logi/txtai/venv/lib/python3.10/site-packages/airflow/example_dags/example_sensors.py took 0.151 seconds
