[2025-11-13T05:51:12.868+0530] {processor.py:161} INFO - Started process (PID=6852) to work on /home/logi/txtai/venv/lib/python3.10/site-packages/airflow/example_dags/example_params_trigger_ui.py
[2025-11-13T05:51:12.870+0530] {processor.py:830} INFO - Processing file /home/logi/txtai/venv/lib/python3.10/site-packages/airflow/example_dags/example_params_trigger_ui.py for tasks to queue
[2025-11-13T05:51:12.873+0530] {logging_mixin.py:188} INFO - [2025-11-13T05:51:12.872+0530] {dagbag.py:545} INFO - Filling up the DagBag from /home/logi/txtai/venv/lib/python3.10/site-packages/airflow/example_dags/example_params_trigger_ui.py
[2025-11-13T05:51:12.885+0530] {processor.py:840} INFO - DAG(s) 'example_params_trigger_ui' retrieved from /home/logi/txtai/venv/lib/python3.10/site-packages/airflow/example_dags/example_params_trigger_ui.py
[2025-11-13T05:51:12.985+0530] {logging_mixin.py:188} INFO - [2025-11-13T05:51:12.984+0530] {dag.py:3089} INFO - Sync 1 DAGs
[2025-11-13T05:51:12.993+0530] {logging_mixin.py:188} INFO - [2025-11-13T05:51:12.993+0530] {dag.py:3947} INFO - Setting next_dagrun for example_params_trigger_ui to None, run_after=None
[2025-11-13T05:51:13.014+0530] {processor.py:183} INFO - Processing /home/logi/txtai/venv/lib/python3.10/site-packages/airflow/example_dags/example_params_trigger_ui.py took 0.157 seconds
[2025-11-13T05:53:04.437+0530] {processor.py:161} INFO - Started process (PID=8119) to work on /home/logi/txtai/venv/lib/python3.10/site-packages/airflow/example_dags/example_params_trigger_ui.py
[2025-11-13T05:53:04.451+0530] {processor.py:830} INFO - Processing file /home/logi/txtai/venv/lib/python3.10/site-packages/airflow/example_dags/example_params_trigger_ui.py for tasks to queue
[2025-11-13T05:53:04.454+0530] {logging_mixin.py:188} INFO - [2025-11-13T05:53:04.453+0530] {dagbag.py:545} INFO - Filling up the DagBag from /home/logi/txtai/venv/lib/python3.10/site-packages/airflow/example_dags/example_params_trigger_ui.py
[2025-11-13T05:53:04.469+0530] {processor.py:840} INFO - DAG(s) 'example_params_trigger_ui' retrieved from /home/logi/txtai/venv/lib/python3.10/site-packages/airflow/example_dags/example_params_trigger_ui.py
[2025-11-13T05:53:04.520+0530] {logging_mixin.py:188} INFO - [2025-11-13T05:53:04.519+0530] {dag.py:3089} INFO - Sync 1 DAGs
[2025-11-13T05:53:04.530+0530] {logging_mixin.py:188} INFO - [2025-11-13T05:53:04.530+0530] {dag.py:3947} INFO - Setting next_dagrun for example_params_trigger_ui to None, run_after=None
[2025-11-13T05:53:04.550+0530] {processor.py:183} INFO - Processing /home/logi/txtai/venv/lib/python3.10/site-packages/airflow/example_dags/example_params_trigger_ui.py took 0.130 seconds
[2025-11-13T05:56:55.053+0530] {processor.py:161} INFO - Started process (PID=10478) to work on /home/logi/txtai/venv/lib/python3.10/site-packages/airflow/example_dags/example_params_trigger_ui.py
[2025-11-13T05:56:55.068+0530] {processor.py:830} INFO - Processing file /home/logi/txtai/venv/lib/python3.10/site-packages/airflow/example_dags/example_params_trigger_ui.py for tasks to queue
[2025-11-13T05:56:55.072+0530] {logging_mixin.py:188} INFO - [2025-11-13T05:56:55.071+0530] {dagbag.py:545} INFO - Filling up the DagBag from /home/logi/txtai/venv/lib/python3.10/site-packages/airflow/example_dags/example_params_trigger_ui.py
[2025-11-13T05:56:55.090+0530] {processor.py:840} INFO - DAG(s) 'example_params_trigger_ui' retrieved from /home/logi/txtai/venv/lib/python3.10/site-packages/airflow/example_dags/example_params_trigger_ui.py
[2025-11-13T05:56:55.144+0530] {logging_mixin.py:188} INFO - [2025-11-13T05:56:55.143+0530] {dag.py:3089} INFO - Sync 1 DAGs
[2025-11-13T05:56:55.165+0530] {logging_mixin.py:188} INFO - [2025-11-13T05:56:55.165+0530] {dag.py:3947} INFO - Setting next_dagrun for example_params_trigger_ui to None, run_after=None
[2025-11-13T05:56:55.215+0530] {processor.py:183} INFO - Processing /home/logi/txtai/venv/lib/python3.10/site-packages/airflow/example_dags/example_params_trigger_ui.py took 0.179 seconds
[2025-11-13T05:58:55.916+0530] {processor.py:161} INFO - Started process (PID=11591) to work on /home/logi/txtai/venv/lib/python3.10/site-packages/airflow/example_dags/example_params_trigger_ui.py
[2025-11-13T05:58:55.929+0530] {processor.py:830} INFO - Processing file /home/logi/txtai/venv/lib/python3.10/site-packages/airflow/example_dags/example_params_trigger_ui.py for tasks to queue
[2025-11-13T05:58:55.931+0530] {logging_mixin.py:188} INFO - [2025-11-13T05:58:55.931+0530] {dagbag.py:545} INFO - Filling up the DagBag from /home/logi/txtai/venv/lib/python3.10/site-packages/airflow/example_dags/example_params_trigger_ui.py
[2025-11-13T05:58:55.943+0530] {processor.py:840} INFO - DAG(s) 'example_params_trigger_ui' retrieved from /home/logi/txtai/venv/lib/python3.10/site-packages/airflow/example_dags/example_params_trigger_ui.py
[2025-11-13T05:58:55.982+0530] {logging_mixin.py:188} INFO - [2025-11-13T05:58:55.981+0530] {dag.py:3089} INFO - Sync 1 DAGs
[2025-11-13T05:58:55.994+0530] {logging_mixin.py:188} INFO - [2025-11-13T05:58:55.994+0530] {dag.py:3947} INFO - Setting next_dagrun for example_params_trigger_ui to None, run_after=None
[2025-11-13T05:58:56.018+0530] {processor.py:183} INFO - Processing /home/logi/txtai/venv/lib/python3.10/site-packages/airflow/example_dags/example_params_trigger_ui.py took 0.110 seconds
[2025-11-13T06:00:57.020+0530] {processor.py:161} INFO - Started process (PID=12984) to work on /home/logi/txtai/venv/lib/python3.10/site-packages/airflow/example_dags/example_params_trigger_ui.py
[2025-11-13T06:00:57.034+0530] {processor.py:830} INFO - Processing file /home/logi/txtai/venv/lib/python3.10/site-packages/airflow/example_dags/example_params_trigger_ui.py for tasks to queue
[2025-11-13T06:00:57.037+0530] {logging_mixin.py:188} INFO - [2025-11-13T06:00:57.037+0530] {dagbag.py:545} INFO - Filling up the DagBag from /home/logi/txtai/venv/lib/python3.10/site-packages/airflow/example_dags/example_params_trigger_ui.py
[2025-11-13T06:00:57.054+0530] {processor.py:840} INFO - DAG(s) 'example_params_trigger_ui' retrieved from /home/logi/txtai/venv/lib/python3.10/site-packages/airflow/example_dags/example_params_trigger_ui.py
[2025-11-13T06:00:57.101+0530] {logging_mixin.py:188} INFO - [2025-11-13T06:00:57.101+0530] {dag.py:3089} INFO - Sync 1 DAGs
[2025-11-13T06:00:57.111+0530] {logging_mixin.py:188} INFO - [2025-11-13T06:00:57.111+0530] {dag.py:3947} INFO - Setting next_dagrun for example_params_trigger_ui to None, run_after=None
[2025-11-13T06:00:57.133+0530] {processor.py:183} INFO - Processing /home/logi/txtai/venv/lib/python3.10/site-packages/airflow/example_dags/example_params_trigger_ui.py took 0.124 seconds
[2025-11-13T06:03:44.667+0530] {processor.py:161} INFO - Started process (PID=15000) to work on /home/logi/txtai/venv/lib/python3.10/site-packages/airflow/example_dags/example_params_trigger_ui.py
[2025-11-13T06:03:44.668+0530] {processor.py:830} INFO - Processing file /home/logi/txtai/venv/lib/python3.10/site-packages/airflow/example_dags/example_params_trigger_ui.py for tasks to queue
[2025-11-13T06:03:44.672+0530] {logging_mixin.py:188} INFO - [2025-11-13T06:03:44.671+0530] {dagbag.py:545} INFO - Filling up the DagBag from /home/logi/txtai/venv/lib/python3.10/site-packages/airflow/example_dags/example_params_trigger_ui.py
[2025-11-13T06:03:44.688+0530] {processor.py:840} INFO - DAG(s) 'example_params_trigger_ui' retrieved from /home/logi/txtai/venv/lib/python3.10/site-packages/airflow/example_dags/example_params_trigger_ui.py
[2025-11-13T06:03:44.728+0530] {logging_mixin.py:188} INFO - [2025-11-13T06:03:44.727+0530] {dag.py:3089} INFO - Sync 1 DAGs
[2025-11-13T06:03:44.738+0530] {logging_mixin.py:188} INFO - [2025-11-13T06:03:44.737+0530] {dag.py:3947} INFO - Setting next_dagrun for example_params_trigger_ui to None, run_after=None
[2025-11-13T06:03:44.758+0530] {processor.py:183} INFO - Processing /home/logi/txtai/venv/lib/python3.10/site-packages/airflow/example_dags/example_params_trigger_ui.py took 0.103 seconds
[2025-11-13T10:40:42.325+0530] {processor.py:161} INFO - Started process (PID=17068) to work on /home/logi/txtai/venv/lib/python3.10/site-packages/airflow/example_dags/example_params_trigger_ui.py
[2025-11-13T10:40:42.328+0530] {processor.py:830} INFO - Processing file /home/logi/txtai/venv/lib/python3.10/site-packages/airflow/example_dags/example_params_trigger_ui.py for tasks to queue
[2025-11-13T10:40:42.331+0530] {logging_mixin.py:188} INFO - [2025-11-13T10:40:42.330+0530] {dagbag.py:545} INFO - Filling up the DagBag from /home/logi/txtai/venv/lib/python3.10/site-packages/airflow/example_dags/example_params_trigger_ui.py
[2025-11-13T10:40:42.345+0530] {processor.py:840} INFO - DAG(s) 'example_params_trigger_ui' retrieved from /home/logi/txtai/venv/lib/python3.10/site-packages/airflow/example_dags/example_params_trigger_ui.py
[2025-11-13T10:40:42.559+0530] {logging_mixin.py:188} INFO - [2025-11-13T10:40:42.559+0530] {override.py:1858} INFO - Created Permission View: can edit on DAG:example_params_trigger_ui
[2025-11-13T10:40:42.579+0530] {logging_mixin.py:188} INFO - [2025-11-13T10:40:42.578+0530] {override.py:1858} INFO - Created Permission View: can read on DAG:example_params_trigger_ui
[2025-11-13T10:40:42.595+0530] {logging_mixin.py:188} INFO - [2025-11-13T10:40:42.595+0530] {override.py:1858} INFO - Created Permission View: can delete on DAG:example_params_trigger_ui
[2025-11-13T10:40:42.596+0530] {logging_mixin.py:188} INFO - [2025-11-13T10:40:42.596+0530] {dag.py:3089} INFO - Sync 1 DAGs
[2025-11-13T10:40:42.625+0530] {logging_mixin.py:188} INFO - [2025-11-13T10:40:42.624+0530] {dag.py:3111} INFO - Creating ORM DAG for example_params_trigger_ui
[2025-11-13T10:40:42.626+0530] {logging_mixin.py:188} INFO - [2025-11-13T10:40:42.626+0530] {dag.py:3947} INFO - Setting next_dagrun for example_params_trigger_ui to None, run_after=None
[2025-11-13T10:40:42.660+0530] {processor.py:183} INFO - Processing /home/logi/txtai/venv/lib/python3.10/site-packages/airflow/example_dags/example_params_trigger_ui.py took 0.345 seconds
[2025-11-13T10:41:13.019+0530] {processor.py:161} INFO - Started process (PID=17484) to work on /home/logi/txtai/venv/lib/python3.10/site-packages/airflow/example_dags/example_params_trigger_ui.py
[2025-11-13T10:41:13.021+0530] {processor.py:830} INFO - Processing file /home/logi/txtai/venv/lib/python3.10/site-packages/airflow/example_dags/example_params_trigger_ui.py for tasks to queue
[2025-11-13T10:41:13.025+0530] {logging_mixin.py:188} INFO - [2025-11-13T10:41:13.025+0530] {dagbag.py:545} INFO - Filling up the DagBag from /home/logi/txtai/venv/lib/python3.10/site-packages/airflow/example_dags/example_params_trigger_ui.py
[2025-11-13T10:41:13.043+0530] {processor.py:840} INFO - DAG(s) 'example_params_trigger_ui' retrieved from /home/logi/txtai/venv/lib/python3.10/site-packages/airflow/example_dags/example_params_trigger_ui.py
[2025-11-13T10:41:13.115+0530] {logging_mixin.py:188} INFO - [2025-11-13T10:41:13.115+0530] {dag.py:3089} INFO - Sync 1 DAGs
[2025-11-13T10:41:13.135+0530] {logging_mixin.py:188} INFO - [2025-11-13T10:41:13.134+0530] {dag.py:3947} INFO - Setting next_dagrun for example_params_trigger_ui to None, run_after=None
[2025-11-13T10:41:13.167+0530] {processor.py:183} INFO - Processing /home/logi/txtai/venv/lib/python3.10/site-packages/airflow/example_dags/example_params_trigger_ui.py took 0.161 seconds
[2025-11-13T10:41:44.097+0530] {processor.py:161} INFO - Started process (PID=18152) to work on /home/logi/txtai/venv/lib/python3.10/site-packages/airflow/example_dags/example_params_trigger_ui.py
[2025-11-13T10:41:44.099+0530] {processor.py:830} INFO - Processing file /home/logi/txtai/venv/lib/python3.10/site-packages/airflow/example_dags/example_params_trigger_ui.py for tasks to queue
[2025-11-13T10:41:44.101+0530] {logging_mixin.py:188} INFO - [2025-11-13T10:41:44.101+0530] {dagbag.py:545} INFO - Filling up the DagBag from /home/logi/txtai/venv/lib/python3.10/site-packages/airflow/example_dags/example_params_trigger_ui.py
[2025-11-13T10:41:44.114+0530] {processor.py:840} INFO - DAG(s) 'example_params_trigger_ui' retrieved from /home/logi/txtai/venv/lib/python3.10/site-packages/airflow/example_dags/example_params_trigger_ui.py
[2025-11-13T10:41:44.208+0530] {logging_mixin.py:188} INFO - [2025-11-13T10:41:44.207+0530] {dag.py:3089} INFO - Sync 1 DAGs
[2025-11-13T10:41:44.235+0530] {logging_mixin.py:188} INFO - [2025-11-13T10:41:44.234+0530] {dag.py:3947} INFO - Setting next_dagrun for example_params_trigger_ui to None, run_after=None
[2025-11-13T10:41:44.302+0530] {processor.py:183} INFO - Processing /home/logi/txtai/venv/lib/python3.10/site-packages/airflow/example_dags/example_params_trigger_ui.py took 0.214 seconds
[2025-11-13T10:42:15.200+0530] {processor.py:161} INFO - Started process (PID=18728) to work on /home/logi/txtai/venv/lib/python3.10/site-packages/airflow/example_dags/example_params_trigger_ui.py
[2025-11-13T10:42:15.202+0530] {processor.py:830} INFO - Processing file /home/logi/txtai/venv/lib/python3.10/site-packages/airflow/example_dags/example_params_trigger_ui.py for tasks to queue
[2025-11-13T10:42:15.206+0530] {logging_mixin.py:188} INFO - [2025-11-13T10:42:15.205+0530] {dagbag.py:545} INFO - Filling up the DagBag from /home/logi/txtai/venv/lib/python3.10/site-packages/airflow/example_dags/example_params_trigger_ui.py
[2025-11-13T10:42:15.225+0530] {processor.py:840} INFO - DAG(s) 'example_params_trigger_ui' retrieved from /home/logi/txtai/venv/lib/python3.10/site-packages/airflow/example_dags/example_params_trigger_ui.py
[2025-11-13T10:42:15.297+0530] {logging_mixin.py:188} INFO - [2025-11-13T10:42:15.297+0530] {dag.py:3089} INFO - Sync 1 DAGs
[2025-11-13T10:42:15.314+0530] {logging_mixin.py:188} INFO - [2025-11-13T10:42:15.313+0530] {dag.py:3947} INFO - Setting next_dagrun for example_params_trigger_ui to None, run_after=None
[2025-11-13T10:42:15.346+0530] {processor.py:183} INFO - Processing /home/logi/txtai/venv/lib/python3.10/site-packages/airflow/example_dags/example_params_trigger_ui.py took 0.161 seconds
[2025-11-13T10:42:46.047+0530] {processor.py:161} INFO - Started process (PID=18986) to work on /home/logi/txtai/venv/lib/python3.10/site-packages/airflow/example_dags/example_params_trigger_ui.py
[2025-11-13T10:42:46.048+0530] {processor.py:830} INFO - Processing file /home/logi/txtai/venv/lib/python3.10/site-packages/airflow/example_dags/example_params_trigger_ui.py for tasks to queue
[2025-11-13T10:42:46.050+0530] {logging_mixin.py:188} INFO - [2025-11-13T10:42:46.049+0530] {dagbag.py:545} INFO - Filling up the DagBag from /home/logi/txtai/venv/lib/python3.10/site-packages/airflow/example_dags/example_params_trigger_ui.py
[2025-11-13T10:42:46.058+0530] {processor.py:840} INFO - DAG(s) 'example_params_trigger_ui' retrieved from /home/logi/txtai/venv/lib/python3.10/site-packages/airflow/example_dags/example_params_trigger_ui.py
[2025-11-13T10:42:46.135+0530] {logging_mixin.py:188} INFO - [2025-11-13T10:42:46.134+0530] {dag.py:3089} INFO - Sync 1 DAGs
[2025-11-13T10:42:46.147+0530] {logging_mixin.py:188} INFO - [2025-11-13T10:42:46.146+0530] {dag.py:3947} INFO - Setting next_dagrun for example_params_trigger_ui to None, run_after=None
[2025-11-13T10:42:46.170+0530] {processor.py:183} INFO - Processing /home/logi/txtai/venv/lib/python3.10/site-packages/airflow/example_dags/example_params_trigger_ui.py took 0.129 seconds
[2025-11-13T10:43:17.155+0530] {processor.py:161} INFO - Started process (PID=19127) to work on /home/logi/txtai/venv/lib/python3.10/site-packages/airflow/example_dags/example_params_trigger_ui.py
[2025-11-13T10:43:17.157+0530] {processor.py:830} INFO - Processing file /home/logi/txtai/venv/lib/python3.10/site-packages/airflow/example_dags/example_params_trigger_ui.py for tasks to queue
[2025-11-13T10:43:17.159+0530] {logging_mixin.py:188} INFO - [2025-11-13T10:43:17.159+0530] {dagbag.py:545} INFO - Filling up the DagBag from /home/logi/txtai/venv/lib/python3.10/site-packages/airflow/example_dags/example_params_trigger_ui.py
[2025-11-13T10:43:17.174+0530] {processor.py:840} INFO - DAG(s) 'example_params_trigger_ui' retrieved from /home/logi/txtai/venv/lib/python3.10/site-packages/airflow/example_dags/example_params_trigger_ui.py
[2025-11-13T10:43:17.271+0530] {logging_mixin.py:188} INFO - [2025-11-13T10:43:17.270+0530] {dag.py:3089} INFO - Sync 1 DAGs
[2025-11-13T10:43:17.283+0530] {logging_mixin.py:188} INFO - [2025-11-13T10:43:17.282+0530] {dag.py:3947} INFO - Setting next_dagrun for example_params_trigger_ui to None, run_after=None
[2025-11-13T10:43:17.327+0530] {processor.py:183} INFO - Processing /home/logi/txtai/venv/lib/python3.10/site-packages/airflow/example_dags/example_params_trigger_ui.py took 0.182 seconds
[2025-11-13T10:43:48.652+0530] {processor.py:161} INFO - Started process (PID=19269) to work on /home/logi/txtai/venv/lib/python3.10/site-packages/airflow/example_dags/example_params_trigger_ui.py
[2025-11-13T10:43:48.655+0530] {processor.py:830} INFO - Processing file /home/logi/txtai/venv/lib/python3.10/site-packages/airflow/example_dags/example_params_trigger_ui.py for tasks to queue
[2025-11-13T10:43:48.656+0530] {logging_mixin.py:188} INFO - [2025-11-13T10:43:48.656+0530] {dagbag.py:545} INFO - Filling up the DagBag from /home/logi/txtai/venv/lib/python3.10/site-packages/airflow/example_dags/example_params_trigger_ui.py
[2025-11-13T10:43:48.664+0530] {processor.py:840} INFO - DAG(s) 'example_params_trigger_ui' retrieved from /home/logi/txtai/venv/lib/python3.10/site-packages/airflow/example_dags/example_params_trigger_ui.py
[2025-11-13T10:43:48.711+0530] {logging_mixin.py:188} INFO - [2025-11-13T10:43:48.711+0530] {dag.py:3089} INFO - Sync 1 DAGs
[2025-11-13T10:43:48.722+0530] {logging_mixin.py:188} INFO - [2025-11-13T10:43:48.722+0530] {dag.py:3947} INFO - Setting next_dagrun for example_params_trigger_ui to None, run_after=None
[2025-11-13T10:43:48.741+0530] {processor.py:183} INFO - Processing /home/logi/txtai/venv/lib/python3.10/site-packages/airflow/example_dags/example_params_trigger_ui.py took 0.100 seconds
[2025-11-13T10:44:19.890+0530] {processor.py:161} INFO - Started process (PID=19413) to work on /home/logi/txtai/venv/lib/python3.10/site-packages/airflow/example_dags/example_params_trigger_ui.py
[2025-11-13T10:44:19.892+0530] {processor.py:830} INFO - Processing file /home/logi/txtai/venv/lib/python3.10/site-packages/airflow/example_dags/example_params_trigger_ui.py for tasks to queue
[2025-11-13T10:44:19.895+0530] {logging_mixin.py:188} INFO - [2025-11-13T10:44:19.895+0530] {dagbag.py:545} INFO - Filling up the DagBag from /home/logi/txtai/venv/lib/python3.10/site-packages/airflow/example_dags/example_params_trigger_ui.py
[2025-11-13T10:44:19.911+0530] {processor.py:840} INFO - DAG(s) 'example_params_trigger_ui' retrieved from /home/logi/txtai/venv/lib/python3.10/site-packages/airflow/example_dags/example_params_trigger_ui.py
[2025-11-13T10:44:19.977+0530] {logging_mixin.py:188} INFO - [2025-11-13T10:44:19.977+0530] {dag.py:3089} INFO - Sync 1 DAGs
[2025-11-13T10:44:19.989+0530] {logging_mixin.py:188} INFO - [2025-11-13T10:44:19.989+0530] {dag.py:3947} INFO - Setting next_dagrun for example_params_trigger_ui to None, run_after=None
[2025-11-13T10:44:20.015+0530] {processor.py:183} INFO - Processing /home/logi/txtai/venv/lib/python3.10/site-packages/airflow/example_dags/example_params_trigger_ui.py took 0.132 seconds
[2025-11-13T10:44:51.655+0530] {processor.py:161} INFO - Started process (PID=19554) to work on /home/logi/txtai/venv/lib/python3.10/site-packages/airflow/example_dags/example_params_trigger_ui.py
[2025-11-13T10:44:51.657+0530] {processor.py:830} INFO - Processing file /home/logi/txtai/venv/lib/python3.10/site-packages/airflow/example_dags/example_params_trigger_ui.py for tasks to queue
[2025-11-13T10:44:51.659+0530] {logging_mixin.py:188} INFO - [2025-11-13T10:44:51.659+0530] {dagbag.py:545} INFO - Filling up the DagBag from /home/logi/txtai/venv/lib/python3.10/site-packages/airflow/example_dags/example_params_trigger_ui.py
[2025-11-13T10:44:51.673+0530] {processor.py:840} INFO - DAG(s) 'example_params_trigger_ui' retrieved from /home/logi/txtai/venv/lib/python3.10/site-packages/airflow/example_dags/example_params_trigger_ui.py
[2025-11-13T10:44:51.777+0530] {logging_mixin.py:188} INFO - [2025-11-13T10:44:51.777+0530] {dag.py:3089} INFO - Sync 1 DAGs
[2025-11-13T10:44:51.791+0530] {logging_mixin.py:188} INFO - [2025-11-13T10:44:51.790+0530] {dag.py:3947} INFO - Setting next_dagrun for example_params_trigger_ui to None, run_after=None
[2025-11-13T10:44:51.821+0530] {processor.py:183} INFO - Processing /home/logi/txtai/venv/lib/python3.10/site-packages/airflow/example_dags/example_params_trigger_ui.py took 0.177 seconds
[2025-11-13T10:45:22.463+0530] {processor.py:161} INFO - Started process (PID=19699) to work on /home/logi/txtai/venv/lib/python3.10/site-packages/airflow/example_dags/example_params_trigger_ui.py
[2025-11-13T10:45:22.465+0530] {processor.py:830} INFO - Processing file /home/logi/txtai/venv/lib/python3.10/site-packages/airflow/example_dags/example_params_trigger_ui.py for tasks to queue
[2025-11-13T10:45:22.467+0530] {logging_mixin.py:188} INFO - [2025-11-13T10:45:22.467+0530] {dagbag.py:545} INFO - Filling up the DagBag from /home/logi/txtai/venv/lib/python3.10/site-packages/airflow/example_dags/example_params_trigger_ui.py
[2025-11-13T10:45:22.482+0530] {processor.py:840} INFO - DAG(s) 'example_params_trigger_ui' retrieved from /home/logi/txtai/venv/lib/python3.10/site-packages/airflow/example_dags/example_params_trigger_ui.py
[2025-11-13T10:45:22.583+0530] {logging_mixin.py:188} INFO - [2025-11-13T10:45:22.582+0530] {dag.py:3089} INFO - Sync 1 DAGs
[2025-11-13T10:45:22.596+0530] {logging_mixin.py:188} INFO - [2025-11-13T10:45:22.596+0530] {dag.py:3947} INFO - Setting next_dagrun for example_params_trigger_ui to None, run_after=None
[2025-11-13T10:45:22.632+0530] {processor.py:183} INFO - Processing /home/logi/txtai/venv/lib/python3.10/site-packages/airflow/example_dags/example_params_trigger_ui.py took 0.180 seconds
[2025-11-13T10:45:53.285+0530] {processor.py:161} INFO - Started process (PID=19868) to work on /home/logi/txtai/venv/lib/python3.10/site-packages/airflow/example_dags/example_params_trigger_ui.py
[2025-11-13T10:45:53.286+0530] {processor.py:830} INFO - Processing file /home/logi/txtai/venv/lib/python3.10/site-packages/airflow/example_dags/example_params_trigger_ui.py for tasks to queue
[2025-11-13T10:45:53.289+0530] {logging_mixin.py:188} INFO - [2025-11-13T10:45:53.289+0530] {dagbag.py:545} INFO - Filling up the DagBag from /home/logi/txtai/venv/lib/python3.10/site-packages/airflow/example_dags/example_params_trigger_ui.py
[2025-11-13T10:45:53.303+0530] {processor.py:840} INFO - DAG(s) 'example_params_trigger_ui' retrieved from /home/logi/txtai/venv/lib/python3.10/site-packages/airflow/example_dags/example_params_trigger_ui.py
[2025-11-13T10:45:53.405+0530] {logging_mixin.py:188} INFO - [2025-11-13T10:45:53.405+0530] {dag.py:3089} INFO - Sync 1 DAGs
[2025-11-13T10:45:53.418+0530] {logging_mixin.py:188} INFO - [2025-11-13T10:45:53.417+0530] {dag.py:3947} INFO - Setting next_dagrun for example_params_trigger_ui to None, run_after=None
[2025-11-13T10:45:53.452+0530] {processor.py:183} INFO - Processing /home/logi/txtai/venv/lib/python3.10/site-packages/airflow/example_dags/example_params_trigger_ui.py took 0.178 seconds
[2025-11-13T10:46:25.104+0530] {processor.py:161} INFO - Started process (PID=20012) to work on /home/logi/txtai/venv/lib/python3.10/site-packages/airflow/example_dags/example_params_trigger_ui.py
[2025-11-13T10:46:25.106+0530] {processor.py:830} INFO - Processing file /home/logi/txtai/venv/lib/python3.10/site-packages/airflow/example_dags/example_params_trigger_ui.py for tasks to queue
[2025-11-13T10:46:25.109+0530] {logging_mixin.py:188} INFO - [2025-11-13T10:46:25.108+0530] {dagbag.py:545} INFO - Filling up the DagBag from /home/logi/txtai/venv/lib/python3.10/site-packages/airflow/example_dags/example_params_trigger_ui.py
[2025-11-13T10:46:25.123+0530] {processor.py:840} INFO - DAG(s) 'example_params_trigger_ui' retrieved from /home/logi/txtai/venv/lib/python3.10/site-packages/airflow/example_dags/example_params_trigger_ui.py
[2025-11-13T10:46:25.221+0530] {logging_mixin.py:188} INFO - [2025-11-13T10:46:25.221+0530] {dag.py:3089} INFO - Sync 1 DAGs
[2025-11-13T10:46:25.241+0530] {logging_mixin.py:188} INFO - [2025-11-13T10:46:25.241+0530] {dag.py:3947} INFO - Setting next_dagrun for example_params_trigger_ui to None, run_after=None
[2025-11-13T10:46:25.275+0530] {processor.py:183} INFO - Processing /home/logi/txtai/venv/lib/python3.10/site-packages/airflow/example_dags/example_params_trigger_ui.py took 0.182 seconds
[2025-11-13T10:46:55.647+0530] {processor.py:161} INFO - Started process (PID=20155) to work on /home/logi/txtai/venv/lib/python3.10/site-packages/airflow/example_dags/example_params_trigger_ui.py
[2025-11-13T10:46:55.649+0530] {processor.py:830} INFO - Processing file /home/logi/txtai/venv/lib/python3.10/site-packages/airflow/example_dags/example_params_trigger_ui.py for tasks to queue
[2025-11-13T10:46:55.652+0530] {logging_mixin.py:188} INFO - [2025-11-13T10:46:55.651+0530] {dagbag.py:545} INFO - Filling up the DagBag from /home/logi/txtai/venv/lib/python3.10/site-packages/airflow/example_dags/example_params_trigger_ui.py
[2025-11-13T10:46:55.666+0530] {processor.py:840} INFO - DAG(s) 'example_params_trigger_ui' retrieved from /home/logi/txtai/venv/lib/python3.10/site-packages/airflow/example_dags/example_params_trigger_ui.py
[2025-11-13T10:46:55.765+0530] {logging_mixin.py:188} INFO - [2025-11-13T10:46:55.765+0530] {dag.py:3089} INFO - Sync 1 DAGs
[2025-11-13T10:46:55.777+0530] {logging_mixin.py:188} INFO - [2025-11-13T10:46:55.777+0530] {dag.py:3947} INFO - Setting next_dagrun for example_params_trigger_ui to None, run_after=None
[2025-11-13T10:46:55.811+0530] {processor.py:183} INFO - Processing /home/logi/txtai/venv/lib/python3.10/site-packages/airflow/example_dags/example_params_trigger_ui.py took 0.175 seconds
[2025-11-13T10:47:26.952+0530] {processor.py:161} INFO - Started process (PID=20297) to work on /home/logi/txtai/venv/lib/python3.10/site-packages/airflow/example_dags/example_params_trigger_ui.py
[2025-11-13T10:47:26.953+0530] {processor.py:830} INFO - Processing file /home/logi/txtai/venv/lib/python3.10/site-packages/airflow/example_dags/example_params_trigger_ui.py for tasks to queue
[2025-11-13T10:47:26.956+0530] {logging_mixin.py:188} INFO - [2025-11-13T10:47:26.956+0530] {dagbag.py:545} INFO - Filling up the DagBag from /home/logi/txtai/venv/lib/python3.10/site-packages/airflow/example_dags/example_params_trigger_ui.py
[2025-11-13T10:47:26.970+0530] {processor.py:840} INFO - DAG(s) 'example_params_trigger_ui' retrieved from /home/logi/txtai/venv/lib/python3.10/site-packages/airflow/example_dags/example_params_trigger_ui.py
[2025-11-13T10:47:27.074+0530] {logging_mixin.py:188} INFO - [2025-11-13T10:47:27.074+0530] {dag.py:3089} INFO - Sync 1 DAGs
[2025-11-13T10:47:27.086+0530] {logging_mixin.py:188} INFO - [2025-11-13T10:47:27.086+0530] {dag.py:3947} INFO - Setting next_dagrun for example_params_trigger_ui to None, run_after=None
[2025-11-13T10:47:27.121+0530] {processor.py:183} INFO - Processing /home/logi/txtai/venv/lib/python3.10/site-packages/airflow/example_dags/example_params_trigger_ui.py took 0.180 seconds
[2025-11-13T10:47:58.361+0530] {processor.py:161} INFO - Started process (PID=20440) to work on /home/logi/txtai/venv/lib/python3.10/site-packages/airflow/example_dags/example_params_trigger_ui.py
[2025-11-13T10:47:58.363+0530] {processor.py:830} INFO - Processing file /home/logi/txtai/venv/lib/python3.10/site-packages/airflow/example_dags/example_params_trigger_ui.py for tasks to queue
[2025-11-13T10:47:58.366+0530] {logging_mixin.py:188} INFO - [2025-11-13T10:47:58.366+0530] {dagbag.py:545} INFO - Filling up the DagBag from /home/logi/txtai/venv/lib/python3.10/site-packages/airflow/example_dags/example_params_trigger_ui.py
[2025-11-13T10:47:58.381+0530] {processor.py:840} INFO - DAG(s) 'example_params_trigger_ui' retrieved from /home/logi/txtai/venv/lib/python3.10/site-packages/airflow/example_dags/example_params_trigger_ui.py
[2025-11-13T10:47:58.485+0530] {logging_mixin.py:188} INFO - [2025-11-13T10:47:58.484+0530] {dag.py:3089} INFO - Sync 1 DAGs
[2025-11-13T10:47:58.497+0530] {logging_mixin.py:188} INFO - [2025-11-13T10:47:58.496+0530] {dag.py:3947} INFO - Setting next_dagrun for example_params_trigger_ui to None, run_after=None
[2025-11-13T10:47:58.531+0530] {processor.py:183} INFO - Processing /home/logi/txtai/venv/lib/python3.10/site-packages/airflow/example_dags/example_params_trigger_ui.py took 0.181 seconds
[2025-11-13T10:48:29.488+0530] {processor.py:161} INFO - Started process (PID=20581) to work on /home/logi/txtai/venv/lib/python3.10/site-packages/airflow/example_dags/example_params_trigger_ui.py
[2025-11-13T10:48:29.490+0530] {processor.py:830} INFO - Processing file /home/logi/txtai/venv/lib/python3.10/site-packages/airflow/example_dags/example_params_trigger_ui.py for tasks to queue
[2025-11-13T10:48:29.492+0530] {logging_mixin.py:188} INFO - [2025-11-13T10:48:29.492+0530] {dagbag.py:545} INFO - Filling up the DagBag from /home/logi/txtai/venv/lib/python3.10/site-packages/airflow/example_dags/example_params_trigger_ui.py
[2025-11-13T10:48:29.506+0530] {processor.py:840} INFO - DAG(s) 'example_params_trigger_ui' retrieved from /home/logi/txtai/venv/lib/python3.10/site-packages/airflow/example_dags/example_params_trigger_ui.py
[2025-11-13T10:48:29.606+0530] {logging_mixin.py:188} INFO - [2025-11-13T10:48:29.606+0530] {dag.py:3089} INFO - Sync 1 DAGs
[2025-11-13T10:48:29.618+0530] {logging_mixin.py:188} INFO - [2025-11-13T10:48:29.618+0530] {dag.py:3947} INFO - Setting next_dagrun for example_params_trigger_ui to None, run_after=None
[2025-11-13T10:48:29.650+0530] {processor.py:183} INFO - Processing /home/logi/txtai/venv/lib/python3.10/site-packages/airflow/example_dags/example_params_trigger_ui.py took 0.173 seconds
[2025-11-13T10:48:59.887+0530] {processor.py:161} INFO - Started process (PID=20725) to work on /home/logi/txtai/venv/lib/python3.10/site-packages/airflow/example_dags/example_params_trigger_ui.py
[2025-11-13T10:48:59.889+0530] {processor.py:830} INFO - Processing file /home/logi/txtai/venv/lib/python3.10/site-packages/airflow/example_dags/example_params_trigger_ui.py for tasks to queue
[2025-11-13T10:48:59.892+0530] {logging_mixin.py:188} INFO - [2025-11-13T10:48:59.891+0530] {dagbag.py:545} INFO - Filling up the DagBag from /home/logi/txtai/venv/lib/python3.10/site-packages/airflow/example_dags/example_params_trigger_ui.py
[2025-11-13T10:48:59.907+0530] {processor.py:840} INFO - DAG(s) 'example_params_trigger_ui' retrieved from /home/logi/txtai/venv/lib/python3.10/site-packages/airflow/example_dags/example_params_trigger_ui.py
[2025-11-13T10:48:59.995+0530] {logging_mixin.py:188} INFO - [2025-11-13T10:48:59.995+0530] {dag.py:3089} INFO - Sync 1 DAGs
[2025-11-13T10:49:00.009+0530] {logging_mixin.py:188} INFO - [2025-11-13T10:49:00.009+0530] {dag.py:3947} INFO - Setting next_dagrun for example_params_trigger_ui to None, run_after=None
[2025-11-13T10:49:00.036+0530] {processor.py:183} INFO - Processing /home/logi/txtai/venv/lib/python3.10/site-packages/airflow/example_dags/example_params_trigger_ui.py took 0.161 seconds
[2025-11-13T10:49:31.059+0530] {processor.py:161} INFO - Started process (PID=20870) to work on /home/logi/txtai/venv/lib/python3.10/site-packages/airflow/example_dags/example_params_trigger_ui.py
[2025-11-13T10:49:31.060+0530] {processor.py:830} INFO - Processing file /home/logi/txtai/venv/lib/python3.10/site-packages/airflow/example_dags/example_params_trigger_ui.py for tasks to queue
[2025-11-13T10:49:31.063+0530] {logging_mixin.py:188} INFO - [2025-11-13T10:49:31.063+0530] {dagbag.py:545} INFO - Filling up the DagBag from /home/logi/txtai/venv/lib/python3.10/site-packages/airflow/example_dags/example_params_trigger_ui.py
[2025-11-13T10:49:31.078+0530] {processor.py:840} INFO - DAG(s) 'example_params_trigger_ui' retrieved from /home/logi/txtai/venv/lib/python3.10/site-packages/airflow/example_dags/example_params_trigger_ui.py
[2025-11-13T10:49:31.181+0530] {logging_mixin.py:188} INFO - [2025-11-13T10:49:31.180+0530] {dag.py:3089} INFO - Sync 1 DAGs
[2025-11-13T10:49:31.193+0530] {logging_mixin.py:188} INFO - [2025-11-13T10:49:31.193+0530] {dag.py:3947} INFO - Setting next_dagrun for example_params_trigger_ui to None, run_after=None
[2025-11-13T10:49:31.224+0530] {processor.py:183} INFO - Processing /home/logi/txtai/venv/lib/python3.10/site-packages/airflow/example_dags/example_params_trigger_ui.py took 0.176 seconds
[2025-11-13T10:50:02.297+0530] {processor.py:161} INFO - Started process (PID=21013) to work on /home/logi/txtai/venv/lib/python3.10/site-packages/airflow/example_dags/example_params_trigger_ui.py
[2025-11-13T10:50:02.299+0530] {processor.py:830} INFO - Processing file /home/logi/txtai/venv/lib/python3.10/site-packages/airflow/example_dags/example_params_trigger_ui.py for tasks to queue
[2025-11-13T10:50:02.302+0530] {logging_mixin.py:188} INFO - [2025-11-13T10:50:02.302+0530] {dagbag.py:545} INFO - Filling up the DagBag from /home/logi/txtai/venv/lib/python3.10/site-packages/airflow/example_dags/example_params_trigger_ui.py
[2025-11-13T10:50:02.317+0530] {processor.py:840} INFO - DAG(s) 'example_params_trigger_ui' retrieved from /home/logi/txtai/venv/lib/python3.10/site-packages/airflow/example_dags/example_params_trigger_ui.py
[2025-11-13T10:50:02.412+0530] {logging_mixin.py:188} INFO - [2025-11-13T10:50:02.412+0530] {dag.py:3089} INFO - Sync 1 DAGs
[2025-11-13T10:50:02.423+0530] {logging_mixin.py:188} INFO - [2025-11-13T10:50:02.422+0530] {dag.py:3947} INFO - Setting next_dagrun for example_params_trigger_ui to None, run_after=None
[2025-11-13T10:50:02.454+0530] {processor.py:183} INFO - Processing /home/logi/txtai/venv/lib/python3.10/site-packages/airflow/example_dags/example_params_trigger_ui.py took 0.167 seconds
[2025-11-13T10:50:33.257+0530] {processor.py:161} INFO - Started process (PID=21155) to work on /home/logi/txtai/venv/lib/python3.10/site-packages/airflow/example_dags/example_params_trigger_ui.py
[2025-11-13T10:50:33.258+0530] {processor.py:830} INFO - Processing file /home/logi/txtai/venv/lib/python3.10/site-packages/airflow/example_dags/example_params_trigger_ui.py for tasks to queue
[2025-11-13T10:50:33.259+0530] {logging_mixin.py:188} INFO - [2025-11-13T10:50:33.259+0530] {dagbag.py:545} INFO - Filling up the DagBag from /home/logi/txtai/venv/lib/python3.10/site-packages/airflow/example_dags/example_params_trigger_ui.py
[2025-11-13T10:50:33.267+0530] {processor.py:840} INFO - DAG(s) 'example_params_trigger_ui' retrieved from /home/logi/txtai/venv/lib/python3.10/site-packages/airflow/example_dags/example_params_trigger_ui.py
[2025-11-13T10:50:33.336+0530] {logging_mixin.py:188} INFO - [2025-11-13T10:50:33.335+0530] {dag.py:3089} INFO - Sync 1 DAGs
[2025-11-13T10:50:33.349+0530] {logging_mixin.py:188} INFO - [2025-11-13T10:50:33.348+0530] {dag.py:3947} INFO - Setting next_dagrun for example_params_trigger_ui to None, run_after=None
[2025-11-13T10:50:33.368+0530] {processor.py:183} INFO - Processing /home/logi/txtai/venv/lib/python3.10/site-packages/airflow/example_dags/example_params_trigger_ui.py took 0.117 seconds
[2025-11-13T10:51:04.591+0530] {processor.py:161} INFO - Started process (PID=21336) to work on /home/logi/txtai/venv/lib/python3.10/site-packages/airflow/example_dags/example_params_trigger_ui.py
[2025-11-13T10:51:04.593+0530] {processor.py:830} INFO - Processing file /home/logi/txtai/venv/lib/python3.10/site-packages/airflow/example_dags/example_params_trigger_ui.py for tasks to queue
[2025-11-13T10:51:04.596+0530] {logging_mixin.py:188} INFO - [2025-11-13T10:51:04.595+0530] {dagbag.py:545} INFO - Filling up the DagBag from /home/logi/txtai/venv/lib/python3.10/site-packages/airflow/example_dags/example_params_trigger_ui.py
[2025-11-13T10:51:04.611+0530] {processor.py:840} INFO - DAG(s) 'example_params_trigger_ui' retrieved from /home/logi/txtai/venv/lib/python3.10/site-packages/airflow/example_dags/example_params_trigger_ui.py
[2025-11-13T10:51:04.695+0530] {logging_mixin.py:188} INFO - [2025-11-13T10:51:04.695+0530] {dag.py:3089} INFO - Sync 1 DAGs
[2025-11-13T10:51:04.707+0530] {logging_mixin.py:188} INFO - [2025-11-13T10:51:04.707+0530] {dag.py:3947} INFO - Setting next_dagrun for example_params_trigger_ui to None, run_after=None
[2025-11-13T10:51:04.728+0530] {processor.py:183} INFO - Processing /home/logi/txtai/venv/lib/python3.10/site-packages/airflow/example_dags/example_params_trigger_ui.py took 0.148 seconds
[2025-11-13T10:51:35.784+0530] {processor.py:161} INFO - Started process (PID=21478) to work on /home/logi/txtai/venv/lib/python3.10/site-packages/airflow/example_dags/example_params_trigger_ui.py
[2025-11-13T10:51:35.786+0530] {processor.py:830} INFO - Processing file /home/logi/txtai/venv/lib/python3.10/site-packages/airflow/example_dags/example_params_trigger_ui.py for tasks to queue
[2025-11-13T10:51:35.789+0530] {logging_mixin.py:188} INFO - [2025-11-13T10:51:35.788+0530] {dagbag.py:545} INFO - Filling up the DagBag from /home/logi/txtai/venv/lib/python3.10/site-packages/airflow/example_dags/example_params_trigger_ui.py
[2025-11-13T10:51:35.803+0530] {processor.py:840} INFO - DAG(s) 'example_params_trigger_ui' retrieved from /home/logi/txtai/venv/lib/python3.10/site-packages/airflow/example_dags/example_params_trigger_ui.py
[2025-11-13T10:51:35.904+0530] {logging_mixin.py:188} INFO - [2025-11-13T10:51:35.903+0530] {dag.py:3089} INFO - Sync 1 DAGs
[2025-11-13T10:51:35.916+0530] {logging_mixin.py:188} INFO - [2025-11-13T10:51:35.916+0530] {dag.py:3947} INFO - Setting next_dagrun for example_params_trigger_ui to None, run_after=None
[2025-11-13T10:51:35.952+0530] {processor.py:183} INFO - Processing /home/logi/txtai/venv/lib/python3.10/site-packages/airflow/example_dags/example_params_trigger_ui.py took 0.178 seconds
[2025-11-13T10:52:06.890+0530] {processor.py:161} INFO - Started process (PID=21620) to work on /home/logi/txtai/venv/lib/python3.10/site-packages/airflow/example_dags/example_params_trigger_ui.py
[2025-11-13T10:52:06.892+0530] {processor.py:830} INFO - Processing file /home/logi/txtai/venv/lib/python3.10/site-packages/airflow/example_dags/example_params_trigger_ui.py for tasks to queue
[2025-11-13T10:52:06.896+0530] {logging_mixin.py:188} INFO - [2025-11-13T10:52:06.895+0530] {dagbag.py:545} INFO - Filling up the DagBag from /home/logi/txtai/venv/lib/python3.10/site-packages/airflow/example_dags/example_params_trigger_ui.py
[2025-11-13T10:52:06.912+0530] {processor.py:840} INFO - DAG(s) 'example_params_trigger_ui' retrieved from /home/logi/txtai/venv/lib/python3.10/site-packages/airflow/example_dags/example_params_trigger_ui.py
[2025-11-13T10:52:06.979+0530] {logging_mixin.py:188} INFO - [2025-11-13T10:52:06.979+0530] {dag.py:3089} INFO - Sync 1 DAGs
[2025-11-13T10:52:06.990+0530] {logging_mixin.py:188} INFO - [2025-11-13T10:52:06.990+0530] {dag.py:3947} INFO - Setting next_dagrun for example_params_trigger_ui to None, run_after=None
[2025-11-13T10:52:07.008+0530] {processor.py:183} INFO - Processing /home/logi/txtai/venv/lib/python3.10/site-packages/airflow/example_dags/example_params_trigger_ui.py took 0.130 seconds
[2025-11-13T10:52:38.139+0530] {processor.py:161} INFO - Started process (PID=21823) to work on /home/logi/txtai/venv/lib/python3.10/site-packages/airflow/example_dags/example_params_trigger_ui.py
[2025-11-13T10:52:38.141+0530] {processor.py:830} INFO - Processing file /home/logi/txtai/venv/lib/python3.10/site-packages/airflow/example_dags/example_params_trigger_ui.py for tasks to queue
[2025-11-13T10:52:38.143+0530] {logging_mixin.py:188} INFO - [2025-11-13T10:52:38.143+0530] {dagbag.py:545} INFO - Filling up the DagBag from /home/logi/txtai/venv/lib/python3.10/site-packages/airflow/example_dags/example_params_trigger_ui.py
[2025-11-13T10:52:38.157+0530] {processor.py:840} INFO - DAG(s) 'example_params_trigger_ui' retrieved from /home/logi/txtai/venv/lib/python3.10/site-packages/airflow/example_dags/example_params_trigger_ui.py
[2025-11-13T10:52:38.259+0530] {logging_mixin.py:188} INFO - [2025-11-13T10:52:38.258+0530] {dag.py:3089} INFO - Sync 1 DAGs
[2025-11-13T10:52:38.271+0530] {logging_mixin.py:188} INFO - [2025-11-13T10:52:38.271+0530] {dag.py:3947} INFO - Setting next_dagrun for example_params_trigger_ui to None, run_after=None
[2025-11-13T10:52:38.315+0530] {processor.py:183} INFO - Processing /home/logi/txtai/venv/lib/python3.10/site-packages/airflow/example_dags/example_params_trigger_ui.py took 0.188 seconds
[2025-11-13T10:53:08.924+0530] {processor.py:161} INFO - Started process (PID=22031) to work on /home/logi/txtai/venv/lib/python3.10/site-packages/airflow/example_dags/example_params_trigger_ui.py
[2025-11-13T10:53:08.926+0530] {processor.py:830} INFO - Processing file /home/logi/txtai/venv/lib/python3.10/site-packages/airflow/example_dags/example_params_trigger_ui.py for tasks to queue
[2025-11-13T10:53:08.928+0530] {logging_mixin.py:188} INFO - [2025-11-13T10:53:08.928+0530] {dagbag.py:545} INFO - Filling up the DagBag from /home/logi/txtai/venv/lib/python3.10/site-packages/airflow/example_dags/example_params_trigger_ui.py
[2025-11-13T10:53:08.945+0530] {processor.py:840} INFO - DAG(s) 'example_params_trigger_ui' retrieved from /home/logi/txtai/venv/lib/python3.10/site-packages/airflow/example_dags/example_params_trigger_ui.py
[2025-11-13T10:53:09.012+0530] {logging_mixin.py:188} INFO - [2025-11-13T10:53:09.012+0530] {dag.py:3089} INFO - Sync 1 DAGs
[2025-11-13T10:53:09.023+0530] {logging_mixin.py:188} INFO - [2025-11-13T10:53:09.023+0530] {dag.py:3947} INFO - Setting next_dagrun for example_params_trigger_ui to None, run_after=None
[2025-11-13T10:53:09.043+0530] {processor.py:183} INFO - Processing /home/logi/txtai/venv/lib/python3.10/site-packages/airflow/example_dags/example_params_trigger_ui.py took 0.131 seconds
[2025-11-13T10:53:40.125+0530] {processor.py:161} INFO - Started process (PID=22263) to work on /home/logi/txtai/venv/lib/python3.10/site-packages/airflow/example_dags/example_params_trigger_ui.py
[2025-11-13T10:53:40.129+0530] {processor.py:830} INFO - Processing file /home/logi/txtai/venv/lib/python3.10/site-packages/airflow/example_dags/example_params_trigger_ui.py for tasks to queue
[2025-11-13T10:53:40.131+0530] {logging_mixin.py:188} INFO - [2025-11-13T10:53:40.131+0530] {dagbag.py:545} INFO - Filling up the DagBag from /home/logi/txtai/venv/lib/python3.10/site-packages/airflow/example_dags/example_params_trigger_ui.py
[2025-11-13T10:53:40.144+0530] {processor.py:840} INFO - DAG(s) 'example_params_trigger_ui' retrieved from /home/logi/txtai/venv/lib/python3.10/site-packages/airflow/example_dags/example_params_trigger_ui.py
[2025-11-13T10:53:40.203+0530] {logging_mixin.py:188} INFO - [2025-11-13T10:53:40.203+0530] {dag.py:3089} INFO - Sync 1 DAGs
[2025-11-13T10:53:40.214+0530] {logging_mixin.py:188} INFO - [2025-11-13T10:53:40.213+0530] {dag.py:3947} INFO - Setting next_dagrun for example_params_trigger_ui to None, run_after=None
[2025-11-13T10:53:40.231+0530] {processor.py:183} INFO - Processing /home/logi/txtai/venv/lib/python3.10/site-packages/airflow/example_dags/example_params_trigger_ui.py took 0.116 seconds
[2025-11-13T10:54:11.566+0530] {processor.py:161} INFO - Started process (PID=22405) to work on /home/logi/txtai/venv/lib/python3.10/site-packages/airflow/example_dags/example_params_trigger_ui.py
[2025-11-13T10:54:11.568+0530] {processor.py:830} INFO - Processing file /home/logi/txtai/venv/lib/python3.10/site-packages/airflow/example_dags/example_params_trigger_ui.py for tasks to queue
[2025-11-13T10:54:11.571+0530] {logging_mixin.py:188} INFO - [2025-11-13T10:54:11.570+0530] {dagbag.py:545} INFO - Filling up the DagBag from /home/logi/txtai/venv/lib/python3.10/site-packages/airflow/example_dags/example_params_trigger_ui.py
[2025-11-13T10:54:11.586+0530] {processor.py:840} INFO - DAG(s) 'example_params_trigger_ui' retrieved from /home/logi/txtai/venv/lib/python3.10/site-packages/airflow/example_dags/example_params_trigger_ui.py
[2025-11-13T10:54:11.683+0530] {logging_mixin.py:188} INFO - [2025-11-13T10:54:11.683+0530] {dag.py:3089} INFO - Sync 1 DAGs
[2025-11-13T10:54:11.698+0530] {logging_mixin.py:188} INFO - [2025-11-13T10:54:11.697+0530] {dag.py:3947} INFO - Setting next_dagrun for example_params_trigger_ui to None, run_after=None
[2025-11-13T10:54:11.737+0530] {processor.py:183} INFO - Processing /home/logi/txtai/venv/lib/python3.10/site-packages/airflow/example_dags/example_params_trigger_ui.py took 0.181 seconds
[2025-11-13T10:54:42.744+0530] {processor.py:161} INFO - Started process (PID=22607) to work on /home/logi/txtai/venv/lib/python3.10/site-packages/airflow/example_dags/example_params_trigger_ui.py
[2025-11-13T10:54:42.746+0530] {processor.py:830} INFO - Processing file /home/logi/txtai/venv/lib/python3.10/site-packages/airflow/example_dags/example_params_trigger_ui.py for tasks to queue
[2025-11-13T10:54:42.749+0530] {logging_mixin.py:188} INFO - [2025-11-13T10:54:42.748+0530] {dagbag.py:545} INFO - Filling up the DagBag from /home/logi/txtai/venv/lib/python3.10/site-packages/airflow/example_dags/example_params_trigger_ui.py
[2025-11-13T10:54:42.764+0530] {processor.py:840} INFO - DAG(s) 'example_params_trigger_ui' retrieved from /home/logi/txtai/venv/lib/python3.10/site-packages/airflow/example_dags/example_params_trigger_ui.py
[2025-11-13T10:54:42.862+0530] {logging_mixin.py:188} INFO - [2025-11-13T10:54:42.862+0530] {dag.py:3089} INFO - Sync 1 DAGs
[2025-11-13T10:54:42.875+0530] {logging_mixin.py:188} INFO - [2025-11-13T10:54:42.874+0530] {dag.py:3947} INFO - Setting next_dagrun for example_params_trigger_ui to None, run_after=None
[2025-11-13T10:54:42.919+0530] {processor.py:183} INFO - Processing /home/logi/txtai/venv/lib/python3.10/site-packages/airflow/example_dags/example_params_trigger_ui.py took 0.185 seconds
[2025-11-13T10:55:14.279+0530] {processor.py:161} INFO - Started process (PID=22897) to work on /home/logi/txtai/venv/lib/python3.10/site-packages/airflow/example_dags/example_params_trigger_ui.py
[2025-11-13T10:55:14.280+0530] {processor.py:830} INFO - Processing file /home/logi/txtai/venv/lib/python3.10/site-packages/airflow/example_dags/example_params_trigger_ui.py for tasks to queue
[2025-11-13T10:55:14.283+0530] {logging_mixin.py:188} INFO - [2025-11-13T10:55:14.283+0530] {dagbag.py:545} INFO - Filling up the DagBag from /home/logi/txtai/venv/lib/python3.10/site-packages/airflow/example_dags/example_params_trigger_ui.py
[2025-11-13T10:55:14.298+0530] {processor.py:840} INFO - DAG(s) 'example_params_trigger_ui' retrieved from /home/logi/txtai/venv/lib/python3.10/site-packages/airflow/example_dags/example_params_trigger_ui.py
[2025-11-13T10:55:14.400+0530] {logging_mixin.py:188} INFO - [2025-11-13T10:55:14.400+0530] {dag.py:3089} INFO - Sync 1 DAGs
[2025-11-13T10:55:14.414+0530] {logging_mixin.py:188} INFO - [2025-11-13T10:55:14.414+0530] {dag.py:3947} INFO - Setting next_dagrun for example_params_trigger_ui to None, run_after=None
[2025-11-13T10:55:14.450+0530] {processor.py:183} INFO - Processing /home/logi/txtai/venv/lib/python3.10/site-packages/airflow/example_dags/example_params_trigger_ui.py took 0.182 seconds
[2025-11-13T10:55:45.961+0530] {processor.py:161} INFO - Started process (PID=23330) to work on /home/logi/txtai/venv/lib/python3.10/site-packages/airflow/example_dags/example_params_trigger_ui.py
[2025-11-13T10:55:45.962+0530] {processor.py:830} INFO - Processing file /home/logi/txtai/venv/lib/python3.10/site-packages/airflow/example_dags/example_params_trigger_ui.py for tasks to queue
[2025-11-13T10:55:45.965+0530] {logging_mixin.py:188} INFO - [2025-11-13T10:55:45.965+0530] {dagbag.py:545} INFO - Filling up the DagBag from /home/logi/txtai/venv/lib/python3.10/site-packages/airflow/example_dags/example_params_trigger_ui.py
[2025-11-13T10:55:45.979+0530] {processor.py:840} INFO - DAG(s) 'example_params_trigger_ui' retrieved from /home/logi/txtai/venv/lib/python3.10/site-packages/airflow/example_dags/example_params_trigger_ui.py
[2025-11-13T10:55:46.064+0530] {logging_mixin.py:188} INFO - [2025-11-13T10:55:46.064+0530] {dag.py:3089} INFO - Sync 1 DAGs
[2025-11-13T10:55:46.077+0530] {logging_mixin.py:188} INFO - [2025-11-13T10:55:46.076+0530] {dag.py:3947} INFO - Setting next_dagrun for example_params_trigger_ui to None, run_after=None
[2025-11-13T10:55:46.109+0530] {processor.py:183} INFO - Processing /home/logi/txtai/venv/lib/python3.10/site-packages/airflow/example_dags/example_params_trigger_ui.py took 0.161 seconds
[2025-11-13T10:56:17.034+0530] {processor.py:161} INFO - Started process (PID=23621) to work on /home/logi/txtai/venv/lib/python3.10/site-packages/airflow/example_dags/example_params_trigger_ui.py
[2025-11-13T10:56:17.036+0530] {processor.py:830} INFO - Processing file /home/logi/txtai/venv/lib/python3.10/site-packages/airflow/example_dags/example_params_trigger_ui.py for tasks to queue
[2025-11-13T10:56:17.039+0530] {logging_mixin.py:188} INFO - [2025-11-13T10:56:17.039+0530] {dagbag.py:545} INFO - Filling up the DagBag from /home/logi/txtai/venv/lib/python3.10/site-packages/airflow/example_dags/example_params_trigger_ui.py
[2025-11-13T10:56:17.053+0530] {processor.py:840} INFO - DAG(s) 'example_params_trigger_ui' retrieved from /home/logi/txtai/venv/lib/python3.10/site-packages/airflow/example_dags/example_params_trigger_ui.py
[2025-11-13T10:56:17.154+0530] {logging_mixin.py:188} INFO - [2025-11-13T10:56:17.154+0530] {dag.py:3089} INFO - Sync 1 DAGs
[2025-11-13T10:56:17.175+0530] {logging_mixin.py:188} INFO - [2025-11-13T10:56:17.174+0530] {dag.py:3947} INFO - Setting next_dagrun for example_params_trigger_ui to None, run_after=None
[2025-11-13T10:56:17.208+0530] {processor.py:183} INFO - Processing /home/logi/txtai/venv/lib/python3.10/site-packages/airflow/example_dags/example_params_trigger_ui.py took 0.184 seconds
[2025-11-13T10:56:48.728+0530] {processor.py:161} INFO - Started process (PID=23773) to work on /home/logi/txtai/venv/lib/python3.10/site-packages/airflow/example_dags/example_params_trigger_ui.py
[2025-11-13T10:56:48.730+0530] {processor.py:830} INFO - Processing file /home/logi/txtai/venv/lib/python3.10/site-packages/airflow/example_dags/example_params_trigger_ui.py for tasks to queue
[2025-11-13T10:56:48.732+0530] {logging_mixin.py:188} INFO - [2025-11-13T10:56:48.732+0530] {dagbag.py:545} INFO - Filling up the DagBag from /home/logi/txtai/venv/lib/python3.10/site-packages/airflow/example_dags/example_params_trigger_ui.py
[2025-11-13T10:56:48.747+0530] {processor.py:840} INFO - DAG(s) 'example_params_trigger_ui' retrieved from /home/logi/txtai/venv/lib/python3.10/site-packages/airflow/example_dags/example_params_trigger_ui.py
[2025-11-13T10:56:48.835+0530] {logging_mixin.py:188} INFO - [2025-11-13T10:56:48.835+0530] {dag.py:3089} INFO - Sync 1 DAGs
[2025-11-13T10:56:48.848+0530] {logging_mixin.py:188} INFO - [2025-11-13T10:56:48.848+0530] {dag.py:3947} INFO - Setting next_dagrun for example_params_trigger_ui to None, run_after=None
[2025-11-13T10:56:48.879+0530] {processor.py:183} INFO - Processing /home/logi/txtai/venv/lib/python3.10/site-packages/airflow/example_dags/example_params_trigger_ui.py took 0.162 seconds
[2025-11-13T10:57:19.238+0530] {processor.py:161} INFO - Started process (PID=23915) to work on /home/logi/txtai/venv/lib/python3.10/site-packages/airflow/example_dags/example_params_trigger_ui.py
[2025-11-13T10:57:19.240+0530] {processor.py:830} INFO - Processing file /home/logi/txtai/venv/lib/python3.10/site-packages/airflow/example_dags/example_params_trigger_ui.py for tasks to queue
[2025-11-13T10:57:19.243+0530] {logging_mixin.py:188} INFO - [2025-11-13T10:57:19.242+0530] {dagbag.py:545} INFO - Filling up the DagBag from /home/logi/txtai/venv/lib/python3.10/site-packages/airflow/example_dags/example_params_trigger_ui.py
[2025-11-13T10:57:19.257+0530] {processor.py:840} INFO - DAG(s) 'example_params_trigger_ui' retrieved from /home/logi/txtai/venv/lib/python3.10/site-packages/airflow/example_dags/example_params_trigger_ui.py
[2025-11-13T10:57:19.312+0530] {logging_mixin.py:188} INFO - [2025-11-13T10:57:19.311+0530] {dag.py:3089} INFO - Sync 1 DAGs
[2025-11-13T10:57:19.325+0530] {logging_mixin.py:188} INFO - [2025-11-13T10:57:19.324+0530] {dag.py:3947} INFO - Setting next_dagrun for example_params_trigger_ui to None, run_after=None
[2025-11-13T10:57:19.343+0530] {processor.py:183} INFO - Processing /home/logi/txtai/venv/lib/python3.10/site-packages/airflow/example_dags/example_params_trigger_ui.py took 0.117 seconds
[2025-11-13T10:57:50.487+0530] {processor.py:161} INFO - Started process (PID=24059) to work on /home/logi/txtai/venv/lib/python3.10/site-packages/airflow/example_dags/example_params_trigger_ui.py
[2025-11-13T10:57:50.489+0530] {processor.py:830} INFO - Processing file /home/logi/txtai/venv/lib/python3.10/site-packages/airflow/example_dags/example_params_trigger_ui.py for tasks to queue
[2025-11-13T10:57:50.492+0530] {logging_mixin.py:188} INFO - [2025-11-13T10:57:50.492+0530] {dagbag.py:545} INFO - Filling up the DagBag from /home/logi/txtai/venv/lib/python3.10/site-packages/airflow/example_dags/example_params_trigger_ui.py
[2025-11-13T10:57:50.508+0530] {processor.py:840} INFO - DAG(s) 'example_params_trigger_ui' retrieved from /home/logi/txtai/venv/lib/python3.10/site-packages/airflow/example_dags/example_params_trigger_ui.py
[2025-11-13T10:57:50.609+0530] {logging_mixin.py:188} INFO - [2025-11-13T10:57:50.609+0530] {dag.py:3089} INFO - Sync 1 DAGs
[2025-11-13T10:57:50.622+0530] {logging_mixin.py:188} INFO - [2025-11-13T10:57:50.621+0530] {dag.py:3947} INFO - Setting next_dagrun for example_params_trigger_ui to None, run_after=None
[2025-11-13T10:57:50.657+0530] {processor.py:183} INFO - Processing /home/logi/txtai/venv/lib/python3.10/site-packages/airflow/example_dags/example_params_trigger_ui.py took 0.180 seconds
[2025-11-13T10:58:21.614+0530] {processor.py:161} INFO - Started process (PID=24201) to work on /home/logi/txtai/venv/lib/python3.10/site-packages/airflow/example_dags/example_params_trigger_ui.py
[2025-11-13T10:58:21.616+0530] {processor.py:830} INFO - Processing file /home/logi/txtai/venv/lib/python3.10/site-packages/airflow/example_dags/example_params_trigger_ui.py for tasks to queue
[2025-11-13T10:58:21.618+0530] {logging_mixin.py:188} INFO - [2025-11-13T10:58:21.618+0530] {dagbag.py:545} INFO - Filling up the DagBag from /home/logi/txtai/venv/lib/python3.10/site-packages/airflow/example_dags/example_params_trigger_ui.py
[2025-11-13T10:58:21.633+0530] {processor.py:840} INFO - DAG(s) 'example_params_trigger_ui' retrieved from /home/logi/txtai/venv/lib/python3.10/site-packages/airflow/example_dags/example_params_trigger_ui.py
[2025-11-13T10:58:21.736+0530] {logging_mixin.py:188} INFO - [2025-11-13T10:58:21.736+0530] {dag.py:3089} INFO - Sync 1 DAGs
[2025-11-13T10:58:21.756+0530] {logging_mixin.py:188} INFO - [2025-11-13T10:58:21.756+0530] {dag.py:3947} INFO - Setting next_dagrun for example_params_trigger_ui to None, run_after=None
[2025-11-13T10:58:21.789+0530] {processor.py:183} INFO - Processing /home/logi/txtai/venv/lib/python3.10/site-packages/airflow/example_dags/example_params_trigger_ui.py took 0.186 seconds
[2025-11-13T10:58:53.478+0530] {processor.py:161} INFO - Started process (PID=24343) to work on /home/logi/txtai/venv/lib/python3.10/site-packages/airflow/example_dags/example_params_trigger_ui.py
[2025-11-13T10:58:53.479+0530] {processor.py:830} INFO - Processing file /home/logi/txtai/venv/lib/python3.10/site-packages/airflow/example_dags/example_params_trigger_ui.py for tasks to queue
[2025-11-13T10:58:53.482+0530] {logging_mixin.py:188} INFO - [2025-11-13T10:58:53.482+0530] {dagbag.py:545} INFO - Filling up the DagBag from /home/logi/txtai/venv/lib/python3.10/site-packages/airflow/example_dags/example_params_trigger_ui.py
[2025-11-13T10:58:53.498+0530] {processor.py:840} INFO - DAG(s) 'example_params_trigger_ui' retrieved from /home/logi/txtai/venv/lib/python3.10/site-packages/airflow/example_dags/example_params_trigger_ui.py
[2025-11-13T10:58:53.598+0530] {logging_mixin.py:188} INFO - [2025-11-13T10:58:53.598+0530] {dag.py:3089} INFO - Sync 1 DAGs
[2025-11-13T10:58:53.610+0530] {logging_mixin.py:188} INFO - [2025-11-13T10:58:53.609+0530] {dag.py:3947} INFO - Setting next_dagrun for example_params_trigger_ui to None, run_after=None
[2025-11-13T10:58:53.643+0530] {processor.py:183} INFO - Processing /home/logi/txtai/venv/lib/python3.10/site-packages/airflow/example_dags/example_params_trigger_ui.py took 0.177 seconds
[2025-11-13T10:59:24.621+0530] {processor.py:161} INFO - Started process (PID=24545) to work on /home/logi/txtai/venv/lib/python3.10/site-packages/airflow/example_dags/example_params_trigger_ui.py
[2025-11-13T10:59:24.623+0530] {processor.py:830} INFO - Processing file /home/logi/txtai/venv/lib/python3.10/site-packages/airflow/example_dags/example_params_trigger_ui.py for tasks to queue
[2025-11-13T10:59:24.624+0530] {logging_mixin.py:188} INFO - [2025-11-13T10:59:24.624+0530] {dagbag.py:545} INFO - Filling up the DagBag from /home/logi/txtai/venv/lib/python3.10/site-packages/airflow/example_dags/example_params_trigger_ui.py
[2025-11-13T10:59:24.633+0530] {processor.py:840} INFO - DAG(s) 'example_params_trigger_ui' retrieved from /home/logi/txtai/venv/lib/python3.10/site-packages/airflow/example_dags/example_params_trigger_ui.py
[2025-11-13T10:59:24.716+0530] {logging_mixin.py:188} INFO - [2025-11-13T10:59:24.716+0530] {dag.py:3089} INFO - Sync 1 DAGs
[2025-11-13T10:59:24.728+0530] {logging_mixin.py:188} INFO - [2025-11-13T10:59:24.728+0530] {dag.py:3947} INFO - Setting next_dagrun for example_params_trigger_ui to None, run_after=None
[2025-11-13T10:59:24.771+0530] {processor.py:183} INFO - Processing /home/logi/txtai/venv/lib/python3.10/site-packages/airflow/example_dags/example_params_trigger_ui.py took 0.155 seconds
[2025-11-13T10:59:55.964+0530] {processor.py:161} INFO - Started process (PID=24703) to work on /home/logi/txtai/venv/lib/python3.10/site-packages/airflow/example_dags/example_params_trigger_ui.py
[2025-11-13T10:59:55.966+0530] {processor.py:830} INFO - Processing file /home/logi/txtai/venv/lib/python3.10/site-packages/airflow/example_dags/example_params_trigger_ui.py for tasks to queue
[2025-11-13T10:59:55.969+0530] {logging_mixin.py:188} INFO - [2025-11-13T10:59:55.968+0530] {dagbag.py:545} INFO - Filling up the DagBag from /home/logi/txtai/venv/lib/python3.10/site-packages/airflow/example_dags/example_params_trigger_ui.py
[2025-11-13T10:59:55.986+0530] {processor.py:840} INFO - DAG(s) 'example_params_trigger_ui' retrieved from /home/logi/txtai/venv/lib/python3.10/site-packages/airflow/example_dags/example_params_trigger_ui.py
[2025-11-13T10:59:56.089+0530] {logging_mixin.py:188} INFO - [2025-11-13T10:59:56.089+0530] {dag.py:3089} INFO - Sync 1 DAGs
[2025-11-13T10:59:56.101+0530] {logging_mixin.py:188} INFO - [2025-11-13T10:59:56.101+0530] {dag.py:3947} INFO - Setting next_dagrun for example_params_trigger_ui to None, run_after=None
[2025-11-13T10:59:56.133+0530] {processor.py:183} INFO - Processing /home/logi/txtai/venv/lib/python3.10/site-packages/airflow/example_dags/example_params_trigger_ui.py took 0.180 seconds
[2025-11-13T11:00:26.619+0530] {processor.py:161} INFO - Started process (PID=25173) to work on /home/logi/txtai/venv/lib/python3.10/site-packages/airflow/example_dags/example_params_trigger_ui.py
[2025-11-13T11:00:26.621+0530] {processor.py:830} INFO - Processing file /home/logi/txtai/venv/lib/python3.10/site-packages/airflow/example_dags/example_params_trigger_ui.py for tasks to queue
[2025-11-13T11:00:26.624+0530] {logging_mixin.py:188} INFO - [2025-11-13T11:00:26.623+0530] {dagbag.py:545} INFO - Filling up the DagBag from /home/logi/txtai/venv/lib/python3.10/site-packages/airflow/example_dags/example_params_trigger_ui.py
[2025-11-13T11:00:26.639+0530] {processor.py:840} INFO - DAG(s) 'example_params_trigger_ui' retrieved from /home/logi/txtai/venv/lib/python3.10/site-packages/airflow/example_dags/example_params_trigger_ui.py
[2025-11-13T11:00:26.732+0530] {logging_mixin.py:188} INFO - [2025-11-13T11:00:26.731+0530] {dag.py:3089} INFO - Sync 1 DAGs
[2025-11-13T11:00:26.745+0530] {logging_mixin.py:188} INFO - [2025-11-13T11:00:26.744+0530] {dag.py:3947} INFO - Setting next_dagrun for example_params_trigger_ui to None, run_after=None
[2025-11-13T11:00:26.779+0530] {processor.py:183} INFO - Processing /home/logi/txtai/venv/lib/python3.10/site-packages/airflow/example_dags/example_params_trigger_ui.py took 0.171 seconds
[2025-11-13T11:00:58.176+0530] {processor.py:161} INFO - Started process (PID=25592) to work on /home/logi/txtai/venv/lib/python3.10/site-packages/airflow/example_dags/example_params_trigger_ui.py
[2025-11-13T11:00:58.178+0530] {processor.py:830} INFO - Processing file /home/logi/txtai/venv/lib/python3.10/site-packages/airflow/example_dags/example_params_trigger_ui.py for tasks to queue
[2025-11-13T11:00:58.180+0530] {logging_mixin.py:188} INFO - [2025-11-13T11:00:58.180+0530] {dagbag.py:545} INFO - Filling up the DagBag from /home/logi/txtai/venv/lib/python3.10/site-packages/airflow/example_dags/example_params_trigger_ui.py
[2025-11-13T11:00:58.195+0530] {processor.py:840} INFO - DAG(s) 'example_params_trigger_ui' retrieved from /home/logi/txtai/venv/lib/python3.10/site-packages/airflow/example_dags/example_params_trigger_ui.py
[2025-11-13T11:00:58.294+0530] {logging_mixin.py:188} INFO - [2025-11-13T11:00:58.294+0530] {dag.py:3089} INFO - Sync 1 DAGs
[2025-11-13T11:00:58.306+0530] {logging_mixin.py:188} INFO - [2025-11-13T11:00:58.306+0530] {dag.py:3947} INFO - Setting next_dagrun for example_params_trigger_ui to None, run_after=None
[2025-11-13T11:00:58.349+0530] {processor.py:183} INFO - Processing /home/logi/txtai/venv/lib/python3.10/site-packages/airflow/example_dags/example_params_trigger_ui.py took 0.183 seconds
[2025-11-13T11:01:29.554+0530] {processor.py:161} INFO - Started process (PID=25734) to work on /home/logi/txtai/venv/lib/python3.10/site-packages/airflow/example_dags/example_params_trigger_ui.py
[2025-11-13T11:01:29.556+0530] {processor.py:830} INFO - Processing file /home/logi/txtai/venv/lib/python3.10/site-packages/airflow/example_dags/example_params_trigger_ui.py for tasks to queue
[2025-11-13T11:01:29.559+0530] {logging_mixin.py:188} INFO - [2025-11-13T11:01:29.559+0530] {dagbag.py:545} INFO - Filling up the DagBag from /home/logi/txtai/venv/lib/python3.10/site-packages/airflow/example_dags/example_params_trigger_ui.py
[2025-11-13T11:01:29.575+0530] {processor.py:840} INFO - DAG(s) 'example_params_trigger_ui' retrieved from /home/logi/txtai/venv/lib/python3.10/site-packages/airflow/example_dags/example_params_trigger_ui.py
[2025-11-13T11:01:29.688+0530] {logging_mixin.py:188} INFO - [2025-11-13T11:01:29.687+0530] {dag.py:3089} INFO - Sync 1 DAGs
[2025-11-13T11:01:29.707+0530] {logging_mixin.py:188} INFO - [2025-11-13T11:01:29.707+0530] {dag.py:3947} INFO - Setting next_dagrun for example_params_trigger_ui to None, run_after=None
[2025-11-13T11:01:29.750+0530] {processor.py:183} INFO - Processing /home/logi/txtai/venv/lib/python3.10/site-packages/airflow/example_dags/example_params_trigger_ui.py took 0.208 seconds
[2025-11-13T11:02:00.483+0530] {processor.py:161} INFO - Started process (PID=25889) to work on /home/logi/txtai/venv/lib/python3.10/site-packages/airflow/example_dags/example_params_trigger_ui.py
[2025-11-13T11:02:00.485+0530] {processor.py:830} INFO - Processing file /home/logi/txtai/venv/lib/python3.10/site-packages/airflow/example_dags/example_params_trigger_ui.py for tasks to queue
[2025-11-13T11:02:00.488+0530] {logging_mixin.py:188} INFO - [2025-11-13T11:02:00.487+0530] {dagbag.py:545} INFO - Filling up the DagBag from /home/logi/txtai/venv/lib/python3.10/site-packages/airflow/example_dags/example_params_trigger_ui.py
[2025-11-13T11:02:00.503+0530] {processor.py:840} INFO - DAG(s) 'example_params_trigger_ui' retrieved from /home/logi/txtai/venv/lib/python3.10/site-packages/airflow/example_dags/example_params_trigger_ui.py
[2025-11-13T11:02:00.576+0530] {logging_mixin.py:188} INFO - [2025-11-13T11:02:00.576+0530] {dag.py:3089} INFO - Sync 1 DAGs
[2025-11-13T11:02:00.591+0530] {logging_mixin.py:188} INFO - [2025-11-13T11:02:00.591+0530] {dag.py:3947} INFO - Setting next_dagrun for example_params_trigger_ui to None, run_after=None
[2025-11-13T11:02:00.615+0530] {processor.py:183} INFO - Processing /home/logi/txtai/venv/lib/python3.10/site-packages/airflow/example_dags/example_params_trigger_ui.py took 0.145 seconds
[2025-11-13T11:02:30.831+0530] {processor.py:161} INFO - Started process (PID=26059) to work on /home/logi/txtai/venv/lib/python3.10/site-packages/airflow/example_dags/example_params_trigger_ui.py
[2025-11-13T11:02:30.832+0530] {processor.py:830} INFO - Processing file /home/logi/txtai/venv/lib/python3.10/site-packages/airflow/example_dags/example_params_trigger_ui.py for tasks to queue
[2025-11-13T11:02:30.834+0530] {logging_mixin.py:188} INFO - [2025-11-13T11:02:30.834+0530] {dagbag.py:545} INFO - Filling up the DagBag from /home/logi/txtai/venv/lib/python3.10/site-packages/airflow/example_dags/example_params_trigger_ui.py
[2025-11-13T11:02:30.843+0530] {processor.py:840} INFO - DAG(s) 'example_params_trigger_ui' retrieved from /home/logi/txtai/venv/lib/python3.10/site-packages/airflow/example_dags/example_params_trigger_ui.py
[2025-11-13T11:02:30.896+0530] {logging_mixin.py:188} INFO - [2025-11-13T11:02:30.895+0530] {dag.py:3089} INFO - Sync 1 DAGs
[2025-11-13T11:02:30.907+0530] {logging_mixin.py:188} INFO - [2025-11-13T11:02:30.906+0530] {dag.py:3947} INFO - Setting next_dagrun for example_params_trigger_ui to None, run_after=None
[2025-11-13T11:02:30.925+0530] {processor.py:183} INFO - Processing /home/logi/txtai/venv/lib/python3.10/site-packages/airflow/example_dags/example_params_trigger_ui.py took 0.101 seconds
[2025-11-13T11:03:01.698+0530] {processor.py:161} INFO - Started process (PID=26210) to work on /home/logi/txtai/venv/lib/python3.10/site-packages/airflow/example_dags/example_params_trigger_ui.py
[2025-11-13T11:03:01.699+0530] {processor.py:830} INFO - Processing file /home/logi/txtai/venv/lib/python3.10/site-packages/airflow/example_dags/example_params_trigger_ui.py for tasks to queue
[2025-11-13T11:03:01.701+0530] {logging_mixin.py:188} INFO - [2025-11-13T11:03:01.701+0530] {dagbag.py:545} INFO - Filling up the DagBag from /home/logi/txtai/venv/lib/python3.10/site-packages/airflow/example_dags/example_params_trigger_ui.py
[2025-11-13T11:03:01.710+0530] {processor.py:840} INFO - DAG(s) 'example_params_trigger_ui' retrieved from /home/logi/txtai/venv/lib/python3.10/site-packages/airflow/example_dags/example_params_trigger_ui.py
[2025-11-13T11:03:01.766+0530] {logging_mixin.py:188} INFO - [2025-11-13T11:03:01.766+0530] {dag.py:3089} INFO - Sync 1 DAGs
[2025-11-13T11:03:01.779+0530] {logging_mixin.py:188} INFO - [2025-11-13T11:03:01.779+0530] {dag.py:3947} INFO - Setting next_dagrun for example_params_trigger_ui to None, run_after=None
[2025-11-13T11:03:01.802+0530] {processor.py:183} INFO - Processing /home/logi/txtai/venv/lib/python3.10/site-packages/airflow/example_dags/example_params_trigger_ui.py took 0.115 seconds
[2025-11-13T11:03:32.023+0530] {processor.py:161} INFO - Started process (PID=26351) to work on /home/logi/txtai/venv/lib/python3.10/site-packages/airflow/example_dags/example_params_trigger_ui.py
[2025-11-13T11:03:32.036+0530] {processor.py:830} INFO - Processing file /home/logi/txtai/venv/lib/python3.10/site-packages/airflow/example_dags/example_params_trigger_ui.py for tasks to queue
[2025-11-13T11:03:32.038+0530] {logging_mixin.py:188} INFO - [2025-11-13T11:03:32.038+0530] {dagbag.py:545} INFO - Filling up the DagBag from /home/logi/txtai/venv/lib/python3.10/site-packages/airflow/example_dags/example_params_trigger_ui.py
[2025-11-13T11:03:32.049+0530] {processor.py:840} INFO - DAG(s) 'example_params_trigger_ui' retrieved from /home/logi/txtai/venv/lib/python3.10/site-packages/airflow/example_dags/example_params_trigger_ui.py
[2025-11-13T11:03:32.105+0530] {logging_mixin.py:188} INFO - [2025-11-13T11:03:32.104+0530] {dag.py:3089} INFO - Sync 1 DAGs
[2025-11-13T11:03:32.118+0530] {logging_mixin.py:188} INFO - [2025-11-13T11:03:32.118+0530] {dag.py:3947} INFO - Setting next_dagrun for example_params_trigger_ui to None, run_after=None
[2025-11-13T11:03:32.142+0530] {processor.py:183} INFO - Processing /home/logi/txtai/venv/lib/python3.10/site-packages/airflow/example_dags/example_params_trigger_ui.py took 0.134 seconds
[2025-11-13T11:04:02.272+0530] {processor.py:161} INFO - Started process (PID=26481) to work on /home/logi/txtai/venv/lib/python3.10/site-packages/airflow/example_dags/example_params_trigger_ui.py
[2025-11-13T11:04:02.274+0530] {processor.py:830} INFO - Processing file /home/logi/txtai/venv/lib/python3.10/site-packages/airflow/example_dags/example_params_trigger_ui.py for tasks to queue
[2025-11-13T11:04:02.277+0530] {logging_mixin.py:188} INFO - [2025-11-13T11:04:02.276+0530] {dagbag.py:545} INFO - Filling up the DagBag from /home/logi/txtai/venv/lib/python3.10/site-packages/airflow/example_dags/example_params_trigger_ui.py
[2025-11-13T11:04:02.292+0530] {processor.py:840} INFO - DAG(s) 'example_params_trigger_ui' retrieved from /home/logi/txtai/venv/lib/python3.10/site-packages/airflow/example_dags/example_params_trigger_ui.py
[2025-11-13T11:04:02.396+0530] {logging_mixin.py:188} INFO - [2025-11-13T11:04:02.396+0530] {dag.py:3089} INFO - Sync 1 DAGs
[2025-11-13T11:04:02.410+0530] {logging_mixin.py:188} INFO - [2025-11-13T11:04:02.410+0530] {dag.py:3947} INFO - Setting next_dagrun for example_params_trigger_ui to None, run_after=None
[2025-11-13T11:04:02.459+0530] {processor.py:183} INFO - Processing /home/logi/txtai/venv/lib/python3.10/site-packages/airflow/example_dags/example_params_trigger_ui.py took 0.200 seconds
[2025-11-13T11:04:33.056+0530] {processor.py:161} INFO - Started process (PID=26624) to work on /home/logi/txtai/venv/lib/python3.10/site-packages/airflow/example_dags/example_params_trigger_ui.py
[2025-11-13T11:04:33.058+0530] {processor.py:830} INFO - Processing file /home/logi/txtai/venv/lib/python3.10/site-packages/airflow/example_dags/example_params_trigger_ui.py for tasks to queue
[2025-11-13T11:04:33.060+0530] {logging_mixin.py:188} INFO - [2025-11-13T11:04:33.059+0530] {dagbag.py:545} INFO - Filling up the DagBag from /home/logi/txtai/venv/lib/python3.10/site-packages/airflow/example_dags/example_params_trigger_ui.py
[2025-11-13T11:04:33.068+0530] {processor.py:840} INFO - DAG(s) 'example_params_trigger_ui' retrieved from /home/logi/txtai/venv/lib/python3.10/site-packages/airflow/example_dags/example_params_trigger_ui.py
[2025-11-13T11:04:33.126+0530] {logging_mixin.py:188} INFO - [2025-11-13T11:04:33.126+0530] {dag.py:3089} INFO - Sync 1 DAGs
[2025-11-13T11:04:33.141+0530] {logging_mixin.py:188} INFO - [2025-11-13T11:04:33.141+0530] {dag.py:3947} INFO - Setting next_dagrun for example_params_trigger_ui to None, run_after=None
[2025-11-13T11:04:33.167+0530] {processor.py:183} INFO - Processing /home/logi/txtai/venv/lib/python3.10/site-packages/airflow/example_dags/example_params_trigger_ui.py took 0.119 seconds
[2025-11-13T11:05:03.438+0530] {processor.py:161} INFO - Started process (PID=26768) to work on /home/logi/txtai/venv/lib/python3.10/site-packages/airflow/example_dags/example_params_trigger_ui.py
[2025-11-13T11:05:03.439+0530] {processor.py:830} INFO - Processing file /home/logi/txtai/venv/lib/python3.10/site-packages/airflow/example_dags/example_params_trigger_ui.py for tasks to queue
[2025-11-13T11:05:03.442+0530] {logging_mixin.py:188} INFO - [2025-11-13T11:05:03.441+0530] {dagbag.py:545} INFO - Filling up the DagBag from /home/logi/txtai/venv/lib/python3.10/site-packages/airflow/example_dags/example_params_trigger_ui.py
[2025-11-13T11:05:03.454+0530] {processor.py:840} INFO - DAG(s) 'example_params_trigger_ui' retrieved from /home/logi/txtai/venv/lib/python3.10/site-packages/airflow/example_dags/example_params_trigger_ui.py
[2025-11-13T11:05:03.507+0530] {logging_mixin.py:188} INFO - [2025-11-13T11:05:03.507+0530] {dag.py:3089} INFO - Sync 1 DAGs
[2025-11-13T11:05:03.521+0530] {logging_mixin.py:188} INFO - [2025-11-13T11:05:03.520+0530] {dag.py:3947} INFO - Setting next_dagrun for example_params_trigger_ui to None, run_after=None
[2025-11-13T11:05:03.544+0530] {processor.py:183} INFO - Processing /home/logi/txtai/venv/lib/python3.10/site-packages/airflow/example_dags/example_params_trigger_ui.py took 0.118 seconds
[2025-11-13T17:54:01.401+0530] {processor.py:161} INFO - Started process (PID=31037) to work on /home/logi/txtai/venv/lib/python3.10/site-packages/airflow/example_dags/example_params_trigger_ui.py
[2025-11-13T17:54:01.403+0530] {processor.py:830} INFO - Processing file /home/logi/txtai/venv/lib/python3.10/site-packages/airflow/example_dags/example_params_trigger_ui.py for tasks to queue
[2025-11-13T17:54:01.405+0530] {logging_mixin.py:188} INFO - [2025-11-13T17:54:01.405+0530] {dagbag.py:545} INFO - Filling up the DagBag from /home/logi/txtai/venv/lib/python3.10/site-packages/airflow/example_dags/example_params_trigger_ui.py
[2025-11-13T17:54:01.425+0530] {processor.py:840} INFO - DAG(s) 'example_params_trigger_ui' retrieved from /home/logi/txtai/venv/lib/python3.10/site-packages/airflow/example_dags/example_params_trigger_ui.py
[2025-11-13T17:54:01.513+0530] {logging_mixin.py:188} INFO - [2025-11-13T17:54:01.512+0530] {dag.py:3089} INFO - Sync 1 DAGs
[2025-11-13T17:54:01.541+0530] {logging_mixin.py:188} INFO - [2025-11-13T17:54:01.540+0530] {dag.py:3947} INFO - Setting next_dagrun for example_params_trigger_ui to None, run_after=None
[2025-11-13T17:54:01.599+0530] {processor.py:183} INFO - Processing /home/logi/txtai/venv/lib/python3.10/site-packages/airflow/example_dags/example_params_trigger_ui.py took 0.220 seconds
[2025-11-13T17:56:10.219+0530] {processor.py:161} INFO - Started process (PID=32337) to work on /home/logi/txtai/venv/lib/python3.10/site-packages/airflow/example_dags/example_params_trigger_ui.py
[2025-11-13T17:56:10.221+0530] {processor.py:830} INFO - Processing file /home/logi/txtai/venv/lib/python3.10/site-packages/airflow/example_dags/example_params_trigger_ui.py for tasks to queue
[2025-11-13T17:56:10.223+0530] {logging_mixin.py:188} INFO - [2025-11-13T17:56:10.223+0530] {dagbag.py:545} INFO - Filling up the DagBag from /home/logi/txtai/venv/lib/python3.10/site-packages/airflow/example_dags/example_params_trigger_ui.py
[2025-11-13T17:56:10.238+0530] {processor.py:840} INFO - DAG(s) 'example_params_trigger_ui' retrieved from /home/logi/txtai/venv/lib/python3.10/site-packages/airflow/example_dags/example_params_trigger_ui.py
[2025-11-13T17:56:10.323+0530] {logging_mixin.py:188} INFO - [2025-11-13T17:56:10.323+0530] {dag.py:3089} INFO - Sync 1 DAGs
[2025-11-13T17:56:10.337+0530] {logging_mixin.py:188} INFO - [2025-11-13T17:56:10.337+0530] {dag.py:3947} INFO - Setting next_dagrun for example_params_trigger_ui to None, run_after=None
[2025-11-13T17:56:10.363+0530] {processor.py:183} INFO - Processing /home/logi/txtai/venv/lib/python3.10/site-packages/airflow/example_dags/example_params_trigger_ui.py took 0.155 seconds
[2025-11-13T17:56:41.723+0530] {processor.py:161} INFO - Started process (PID=33001) to work on /home/logi/txtai/venv/lib/python3.10/site-packages/airflow/example_dags/example_params_trigger_ui.py
[2025-11-13T17:56:41.726+0530] {processor.py:830} INFO - Processing file /home/logi/txtai/venv/lib/python3.10/site-packages/airflow/example_dags/example_params_trigger_ui.py for tasks to queue
[2025-11-13T17:56:41.727+0530] {logging_mixin.py:188} INFO - [2025-11-13T17:56:41.727+0530] {dagbag.py:545} INFO - Filling up the DagBag from /home/logi/txtai/venv/lib/python3.10/site-packages/airflow/example_dags/example_params_trigger_ui.py
[2025-11-13T17:56:41.739+0530] {processor.py:840} INFO - DAG(s) 'example_params_trigger_ui' retrieved from /home/logi/txtai/venv/lib/python3.10/site-packages/airflow/example_dags/example_params_trigger_ui.py
[2025-11-13T17:56:41.815+0530] {logging_mixin.py:188} INFO - [2025-11-13T17:56:41.815+0530] {dag.py:3089} INFO - Sync 1 DAGs
[2025-11-13T17:56:41.833+0530] {logging_mixin.py:188} INFO - [2025-11-13T17:56:41.832+0530] {dag.py:3947} INFO - Setting next_dagrun for example_params_trigger_ui to None, run_after=None
[2025-11-13T17:56:41.860+0530] {processor.py:183} INFO - Processing /home/logi/txtai/venv/lib/python3.10/site-packages/airflow/example_dags/example_params_trigger_ui.py took 0.146 seconds
[2025-11-13T17:57:12.210+0530] {processor.py:161} INFO - Started process (PID=33751) to work on /home/logi/txtai/venv/lib/python3.10/site-packages/airflow/example_dags/example_params_trigger_ui.py
[2025-11-13T17:57:12.212+0530] {processor.py:830} INFO - Processing file /home/logi/txtai/venv/lib/python3.10/site-packages/airflow/example_dags/example_params_trigger_ui.py for tasks to queue
[2025-11-13T17:57:12.214+0530] {logging_mixin.py:188} INFO - [2025-11-13T17:57:12.214+0530] {dagbag.py:545} INFO - Filling up the DagBag from /home/logi/txtai/venv/lib/python3.10/site-packages/airflow/example_dags/example_params_trigger_ui.py
[2025-11-13T17:57:12.230+0530] {processor.py:840} INFO - DAG(s) 'example_params_trigger_ui' retrieved from /home/logi/txtai/venv/lib/python3.10/site-packages/airflow/example_dags/example_params_trigger_ui.py
[2025-11-13T17:57:12.292+0530] {logging_mixin.py:188} INFO - [2025-11-13T17:57:12.291+0530] {dag.py:3089} INFO - Sync 1 DAGs
[2025-11-13T17:57:12.306+0530] {logging_mixin.py:188} INFO - [2025-11-13T17:57:12.306+0530] {dag.py:3947} INFO - Setting next_dagrun for example_params_trigger_ui to None, run_after=None
[2025-11-13T17:57:12.335+0530] {processor.py:183} INFO - Processing /home/logi/txtai/venv/lib/python3.10/site-packages/airflow/example_dags/example_params_trigger_ui.py took 0.133 seconds
[2025-11-13T17:57:43.032+0530] {processor.py:161} INFO - Started process (PID=34142) to work on /home/logi/txtai/venv/lib/python3.10/site-packages/airflow/example_dags/example_params_trigger_ui.py
[2025-11-13T17:57:43.033+0530] {processor.py:830} INFO - Processing file /home/logi/txtai/venv/lib/python3.10/site-packages/airflow/example_dags/example_params_trigger_ui.py for tasks to queue
[2025-11-13T17:57:43.034+0530] {logging_mixin.py:188} INFO - [2025-11-13T17:57:43.034+0530] {dagbag.py:545} INFO - Filling up the DagBag from /home/logi/txtai/venv/lib/python3.10/site-packages/airflow/example_dags/example_params_trigger_ui.py
[2025-11-13T17:57:43.042+0530] {processor.py:840} INFO - DAG(s) 'example_params_trigger_ui' retrieved from /home/logi/txtai/venv/lib/python3.10/site-packages/airflow/example_dags/example_params_trigger_ui.py
[2025-11-13T17:57:43.104+0530] {logging_mixin.py:188} INFO - [2025-11-13T17:57:43.104+0530] {dag.py:3089} INFO - Sync 1 DAGs
[2025-11-13T17:57:43.116+0530] {logging_mixin.py:188} INFO - [2025-11-13T17:57:43.116+0530] {dag.py:3947} INFO - Setting next_dagrun for example_params_trigger_ui to None, run_after=None
[2025-11-13T17:57:43.137+0530] {processor.py:183} INFO - Processing /home/logi/txtai/venv/lib/python3.10/site-packages/airflow/example_dags/example_params_trigger_ui.py took 0.111 seconds
[2025-11-13T17:58:14.829+0530] {processor.py:161} INFO - Started process (PID=34777) to work on /home/logi/txtai/venv/lib/python3.10/site-packages/airflow/example_dags/example_params_trigger_ui.py
[2025-11-13T17:58:14.831+0530] {processor.py:830} INFO - Processing file /home/logi/txtai/venv/lib/python3.10/site-packages/airflow/example_dags/example_params_trigger_ui.py for tasks to queue
[2025-11-13T17:58:14.834+0530] {logging_mixin.py:188} INFO - [2025-11-13T17:58:14.833+0530] {dagbag.py:545} INFO - Filling up the DagBag from /home/logi/txtai/venv/lib/python3.10/site-packages/airflow/example_dags/example_params_trigger_ui.py
[2025-11-13T17:58:14.848+0530] {processor.py:840} INFO - DAG(s) 'example_params_trigger_ui' retrieved from /home/logi/txtai/venv/lib/python3.10/site-packages/airflow/example_dags/example_params_trigger_ui.py
[2025-11-13T17:58:14.915+0530] {logging_mixin.py:188} INFO - [2025-11-13T17:58:14.915+0530] {dag.py:3089} INFO - Sync 1 DAGs
[2025-11-13T17:58:14.937+0530] {logging_mixin.py:188} INFO - [2025-11-13T17:58:14.936+0530] {dag.py:3947} INFO - Setting next_dagrun for example_params_trigger_ui to None, run_after=None
[2025-11-13T17:58:14.962+0530] {processor.py:183} INFO - Processing /home/logi/txtai/venv/lib/python3.10/site-packages/airflow/example_dags/example_params_trigger_ui.py took 0.144 seconds
[2025-11-13T23:22:12.453+0530] {processor.py:161} INFO - Started process (PID=5821) to work on /home/logi/txtai/venv/lib/python3.10/site-packages/airflow/example_dags/example_params_trigger_ui.py
[2025-11-13T23:22:12.455+0530] {processor.py:830} INFO - Processing file /home/logi/txtai/venv/lib/python3.10/site-packages/airflow/example_dags/example_params_trigger_ui.py for tasks to queue
[2025-11-13T23:22:12.457+0530] {logging_mixin.py:188} INFO - [2025-11-13T23:22:12.457+0530] {dagbag.py:545} INFO - Filling up the DagBag from /home/logi/txtai/venv/lib/python3.10/site-packages/airflow/example_dags/example_params_trigger_ui.py
[2025-11-13T23:22:12.475+0530] {processor.py:840} INFO - DAG(s) 'example_params_trigger_ui' retrieved from /home/logi/txtai/venv/lib/python3.10/site-packages/airflow/example_dags/example_params_trigger_ui.py
[2025-11-13T23:22:12.558+0530] {logging_mixin.py:188} INFO - [2025-11-13T23:22:12.558+0530] {dag.py:3089} INFO - Sync 1 DAGs
[2025-11-13T23:22:12.573+0530] {logging_mixin.py:188} INFO - [2025-11-13T23:22:12.572+0530] {dag.py:3947} INFO - Setting next_dagrun for example_params_trigger_ui to None, run_after=None
[2025-11-13T23:22:12.603+0530] {processor.py:183} INFO - Processing /home/logi/txtai/venv/lib/python3.10/site-packages/airflow/example_dags/example_params_trigger_ui.py took 0.163 seconds
[2025-11-13T23:22:43.511+0530] {processor.py:161} INFO - Started process (PID=6565) to work on /home/logi/txtai/venv/lib/python3.10/site-packages/airflow/example_dags/example_params_trigger_ui.py
[2025-11-13T23:22:43.520+0530] {processor.py:830} INFO - Processing file /home/logi/txtai/venv/lib/python3.10/site-packages/airflow/example_dags/example_params_trigger_ui.py for tasks to queue
[2025-11-13T23:22:43.522+0530] {logging_mixin.py:188} INFO - [2025-11-13T23:22:43.521+0530] {dagbag.py:545} INFO - Filling up the DagBag from /home/logi/txtai/venv/lib/python3.10/site-packages/airflow/example_dags/example_params_trigger_ui.py
[2025-11-13T23:22:43.544+0530] {processor.py:840} INFO - DAG(s) 'example_params_trigger_ui' retrieved from /home/logi/txtai/venv/lib/python3.10/site-packages/airflow/example_dags/example_params_trigger_ui.py
[2025-11-13T23:22:43.613+0530] {logging_mixin.py:188} INFO - [2025-11-13T23:22:43.612+0530] {dag.py:3089} INFO - Sync 1 DAGs
[2025-11-13T23:22:43.625+0530] {logging_mixin.py:188} INFO - [2025-11-13T23:22:43.625+0530] {dag.py:3947} INFO - Setting next_dagrun for example_params_trigger_ui to None, run_after=None
[2025-11-13T23:22:43.649+0530] {processor.py:183} INFO - Processing /home/logi/txtai/venv/lib/python3.10/site-packages/airflow/example_dags/example_params_trigger_ui.py took 0.151 seconds
[2025-11-13T23:23:14.831+0530] {processor.py:161} INFO - Started process (PID=7239) to work on /home/logi/txtai/venv/lib/python3.10/site-packages/airflow/example_dags/example_params_trigger_ui.py
[2025-11-13T23:23:14.832+0530] {processor.py:830} INFO - Processing file /home/logi/txtai/venv/lib/python3.10/site-packages/airflow/example_dags/example_params_trigger_ui.py for tasks to queue
[2025-11-13T23:23:14.834+0530] {logging_mixin.py:188} INFO - [2025-11-13T23:23:14.833+0530] {dagbag.py:545} INFO - Filling up the DagBag from /home/logi/txtai/venv/lib/python3.10/site-packages/airflow/example_dags/example_params_trigger_ui.py
[2025-11-13T23:23:14.843+0530] {processor.py:840} INFO - DAG(s) 'example_params_trigger_ui' retrieved from /home/logi/txtai/venv/lib/python3.10/site-packages/airflow/example_dags/example_params_trigger_ui.py
[2025-11-13T23:23:14.918+0530] {logging_mixin.py:188} INFO - [2025-11-13T23:23:14.918+0530] {dag.py:3089} INFO - Sync 1 DAGs
[2025-11-13T23:23:14.929+0530] {logging_mixin.py:188} INFO - [2025-11-13T23:23:14.929+0530] {dag.py:3947} INFO - Setting next_dagrun for example_params_trigger_ui to None, run_after=None
[2025-11-13T23:23:14.948+0530] {processor.py:183} INFO - Processing /home/logi/txtai/venv/lib/python3.10/site-packages/airflow/example_dags/example_params_trigger_ui.py took 0.123 seconds
[2025-11-13T23:23:46.846+0530] {processor.py:161} INFO - Started process (PID=7473) to work on /home/logi/txtai/venv/lib/python3.10/site-packages/airflow/example_dags/example_params_trigger_ui.py
[2025-11-13T23:23:46.848+0530] {processor.py:830} INFO - Processing file /home/logi/txtai/venv/lib/python3.10/site-packages/airflow/example_dags/example_params_trigger_ui.py for tasks to queue
[2025-11-13T23:23:46.851+0530] {logging_mixin.py:188} INFO - [2025-11-13T23:23:46.850+0530] {dagbag.py:545} INFO - Filling up the DagBag from /home/logi/txtai/venv/lib/python3.10/site-packages/airflow/example_dags/example_params_trigger_ui.py
[2025-11-13T23:23:46.865+0530] {processor.py:840} INFO - DAG(s) 'example_params_trigger_ui' retrieved from /home/logi/txtai/venv/lib/python3.10/site-packages/airflow/example_dags/example_params_trigger_ui.py
[2025-11-13T23:23:46.974+0530] {logging_mixin.py:188} INFO - [2025-11-13T23:23:46.973+0530] {dag.py:3089} INFO - Sync 1 DAGs
[2025-11-13T23:23:46.990+0530] {logging_mixin.py:188} INFO - [2025-11-13T23:23:46.990+0530] {dag.py:3947} INFO - Setting next_dagrun for example_params_trigger_ui to None, run_after=None
[2025-11-13T23:23:47.025+0530] {processor.py:183} INFO - Processing /home/logi/txtai/venv/lib/python3.10/site-packages/airflow/example_dags/example_params_trigger_ui.py took 0.190 seconds
[2025-11-13T23:24:17.692+0530] {processor.py:161} INFO - Started process (PID=7761) to work on /home/logi/txtai/venv/lib/python3.10/site-packages/airflow/example_dags/example_params_trigger_ui.py
[2025-11-13T23:24:17.693+0530] {processor.py:830} INFO - Processing file /home/logi/txtai/venv/lib/python3.10/site-packages/airflow/example_dags/example_params_trigger_ui.py for tasks to queue
[2025-11-13T23:24:17.696+0530] {logging_mixin.py:188} INFO - [2025-11-13T23:24:17.696+0530] {dagbag.py:545} INFO - Filling up the DagBag from /home/logi/txtai/venv/lib/python3.10/site-packages/airflow/example_dags/example_params_trigger_ui.py
[2025-11-13T23:24:17.711+0530] {processor.py:840} INFO - DAG(s) 'example_params_trigger_ui' retrieved from /home/logi/txtai/venv/lib/python3.10/site-packages/airflow/example_dags/example_params_trigger_ui.py
[2025-11-13T23:24:17.794+0530] {logging_mixin.py:188} INFO - [2025-11-13T23:24:17.793+0530] {dag.py:3089} INFO - Sync 1 DAGs
[2025-11-13T23:24:17.811+0530] {logging_mixin.py:188} INFO - [2025-11-13T23:24:17.810+0530] {dag.py:3947} INFO - Setting next_dagrun for example_params_trigger_ui to None, run_after=None
[2025-11-13T23:24:17.854+0530] {processor.py:183} INFO - Processing /home/logi/txtai/venv/lib/python3.10/site-packages/airflow/example_dags/example_params_trigger_ui.py took 0.173 seconds
[2025-11-13T23:24:49.340+0530] {processor.py:161} INFO - Started process (PID=8007) to work on /home/logi/txtai/venv/lib/python3.10/site-packages/airflow/example_dags/example_params_trigger_ui.py
[2025-11-13T23:24:49.342+0530] {processor.py:830} INFO - Processing file /home/logi/txtai/venv/lib/python3.10/site-packages/airflow/example_dags/example_params_trigger_ui.py for tasks to queue
[2025-11-13T23:24:49.344+0530] {logging_mixin.py:188} INFO - [2025-11-13T23:24:49.344+0530] {dagbag.py:545} INFO - Filling up the DagBag from /home/logi/txtai/venv/lib/python3.10/site-packages/airflow/example_dags/example_params_trigger_ui.py
[2025-11-13T23:24:49.354+0530] {processor.py:840} INFO - DAG(s) 'example_params_trigger_ui' retrieved from /home/logi/txtai/venv/lib/python3.10/site-packages/airflow/example_dags/example_params_trigger_ui.py
[2025-11-13T23:24:49.410+0530] {logging_mixin.py:188} INFO - [2025-11-13T23:24:49.409+0530] {dag.py:3089} INFO - Sync 1 DAGs
[2025-11-13T23:24:49.421+0530] {logging_mixin.py:188} INFO - [2025-11-13T23:24:49.421+0530] {dag.py:3947} INFO - Setting next_dagrun for example_params_trigger_ui to None, run_after=None
[2025-11-13T23:24:49.442+0530] {processor.py:183} INFO - Processing /home/logi/txtai/venv/lib/python3.10/site-packages/airflow/example_dags/example_params_trigger_ui.py took 0.118 seconds
[2025-11-13T23:25:21.432+0530] {processor.py:161} INFO - Started process (PID=8869) to work on /home/logi/txtai/venv/lib/python3.10/site-packages/airflow/example_dags/example_params_trigger_ui.py
[2025-11-13T23:25:21.434+0530] {processor.py:830} INFO - Processing file /home/logi/txtai/venv/lib/python3.10/site-packages/airflow/example_dags/example_params_trigger_ui.py for tasks to queue
[2025-11-13T23:25:21.436+0530] {logging_mixin.py:188} INFO - [2025-11-13T23:25:21.436+0530] {dagbag.py:545} INFO - Filling up the DagBag from /home/logi/txtai/venv/lib/python3.10/site-packages/airflow/example_dags/example_params_trigger_ui.py
[2025-11-13T23:25:21.450+0530] {processor.py:840} INFO - DAG(s) 'example_params_trigger_ui' retrieved from /home/logi/txtai/venv/lib/python3.10/site-packages/airflow/example_dags/example_params_trigger_ui.py
[2025-11-13T23:25:21.517+0530] {logging_mixin.py:188} INFO - [2025-11-13T23:25:21.517+0530] {dag.py:3089} INFO - Sync 1 DAGs
[2025-11-13T23:25:21.528+0530] {logging_mixin.py:188} INFO - [2025-11-13T23:25:21.528+0530] {dag.py:3947} INFO - Setting next_dagrun for example_params_trigger_ui to None, run_after=None
[2025-11-13T23:25:21.550+0530] {processor.py:183} INFO - Processing /home/logi/txtai/venv/lib/python3.10/site-packages/airflow/example_dags/example_params_trigger_ui.py took 0.128 seconds
[2025-11-13T23:25:52.559+0530] {processor.py:161} INFO - Started process (PID=9336) to work on /home/logi/txtai/venv/lib/python3.10/site-packages/airflow/example_dags/example_params_trigger_ui.py
[2025-11-13T23:25:52.561+0530] {processor.py:830} INFO - Processing file /home/logi/txtai/venv/lib/python3.10/site-packages/airflow/example_dags/example_params_trigger_ui.py for tasks to queue
[2025-11-13T23:25:52.564+0530] {logging_mixin.py:188} INFO - [2025-11-13T23:25:52.563+0530] {dagbag.py:545} INFO - Filling up the DagBag from /home/logi/txtai/venv/lib/python3.10/site-packages/airflow/example_dags/example_params_trigger_ui.py
[2025-11-13T23:25:52.580+0530] {processor.py:840} INFO - DAG(s) 'example_params_trigger_ui' retrieved from /home/logi/txtai/venv/lib/python3.10/site-packages/airflow/example_dags/example_params_trigger_ui.py
[2025-11-13T23:25:52.665+0530] {logging_mixin.py:188} INFO - [2025-11-13T23:25:52.664+0530] {dag.py:3089} INFO - Sync 1 DAGs
[2025-11-13T23:25:52.676+0530] {logging_mixin.py:188} INFO - [2025-11-13T23:25:52.676+0530] {dag.py:3947} INFO - Setting next_dagrun for example_params_trigger_ui to None, run_after=None
[2025-11-13T23:25:52.717+0530] {processor.py:183} INFO - Processing /home/logi/txtai/venv/lib/python3.10/site-packages/airflow/example_dags/example_params_trigger_ui.py took 0.170 seconds
[2025-11-13T23:26:24.407+0530] {processor.py:161} INFO - Started process (PID=9552) to work on /home/logi/txtai/venv/lib/python3.10/site-packages/airflow/example_dags/example_params_trigger_ui.py
[2025-11-13T23:26:24.409+0530] {processor.py:830} INFO - Processing file /home/logi/txtai/venv/lib/python3.10/site-packages/airflow/example_dags/example_params_trigger_ui.py for tasks to queue
[2025-11-13T23:26:24.411+0530] {logging_mixin.py:188} INFO - [2025-11-13T23:26:24.411+0530] {dagbag.py:545} INFO - Filling up the DagBag from /home/logi/txtai/venv/lib/python3.10/site-packages/airflow/example_dags/example_params_trigger_ui.py
[2025-11-13T23:26:24.426+0530] {processor.py:840} INFO - DAG(s) 'example_params_trigger_ui' retrieved from /home/logi/txtai/venv/lib/python3.10/site-packages/airflow/example_dags/example_params_trigger_ui.py
[2025-11-13T23:26:24.530+0530] {logging_mixin.py:188} INFO - [2025-11-13T23:26:24.529+0530] {dag.py:3089} INFO - Sync 1 DAGs
[2025-11-13T23:26:24.547+0530] {logging_mixin.py:188} INFO - [2025-11-13T23:26:24.546+0530] {dag.py:3947} INFO - Setting next_dagrun for example_params_trigger_ui to None, run_after=None
[2025-11-13T23:26:24.581+0530] {processor.py:183} INFO - Processing /home/logi/txtai/venv/lib/python3.10/site-packages/airflow/example_dags/example_params_trigger_ui.py took 0.185 seconds
[2025-11-13T23:26:55.911+0530] {processor.py:161} INFO - Started process (PID=9715) to work on /home/logi/txtai/venv/lib/python3.10/site-packages/airflow/example_dags/example_params_trigger_ui.py
[2025-11-13T23:26:55.912+0530] {processor.py:830} INFO - Processing file /home/logi/txtai/venv/lib/python3.10/site-packages/airflow/example_dags/example_params_trigger_ui.py for tasks to queue
[2025-11-13T23:26:55.915+0530] {logging_mixin.py:188} INFO - [2025-11-13T23:26:55.914+0530] {dagbag.py:545} INFO - Filling up the DagBag from /home/logi/txtai/venv/lib/python3.10/site-packages/airflow/example_dags/example_params_trigger_ui.py
[2025-11-13T23:26:55.929+0530] {processor.py:840} INFO - DAG(s) 'example_params_trigger_ui' retrieved from /home/logi/txtai/venv/lib/python3.10/site-packages/airflow/example_dags/example_params_trigger_ui.py
[2025-11-13T23:26:56.026+0530] {logging_mixin.py:188} INFO - [2025-11-13T23:26:56.025+0530] {dag.py:3089} INFO - Sync 1 DAGs
[2025-11-13T23:26:56.038+0530] {logging_mixin.py:188} INFO - [2025-11-13T23:26:56.038+0530] {dag.py:3947} INFO - Setting next_dagrun for example_params_trigger_ui to None, run_after=None
[2025-11-13T23:26:56.082+0530] {processor.py:183} INFO - Processing /home/logi/txtai/venv/lib/python3.10/site-packages/airflow/example_dags/example_params_trigger_ui.py took 0.182 seconds
[2025-11-13T23:27:27.022+0530] {processor.py:161} INFO - Started process (PID=9901) to work on /home/logi/txtai/venv/lib/python3.10/site-packages/airflow/example_dags/example_params_trigger_ui.py
[2025-11-13T23:27:27.024+0530] {processor.py:830} INFO - Processing file /home/logi/txtai/venv/lib/python3.10/site-packages/airflow/example_dags/example_params_trigger_ui.py for tasks to queue
[2025-11-13T23:27:27.027+0530] {logging_mixin.py:188} INFO - [2025-11-13T23:27:27.027+0530] {dagbag.py:545} INFO - Filling up the DagBag from /home/logi/txtai/venv/lib/python3.10/site-packages/airflow/example_dags/example_params_trigger_ui.py
[2025-11-13T23:27:27.041+0530] {processor.py:840} INFO - DAG(s) 'example_params_trigger_ui' retrieved from /home/logi/txtai/venv/lib/python3.10/site-packages/airflow/example_dags/example_params_trigger_ui.py
[2025-11-13T23:27:27.142+0530] {logging_mixin.py:188} INFO - [2025-11-13T23:27:27.141+0530] {dag.py:3089} INFO - Sync 1 DAGs
[2025-11-13T23:27:27.153+0530] {logging_mixin.py:188} INFO - [2025-11-13T23:27:27.153+0530] {dag.py:3947} INFO - Setting next_dagrun for example_params_trigger_ui to None, run_after=None
[2025-11-13T23:27:27.186+0530] {processor.py:183} INFO - Processing /home/logi/txtai/venv/lib/python3.10/site-packages/airflow/example_dags/example_params_trigger_ui.py took 0.175 seconds
[2025-11-13T23:27:58.242+0530] {processor.py:161} INFO - Started process (PID=10058) to work on /home/logi/txtai/venv/lib/python3.10/site-packages/airflow/example_dags/example_params_trigger_ui.py
[2025-11-13T23:27:58.244+0530] {processor.py:830} INFO - Processing file /home/logi/txtai/venv/lib/python3.10/site-packages/airflow/example_dags/example_params_trigger_ui.py for tasks to queue
[2025-11-13T23:27:58.247+0530] {logging_mixin.py:188} INFO - [2025-11-13T23:27:58.246+0530] {dagbag.py:545} INFO - Filling up the DagBag from /home/logi/txtai/venv/lib/python3.10/site-packages/airflow/example_dags/example_params_trigger_ui.py
[2025-11-13T23:27:58.261+0530] {processor.py:840} INFO - DAG(s) 'example_params_trigger_ui' retrieved from /home/logi/txtai/venv/lib/python3.10/site-packages/airflow/example_dags/example_params_trigger_ui.py
[2025-11-13T23:27:58.363+0530] {logging_mixin.py:188} INFO - [2025-11-13T23:27:58.363+0530] {dag.py:3089} INFO - Sync 1 DAGs
[2025-11-13T23:27:58.377+0530] {logging_mixin.py:188} INFO - [2025-11-13T23:27:58.376+0530] {dag.py:3947} INFO - Setting next_dagrun for example_params_trigger_ui to None, run_after=None
[2025-11-13T23:27:58.412+0530] {processor.py:183} INFO - Processing /home/logi/txtai/venv/lib/python3.10/site-packages/airflow/example_dags/example_params_trigger_ui.py took 0.181 seconds
[2025-11-13T23:28:29.581+0530] {processor.py:161} INFO - Started process (PID=10214) to work on /home/logi/txtai/venv/lib/python3.10/site-packages/airflow/example_dags/example_params_trigger_ui.py
[2025-11-13T23:28:29.583+0530] {processor.py:830} INFO - Processing file /home/logi/txtai/venv/lib/python3.10/site-packages/airflow/example_dags/example_params_trigger_ui.py for tasks to queue
[2025-11-13T23:28:29.585+0530] {logging_mixin.py:188} INFO - [2025-11-13T23:28:29.585+0530] {dagbag.py:545} INFO - Filling up the DagBag from /home/logi/txtai/venv/lib/python3.10/site-packages/airflow/example_dags/example_params_trigger_ui.py
[2025-11-13T23:28:29.600+0530] {processor.py:840} INFO - DAG(s) 'example_params_trigger_ui' retrieved from /home/logi/txtai/venv/lib/python3.10/site-packages/airflow/example_dags/example_params_trigger_ui.py
[2025-11-13T23:28:29.702+0530] {logging_mixin.py:188} INFO - [2025-11-13T23:28:29.701+0530] {dag.py:3089} INFO - Sync 1 DAGs
[2025-11-13T23:28:29.711+0530] {logging_mixin.py:188} INFO - [2025-11-13T23:28:29.711+0530] {dag.py:3947} INFO - Setting next_dagrun for example_params_trigger_ui to None, run_after=None
[2025-11-13T23:28:29.739+0530] {processor.py:183} INFO - Processing /home/logi/txtai/venv/lib/python3.10/site-packages/airflow/example_dags/example_params_trigger_ui.py took 0.168 seconds
[2025-11-13T23:29:00.746+0530] {processor.py:161} INFO - Started process (PID=10482) to work on /home/logi/txtai/venv/lib/python3.10/site-packages/airflow/example_dags/example_params_trigger_ui.py
[2025-11-13T23:29:00.748+0530] {processor.py:830} INFO - Processing file /home/logi/txtai/venv/lib/python3.10/site-packages/airflow/example_dags/example_params_trigger_ui.py for tasks to queue
[2025-11-13T23:29:00.750+0530] {logging_mixin.py:188} INFO - [2025-11-13T23:29:00.750+0530] {dagbag.py:545} INFO - Filling up the DagBag from /home/logi/txtai/venv/lib/python3.10/site-packages/airflow/example_dags/example_params_trigger_ui.py
[2025-11-13T23:29:00.769+0530] {processor.py:840} INFO - DAG(s) 'example_params_trigger_ui' retrieved from /home/logi/txtai/venv/lib/python3.10/site-packages/airflow/example_dags/example_params_trigger_ui.py
[2025-11-13T23:29:00.866+0530] {logging_mixin.py:188} INFO - [2025-11-13T23:29:00.865+0530] {dag.py:3089} INFO - Sync 1 DAGs
[2025-11-13T23:29:00.878+0530] {logging_mixin.py:188} INFO - [2025-11-13T23:29:00.878+0530] {dag.py:3947} INFO - Setting next_dagrun for example_params_trigger_ui to None, run_after=None
[2025-11-13T23:29:00.912+0530] {processor.py:183} INFO - Processing /home/logi/txtai/venv/lib/python3.10/site-packages/airflow/example_dags/example_params_trigger_ui.py took 0.174 seconds
[2025-11-13T23:29:33.164+0530] {processor.py:161} INFO - Started process (PID=10653) to work on /home/logi/txtai/venv/lib/python3.10/site-packages/airflow/example_dags/example_params_trigger_ui.py
[2025-11-13T23:29:33.166+0530] {processor.py:830} INFO - Processing file /home/logi/txtai/venv/lib/python3.10/site-packages/airflow/example_dags/example_params_trigger_ui.py for tasks to queue
[2025-11-13T23:29:33.169+0530] {logging_mixin.py:188} INFO - [2025-11-13T23:29:33.168+0530] {dagbag.py:545} INFO - Filling up the DagBag from /home/logi/txtai/venv/lib/python3.10/site-packages/airflow/example_dags/example_params_trigger_ui.py
[2025-11-13T23:29:33.183+0530] {processor.py:840} INFO - DAG(s) 'example_params_trigger_ui' retrieved from /home/logi/txtai/venv/lib/python3.10/site-packages/airflow/example_dags/example_params_trigger_ui.py
[2025-11-13T23:29:33.280+0530] {logging_mixin.py:188} INFO - [2025-11-13T23:29:33.280+0530] {dag.py:3089} INFO - Sync 1 DAGs
[2025-11-13T23:29:33.293+0530] {logging_mixin.py:188} INFO - [2025-11-13T23:29:33.293+0530] {dag.py:3947} INFO - Setting next_dagrun for example_params_trigger_ui to None, run_after=None
[2025-11-13T23:29:33.325+0530] {processor.py:183} INFO - Processing /home/logi/txtai/venv/lib/python3.10/site-packages/airflow/example_dags/example_params_trigger_ui.py took 0.173 seconds
[2025-11-13T23:30:04.406+0530] {processor.py:161} INFO - Started process (PID=10874) to work on /home/logi/txtai/venv/lib/python3.10/site-packages/airflow/example_dags/example_params_trigger_ui.py
[2025-11-13T23:30:04.408+0530] {processor.py:830} INFO - Processing file /home/logi/txtai/venv/lib/python3.10/site-packages/airflow/example_dags/example_params_trigger_ui.py for tasks to queue
[2025-11-13T23:30:04.410+0530] {logging_mixin.py:188} INFO - [2025-11-13T23:30:04.410+0530] {dagbag.py:545} INFO - Filling up the DagBag from /home/logi/txtai/venv/lib/python3.10/site-packages/airflow/example_dags/example_params_trigger_ui.py
[2025-11-13T23:30:04.426+0530] {processor.py:840} INFO - DAG(s) 'example_params_trigger_ui' retrieved from /home/logi/txtai/venv/lib/python3.10/site-packages/airflow/example_dags/example_params_trigger_ui.py
[2025-11-13T23:30:04.531+0530] {logging_mixin.py:188} INFO - [2025-11-13T23:30:04.530+0530] {dag.py:3089} INFO - Sync 1 DAGs
[2025-11-13T23:30:04.541+0530] {logging_mixin.py:188} INFO - [2025-11-13T23:30:04.540+0530] {dag.py:3947} INFO - Setting next_dagrun for example_params_trigger_ui to None, run_after=None
[2025-11-13T23:30:04.582+0530] {processor.py:183} INFO - Processing /home/logi/txtai/venv/lib/python3.10/site-packages/airflow/example_dags/example_params_trigger_ui.py took 0.187 seconds
[2025-11-13T23:30:35.550+0530] {processor.py:161} INFO - Started process (PID=11367) to work on /home/logi/txtai/venv/lib/python3.10/site-packages/airflow/example_dags/example_params_trigger_ui.py
[2025-11-13T23:30:35.552+0530] {processor.py:830} INFO - Processing file /home/logi/txtai/venv/lib/python3.10/site-packages/airflow/example_dags/example_params_trigger_ui.py for tasks to queue
[2025-11-13T23:30:35.555+0530] {logging_mixin.py:188} INFO - [2025-11-13T23:30:35.554+0530] {dagbag.py:545} INFO - Filling up the DagBag from /home/logi/txtai/venv/lib/python3.10/site-packages/airflow/example_dags/example_params_trigger_ui.py
[2025-11-13T23:30:35.570+0530] {processor.py:840} INFO - DAG(s) 'example_params_trigger_ui' retrieved from /home/logi/txtai/venv/lib/python3.10/site-packages/airflow/example_dags/example_params_trigger_ui.py
[2025-11-13T23:30:35.672+0530] {logging_mixin.py:188} INFO - [2025-11-13T23:30:35.671+0530] {dag.py:3089} INFO - Sync 1 DAGs
[2025-11-13T23:30:35.685+0530] {logging_mixin.py:188} INFO - [2025-11-13T23:30:35.684+0530] {dag.py:3947} INFO - Setting next_dagrun for example_params_trigger_ui to None, run_after=None
[2025-11-13T23:30:35.715+0530] {processor.py:183} INFO - Processing /home/logi/txtai/venv/lib/python3.10/site-packages/airflow/example_dags/example_params_trigger_ui.py took 0.177 seconds
[2025-11-13T23:31:06.807+0530] {processor.py:161} INFO - Started process (PID=11614) to work on /home/logi/txtai/venv/lib/python3.10/site-packages/airflow/example_dags/example_params_trigger_ui.py
[2025-11-13T23:31:06.808+0530] {processor.py:830} INFO - Processing file /home/logi/txtai/venv/lib/python3.10/site-packages/airflow/example_dags/example_params_trigger_ui.py for tasks to queue
[2025-11-13T23:31:06.811+0530] {logging_mixin.py:188} INFO - [2025-11-13T23:31:06.811+0530] {dagbag.py:545} INFO - Filling up the DagBag from /home/logi/txtai/venv/lib/python3.10/site-packages/airflow/example_dags/example_params_trigger_ui.py
[2025-11-13T23:31:06.826+0530] {processor.py:840} INFO - DAG(s) 'example_params_trigger_ui' retrieved from /home/logi/txtai/venv/lib/python3.10/site-packages/airflow/example_dags/example_params_trigger_ui.py
[2025-11-13T23:31:06.915+0530] {logging_mixin.py:188} INFO - [2025-11-13T23:31:06.915+0530] {dag.py:3089} INFO - Sync 1 DAGs
[2025-11-13T23:31:06.928+0530] {logging_mixin.py:188} INFO - [2025-11-13T23:31:06.928+0530] {dag.py:3947} INFO - Setting next_dagrun for example_params_trigger_ui to None, run_after=None
[2025-11-13T23:31:06.960+0530] {processor.py:183} INFO - Processing /home/logi/txtai/venv/lib/python3.10/site-packages/airflow/example_dags/example_params_trigger_ui.py took 0.165 seconds
[2025-11-13T23:31:37.253+0530] {processor.py:161} INFO - Started process (PID=12092) to work on /home/logi/txtai/venv/lib/python3.10/site-packages/airflow/example_dags/example_params_trigger_ui.py
[2025-11-13T23:31:37.255+0530] {processor.py:830} INFO - Processing file /home/logi/txtai/venv/lib/python3.10/site-packages/airflow/example_dags/example_params_trigger_ui.py for tasks to queue
[2025-11-13T23:31:37.257+0530] {logging_mixin.py:188} INFO - [2025-11-13T23:31:37.256+0530] {dagbag.py:545} INFO - Filling up the DagBag from /home/logi/txtai/venv/lib/python3.10/site-packages/airflow/example_dags/example_params_trigger_ui.py
[2025-11-13T23:31:37.267+0530] {processor.py:840} INFO - DAG(s) 'example_params_trigger_ui' retrieved from /home/logi/txtai/venv/lib/python3.10/site-packages/airflow/example_dags/example_params_trigger_ui.py
[2025-11-13T23:31:37.343+0530] {logging_mixin.py:188} INFO - [2025-11-13T23:31:37.342+0530] {dag.py:3089} INFO - Sync 1 DAGs
[2025-11-13T23:31:37.358+0530] {logging_mixin.py:188} INFO - [2025-11-13T23:31:37.357+0530] {dag.py:3947} INFO - Setting next_dagrun for example_params_trigger_ui to None, run_after=None
[2025-11-13T23:31:37.381+0530] {processor.py:183} INFO - Processing /home/logi/txtai/venv/lib/python3.10/site-packages/airflow/example_dags/example_params_trigger_ui.py took 0.135 seconds
[2025-11-13T23:32:08.724+0530] {processor.py:161} INFO - Started process (PID=12456) to work on /home/logi/txtai/venv/lib/python3.10/site-packages/airflow/example_dags/example_params_trigger_ui.py
[2025-11-13T23:32:08.726+0530] {processor.py:830} INFO - Processing file /home/logi/txtai/venv/lib/python3.10/site-packages/airflow/example_dags/example_params_trigger_ui.py for tasks to queue
[2025-11-13T23:32:08.728+0530] {logging_mixin.py:188} INFO - [2025-11-13T23:32:08.728+0530] {dagbag.py:545} INFO - Filling up the DagBag from /home/logi/txtai/venv/lib/python3.10/site-packages/airflow/example_dags/example_params_trigger_ui.py
[2025-11-13T23:32:08.743+0530] {processor.py:840} INFO - DAG(s) 'example_params_trigger_ui' retrieved from /home/logi/txtai/venv/lib/python3.10/site-packages/airflow/example_dags/example_params_trigger_ui.py
[2025-11-13T23:32:08.835+0530] {logging_mixin.py:188} INFO - [2025-11-13T23:32:08.835+0530] {dag.py:3089} INFO - Sync 1 DAGs
[2025-11-13T23:32:08.848+0530] {logging_mixin.py:188} INFO - [2025-11-13T23:32:08.848+0530] {dag.py:3947} INFO - Setting next_dagrun for example_params_trigger_ui to None, run_after=None
[2025-11-13T23:32:08.879+0530] {processor.py:183} INFO - Processing /home/logi/txtai/venv/lib/python3.10/site-packages/airflow/example_dags/example_params_trigger_ui.py took 0.166 seconds
[2025-11-13T23:32:40.915+0530] {processor.py:161} INFO - Started process (PID=12865) to work on /home/logi/txtai/venv/lib/python3.10/site-packages/airflow/example_dags/example_params_trigger_ui.py
[2025-11-13T23:32:40.917+0530] {processor.py:830} INFO - Processing file /home/logi/txtai/venv/lib/python3.10/site-packages/airflow/example_dags/example_params_trigger_ui.py for tasks to queue
[2025-11-13T23:32:40.919+0530] {logging_mixin.py:188} INFO - [2025-11-13T23:32:40.919+0530] {dagbag.py:545} INFO - Filling up the DagBag from /home/logi/txtai/venv/lib/python3.10/site-packages/airflow/example_dags/example_params_trigger_ui.py
[2025-11-13T23:32:40.933+0530] {processor.py:840} INFO - DAG(s) 'example_params_trigger_ui' retrieved from /home/logi/txtai/venv/lib/python3.10/site-packages/airflow/example_dags/example_params_trigger_ui.py
[2025-11-13T23:32:41.030+0530] {logging_mixin.py:188} INFO - [2025-11-13T23:32:41.029+0530] {dag.py:3089} INFO - Sync 1 DAGs
[2025-11-13T23:32:41.044+0530] {logging_mixin.py:188} INFO - [2025-11-13T23:32:41.043+0530] {dag.py:3947} INFO - Setting next_dagrun for example_params_trigger_ui to None, run_after=None
[2025-11-13T23:32:41.079+0530] {processor.py:183} INFO - Processing /home/logi/txtai/venv/lib/python3.10/site-packages/airflow/example_dags/example_params_trigger_ui.py took 0.175 seconds
[2025-11-13T23:33:11.723+0530] {processor.py:161} INFO - Started process (PID=13212) to work on /home/logi/txtai/venv/lib/python3.10/site-packages/airflow/example_dags/example_params_trigger_ui.py
[2025-11-13T23:33:11.725+0530] {processor.py:830} INFO - Processing file /home/logi/txtai/venv/lib/python3.10/site-packages/airflow/example_dags/example_params_trigger_ui.py for tasks to queue
[2025-11-13T23:33:11.728+0530] {logging_mixin.py:188} INFO - [2025-11-13T23:33:11.727+0530] {dagbag.py:545} INFO - Filling up the DagBag from /home/logi/txtai/venv/lib/python3.10/site-packages/airflow/example_dags/example_params_trigger_ui.py
[2025-11-13T23:33:11.740+0530] {processor.py:840} INFO - DAG(s) 'example_params_trigger_ui' retrieved from /home/logi/txtai/venv/lib/python3.10/site-packages/airflow/example_dags/example_params_trigger_ui.py
[2025-11-13T23:33:11.834+0530] {logging_mixin.py:188} INFO - [2025-11-13T23:33:11.834+0530] {dag.py:3089} INFO - Sync 1 DAGs
[2025-11-13T23:33:11.847+0530] {logging_mixin.py:188} INFO - [2025-11-13T23:33:11.847+0530] {dag.py:3947} INFO - Setting next_dagrun for example_params_trigger_ui to None, run_after=None
[2025-11-13T23:33:11.882+0530] {processor.py:183} INFO - Processing /home/logi/txtai/venv/lib/python3.10/site-packages/airflow/example_dags/example_params_trigger_ui.py took 0.171 seconds
[2025-11-13T23:33:43.349+0530] {processor.py:161} INFO - Started process (PID=13775) to work on /home/logi/txtai/venv/lib/python3.10/site-packages/airflow/example_dags/example_params_trigger_ui.py
[2025-11-13T23:33:43.350+0530] {processor.py:830} INFO - Processing file /home/logi/txtai/venv/lib/python3.10/site-packages/airflow/example_dags/example_params_trigger_ui.py for tasks to queue
[2025-11-13T23:33:43.353+0530] {logging_mixin.py:188} INFO - [2025-11-13T23:33:43.353+0530] {dagbag.py:545} INFO - Filling up the DagBag from /home/logi/txtai/venv/lib/python3.10/site-packages/airflow/example_dags/example_params_trigger_ui.py
[2025-11-13T23:33:43.369+0530] {processor.py:840} INFO - DAG(s) 'example_params_trigger_ui' retrieved from /home/logi/txtai/venv/lib/python3.10/site-packages/airflow/example_dags/example_params_trigger_ui.py
[2025-11-13T23:33:43.474+0530] {logging_mixin.py:188} INFO - [2025-11-13T23:33:43.474+0530] {dag.py:3089} INFO - Sync 1 DAGs
[2025-11-13T23:33:43.487+0530] {logging_mixin.py:188} INFO - [2025-11-13T23:33:43.487+0530] {dag.py:3947} INFO - Setting next_dagrun for example_params_trigger_ui to None, run_after=None
[2025-11-13T23:33:43.522+0530] {processor.py:183} INFO - Processing /home/logi/txtai/venv/lib/python3.10/site-packages/airflow/example_dags/example_params_trigger_ui.py took 0.185 seconds
[2025-11-13T23:34:14.748+0530] {processor.py:161} INFO - Started process (PID=14199) to work on /home/logi/txtai/venv/lib/python3.10/site-packages/airflow/example_dags/example_params_trigger_ui.py
[2025-11-13T23:34:14.750+0530] {processor.py:830} INFO - Processing file /home/logi/txtai/venv/lib/python3.10/site-packages/airflow/example_dags/example_params_trigger_ui.py for tasks to queue
[2025-11-13T23:34:14.753+0530] {logging_mixin.py:188} INFO - [2025-11-13T23:34:14.752+0530] {dagbag.py:545} INFO - Filling up the DagBag from /home/logi/txtai/venv/lib/python3.10/site-packages/airflow/example_dags/example_params_trigger_ui.py
[2025-11-13T23:34:14.767+0530] {processor.py:840} INFO - DAG(s) 'example_params_trigger_ui' retrieved from /home/logi/txtai/venv/lib/python3.10/site-packages/airflow/example_dags/example_params_trigger_ui.py
[2025-11-13T23:34:14.865+0530] {logging_mixin.py:188} INFO - [2025-11-13T23:34:14.864+0530] {dag.py:3089} INFO - Sync 1 DAGs
[2025-11-13T23:34:14.884+0530] {logging_mixin.py:188} INFO - [2025-11-13T23:34:14.884+0530] {dag.py:3947} INFO - Setting next_dagrun for example_params_trigger_ui to None, run_after=None
[2025-11-13T23:34:14.923+0530] {processor.py:183} INFO - Processing /home/logi/txtai/venv/lib/python3.10/site-packages/airflow/example_dags/example_params_trigger_ui.py took 0.188 seconds
[2025-11-13T23:34:46.980+0530] {processor.py:161} INFO - Started process (PID=14648) to work on /home/logi/txtai/venv/lib/python3.10/site-packages/airflow/example_dags/example_params_trigger_ui.py
[2025-11-13T23:34:46.982+0530] {processor.py:830} INFO - Processing file /home/logi/txtai/venv/lib/python3.10/site-packages/airflow/example_dags/example_params_trigger_ui.py for tasks to queue
[2025-11-13T23:34:46.984+0530] {logging_mixin.py:188} INFO - [2025-11-13T23:34:46.984+0530] {dagbag.py:545} INFO - Filling up the DagBag from /home/logi/txtai/venv/lib/python3.10/site-packages/airflow/example_dags/example_params_trigger_ui.py
[2025-11-13T23:34:46.996+0530] {processor.py:840} INFO - DAG(s) 'example_params_trigger_ui' retrieved from /home/logi/txtai/venv/lib/python3.10/site-packages/airflow/example_dags/example_params_trigger_ui.py
[2025-11-13T23:34:47.074+0530] {logging_mixin.py:188} INFO - [2025-11-13T23:34:47.074+0530] {dag.py:3089} INFO - Sync 1 DAGs
[2025-11-13T23:34:47.087+0530] {logging_mixin.py:188} INFO - [2025-11-13T23:34:47.087+0530] {dag.py:3947} INFO - Setting next_dagrun for example_params_trigger_ui to None, run_after=None
[2025-11-13T23:34:47.107+0530] {processor.py:183} INFO - Processing /home/logi/txtai/venv/lib/python3.10/site-packages/airflow/example_dags/example_params_trigger_ui.py took 0.137 seconds
[2025-11-13T23:35:18.252+0530] {processor.py:161} INFO - Started process (PID=15084) to work on /home/logi/txtai/venv/lib/python3.10/site-packages/airflow/example_dags/example_params_trigger_ui.py
[2025-11-13T23:35:18.254+0530] {processor.py:830} INFO - Processing file /home/logi/txtai/venv/lib/python3.10/site-packages/airflow/example_dags/example_params_trigger_ui.py for tasks to queue
[2025-11-13T23:35:18.257+0530] {logging_mixin.py:188} INFO - [2025-11-13T23:35:18.256+0530] {dagbag.py:545} INFO - Filling up the DagBag from /home/logi/txtai/venv/lib/python3.10/site-packages/airflow/example_dags/example_params_trigger_ui.py
[2025-11-13T23:35:18.272+0530] {processor.py:840} INFO - DAG(s) 'example_params_trigger_ui' retrieved from /home/logi/txtai/venv/lib/python3.10/site-packages/airflow/example_dags/example_params_trigger_ui.py
[2025-11-13T23:35:18.379+0530] {logging_mixin.py:188} INFO - [2025-11-13T23:35:18.378+0530] {dag.py:3089} INFO - Sync 1 DAGs
[2025-11-13T23:35:18.393+0530] {logging_mixin.py:188} INFO - [2025-11-13T23:35:18.393+0530] {dag.py:3947} INFO - Setting next_dagrun for example_params_trigger_ui to None, run_after=None
[2025-11-13T23:35:18.435+0530] {processor.py:183} INFO - Processing /home/logi/txtai/venv/lib/python3.10/site-packages/airflow/example_dags/example_params_trigger_ui.py took 0.193 seconds
[2025-11-13T23:35:50.094+0530] {processor.py:161} INFO - Started process (PID=15490) to work on /home/logi/txtai/venv/lib/python3.10/site-packages/airflow/example_dags/example_params_trigger_ui.py
[2025-11-13T23:35:50.096+0530] {processor.py:830} INFO - Processing file /home/logi/txtai/venv/lib/python3.10/site-packages/airflow/example_dags/example_params_trigger_ui.py for tasks to queue
[2025-11-13T23:35:50.099+0530] {logging_mixin.py:188} INFO - [2025-11-13T23:35:50.098+0530] {dagbag.py:545} INFO - Filling up the DagBag from /home/logi/txtai/venv/lib/python3.10/site-packages/airflow/example_dags/example_params_trigger_ui.py
[2025-11-13T23:35:50.113+0530] {processor.py:840} INFO - DAG(s) 'example_params_trigger_ui' retrieved from /home/logi/txtai/venv/lib/python3.10/site-packages/airflow/example_dags/example_params_trigger_ui.py
[2025-11-13T23:35:50.209+0530] {logging_mixin.py:188} INFO - [2025-11-13T23:35:50.209+0530] {dag.py:3089} INFO - Sync 1 DAGs
[2025-11-13T23:35:50.222+0530] {logging_mixin.py:188} INFO - [2025-11-13T23:35:50.221+0530] {dag.py:3947} INFO - Setting next_dagrun for example_params_trigger_ui to None, run_after=None
[2025-11-13T23:35:50.253+0530] {processor.py:183} INFO - Processing /home/logi/txtai/venv/lib/python3.10/site-packages/airflow/example_dags/example_params_trigger_ui.py took 0.170 seconds
[2025-11-13T23:36:21.199+0530] {processor.py:161} INFO - Started process (PID=16024) to work on /home/logi/txtai/venv/lib/python3.10/site-packages/airflow/example_dags/example_params_trigger_ui.py
[2025-11-13T23:36:21.201+0530] {processor.py:830} INFO - Processing file /home/logi/txtai/venv/lib/python3.10/site-packages/airflow/example_dags/example_params_trigger_ui.py for tasks to queue
[2025-11-13T23:36:21.203+0530] {logging_mixin.py:188} INFO - [2025-11-13T23:36:21.203+0530] {dagbag.py:545} INFO - Filling up the DagBag from /home/logi/txtai/venv/lib/python3.10/site-packages/airflow/example_dags/example_params_trigger_ui.py
[2025-11-13T23:36:21.217+0530] {processor.py:840} INFO - DAG(s) 'example_params_trigger_ui' retrieved from /home/logi/txtai/venv/lib/python3.10/site-packages/airflow/example_dags/example_params_trigger_ui.py
[2025-11-13T23:36:21.279+0530] {logging_mixin.py:188} INFO - [2025-11-13T23:36:21.278+0530] {dag.py:3089} INFO - Sync 1 DAGs
[2025-11-13T23:36:21.295+0530] {logging_mixin.py:188} INFO - [2025-11-13T23:36:21.295+0530] {dag.py:3947} INFO - Setting next_dagrun for example_params_trigger_ui to None, run_after=None
[2025-11-13T23:36:21.322+0530] {processor.py:183} INFO - Processing /home/logi/txtai/venv/lib/python3.10/site-packages/airflow/example_dags/example_params_trigger_ui.py took 0.133 seconds
[2025-11-13T23:36:53.374+0530] {processor.py:161} INFO - Started process (PID=16251) to work on /home/logi/txtai/venv/lib/python3.10/site-packages/airflow/example_dags/example_params_trigger_ui.py
[2025-11-13T23:36:53.375+0530] {processor.py:830} INFO - Processing file /home/logi/txtai/venv/lib/python3.10/site-packages/airflow/example_dags/example_params_trigger_ui.py for tasks to queue
[2025-11-13T23:36:53.378+0530] {logging_mixin.py:188} INFO - [2025-11-13T23:36:53.377+0530] {dagbag.py:545} INFO - Filling up the DagBag from /home/logi/txtai/venv/lib/python3.10/site-packages/airflow/example_dags/example_params_trigger_ui.py
[2025-11-13T23:36:53.388+0530] {processor.py:840} INFO - DAG(s) 'example_params_trigger_ui' retrieved from /home/logi/txtai/venv/lib/python3.10/site-packages/airflow/example_dags/example_params_trigger_ui.py
[2025-11-13T23:36:53.476+0530] {logging_mixin.py:188} INFO - [2025-11-13T23:36:53.475+0530] {dag.py:3089} INFO - Sync 1 DAGs
[2025-11-13T23:36:53.489+0530] {logging_mixin.py:188} INFO - [2025-11-13T23:36:53.488+0530] {dag.py:3947} INFO - Setting next_dagrun for example_params_trigger_ui to None, run_after=None
[2025-11-13T23:36:53.518+0530] {processor.py:183} INFO - Processing /home/logi/txtai/venv/lib/python3.10/site-packages/airflow/example_dags/example_params_trigger_ui.py took 0.155 seconds
[2025-11-13T23:37:23.626+0530] {processor.py:161} INFO - Started process (PID=16810) to work on /home/logi/txtai/venv/lib/python3.10/site-packages/airflow/example_dags/example_params_trigger_ui.py
[2025-11-13T23:37:23.628+0530] {processor.py:830} INFO - Processing file /home/logi/txtai/venv/lib/python3.10/site-packages/airflow/example_dags/example_params_trigger_ui.py for tasks to queue
[2025-11-13T23:37:23.630+0530] {logging_mixin.py:188} INFO - [2025-11-13T23:37:23.630+0530] {dagbag.py:545} INFO - Filling up the DagBag from /home/logi/txtai/venv/lib/python3.10/site-packages/airflow/example_dags/example_params_trigger_ui.py
[2025-11-13T23:37:23.645+0530] {processor.py:840} INFO - DAG(s) 'example_params_trigger_ui' retrieved from /home/logi/txtai/venv/lib/python3.10/site-packages/airflow/example_dags/example_params_trigger_ui.py
[2025-11-13T23:37:23.745+0530] {logging_mixin.py:188} INFO - [2025-11-13T23:37:23.745+0530] {dag.py:3089} INFO - Sync 1 DAGs
[2025-11-13T23:37:23.758+0530] {logging_mixin.py:188} INFO - [2025-11-13T23:37:23.758+0530] {dag.py:3947} INFO - Setting next_dagrun for example_params_trigger_ui to None, run_after=None
[2025-11-13T23:37:23.789+0530] {processor.py:183} INFO - Processing /home/logi/txtai/venv/lib/python3.10/site-packages/airflow/example_dags/example_params_trigger_ui.py took 0.174 seconds
[2025-11-13T23:37:55.554+0530] {processor.py:161} INFO - Started process (PID=17182) to work on /home/logi/txtai/venv/lib/python3.10/site-packages/airflow/example_dags/example_params_trigger_ui.py
[2025-11-13T23:37:55.556+0530] {processor.py:830} INFO - Processing file /home/logi/txtai/venv/lib/python3.10/site-packages/airflow/example_dags/example_params_trigger_ui.py for tasks to queue
[2025-11-13T23:37:55.557+0530] {logging_mixin.py:188} INFO - [2025-11-13T23:37:55.557+0530] {dagbag.py:545} INFO - Filling up the DagBag from /home/logi/txtai/venv/lib/python3.10/site-packages/airflow/example_dags/example_params_trigger_ui.py
[2025-11-13T23:37:55.567+0530] {processor.py:840} INFO - DAG(s) 'example_params_trigger_ui' retrieved from /home/logi/txtai/venv/lib/python3.10/site-packages/airflow/example_dags/example_params_trigger_ui.py
[2025-11-13T23:37:55.616+0530] {logging_mixin.py:188} INFO - [2025-11-13T23:37:55.616+0530] {dag.py:3089} INFO - Sync 1 DAGs
[2025-11-13T23:37:55.627+0530] {logging_mixin.py:188} INFO - [2025-11-13T23:37:55.627+0530] {dag.py:3947} INFO - Setting next_dagrun for example_params_trigger_ui to None, run_after=None
[2025-11-13T23:37:55.647+0530] {processor.py:183} INFO - Processing /home/logi/txtai/venv/lib/python3.10/site-packages/airflow/example_dags/example_params_trigger_ui.py took 0.101 seconds
[2025-11-13T23:38:27.560+0530] {processor.py:161} INFO - Started process (PID=17688) to work on /home/logi/txtai/venv/lib/python3.10/site-packages/airflow/example_dags/example_params_trigger_ui.py
[2025-11-13T23:38:27.564+0530] {processor.py:830} INFO - Processing file /home/logi/txtai/venv/lib/python3.10/site-packages/airflow/example_dags/example_params_trigger_ui.py for tasks to queue
[2025-11-13T23:38:27.570+0530] {logging_mixin.py:188} INFO - [2025-11-13T23:38:27.569+0530] {dagbag.py:545} INFO - Filling up the DagBag from /home/logi/txtai/venv/lib/python3.10/site-packages/airflow/example_dags/example_params_trigger_ui.py
[2025-11-13T23:38:27.594+0530] {processor.py:840} INFO - DAG(s) 'example_params_trigger_ui' retrieved from /home/logi/txtai/venv/lib/python3.10/site-packages/airflow/example_dags/example_params_trigger_ui.py
[2025-11-13T23:38:27.721+0530] {logging_mixin.py:188} INFO - [2025-11-13T23:38:27.720+0530] {dag.py:3089} INFO - Sync 1 DAGs
[2025-11-13T23:38:27.756+0530] {logging_mixin.py:188} INFO - [2025-11-13T23:38:27.755+0530] {dag.py:3947} INFO - Setting next_dagrun for example_params_trigger_ui to None, run_after=None
[2025-11-13T23:38:27.810+0530] {processor.py:183} INFO - Processing /home/logi/txtai/venv/lib/python3.10/site-packages/airflow/example_dags/example_params_trigger_ui.py took 0.269 seconds
[2025-11-13T23:38:59.115+0530] {processor.py:161} INFO - Started process (PID=17947) to work on /home/logi/txtai/venv/lib/python3.10/site-packages/airflow/example_dags/example_params_trigger_ui.py
[2025-11-13T23:38:59.117+0530] {processor.py:830} INFO - Processing file /home/logi/txtai/venv/lib/python3.10/site-packages/airflow/example_dags/example_params_trigger_ui.py for tasks to queue
[2025-11-13T23:38:59.122+0530] {logging_mixin.py:188} INFO - [2025-11-13T23:38:59.121+0530] {dagbag.py:545} INFO - Filling up the DagBag from /home/logi/txtai/venv/lib/python3.10/site-packages/airflow/example_dags/example_params_trigger_ui.py
[2025-11-13T23:38:59.137+0530] {processor.py:840} INFO - DAG(s) 'example_params_trigger_ui' retrieved from /home/logi/txtai/venv/lib/python3.10/site-packages/airflow/example_dags/example_params_trigger_ui.py
[2025-11-13T23:38:59.206+0530] {logging_mixin.py:188} INFO - [2025-11-13T23:38:59.206+0530] {dag.py:3089} INFO - Sync 1 DAGs
[2025-11-13T23:38:59.226+0530] {logging_mixin.py:188} INFO - [2025-11-13T23:38:59.225+0530] {dag.py:3947} INFO - Setting next_dagrun for example_params_trigger_ui to None, run_after=None
[2025-11-13T23:38:59.274+0530] {processor.py:183} INFO - Processing /home/logi/txtai/venv/lib/python3.10/site-packages/airflow/example_dags/example_params_trigger_ui.py took 0.178 seconds
[2025-11-13T23:39:30.375+0530] {processor.py:161} INFO - Started process (PID=18520) to work on /home/logi/txtai/venv/lib/python3.10/site-packages/airflow/example_dags/example_params_trigger_ui.py
[2025-11-13T23:39:30.377+0530] {processor.py:830} INFO - Processing file /home/logi/txtai/venv/lib/python3.10/site-packages/airflow/example_dags/example_params_trigger_ui.py for tasks to queue
[2025-11-13T23:39:30.379+0530] {logging_mixin.py:188} INFO - [2025-11-13T23:39:30.379+0530] {dagbag.py:545} INFO - Filling up the DagBag from /home/logi/txtai/venv/lib/python3.10/site-packages/airflow/example_dags/example_params_trigger_ui.py
[2025-11-13T23:39:30.395+0530] {processor.py:840} INFO - DAG(s) 'example_params_trigger_ui' retrieved from /home/logi/txtai/venv/lib/python3.10/site-packages/airflow/example_dags/example_params_trigger_ui.py
[2025-11-13T23:39:30.478+0530] {logging_mixin.py:188} INFO - [2025-11-13T23:39:30.478+0530] {dag.py:3089} INFO - Sync 1 DAGs
[2025-11-13T23:39:30.490+0530] {logging_mixin.py:188} INFO - [2025-11-13T23:39:30.490+0530] {dag.py:3947} INFO - Setting next_dagrun for example_params_trigger_ui to None, run_after=None
[2025-11-13T23:39:30.626+0530] {processor.py:183} INFO - Processing /home/logi/txtai/venv/lib/python3.10/site-packages/airflow/example_dags/example_params_trigger_ui.py took 0.262 seconds
[2025-11-13T23:40:01.752+0530] {processor.py:161} INFO - Started process (PID=18750) to work on /home/logi/txtai/venv/lib/python3.10/site-packages/airflow/example_dags/example_params_trigger_ui.py
[2025-11-13T23:40:01.754+0530] {processor.py:830} INFO - Processing file /home/logi/txtai/venv/lib/python3.10/site-packages/airflow/example_dags/example_params_trigger_ui.py for tasks to queue
[2025-11-13T23:40:01.757+0530] {logging_mixin.py:188} INFO - [2025-11-13T23:40:01.756+0530] {dagbag.py:545} INFO - Filling up the DagBag from /home/logi/txtai/venv/lib/python3.10/site-packages/airflow/example_dags/example_params_trigger_ui.py
[2025-11-13T23:40:01.771+0530] {processor.py:840} INFO - DAG(s) 'example_params_trigger_ui' retrieved from /home/logi/txtai/venv/lib/python3.10/site-packages/airflow/example_dags/example_params_trigger_ui.py
[2025-11-13T23:40:01.869+0530] {logging_mixin.py:188} INFO - [2025-11-13T23:40:01.868+0530] {dag.py:3089} INFO - Sync 1 DAGs
[2025-11-13T23:40:01.898+0530] {logging_mixin.py:188} INFO - [2025-11-13T23:40:01.898+0530] {dag.py:3947} INFO - Setting next_dagrun for example_params_trigger_ui to None, run_after=None
[2025-11-13T23:40:02.113+0530] {processor.py:183} INFO - Processing /home/logi/txtai/venv/lib/python3.10/site-packages/airflow/example_dags/example_params_trigger_ui.py took 0.371 seconds
[2025-11-13T23:40:33.733+0530] {processor.py:161} INFO - Started process (PID=19307) to work on /home/logi/txtai/venv/lib/python3.10/site-packages/airflow/example_dags/example_params_trigger_ui.py
[2025-11-13T23:40:33.735+0530] {processor.py:830} INFO - Processing file /home/logi/txtai/venv/lib/python3.10/site-packages/airflow/example_dags/example_params_trigger_ui.py for tasks to queue
[2025-11-13T23:40:33.738+0530] {logging_mixin.py:188} INFO - [2025-11-13T23:40:33.737+0530] {dagbag.py:545} INFO - Filling up the DagBag from /home/logi/txtai/venv/lib/python3.10/site-packages/airflow/example_dags/example_params_trigger_ui.py
[2025-11-13T23:40:33.752+0530] {processor.py:840} INFO - DAG(s) 'example_params_trigger_ui' retrieved from /home/logi/txtai/venv/lib/python3.10/site-packages/airflow/example_dags/example_params_trigger_ui.py
[2025-11-13T23:40:33.832+0530] {logging_mixin.py:188} INFO - [2025-11-13T23:40:33.832+0530] {dag.py:3089} INFO - Sync 1 DAGs
[2025-11-13T23:40:33.860+0530] {logging_mixin.py:188} INFO - [2025-11-13T23:40:33.859+0530] {dag.py:3947} INFO - Setting next_dagrun for example_params_trigger_ui to None, run_after=None
[2025-11-13T23:40:34.088+0530] {processor.py:183} INFO - Processing /home/logi/txtai/venv/lib/python3.10/site-packages/airflow/example_dags/example_params_trigger_ui.py took 0.365 seconds
[2025-11-13T23:41:07.073+0530] {processor.py:161} INFO - Started process (PID=19661) to work on /home/logi/txtai/venv/lib/python3.10/site-packages/airflow/example_dags/example_params_trigger_ui.py
[2025-11-13T23:41:07.087+0530] {processor.py:830} INFO - Processing file /home/logi/txtai/venv/lib/python3.10/site-packages/airflow/example_dags/example_params_trigger_ui.py for tasks to queue
[2025-11-13T23:41:07.091+0530] {logging_mixin.py:188} INFO - [2025-11-13T23:41:07.090+0530] {dagbag.py:545} INFO - Filling up the DagBag from /home/logi/txtai/venv/lib/python3.10/site-packages/airflow/example_dags/example_params_trigger_ui.py
[2025-11-13T23:41:07.115+0530] {processor.py:840} INFO - DAG(s) 'example_params_trigger_ui' retrieved from /home/logi/txtai/venv/lib/python3.10/site-packages/airflow/example_dags/example_params_trigger_ui.py
[2025-11-13T23:41:07.210+0530] {logging_mixin.py:188} INFO - [2025-11-13T23:41:07.210+0530] {dag.py:3089} INFO - Sync 1 DAGs
[2025-11-13T23:41:07.651+0530] {logging_mixin.py:188} INFO - [2025-11-13T23:41:07.650+0530] {dag.py:3947} INFO - Setting next_dagrun for example_params_trigger_ui to None, run_after=None
[2025-11-13T23:41:07.750+0530] {processor.py:183} INFO - Processing /home/logi/txtai/venv/lib/python3.10/site-packages/airflow/example_dags/example_params_trigger_ui.py took 0.704 seconds
[2025-11-13T23:41:39.799+0530] {processor.py:161} INFO - Started process (PID=20169) to work on /home/logi/txtai/venv/lib/python3.10/site-packages/airflow/example_dags/example_params_trigger_ui.py
[2025-11-13T23:41:39.801+0530] {processor.py:830} INFO - Processing file /home/logi/txtai/venv/lib/python3.10/site-packages/airflow/example_dags/example_params_trigger_ui.py for tasks to queue
[2025-11-13T23:41:39.805+0530] {logging_mixin.py:188} INFO - [2025-11-13T23:41:39.804+0530] {dagbag.py:545} INFO - Filling up the DagBag from /home/logi/txtai/venv/lib/python3.10/site-packages/airflow/example_dags/example_params_trigger_ui.py
[2025-11-13T23:41:39.821+0530] {processor.py:840} INFO - DAG(s) 'example_params_trigger_ui' retrieved from /home/logi/txtai/venv/lib/python3.10/site-packages/airflow/example_dags/example_params_trigger_ui.py
[2025-11-13T23:41:39.891+0530] {logging_mixin.py:188} INFO - [2025-11-13T23:41:39.890+0530] {dag.py:3089} INFO - Sync 1 DAGs
[2025-11-13T23:41:40.089+0530] {logging_mixin.py:188} INFO - [2025-11-13T23:41:40.088+0530] {dag.py:3947} INFO - Setting next_dagrun for example_params_trigger_ui to None, run_after=None
[2025-11-13T23:41:40.124+0530] {processor.py:183} INFO - Processing /home/logi/txtai/venv/lib/python3.10/site-packages/airflow/example_dags/example_params_trigger_ui.py took 0.337 seconds
[2025-11-13T23:42:10.511+0530] {processor.py:161} INFO - Started process (PID=20477) to work on /home/logi/txtai/venv/lib/python3.10/site-packages/airflow/example_dags/example_params_trigger_ui.py
[2025-11-13T23:42:10.512+0530] {processor.py:830} INFO - Processing file /home/logi/txtai/venv/lib/python3.10/site-packages/airflow/example_dags/example_params_trigger_ui.py for tasks to queue
[2025-11-13T23:42:10.514+0530] {logging_mixin.py:188} INFO - [2025-11-13T23:42:10.514+0530] {dagbag.py:545} INFO - Filling up the DagBag from /home/logi/txtai/venv/lib/python3.10/site-packages/airflow/example_dags/example_params_trigger_ui.py
[2025-11-13T23:42:10.532+0530] {processor.py:840} INFO - DAG(s) 'example_params_trigger_ui' retrieved from /home/logi/txtai/venv/lib/python3.10/site-packages/airflow/example_dags/example_params_trigger_ui.py
[2025-11-13T23:42:10.593+0530] {logging_mixin.py:188} INFO - [2025-11-13T23:42:10.593+0530] {dag.py:3089} INFO - Sync 1 DAGs
[2025-11-13T23:42:10.602+0530] {logging_mixin.py:188} INFO - [2025-11-13T23:42:10.602+0530] {dag.py:3947} INFO - Setting next_dagrun for example_params_trigger_ui to None, run_after=None
[2025-11-13T23:42:10.619+0530] {processor.py:183} INFO - Processing /home/logi/txtai/venv/lib/python3.10/site-packages/airflow/example_dags/example_params_trigger_ui.py took 0.116 seconds
[2025-11-13T23:42:40.777+0530] {processor.py:161} INFO - Started process (PID=21096) to work on /home/logi/txtai/venv/lib/python3.10/site-packages/airflow/example_dags/example_params_trigger_ui.py
[2025-11-13T23:42:40.779+0530] {processor.py:830} INFO - Processing file /home/logi/txtai/venv/lib/python3.10/site-packages/airflow/example_dags/example_params_trigger_ui.py for tasks to queue
[2025-11-13T23:42:40.781+0530] {logging_mixin.py:188} INFO - [2025-11-13T23:42:40.781+0530] {dagbag.py:545} INFO - Filling up the DagBag from /home/logi/txtai/venv/lib/python3.10/site-packages/airflow/example_dags/example_params_trigger_ui.py
[2025-11-13T23:42:40.789+0530] {processor.py:840} INFO - DAG(s) 'example_params_trigger_ui' retrieved from /home/logi/txtai/venv/lib/python3.10/site-packages/airflow/example_dags/example_params_trigger_ui.py
[2025-11-13T23:42:40.841+0530] {logging_mixin.py:188} INFO - [2025-11-13T23:42:40.841+0530] {dag.py:3089} INFO - Sync 1 DAGs
[2025-11-13T23:42:40.852+0530] {logging_mixin.py:188} INFO - [2025-11-13T23:42:40.851+0530] {dag.py:3947} INFO - Setting next_dagrun for example_params_trigger_ui to None, run_after=None
[2025-11-13T23:42:40.873+0530] {processor.py:183} INFO - Processing /home/logi/txtai/venv/lib/python3.10/site-packages/airflow/example_dags/example_params_trigger_ui.py took 0.102 seconds
[2025-11-13T23:43:12.399+0530] {processor.py:161} INFO - Started process (PID=21611) to work on /home/logi/txtai/venv/lib/python3.10/site-packages/airflow/example_dags/example_params_trigger_ui.py
[2025-11-13T23:43:12.403+0530] {processor.py:830} INFO - Processing file /home/logi/txtai/venv/lib/python3.10/site-packages/airflow/example_dags/example_params_trigger_ui.py for tasks to queue
[2025-11-13T23:43:12.409+0530] {logging_mixin.py:188} INFO - [2025-11-13T23:43:12.408+0530] {dagbag.py:545} INFO - Filling up the DagBag from /home/logi/txtai/venv/lib/python3.10/site-packages/airflow/example_dags/example_params_trigger_ui.py
[2025-11-13T23:43:12.442+0530] {processor.py:840} INFO - DAG(s) 'example_params_trigger_ui' retrieved from /home/logi/txtai/venv/lib/python3.10/site-packages/airflow/example_dags/example_params_trigger_ui.py
[2025-11-13T23:43:12.563+0530] {logging_mixin.py:188} INFO - [2025-11-13T23:43:12.562+0530] {dag.py:3089} INFO - Sync 1 DAGs
[2025-11-13T23:43:12.588+0530] {logging_mixin.py:188} INFO - [2025-11-13T23:43:12.587+0530] {dag.py:3947} INFO - Setting next_dagrun for example_params_trigger_ui to None, run_after=None
[2025-11-13T23:43:12.651+0530] {processor.py:183} INFO - Processing /home/logi/txtai/venv/lib/python3.10/site-packages/airflow/example_dags/example_params_trigger_ui.py took 0.277 seconds
[2025-11-13T23:43:42.759+0530] {processor.py:161} INFO - Started process (PID=22068) to work on /home/logi/txtai/venv/lib/python3.10/site-packages/airflow/example_dags/example_params_trigger_ui.py
[2025-11-13T23:43:42.761+0530] {processor.py:830} INFO - Processing file /home/logi/txtai/venv/lib/python3.10/site-packages/airflow/example_dags/example_params_trigger_ui.py for tasks to queue
[2025-11-13T23:43:42.763+0530] {logging_mixin.py:188} INFO - [2025-11-13T23:43:42.763+0530] {dagbag.py:545} INFO - Filling up the DagBag from /home/logi/txtai/venv/lib/python3.10/site-packages/airflow/example_dags/example_params_trigger_ui.py
[2025-11-13T23:43:42.780+0530] {processor.py:840} INFO - DAG(s) 'example_params_trigger_ui' retrieved from /home/logi/txtai/venv/lib/python3.10/site-packages/airflow/example_dags/example_params_trigger_ui.py
[2025-11-13T23:43:42.870+0530] {logging_mixin.py:188} INFO - [2025-11-13T23:43:42.870+0530] {dag.py:3089} INFO - Sync 1 DAGs
[2025-11-13T23:43:42.882+0530] {logging_mixin.py:188} INFO - [2025-11-13T23:43:42.882+0530] {dag.py:3947} INFO - Setting next_dagrun for example_params_trigger_ui to None, run_after=None
[2025-11-13T23:43:42.926+0530] {processor.py:183} INFO - Processing /home/logi/txtai/venv/lib/python3.10/site-packages/airflow/example_dags/example_params_trigger_ui.py took 0.176 seconds
[2025-11-13T23:44:14.292+0530] {processor.py:161} INFO - Started process (PID=22430) to work on /home/logi/txtai/venv/lib/python3.10/site-packages/airflow/example_dags/example_params_trigger_ui.py
[2025-11-13T23:44:14.294+0530] {processor.py:830} INFO - Processing file /home/logi/txtai/venv/lib/python3.10/site-packages/airflow/example_dags/example_params_trigger_ui.py for tasks to queue
[2025-11-13T23:44:14.297+0530] {logging_mixin.py:188} INFO - [2025-11-13T23:44:14.297+0530] {dagbag.py:545} INFO - Filling up the DagBag from /home/logi/txtai/venv/lib/python3.10/site-packages/airflow/example_dags/example_params_trigger_ui.py
[2025-11-13T23:44:14.314+0530] {processor.py:840} INFO - DAG(s) 'example_params_trigger_ui' retrieved from /home/logi/txtai/venv/lib/python3.10/site-packages/airflow/example_dags/example_params_trigger_ui.py
[2025-11-13T23:44:14.380+0530] {logging_mixin.py:188} INFO - [2025-11-13T23:44:14.380+0530] {dag.py:3089} INFO - Sync 1 DAGs
[2025-11-13T23:44:14.393+0530] {logging_mixin.py:188} INFO - [2025-11-13T23:44:14.393+0530] {dag.py:3947} INFO - Setting next_dagrun for example_params_trigger_ui to None, run_after=None
[2025-11-13T23:44:14.415+0530] {processor.py:183} INFO - Processing /home/logi/txtai/venv/lib/python3.10/site-packages/airflow/example_dags/example_params_trigger_ui.py took 0.133 seconds
[2025-11-13T23:44:44.912+0530] {processor.py:161} INFO - Started process (PID=22998) to work on /home/logi/txtai/venv/lib/python3.10/site-packages/airflow/example_dags/example_params_trigger_ui.py
[2025-11-13T23:44:44.913+0530] {processor.py:830} INFO - Processing file /home/logi/txtai/venv/lib/python3.10/site-packages/airflow/example_dags/example_params_trigger_ui.py for tasks to queue
[2025-11-13T23:44:44.915+0530] {logging_mixin.py:188} INFO - [2025-11-13T23:44:44.915+0530] {dagbag.py:545} INFO - Filling up the DagBag from /home/logi/txtai/venv/lib/python3.10/site-packages/airflow/example_dags/example_params_trigger_ui.py
[2025-11-13T23:44:44.924+0530] {processor.py:840} INFO - DAG(s) 'example_params_trigger_ui' retrieved from /home/logi/txtai/venv/lib/python3.10/site-packages/airflow/example_dags/example_params_trigger_ui.py
[2025-11-13T23:44:45.019+0530] {logging_mixin.py:188} INFO - [2025-11-13T23:44:45.019+0530] {dag.py:3089} INFO - Sync 1 DAGs
[2025-11-13T23:44:45.034+0530] {logging_mixin.py:188} INFO - [2025-11-13T23:44:45.033+0530] {dag.py:3947} INFO - Setting next_dagrun for example_params_trigger_ui to None, run_after=None
[2025-11-13T23:44:45.074+0530] {processor.py:183} INFO - Processing /home/logi/txtai/venv/lib/python3.10/site-packages/airflow/example_dags/example_params_trigger_ui.py took 0.174 seconds
[2025-11-13T23:45:16.746+0530] {processor.py:161} INFO - Started process (PID=23518) to work on /home/logi/txtai/venv/lib/python3.10/site-packages/airflow/example_dags/example_params_trigger_ui.py
[2025-11-13T23:45:16.747+0530] {processor.py:830} INFO - Processing file /home/logi/txtai/venv/lib/python3.10/site-packages/airflow/example_dags/example_params_trigger_ui.py for tasks to queue
[2025-11-13T23:45:16.749+0530] {logging_mixin.py:188} INFO - [2025-11-13T23:45:16.749+0530] {dagbag.py:545} INFO - Filling up the DagBag from /home/logi/txtai/venv/lib/python3.10/site-packages/airflow/example_dags/example_params_trigger_ui.py
[2025-11-13T23:45:16.756+0530] {processor.py:840} INFO - DAG(s) 'example_params_trigger_ui' retrieved from /home/logi/txtai/venv/lib/python3.10/site-packages/airflow/example_dags/example_params_trigger_ui.py
[2025-11-13T23:45:16.809+0530] {logging_mixin.py:188} INFO - [2025-11-13T23:45:16.809+0530] {dag.py:3089} INFO - Sync 1 DAGs
[2025-11-13T23:45:16.821+0530] {logging_mixin.py:188} INFO - [2025-11-13T23:45:16.821+0530] {dag.py:3947} INFO - Setting next_dagrun for example_params_trigger_ui to None, run_after=None
[2025-11-13T23:45:16.850+0530] {processor.py:183} INFO - Processing /home/logi/txtai/venv/lib/python3.10/site-packages/airflow/example_dags/example_params_trigger_ui.py took 0.110 seconds
[2025-11-13T23:45:47.629+0530] {processor.py:161} INFO - Started process (PID=23901) to work on /home/logi/txtai/venv/lib/python3.10/site-packages/airflow/example_dags/example_params_trigger_ui.py
[2025-11-13T23:45:47.631+0530] {processor.py:830} INFO - Processing file /home/logi/txtai/venv/lib/python3.10/site-packages/airflow/example_dags/example_params_trigger_ui.py for tasks to queue
[2025-11-13T23:45:47.634+0530] {logging_mixin.py:188} INFO - [2025-11-13T23:45:47.633+0530] {dagbag.py:545} INFO - Filling up the DagBag from /home/logi/txtai/venv/lib/python3.10/site-packages/airflow/example_dags/example_params_trigger_ui.py
[2025-11-13T23:45:47.648+0530] {processor.py:840} INFO - DAG(s) 'example_params_trigger_ui' retrieved from /home/logi/txtai/venv/lib/python3.10/site-packages/airflow/example_dags/example_params_trigger_ui.py
[2025-11-13T23:45:47.709+0530] {logging_mixin.py:188} INFO - [2025-11-13T23:45:47.708+0530] {dag.py:3089} INFO - Sync 1 DAGs
[2025-11-13T23:45:47.720+0530] {logging_mixin.py:188} INFO - [2025-11-13T23:45:47.720+0530] {dag.py:3947} INFO - Setting next_dagrun for example_params_trigger_ui to None, run_after=None
[2025-11-13T23:45:47.740+0530] {processor.py:183} INFO - Processing /home/logi/txtai/venv/lib/python3.10/site-packages/airflow/example_dags/example_params_trigger_ui.py took 0.122 seconds
[2025-11-13T23:46:20.075+0530] {processor.py:161} INFO - Started process (PID=24438) to work on /home/logi/txtai/venv/lib/python3.10/site-packages/airflow/example_dags/example_params_trigger_ui.py
[2025-11-13T23:46:20.079+0530] {processor.py:830} INFO - Processing file /home/logi/txtai/venv/lib/python3.10/site-packages/airflow/example_dags/example_params_trigger_ui.py for tasks to queue
[2025-11-13T23:46:20.087+0530] {logging_mixin.py:188} INFO - [2025-11-13T23:46:20.086+0530] {dagbag.py:545} INFO - Filling up the DagBag from /home/logi/txtai/venv/lib/python3.10/site-packages/airflow/example_dags/example_params_trigger_ui.py
[2025-11-13T23:46:20.124+0530] {processor.py:840} INFO - DAG(s) 'example_params_trigger_ui' retrieved from /home/logi/txtai/venv/lib/python3.10/site-packages/airflow/example_dags/example_params_trigger_ui.py
[2025-11-13T23:46:20.253+0530] {logging_mixin.py:188} INFO - [2025-11-13T23:46:20.253+0530] {dag.py:3089} INFO - Sync 1 DAGs
[2025-11-13T23:46:20.285+0530] {logging_mixin.py:188} INFO - [2025-11-13T23:46:20.285+0530] {dag.py:3947} INFO - Setting next_dagrun for example_params_trigger_ui to None, run_after=None
[2025-11-13T23:46:20.338+0530] {processor.py:183} INFO - Processing /home/logi/txtai/venv/lib/python3.10/site-packages/airflow/example_dags/example_params_trigger_ui.py took 0.291 seconds
[2025-11-13T23:46:50.643+0530] {processor.py:161} INFO - Started process (PID=24871) to work on /home/logi/txtai/venv/lib/python3.10/site-packages/airflow/example_dags/example_params_trigger_ui.py
[2025-11-13T23:46:50.645+0530] {processor.py:830} INFO - Processing file /home/logi/txtai/venv/lib/python3.10/site-packages/airflow/example_dags/example_params_trigger_ui.py for tasks to queue
[2025-11-13T23:46:50.648+0530] {logging_mixin.py:188} INFO - [2025-11-13T23:46:50.648+0530] {dagbag.py:545} INFO - Filling up the DagBag from /home/logi/txtai/venv/lib/python3.10/site-packages/airflow/example_dags/example_params_trigger_ui.py
[2025-11-13T23:46:50.662+0530] {processor.py:840} INFO - DAG(s) 'example_params_trigger_ui' retrieved from /home/logi/txtai/venv/lib/python3.10/site-packages/airflow/example_dags/example_params_trigger_ui.py
[2025-11-13T23:46:50.762+0530] {logging_mixin.py:188} INFO - [2025-11-13T23:46:50.762+0530] {dag.py:3089} INFO - Sync 1 DAGs
[2025-11-13T23:46:50.774+0530] {logging_mixin.py:188} INFO - [2025-11-13T23:46:50.774+0530] {dag.py:3947} INFO - Setting next_dagrun for example_params_trigger_ui to None, run_after=None
[2025-11-13T23:46:50.808+0530] {processor.py:183} INFO - Processing /home/logi/txtai/venv/lib/python3.10/site-packages/airflow/example_dags/example_params_trigger_ui.py took 0.175 seconds
[2025-11-13T23:47:21.720+0530] {processor.py:161} INFO - Started process (PID=25342) to work on /home/logi/txtai/venv/lib/python3.10/site-packages/airflow/example_dags/example_params_trigger_ui.py
[2025-11-13T23:47:21.724+0530] {processor.py:830} INFO - Processing file /home/logi/txtai/venv/lib/python3.10/site-packages/airflow/example_dags/example_params_trigger_ui.py for tasks to queue
[2025-11-13T23:47:21.729+0530] {logging_mixin.py:188} INFO - [2025-11-13T23:47:21.728+0530] {dagbag.py:545} INFO - Filling up the DagBag from /home/logi/txtai/venv/lib/python3.10/site-packages/airflow/example_dags/example_params_trigger_ui.py
[2025-11-13T23:47:21.746+0530] {processor.py:840} INFO - DAG(s) 'example_params_trigger_ui' retrieved from /home/logi/txtai/venv/lib/python3.10/site-packages/airflow/example_dags/example_params_trigger_ui.py
[2025-11-13T23:47:21.815+0530] {logging_mixin.py:188} INFO - [2025-11-13T23:47:21.814+0530] {dag.py:3089} INFO - Sync 1 DAGs
[2025-11-13T23:47:21.830+0530] {logging_mixin.py:188} INFO - [2025-11-13T23:47:21.830+0530] {dag.py:3947} INFO - Setting next_dagrun for example_params_trigger_ui to None, run_after=None
[2025-11-13T23:47:21.855+0530] {processor.py:183} INFO - Processing /home/logi/txtai/venv/lib/python3.10/site-packages/airflow/example_dags/example_params_trigger_ui.py took 0.154 seconds
[2025-11-13T23:47:54.437+0530] {processor.py:161} INFO - Started process (PID=25644) to work on /home/logi/txtai/venv/lib/python3.10/site-packages/airflow/example_dags/example_params_trigger_ui.py
[2025-11-13T23:47:54.439+0530] {processor.py:830} INFO - Processing file /home/logi/txtai/venv/lib/python3.10/site-packages/airflow/example_dags/example_params_trigger_ui.py for tasks to queue
[2025-11-13T23:47:54.444+0530] {logging_mixin.py:188} INFO - [2025-11-13T23:47:54.443+0530] {dagbag.py:545} INFO - Filling up the DagBag from /home/logi/txtai/venv/lib/python3.10/site-packages/airflow/example_dags/example_params_trigger_ui.py
[2025-11-13T23:47:54.468+0530] {processor.py:840} INFO - DAG(s) 'example_params_trigger_ui' retrieved from /home/logi/txtai/venv/lib/python3.10/site-packages/airflow/example_dags/example_params_trigger_ui.py
[2025-11-13T23:47:54.535+0530] {logging_mixin.py:188} INFO - [2025-11-13T23:47:54.534+0530] {dag.py:3089} INFO - Sync 1 DAGs
[2025-11-13T23:47:54.552+0530] {logging_mixin.py:188} INFO - [2025-11-13T23:47:54.552+0530] {dag.py:3947} INFO - Setting next_dagrun for example_params_trigger_ui to None, run_after=None
[2025-11-13T23:47:54.580+0530] {processor.py:183} INFO - Processing /home/logi/txtai/venv/lib/python3.10/site-packages/airflow/example_dags/example_params_trigger_ui.py took 0.159 seconds
[2025-11-13T23:48:26.879+0530] {processor.py:161} INFO - Started process (PID=26164) to work on /home/logi/txtai/venv/lib/python3.10/site-packages/airflow/example_dags/example_params_trigger_ui.py
[2025-11-13T23:48:26.881+0530] {processor.py:830} INFO - Processing file /home/logi/txtai/venv/lib/python3.10/site-packages/airflow/example_dags/example_params_trigger_ui.py for tasks to queue
[2025-11-13T23:48:26.882+0530] {logging_mixin.py:188} INFO - [2025-11-13T23:48:26.882+0530] {dagbag.py:545} INFO - Filling up the DagBag from /home/logi/txtai/venv/lib/python3.10/site-packages/airflow/example_dags/example_params_trigger_ui.py
[2025-11-13T23:48:26.890+0530] {processor.py:840} INFO - DAG(s) 'example_params_trigger_ui' retrieved from /home/logi/txtai/venv/lib/python3.10/site-packages/airflow/example_dags/example_params_trigger_ui.py
[2025-11-13T23:48:27.006+0530] {logging_mixin.py:188} INFO - [2025-11-13T23:48:27.005+0530] {dag.py:3089} INFO - Sync 1 DAGs
[2025-11-13T23:48:27.035+0530] {logging_mixin.py:188} INFO - [2025-11-13T23:48:27.034+0530] {dag.py:3947} INFO - Setting next_dagrun for example_params_trigger_ui to None, run_after=None
[2025-11-13T23:48:27.082+0530] {processor.py:183} INFO - Processing /home/logi/txtai/venv/lib/python3.10/site-packages/airflow/example_dags/example_params_trigger_ui.py took 0.209 seconds
[2025-11-13T23:48:57.609+0530] {processor.py:161} INFO - Started process (PID=26431) to work on /home/logi/txtai/venv/lib/python3.10/site-packages/airflow/example_dags/example_params_trigger_ui.py
[2025-11-13T23:48:57.610+0530] {processor.py:830} INFO - Processing file /home/logi/txtai/venv/lib/python3.10/site-packages/airflow/example_dags/example_params_trigger_ui.py for tasks to queue
[2025-11-13T23:48:57.613+0530] {logging_mixin.py:188} INFO - [2025-11-13T23:48:57.613+0530] {dagbag.py:545} INFO - Filling up the DagBag from /home/logi/txtai/venv/lib/python3.10/site-packages/airflow/example_dags/example_params_trigger_ui.py
[2025-11-13T23:48:57.627+0530] {processor.py:840} INFO - DAG(s) 'example_params_trigger_ui' retrieved from /home/logi/txtai/venv/lib/python3.10/site-packages/airflow/example_dags/example_params_trigger_ui.py
[2025-11-13T23:48:57.729+0530] {logging_mixin.py:188} INFO - [2025-11-13T23:48:57.729+0530] {dag.py:3089} INFO - Sync 1 DAGs
[2025-11-13T23:48:57.756+0530] {logging_mixin.py:188} INFO - [2025-11-13T23:48:57.755+0530] {dag.py:3947} INFO - Setting next_dagrun for example_params_trigger_ui to None, run_after=None
[2025-11-13T23:48:57.812+0530] {processor.py:183} INFO - Processing /home/logi/txtai/venv/lib/python3.10/site-packages/airflow/example_dags/example_params_trigger_ui.py took 0.214 seconds
[2025-11-13T23:49:29.020+0530] {processor.py:161} INFO - Started process (PID=26970) to work on /home/logi/txtai/venv/lib/python3.10/site-packages/airflow/example_dags/example_params_trigger_ui.py
[2025-11-13T23:49:29.023+0530] {processor.py:830} INFO - Processing file /home/logi/txtai/venv/lib/python3.10/site-packages/airflow/example_dags/example_params_trigger_ui.py for tasks to queue
[2025-11-13T23:49:29.029+0530] {logging_mixin.py:188} INFO - [2025-11-13T23:49:29.027+0530] {dagbag.py:545} INFO - Filling up the DagBag from /home/logi/txtai/venv/lib/python3.10/site-packages/airflow/example_dags/example_params_trigger_ui.py
[2025-11-13T23:49:29.046+0530] {processor.py:840} INFO - DAG(s) 'example_params_trigger_ui' retrieved from /home/logi/txtai/venv/lib/python3.10/site-packages/airflow/example_dags/example_params_trigger_ui.py
[2025-11-13T23:49:29.170+0530] {logging_mixin.py:188} INFO - [2025-11-13T23:49:29.169+0530] {dag.py:3089} INFO - Sync 1 DAGs
[2025-11-13T23:49:29.204+0530] {logging_mixin.py:188} INFO - [2025-11-13T23:49:29.203+0530] {dag.py:3947} INFO - Setting next_dagrun for example_params_trigger_ui to None, run_after=None
[2025-11-13T23:49:29.223+0530] {processor.py:183} INFO - Processing /home/logi/txtai/venv/lib/python3.10/site-packages/airflow/example_dags/example_params_trigger_ui.py took 0.220 seconds
[2025-11-13T23:49:59.273+0530] {processor.py:161} INFO - Started process (PID=27214) to work on /home/logi/txtai/venv/lib/python3.10/site-packages/airflow/example_dags/example_params_trigger_ui.py
[2025-11-13T23:49:59.275+0530] {processor.py:830} INFO - Processing file /home/logi/txtai/venv/lib/python3.10/site-packages/airflow/example_dags/example_params_trigger_ui.py for tasks to queue
[2025-11-13T23:49:59.278+0530] {logging_mixin.py:188} INFO - [2025-11-13T23:49:59.277+0530] {dagbag.py:545} INFO - Filling up the DagBag from /home/logi/txtai/venv/lib/python3.10/site-packages/airflow/example_dags/example_params_trigger_ui.py
[2025-11-13T23:49:59.292+0530] {processor.py:840} INFO - DAG(s) 'example_params_trigger_ui' retrieved from /home/logi/txtai/venv/lib/python3.10/site-packages/airflow/example_dags/example_params_trigger_ui.py
[2025-11-13T23:49:59.390+0530] {logging_mixin.py:188} INFO - [2025-11-13T23:49:59.390+0530] {dag.py:3089} INFO - Sync 1 DAGs
[2025-11-13T23:49:59.402+0530] {logging_mixin.py:188} INFO - [2025-11-13T23:49:59.402+0530] {dag.py:3947} INFO - Setting next_dagrun for example_params_trigger_ui to None, run_after=None
[2025-11-13T23:49:59.446+0530] {processor.py:183} INFO - Processing /home/logi/txtai/venv/lib/python3.10/site-packages/airflow/example_dags/example_params_trigger_ui.py took 0.187 seconds
[2025-11-13T23:50:30.053+0530] {processor.py:161} INFO - Started process (PID=27851) to work on /home/logi/txtai/venv/lib/python3.10/site-packages/airflow/example_dags/example_params_trigger_ui.py
[2025-11-13T23:50:30.055+0530] {processor.py:830} INFO - Processing file /home/logi/txtai/venv/lib/python3.10/site-packages/airflow/example_dags/example_params_trigger_ui.py for tasks to queue
[2025-11-13T23:50:30.056+0530] {logging_mixin.py:188} INFO - [2025-11-13T23:50:30.056+0530] {dagbag.py:545} INFO - Filling up the DagBag from /home/logi/txtai/venv/lib/python3.10/site-packages/airflow/example_dags/example_params_trigger_ui.py
[2025-11-13T23:50:30.071+0530] {processor.py:840} INFO - DAG(s) 'example_params_trigger_ui' retrieved from /home/logi/txtai/venv/lib/python3.10/site-packages/airflow/example_dags/example_params_trigger_ui.py
[2025-11-13T23:50:30.179+0530] {logging_mixin.py:188} INFO - [2025-11-13T23:50:30.178+0530] {dag.py:3089} INFO - Sync 1 DAGs
[2025-11-13T23:50:30.192+0530] {logging_mixin.py:188} INFO - [2025-11-13T23:50:30.192+0530] {dag.py:3947} INFO - Setting next_dagrun for example_params_trigger_ui to None, run_after=None
[2025-11-13T23:50:30.219+0530] {processor.py:183} INFO - Processing /home/logi/txtai/venv/lib/python3.10/site-packages/airflow/example_dags/example_params_trigger_ui.py took 0.182 seconds
[2025-11-13T23:51:01.143+0530] {processor.py:161} INFO - Started process (PID=28408) to work on /home/logi/txtai/venv/lib/python3.10/site-packages/airflow/example_dags/example_params_trigger_ui.py
[2025-11-13T23:51:01.144+0530] {processor.py:830} INFO - Processing file /home/logi/txtai/venv/lib/python3.10/site-packages/airflow/example_dags/example_params_trigger_ui.py for tasks to queue
[2025-11-13T23:51:01.148+0530] {logging_mixin.py:188} INFO - [2025-11-13T23:51:01.148+0530] {dagbag.py:545} INFO - Filling up the DagBag from /home/logi/txtai/venv/lib/python3.10/site-packages/airflow/example_dags/example_params_trigger_ui.py
[2025-11-13T23:51:01.165+0530] {processor.py:840} INFO - DAG(s) 'example_params_trigger_ui' retrieved from /home/logi/txtai/venv/lib/python3.10/site-packages/airflow/example_dags/example_params_trigger_ui.py
[2025-11-13T23:51:01.250+0530] {logging_mixin.py:188} INFO - [2025-11-13T23:51:01.250+0530] {dag.py:3089} INFO - Sync 1 DAGs
[2025-11-13T23:51:01.263+0530] {logging_mixin.py:188} INFO - [2025-11-13T23:51:01.262+0530] {dag.py:3947} INFO - Setting next_dagrun for example_params_trigger_ui to None, run_after=None
[2025-11-13T23:51:01.300+0530] {processor.py:183} INFO - Processing /home/logi/txtai/venv/lib/python3.10/site-packages/airflow/example_dags/example_params_trigger_ui.py took 0.169 seconds
[2025-11-13T23:51:32.486+0530] {processor.py:161} INFO - Started process (PID=28811) to work on /home/logi/txtai/venv/lib/python3.10/site-packages/airflow/example_dags/example_params_trigger_ui.py
[2025-11-13T23:51:32.487+0530] {processor.py:830} INFO - Processing file /home/logi/txtai/venv/lib/python3.10/site-packages/airflow/example_dags/example_params_trigger_ui.py for tasks to queue
[2025-11-13T23:51:32.488+0530] {logging_mixin.py:188} INFO - [2025-11-13T23:51:32.488+0530] {dagbag.py:545} INFO - Filling up the DagBag from /home/logi/txtai/venv/lib/python3.10/site-packages/airflow/example_dags/example_params_trigger_ui.py
[2025-11-13T23:51:32.498+0530] {processor.py:840} INFO - DAG(s) 'example_params_trigger_ui' retrieved from /home/logi/txtai/venv/lib/python3.10/site-packages/airflow/example_dags/example_params_trigger_ui.py
[2025-11-13T23:51:32.548+0530] {logging_mixin.py:188} INFO - [2025-11-13T23:51:32.548+0530] {dag.py:3089} INFO - Sync 1 DAGs
[2025-11-13T23:51:32.561+0530] {logging_mixin.py:188} INFO - [2025-11-13T23:51:32.560+0530] {dag.py:3947} INFO - Setting next_dagrun for example_params_trigger_ui to None, run_after=None
[2025-11-13T23:51:32.579+0530] {processor.py:183} INFO - Processing /home/logi/txtai/venv/lib/python3.10/site-packages/airflow/example_dags/example_params_trigger_ui.py took 0.100 seconds
[2025-11-13T23:52:05.511+0530] {processor.py:161} INFO - Started process (PID=29383) to work on /home/logi/txtai/venv/lib/python3.10/site-packages/airflow/example_dags/example_params_trigger_ui.py
[2025-11-13T23:52:05.514+0530] {processor.py:830} INFO - Processing file /home/logi/txtai/venv/lib/python3.10/site-packages/airflow/example_dags/example_params_trigger_ui.py for tasks to queue
[2025-11-13T23:52:05.520+0530] {logging_mixin.py:188} INFO - [2025-11-13T23:52:05.520+0530] {dagbag.py:545} INFO - Filling up the DagBag from /home/logi/txtai/venv/lib/python3.10/site-packages/airflow/example_dags/example_params_trigger_ui.py
[2025-11-13T23:52:05.540+0530] {processor.py:840} INFO - DAG(s) 'example_params_trigger_ui' retrieved from /home/logi/txtai/venv/lib/python3.10/site-packages/airflow/example_dags/example_params_trigger_ui.py
[2025-11-13T23:52:05.635+0530] {logging_mixin.py:188} INFO - [2025-11-13T23:52:05.634+0530] {dag.py:3089} INFO - Sync 1 DAGs
[2025-11-13T23:52:05.660+0530] {logging_mixin.py:188} INFO - [2025-11-13T23:52:05.660+0530] {dag.py:3947} INFO - Setting next_dagrun for example_params_trigger_ui to None, run_after=None
[2025-11-13T23:52:05.702+0530] {processor.py:183} INFO - Processing /home/logi/txtai/venv/lib/python3.10/site-packages/airflow/example_dags/example_params_trigger_ui.py took 0.211 seconds
[2025-11-13T23:52:36.501+0530] {processor.py:161} INFO - Started process (PID=29888) to work on /home/logi/txtai/venv/lib/python3.10/site-packages/airflow/example_dags/example_params_trigger_ui.py
[2025-11-13T23:52:36.503+0530] {processor.py:830} INFO - Processing file /home/logi/txtai/venv/lib/python3.10/site-packages/airflow/example_dags/example_params_trigger_ui.py for tasks to queue
[2025-11-13T23:52:36.505+0530] {logging_mixin.py:188} INFO - [2025-11-13T23:52:36.505+0530] {dagbag.py:545} INFO - Filling up the DagBag from /home/logi/txtai/venv/lib/python3.10/site-packages/airflow/example_dags/example_params_trigger_ui.py
[2025-11-13T23:52:36.520+0530] {processor.py:840} INFO - DAG(s) 'example_params_trigger_ui' retrieved from /home/logi/txtai/venv/lib/python3.10/site-packages/airflow/example_dags/example_params_trigger_ui.py
[2025-11-13T23:52:36.621+0530] {logging_mixin.py:188} INFO - [2025-11-13T23:52:36.621+0530] {dag.py:3089} INFO - Sync 1 DAGs
[2025-11-13T23:52:36.633+0530] {logging_mixin.py:188} INFO - [2025-11-13T23:52:36.633+0530] {dag.py:3947} INFO - Setting next_dagrun for example_params_trigger_ui to None, run_after=None
[2025-11-13T23:52:36.665+0530] {processor.py:183} INFO - Processing /home/logi/txtai/venv/lib/python3.10/site-packages/airflow/example_dags/example_params_trigger_ui.py took 0.175 seconds
[2025-11-13T23:53:08.434+0530] {processor.py:161} INFO - Started process (PID=30208) to work on /home/logi/txtai/venv/lib/python3.10/site-packages/airflow/example_dags/example_params_trigger_ui.py
[2025-11-13T23:53:08.438+0530] {processor.py:830} INFO - Processing file /home/logi/txtai/venv/lib/python3.10/site-packages/airflow/example_dags/example_params_trigger_ui.py for tasks to queue
[2025-11-13T23:53:08.440+0530] {logging_mixin.py:188} INFO - [2025-11-13T23:53:08.440+0530] {dagbag.py:545} INFO - Filling up the DagBag from /home/logi/txtai/venv/lib/python3.10/site-packages/airflow/example_dags/example_params_trigger_ui.py
[2025-11-13T23:53:08.456+0530] {processor.py:840} INFO - DAG(s) 'example_params_trigger_ui' retrieved from /home/logi/txtai/venv/lib/python3.10/site-packages/airflow/example_dags/example_params_trigger_ui.py
[2025-11-13T23:53:08.522+0530] {logging_mixin.py:188} INFO - [2025-11-13T23:53:08.522+0530] {dag.py:3089} INFO - Sync 1 DAGs
[2025-11-13T23:53:08.546+0530] {logging_mixin.py:188} INFO - [2025-11-13T23:53:08.545+0530] {dag.py:3947} INFO - Setting next_dagrun for example_params_trigger_ui to None, run_after=None
[2025-11-13T23:53:08.613+0530] {processor.py:183} INFO - Processing /home/logi/txtai/venv/lib/python3.10/site-packages/airflow/example_dags/example_params_trigger_ui.py took 0.195 seconds
[2025-11-13T23:53:38.842+0530] {processor.py:161} INFO - Started process (PID=30550) to work on /home/logi/txtai/venv/lib/python3.10/site-packages/airflow/example_dags/example_params_trigger_ui.py
[2025-11-13T23:53:38.844+0530] {processor.py:830} INFO - Processing file /home/logi/txtai/venv/lib/python3.10/site-packages/airflow/example_dags/example_params_trigger_ui.py for tasks to queue
[2025-11-13T23:53:38.847+0530] {logging_mixin.py:188} INFO - [2025-11-13T23:53:38.846+0530] {dagbag.py:545} INFO - Filling up the DagBag from /home/logi/txtai/venv/lib/python3.10/site-packages/airflow/example_dags/example_params_trigger_ui.py
[2025-11-13T23:53:38.861+0530] {processor.py:840} INFO - DAG(s) 'example_params_trigger_ui' retrieved from /home/logi/txtai/venv/lib/python3.10/site-packages/airflow/example_dags/example_params_trigger_ui.py
[2025-11-13T23:53:38.961+0530] {logging_mixin.py:188} INFO - [2025-11-13T23:53:38.961+0530] {dag.py:3089} INFO - Sync 1 DAGs
[2025-11-13T23:53:38.974+0530] {logging_mixin.py:188} INFO - [2025-11-13T23:53:38.973+0530] {dag.py:3947} INFO - Setting next_dagrun for example_params_trigger_ui to None, run_after=None
[2025-11-13T23:53:39.007+0530] {processor.py:183} INFO - Processing /home/logi/txtai/venv/lib/python3.10/site-packages/airflow/example_dags/example_params_trigger_ui.py took 0.176 seconds
[2025-11-13T23:54:10.564+0530] {processor.py:161} INFO - Started process (PID=30825) to work on /home/logi/txtai/venv/lib/python3.10/site-packages/airflow/example_dags/example_params_trigger_ui.py
[2025-11-13T23:54:10.566+0530] {processor.py:830} INFO - Processing file /home/logi/txtai/venv/lib/python3.10/site-packages/airflow/example_dags/example_params_trigger_ui.py for tasks to queue
[2025-11-13T23:54:10.569+0530] {logging_mixin.py:188} INFO - [2025-11-13T23:54:10.569+0530] {dagbag.py:545} INFO - Filling up the DagBag from /home/logi/txtai/venv/lib/python3.10/site-packages/airflow/example_dags/example_params_trigger_ui.py
[2025-11-13T23:54:10.586+0530] {processor.py:840} INFO - DAG(s) 'example_params_trigger_ui' retrieved from /home/logi/txtai/venv/lib/python3.10/site-packages/airflow/example_dags/example_params_trigger_ui.py
[2025-11-13T23:54:10.679+0530] {logging_mixin.py:188} INFO - [2025-11-13T23:54:10.679+0530] {dag.py:3089} INFO - Sync 1 DAGs
[2025-11-13T23:54:10.692+0530] {logging_mixin.py:188} INFO - [2025-11-13T23:54:10.691+0530] {dag.py:3947} INFO - Setting next_dagrun for example_params_trigger_ui to None, run_after=None
[2025-11-13T23:54:10.720+0530] {processor.py:183} INFO - Processing /home/logi/txtai/venv/lib/python3.10/site-packages/airflow/example_dags/example_params_trigger_ui.py took 0.169 seconds
[2025-11-13T23:54:40.872+0530] {processor.py:161} INFO - Started process (PID=31392) to work on /home/logi/txtai/venv/lib/python3.10/site-packages/airflow/example_dags/example_params_trigger_ui.py
[2025-11-13T23:54:40.873+0530] {processor.py:830} INFO - Processing file /home/logi/txtai/venv/lib/python3.10/site-packages/airflow/example_dags/example_params_trigger_ui.py for tasks to queue
[2025-11-13T23:54:40.875+0530] {logging_mixin.py:188} INFO - [2025-11-13T23:54:40.875+0530] {dagbag.py:545} INFO - Filling up the DagBag from /home/logi/txtai/venv/lib/python3.10/site-packages/airflow/example_dags/example_params_trigger_ui.py
[2025-11-13T23:54:40.883+0530] {processor.py:840} INFO - DAG(s) 'example_params_trigger_ui' retrieved from /home/logi/txtai/venv/lib/python3.10/site-packages/airflow/example_dags/example_params_trigger_ui.py
[2025-11-13T23:54:40.958+0530] {logging_mixin.py:188} INFO - [2025-11-13T23:54:40.958+0530] {dag.py:3089} INFO - Sync 1 DAGs
[2025-11-13T23:54:40.977+0530] {logging_mixin.py:188} INFO - [2025-11-13T23:54:40.976+0530] {dag.py:3947} INFO - Setting next_dagrun for example_params_trigger_ui to None, run_after=None
[2025-11-13T23:54:41.005+0530] {processor.py:183} INFO - Processing /home/logi/txtai/venv/lib/python3.10/site-packages/airflow/example_dags/example_params_trigger_ui.py took 0.139 seconds
[2025-11-13T23:55:11.807+0530] {processor.py:161} INFO - Started process (PID=31976) to work on /home/logi/txtai/venv/lib/python3.10/site-packages/airflow/example_dags/example_params_trigger_ui.py
[2025-11-13T23:55:11.809+0530] {processor.py:830} INFO - Processing file /home/logi/txtai/venv/lib/python3.10/site-packages/airflow/example_dags/example_params_trigger_ui.py for tasks to queue
[2025-11-13T23:55:11.812+0530] {logging_mixin.py:188} INFO - [2025-11-13T23:55:11.812+0530] {dagbag.py:545} INFO - Filling up the DagBag from /home/logi/txtai/venv/lib/python3.10/site-packages/airflow/example_dags/example_params_trigger_ui.py
[2025-11-13T23:55:11.831+0530] {processor.py:840} INFO - DAG(s) 'example_params_trigger_ui' retrieved from /home/logi/txtai/venv/lib/python3.10/site-packages/airflow/example_dags/example_params_trigger_ui.py
[2025-11-13T23:55:11.912+0530] {logging_mixin.py:188} INFO - [2025-11-13T23:55:11.912+0530] {dag.py:3089} INFO - Sync 1 DAGs
[2025-11-13T23:55:11.940+0530] {logging_mixin.py:188} INFO - [2025-11-13T23:55:11.939+0530] {dag.py:3947} INFO - Setting next_dagrun for example_params_trigger_ui to None, run_after=None
[2025-11-13T23:55:11.981+0530] {processor.py:183} INFO - Processing /home/logi/txtai/venv/lib/python3.10/site-packages/airflow/example_dags/example_params_trigger_ui.py took 0.186 seconds
[2025-11-13T23:55:42.636+0530] {processor.py:161} INFO - Started process (PID=32728) to work on /home/logi/txtai/venv/lib/python3.10/site-packages/airflow/example_dags/example_params_trigger_ui.py
[2025-11-13T23:55:42.638+0530] {processor.py:830} INFO - Processing file /home/logi/txtai/venv/lib/python3.10/site-packages/airflow/example_dags/example_params_trigger_ui.py for tasks to queue
[2025-11-13T23:55:42.641+0530] {logging_mixin.py:188} INFO - [2025-11-13T23:55:42.641+0530] {dagbag.py:545} INFO - Filling up the DagBag from /home/logi/txtai/venv/lib/python3.10/site-packages/airflow/example_dags/example_params_trigger_ui.py
[2025-11-13T23:55:42.658+0530] {processor.py:840} INFO - DAG(s) 'example_params_trigger_ui' retrieved from /home/logi/txtai/venv/lib/python3.10/site-packages/airflow/example_dags/example_params_trigger_ui.py
[2025-11-13T23:55:42.750+0530] {logging_mixin.py:188} INFO - [2025-11-13T23:55:42.750+0530] {dag.py:3089} INFO - Sync 1 DAGs
[2025-11-13T23:55:42.764+0530] {logging_mixin.py:188} INFO - [2025-11-13T23:55:42.764+0530] {dag.py:3947} INFO - Setting next_dagrun for example_params_trigger_ui to None, run_after=None
[2025-11-13T23:55:42.794+0530] {processor.py:183} INFO - Processing /home/logi/txtai/venv/lib/python3.10/site-packages/airflow/example_dags/example_params_trigger_ui.py took 0.171 seconds
[2025-11-13T23:56:14.205+0530] {processor.py:161} INFO - Started process (PID=33503) to work on /home/logi/txtai/venv/lib/python3.10/site-packages/airflow/example_dags/example_params_trigger_ui.py
[2025-11-13T23:56:14.211+0530] {processor.py:830} INFO - Processing file /home/logi/txtai/venv/lib/python3.10/site-packages/airflow/example_dags/example_params_trigger_ui.py for tasks to queue
[2025-11-13T23:56:14.215+0530] {logging_mixin.py:188} INFO - [2025-11-13T23:56:14.213+0530] {dagbag.py:545} INFO - Filling up the DagBag from /home/logi/txtai/venv/lib/python3.10/site-packages/airflow/example_dags/example_params_trigger_ui.py
[2025-11-13T23:56:14.261+0530] {processor.py:840} INFO - DAG(s) 'example_params_trigger_ui' retrieved from /home/logi/txtai/venv/lib/python3.10/site-packages/airflow/example_dags/example_params_trigger_ui.py
[2025-11-13T23:56:14.392+0530] {logging_mixin.py:188} INFO - [2025-11-13T23:56:14.391+0530] {dag.py:3089} INFO - Sync 1 DAGs
[2025-11-13T23:56:14.427+0530] {logging_mixin.py:188} INFO - [2025-11-13T23:56:14.427+0530] {dag.py:3947} INFO - Setting next_dagrun for example_params_trigger_ui to None, run_after=None
[2025-11-13T23:56:14.485+0530] {processor.py:183} INFO - Processing /home/logi/txtai/venv/lib/python3.10/site-packages/airflow/example_dags/example_params_trigger_ui.py took 0.319 seconds
[2025-11-13T23:56:44.940+0530] {processor.py:161} INFO - Started process (PID=34220) to work on /home/logi/txtai/venv/lib/python3.10/site-packages/airflow/example_dags/example_params_trigger_ui.py
[2025-11-13T23:56:44.941+0530] {processor.py:830} INFO - Processing file /home/logi/txtai/venv/lib/python3.10/site-packages/airflow/example_dags/example_params_trigger_ui.py for tasks to queue
[2025-11-13T23:56:44.942+0530] {logging_mixin.py:188} INFO - [2025-11-13T23:56:44.942+0530] {dagbag.py:545} INFO - Filling up the DagBag from /home/logi/txtai/venv/lib/python3.10/site-packages/airflow/example_dags/example_params_trigger_ui.py
[2025-11-13T23:56:44.965+0530] {processor.py:840} INFO - DAG(s) 'example_params_trigger_ui' retrieved from /home/logi/txtai/venv/lib/python3.10/site-packages/airflow/example_dags/example_params_trigger_ui.py
[2025-11-13T23:56:45.014+0530] {logging_mixin.py:188} INFO - [2025-11-13T23:56:45.014+0530] {dag.py:3089} INFO - Sync 1 DAGs
[2025-11-13T23:56:45.026+0530] {logging_mixin.py:188} INFO - [2025-11-13T23:56:45.026+0530] {dag.py:3947} INFO - Setting next_dagrun for example_params_trigger_ui to None, run_after=None
[2025-11-13T23:56:45.048+0530] {processor.py:183} INFO - Processing /home/logi/txtai/venv/lib/python3.10/site-packages/airflow/example_dags/example_params_trigger_ui.py took 0.124 seconds
[2025-11-13T23:57:15.703+0530] {processor.py:161} INFO - Started process (PID=34962) to work on /home/logi/txtai/venv/lib/python3.10/site-packages/airflow/example_dags/example_params_trigger_ui.py
[2025-11-13T23:57:15.706+0530] {processor.py:830} INFO - Processing file /home/logi/txtai/venv/lib/python3.10/site-packages/airflow/example_dags/example_params_trigger_ui.py for tasks to queue
[2025-11-13T23:57:15.707+0530] {logging_mixin.py:188} INFO - [2025-11-13T23:57:15.706+0530] {dagbag.py:545} INFO - Filling up the DagBag from /home/logi/txtai/venv/lib/python3.10/site-packages/airflow/example_dags/example_params_trigger_ui.py
[2025-11-13T23:57:15.724+0530] {processor.py:840} INFO - DAG(s) 'example_params_trigger_ui' retrieved from /home/logi/txtai/venv/lib/python3.10/site-packages/airflow/example_dags/example_params_trigger_ui.py
[2025-11-13T23:57:15.788+0530] {logging_mixin.py:188} INFO - [2025-11-13T23:57:15.787+0530] {dag.py:3089} INFO - Sync 1 DAGs
[2025-11-13T23:57:15.801+0530] {logging_mixin.py:188} INFO - [2025-11-13T23:57:15.801+0530] {dag.py:3947} INFO - Setting next_dagrun for example_params_trigger_ui to None, run_after=None
[2025-11-13T23:57:15.836+0530] {processor.py:183} INFO - Processing /home/logi/txtai/venv/lib/python3.10/site-packages/airflow/example_dags/example_params_trigger_ui.py took 0.144 seconds
