[2025-11-13T05:51:21.992+0530] {processor.py:161} INFO - Started process (PID=6931) to work on /home/logi/txtai/venv/lib/python3.10/site-packages/airflow/example_dags/example_latest_only.py
[2025-11-13T05:51:21.994+0530] {processor.py:830} INFO - Processing file /home/logi/txtai/venv/lib/python3.10/site-packages/airflow/example_dags/example_latest_only.py for tasks to queue
[2025-11-13T05:51:21.998+0530] {logging_mixin.py:188} INFO - [2025-11-13T05:51:21.997+0530] {dagbag.py:545} INFO - Filling up the DagBag from /home/logi/txtai/venv/lib/python3.10/site-packages/airflow/example_dags/example_latest_only.py
[2025-11-13T05:51:22.006+0530] {processor.py:840} INFO - DAG(s) 'latest_only' retrieved from /home/logi/txtai/venv/lib/python3.10/site-packages/airflow/example_dags/example_latest_only.py
[2025-11-13T05:51:22.095+0530] {logging_mixin.py:188} INFO - [2025-11-13T05:51:22.095+0530] {dag.py:3089} INFO - Sync 1 DAGs
[2025-11-13T05:51:22.110+0530] {logging_mixin.py:188} INFO - [2025-11-13T05:51:22.109+0530] {dag.py:3947} INFO - Setting next_dagrun for latest_only to 2025-11-12 20:00:00+00:00, run_after=2025-11-13 00:00:00+00:00
[2025-11-13T05:51:22.130+0530] {processor.py:183} INFO - Processing /home/logi/txtai/venv/lib/python3.10/site-packages/airflow/example_dags/example_latest_only.py took 0.155 seconds
[2025-11-13T05:53:12.160+0530] {processor.py:161} INFO - Started process (PID=8136) to work on /home/logi/txtai/venv/lib/python3.10/site-packages/airflow/example_dags/example_latest_only.py
[2025-11-13T05:53:12.173+0530] {processor.py:830} INFO - Processing file /home/logi/txtai/venv/lib/python3.10/site-packages/airflow/example_dags/example_latest_only.py for tasks to queue
[2025-11-13T05:53:12.176+0530] {logging_mixin.py:188} INFO - [2025-11-13T05:53:12.175+0530] {dagbag.py:545} INFO - Filling up the DagBag from /home/logi/txtai/venv/lib/python3.10/site-packages/airflow/example_dags/example_latest_only.py
[2025-11-13T05:53:12.185+0530] {processor.py:840} INFO - DAG(s) 'latest_only' retrieved from /home/logi/txtai/venv/lib/python3.10/site-packages/airflow/example_dags/example_latest_only.py
[2025-11-13T05:53:12.211+0530] {logging_mixin.py:188} INFO - [2025-11-13T05:53:12.210+0530] {dag.py:3089} INFO - Sync 1 DAGs
[2025-11-13T05:53:12.232+0530] {logging_mixin.py:188} INFO - [2025-11-13T05:53:12.232+0530] {dag.py:3947} INFO - Setting next_dagrun for latest_only to 2025-11-12 20:00:00+00:00, run_after=2025-11-13 00:00:00+00:00
[2025-11-13T05:53:12.252+0530] {processor.py:183} INFO - Processing /home/logi/txtai/venv/lib/python3.10/site-packages/airflow/example_dags/example_latest_only.py took 0.104 seconds
[2025-11-13T05:57:19.411+0530] {processor.py:161} INFO - Started process (PID=10685) to work on /home/logi/txtai/venv/lib/python3.10/site-packages/airflow/example_dags/example_latest_only.py
[2025-11-13T05:57:19.412+0530] {processor.py:830} INFO - Processing file /home/logi/txtai/venv/lib/python3.10/site-packages/airflow/example_dags/example_latest_only.py for tasks to queue
[2025-11-13T05:57:19.414+0530] {logging_mixin.py:188} INFO - [2025-11-13T05:57:19.414+0530] {dagbag.py:545} INFO - Filling up the DagBag from /home/logi/txtai/venv/lib/python3.10/site-packages/airflow/example_dags/example_latest_only.py
[2025-11-13T05:57:19.419+0530] {processor.py:840} INFO - DAG(s) 'latest_only' retrieved from /home/logi/txtai/venv/lib/python3.10/site-packages/airflow/example_dags/example_latest_only.py
[2025-11-13T05:57:19.435+0530] {logging_mixin.py:188} INFO - [2025-11-13T05:57:19.435+0530] {dag.py:3089} INFO - Sync 1 DAGs
[2025-11-13T05:57:19.453+0530] {logging_mixin.py:188} INFO - [2025-11-13T05:57:19.452+0530] {dag.py:3947} INFO - Setting next_dagrun for latest_only to 2025-11-12 20:00:00+00:00, run_after=2025-11-13 00:00:00+00:00
[2025-11-13T05:57:19.472+0530] {processor.py:183} INFO - Processing /home/logi/txtai/venv/lib/python3.10/site-packages/airflow/example_dags/example_latest_only.py took 0.067 seconds
[2025-11-13T05:59:41.970+0530] {processor.py:161} INFO - Started process (PID=12179) to work on /home/logi/txtai/venv/lib/python3.10/site-packages/airflow/example_dags/example_latest_only.py
[2025-11-13T05:59:41.972+0530] {processor.py:830} INFO - Processing file /home/logi/txtai/venv/lib/python3.10/site-packages/airflow/example_dags/example_latest_only.py for tasks to queue
[2025-11-13T05:59:41.975+0530] {logging_mixin.py:188} INFO - [2025-11-13T05:59:41.974+0530] {dagbag.py:545} INFO - Filling up the DagBag from /home/logi/txtai/venv/lib/python3.10/site-packages/airflow/example_dags/example_latest_only.py
[2025-11-13T05:59:41.983+0530] {processor.py:840} INFO - DAG(s) 'latest_only' retrieved from /home/logi/txtai/venv/lib/python3.10/site-packages/airflow/example_dags/example_latest_only.py
[2025-11-13T05:59:42.006+0530] {logging_mixin.py:188} INFO - [2025-11-13T05:59:42.006+0530] {dag.py:3089} INFO - Sync 1 DAGs
[2025-11-13T05:59:42.021+0530] {logging_mixin.py:188} INFO - [2025-11-13T05:59:42.020+0530] {dag.py:3947} INFO - Setting next_dagrun for latest_only to 2025-11-12 20:00:00+00:00, run_after=2025-11-13 00:00:00+00:00
[2025-11-13T05:59:42.038+0530] {processor.py:183} INFO - Processing /home/logi/txtai/venv/lib/python3.10/site-packages/airflow/example_dags/example_latest_only.py took 0.077 seconds
[2025-11-13T06:03:52.887+0530] {processor.py:161} INFO - Started process (PID=15008) to work on /home/logi/txtai/venv/lib/python3.10/site-packages/airflow/example_dags/example_latest_only.py
[2025-11-13T06:03:52.900+0530] {processor.py:830} INFO - Processing file /home/logi/txtai/venv/lib/python3.10/site-packages/airflow/example_dags/example_latest_only.py for tasks to queue
[2025-11-13T06:03:52.904+0530] {logging_mixin.py:188} INFO - [2025-11-13T06:03:52.903+0530] {dagbag.py:545} INFO - Filling up the DagBag from /home/logi/txtai/venv/lib/python3.10/site-packages/airflow/example_dags/example_latest_only.py
[2025-11-13T06:03:52.916+0530] {processor.py:840} INFO - DAG(s) 'latest_only' retrieved from /home/logi/txtai/venv/lib/python3.10/site-packages/airflow/example_dags/example_latest_only.py
[2025-11-13T06:03:52.950+0530] {logging_mixin.py:188} INFO - [2025-11-13T06:03:52.948+0530] {dag.py:3089} INFO - Sync 1 DAGs
[2025-11-13T06:03:52.977+0530] {logging_mixin.py:188} INFO - [2025-11-13T06:03:52.977+0530] {dag.py:3947} INFO - Setting next_dagrun for latest_only to 2025-11-12 20:00:00+00:00, run_after=2025-11-13 00:00:00+00:00
[2025-11-13T06:03:53.013+0530] {processor.py:183} INFO - Processing /home/logi/txtai/venv/lib/python3.10/site-packages/airflow/example_dags/example_latest_only.py took 0.139 seconds
[2025-11-13T10:40:43.565+0530] {processor.py:161} INFO - Started process (PID=17098) to work on /home/logi/txtai/venv/lib/python3.10/site-packages/airflow/example_dags/example_latest_only.py
[2025-11-13T10:40:43.567+0530] {processor.py:830} INFO - Processing file /home/logi/txtai/venv/lib/python3.10/site-packages/airflow/example_dags/example_latest_only.py for tasks to queue
[2025-11-13T10:40:43.570+0530] {logging_mixin.py:188} INFO - [2025-11-13T10:40:43.569+0530] {dagbag.py:545} INFO - Filling up the DagBag from /home/logi/txtai/venv/lib/python3.10/site-packages/airflow/example_dags/example_latest_only.py
[2025-11-13T10:40:43.581+0530] {processor.py:840} INFO - DAG(s) 'latest_only' retrieved from /home/logi/txtai/venv/lib/python3.10/site-packages/airflow/example_dags/example_latest_only.py
[2025-11-13T10:40:43.927+0530] {logging_mixin.py:188} INFO - [2025-11-13T10:40:43.924+0530] {override.py:1858} INFO - Created Permission View: can edit on DAG:latest_only
[2025-11-13T10:40:43.962+0530] {logging_mixin.py:188} INFO - [2025-11-13T10:40:43.961+0530] {override.py:1858} INFO - Created Permission View: can read on DAG:latest_only
[2025-11-13T10:40:44.012+0530] {logging_mixin.py:188} INFO - [2025-11-13T10:40:44.010+0530] {override.py:1858} INFO - Created Permission View: can delete on DAG:latest_only
[2025-11-13T10:40:44.013+0530] {logging_mixin.py:188} INFO - [2025-11-13T10:40:44.013+0530] {dag.py:3089} INFO - Sync 1 DAGs
[2025-11-13T10:40:44.043+0530] {logging_mixin.py:188} INFO - [2025-11-13T10:40:44.042+0530] {dag.py:3111} INFO - Creating ORM DAG for latest_only
[2025-11-13T10:40:44.074+0530] {logging_mixin.py:188} INFO - [2025-11-13T10:40:44.072+0530] {dag.py:3947} INFO - Setting next_dagrun for latest_only to 2025-11-13 00:00:00+00:00, run_after=2025-11-13 04:00:00+00:00
[2025-11-13T10:40:44.149+0530] {processor.py:183} INFO - Processing /home/logi/txtai/venv/lib/python3.10/site-packages/airflow/example_dags/example_latest_only.py took 0.598 seconds
[2025-11-13T10:41:15.131+0530] {processor.py:161} INFO - Started process (PID=17564) to work on /home/logi/txtai/venv/lib/python3.10/site-packages/airflow/example_dags/example_latest_only.py
[2025-11-13T10:41:15.134+0530] {processor.py:830} INFO - Processing file /home/logi/txtai/venv/lib/python3.10/site-packages/airflow/example_dags/example_latest_only.py for tasks to queue
[2025-11-13T10:41:15.140+0530] {logging_mixin.py:188} INFO - [2025-11-13T10:41:15.139+0530] {dagbag.py:545} INFO - Filling up the DagBag from /home/logi/txtai/venv/lib/python3.10/site-packages/airflow/example_dags/example_latest_only.py
[2025-11-13T10:41:15.158+0530] {processor.py:840} INFO - DAG(s) 'latest_only' retrieved from /home/logi/txtai/venv/lib/python3.10/site-packages/airflow/example_dags/example_latest_only.py
[2025-11-13T10:41:15.221+0530] {logging_mixin.py:188} INFO - [2025-11-13T10:41:15.220+0530] {dag.py:3089} INFO - Sync 1 DAGs
[2025-11-13T10:41:15.258+0530] {logging_mixin.py:188} INFO - [2025-11-13T10:41:15.258+0530] {dag.py:3947} INFO - Setting next_dagrun for latest_only to 2025-11-13 00:00:00+00:00, run_after=2025-11-13 04:00:00+00:00
[2025-11-13T10:41:15.303+0530] {processor.py:183} INFO - Processing /home/logi/txtai/venv/lib/python3.10/site-packages/airflow/example_dags/example_latest_only.py took 0.197 seconds
[2025-11-13T10:41:45.375+0530] {processor.py:161} INFO - Started process (PID=18180) to work on /home/logi/txtai/venv/lib/python3.10/site-packages/airflow/example_dags/example_latest_only.py
[2025-11-13T10:41:45.377+0530] {processor.py:830} INFO - Processing file /home/logi/txtai/venv/lib/python3.10/site-packages/airflow/example_dags/example_latest_only.py for tasks to queue
[2025-11-13T10:41:45.380+0530] {logging_mixin.py:188} INFO - [2025-11-13T10:41:45.379+0530] {dagbag.py:545} INFO - Filling up the DagBag from /home/logi/txtai/venv/lib/python3.10/site-packages/airflow/example_dags/example_latest_only.py
[2025-11-13T10:41:45.388+0530] {processor.py:840} INFO - DAG(s) 'latest_only' retrieved from /home/logi/txtai/venv/lib/python3.10/site-packages/airflow/example_dags/example_latest_only.py
[2025-11-13T10:41:45.441+0530] {logging_mixin.py:188} INFO - [2025-11-13T10:41:45.441+0530] {dag.py:3089} INFO - Sync 1 DAGs
[2025-11-13T10:41:45.488+0530] {logging_mixin.py:188} INFO - [2025-11-13T10:41:45.488+0530] {dag.py:3947} INFO - Setting next_dagrun for latest_only to 2025-11-13 00:00:00+00:00, run_after=2025-11-13 04:00:00+00:00
[2025-11-13T10:41:45.530+0530] {processor.py:183} INFO - Processing /home/logi/txtai/venv/lib/python3.10/site-packages/airflow/example_dags/example_latest_only.py took 0.166 seconds
[2025-11-13T10:42:16.386+0530] {processor.py:161} INFO - Started process (PID=18757) to work on /home/logi/txtai/venv/lib/python3.10/site-packages/airflow/example_dags/example_latest_only.py
[2025-11-13T10:42:16.387+0530] {processor.py:830} INFO - Processing file /home/logi/txtai/venv/lib/python3.10/site-packages/airflow/example_dags/example_latest_only.py for tasks to queue
[2025-11-13T10:42:16.389+0530] {logging_mixin.py:188} INFO - [2025-11-13T10:42:16.389+0530] {dagbag.py:545} INFO - Filling up the DagBag from /home/logi/txtai/venv/lib/python3.10/site-packages/airflow/example_dags/example_latest_only.py
[2025-11-13T10:42:16.393+0530] {processor.py:840} INFO - DAG(s) 'latest_only' retrieved from /home/logi/txtai/venv/lib/python3.10/site-packages/airflow/example_dags/example_latest_only.py
[2025-11-13T10:42:16.427+0530] {logging_mixin.py:188} INFO - [2025-11-13T10:42:16.426+0530] {dag.py:3089} INFO - Sync 1 DAGs
[2025-11-13T10:42:16.449+0530] {logging_mixin.py:188} INFO - [2025-11-13T10:42:16.449+0530] {dag.py:3947} INFO - Setting next_dagrun for latest_only to 2025-11-13 00:00:00+00:00, run_after=2025-11-13 04:00:00+00:00
[2025-11-13T10:42:16.469+0530] {processor.py:183} INFO - Processing /home/logi/txtai/venv/lib/python3.10/site-packages/airflow/example_dags/example_latest_only.py took 0.090 seconds
[2025-11-13T10:42:46.797+0530] {processor.py:161} INFO - Started process (PID=19002) to work on /home/logi/txtai/venv/lib/python3.10/site-packages/airflow/example_dags/example_latest_only.py
[2025-11-13T10:42:46.799+0530] {processor.py:830} INFO - Processing file /home/logi/txtai/venv/lib/python3.10/site-packages/airflow/example_dags/example_latest_only.py for tasks to queue
[2025-11-13T10:42:46.802+0530] {logging_mixin.py:188} INFO - [2025-11-13T10:42:46.801+0530] {dagbag.py:545} INFO - Filling up the DagBag from /home/logi/txtai/venv/lib/python3.10/site-packages/airflow/example_dags/example_latest_only.py
[2025-11-13T10:42:46.806+0530] {processor.py:840} INFO - DAG(s) 'latest_only' retrieved from /home/logi/txtai/venv/lib/python3.10/site-packages/airflow/example_dags/example_latest_only.py
[2025-11-13T10:42:46.838+0530] {logging_mixin.py:188} INFO - [2025-11-13T10:42:46.838+0530] {dag.py:3089} INFO - Sync 1 DAGs
[2025-11-13T10:42:46.858+0530] {logging_mixin.py:188} INFO - [2025-11-13T10:42:46.858+0530] {dag.py:3947} INFO - Setting next_dagrun for latest_only to 2025-11-13 00:00:00+00:00, run_after=2025-11-13 04:00:00+00:00
[2025-11-13T10:42:46.888+0530] {processor.py:183} INFO - Processing /home/logi/txtai/venv/lib/python3.10/site-packages/airflow/example_dags/example_latest_only.py took 0.101 seconds
[2025-11-13T10:43:18.162+0530] {processor.py:161} INFO - Started process (PID=19143) to work on /home/logi/txtai/venv/lib/python3.10/site-packages/airflow/example_dags/example_latest_only.py
[2025-11-13T10:43:18.163+0530] {processor.py:830} INFO - Processing file /home/logi/txtai/venv/lib/python3.10/site-packages/airflow/example_dags/example_latest_only.py for tasks to queue
[2025-11-13T10:43:18.164+0530] {logging_mixin.py:188} INFO - [2025-11-13T10:43:18.164+0530] {dagbag.py:545} INFO - Filling up the DagBag from /home/logi/txtai/venv/lib/python3.10/site-packages/airflow/example_dags/example_latest_only.py
[2025-11-13T10:43:18.169+0530] {processor.py:840} INFO - DAG(s) 'latest_only' retrieved from /home/logi/txtai/venv/lib/python3.10/site-packages/airflow/example_dags/example_latest_only.py
[2025-11-13T10:43:18.202+0530] {logging_mixin.py:188} INFO - [2025-11-13T10:43:18.202+0530] {dag.py:3089} INFO - Sync 1 DAGs
[2025-11-13T10:43:18.223+0530] {logging_mixin.py:188} INFO - [2025-11-13T10:43:18.223+0530] {dag.py:3947} INFO - Setting next_dagrun for latest_only to 2025-11-13 00:00:00+00:00, run_after=2025-11-13 04:00:00+00:00
[2025-11-13T10:43:18.246+0530] {processor.py:183} INFO - Processing /home/logi/txtai/venv/lib/python3.10/site-packages/airflow/example_dags/example_latest_only.py took 0.090 seconds
[2025-11-13T10:43:49.482+0530] {processor.py:161} INFO - Started process (PID=19285) to work on /home/logi/txtai/venv/lib/python3.10/site-packages/airflow/example_dags/example_latest_only.py
[2025-11-13T10:43:49.483+0530] {processor.py:830} INFO - Processing file /home/logi/txtai/venv/lib/python3.10/site-packages/airflow/example_dags/example_latest_only.py for tasks to queue
[2025-11-13T10:43:49.485+0530] {logging_mixin.py:188} INFO - [2025-11-13T10:43:49.484+0530] {dagbag.py:545} INFO - Filling up the DagBag from /home/logi/txtai/venv/lib/python3.10/site-packages/airflow/example_dags/example_latest_only.py
[2025-11-13T10:43:49.489+0530] {processor.py:840} INFO - DAG(s) 'latest_only' retrieved from /home/logi/txtai/venv/lib/python3.10/site-packages/airflow/example_dags/example_latest_only.py
[2025-11-13T10:43:49.540+0530] {logging_mixin.py:188} INFO - [2025-11-13T10:43:49.539+0530] {dag.py:3089} INFO - Sync 1 DAGs
[2025-11-13T10:43:49.578+0530] {logging_mixin.py:188} INFO - [2025-11-13T10:43:49.578+0530] {dag.py:3947} INFO - Setting next_dagrun for latest_only to 2025-11-13 00:00:00+00:00, run_after=2025-11-13 04:00:00+00:00
[2025-11-13T10:43:49.619+0530] {processor.py:183} INFO - Processing /home/logi/txtai/venv/lib/python3.10/site-packages/airflow/example_dags/example_latest_only.py took 0.142 seconds
[2025-11-13T10:44:20.686+0530] {processor.py:161} INFO - Started process (PID=19428) to work on /home/logi/txtai/venv/lib/python3.10/site-packages/airflow/example_dags/example_latest_only.py
[2025-11-13T10:44:20.688+0530] {processor.py:830} INFO - Processing file /home/logi/txtai/venv/lib/python3.10/site-packages/airflow/example_dags/example_latest_only.py for tasks to queue
[2025-11-13T10:44:20.690+0530] {logging_mixin.py:188} INFO - [2025-11-13T10:44:20.690+0530] {dagbag.py:545} INFO - Filling up the DagBag from /home/logi/txtai/venv/lib/python3.10/site-packages/airflow/example_dags/example_latest_only.py
[2025-11-13T10:44:20.698+0530] {processor.py:840} INFO - DAG(s) 'latest_only' retrieved from /home/logi/txtai/venv/lib/python3.10/site-packages/airflow/example_dags/example_latest_only.py
[2025-11-13T10:44:20.754+0530] {logging_mixin.py:188} INFO - [2025-11-13T10:44:20.754+0530] {dag.py:3089} INFO - Sync 1 DAGs
[2025-11-13T10:44:20.793+0530] {logging_mixin.py:188} INFO - [2025-11-13T10:44:20.792+0530] {dag.py:3947} INFO - Setting next_dagrun for latest_only to 2025-11-13 00:00:00+00:00, run_after=2025-11-13 04:00:00+00:00
[2025-11-13T10:44:20.836+0530] {processor.py:183} INFO - Processing /home/logi/txtai/venv/lib/python3.10/site-packages/airflow/example_dags/example_latest_only.py took 0.161 seconds
[2025-11-13T10:44:52.509+0530] {processor.py:161} INFO - Started process (PID=19570) to work on /home/logi/txtai/venv/lib/python3.10/site-packages/airflow/example_dags/example_latest_only.py
[2025-11-13T10:44:52.511+0530] {processor.py:830} INFO - Processing file /home/logi/txtai/venv/lib/python3.10/site-packages/airflow/example_dags/example_latest_only.py for tasks to queue
[2025-11-13T10:44:52.513+0530] {logging_mixin.py:188} INFO - [2025-11-13T10:44:52.513+0530] {dagbag.py:545} INFO - Filling up the DagBag from /home/logi/txtai/venv/lib/python3.10/site-packages/airflow/example_dags/example_latest_only.py
[2025-11-13T10:44:52.521+0530] {processor.py:840} INFO - DAG(s) 'latest_only' retrieved from /home/logi/txtai/venv/lib/python3.10/site-packages/airflow/example_dags/example_latest_only.py
[2025-11-13T10:44:52.577+0530] {logging_mixin.py:188} INFO - [2025-11-13T10:44:52.576+0530] {dag.py:3089} INFO - Sync 1 DAGs
[2025-11-13T10:44:52.615+0530] {logging_mixin.py:188} INFO - [2025-11-13T10:44:52.614+0530] {dag.py:3947} INFO - Setting next_dagrun for latest_only to 2025-11-13 00:00:00+00:00, run_after=2025-11-13 04:00:00+00:00
[2025-11-13T10:44:52.657+0530] {processor.py:183} INFO - Processing /home/logi/txtai/venv/lib/python3.10/site-packages/airflow/example_dags/example_latest_only.py took 0.158 seconds
[2025-11-13T10:45:23.307+0530] {processor.py:161} INFO - Started process (PID=19715) to work on /home/logi/txtai/venv/lib/python3.10/site-packages/airflow/example_dags/example_latest_only.py
[2025-11-13T10:45:23.309+0530] {processor.py:830} INFO - Processing file /home/logi/txtai/venv/lib/python3.10/site-packages/airflow/example_dags/example_latest_only.py for tasks to queue
[2025-11-13T10:45:23.311+0530] {logging_mixin.py:188} INFO - [2025-11-13T10:45:23.311+0530] {dagbag.py:545} INFO - Filling up the DagBag from /home/logi/txtai/venv/lib/python3.10/site-packages/airflow/example_dags/example_latest_only.py
[2025-11-13T10:45:23.319+0530] {processor.py:840} INFO - DAG(s) 'latest_only' retrieved from /home/logi/txtai/venv/lib/python3.10/site-packages/airflow/example_dags/example_latest_only.py
[2025-11-13T10:45:23.375+0530] {logging_mixin.py:188} INFO - [2025-11-13T10:45:23.375+0530] {dag.py:3089} INFO - Sync 1 DAGs
[2025-11-13T10:45:23.413+0530] {logging_mixin.py:188} INFO - [2025-11-13T10:45:23.413+0530] {dag.py:3947} INFO - Setting next_dagrun for latest_only to 2025-11-13 00:00:00+00:00, run_after=2025-11-13 04:00:00+00:00
[2025-11-13T10:45:23.450+0530] {processor.py:183} INFO - Processing /home/logi/txtai/venv/lib/python3.10/site-packages/airflow/example_dags/example_latest_only.py took 0.148 seconds
[2025-11-13T10:45:54.131+0530] {processor.py:161} INFO - Started process (PID=19884) to work on /home/logi/txtai/venv/lib/python3.10/site-packages/airflow/example_dags/example_latest_only.py
[2025-11-13T10:45:54.132+0530] {processor.py:830} INFO - Processing file /home/logi/txtai/venv/lib/python3.10/site-packages/airflow/example_dags/example_latest_only.py for tasks to queue
[2025-11-13T10:45:54.135+0530] {logging_mixin.py:188} INFO - [2025-11-13T10:45:54.135+0530] {dagbag.py:545} INFO - Filling up the DagBag from /home/logi/txtai/venv/lib/python3.10/site-packages/airflow/example_dags/example_latest_only.py
[2025-11-13T10:45:54.143+0530] {processor.py:840} INFO - DAG(s) 'latest_only' retrieved from /home/logi/txtai/venv/lib/python3.10/site-packages/airflow/example_dags/example_latest_only.py
[2025-11-13T10:45:54.199+0530] {logging_mixin.py:188} INFO - [2025-11-13T10:45:54.199+0530] {dag.py:3089} INFO - Sync 1 DAGs
[2025-11-13T10:45:54.237+0530] {logging_mixin.py:188} INFO - [2025-11-13T10:45:54.237+0530] {dag.py:3947} INFO - Setting next_dagrun for latest_only to 2025-11-13 00:00:00+00:00, run_after=2025-11-13 04:00:00+00:00
[2025-11-13T10:45:54.272+0530] {processor.py:183} INFO - Processing /home/logi/txtai/venv/lib/python3.10/site-packages/airflow/example_dags/example_latest_only.py took 0.153 seconds
[2025-11-13T10:46:26.077+0530] {processor.py:161} INFO - Started process (PID=20028) to work on /home/logi/txtai/venv/lib/python3.10/site-packages/airflow/example_dags/example_latest_only.py
[2025-11-13T10:46:26.079+0530] {processor.py:830} INFO - Processing file /home/logi/txtai/venv/lib/python3.10/site-packages/airflow/example_dags/example_latest_only.py for tasks to queue
[2025-11-13T10:46:26.081+0530] {logging_mixin.py:188} INFO - [2025-11-13T10:46:26.081+0530] {dagbag.py:545} INFO - Filling up the DagBag from /home/logi/txtai/venv/lib/python3.10/site-packages/airflow/example_dags/example_latest_only.py
[2025-11-13T10:46:26.089+0530] {processor.py:840} INFO - DAG(s) 'latest_only' retrieved from /home/logi/txtai/venv/lib/python3.10/site-packages/airflow/example_dags/example_latest_only.py
[2025-11-13T10:46:26.145+0530] {logging_mixin.py:188} INFO - [2025-11-13T10:46:26.144+0530] {dag.py:3089} INFO - Sync 1 DAGs
[2025-11-13T10:46:26.184+0530] {logging_mixin.py:188} INFO - [2025-11-13T10:46:26.183+0530] {dag.py:3947} INFO - Setting next_dagrun for latest_only to 2025-11-13 00:00:00+00:00, run_after=2025-11-13 04:00:00+00:00
[2025-11-13T10:46:26.218+0530] {processor.py:183} INFO - Processing /home/logi/txtai/venv/lib/python3.10/site-packages/airflow/example_dags/example_latest_only.py took 0.152 seconds
[2025-11-13T10:46:56.640+0530] {processor.py:161} INFO - Started process (PID=20171) to work on /home/logi/txtai/venv/lib/python3.10/site-packages/airflow/example_dags/example_latest_only.py
[2025-11-13T10:46:56.642+0530] {processor.py:830} INFO - Processing file /home/logi/txtai/venv/lib/python3.10/site-packages/airflow/example_dags/example_latest_only.py for tasks to queue
[2025-11-13T10:46:56.645+0530] {logging_mixin.py:188} INFO - [2025-11-13T10:46:56.644+0530] {dagbag.py:545} INFO - Filling up the DagBag from /home/logi/txtai/venv/lib/python3.10/site-packages/airflow/example_dags/example_latest_only.py
[2025-11-13T10:46:56.652+0530] {processor.py:840} INFO - DAG(s) 'latest_only' retrieved from /home/logi/txtai/venv/lib/python3.10/site-packages/airflow/example_dags/example_latest_only.py
[2025-11-13T10:46:56.707+0530] {logging_mixin.py:188} INFO - [2025-11-13T10:46:56.707+0530] {dag.py:3089} INFO - Sync 1 DAGs
[2025-11-13T10:46:56.746+0530] {logging_mixin.py:188} INFO - [2025-11-13T10:46:56.746+0530] {dag.py:3947} INFO - Setting next_dagrun for latest_only to 2025-11-13 00:00:00+00:00, run_after=2025-11-13 04:00:00+00:00
[2025-11-13T10:46:56.781+0530] {processor.py:183} INFO - Processing /home/logi/txtai/venv/lib/python3.10/site-packages/airflow/example_dags/example_latest_only.py took 0.152 seconds
[2025-11-13T10:47:27.934+0530] {processor.py:161} INFO - Started process (PID=20314) to work on /home/logi/txtai/venv/lib/python3.10/site-packages/airflow/example_dags/example_latest_only.py
[2025-11-13T10:47:27.937+0530] {processor.py:830} INFO - Processing file /home/logi/txtai/venv/lib/python3.10/site-packages/airflow/example_dags/example_latest_only.py for tasks to queue
[2025-11-13T10:47:27.940+0530] {logging_mixin.py:188} INFO - [2025-11-13T10:47:27.939+0530] {dagbag.py:545} INFO - Filling up the DagBag from /home/logi/txtai/venv/lib/python3.10/site-packages/airflow/example_dags/example_latest_only.py
[2025-11-13T10:47:27.948+0530] {processor.py:840} INFO - DAG(s) 'latest_only' retrieved from /home/logi/txtai/venv/lib/python3.10/site-packages/airflow/example_dags/example_latest_only.py
[2025-11-13T10:47:27.981+0530] {logging_mixin.py:188} INFO - [2025-11-13T10:47:27.981+0530] {dag.py:3089} INFO - Sync 1 DAGs
[2025-11-13T10:47:27.999+0530] {logging_mixin.py:188} INFO - [2025-11-13T10:47:27.999+0530] {dag.py:3947} INFO - Setting next_dagrun for latest_only to 2025-11-13 00:00:00+00:00, run_after=2025-11-13 04:00:00+00:00
[2025-11-13T10:47:28.018+0530] {processor.py:183} INFO - Processing /home/logi/txtai/venv/lib/python3.10/site-packages/airflow/example_dags/example_latest_only.py took 0.098 seconds
[2025-11-13T10:47:59.402+0530] {processor.py:161} INFO - Started process (PID=20455) to work on /home/logi/txtai/venv/lib/python3.10/site-packages/airflow/example_dags/example_latest_only.py
[2025-11-13T10:47:59.404+0530] {processor.py:830} INFO - Processing file /home/logi/txtai/venv/lib/python3.10/site-packages/airflow/example_dags/example_latest_only.py for tasks to queue
[2025-11-13T10:47:59.406+0530] {logging_mixin.py:188} INFO - [2025-11-13T10:47:59.406+0530] {dagbag.py:545} INFO - Filling up the DagBag from /home/logi/txtai/venv/lib/python3.10/site-packages/airflow/example_dags/example_latest_only.py
[2025-11-13T10:47:59.414+0530] {processor.py:840} INFO - DAG(s) 'latest_only' retrieved from /home/logi/txtai/venv/lib/python3.10/site-packages/airflow/example_dags/example_latest_only.py
[2025-11-13T10:47:59.470+0530] {logging_mixin.py:188} INFO - [2025-11-13T10:47:59.469+0530] {dag.py:3089} INFO - Sync 1 DAGs
[2025-11-13T10:47:59.508+0530] {logging_mixin.py:188} INFO - [2025-11-13T10:47:59.508+0530] {dag.py:3947} INFO - Setting next_dagrun for latest_only to 2025-11-13 00:00:00+00:00, run_after=2025-11-13 04:00:00+00:00
[2025-11-13T10:47:59.542+0530] {processor.py:183} INFO - Processing /home/logi/txtai/venv/lib/python3.10/site-packages/airflow/example_dags/example_latest_only.py took 0.151 seconds
[2025-11-13T10:48:30.535+0530] {processor.py:161} INFO - Started process (PID=20596) to work on /home/logi/txtai/venv/lib/python3.10/site-packages/airflow/example_dags/example_latest_only.py
[2025-11-13T10:48:30.537+0530] {processor.py:830} INFO - Processing file /home/logi/txtai/venv/lib/python3.10/site-packages/airflow/example_dags/example_latest_only.py for tasks to queue
[2025-11-13T10:48:30.540+0530] {logging_mixin.py:188} INFO - [2025-11-13T10:48:30.539+0530] {dagbag.py:545} INFO - Filling up the DagBag from /home/logi/txtai/venv/lib/python3.10/site-packages/airflow/example_dags/example_latest_only.py
[2025-11-13T10:48:30.547+0530] {processor.py:840} INFO - DAG(s) 'latest_only' retrieved from /home/logi/txtai/venv/lib/python3.10/site-packages/airflow/example_dags/example_latest_only.py
[2025-11-13T10:48:30.595+0530] {logging_mixin.py:188} INFO - [2025-11-13T10:48:30.595+0530] {dag.py:3089} INFO - Sync 1 DAGs
[2025-11-13T10:48:30.632+0530] {logging_mixin.py:188} INFO - [2025-11-13T10:48:30.632+0530] {dag.py:3947} INFO - Setting next_dagrun for latest_only to 2025-11-13 00:00:00+00:00, run_after=2025-11-13 04:00:00+00:00
[2025-11-13T10:48:30.673+0530] {processor.py:183} INFO - Processing /home/logi/txtai/venv/lib/python3.10/site-packages/airflow/example_dags/example_latest_only.py took 0.149 seconds
[2025-11-13T10:49:00.807+0530] {processor.py:161} INFO - Started process (PID=20739) to work on /home/logi/txtai/venv/lib/python3.10/site-packages/airflow/example_dags/example_latest_only.py
[2025-11-13T10:49:00.809+0530] {processor.py:830} INFO - Processing file /home/logi/txtai/venv/lib/python3.10/site-packages/airflow/example_dags/example_latest_only.py for tasks to queue
[2025-11-13T10:49:00.811+0530] {logging_mixin.py:188} INFO - [2025-11-13T10:49:00.811+0530] {dagbag.py:545} INFO - Filling up the DagBag from /home/logi/txtai/venv/lib/python3.10/site-packages/airflow/example_dags/example_latest_only.py
[2025-11-13T10:49:00.819+0530] {processor.py:840} INFO - DAG(s) 'latest_only' retrieved from /home/logi/txtai/venv/lib/python3.10/site-packages/airflow/example_dags/example_latest_only.py
[2025-11-13T10:49:00.872+0530] {logging_mixin.py:188} INFO - [2025-11-13T10:49:00.872+0530] {dag.py:3089} INFO - Sync 1 DAGs
[2025-11-13T10:49:00.908+0530] {logging_mixin.py:188} INFO - [2025-11-13T10:49:00.907+0530] {dag.py:3947} INFO - Setting next_dagrun for latest_only to 2025-11-13 00:00:00+00:00, run_after=2025-11-13 04:00:00+00:00
[2025-11-13T10:49:00.938+0530] {processor.py:183} INFO - Processing /home/logi/txtai/venv/lib/python3.10/site-packages/airflow/example_dags/example_latest_only.py took 0.142 seconds
[2025-11-13T10:49:31.930+0530] {processor.py:161} INFO - Started process (PID=20887) to work on /home/logi/txtai/venv/lib/python3.10/site-packages/airflow/example_dags/example_latest_only.py
[2025-11-13T10:49:31.931+0530] {processor.py:830} INFO - Processing file /home/logi/txtai/venv/lib/python3.10/site-packages/airflow/example_dags/example_latest_only.py for tasks to queue
[2025-11-13T10:49:31.933+0530] {logging_mixin.py:188} INFO - [2025-11-13T10:49:31.933+0530] {dagbag.py:545} INFO - Filling up the DagBag from /home/logi/txtai/venv/lib/python3.10/site-packages/airflow/example_dags/example_latest_only.py
[2025-11-13T10:49:31.938+0530] {processor.py:840} INFO - DAG(s) 'latest_only' retrieved from /home/logi/txtai/venv/lib/python3.10/site-packages/airflow/example_dags/example_latest_only.py
[2025-11-13T10:49:31.981+0530] {logging_mixin.py:188} INFO - [2025-11-13T10:49:31.981+0530] {dag.py:3089} INFO - Sync 1 DAGs
[2025-11-13T10:49:32.016+0530] {logging_mixin.py:188} INFO - [2025-11-13T10:49:32.016+0530] {dag.py:3947} INFO - Setting next_dagrun for latest_only to 2025-11-13 00:00:00+00:00, run_after=2025-11-13 04:00:00+00:00
[2025-11-13T10:49:32.047+0530] {processor.py:183} INFO - Processing /home/logi/txtai/venv/lib/python3.10/site-packages/airflow/example_dags/example_latest_only.py took 0.124 seconds
[2025-11-13T10:50:03.183+0530] {processor.py:161} INFO - Started process (PID=21029) to work on /home/logi/txtai/venv/lib/python3.10/site-packages/airflow/example_dags/example_latest_only.py
[2025-11-13T10:50:03.185+0530] {processor.py:830} INFO - Processing file /home/logi/txtai/venv/lib/python3.10/site-packages/airflow/example_dags/example_latest_only.py for tasks to queue
[2025-11-13T10:50:03.187+0530] {logging_mixin.py:188} INFO - [2025-11-13T10:50:03.187+0530] {dagbag.py:545} INFO - Filling up the DagBag from /home/logi/txtai/venv/lib/python3.10/site-packages/airflow/example_dags/example_latest_only.py
[2025-11-13T10:50:03.195+0530] {processor.py:840} INFO - DAG(s) 'latest_only' retrieved from /home/logi/txtai/venv/lib/python3.10/site-packages/airflow/example_dags/example_latest_only.py
[2025-11-13T10:50:03.249+0530] {logging_mixin.py:188} INFO - [2025-11-13T10:50:03.249+0530] {dag.py:3089} INFO - Sync 1 DAGs
[2025-11-13T10:50:03.288+0530] {logging_mixin.py:188} INFO - [2025-11-13T10:50:03.288+0530] {dag.py:3947} INFO - Setting next_dagrun for latest_only to 2025-11-13 00:00:00+00:00, run_after=2025-11-13 04:00:00+00:00
[2025-11-13T10:50:03.320+0530] {processor.py:183} INFO - Processing /home/logi/txtai/venv/lib/python3.10/site-packages/airflow/example_dags/example_latest_only.py took 0.147 seconds
[2025-11-13T10:50:34.077+0530] {processor.py:161} INFO - Started process (PID=21171) to work on /home/logi/txtai/venv/lib/python3.10/site-packages/airflow/example_dags/example_latest_only.py
[2025-11-13T10:50:34.079+0530] {processor.py:830} INFO - Processing file /home/logi/txtai/venv/lib/python3.10/site-packages/airflow/example_dags/example_latest_only.py for tasks to queue
[2025-11-13T10:50:34.082+0530] {logging_mixin.py:188} INFO - [2025-11-13T10:50:34.081+0530] {dagbag.py:545} INFO - Filling up the DagBag from /home/logi/txtai/venv/lib/python3.10/site-packages/airflow/example_dags/example_latest_only.py
[2025-11-13T10:50:34.089+0530] {processor.py:840} INFO - DAG(s) 'latest_only' retrieved from /home/logi/txtai/venv/lib/python3.10/site-packages/airflow/example_dags/example_latest_only.py
[2025-11-13T10:50:34.139+0530] {logging_mixin.py:188} INFO - [2025-11-13T10:50:34.138+0530] {dag.py:3089} INFO - Sync 1 DAGs
[2025-11-13T10:50:34.175+0530] {logging_mixin.py:188} INFO - [2025-11-13T10:50:34.175+0530] {dag.py:3947} INFO - Setting next_dagrun for latest_only to 2025-11-13 00:00:00+00:00, run_after=2025-11-13 04:00:00+00:00
[2025-11-13T10:50:34.208+0530] {processor.py:183} INFO - Processing /home/logi/txtai/venv/lib/python3.10/site-packages/airflow/example_dags/example_latest_only.py took 0.141 seconds
[2025-11-13T10:51:05.489+0530] {processor.py:161} INFO - Started process (PID=21352) to work on /home/logi/txtai/venv/lib/python3.10/site-packages/airflow/example_dags/example_latest_only.py
[2025-11-13T10:51:05.491+0530] {processor.py:830} INFO - Processing file /home/logi/txtai/venv/lib/python3.10/site-packages/airflow/example_dags/example_latest_only.py for tasks to queue
[2025-11-13T10:51:05.493+0530] {logging_mixin.py:188} INFO - [2025-11-13T10:51:05.493+0530] {dagbag.py:545} INFO - Filling up the DagBag from /home/logi/txtai/venv/lib/python3.10/site-packages/airflow/example_dags/example_latest_only.py
[2025-11-13T10:51:05.499+0530] {processor.py:840} INFO - DAG(s) 'latest_only' retrieved from /home/logi/txtai/venv/lib/python3.10/site-packages/airflow/example_dags/example_latest_only.py
[2025-11-13T10:51:05.533+0530] {logging_mixin.py:188} INFO - [2025-11-13T10:51:05.532+0530] {dag.py:3089} INFO - Sync 1 DAGs
[2025-11-13T10:51:05.561+0530] {logging_mixin.py:188} INFO - [2025-11-13T10:51:05.561+0530] {dag.py:3947} INFO - Setting next_dagrun for latest_only to 2025-11-13 00:00:00+00:00, run_after=2025-11-13 04:00:00+00:00
[2025-11-13T10:51:05.587+0530] {processor.py:183} INFO - Processing /home/logi/txtai/venv/lib/python3.10/site-packages/airflow/example_dags/example_latest_only.py took 0.104 seconds
[2025-11-13T10:51:36.677+0530] {processor.py:161} INFO - Started process (PID=21494) to work on /home/logi/txtai/venv/lib/python3.10/site-packages/airflow/example_dags/example_latest_only.py
[2025-11-13T10:51:36.679+0530] {processor.py:830} INFO - Processing file /home/logi/txtai/venv/lib/python3.10/site-packages/airflow/example_dags/example_latest_only.py for tasks to queue
[2025-11-13T10:51:36.682+0530] {logging_mixin.py:188} INFO - [2025-11-13T10:51:36.682+0530] {dagbag.py:545} INFO - Filling up the DagBag from /home/logi/txtai/venv/lib/python3.10/site-packages/airflow/example_dags/example_latest_only.py
[2025-11-13T10:51:36.690+0530] {processor.py:840} INFO - DAG(s) 'latest_only' retrieved from /home/logi/txtai/venv/lib/python3.10/site-packages/airflow/example_dags/example_latest_only.py
[2025-11-13T10:51:36.748+0530] {logging_mixin.py:188} INFO - [2025-11-13T10:51:36.748+0530] {dag.py:3089} INFO - Sync 1 DAGs
[2025-11-13T10:51:36.787+0530] {logging_mixin.py:188} INFO - [2025-11-13T10:51:36.787+0530] {dag.py:3947} INFO - Setting next_dagrun for latest_only to 2025-11-13 00:00:00+00:00, run_after=2025-11-13 04:00:00+00:00
[2025-11-13T10:51:36.823+0530] {processor.py:183} INFO - Processing /home/logi/txtai/venv/lib/python3.10/site-packages/airflow/example_dags/example_latest_only.py took 0.157 seconds
[2025-11-13T10:52:07.710+0530] {processor.py:161} INFO - Started process (PID=21637) to work on /home/logi/txtai/venv/lib/python3.10/site-packages/airflow/example_dags/example_latest_only.py
[2025-11-13T10:52:07.712+0530] {processor.py:830} INFO - Processing file /home/logi/txtai/venv/lib/python3.10/site-packages/airflow/example_dags/example_latest_only.py for tasks to queue
[2025-11-13T10:52:07.714+0530] {logging_mixin.py:188} INFO - [2025-11-13T10:52:07.714+0530] {dagbag.py:545} INFO - Filling up the DagBag from /home/logi/txtai/venv/lib/python3.10/site-packages/airflow/example_dags/example_latest_only.py
[2025-11-13T10:52:07.722+0530] {processor.py:840} INFO - DAG(s) 'latest_only' retrieved from /home/logi/txtai/venv/lib/python3.10/site-packages/airflow/example_dags/example_latest_only.py
[2025-11-13T10:52:07.779+0530] {logging_mixin.py:188} INFO - [2025-11-13T10:52:07.779+0530] {dag.py:3089} INFO - Sync 1 DAGs
[2025-11-13T10:52:07.819+0530] {logging_mixin.py:188} INFO - [2025-11-13T10:52:07.818+0530] {dag.py:3947} INFO - Setting next_dagrun for latest_only to 2025-11-13 00:00:00+00:00, run_after=2025-11-13 04:00:00+00:00
[2025-11-13T10:52:07.853+0530] {processor.py:183} INFO - Processing /home/logi/txtai/venv/lib/python3.10/site-packages/airflow/example_dags/example_latest_only.py took 0.154 seconds
[2025-11-13T10:52:39.291+0530] {processor.py:161} INFO - Started process (PID=21838) to work on /home/logi/txtai/venv/lib/python3.10/site-packages/airflow/example_dags/example_latest_only.py
[2025-11-13T10:52:39.292+0530] {processor.py:830} INFO - Processing file /home/logi/txtai/venv/lib/python3.10/site-packages/airflow/example_dags/example_latest_only.py for tasks to queue
[2025-11-13T10:52:39.293+0530] {logging_mixin.py:188} INFO - [2025-11-13T10:52:39.293+0530] {dagbag.py:545} INFO - Filling up the DagBag from /home/logi/txtai/venv/lib/python3.10/site-packages/airflow/example_dags/example_latest_only.py
[2025-11-13T10:52:39.297+0530] {processor.py:840} INFO - DAG(s) 'latest_only' retrieved from /home/logi/txtai/venv/lib/python3.10/site-packages/airflow/example_dags/example_latest_only.py
[2025-11-13T10:52:39.342+0530] {logging_mixin.py:188} INFO - [2025-11-13T10:52:39.341+0530] {dag.py:3089} INFO - Sync 1 DAGs
[2025-11-13T10:52:39.375+0530] {logging_mixin.py:188} INFO - [2025-11-13T10:52:39.375+0530] {dag.py:3947} INFO - Setting next_dagrun for latest_only to 2025-11-13 00:00:00+00:00, run_after=2025-11-13 04:00:00+00:00
[2025-11-13T10:52:39.408+0530] {processor.py:183} INFO - Processing /home/logi/txtai/venv/lib/python3.10/site-packages/airflow/example_dags/example_latest_only.py took 0.124 seconds
[2025-11-13T10:53:09.613+0530] {processor.py:161} INFO - Started process (PID=22045) to work on /home/logi/txtai/venv/lib/python3.10/site-packages/airflow/example_dags/example_latest_only.py
[2025-11-13T10:53:09.615+0530] {processor.py:830} INFO - Processing file /home/logi/txtai/venv/lib/python3.10/site-packages/airflow/example_dags/example_latest_only.py for tasks to queue
[2025-11-13T10:53:09.618+0530] {logging_mixin.py:188} INFO - [2025-11-13T10:53:09.617+0530] {dagbag.py:545} INFO - Filling up the DagBag from /home/logi/txtai/venv/lib/python3.10/site-packages/airflow/example_dags/example_latest_only.py
[2025-11-13T10:53:09.626+0530] {processor.py:840} INFO - DAG(s) 'latest_only' retrieved from /home/logi/txtai/venv/lib/python3.10/site-packages/airflow/example_dags/example_latest_only.py
[2025-11-13T10:53:09.664+0530] {logging_mixin.py:188} INFO - [2025-11-13T10:53:09.663+0530] {dag.py:3089} INFO - Sync 1 DAGs
[2025-11-13T10:53:09.694+0530] {logging_mixin.py:188} INFO - [2025-11-13T10:53:09.694+0530] {dag.py:3947} INFO - Setting next_dagrun for latest_only to 2025-11-13 00:00:00+00:00, run_after=2025-11-13 04:00:00+00:00
[2025-11-13T10:53:09.723+0530] {processor.py:183} INFO - Processing /home/logi/txtai/venv/lib/python3.10/site-packages/airflow/example_dags/example_latest_only.py took 0.122 seconds
[2025-11-13T10:53:40.924+0530] {processor.py:161} INFO - Started process (PID=22279) to work on /home/logi/txtai/venv/lib/python3.10/site-packages/airflow/example_dags/example_latest_only.py
[2025-11-13T10:53:40.926+0530] {processor.py:830} INFO - Processing file /home/logi/txtai/venv/lib/python3.10/site-packages/airflow/example_dags/example_latest_only.py for tasks to queue
[2025-11-13T10:53:40.930+0530] {logging_mixin.py:188} INFO - [2025-11-13T10:53:40.929+0530] {dagbag.py:545} INFO - Filling up the DagBag from /home/logi/txtai/venv/lib/python3.10/site-packages/airflow/example_dags/example_latest_only.py
[2025-11-13T10:53:40.938+0530] {processor.py:840} INFO - DAG(s) 'latest_only' retrieved from /home/logi/txtai/venv/lib/python3.10/site-packages/airflow/example_dags/example_latest_only.py
[2025-11-13T10:53:40.999+0530] {logging_mixin.py:188} INFO - [2025-11-13T10:53:40.999+0530] {dag.py:3089} INFO - Sync 1 DAGs
[2025-11-13T10:53:41.032+0530] {logging_mixin.py:188} INFO - [2025-11-13T10:53:41.032+0530] {dag.py:3947} INFO - Setting next_dagrun for latest_only to 2025-11-13 00:00:00+00:00, run_after=2025-11-13 04:00:00+00:00
[2025-11-13T10:53:41.085+0530] {processor.py:183} INFO - Processing /home/logi/txtai/venv/lib/python3.10/site-packages/airflow/example_dags/example_latest_only.py took 0.174 seconds
[2025-11-13T10:54:12.456+0530] {processor.py:161} INFO - Started process (PID=22422) to work on /home/logi/txtai/venv/lib/python3.10/site-packages/airflow/example_dags/example_latest_only.py
[2025-11-13T10:54:12.458+0530] {processor.py:830} INFO - Processing file /home/logi/txtai/venv/lib/python3.10/site-packages/airflow/example_dags/example_latest_only.py for tasks to queue
[2025-11-13T10:54:12.460+0530] {logging_mixin.py:188} INFO - [2025-11-13T10:54:12.460+0530] {dagbag.py:545} INFO - Filling up the DagBag from /home/logi/txtai/venv/lib/python3.10/site-packages/airflow/example_dags/example_latest_only.py
[2025-11-13T10:54:12.464+0530] {processor.py:840} INFO - DAG(s) 'latest_only' retrieved from /home/logi/txtai/venv/lib/python3.10/site-packages/airflow/example_dags/example_latest_only.py
[2025-11-13T10:54:12.506+0530] {logging_mixin.py:188} INFO - [2025-11-13T10:54:12.506+0530] {dag.py:3089} INFO - Sync 1 DAGs
[2025-11-13T10:54:12.541+0530] {logging_mixin.py:188} INFO - [2025-11-13T10:54:12.541+0530] {dag.py:3947} INFO - Setting next_dagrun for latest_only to 2025-11-13 00:00:00+00:00, run_after=2025-11-13 04:00:00+00:00
[2025-11-13T10:54:12.575+0530] {processor.py:183} INFO - Processing /home/logi/txtai/venv/lib/python3.10/site-packages/airflow/example_dags/example_latest_only.py took 0.125 seconds
[2025-11-13T10:54:43.640+0530] {processor.py:161} INFO - Started process (PID=22623) to work on /home/logi/txtai/venv/lib/python3.10/site-packages/airflow/example_dags/example_latest_only.py
[2025-11-13T10:54:43.641+0530] {processor.py:830} INFO - Processing file /home/logi/txtai/venv/lib/python3.10/site-packages/airflow/example_dags/example_latest_only.py for tasks to queue
[2025-11-13T10:54:43.642+0530] {logging_mixin.py:188} INFO - [2025-11-13T10:54:43.642+0530] {dagbag.py:545} INFO - Filling up the DagBag from /home/logi/txtai/venv/lib/python3.10/site-packages/airflow/example_dags/example_latest_only.py
[2025-11-13T10:54:43.646+0530] {processor.py:840} INFO - DAG(s) 'latest_only' retrieved from /home/logi/txtai/venv/lib/python3.10/site-packages/airflow/example_dags/example_latest_only.py
[2025-11-13T10:54:43.678+0530] {logging_mixin.py:188} INFO - [2025-11-13T10:54:43.677+0530] {dag.py:3089} INFO - Sync 1 DAGs
[2025-11-13T10:54:43.701+0530] {logging_mixin.py:188} INFO - [2025-11-13T10:54:43.701+0530] {dag.py:3947} INFO - Setting next_dagrun for latest_only to 2025-11-13 00:00:00+00:00, run_after=2025-11-13 04:00:00+00:00
[2025-11-13T10:54:43.719+0530] {processor.py:183} INFO - Processing /home/logi/txtai/venv/lib/python3.10/site-packages/airflow/example_dags/example_latest_only.py took 0.087 seconds
[2025-11-13T10:55:15.177+0530] {processor.py:161} INFO - Started process (PID=22915) to work on /home/logi/txtai/venv/lib/python3.10/site-packages/airflow/example_dags/example_latest_only.py
[2025-11-13T10:55:15.179+0530] {processor.py:830} INFO - Processing file /home/logi/txtai/venv/lib/python3.10/site-packages/airflow/example_dags/example_latest_only.py for tasks to queue
[2025-11-13T10:55:15.181+0530] {logging_mixin.py:188} INFO - [2025-11-13T10:55:15.181+0530] {dagbag.py:545} INFO - Filling up the DagBag from /home/logi/txtai/venv/lib/python3.10/site-packages/airflow/example_dags/example_latest_only.py
[2025-11-13T10:55:15.189+0530] {processor.py:840} INFO - DAG(s) 'latest_only' retrieved from /home/logi/txtai/venv/lib/python3.10/site-packages/airflow/example_dags/example_latest_only.py
[2025-11-13T10:55:15.245+0530] {logging_mixin.py:188} INFO - [2025-11-13T10:55:15.244+0530] {dag.py:3089} INFO - Sync 1 DAGs
[2025-11-13T10:55:15.280+0530] {logging_mixin.py:188} INFO - [2025-11-13T10:55:15.279+0530] {dag.py:3947} INFO - Setting next_dagrun for latest_only to 2025-11-13 00:00:00+00:00, run_after=2025-11-13 04:00:00+00:00
[2025-11-13T10:55:15.316+0530] {processor.py:183} INFO - Processing /home/logi/txtai/venv/lib/python3.10/site-packages/airflow/example_dags/example_latest_only.py took 0.148 seconds
[2025-11-13T10:55:46.749+0530] {processor.py:161} INFO - Started process (PID=23350) to work on /home/logi/txtai/venv/lib/python3.10/site-packages/airflow/example_dags/example_latest_only.py
[2025-11-13T10:55:46.751+0530] {processor.py:830} INFO - Processing file /home/logi/txtai/venv/lib/python3.10/site-packages/airflow/example_dags/example_latest_only.py for tasks to queue
[2025-11-13T10:55:46.753+0530] {logging_mixin.py:188} INFO - [2025-11-13T10:55:46.753+0530] {dagbag.py:545} INFO - Filling up the DagBag from /home/logi/txtai/venv/lib/python3.10/site-packages/airflow/example_dags/example_latest_only.py
[2025-11-13T10:55:46.762+0530] {processor.py:840} INFO - DAG(s) 'latest_only' retrieved from /home/logi/txtai/venv/lib/python3.10/site-packages/airflow/example_dags/example_latest_only.py
[2025-11-13T10:55:46.818+0530] {logging_mixin.py:188} INFO - [2025-11-13T10:55:46.818+0530] {dag.py:3089} INFO - Sync 1 DAGs
[2025-11-13T10:55:46.870+0530] {logging_mixin.py:188} INFO - [2025-11-13T10:55:46.870+0530] {dag.py:3947} INFO - Setting next_dagrun for latest_only to 2025-11-13 00:00:00+00:00, run_after=2025-11-13 04:00:00+00:00
[2025-11-13T10:55:46.938+0530] {processor.py:183} INFO - Processing /home/logi/txtai/venv/lib/python3.10/site-packages/airflow/example_dags/example_latest_only.py took 0.200 seconds
[2025-11-13T10:56:17.883+0530] {processor.py:161} INFO - Started process (PID=23637) to work on /home/logi/txtai/venv/lib/python3.10/site-packages/airflow/example_dags/example_latest_only.py
[2025-11-13T10:56:17.884+0530] {processor.py:830} INFO - Processing file /home/logi/txtai/venv/lib/python3.10/site-packages/airflow/example_dags/example_latest_only.py for tasks to queue
[2025-11-13T10:56:17.887+0530] {logging_mixin.py:188} INFO - [2025-11-13T10:56:17.887+0530] {dagbag.py:545} INFO - Filling up the DagBag from /home/logi/txtai/venv/lib/python3.10/site-packages/airflow/example_dags/example_latest_only.py
[2025-11-13T10:56:17.895+0530] {processor.py:840} INFO - DAG(s) 'latest_only' retrieved from /home/logi/txtai/venv/lib/python3.10/site-packages/airflow/example_dags/example_latest_only.py
[2025-11-13T10:56:17.951+0530] {logging_mixin.py:188} INFO - [2025-11-13T10:56:17.950+0530] {dag.py:3089} INFO - Sync 1 DAGs
[2025-11-13T10:56:17.990+0530] {logging_mixin.py:188} INFO - [2025-11-13T10:56:17.990+0530] {dag.py:3947} INFO - Setting next_dagrun for latest_only to 2025-11-13 00:00:00+00:00, run_after=2025-11-13 04:00:00+00:00
[2025-11-13T10:56:18.024+0530] {processor.py:183} INFO - Processing /home/logi/txtai/venv/lib/python3.10/site-packages/airflow/example_dags/example_latest_only.py took 0.152 seconds
[2025-11-13T10:56:49.594+0530] {processor.py:161} INFO - Started process (PID=23789) to work on /home/logi/txtai/venv/lib/python3.10/site-packages/airflow/example_dags/example_latest_only.py
[2025-11-13T10:56:49.596+0530] {processor.py:830} INFO - Processing file /home/logi/txtai/venv/lib/python3.10/site-packages/airflow/example_dags/example_latest_only.py for tasks to queue
[2025-11-13T10:56:49.599+0530] {logging_mixin.py:188} INFO - [2025-11-13T10:56:49.598+0530] {dagbag.py:545} INFO - Filling up the DagBag from /home/logi/txtai/venv/lib/python3.10/site-packages/airflow/example_dags/example_latest_only.py
[2025-11-13T10:56:49.607+0530] {processor.py:840} INFO - DAG(s) 'latest_only' retrieved from /home/logi/txtai/venv/lib/python3.10/site-packages/airflow/example_dags/example_latest_only.py
[2025-11-13T10:56:49.664+0530] {logging_mixin.py:188} INFO - [2025-11-13T10:56:49.664+0530] {dag.py:3089} INFO - Sync 1 DAGs
[2025-11-13T10:56:49.703+0530] {logging_mixin.py:188} INFO - [2025-11-13T10:56:49.703+0530] {dag.py:3947} INFO - Setting next_dagrun for latest_only to 2025-11-13 00:00:00+00:00, run_after=2025-11-13 04:00:00+00:00
[2025-11-13T10:56:49.743+0530] {processor.py:183} INFO - Processing /home/logi/txtai/venv/lib/python3.10/site-packages/airflow/example_dags/example_latest_only.py took 0.160 seconds
[2025-11-13T10:57:20.007+0530] {processor.py:161} INFO - Started process (PID=23933) to work on /home/logi/txtai/venv/lib/python3.10/site-packages/airflow/example_dags/example_latest_only.py
[2025-11-13T10:57:20.009+0530] {processor.py:830} INFO - Processing file /home/logi/txtai/venv/lib/python3.10/site-packages/airflow/example_dags/example_latest_only.py for tasks to queue
[2025-11-13T10:57:20.011+0530] {logging_mixin.py:188} INFO - [2025-11-13T10:57:20.011+0530] {dagbag.py:545} INFO - Filling up the DagBag from /home/logi/txtai/venv/lib/python3.10/site-packages/airflow/example_dags/example_latest_only.py
[2025-11-13T10:57:20.019+0530] {processor.py:840} INFO - DAG(s) 'latest_only' retrieved from /home/logi/txtai/venv/lib/python3.10/site-packages/airflow/example_dags/example_latest_only.py
[2025-11-13T10:57:20.061+0530] {logging_mixin.py:188} INFO - [2025-11-13T10:57:20.060+0530] {dag.py:3089} INFO - Sync 1 DAGs
[2025-11-13T10:57:20.081+0530] {logging_mixin.py:188} INFO - [2025-11-13T10:57:20.080+0530] {dag.py:3947} INFO - Setting next_dagrun for latest_only to 2025-11-13 00:00:00+00:00, run_after=2025-11-13 04:00:00+00:00
[2025-11-13T10:57:20.099+0530] {processor.py:183} INFO - Processing /home/logi/txtai/venv/lib/python3.10/site-packages/airflow/example_dags/example_latest_only.py took 0.102 seconds
[2025-11-13T10:57:51.542+0530] {processor.py:161} INFO - Started process (PID=24075) to work on /home/logi/txtai/venv/lib/python3.10/site-packages/airflow/example_dags/example_latest_only.py
[2025-11-13T10:57:51.544+0530] {processor.py:830} INFO - Processing file /home/logi/txtai/venv/lib/python3.10/site-packages/airflow/example_dags/example_latest_only.py for tasks to queue
[2025-11-13T10:57:51.546+0530] {logging_mixin.py:188} INFO - [2025-11-13T10:57:51.546+0530] {dagbag.py:545} INFO - Filling up the DagBag from /home/logi/txtai/venv/lib/python3.10/site-packages/airflow/example_dags/example_latest_only.py
[2025-11-13T10:57:51.554+0530] {processor.py:840} INFO - DAG(s) 'latest_only' retrieved from /home/logi/txtai/venv/lib/python3.10/site-packages/airflow/example_dags/example_latest_only.py
[2025-11-13T10:57:51.610+0530] {logging_mixin.py:188} INFO - [2025-11-13T10:57:51.609+0530] {dag.py:3089} INFO - Sync 1 DAGs
[2025-11-13T10:57:51.653+0530] {logging_mixin.py:188} INFO - [2025-11-13T10:57:51.652+0530] {dag.py:3947} INFO - Setting next_dagrun for latest_only to 2025-11-13 00:00:00+00:00, run_after=2025-11-13 04:00:00+00:00
[2025-11-13T10:57:51.686+0530] {processor.py:183} INFO - Processing /home/logi/txtai/venv/lib/python3.10/site-packages/airflow/example_dags/example_latest_only.py took 0.155 seconds
[2025-11-13T10:58:22.738+0530] {processor.py:161} INFO - Started process (PID=24218) to work on /home/logi/txtai/venv/lib/python3.10/site-packages/airflow/example_dags/example_latest_only.py
[2025-11-13T10:58:22.740+0530] {processor.py:830} INFO - Processing file /home/logi/txtai/venv/lib/python3.10/site-packages/airflow/example_dags/example_latest_only.py for tasks to queue
[2025-11-13T10:58:22.742+0530] {logging_mixin.py:188} INFO - [2025-11-13T10:58:22.742+0530] {dagbag.py:545} INFO - Filling up the DagBag from /home/logi/txtai/venv/lib/python3.10/site-packages/airflow/example_dags/example_latest_only.py
[2025-11-13T10:58:22.750+0530] {processor.py:840} INFO - DAG(s) 'latest_only' retrieved from /home/logi/txtai/venv/lib/python3.10/site-packages/airflow/example_dags/example_latest_only.py
[2025-11-13T10:58:22.806+0530] {logging_mixin.py:188} INFO - [2025-11-13T10:58:22.806+0530] {dag.py:3089} INFO - Sync 1 DAGs
[2025-11-13T10:58:22.846+0530] {logging_mixin.py:188} INFO - [2025-11-13T10:58:22.845+0530] {dag.py:3947} INFO - Setting next_dagrun for latest_only to 2025-11-13 00:00:00+00:00, run_after=2025-11-13 04:00:00+00:00
[2025-11-13T10:58:22.880+0530] {processor.py:183} INFO - Processing /home/logi/txtai/venv/lib/python3.10/site-packages/airflow/example_dags/example_latest_only.py took 0.153 seconds
[2025-11-13T10:58:54.516+0530] {processor.py:161} INFO - Started process (PID=24359) to work on /home/logi/txtai/venv/lib/python3.10/site-packages/airflow/example_dags/example_latest_only.py
[2025-11-13T10:58:54.521+0530] {processor.py:830} INFO - Processing file /home/logi/txtai/venv/lib/python3.10/site-packages/airflow/example_dags/example_latest_only.py for tasks to queue
[2025-11-13T10:58:54.527+0530] {logging_mixin.py:188} INFO - [2025-11-13T10:58:54.526+0530] {dagbag.py:545} INFO - Filling up the DagBag from /home/logi/txtai/venv/lib/python3.10/site-packages/airflow/example_dags/example_latest_only.py
[2025-11-13T10:58:54.539+0530] {processor.py:840} INFO - DAG(s) 'latest_only' retrieved from /home/logi/txtai/venv/lib/python3.10/site-packages/airflow/example_dags/example_latest_only.py
[2025-11-13T10:58:54.569+0530] {logging_mixin.py:188} INFO - [2025-11-13T10:58:54.569+0530] {dag.py:3089} INFO - Sync 1 DAGs
[2025-11-13T10:58:54.596+0530] {logging_mixin.py:188} INFO - [2025-11-13T10:58:54.596+0530] {dag.py:3947} INFO - Setting next_dagrun for latest_only to 2025-11-13 00:00:00+00:00, run_after=2025-11-13 04:00:00+00:00
[2025-11-13T10:58:54.616+0530] {processor.py:183} INFO - Processing /home/logi/txtai/venv/lib/python3.10/site-packages/airflow/example_dags/example_latest_only.py took 0.113 seconds
[2025-11-13T10:59:25.581+0530] {processor.py:161} INFO - Started process (PID=24562) to work on /home/logi/txtai/venv/lib/python3.10/site-packages/airflow/example_dags/example_latest_only.py
[2025-11-13T10:59:25.583+0530] {processor.py:830} INFO - Processing file /home/logi/txtai/venv/lib/python3.10/site-packages/airflow/example_dags/example_latest_only.py for tasks to queue
[2025-11-13T10:59:25.586+0530] {logging_mixin.py:188} INFO - [2025-11-13T10:59:25.585+0530] {dagbag.py:545} INFO - Filling up the DagBag from /home/logi/txtai/venv/lib/python3.10/site-packages/airflow/example_dags/example_latest_only.py
[2025-11-13T10:59:25.594+0530] {processor.py:840} INFO - DAG(s) 'latest_only' retrieved from /home/logi/txtai/venv/lib/python3.10/site-packages/airflow/example_dags/example_latest_only.py
[2025-11-13T10:59:25.651+0530] {logging_mixin.py:188} INFO - [2025-11-13T10:59:25.651+0530] {dag.py:3089} INFO - Sync 1 DAGs
[2025-11-13T10:59:25.692+0530] {logging_mixin.py:188} INFO - [2025-11-13T10:59:25.691+0530] {dag.py:3947} INFO - Setting next_dagrun for latest_only to 2025-11-13 00:00:00+00:00, run_after=2025-11-13 04:00:00+00:00
[2025-11-13T10:59:25.727+0530] {processor.py:183} INFO - Processing /home/logi/txtai/venv/lib/python3.10/site-packages/airflow/example_dags/example_latest_only.py took 0.157 seconds
[2025-11-13T10:59:56.724+0530] {processor.py:161} INFO - Started process (PID=24734) to work on /home/logi/txtai/venv/lib/python3.10/site-packages/airflow/example_dags/example_latest_only.py
[2025-11-13T10:59:56.725+0530] {processor.py:830} INFO - Processing file /home/logi/txtai/venv/lib/python3.10/site-packages/airflow/example_dags/example_latest_only.py for tasks to queue
[2025-11-13T10:59:56.726+0530] {logging_mixin.py:188} INFO - [2025-11-13T10:59:56.726+0530] {dagbag.py:545} INFO - Filling up the DagBag from /home/logi/txtai/venv/lib/python3.10/site-packages/airflow/example_dags/example_latest_only.py
[2025-11-13T10:59:56.731+0530] {processor.py:840} INFO - DAG(s) 'latest_only' retrieved from /home/logi/txtai/venv/lib/python3.10/site-packages/airflow/example_dags/example_latest_only.py
[2025-11-13T10:59:56.773+0530] {logging_mixin.py:188} INFO - [2025-11-13T10:59:56.773+0530] {dag.py:3089} INFO - Sync 1 DAGs
[2025-11-13T10:59:56.808+0530] {logging_mixin.py:188} INFO - [2025-11-13T10:59:56.808+0530] {dag.py:3947} INFO - Setting next_dagrun for latest_only to 2025-11-13 00:00:00+00:00, run_after=2025-11-13 04:00:00+00:00
[2025-11-13T10:59:56.840+0530] {processor.py:183} INFO - Processing /home/logi/txtai/venv/lib/python3.10/site-packages/airflow/example_dags/example_latest_only.py took 0.122 seconds
[2025-11-13T11:00:27.398+0530] {processor.py:161} INFO - Started process (PID=25218) to work on /home/logi/txtai/venv/lib/python3.10/site-packages/airflow/example_dags/example_latest_only.py
[2025-11-13T11:00:27.400+0530] {processor.py:830} INFO - Processing file /home/logi/txtai/venv/lib/python3.10/site-packages/airflow/example_dags/example_latest_only.py for tasks to queue
[2025-11-13T11:00:27.402+0530] {logging_mixin.py:188} INFO - [2025-11-13T11:00:27.402+0530] {dagbag.py:545} INFO - Filling up the DagBag from /home/logi/txtai/venv/lib/python3.10/site-packages/airflow/example_dags/example_latest_only.py
[2025-11-13T11:00:27.409+0530] {processor.py:840} INFO - DAG(s) 'latest_only' retrieved from /home/logi/txtai/venv/lib/python3.10/site-packages/airflow/example_dags/example_latest_only.py
[2025-11-13T11:00:27.444+0530] {logging_mixin.py:188} INFO - [2025-11-13T11:00:27.443+0530] {dag.py:3089} INFO - Sync 1 DAGs
[2025-11-13T11:00:27.463+0530] {logging_mixin.py:188} INFO - [2025-11-13T11:00:27.463+0530] {dag.py:3947} INFO - Setting next_dagrun for latest_only to 2025-11-13 00:00:00+00:00, run_after=2025-11-13 04:00:00+00:00
[2025-11-13T11:00:27.490+0530] {processor.py:183} INFO - Processing /home/logi/txtai/venv/lib/python3.10/site-packages/airflow/example_dags/example_latest_only.py took 0.103 seconds
[2025-11-13T11:00:59.077+0530] {processor.py:161} INFO - Started process (PID=25608) to work on /home/logi/txtai/venv/lib/python3.10/site-packages/airflow/example_dags/example_latest_only.py
[2025-11-13T11:00:59.079+0530] {processor.py:830} INFO - Processing file /home/logi/txtai/venv/lib/python3.10/site-packages/airflow/example_dags/example_latest_only.py for tasks to queue
[2025-11-13T11:00:59.083+0530] {logging_mixin.py:188} INFO - [2025-11-13T11:00:59.082+0530] {dagbag.py:545} INFO - Filling up the DagBag from /home/logi/txtai/venv/lib/python3.10/site-packages/airflow/example_dags/example_latest_only.py
[2025-11-13T11:00:59.090+0530] {processor.py:840} INFO - DAG(s) 'latest_only' retrieved from /home/logi/txtai/venv/lib/python3.10/site-packages/airflow/example_dags/example_latest_only.py
[2025-11-13T11:00:59.137+0530] {logging_mixin.py:188} INFO - [2025-11-13T11:00:59.136+0530] {dag.py:3089} INFO - Sync 1 DAGs
[2025-11-13T11:00:59.182+0530] {logging_mixin.py:188} INFO - [2025-11-13T11:00:59.181+0530] {dag.py:3947} INFO - Setting next_dagrun for latest_only to 2025-11-13 00:00:00+00:00, run_after=2025-11-13 04:00:00+00:00
[2025-11-13T11:00:59.218+0530] {processor.py:183} INFO - Processing /home/logi/txtai/venv/lib/python3.10/site-packages/airflow/example_dags/example_latest_only.py took 0.152 seconds
[2025-11-13T11:01:30.662+0530] {processor.py:161} INFO - Started process (PID=25750) to work on /home/logi/txtai/venv/lib/python3.10/site-packages/airflow/example_dags/example_latest_only.py
[2025-11-13T11:01:30.664+0530] {processor.py:830} INFO - Processing file /home/logi/txtai/venv/lib/python3.10/site-packages/airflow/example_dags/example_latest_only.py for tasks to queue
[2025-11-13T11:01:30.666+0530] {logging_mixin.py:188} INFO - [2025-11-13T11:01:30.666+0530] {dagbag.py:545} INFO - Filling up the DagBag from /home/logi/txtai/venv/lib/python3.10/site-packages/airflow/example_dags/example_latest_only.py
[2025-11-13T11:01:30.674+0530] {processor.py:840} INFO - DAG(s) 'latest_only' retrieved from /home/logi/txtai/venv/lib/python3.10/site-packages/airflow/example_dags/example_latest_only.py
[2025-11-13T11:01:30.729+0530] {logging_mixin.py:188} INFO - [2025-11-13T11:01:30.729+0530] {dag.py:3089} INFO - Sync 1 DAGs
[2025-11-13T11:01:30.768+0530] {logging_mixin.py:188} INFO - [2025-11-13T11:01:30.767+0530] {dag.py:3947} INFO - Setting next_dagrun for latest_only to 2025-11-13 00:00:00+00:00, run_after=2025-11-13 04:00:00+00:00
[2025-11-13T11:01:30.813+0530] {processor.py:183} INFO - Processing /home/logi/txtai/venv/lib/python3.10/site-packages/airflow/example_dags/example_latest_only.py took 0.162 seconds
[2025-11-13T11:02:01.428+0530] {processor.py:161} INFO - Started process (PID=25905) to work on /home/logi/txtai/venv/lib/python3.10/site-packages/airflow/example_dags/example_latest_only.py
[2025-11-13T11:02:01.430+0530] {processor.py:830} INFO - Processing file /home/logi/txtai/venv/lib/python3.10/site-packages/airflow/example_dags/example_latest_only.py for tasks to queue
[2025-11-13T11:02:01.433+0530] {logging_mixin.py:188} INFO - [2025-11-13T11:02:01.433+0530] {dagbag.py:545} INFO - Filling up the DagBag from /home/logi/txtai/venv/lib/python3.10/site-packages/airflow/example_dags/example_latest_only.py
[2025-11-13T11:02:01.443+0530] {processor.py:840} INFO - DAG(s) 'latest_only' retrieved from /home/logi/txtai/venv/lib/python3.10/site-packages/airflow/example_dags/example_latest_only.py
[2025-11-13T11:02:01.502+0530] {logging_mixin.py:188} INFO - [2025-11-13T11:02:01.501+0530] {dag.py:3089} INFO - Sync 1 DAGs
[2025-11-13T11:02:01.543+0530] {logging_mixin.py:188} INFO - [2025-11-13T11:02:01.543+0530] {dag.py:3947} INFO - Setting next_dagrun for latest_only to 2025-11-13 00:00:00+00:00, run_after=2025-11-13 04:00:00+00:00
[2025-11-13T11:02:01.582+0530] {processor.py:183} INFO - Processing /home/logi/txtai/venv/lib/python3.10/site-packages/airflow/example_dags/example_latest_only.py took 0.167 seconds
[2025-11-13T11:02:31.683+0530] {processor.py:161} INFO - Started process (PID=26093) to work on /home/logi/txtai/venv/lib/python3.10/site-packages/airflow/example_dags/example_latest_only.py
[2025-11-13T11:02:31.684+0530] {processor.py:830} INFO - Processing file /home/logi/txtai/venv/lib/python3.10/site-packages/airflow/example_dags/example_latest_only.py for tasks to queue
[2025-11-13T11:02:31.685+0530] {logging_mixin.py:188} INFO - [2025-11-13T11:02:31.685+0530] {dagbag.py:545} INFO - Filling up the DagBag from /home/logi/txtai/venv/lib/python3.10/site-packages/airflow/example_dags/example_latest_only.py
[2025-11-13T11:02:31.690+0530] {processor.py:840} INFO - DAG(s) 'latest_only' retrieved from /home/logi/txtai/venv/lib/python3.10/site-packages/airflow/example_dags/example_latest_only.py
[2025-11-13T11:02:31.731+0530] {logging_mixin.py:188} INFO - [2025-11-13T11:02:31.731+0530] {dag.py:3089} INFO - Sync 1 DAGs
[2025-11-13T11:02:31.765+0530] {logging_mixin.py:188} INFO - [2025-11-13T11:02:31.765+0530] {dag.py:3947} INFO - Setting next_dagrun for latest_only to 2025-11-13 00:00:00+00:00, run_after=2025-11-13 04:00:00+00:00
[2025-11-13T11:02:31.798+0530] {processor.py:183} INFO - Processing /home/logi/txtai/venv/lib/python3.10/site-packages/airflow/example_dags/example_latest_only.py took 0.121 seconds
[2025-11-13T11:03:02.724+0530] {processor.py:161} INFO - Started process (PID=26239) to work on /home/logi/txtai/venv/lib/python3.10/site-packages/airflow/example_dags/example_latest_only.py
[2025-11-13T11:03:02.726+0530] {processor.py:830} INFO - Processing file /home/logi/txtai/venv/lib/python3.10/site-packages/airflow/example_dags/example_latest_only.py for tasks to queue
[2025-11-13T11:03:02.729+0530] {logging_mixin.py:188} INFO - [2025-11-13T11:03:02.728+0530] {dagbag.py:545} INFO - Filling up the DagBag from /home/logi/txtai/venv/lib/python3.10/site-packages/airflow/example_dags/example_latest_only.py
[2025-11-13T11:03:02.737+0530] {processor.py:840} INFO - DAG(s) 'latest_only' retrieved from /home/logi/txtai/venv/lib/python3.10/site-packages/airflow/example_dags/example_latest_only.py
[2025-11-13T11:03:02.791+0530] {logging_mixin.py:188} INFO - [2025-11-13T11:03:02.790+0530] {dag.py:3089} INFO - Sync 1 DAGs
[2025-11-13T11:03:02.833+0530] {logging_mixin.py:188} INFO - [2025-11-13T11:03:02.832+0530] {dag.py:3947} INFO - Setting next_dagrun for latest_only to 2025-11-13 00:00:00+00:00, run_after=2025-11-13 04:00:00+00:00
[2025-11-13T11:03:02.874+0530] {processor.py:183} INFO - Processing /home/logi/txtai/venv/lib/python3.10/site-packages/airflow/example_dags/example_latest_only.py took 0.161 seconds
[2025-11-13T11:03:33.700+0530] {processor.py:161} INFO - Started process (PID=26383) to work on /home/logi/txtai/venv/lib/python3.10/site-packages/airflow/example_dags/example_latest_only.py
[2025-11-13T11:03:33.702+0530] {processor.py:830} INFO - Processing file /home/logi/txtai/venv/lib/python3.10/site-packages/airflow/example_dags/example_latest_only.py for tasks to queue
[2025-11-13T11:03:33.704+0530] {logging_mixin.py:188} INFO - [2025-11-13T11:03:33.704+0530] {dagbag.py:545} INFO - Filling up the DagBag from /home/logi/txtai/venv/lib/python3.10/site-packages/airflow/example_dags/example_latest_only.py
[2025-11-13T11:03:33.712+0530] {processor.py:840} INFO - DAG(s) 'latest_only' retrieved from /home/logi/txtai/venv/lib/python3.10/site-packages/airflow/example_dags/example_latest_only.py
[2025-11-13T11:03:33.767+0530] {logging_mixin.py:188} INFO - [2025-11-13T11:03:33.766+0530] {dag.py:3089} INFO - Sync 1 DAGs
[2025-11-13T11:03:33.805+0530] {logging_mixin.py:188} INFO - [2025-11-13T11:03:33.805+0530] {dag.py:3947} INFO - Setting next_dagrun for latest_only to 2025-11-13 00:00:00+00:00, run_after=2025-11-13 04:00:00+00:00
[2025-11-13T11:03:33.843+0530] {processor.py:183} INFO - Processing /home/logi/txtai/venv/lib/python3.10/site-packages/airflow/example_dags/example_latest_only.py took 0.156 seconds
[2025-11-13T11:04:04.471+0530] {processor.py:161} INFO - Started process (PID=26524) to work on /home/logi/txtai/venv/lib/python3.10/site-packages/airflow/example_dags/example_latest_only.py
[2025-11-13T11:04:04.472+0530] {processor.py:830} INFO - Processing file /home/logi/txtai/venv/lib/python3.10/site-packages/airflow/example_dags/example_latest_only.py for tasks to queue
[2025-11-13T11:04:04.475+0530] {logging_mixin.py:188} INFO - [2025-11-13T11:04:04.474+0530] {dagbag.py:545} INFO - Filling up the DagBag from /home/logi/txtai/venv/lib/python3.10/site-packages/airflow/example_dags/example_latest_only.py
[2025-11-13T11:04:04.483+0530] {processor.py:840} INFO - DAG(s) 'latest_only' retrieved from /home/logi/txtai/venv/lib/python3.10/site-packages/airflow/example_dags/example_latest_only.py
[2025-11-13T11:04:04.538+0530] {logging_mixin.py:188} INFO - [2025-11-13T11:04:04.538+0530] {dag.py:3089} INFO - Sync 1 DAGs
[2025-11-13T11:04:04.578+0530] {logging_mixin.py:188} INFO - [2025-11-13T11:04:04.577+0530] {dag.py:3947} INFO - Setting next_dagrun for latest_only to 2025-11-13 00:00:00+00:00, run_after=2025-11-13 04:00:00+00:00
[2025-11-13T11:04:04.624+0530] {processor.py:183} INFO - Processing /home/logi/txtai/venv/lib/python3.10/site-packages/airflow/example_dags/example_latest_only.py took 0.164 seconds
[2025-11-13T11:04:35.213+0530] {processor.py:161} INFO - Started process (PID=26668) to work on /home/logi/txtai/venv/lib/python3.10/site-packages/airflow/example_dags/example_latest_only.py
[2025-11-13T11:04:35.214+0530] {processor.py:830} INFO - Processing file /home/logi/txtai/venv/lib/python3.10/site-packages/airflow/example_dags/example_latest_only.py for tasks to queue
[2025-11-13T11:04:35.217+0530] {logging_mixin.py:188} INFO - [2025-11-13T11:04:35.217+0530] {dagbag.py:545} INFO - Filling up the DagBag from /home/logi/txtai/venv/lib/python3.10/site-packages/airflow/example_dags/example_latest_only.py
[2025-11-13T11:04:35.226+0530] {processor.py:840} INFO - DAG(s) 'latest_only' retrieved from /home/logi/txtai/venv/lib/python3.10/site-packages/airflow/example_dags/example_latest_only.py
[2025-11-13T11:04:35.275+0530] {logging_mixin.py:188} INFO - [2025-11-13T11:04:35.274+0530] {dag.py:3089} INFO - Sync 1 DAGs
[2025-11-13T11:04:35.316+0530] {logging_mixin.py:188} INFO - [2025-11-13T11:04:35.316+0530] {dag.py:3947} INFO - Setting next_dagrun for latest_only to 2025-11-13 00:00:00+00:00, run_after=2025-11-13 04:00:00+00:00
[2025-11-13T11:04:35.362+0530] {processor.py:183} INFO - Processing /home/logi/txtai/venv/lib/python3.10/site-packages/airflow/example_dags/example_latest_only.py took 0.156 seconds
[2025-11-13T11:05:06.046+0530] {processor.py:161} INFO - Started process (PID=26812) to work on /home/logi/txtai/venv/lib/python3.10/site-packages/airflow/example_dags/example_latest_only.py
[2025-11-13T11:05:06.047+0530] {processor.py:830} INFO - Processing file /home/logi/txtai/venv/lib/python3.10/site-packages/airflow/example_dags/example_latest_only.py for tasks to queue
[2025-11-13T11:05:06.050+0530] {logging_mixin.py:188} INFO - [2025-11-13T11:05:06.050+0530] {dagbag.py:545} INFO - Filling up the DagBag from /home/logi/txtai/venv/lib/python3.10/site-packages/airflow/example_dags/example_latest_only.py
[2025-11-13T11:05:06.056+0530] {processor.py:840} INFO - DAG(s) 'latest_only' retrieved from /home/logi/txtai/venv/lib/python3.10/site-packages/airflow/example_dags/example_latest_only.py
[2025-11-13T11:05:06.100+0530] {logging_mixin.py:188} INFO - [2025-11-13T11:05:06.099+0530] {dag.py:3089} INFO - Sync 1 DAGs
[2025-11-13T11:05:06.135+0530] {logging_mixin.py:188} INFO - [2025-11-13T11:05:06.134+0530] {dag.py:3947} INFO - Setting next_dagrun for latest_only to 2025-11-13 00:00:00+00:00, run_after=2025-11-13 04:00:00+00:00
[2025-11-13T11:05:06.180+0530] {processor.py:183} INFO - Processing /home/logi/txtai/venv/lib/python3.10/site-packages/airflow/example_dags/example_latest_only.py took 0.146 seconds
[2025-11-13T17:54:03.972+0530] {processor.py:161} INFO - Started process (PID=31068) to work on /home/logi/txtai/venv/lib/python3.10/site-packages/airflow/example_dags/example_latest_only.py
[2025-11-13T17:54:03.975+0530] {processor.py:830} INFO - Processing file /home/logi/txtai/venv/lib/python3.10/site-packages/airflow/example_dags/example_latest_only.py for tasks to queue
[2025-11-13T17:54:03.977+0530] {logging_mixin.py:188} INFO - [2025-11-13T17:54:03.976+0530] {dagbag.py:545} INFO - Filling up the DagBag from /home/logi/txtai/venv/lib/python3.10/site-packages/airflow/example_dags/example_latest_only.py
[2025-11-13T17:54:03.998+0530] {processor.py:840} INFO - DAG(s) 'latest_only' retrieved from /home/logi/txtai/venv/lib/python3.10/site-packages/airflow/example_dags/example_latest_only.py
[2025-11-13T17:54:04.082+0530] {logging_mixin.py:188} INFO - [2025-11-13T17:54:04.081+0530] {dag.py:3089} INFO - Sync 1 DAGs
[2025-11-13T17:54:04.138+0530] {logging_mixin.py:188} INFO - [2025-11-13T17:54:04.138+0530] {dag.py:3947} INFO - Setting next_dagrun for latest_only to 2025-11-13 08:00:00+00:00, run_after=2025-11-13 12:00:00+00:00
[2025-11-13T17:54:04.204+0530] {processor.py:183} INFO - Processing /home/logi/txtai/venv/lib/python3.10/site-packages/airflow/example_dags/example_latest_only.py took 0.256 seconds
[2025-11-13T17:56:11.049+0530] {processor.py:161} INFO - Started process (PID=32369) to work on /home/logi/txtai/venv/lib/python3.10/site-packages/airflow/example_dags/example_latest_only.py
[2025-11-13T17:56:11.050+0530] {processor.py:830} INFO - Processing file /home/logi/txtai/venv/lib/python3.10/site-packages/airflow/example_dags/example_latest_only.py for tasks to queue
[2025-11-13T17:56:11.053+0530] {logging_mixin.py:188} INFO - [2025-11-13T17:56:11.052+0530] {dagbag.py:545} INFO - Filling up the DagBag from /home/logi/txtai/venv/lib/python3.10/site-packages/airflow/example_dags/example_latest_only.py
[2025-11-13T17:56:11.060+0530] {processor.py:840} INFO - DAG(s) 'latest_only' retrieved from /home/logi/txtai/venv/lib/python3.10/site-packages/airflow/example_dags/example_latest_only.py
[2025-11-13T17:56:11.093+0530] {logging_mixin.py:188} INFO - [2025-11-13T17:56:11.092+0530] {dag.py:3089} INFO - Sync 1 DAGs
[2025-11-13T17:56:11.114+0530] {logging_mixin.py:188} INFO - [2025-11-13T17:56:11.114+0530] {dag.py:3947} INFO - Setting next_dagrun for latest_only to 2025-11-13 08:00:00+00:00, run_after=2025-11-13 12:00:00+00:00
[2025-11-13T17:56:11.136+0530] {processor.py:183} INFO - Processing /home/logi/txtai/venv/lib/python3.10/site-packages/airflow/example_dags/example_latest_only.py took 0.099 seconds
[2025-11-13T17:56:42.383+0530] {processor.py:161} INFO - Started process (PID=33035) to work on /home/logi/txtai/venv/lib/python3.10/site-packages/airflow/example_dags/example_latest_only.py
[2025-11-13T17:56:42.384+0530] {processor.py:830} INFO - Processing file /home/logi/txtai/venv/lib/python3.10/site-packages/airflow/example_dags/example_latest_only.py for tasks to queue
[2025-11-13T17:56:42.385+0530] {logging_mixin.py:188} INFO - [2025-11-13T17:56:42.385+0530] {dagbag.py:545} INFO - Filling up the DagBag from /home/logi/txtai/venv/lib/python3.10/site-packages/airflow/example_dags/example_latest_only.py
[2025-11-13T17:56:42.391+0530] {processor.py:840} INFO - DAG(s) 'latest_only' retrieved from /home/logi/txtai/venv/lib/python3.10/site-packages/airflow/example_dags/example_latest_only.py
[2025-11-13T17:56:42.436+0530] {logging_mixin.py:188} INFO - [2025-11-13T17:56:42.436+0530] {dag.py:3089} INFO - Sync 1 DAGs
[2025-11-13T17:56:42.471+0530] {logging_mixin.py:188} INFO - [2025-11-13T17:56:42.471+0530] {dag.py:3947} INFO - Setting next_dagrun for latest_only to 2025-11-13 08:00:00+00:00, run_after=2025-11-13 12:00:00+00:00
[2025-11-13T17:56:42.522+0530] {processor.py:183} INFO - Processing /home/logi/txtai/venv/lib/python3.10/site-packages/airflow/example_dags/example_latest_only.py took 0.146 seconds
[2025-11-13T17:57:12.760+0530] {processor.py:161} INFO - Started process (PID=33776) to work on /home/logi/txtai/venv/lib/python3.10/site-packages/airflow/example_dags/example_latest_only.py
[2025-11-13T17:57:12.761+0530] {processor.py:830} INFO - Processing file /home/logi/txtai/venv/lib/python3.10/site-packages/airflow/example_dags/example_latest_only.py for tasks to queue
[2025-11-13T17:57:12.764+0530] {logging_mixin.py:188} INFO - [2025-11-13T17:57:12.763+0530] {dagbag.py:545} INFO - Filling up the DagBag from /home/logi/txtai/venv/lib/python3.10/site-packages/airflow/example_dags/example_latest_only.py
[2025-11-13T17:57:12.771+0530] {processor.py:840} INFO - DAG(s) 'latest_only' retrieved from /home/logi/txtai/venv/lib/python3.10/site-packages/airflow/example_dags/example_latest_only.py
[2025-11-13T17:57:12.810+0530] {logging_mixin.py:188} INFO - [2025-11-13T17:57:12.809+0530] {dag.py:3089} INFO - Sync 1 DAGs
[2025-11-13T17:57:12.841+0530] {logging_mixin.py:188} INFO - [2025-11-13T17:57:12.841+0530] {dag.py:3947} INFO - Setting next_dagrun for latest_only to 2025-11-13 08:00:00+00:00, run_after=2025-11-13 12:00:00+00:00
[2025-11-13T17:57:12.863+0530] {processor.py:183} INFO - Processing /home/logi/txtai/venv/lib/python3.10/site-packages/airflow/example_dags/example_latest_only.py took 0.111 seconds
[2025-11-13T17:57:43.768+0530] {processor.py:161} INFO - Started process (PID=34185) to work on /home/logi/txtai/venv/lib/python3.10/site-packages/airflow/example_dags/example_latest_only.py
[2025-11-13T17:57:43.769+0530] {processor.py:830} INFO - Processing file /home/logi/txtai/venv/lib/python3.10/site-packages/airflow/example_dags/example_latest_only.py for tasks to queue
[2025-11-13T17:57:43.771+0530] {logging_mixin.py:188} INFO - [2025-11-13T17:57:43.771+0530] {dagbag.py:545} INFO - Filling up the DagBag from /home/logi/txtai/venv/lib/python3.10/site-packages/airflow/example_dags/example_latest_only.py
[2025-11-13T17:57:43.776+0530] {processor.py:840} INFO - DAG(s) 'latest_only' retrieved from /home/logi/txtai/venv/lib/python3.10/site-packages/airflow/example_dags/example_latest_only.py
[2025-11-13T17:57:43.807+0530] {logging_mixin.py:188} INFO - [2025-11-13T17:57:43.807+0530] {dag.py:3089} INFO - Sync 1 DAGs
[2025-11-13T17:57:43.832+0530] {logging_mixin.py:188} INFO - [2025-11-13T17:57:43.831+0530] {dag.py:3947} INFO - Setting next_dagrun for latest_only to 2025-11-13 08:00:00+00:00, run_after=2025-11-13 12:00:00+00:00
[2025-11-13T17:57:43.851+0530] {processor.py:183} INFO - Processing /home/logi/txtai/venv/lib/python3.10/site-packages/airflow/example_dags/example_latest_only.py took 0.089 seconds
[2025-11-13T17:58:15.927+0530] {processor.py:161} INFO - Started process (PID=34817) to work on /home/logi/txtai/venv/lib/python3.10/site-packages/airflow/example_dags/example_latest_only.py
[2025-11-13T17:58:15.932+0530] {processor.py:830} INFO - Processing file /home/logi/txtai/venv/lib/python3.10/site-packages/airflow/example_dags/example_latest_only.py for tasks to queue
[2025-11-13T17:58:15.942+0530] {logging_mixin.py:188} INFO - [2025-11-13T17:58:15.939+0530] {dagbag.py:545} INFO - Filling up the DagBag from /home/logi/txtai/venv/lib/python3.10/site-packages/airflow/example_dags/example_latest_only.py
[2025-11-13T17:58:15.966+0530] {processor.py:840} INFO - DAG(s) 'latest_only' retrieved from /home/logi/txtai/venv/lib/python3.10/site-packages/airflow/example_dags/example_latest_only.py
[2025-11-13T17:58:16.084+0530] {logging_mixin.py:188} INFO - [2025-11-13T17:58:16.082+0530] {dag.py:3089} INFO - Sync 1 DAGs
[2025-11-13T17:58:16.166+0530] {logging_mixin.py:188} INFO - [2025-11-13T17:58:16.165+0530] {dag.py:3947} INFO - Setting next_dagrun for latest_only to 2025-11-13 08:00:00+00:00, run_after=2025-11-13 12:00:00+00:00
[2025-11-13T17:58:16.241+0530] {processor.py:183} INFO - Processing /home/logi/txtai/venv/lib/python3.10/site-packages/airflow/example_dags/example_latest_only.py took 0.337 seconds
[2025-11-13T23:22:13.545+0530] {processor.py:161} INFO - Started process (PID=5858) to work on /home/logi/txtai/venv/lib/python3.10/site-packages/airflow/example_dags/example_latest_only.py
[2025-11-13T23:22:13.549+0530] {processor.py:830} INFO - Processing file /home/logi/txtai/venv/lib/python3.10/site-packages/airflow/example_dags/example_latest_only.py for tasks to queue
[2025-11-13T23:22:13.555+0530] {logging_mixin.py:188} INFO - [2025-11-13T23:22:13.554+0530] {dagbag.py:545} INFO - Filling up the DagBag from /home/logi/txtai/venv/lib/python3.10/site-packages/airflow/example_dags/example_latest_only.py
[2025-11-13T23:22:13.572+0530] {processor.py:840} INFO - DAG(s) 'latest_only' retrieved from /home/logi/txtai/venv/lib/python3.10/site-packages/airflow/example_dags/example_latest_only.py
[2025-11-13T23:22:13.679+0530] {logging_mixin.py:188} INFO - [2025-11-13T23:22:13.677+0530] {dag.py:3089} INFO - Sync 1 DAGs
[2025-11-13T23:22:13.754+0530] {logging_mixin.py:188} INFO - [2025-11-13T23:22:13.752+0530] {dag.py:3947} INFO - Setting next_dagrun for latest_only to 2025-11-13 12:00:00+00:00, run_after=2025-11-13 16:00:00+00:00
[2025-11-13T23:22:13.831+0530] {processor.py:183} INFO - Processing /home/logi/txtai/venv/lib/python3.10/site-packages/airflow/example_dags/example_latest_only.py took 0.316 seconds
[2025-11-13T23:22:44.274+0530] {processor.py:161} INFO - Started process (PID=6596) to work on /home/logi/txtai/venv/lib/python3.10/site-packages/airflow/example_dags/example_latest_only.py
[2025-11-13T23:22:44.275+0530] {processor.py:830} INFO - Processing file /home/logi/txtai/venv/lib/python3.10/site-packages/airflow/example_dags/example_latest_only.py for tasks to queue
[2025-11-13T23:22:44.277+0530] {logging_mixin.py:188} INFO - [2025-11-13T23:22:44.276+0530] {dagbag.py:545} INFO - Filling up the DagBag from /home/logi/txtai/venv/lib/python3.10/site-packages/airflow/example_dags/example_latest_only.py
[2025-11-13T23:22:44.283+0530] {processor.py:840} INFO - DAG(s) 'latest_only' retrieved from /home/logi/txtai/venv/lib/python3.10/site-packages/airflow/example_dags/example_latest_only.py
[2025-11-13T23:22:44.317+0530] {logging_mixin.py:188} INFO - [2025-11-13T23:22:44.317+0530] {dag.py:3089} INFO - Sync 1 DAGs
[2025-11-13T23:22:44.353+0530] {logging_mixin.py:188} INFO - [2025-11-13T23:22:44.353+0530] {dag.py:3947} INFO - Setting next_dagrun for latest_only to 2025-11-13 12:00:00+00:00, run_after=2025-11-13 16:00:00+00:00
[2025-11-13T23:22:44.384+0530] {processor.py:183} INFO - Processing /home/logi/txtai/venv/lib/python3.10/site-packages/airflow/example_dags/example_latest_only.py took 0.117 seconds
[2025-11-13T23:23:15.588+0530] {processor.py:161} INFO - Started process (PID=7270) to work on /home/logi/txtai/venv/lib/python3.10/site-packages/airflow/example_dags/example_latest_only.py
[2025-11-13T23:23:15.590+0530] {processor.py:830} INFO - Processing file /home/logi/txtai/venv/lib/python3.10/site-packages/airflow/example_dags/example_latest_only.py for tasks to queue
[2025-11-13T23:23:15.592+0530] {logging_mixin.py:188} INFO - [2025-11-13T23:23:15.592+0530] {dagbag.py:545} INFO - Filling up the DagBag from /home/logi/txtai/venv/lib/python3.10/site-packages/airflow/example_dags/example_latest_only.py
[2025-11-13T23:23:15.600+0530] {processor.py:840} INFO - DAG(s) 'latest_only' retrieved from /home/logi/txtai/venv/lib/python3.10/site-packages/airflow/example_dags/example_latest_only.py
[2025-11-13T23:23:15.648+0530] {logging_mixin.py:188} INFO - [2025-11-13T23:23:15.648+0530] {dag.py:3089} INFO - Sync 1 DAGs
[2025-11-13T23:23:15.687+0530] {logging_mixin.py:188} INFO - [2025-11-13T23:23:15.686+0530] {dag.py:3947} INFO - Setting next_dagrun for latest_only to 2025-11-13 12:00:00+00:00, run_after=2025-11-13 16:00:00+00:00
[2025-11-13T23:23:15.718+0530] {processor.py:183} INFO - Processing /home/logi/txtai/venv/lib/python3.10/site-packages/airflow/example_dags/example_latest_only.py took 0.142 seconds
[2025-11-13T23:23:47.783+0530] {processor.py:161} INFO - Started process (PID=7489) to work on /home/logi/txtai/venv/lib/python3.10/site-packages/airflow/example_dags/example_latest_only.py
[2025-11-13T23:23:47.785+0530] {processor.py:830} INFO - Processing file /home/logi/txtai/venv/lib/python3.10/site-packages/airflow/example_dags/example_latest_only.py for tasks to queue
[2025-11-13T23:23:47.787+0530] {logging_mixin.py:188} INFO - [2025-11-13T23:23:47.787+0530] {dagbag.py:545} INFO - Filling up the DagBag from /home/logi/txtai/venv/lib/python3.10/site-packages/airflow/example_dags/example_latest_only.py
[2025-11-13T23:23:47.795+0530] {processor.py:840} INFO - DAG(s) 'latest_only' retrieved from /home/logi/txtai/venv/lib/python3.10/site-packages/airflow/example_dags/example_latest_only.py
[2025-11-13T23:23:47.848+0530] {logging_mixin.py:188} INFO - [2025-11-13T23:23:47.848+0530] {dag.py:3089} INFO - Sync 1 DAGs
[2025-11-13T23:23:47.889+0530] {logging_mixin.py:188} INFO - [2025-11-13T23:23:47.889+0530] {dag.py:3947} INFO - Setting next_dagrun for latest_only to 2025-11-13 12:00:00+00:00, run_after=2025-11-13 16:00:00+00:00
[2025-11-13T23:23:47.927+0530] {processor.py:183} INFO - Processing /home/logi/txtai/venv/lib/python3.10/site-packages/airflow/example_dags/example_latest_only.py took 0.154 seconds
[2025-11-13T23:24:18.564+0530] {processor.py:161} INFO - Started process (PID=7804) to work on /home/logi/txtai/venv/lib/python3.10/site-packages/airflow/example_dags/example_latest_only.py
[2025-11-13T23:24:18.566+0530] {processor.py:830} INFO - Processing file /home/logi/txtai/venv/lib/python3.10/site-packages/airflow/example_dags/example_latest_only.py for tasks to queue
[2025-11-13T23:24:18.569+0530] {logging_mixin.py:188} INFO - [2025-11-13T23:24:18.568+0530] {dagbag.py:545} INFO - Filling up the DagBag from /home/logi/txtai/venv/lib/python3.10/site-packages/airflow/example_dags/example_latest_only.py
[2025-11-13T23:24:18.577+0530] {processor.py:840} INFO - DAG(s) 'latest_only' retrieved from /home/logi/txtai/venv/lib/python3.10/site-packages/airflow/example_dags/example_latest_only.py
[2025-11-13T23:24:18.630+0530] {logging_mixin.py:188} INFO - [2025-11-13T23:24:18.630+0530] {dag.py:3089} INFO - Sync 1 DAGs
[2025-11-13T23:24:18.666+0530] {logging_mixin.py:188} INFO - [2025-11-13T23:24:18.666+0530] {dag.py:3947} INFO - Setting next_dagrun for latest_only to 2025-11-13 12:00:00+00:00, run_after=2025-11-13 16:00:00+00:00
[2025-11-13T23:24:18.697+0530] {processor.py:183} INFO - Processing /home/logi/txtai/venv/lib/python3.10/site-packages/airflow/example_dags/example_latest_only.py took 0.144 seconds
[2025-11-13T23:24:50.082+0530] {processor.py:161} INFO - Started process (PID=8049) to work on /home/logi/txtai/venv/lib/python3.10/site-packages/airflow/example_dags/example_latest_only.py
[2025-11-13T23:24:50.083+0530] {processor.py:830} INFO - Processing file /home/logi/txtai/venv/lib/python3.10/site-packages/airflow/example_dags/example_latest_only.py for tasks to queue
[2025-11-13T23:24:50.085+0530] {logging_mixin.py:188} INFO - [2025-11-13T23:24:50.085+0530] {dagbag.py:545} INFO - Filling up the DagBag from /home/logi/txtai/venv/lib/python3.10/site-packages/airflow/example_dags/example_latest_only.py
[2025-11-13T23:24:50.090+0530] {processor.py:840} INFO - DAG(s) 'latest_only' retrieved from /home/logi/txtai/venv/lib/python3.10/site-packages/airflow/example_dags/example_latest_only.py
[2025-11-13T23:24:50.127+0530] {logging_mixin.py:188} INFO - [2025-11-13T23:24:50.127+0530] {dag.py:3089} INFO - Sync 1 DAGs
[2025-11-13T23:24:50.161+0530] {logging_mixin.py:188} INFO - [2025-11-13T23:24:50.161+0530] {dag.py:3947} INFO - Setting next_dagrun for latest_only to 2025-11-13 12:00:00+00:00, run_after=2025-11-13 16:00:00+00:00
[2025-11-13T23:24:50.196+0530] {processor.py:183} INFO - Processing /home/logi/txtai/venv/lib/python3.10/site-packages/airflow/example_dags/example_latest_only.py took 0.121 seconds
[2025-11-13T23:25:22.402+0530] {processor.py:161} INFO - Started process (PID=8886) to work on /home/logi/txtai/venv/lib/python3.10/site-packages/airflow/example_dags/example_latest_only.py
[2025-11-13T23:25:22.404+0530] {processor.py:830} INFO - Processing file /home/logi/txtai/venv/lib/python3.10/site-packages/airflow/example_dags/example_latest_only.py for tasks to queue
[2025-11-13T23:25:22.406+0530] {logging_mixin.py:188} INFO - [2025-11-13T23:25:22.406+0530] {dagbag.py:545} INFO - Filling up the DagBag from /home/logi/txtai/venv/lib/python3.10/site-packages/airflow/example_dags/example_latest_only.py
[2025-11-13T23:25:22.414+0530] {processor.py:840} INFO - DAG(s) 'latest_only' retrieved from /home/logi/txtai/venv/lib/python3.10/site-packages/airflow/example_dags/example_latest_only.py
[2025-11-13T23:25:22.472+0530] {logging_mixin.py:188} INFO - [2025-11-13T23:25:22.471+0530] {dag.py:3089} INFO - Sync 1 DAGs
[2025-11-13T23:25:22.515+0530] {logging_mixin.py:188} INFO - [2025-11-13T23:25:22.514+0530] {dag.py:3947} INFO - Setting next_dagrun for latest_only to 2025-11-13 12:00:00+00:00, run_after=2025-11-13 16:00:00+00:00
[2025-11-13T23:25:22.551+0530] {processor.py:183} INFO - Processing /home/logi/txtai/venv/lib/python3.10/site-packages/airflow/example_dags/example_latest_only.py took 0.160 seconds
[2025-11-13T23:25:53.538+0530] {processor.py:161} INFO - Started process (PID=9352) to work on /home/logi/txtai/venv/lib/python3.10/site-packages/airflow/example_dags/example_latest_only.py
[2025-11-13T23:25:53.540+0530] {processor.py:830} INFO - Processing file /home/logi/txtai/venv/lib/python3.10/site-packages/airflow/example_dags/example_latest_only.py for tasks to queue
[2025-11-13T23:25:53.543+0530] {logging_mixin.py:188} INFO - [2025-11-13T23:25:53.543+0530] {dagbag.py:545} INFO - Filling up the DagBag from /home/logi/txtai/venv/lib/python3.10/site-packages/airflow/example_dags/example_latest_only.py
[2025-11-13T23:25:53.553+0530] {processor.py:840} INFO - DAG(s) 'latest_only' retrieved from /home/logi/txtai/venv/lib/python3.10/site-packages/airflow/example_dags/example_latest_only.py
[2025-11-13T23:25:53.623+0530] {logging_mixin.py:188} INFO - [2025-11-13T23:25:53.623+0530] {dag.py:3089} INFO - Sync 1 DAGs
[2025-11-13T23:25:53.684+0530] {logging_mixin.py:188} INFO - [2025-11-13T23:25:53.683+0530] {dag.py:3947} INFO - Setting next_dagrun for latest_only to 2025-11-13 12:00:00+00:00, run_after=2025-11-13 16:00:00+00:00
[2025-11-13T23:25:53.719+0530] {processor.py:183} INFO - Processing /home/logi/txtai/venv/lib/python3.10/site-packages/airflow/example_dags/example_latest_only.py took 0.194 seconds
[2025-11-13T23:26:25.271+0530] {processor.py:161} INFO - Started process (PID=9568) to work on /home/logi/txtai/venv/lib/python3.10/site-packages/airflow/example_dags/example_latest_only.py
[2025-11-13T23:26:25.272+0530] {processor.py:830} INFO - Processing file /home/logi/txtai/venv/lib/python3.10/site-packages/airflow/example_dags/example_latest_only.py for tasks to queue
[2025-11-13T23:26:25.273+0530] {logging_mixin.py:188} INFO - [2025-11-13T23:26:25.273+0530] {dagbag.py:545} INFO - Filling up the DagBag from /home/logi/txtai/venv/lib/python3.10/site-packages/airflow/example_dags/example_latest_only.py
[2025-11-13T23:26:25.278+0530] {processor.py:840} INFO - DAG(s) 'latest_only' retrieved from /home/logi/txtai/venv/lib/python3.10/site-packages/airflow/example_dags/example_latest_only.py
[2025-11-13T23:26:25.311+0530] {logging_mixin.py:188} INFO - [2025-11-13T23:26:25.311+0530] {dag.py:3089} INFO - Sync 1 DAGs
[2025-11-13T23:26:25.332+0530] {logging_mixin.py:188} INFO - [2025-11-13T23:26:25.332+0530] {dag.py:3947} INFO - Setting next_dagrun for latest_only to 2025-11-13 12:00:00+00:00, run_after=2025-11-13 16:00:00+00:00
[2025-11-13T23:26:25.351+0530] {processor.py:183} INFO - Processing /home/logi/txtai/venv/lib/python3.10/site-packages/airflow/example_dags/example_latest_only.py took 0.086 seconds
[2025-11-13T23:26:56.850+0530] {processor.py:161} INFO - Started process (PID=9731) to work on /home/logi/txtai/venv/lib/python3.10/site-packages/airflow/example_dags/example_latest_only.py
[2025-11-13T23:26:56.852+0530] {processor.py:830} INFO - Processing file /home/logi/txtai/venv/lib/python3.10/site-packages/airflow/example_dags/example_latest_only.py for tasks to queue
[2025-11-13T23:26:56.854+0530] {logging_mixin.py:188} INFO - [2025-11-13T23:26:56.854+0530] {dagbag.py:545} INFO - Filling up the DagBag from /home/logi/txtai/venv/lib/python3.10/site-packages/airflow/example_dags/example_latest_only.py
[2025-11-13T23:26:56.862+0530] {processor.py:840} INFO - DAG(s) 'latest_only' retrieved from /home/logi/txtai/venv/lib/python3.10/site-packages/airflow/example_dags/example_latest_only.py
[2025-11-13T23:26:56.920+0530] {logging_mixin.py:188} INFO - [2025-11-13T23:26:56.920+0530] {dag.py:3089} INFO - Sync 1 DAGs
[2025-11-13T23:26:56.959+0530] {logging_mixin.py:188} INFO - [2025-11-13T23:26:56.959+0530] {dag.py:3947} INFO - Setting next_dagrun for latest_only to 2025-11-13 12:00:00+00:00, run_after=2025-11-13 16:00:00+00:00
[2025-11-13T23:26:56.994+0530] {processor.py:183} INFO - Processing /home/logi/txtai/venv/lib/python3.10/site-packages/airflow/example_dags/example_latest_only.py took 0.155 seconds
[2025-11-13T23:27:27.888+0530] {processor.py:161} INFO - Started process (PID=9917) to work on /home/logi/txtai/venv/lib/python3.10/site-packages/airflow/example_dags/example_latest_only.py
[2025-11-13T23:27:27.890+0530] {processor.py:830} INFO - Processing file /home/logi/txtai/venv/lib/python3.10/site-packages/airflow/example_dags/example_latest_only.py for tasks to queue
[2025-11-13T23:27:27.892+0530] {logging_mixin.py:188} INFO - [2025-11-13T23:27:27.892+0530] {dagbag.py:545} INFO - Filling up the DagBag from /home/logi/txtai/venv/lib/python3.10/site-packages/airflow/example_dags/example_latest_only.py
[2025-11-13T23:27:27.900+0530] {processor.py:840} INFO - DAG(s) 'latest_only' retrieved from /home/logi/txtai/venv/lib/python3.10/site-packages/airflow/example_dags/example_latest_only.py
[2025-11-13T23:27:27.955+0530] {logging_mixin.py:188} INFO - [2025-11-13T23:27:27.955+0530] {dag.py:3089} INFO - Sync 1 DAGs
[2025-11-13T23:27:27.995+0530] {logging_mixin.py:188} INFO - [2025-11-13T23:27:27.994+0530] {dag.py:3947} INFO - Setting next_dagrun for latest_only to 2025-11-13 12:00:00+00:00, run_after=2025-11-13 16:00:00+00:00
[2025-11-13T23:27:28.029+0530] {processor.py:183} INFO - Processing /home/logi/txtai/venv/lib/python3.10/site-packages/airflow/example_dags/example_latest_only.py took 0.152 seconds
[2025-11-13T23:27:59.118+0530] {processor.py:161} INFO - Started process (PID=10074) to work on /home/logi/txtai/venv/lib/python3.10/site-packages/airflow/example_dags/example_latest_only.py
[2025-11-13T23:27:59.120+0530] {processor.py:830} INFO - Processing file /home/logi/txtai/venv/lib/python3.10/site-packages/airflow/example_dags/example_latest_only.py for tasks to queue
[2025-11-13T23:27:59.125+0530] {logging_mixin.py:188} INFO - [2025-11-13T23:27:59.125+0530] {dagbag.py:545} INFO - Filling up the DagBag from /home/logi/txtai/venv/lib/python3.10/site-packages/airflow/example_dags/example_latest_only.py
[2025-11-13T23:27:59.134+0530] {processor.py:840} INFO - DAG(s) 'latest_only' retrieved from /home/logi/txtai/venv/lib/python3.10/site-packages/airflow/example_dags/example_latest_only.py
[2025-11-13T23:27:59.190+0530] {logging_mixin.py:188} INFO - [2025-11-13T23:27:59.189+0530] {dag.py:3089} INFO - Sync 1 DAGs
[2025-11-13T23:27:59.229+0530] {logging_mixin.py:188} INFO - [2025-11-13T23:27:59.229+0530] {dag.py:3947} INFO - Setting next_dagrun for latest_only to 2025-11-13 12:00:00+00:00, run_after=2025-11-13 16:00:00+00:00
[2025-11-13T23:27:59.262+0530] {processor.py:183} INFO - Processing /home/logi/txtai/venv/lib/python3.10/site-packages/airflow/example_dags/example_latest_only.py took 0.156 seconds
[2025-11-13T23:28:30.435+0530] {processor.py:161} INFO - Started process (PID=10230) to work on /home/logi/txtai/venv/lib/python3.10/site-packages/airflow/example_dags/example_latest_only.py
[2025-11-13T23:28:30.437+0530] {processor.py:830} INFO - Processing file /home/logi/txtai/venv/lib/python3.10/site-packages/airflow/example_dags/example_latest_only.py for tasks to queue
[2025-11-13T23:28:30.440+0530] {logging_mixin.py:188} INFO - [2025-11-13T23:28:30.439+0530] {dagbag.py:545} INFO - Filling up the DagBag from /home/logi/txtai/venv/lib/python3.10/site-packages/airflow/example_dags/example_latest_only.py
[2025-11-13T23:28:30.447+0530] {processor.py:840} INFO - DAG(s) 'latest_only' retrieved from /home/logi/txtai/venv/lib/python3.10/site-packages/airflow/example_dags/example_latest_only.py
[2025-11-13T23:28:30.504+0530] {logging_mixin.py:188} INFO - [2025-11-13T23:28:30.504+0530] {dag.py:3089} INFO - Sync 1 DAGs
[2025-11-13T23:28:30.542+0530] {logging_mixin.py:188} INFO - [2025-11-13T23:28:30.542+0530] {dag.py:3947} INFO - Setting next_dagrun for latest_only to 2025-11-13 12:00:00+00:00, run_after=2025-11-13 16:00:00+00:00
[2025-11-13T23:28:30.578+0530] {processor.py:183} INFO - Processing /home/logi/txtai/venv/lib/python3.10/site-packages/airflow/example_dags/example_latest_only.py took 0.153 seconds
[2025-11-13T23:29:01.666+0530] {processor.py:161} INFO - Started process (PID=10502) to work on /home/logi/txtai/venv/lib/python3.10/site-packages/airflow/example_dags/example_latest_only.py
[2025-11-13T23:29:01.668+0530] {processor.py:830} INFO - Processing file /home/logi/txtai/venv/lib/python3.10/site-packages/airflow/example_dags/example_latest_only.py for tasks to queue
[2025-11-13T23:29:01.670+0530] {logging_mixin.py:188} INFO - [2025-11-13T23:29:01.670+0530] {dagbag.py:545} INFO - Filling up the DagBag from /home/logi/txtai/venv/lib/python3.10/site-packages/airflow/example_dags/example_latest_only.py
[2025-11-13T23:29:01.677+0530] {processor.py:840} INFO - DAG(s) 'latest_only' retrieved from /home/logi/txtai/venv/lib/python3.10/site-packages/airflow/example_dags/example_latest_only.py
[2025-11-13T23:29:01.724+0530] {logging_mixin.py:188} INFO - [2025-11-13T23:29:01.724+0530] {dag.py:3089} INFO - Sync 1 DAGs
[2025-11-13T23:29:01.749+0530] {logging_mixin.py:188} INFO - [2025-11-13T23:29:01.749+0530] {dag.py:3947} INFO - Setting next_dagrun for latest_only to 2025-11-13 12:00:00+00:00, run_after=2025-11-13 16:00:00+00:00
[2025-11-13T23:29:01.777+0530] {processor.py:183} INFO - Processing /home/logi/txtai/venv/lib/python3.10/site-packages/airflow/example_dags/example_latest_only.py took 0.121 seconds
[2025-11-13T23:29:33.995+0530] {processor.py:161} INFO - Started process (PID=10670) to work on /home/logi/txtai/venv/lib/python3.10/site-packages/airflow/example_dags/example_latest_only.py
[2025-11-13T23:29:33.997+0530] {processor.py:830} INFO - Processing file /home/logi/txtai/venv/lib/python3.10/site-packages/airflow/example_dags/example_latest_only.py for tasks to queue
[2025-11-13T23:29:34.000+0530] {logging_mixin.py:188} INFO - [2025-11-13T23:29:33.999+0530] {dagbag.py:545} INFO - Filling up the DagBag from /home/logi/txtai/venv/lib/python3.10/site-packages/airflow/example_dags/example_latest_only.py
[2025-11-13T23:29:34.008+0530] {processor.py:840} INFO - DAG(s) 'latest_only' retrieved from /home/logi/txtai/venv/lib/python3.10/site-packages/airflow/example_dags/example_latest_only.py
[2025-11-13T23:29:34.067+0530] {logging_mixin.py:188} INFO - [2025-11-13T23:29:34.066+0530] {dag.py:3089} INFO - Sync 1 DAGs
[2025-11-13T23:29:34.102+0530] {logging_mixin.py:188} INFO - [2025-11-13T23:29:34.101+0530] {dag.py:3947} INFO - Setting next_dagrun for latest_only to 2025-11-13 12:00:00+00:00, run_after=2025-11-13 16:00:00+00:00
[2025-11-13T23:29:34.137+0530] {processor.py:183} INFO - Processing /home/logi/txtai/venv/lib/python3.10/site-packages/airflow/example_dags/example_latest_only.py took 0.154 seconds
[2025-11-13T23:30:05.257+0530] {processor.py:161} INFO - Started process (PID=10891) to work on /home/logi/txtai/venv/lib/python3.10/site-packages/airflow/example_dags/example_latest_only.py
[2025-11-13T23:30:05.259+0530] {processor.py:830} INFO - Processing file /home/logi/txtai/venv/lib/python3.10/site-packages/airflow/example_dags/example_latest_only.py for tasks to queue
[2025-11-13T23:30:05.261+0530] {logging_mixin.py:188} INFO - [2025-11-13T23:30:05.261+0530] {dagbag.py:545} INFO - Filling up the DagBag from /home/logi/txtai/venv/lib/python3.10/site-packages/airflow/example_dags/example_latest_only.py
[2025-11-13T23:30:05.269+0530] {processor.py:840} INFO - DAG(s) 'latest_only' retrieved from /home/logi/txtai/venv/lib/python3.10/site-packages/airflow/example_dags/example_latest_only.py
[2025-11-13T23:30:05.311+0530] {logging_mixin.py:188} INFO - [2025-11-13T23:30:05.310+0530] {dag.py:3089} INFO - Sync 1 DAGs
[2025-11-13T23:30:05.337+0530] {logging_mixin.py:188} INFO - [2025-11-13T23:30:05.337+0530] {dag.py:3947} INFO - Setting next_dagrun for latest_only to 2025-11-13 12:00:00+00:00, run_after=2025-11-13 16:00:00+00:00
[2025-11-13T23:30:05.363+0530] {processor.py:183} INFO - Processing /home/logi/txtai/venv/lib/python3.10/site-packages/airflow/example_dags/example_latest_only.py took 0.116 seconds
[2025-11-13T23:30:36.572+0530] {processor.py:161} INFO - Started process (PID=11384) to work on /home/logi/txtai/venv/lib/python3.10/site-packages/airflow/example_dags/example_latest_only.py
[2025-11-13T23:30:36.574+0530] {processor.py:830} INFO - Processing file /home/logi/txtai/venv/lib/python3.10/site-packages/airflow/example_dags/example_latest_only.py for tasks to queue
[2025-11-13T23:30:36.577+0530] {logging_mixin.py:188} INFO - [2025-11-13T23:30:36.576+0530] {dagbag.py:545} INFO - Filling up the DagBag from /home/logi/txtai/venv/lib/python3.10/site-packages/airflow/example_dags/example_latest_only.py
[2025-11-13T23:30:36.588+0530] {processor.py:840} INFO - DAG(s) 'latest_only' retrieved from /home/logi/txtai/venv/lib/python3.10/site-packages/airflow/example_dags/example_latest_only.py
[2025-11-13T23:30:36.627+0530] {logging_mixin.py:188} INFO - [2025-11-13T23:30:36.626+0530] {dag.py:3089} INFO - Sync 1 DAGs
[2025-11-13T23:30:36.668+0530] {logging_mixin.py:188} INFO - [2025-11-13T23:30:36.667+0530] {dag.py:3947} INFO - Setting next_dagrun for latest_only to 2025-11-13 12:00:00+00:00, run_after=2025-11-13 16:00:00+00:00
[2025-11-13T23:30:36.736+0530] {processor.py:183} INFO - Processing /home/logi/txtai/venv/lib/python3.10/site-packages/airflow/example_dags/example_latest_only.py took 0.176 seconds
[2025-11-13T23:31:07.857+0530] {processor.py:161} INFO - Started process (PID=11652) to work on /home/logi/txtai/venv/lib/python3.10/site-packages/airflow/example_dags/example_latest_only.py
[2025-11-13T23:31:07.866+0530] {processor.py:830} INFO - Processing file /home/logi/txtai/venv/lib/python3.10/site-packages/airflow/example_dags/example_latest_only.py for tasks to queue
[2025-11-13T23:31:07.873+0530] {logging_mixin.py:188} INFO - [2025-11-13T23:31:07.872+0530] {dagbag.py:545} INFO - Filling up the DagBag from /home/logi/txtai/venv/lib/python3.10/site-packages/airflow/example_dags/example_latest_only.py
[2025-11-13T23:31:07.895+0530] {processor.py:840} INFO - DAG(s) 'latest_only' retrieved from /home/logi/txtai/venv/lib/python3.10/site-packages/airflow/example_dags/example_latest_only.py
[2025-11-13T23:31:07.977+0530] {logging_mixin.py:188} INFO - [2025-11-13T23:31:07.977+0530] {dag.py:3089} INFO - Sync 1 DAGs
[2025-11-13T23:31:08.031+0530] {logging_mixin.py:188} INFO - [2025-11-13T23:31:08.031+0530] {dag.py:3947} INFO - Setting next_dagrun for latest_only to 2025-11-13 12:00:00+00:00, run_after=2025-11-13 16:00:00+00:00
[2025-11-13T23:31:08.089+0530] {processor.py:183} INFO - Processing /home/logi/txtai/venv/lib/python3.10/site-packages/airflow/example_dags/example_latest_only.py took 0.263 seconds
[2025-11-13T23:31:38.874+0530] {processor.py:161} INFO - Started process (PID=12122) to work on /home/logi/txtai/venv/lib/python3.10/site-packages/airflow/example_dags/example_latest_only.py
[2025-11-13T23:31:38.876+0530] {processor.py:830} INFO - Processing file /home/logi/txtai/venv/lib/python3.10/site-packages/airflow/example_dags/example_latest_only.py for tasks to queue
[2025-11-13T23:31:38.879+0530] {logging_mixin.py:188} INFO - [2025-11-13T23:31:38.878+0530] {dagbag.py:545} INFO - Filling up the DagBag from /home/logi/txtai/venv/lib/python3.10/site-packages/airflow/example_dags/example_latest_only.py
[2025-11-13T23:31:38.887+0530] {processor.py:840} INFO - DAG(s) 'latest_only' retrieved from /home/logi/txtai/venv/lib/python3.10/site-packages/airflow/example_dags/example_latest_only.py
[2025-11-13T23:31:38.943+0530] {logging_mixin.py:188} INFO - [2025-11-13T23:31:38.943+0530] {dag.py:3089} INFO - Sync 1 DAGs
[2025-11-13T23:31:38.983+0530] {logging_mixin.py:188} INFO - [2025-11-13T23:31:38.982+0530] {dag.py:3947} INFO - Setting next_dagrun for latest_only to 2025-11-13 12:00:00+00:00, run_after=2025-11-13 16:00:00+00:00
[2025-11-13T23:31:39.030+0530] {processor.py:183} INFO - Processing /home/logi/txtai/venv/lib/python3.10/site-packages/airflow/example_dags/example_latest_only.py took 0.168 seconds
[2025-11-13T23:32:09.863+0530] {processor.py:161} INFO - Started process (PID=12472) to work on /home/logi/txtai/venv/lib/python3.10/site-packages/airflow/example_dags/example_latest_only.py
[2025-11-13T23:32:09.865+0530] {processor.py:830} INFO - Processing file /home/logi/txtai/venv/lib/python3.10/site-packages/airflow/example_dags/example_latest_only.py for tasks to queue
[2025-11-13T23:32:09.868+0530] {logging_mixin.py:188} INFO - [2025-11-13T23:32:09.867+0530] {dagbag.py:545} INFO - Filling up the DagBag from /home/logi/txtai/venv/lib/python3.10/site-packages/airflow/example_dags/example_latest_only.py
[2025-11-13T23:32:09.875+0530] {processor.py:840} INFO - DAG(s) 'latest_only' retrieved from /home/logi/txtai/venv/lib/python3.10/site-packages/airflow/example_dags/example_latest_only.py
[2025-11-13T23:32:09.931+0530] {logging_mixin.py:188} INFO - [2025-11-13T23:32:09.930+0530] {dag.py:3089} INFO - Sync 1 DAGs
[2025-11-13T23:32:09.962+0530] {logging_mixin.py:188} INFO - [2025-11-13T23:32:09.962+0530] {dag.py:3947} INFO - Setting next_dagrun for latest_only to 2025-11-13 12:00:00+00:00, run_after=2025-11-13 16:00:00+00:00
[2025-11-13T23:32:10.014+0530] {processor.py:183} INFO - Processing /home/logi/txtai/venv/lib/python3.10/site-packages/airflow/example_dags/example_latest_only.py took 0.161 seconds
[2025-11-13T23:32:41.810+0530] {processor.py:161} INFO - Started process (PID=12888) to work on /home/logi/txtai/venv/lib/python3.10/site-packages/airflow/example_dags/example_latest_only.py
[2025-11-13T23:32:41.811+0530] {processor.py:830} INFO - Processing file /home/logi/txtai/venv/lib/python3.10/site-packages/airflow/example_dags/example_latest_only.py for tasks to queue
[2025-11-13T23:32:41.813+0530] {logging_mixin.py:188} INFO - [2025-11-13T23:32:41.813+0530] {dagbag.py:545} INFO - Filling up the DagBag from /home/logi/txtai/venv/lib/python3.10/site-packages/airflow/example_dags/example_latest_only.py
[2025-11-13T23:32:41.817+0530] {processor.py:840} INFO - DAG(s) 'latest_only' retrieved from /home/logi/txtai/venv/lib/python3.10/site-packages/airflow/example_dags/example_latest_only.py
[2025-11-13T23:32:41.852+0530] {logging_mixin.py:188} INFO - [2025-11-13T23:32:41.851+0530] {dag.py:3089} INFO - Sync 1 DAGs
[2025-11-13T23:32:41.878+0530] {logging_mixin.py:188} INFO - [2025-11-13T23:32:41.878+0530] {dag.py:3947} INFO - Setting next_dagrun for latest_only to 2025-11-13 12:00:00+00:00, run_after=2025-11-13 16:00:00+00:00
[2025-11-13T23:32:41.909+0530] {processor.py:183} INFO - Processing /home/logi/txtai/venv/lib/python3.10/site-packages/airflow/example_dags/example_latest_only.py took 0.105 seconds
[2025-11-13T23:33:12.646+0530] {processor.py:161} INFO - Started process (PID=13243) to work on /home/logi/txtai/venv/lib/python3.10/site-packages/airflow/example_dags/example_latest_only.py
[2025-11-13T23:33:12.648+0530] {processor.py:830} INFO - Processing file /home/logi/txtai/venv/lib/python3.10/site-packages/airflow/example_dags/example_latest_only.py for tasks to queue
[2025-11-13T23:33:12.650+0530] {logging_mixin.py:188} INFO - [2025-11-13T23:33:12.650+0530] {dagbag.py:545} INFO - Filling up the DagBag from /home/logi/txtai/venv/lib/python3.10/site-packages/airflow/example_dags/example_latest_only.py
[2025-11-13T23:33:12.658+0530] {processor.py:840} INFO - DAG(s) 'latest_only' retrieved from /home/logi/txtai/venv/lib/python3.10/site-packages/airflow/example_dags/example_latest_only.py
[2025-11-13T23:33:12.711+0530] {logging_mixin.py:188} INFO - [2025-11-13T23:33:12.711+0530] {dag.py:3089} INFO - Sync 1 DAGs
[2025-11-13T23:33:12.751+0530] {logging_mixin.py:188} INFO - [2025-11-13T23:33:12.750+0530] {dag.py:3947} INFO - Setting next_dagrun for latest_only to 2025-11-13 12:00:00+00:00, run_after=2025-11-13 16:00:00+00:00
[2025-11-13T23:33:12.785+0530] {processor.py:183} INFO - Processing /home/logi/txtai/venv/lib/python3.10/site-packages/airflow/example_dags/example_latest_only.py took 0.151 seconds
[2025-11-13T23:33:44.242+0530] {processor.py:161} INFO - Started process (PID=13792) to work on /home/logi/txtai/venv/lib/python3.10/site-packages/airflow/example_dags/example_latest_only.py
[2025-11-13T23:33:44.245+0530] {processor.py:830} INFO - Processing file /home/logi/txtai/venv/lib/python3.10/site-packages/airflow/example_dags/example_latest_only.py for tasks to queue
[2025-11-13T23:33:44.247+0530] {logging_mixin.py:188} INFO - [2025-11-13T23:33:44.247+0530] {dagbag.py:545} INFO - Filling up the DagBag from /home/logi/txtai/venv/lib/python3.10/site-packages/airflow/example_dags/example_latest_only.py
[2025-11-13T23:33:44.256+0530] {processor.py:840} INFO - DAG(s) 'latest_only' retrieved from /home/logi/txtai/venv/lib/python3.10/site-packages/airflow/example_dags/example_latest_only.py
[2025-11-13T23:33:44.312+0530] {logging_mixin.py:188} INFO - [2025-11-13T23:33:44.311+0530] {dag.py:3089} INFO - Sync 1 DAGs
[2025-11-13T23:33:44.356+0530] {logging_mixin.py:188} INFO - [2025-11-13T23:33:44.355+0530] {dag.py:3947} INFO - Setting next_dagrun for latest_only to 2025-11-13 12:00:00+00:00, run_after=2025-11-13 16:00:00+00:00
[2025-11-13T23:33:44.394+0530] {processor.py:183} INFO - Processing /home/logi/txtai/venv/lib/python3.10/site-packages/airflow/example_dags/example_latest_only.py took 0.164 seconds
[2025-11-13T23:34:15.511+0530] {processor.py:161} INFO - Started process (PID=14217) to work on /home/logi/txtai/venv/lib/python3.10/site-packages/airflow/example_dags/example_latest_only.py
[2025-11-13T23:34:15.512+0530] {processor.py:830} INFO - Processing file /home/logi/txtai/venv/lib/python3.10/site-packages/airflow/example_dags/example_latest_only.py for tasks to queue
[2025-11-13T23:34:15.515+0530] {logging_mixin.py:188} INFO - [2025-11-13T23:34:15.514+0530] {dagbag.py:545} INFO - Filling up the DagBag from /home/logi/txtai/venv/lib/python3.10/site-packages/airflow/example_dags/example_latest_only.py
[2025-11-13T23:34:15.522+0530] {processor.py:840} INFO - DAG(s) 'latest_only' retrieved from /home/logi/txtai/venv/lib/python3.10/site-packages/airflow/example_dags/example_latest_only.py
[2025-11-13T23:34:15.559+0530] {logging_mixin.py:188} INFO - [2025-11-13T23:34:15.559+0530] {dag.py:3089} INFO - Sync 1 DAGs
[2025-11-13T23:34:15.584+0530] {logging_mixin.py:188} INFO - [2025-11-13T23:34:15.584+0530] {dag.py:3947} INFO - Setting next_dagrun for latest_only to 2025-11-13 12:00:00+00:00, run_after=2025-11-13 16:00:00+00:00
[2025-11-13T23:34:15.609+0530] {processor.py:183} INFO - Processing /home/logi/txtai/venv/lib/python3.10/site-packages/airflow/example_dags/example_latest_only.py took 0.106 seconds
[2025-11-13T23:34:47.926+0530] {processor.py:161} INFO - Started process (PID=14664) to work on /home/logi/txtai/venv/lib/python3.10/site-packages/airflow/example_dags/example_latest_only.py
[2025-11-13T23:34:47.927+0530] {processor.py:830} INFO - Processing file /home/logi/txtai/venv/lib/python3.10/site-packages/airflow/example_dags/example_latest_only.py for tasks to queue
[2025-11-13T23:34:47.931+0530] {logging_mixin.py:188} INFO - [2025-11-13T23:34:47.930+0530] {dagbag.py:545} INFO - Filling up the DagBag from /home/logi/txtai/venv/lib/python3.10/site-packages/airflow/example_dags/example_latest_only.py
[2025-11-13T23:34:47.944+0530] {processor.py:840} INFO - DAG(s) 'latest_only' retrieved from /home/logi/txtai/venv/lib/python3.10/site-packages/airflow/example_dags/example_latest_only.py
[2025-11-13T23:34:47.987+0530] {logging_mixin.py:188} INFO - [2025-11-13T23:34:47.986+0530] {dag.py:3089} INFO - Sync 1 DAGs
[2025-11-13T23:34:48.008+0530] {logging_mixin.py:188} INFO - [2025-11-13T23:34:48.008+0530] {dag.py:3947} INFO - Setting next_dagrun for latest_only to 2025-11-13 12:00:00+00:00, run_after=2025-11-13 16:00:00+00:00
[2025-11-13T23:34:48.033+0530] {processor.py:183} INFO - Processing /home/logi/txtai/venv/lib/python3.10/site-packages/airflow/example_dags/example_latest_only.py took 0.132 seconds
[2025-11-13T23:35:19.179+0530] {processor.py:161} INFO - Started process (PID=15112) to work on /home/logi/txtai/venv/lib/python3.10/site-packages/airflow/example_dags/example_latest_only.py
[2025-11-13T23:35:19.181+0530] {processor.py:830} INFO - Processing file /home/logi/txtai/venv/lib/python3.10/site-packages/airflow/example_dags/example_latest_only.py for tasks to queue
[2025-11-13T23:35:19.184+0530] {logging_mixin.py:188} INFO - [2025-11-13T23:35:19.183+0530] {dagbag.py:545} INFO - Filling up the DagBag from /home/logi/txtai/venv/lib/python3.10/site-packages/airflow/example_dags/example_latest_only.py
[2025-11-13T23:35:19.192+0530] {processor.py:840} INFO - DAG(s) 'latest_only' retrieved from /home/logi/txtai/venv/lib/python3.10/site-packages/airflow/example_dags/example_latest_only.py
[2025-11-13T23:35:19.238+0530] {logging_mixin.py:188} INFO - [2025-11-13T23:35:19.238+0530] {dag.py:3089} INFO - Sync 1 DAGs
[2025-11-13T23:35:19.273+0530] {logging_mixin.py:188} INFO - [2025-11-13T23:35:19.272+0530] {dag.py:3947} INFO - Setting next_dagrun for latest_only to 2025-11-13 12:00:00+00:00, run_after=2025-11-13 16:00:00+00:00
[2025-11-13T23:35:19.314+0530] {processor.py:183} INFO - Processing /home/logi/txtai/venv/lib/python3.10/site-packages/airflow/example_dags/example_latest_only.py took 0.146 seconds
[2025-11-13T23:35:50.909+0530] {processor.py:161} INFO - Started process (PID=15506) to work on /home/logi/txtai/venv/lib/python3.10/site-packages/airflow/example_dags/example_latest_only.py
[2025-11-13T23:35:50.911+0530] {processor.py:830} INFO - Processing file /home/logi/txtai/venv/lib/python3.10/site-packages/airflow/example_dags/example_latest_only.py for tasks to queue
[2025-11-13T23:35:50.913+0530] {logging_mixin.py:188} INFO - [2025-11-13T23:35:50.913+0530] {dagbag.py:545} INFO - Filling up the DagBag from /home/logi/txtai/venv/lib/python3.10/site-packages/airflow/example_dags/example_latest_only.py
[2025-11-13T23:35:50.921+0530] {processor.py:840} INFO - DAG(s) 'latest_only' retrieved from /home/logi/txtai/venv/lib/python3.10/site-packages/airflow/example_dags/example_latest_only.py
[2025-11-13T23:35:50.975+0530] {logging_mixin.py:188} INFO - [2025-11-13T23:35:50.975+0530] {dag.py:3089} INFO - Sync 1 DAGs
[2025-11-13T23:35:51.015+0530] {logging_mixin.py:188} INFO - [2025-11-13T23:35:51.014+0530] {dag.py:3947} INFO - Setting next_dagrun for latest_only to 2025-11-13 12:00:00+00:00, run_after=2025-11-13 16:00:00+00:00
[2025-11-13T23:35:51.051+0530] {processor.py:183} INFO - Processing /home/logi/txtai/venv/lib/python3.10/site-packages/airflow/example_dags/example_latest_only.py took 0.152 seconds
[2025-11-13T23:36:22.111+0530] {processor.py:161} INFO - Started process (PID=16056) to work on /home/logi/txtai/venv/lib/python3.10/site-packages/airflow/example_dags/example_latest_only.py
[2025-11-13T23:36:22.112+0530] {processor.py:830} INFO - Processing file /home/logi/txtai/venv/lib/python3.10/site-packages/airflow/example_dags/example_latest_only.py for tasks to queue
[2025-11-13T23:36:22.114+0530] {logging_mixin.py:188} INFO - [2025-11-13T23:36:22.114+0530] {dagbag.py:545} INFO - Filling up the DagBag from /home/logi/txtai/venv/lib/python3.10/site-packages/airflow/example_dags/example_latest_only.py
[2025-11-13T23:36:22.122+0530] {processor.py:840} INFO - DAG(s) 'latest_only' retrieved from /home/logi/txtai/venv/lib/python3.10/site-packages/airflow/example_dags/example_latest_only.py
[2025-11-13T23:36:22.169+0530] {logging_mixin.py:188} INFO - [2025-11-13T23:36:22.169+0530] {dag.py:3089} INFO - Sync 1 DAGs
[2025-11-13T23:36:22.205+0530] {logging_mixin.py:188} INFO - [2025-11-13T23:36:22.204+0530] {dag.py:3947} INFO - Setting next_dagrun for latest_only to 2025-11-13 12:00:00+00:00, run_after=2025-11-13 16:00:00+00:00
[2025-11-13T23:36:22.237+0530] {processor.py:183} INFO - Processing /home/logi/txtai/venv/lib/python3.10/site-packages/airflow/example_dags/example_latest_only.py took 0.136 seconds
[2025-11-13T23:36:54.196+0530] {processor.py:161} INFO - Started process (PID=16268) to work on /home/logi/txtai/venv/lib/python3.10/site-packages/airflow/example_dags/example_latest_only.py
[2025-11-13T23:36:54.198+0530] {processor.py:830} INFO - Processing file /home/logi/txtai/venv/lib/python3.10/site-packages/airflow/example_dags/example_latest_only.py for tasks to queue
[2025-11-13T23:36:54.200+0530] {logging_mixin.py:188} INFO - [2025-11-13T23:36:54.200+0530] {dagbag.py:545} INFO - Filling up the DagBag from /home/logi/txtai/venv/lib/python3.10/site-packages/airflow/example_dags/example_latest_only.py
[2025-11-13T23:36:54.208+0530] {processor.py:840} INFO - DAG(s) 'latest_only' retrieved from /home/logi/txtai/venv/lib/python3.10/site-packages/airflow/example_dags/example_latest_only.py
[2025-11-13T23:36:54.260+0530] {logging_mixin.py:188} INFO - [2025-11-13T23:36:54.259+0530] {dag.py:3089} INFO - Sync 1 DAGs
[2025-11-13T23:36:54.290+0530] {logging_mixin.py:188} INFO - [2025-11-13T23:36:54.290+0530] {dag.py:3947} INFO - Setting next_dagrun for latest_only to 2025-11-13 12:00:00+00:00, run_after=2025-11-13 16:00:00+00:00
[2025-11-13T23:36:54.323+0530] {processor.py:183} INFO - Processing /home/logi/txtai/venv/lib/python3.10/site-packages/airflow/example_dags/example_latest_only.py took 0.138 seconds
[2025-11-13T23:37:24.453+0530] {processor.py:161} INFO - Started process (PID=16842) to work on /home/logi/txtai/venv/lib/python3.10/site-packages/airflow/example_dags/example_latest_only.py
[2025-11-13T23:37:24.455+0530] {processor.py:830} INFO - Processing file /home/logi/txtai/venv/lib/python3.10/site-packages/airflow/example_dags/example_latest_only.py for tasks to queue
[2025-11-13T23:37:24.458+0530] {logging_mixin.py:188} INFO - [2025-11-13T23:37:24.458+0530] {dagbag.py:545} INFO - Filling up the DagBag from /home/logi/txtai/venv/lib/python3.10/site-packages/airflow/example_dags/example_latest_only.py
[2025-11-13T23:37:24.466+0530] {processor.py:840} INFO - DAG(s) 'latest_only' retrieved from /home/logi/txtai/venv/lib/python3.10/site-packages/airflow/example_dags/example_latest_only.py
[2025-11-13T23:37:24.515+0530] {logging_mixin.py:188} INFO - [2025-11-13T23:37:24.514+0530] {dag.py:3089} INFO - Sync 1 DAGs
[2025-11-13T23:37:24.553+0530] {logging_mixin.py:188} INFO - [2025-11-13T23:37:24.553+0530] {dag.py:3947} INFO - Setting next_dagrun for latest_only to 2025-11-13 12:00:00+00:00, run_after=2025-11-13 16:00:00+00:00
[2025-11-13T23:37:24.597+0530] {processor.py:183} INFO - Processing /home/logi/txtai/venv/lib/python3.10/site-packages/airflow/example_dags/example_latest_only.py took 0.155 seconds
[2025-11-13T23:37:56.314+0530] {processor.py:161} INFO - Started process (PID=17197) to work on /home/logi/txtai/venv/lib/python3.10/site-packages/airflow/example_dags/example_latest_only.py
[2025-11-13T23:37:56.316+0530] {processor.py:830} INFO - Processing file /home/logi/txtai/venv/lib/python3.10/site-packages/airflow/example_dags/example_latest_only.py for tasks to queue
[2025-11-13T23:37:56.318+0530] {logging_mixin.py:188} INFO - [2025-11-13T23:37:56.318+0530] {dagbag.py:545} INFO - Filling up the DagBag from /home/logi/txtai/venv/lib/python3.10/site-packages/airflow/example_dags/example_latest_only.py
[2025-11-13T23:37:56.326+0530] {processor.py:840} INFO - DAG(s) 'latest_only' retrieved from /home/logi/txtai/venv/lib/python3.10/site-packages/airflow/example_dags/example_latest_only.py
[2025-11-13T23:37:56.384+0530] {logging_mixin.py:188} INFO - [2025-11-13T23:37:56.384+0530] {dag.py:3089} INFO - Sync 1 DAGs
[2025-11-13T23:37:56.413+0530] {logging_mixin.py:188} INFO - [2025-11-13T23:37:56.413+0530] {dag.py:3947} INFO - Setting next_dagrun for latest_only to 2025-11-13 12:00:00+00:00, run_after=2025-11-13 16:00:00+00:00
[2025-11-13T23:37:56.451+0530] {processor.py:183} INFO - Processing /home/logi/txtai/venv/lib/python3.10/site-packages/airflow/example_dags/example_latest_only.py took 0.147 seconds
[2025-11-13T23:38:29.008+0530] {processor.py:161} INFO - Started process (PID=17721) to work on /home/logi/txtai/venv/lib/python3.10/site-packages/airflow/example_dags/example_latest_only.py
[2025-11-13T23:38:29.024+0530] {processor.py:830} INFO - Processing file /home/logi/txtai/venv/lib/python3.10/site-packages/airflow/example_dags/example_latest_only.py for tasks to queue
[2025-11-13T23:38:29.030+0530] {logging_mixin.py:188} INFO - [2025-11-13T23:38:29.029+0530] {dagbag.py:545} INFO - Filling up the DagBag from /home/logi/txtai/venv/lib/python3.10/site-packages/airflow/example_dags/example_latest_only.py
[2025-11-13T23:38:29.053+0530] {processor.py:840} INFO - DAG(s) 'latest_only' retrieved from /home/logi/txtai/venv/lib/python3.10/site-packages/airflow/example_dags/example_latest_only.py
[2025-11-13T23:38:29.149+0530] {logging_mixin.py:188} INFO - [2025-11-13T23:38:29.148+0530] {dag.py:3089} INFO - Sync 1 DAGs
[2025-11-13T23:38:29.207+0530] {logging_mixin.py:188} INFO - [2025-11-13T23:38:29.207+0530] {dag.py:3947} INFO - Setting next_dagrun for latest_only to 2025-11-13 12:00:00+00:00, run_after=2025-11-13 16:00:00+00:00
[2025-11-13T23:38:29.269+0530] {processor.py:183} INFO - Processing /home/logi/txtai/venv/lib/python3.10/site-packages/airflow/example_dags/example_latest_only.py took 0.294 seconds
[2025-11-13T23:39:00.362+0530] {processor.py:161} INFO - Started process (PID=17966) to work on /home/logi/txtai/venv/lib/python3.10/site-packages/airflow/example_dags/example_latest_only.py
[2025-11-13T23:39:00.364+0530] {processor.py:830} INFO - Processing file /home/logi/txtai/venv/lib/python3.10/site-packages/airflow/example_dags/example_latest_only.py for tasks to queue
[2025-11-13T23:39:00.367+0530] {logging_mixin.py:188} INFO - [2025-11-13T23:39:00.366+0530] {dagbag.py:545} INFO - Filling up the DagBag from /home/logi/txtai/venv/lib/python3.10/site-packages/airflow/example_dags/example_latest_only.py
[2025-11-13T23:39:00.375+0530] {processor.py:840} INFO - DAG(s) 'latest_only' retrieved from /home/logi/txtai/venv/lib/python3.10/site-packages/airflow/example_dags/example_latest_only.py
[2025-11-13T23:39:00.420+0530] {logging_mixin.py:188} INFO - [2025-11-13T23:39:00.420+0530] {dag.py:3089} INFO - Sync 1 DAGs
[2025-11-13T23:39:00.456+0530] {logging_mixin.py:188} INFO - [2025-11-13T23:39:00.456+0530] {dag.py:3947} INFO - Setting next_dagrun for latest_only to 2025-11-13 12:00:00+00:00, run_after=2025-11-13 16:00:00+00:00
[2025-11-13T23:39:00.491+0530] {processor.py:183} INFO - Processing /home/logi/txtai/venv/lib/python3.10/site-packages/airflow/example_dags/example_latest_only.py took 0.140 seconds
[2025-11-13T23:39:31.553+0530] {processor.py:161} INFO - Started process (PID=18549) to work on /home/logi/txtai/venv/lib/python3.10/site-packages/airflow/example_dags/example_latest_only.py
[2025-11-13T23:39:31.556+0530] {processor.py:830} INFO - Processing file /home/logi/txtai/venv/lib/python3.10/site-packages/airflow/example_dags/example_latest_only.py for tasks to queue
[2025-11-13T23:39:31.561+0530] {logging_mixin.py:188} INFO - [2025-11-13T23:39:31.561+0530] {dagbag.py:545} INFO - Filling up the DagBag from /home/logi/txtai/venv/lib/python3.10/site-packages/airflow/example_dags/example_latest_only.py
[2025-11-13T23:39:31.569+0530] {processor.py:840} INFO - DAG(s) 'latest_only' retrieved from /home/logi/txtai/venv/lib/python3.10/site-packages/airflow/example_dags/example_latest_only.py
[2025-11-13T23:39:31.620+0530] {logging_mixin.py:188} INFO - [2025-11-13T23:39:31.619+0530] {dag.py:3089} INFO - Sync 1 DAGs
[2025-11-13T23:39:31.657+0530] {logging_mixin.py:188} INFO - [2025-11-13T23:39:31.657+0530] {dag.py:3947} INFO - Setting next_dagrun for latest_only to 2025-11-13 12:00:00+00:00, run_after=2025-11-13 16:00:00+00:00
[2025-11-13T23:39:31.843+0530] {processor.py:183} INFO - Processing /home/logi/txtai/venv/lib/python3.10/site-packages/airflow/example_dags/example_latest_only.py took 0.301 seconds
[2025-11-13T23:40:03.304+0530] {processor.py:161} INFO - Started process (PID=18808) to work on /home/logi/txtai/venv/lib/python3.10/site-packages/airflow/example_dags/example_latest_only.py
[2025-11-13T23:40:03.306+0530] {processor.py:830} INFO - Processing file /home/logi/txtai/venv/lib/python3.10/site-packages/airflow/example_dags/example_latest_only.py for tasks to queue
[2025-11-13T23:40:03.308+0530] {logging_mixin.py:188} INFO - [2025-11-13T23:40:03.308+0530] {dagbag.py:545} INFO - Filling up the DagBag from /home/logi/txtai/venv/lib/python3.10/site-packages/airflow/example_dags/example_latest_only.py
[2025-11-13T23:40:03.318+0530] {processor.py:840} INFO - DAG(s) 'latest_only' retrieved from /home/logi/txtai/venv/lib/python3.10/site-packages/airflow/example_dags/example_latest_only.py
[2025-11-13T23:40:03.374+0530] {logging_mixin.py:188} INFO - [2025-11-13T23:40:03.373+0530] {dag.py:3089} INFO - Sync 1 DAGs
[2025-11-13T23:40:03.401+0530] {logging_mixin.py:188} INFO - [2025-11-13T23:40:03.400+0530] {dag.py:3947} INFO - Setting next_dagrun for latest_only to 2025-11-13 12:00:00+00:00, run_after=2025-11-13 16:00:00+00:00
[2025-11-13T23:40:03.554+0530] {processor.py:183} INFO - Processing /home/logi/txtai/venv/lib/python3.10/site-packages/airflow/example_dags/example_latest_only.py took 0.261 seconds
[2025-11-13T23:40:35.968+0530] {processor.py:161} INFO - Started process (PID=19324) to work on /home/logi/txtai/venv/lib/python3.10/site-packages/airflow/example_dags/example_latest_only.py
[2025-11-13T23:40:35.970+0530] {processor.py:830} INFO - Processing file /home/logi/txtai/venv/lib/python3.10/site-packages/airflow/example_dags/example_latest_only.py for tasks to queue
[2025-11-13T23:40:35.973+0530] {logging_mixin.py:188} INFO - [2025-11-13T23:40:35.973+0530] {dagbag.py:545} INFO - Filling up the DagBag from /home/logi/txtai/venv/lib/python3.10/site-packages/airflow/example_dags/example_latest_only.py
[2025-11-13T23:40:35.981+0530] {processor.py:840} INFO - DAG(s) 'latest_only' retrieved from /home/logi/txtai/venv/lib/python3.10/site-packages/airflow/example_dags/example_latest_only.py
[2025-11-13T23:40:36.020+0530] {logging_mixin.py:188} INFO - [2025-11-13T23:40:36.020+0530] {dag.py:3089} INFO - Sync 1 DAGs
[2025-11-13T23:40:36.138+0530] {logging_mixin.py:188} INFO - [2025-11-13T23:40:36.137+0530] {dag.py:3947} INFO - Setting next_dagrun for latest_only to 2025-11-13 12:00:00+00:00, run_after=2025-11-13 16:00:00+00:00
[2025-11-13T23:40:36.166+0530] {processor.py:183} INFO - Processing /home/logi/txtai/venv/lib/python3.10/site-packages/airflow/example_dags/example_latest_only.py took 0.209 seconds
[2025-11-13T23:41:09.519+0530] {processor.py:161} INFO - Started process (PID=19704) to work on /home/logi/txtai/venv/lib/python3.10/site-packages/airflow/example_dags/example_latest_only.py
[2025-11-13T23:41:09.521+0530] {processor.py:830} INFO - Processing file /home/logi/txtai/venv/lib/python3.10/site-packages/airflow/example_dags/example_latest_only.py for tasks to queue
[2025-11-13T23:41:09.523+0530] {logging_mixin.py:188} INFO - [2025-11-13T23:41:09.523+0530] {dagbag.py:545} INFO - Filling up the DagBag from /home/logi/txtai/venv/lib/python3.10/site-packages/airflow/example_dags/example_latest_only.py
[2025-11-13T23:41:09.538+0530] {processor.py:840} INFO - DAG(s) 'latest_only' retrieved from /home/logi/txtai/venv/lib/python3.10/site-packages/airflow/example_dags/example_latest_only.py
[2025-11-13T23:41:09.574+0530] {logging_mixin.py:188} INFO - [2025-11-13T23:41:09.573+0530] {dag.py:3089} INFO - Sync 1 DAGs
[2025-11-13T23:41:09.863+0530] {logging_mixin.py:188} INFO - [2025-11-13T23:41:09.863+0530] {dag.py:3947} INFO - Setting next_dagrun for latest_only to 2025-11-13 12:00:00+00:00, run_after=2025-11-13 16:00:00+00:00
[2025-11-13T23:41:09.893+0530] {processor.py:183} INFO - Processing /home/logi/txtai/venv/lib/python3.10/site-packages/airflow/example_dags/example_latest_only.py took 0.394 seconds
[2025-11-13T23:41:41.222+0530] {processor.py:161} INFO - Started process (PID=20194) to work on /home/logi/txtai/venv/lib/python3.10/site-packages/airflow/example_dags/example_latest_only.py
[2025-11-13T23:41:41.224+0530] {processor.py:830} INFO - Processing file /home/logi/txtai/venv/lib/python3.10/site-packages/airflow/example_dags/example_latest_only.py for tasks to queue
[2025-11-13T23:41:41.228+0530] {logging_mixin.py:188} INFO - [2025-11-13T23:41:41.227+0530] {dagbag.py:545} INFO - Filling up the DagBag from /home/logi/txtai/venv/lib/python3.10/site-packages/airflow/example_dags/example_latest_only.py
[2025-11-13T23:41:41.243+0530] {processor.py:840} INFO - DAG(s) 'latest_only' retrieved from /home/logi/txtai/venv/lib/python3.10/site-packages/airflow/example_dags/example_latest_only.py
[2025-11-13T23:41:41.279+0530] {logging_mixin.py:188} INFO - [2025-11-13T23:41:41.279+0530] {dag.py:3089} INFO - Sync 1 DAGs
[2025-11-13T23:41:41.458+0530] {logging_mixin.py:188} INFO - [2025-11-13T23:41:41.458+0530] {dag.py:3947} INFO - Setting next_dagrun for latest_only to 2025-11-13 12:00:00+00:00, run_after=2025-11-13 16:00:00+00:00
[2025-11-13T23:41:41.491+0530] {processor.py:183} INFO - Processing /home/logi/txtai/venv/lib/python3.10/site-packages/airflow/example_dags/example_latest_only.py took 0.288 seconds
[2025-11-13T23:42:12.223+0530] {processor.py:161} INFO - Started process (PID=20521) to work on /home/logi/txtai/venv/lib/python3.10/site-packages/airflow/example_dags/example_latest_only.py
[2025-11-13T23:42:12.227+0530] {processor.py:830} INFO - Processing file /home/logi/txtai/venv/lib/python3.10/site-packages/airflow/example_dags/example_latest_only.py for tasks to queue
[2025-11-13T23:42:12.229+0530] {logging_mixin.py:188} INFO - [2025-11-13T23:42:12.228+0530] {dagbag.py:545} INFO - Filling up the DagBag from /home/logi/txtai/venv/lib/python3.10/site-packages/airflow/example_dags/example_latest_only.py
[2025-11-13T23:42:12.242+0530] {processor.py:840} INFO - DAG(s) 'latest_only' retrieved from /home/logi/txtai/venv/lib/python3.10/site-packages/airflow/example_dags/example_latest_only.py
[2025-11-13T23:42:12.287+0530] {logging_mixin.py:188} INFO - [2025-11-13T23:42:12.287+0530] {dag.py:3089} INFO - Sync 1 DAGs
[2025-11-13T23:42:12.310+0530] {logging_mixin.py:188} INFO - [2025-11-13T23:42:12.310+0530] {dag.py:3947} INFO - Setting next_dagrun for latest_only to 2025-11-13 12:00:00+00:00, run_after=2025-11-13 16:00:00+00:00
[2025-11-13T23:42:12.333+0530] {processor.py:183} INFO - Processing /home/logi/txtai/venv/lib/python3.10/site-packages/airflow/example_dags/example_latest_only.py took 0.118 seconds
[2025-11-13T23:42:42.461+0530] {processor.py:161} INFO - Started process (PID=21132) to work on /home/logi/txtai/venv/lib/python3.10/site-packages/airflow/example_dags/example_latest_only.py
[2025-11-13T23:42:42.463+0530] {processor.py:830} INFO - Processing file /home/logi/txtai/venv/lib/python3.10/site-packages/airflow/example_dags/example_latest_only.py for tasks to queue
[2025-11-13T23:42:42.465+0530] {logging_mixin.py:188} INFO - [2025-11-13T23:42:42.465+0530] {dagbag.py:545} INFO - Filling up the DagBag from /home/logi/txtai/venv/lib/python3.10/site-packages/airflow/example_dags/example_latest_only.py
[2025-11-13T23:42:42.474+0530] {processor.py:840} INFO - DAG(s) 'latest_only' retrieved from /home/logi/txtai/venv/lib/python3.10/site-packages/airflow/example_dags/example_latest_only.py
[2025-11-13T23:42:42.518+0530] {logging_mixin.py:188} INFO - [2025-11-13T23:42:42.518+0530] {dag.py:3089} INFO - Sync 1 DAGs
[2025-11-13T23:42:42.552+0530] {logging_mixin.py:188} INFO - [2025-11-13T23:42:42.552+0530] {dag.py:3947} INFO - Setting next_dagrun for latest_only to 2025-11-13 12:00:00+00:00, run_after=2025-11-13 16:00:00+00:00
[2025-11-13T23:42:42.585+0530] {processor.py:183} INFO - Processing /home/logi/txtai/venv/lib/python3.10/site-packages/airflow/example_dags/example_latest_only.py took 0.135 seconds
[2025-11-13T23:43:13.775+0530] {processor.py:161} INFO - Started process (PID=21660) to work on /home/logi/txtai/venv/lib/python3.10/site-packages/airflow/example_dags/example_latest_only.py
[2025-11-13T23:43:13.777+0530] {processor.py:830} INFO - Processing file /home/logi/txtai/venv/lib/python3.10/site-packages/airflow/example_dags/example_latest_only.py for tasks to queue
[2025-11-13T23:43:13.782+0530] {logging_mixin.py:188} INFO - [2025-11-13T23:43:13.781+0530] {dagbag.py:545} INFO - Filling up the DagBag from /home/logi/txtai/venv/lib/python3.10/site-packages/airflow/example_dags/example_latest_only.py
[2025-11-13T23:43:13.790+0530] {processor.py:840} INFO - DAG(s) 'latest_only' retrieved from /home/logi/txtai/venv/lib/python3.10/site-packages/airflow/example_dags/example_latest_only.py
[2025-11-13T23:43:13.844+0530] {logging_mixin.py:188} INFO - [2025-11-13T23:43:13.843+0530] {dag.py:3089} INFO - Sync 1 DAGs
[2025-11-13T23:43:13.879+0530] {logging_mixin.py:188} INFO - [2025-11-13T23:43:13.879+0530] {dag.py:3947} INFO - Setting next_dagrun for latest_only to 2025-11-13 12:00:00+00:00, run_after=2025-11-13 16:00:00+00:00
[2025-11-13T23:43:13.897+0530] {processor.py:183} INFO - Processing /home/logi/txtai/venv/lib/python3.10/site-packages/airflow/example_dags/example_latest_only.py took 0.148 seconds
[2025-11-13T23:43:44.110+0530] {processor.py:161} INFO - Started process (PID=22085) to work on /home/logi/txtai/venv/lib/python3.10/site-packages/airflow/example_dags/example_latest_only.py
[2025-11-13T23:43:44.112+0530] {processor.py:830} INFO - Processing file /home/logi/txtai/venv/lib/python3.10/site-packages/airflow/example_dags/example_latest_only.py for tasks to queue
[2025-11-13T23:43:44.115+0530] {logging_mixin.py:188} INFO - [2025-11-13T23:43:44.114+0530] {dagbag.py:545} INFO - Filling up the DagBag from /home/logi/txtai/venv/lib/python3.10/site-packages/airflow/example_dags/example_latest_only.py
[2025-11-13T23:43:44.122+0530] {processor.py:840} INFO - DAG(s) 'latest_only' retrieved from /home/logi/txtai/venv/lib/python3.10/site-packages/airflow/example_dags/example_latest_only.py
[2025-11-13T23:43:44.178+0530] {logging_mixin.py:188} INFO - [2025-11-13T23:43:44.178+0530] {dag.py:3089} INFO - Sync 1 DAGs
[2025-11-13T23:43:44.221+0530] {logging_mixin.py:188} INFO - [2025-11-13T23:43:44.220+0530] {dag.py:3947} INFO - Setting next_dagrun for latest_only to 2025-11-13 12:00:00+00:00, run_after=2025-11-13 16:00:00+00:00
[2025-11-13T23:43:44.256+0530] {processor.py:183} INFO - Processing /home/logi/txtai/venv/lib/python3.10/site-packages/airflow/example_dags/example_latest_only.py took 0.157 seconds
[2025-11-13T23:44:15.195+0530] {processor.py:161} INFO - Started process (PID=22449) to work on /home/logi/txtai/venv/lib/python3.10/site-packages/airflow/example_dags/example_latest_only.py
[2025-11-13T23:44:15.197+0530] {processor.py:830} INFO - Processing file /home/logi/txtai/venv/lib/python3.10/site-packages/airflow/example_dags/example_latest_only.py for tasks to queue
[2025-11-13T23:44:15.199+0530] {logging_mixin.py:188} INFO - [2025-11-13T23:44:15.199+0530] {dagbag.py:545} INFO - Filling up the DagBag from /home/logi/txtai/venv/lib/python3.10/site-packages/airflow/example_dags/example_latest_only.py
[2025-11-13T23:44:15.207+0530] {processor.py:840} INFO - DAG(s) 'latest_only' retrieved from /home/logi/txtai/venv/lib/python3.10/site-packages/airflow/example_dags/example_latest_only.py
[2025-11-13T23:44:15.254+0530] {logging_mixin.py:188} INFO - [2025-11-13T23:44:15.253+0530] {dag.py:3089} INFO - Sync 1 DAGs
[2025-11-13T23:44:15.293+0530] {logging_mixin.py:188} INFO - [2025-11-13T23:44:15.293+0530] {dag.py:3947} INFO - Setting next_dagrun for latest_only to 2025-11-13 12:00:00+00:00, run_after=2025-11-13 16:00:00+00:00
[2025-11-13T23:44:15.323+0530] {processor.py:183} INFO - Processing /home/logi/txtai/venv/lib/python3.10/site-packages/airflow/example_dags/example_latest_only.py took 0.139 seconds
[2025-11-13T23:44:46.197+0530] {processor.py:161} INFO - Started process (PID=23022) to work on /home/logi/txtai/venv/lib/python3.10/site-packages/airflow/example_dags/example_latest_only.py
[2025-11-13T23:44:46.199+0530] {processor.py:830} INFO - Processing file /home/logi/txtai/venv/lib/python3.10/site-packages/airflow/example_dags/example_latest_only.py for tasks to queue
[2025-11-13T23:44:46.201+0530] {logging_mixin.py:188} INFO - [2025-11-13T23:44:46.201+0530] {dagbag.py:545} INFO - Filling up the DagBag from /home/logi/txtai/venv/lib/python3.10/site-packages/airflow/example_dags/example_latest_only.py
[2025-11-13T23:44:46.209+0530] {processor.py:840} INFO - DAG(s) 'latest_only' retrieved from /home/logi/txtai/venv/lib/python3.10/site-packages/airflow/example_dags/example_latest_only.py
[2025-11-13T23:44:46.270+0530] {logging_mixin.py:188} INFO - [2025-11-13T23:44:46.270+0530] {dag.py:3089} INFO - Sync 1 DAGs
[2025-11-13T23:44:46.294+0530] {logging_mixin.py:188} INFO - [2025-11-13T23:44:46.293+0530] {dag.py:3947} INFO - Setting next_dagrun for latest_only to 2025-11-13 12:00:00+00:00, run_after=2025-11-13 16:00:00+00:00
[2025-11-13T23:44:46.316+0530] {processor.py:183} INFO - Processing /home/logi/txtai/venv/lib/python3.10/site-packages/airflow/example_dags/example_latest_only.py took 0.131 seconds
[2025-11-13T23:45:17.773+0530] {processor.py:161} INFO - Started process (PID=23561) to work on /home/logi/txtai/venv/lib/python3.10/site-packages/airflow/example_dags/example_latest_only.py
[2025-11-13T23:45:17.775+0530] {processor.py:830} INFO - Processing file /home/logi/txtai/venv/lib/python3.10/site-packages/airflow/example_dags/example_latest_only.py for tasks to queue
[2025-11-13T23:45:17.778+0530] {logging_mixin.py:188} INFO - [2025-11-13T23:45:17.777+0530] {dagbag.py:545} INFO - Filling up the DagBag from /home/logi/txtai/venv/lib/python3.10/site-packages/airflow/example_dags/example_latest_only.py
[2025-11-13T23:45:17.786+0530] {processor.py:840} INFO - DAG(s) 'latest_only' retrieved from /home/logi/txtai/venv/lib/python3.10/site-packages/airflow/example_dags/example_latest_only.py
[2025-11-13T23:45:17.842+0530] {logging_mixin.py:188} INFO - [2025-11-13T23:45:17.842+0530] {dag.py:3089} INFO - Sync 1 DAGs
[2025-11-13T23:45:17.875+0530] {logging_mixin.py:188} INFO - [2025-11-13T23:45:17.875+0530] {dag.py:3947} INFO - Setting next_dagrun for latest_only to 2025-11-13 12:00:00+00:00, run_after=2025-11-13 16:00:00+00:00
[2025-11-13T23:45:17.906+0530] {processor.py:183} INFO - Processing /home/logi/txtai/venv/lib/python3.10/site-packages/airflow/example_dags/example_latest_only.py took 0.144 seconds
[2025-11-13T23:45:48.580+0530] {processor.py:161} INFO - Started process (PID=23921) to work on /home/logi/txtai/venv/lib/python3.10/site-packages/airflow/example_dags/example_latest_only.py
[2025-11-13T23:45:48.582+0530] {processor.py:830} INFO - Processing file /home/logi/txtai/venv/lib/python3.10/site-packages/airflow/example_dags/example_latest_only.py for tasks to queue
[2025-11-13T23:45:48.584+0530] {logging_mixin.py:188} INFO - [2025-11-13T23:45:48.584+0530] {dagbag.py:545} INFO - Filling up the DagBag from /home/logi/txtai/venv/lib/python3.10/site-packages/airflow/example_dags/example_latest_only.py
[2025-11-13T23:45:48.593+0530] {processor.py:840} INFO - DAG(s) 'latest_only' retrieved from /home/logi/txtai/venv/lib/python3.10/site-packages/airflow/example_dags/example_latest_only.py
[2025-11-13T23:45:48.648+0530] {logging_mixin.py:188} INFO - [2025-11-13T23:45:48.648+0530] {dag.py:3089} INFO - Sync 1 DAGs
[2025-11-13T23:45:48.688+0530] {logging_mixin.py:188} INFO - [2025-11-13T23:45:48.688+0530] {dag.py:3947} INFO - Setting next_dagrun for latest_only to 2025-11-13 12:00:00+00:00, run_after=2025-11-13 16:00:00+00:00
[2025-11-13T23:45:48.723+0530] {processor.py:183} INFO - Processing /home/logi/txtai/venv/lib/python3.10/site-packages/airflow/example_dags/example_latest_only.py took 0.154 seconds
[2025-11-13T23:46:21.810+0530] {processor.py:161} INFO - Started process (PID=24475) to work on /home/logi/txtai/venv/lib/python3.10/site-packages/airflow/example_dags/example_latest_only.py
[2025-11-13T23:46:21.813+0530] {processor.py:830} INFO - Processing file /home/logi/txtai/venv/lib/python3.10/site-packages/airflow/example_dags/example_latest_only.py for tasks to queue
[2025-11-13T23:46:21.816+0530] {logging_mixin.py:188} INFO - [2025-11-13T23:46:21.815+0530] {dagbag.py:545} INFO - Filling up the DagBag from /home/logi/txtai/venv/lib/python3.10/site-packages/airflow/example_dags/example_latest_only.py
[2025-11-13T23:46:21.835+0530] {processor.py:840} INFO - DAG(s) 'latest_only' retrieved from /home/logi/txtai/venv/lib/python3.10/site-packages/airflow/example_dags/example_latest_only.py
[2025-11-13T23:46:21.943+0530] {logging_mixin.py:188} INFO - [2025-11-13T23:46:21.942+0530] {dag.py:3089} INFO - Sync 1 DAGs
[2025-11-13T23:46:22.010+0530] {logging_mixin.py:188} INFO - [2025-11-13T23:46:22.009+0530] {dag.py:3947} INFO - Setting next_dagrun for latest_only to 2025-11-13 12:00:00+00:00, run_after=2025-11-13 16:00:00+00:00
[2025-11-13T23:46:22.077+0530] {processor.py:183} INFO - Processing /home/logi/txtai/venv/lib/python3.10/site-packages/airflow/example_dags/example_latest_only.py took 0.291 seconds
[2025-11-13T23:46:52.521+0530] {processor.py:161} INFO - Started process (PID=24887) to work on /home/logi/txtai/venv/lib/python3.10/site-packages/airflow/example_dags/example_latest_only.py
[2025-11-13T23:46:52.523+0530] {processor.py:830} INFO - Processing file /home/logi/txtai/venv/lib/python3.10/site-packages/airflow/example_dags/example_latest_only.py for tasks to queue
[2025-11-13T23:46:52.526+0530] {logging_mixin.py:188} INFO - [2025-11-13T23:46:52.525+0530] {dagbag.py:545} INFO - Filling up the DagBag from /home/logi/txtai/venv/lib/python3.10/site-packages/airflow/example_dags/example_latest_only.py
[2025-11-13T23:46:52.534+0530] {processor.py:840} INFO - DAG(s) 'latest_only' retrieved from /home/logi/txtai/venv/lib/python3.10/site-packages/airflow/example_dags/example_latest_only.py
[2025-11-13T23:46:52.589+0530] {logging_mixin.py:188} INFO - [2025-11-13T23:46:52.589+0530] {dag.py:3089} INFO - Sync 1 DAGs
[2025-11-13T23:46:52.628+0530] {logging_mixin.py:188} INFO - [2025-11-13T23:46:52.628+0530] {dag.py:3947} INFO - Setting next_dagrun for latest_only to 2025-11-13 12:00:00+00:00, run_after=2025-11-13 16:00:00+00:00
[2025-11-13T23:46:52.662+0530] {processor.py:183} INFO - Processing /home/logi/txtai/venv/lib/python3.10/site-packages/airflow/example_dags/example_latest_only.py took 0.153 seconds
[2025-11-13T23:47:23.056+0530] {processor.py:161} INFO - Started process (PID=25391) to work on /home/logi/txtai/venv/lib/python3.10/site-packages/airflow/example_dags/example_latest_only.py
[2025-11-13T23:47:23.060+0530] {processor.py:830} INFO - Processing file /home/logi/txtai/venv/lib/python3.10/site-packages/airflow/example_dags/example_latest_only.py for tasks to queue
[2025-11-13T23:47:23.065+0530] {logging_mixin.py:188} INFO - [2025-11-13T23:47:23.065+0530] {dagbag.py:545} INFO - Filling up the DagBag from /home/logi/txtai/venv/lib/python3.10/site-packages/airflow/example_dags/example_latest_only.py
[2025-11-13T23:47:23.079+0530] {processor.py:840} INFO - DAG(s) 'latest_only' retrieved from /home/logi/txtai/venv/lib/python3.10/site-packages/airflow/example_dags/example_latest_only.py
[2025-11-13T23:47:23.189+0530] {logging_mixin.py:188} INFO - [2025-11-13T23:47:23.188+0530] {dag.py:3089} INFO - Sync 1 DAGs
[2025-11-13T23:47:23.242+0530] {logging_mixin.py:188} INFO - [2025-11-13T23:47:23.242+0530] {dag.py:3947} INFO - Setting next_dagrun for latest_only to 2025-11-13 12:00:00+00:00, run_after=2025-11-13 16:00:00+00:00
[2025-11-13T23:47:23.277+0530] {processor.py:183} INFO - Processing /home/logi/txtai/venv/lib/python3.10/site-packages/airflow/example_dags/example_latest_only.py took 0.249 seconds
[2025-11-13T23:47:55.447+0530] {processor.py:161} INFO - Started process (PID=25661) to work on /home/logi/txtai/venv/lib/python3.10/site-packages/airflow/example_dags/example_latest_only.py
[2025-11-13T23:47:55.448+0530] {processor.py:830} INFO - Processing file /home/logi/txtai/venv/lib/python3.10/site-packages/airflow/example_dags/example_latest_only.py for tasks to queue
[2025-11-13T23:47:55.450+0530] {logging_mixin.py:188} INFO - [2025-11-13T23:47:55.449+0530] {dagbag.py:545} INFO - Filling up the DagBag from /home/logi/txtai/venv/lib/python3.10/site-packages/airflow/example_dags/example_latest_only.py
[2025-11-13T23:47:55.457+0530] {processor.py:840} INFO - DAG(s) 'latest_only' retrieved from /home/logi/txtai/venv/lib/python3.10/site-packages/airflow/example_dags/example_latest_only.py
[2025-11-13T23:47:55.487+0530] {logging_mixin.py:188} INFO - [2025-11-13T23:47:55.487+0530] {dag.py:3089} INFO - Sync 1 DAGs
[2025-11-13T23:47:55.518+0530] {logging_mixin.py:188} INFO - [2025-11-13T23:47:55.518+0530] {dag.py:3947} INFO - Setting next_dagrun for latest_only to 2025-11-13 12:00:00+00:00, run_after=2025-11-13 16:00:00+00:00
[2025-11-13T23:47:55.554+0530] {processor.py:183} INFO - Processing /home/logi/txtai/venv/lib/python3.10/site-packages/airflow/example_dags/example_latest_only.py took 0.118 seconds
[2025-11-13T23:48:28.432+0530] {processor.py:161} INFO - Started process (PID=26196) to work on /home/logi/txtai/venv/lib/python3.10/site-packages/airflow/example_dags/example_latest_only.py
[2025-11-13T23:48:28.445+0530] {processor.py:830} INFO - Processing file /home/logi/txtai/venv/lib/python3.10/site-packages/airflow/example_dags/example_latest_only.py for tasks to queue
[2025-11-13T23:48:28.448+0530] {logging_mixin.py:188} INFO - [2025-11-13T23:48:28.447+0530] {dagbag.py:545} INFO - Filling up the DagBag from /home/logi/txtai/venv/lib/python3.10/site-packages/airflow/example_dags/example_latest_only.py
[2025-11-13T23:48:28.456+0530] {processor.py:840} INFO - DAG(s) 'latest_only' retrieved from /home/logi/txtai/venv/lib/python3.10/site-packages/airflow/example_dags/example_latest_only.py
[2025-11-13T23:48:28.496+0530] {logging_mixin.py:188} INFO - [2025-11-13T23:48:28.496+0530] {dag.py:3089} INFO - Sync 1 DAGs
[2025-11-13T23:48:28.527+0530] {logging_mixin.py:188} INFO - [2025-11-13T23:48:28.527+0530] {dag.py:3947} INFO - Setting next_dagrun for latest_only to 2025-11-13 12:00:00+00:00, run_after=2025-11-13 16:00:00+00:00
[2025-11-13T23:48:28.556+0530] {processor.py:183} INFO - Processing /home/logi/txtai/venv/lib/python3.10/site-packages/airflow/example_dags/example_latest_only.py took 0.138 seconds
[2025-11-13T23:48:59.593+0530] {processor.py:161} INFO - Started process (PID=26448) to work on /home/logi/txtai/venv/lib/python3.10/site-packages/airflow/example_dags/example_latest_only.py
[2025-11-13T23:48:59.595+0530] {processor.py:830} INFO - Processing file /home/logi/txtai/venv/lib/python3.10/site-packages/airflow/example_dags/example_latest_only.py for tasks to queue
[2025-11-13T23:48:59.598+0530] {logging_mixin.py:188} INFO - [2025-11-13T23:48:59.598+0530] {dagbag.py:545} INFO - Filling up the DagBag from /home/logi/txtai/venv/lib/python3.10/site-packages/airflow/example_dags/example_latest_only.py
[2025-11-13T23:48:59.608+0530] {processor.py:840} INFO - DAG(s) 'latest_only' retrieved from /home/logi/txtai/venv/lib/python3.10/site-packages/airflow/example_dags/example_latest_only.py
[2025-11-13T23:48:59.667+0530] {logging_mixin.py:188} INFO - [2025-11-13T23:48:59.666+0530] {dag.py:3089} INFO - Sync 1 DAGs
[2025-11-13T23:48:59.709+0530] {logging_mixin.py:188} INFO - [2025-11-13T23:48:59.709+0530] {dag.py:3947} INFO - Setting next_dagrun for latest_only to 2025-11-13 12:00:00+00:00, run_after=2025-11-13 16:00:00+00:00
[2025-11-13T23:48:59.750+0530] {processor.py:183} INFO - Processing /home/logi/txtai/venv/lib/python3.10/site-packages/airflow/example_dags/example_latest_only.py took 0.170 seconds
[2025-11-13T23:49:30.283+0530] {processor.py:161} INFO - Started process (PID=27002) to work on /home/logi/txtai/venv/lib/python3.10/site-packages/airflow/example_dags/example_latest_only.py
[2025-11-13T23:49:30.299+0530] {processor.py:830} INFO - Processing file /home/logi/txtai/venv/lib/python3.10/site-packages/airflow/example_dags/example_latest_only.py for tasks to queue
[2025-11-13T23:49:30.305+0530] {logging_mixin.py:188} INFO - [2025-11-13T23:49:30.304+0530] {dagbag.py:545} INFO - Filling up the DagBag from /home/logi/txtai/venv/lib/python3.10/site-packages/airflow/example_dags/example_latest_only.py
[2025-11-13T23:49:30.328+0530] {processor.py:840} INFO - DAG(s) 'latest_only' retrieved from /home/logi/txtai/venv/lib/python3.10/site-packages/airflow/example_dags/example_latest_only.py
[2025-11-13T23:49:30.410+0530] {logging_mixin.py:188} INFO - [2025-11-13T23:49:30.409+0530] {dag.py:3089} INFO - Sync 1 DAGs
[2025-11-13T23:49:30.470+0530] {logging_mixin.py:188} INFO - [2025-11-13T23:49:30.469+0530] {dag.py:3947} INFO - Setting next_dagrun for latest_only to 2025-11-13 12:00:00+00:00, run_after=2025-11-13 16:00:00+00:00
[2025-11-13T23:49:30.518+0530] {processor.py:183} INFO - Processing /home/logi/txtai/venv/lib/python3.10/site-packages/airflow/example_dags/example_latest_only.py took 0.263 seconds
[2025-11-13T23:50:01.620+0530] {processor.py:161} INFO - Started process (PID=27245) to work on /home/logi/txtai/venv/lib/python3.10/site-packages/airflow/example_dags/example_latest_only.py
[2025-11-13T23:50:01.636+0530] {processor.py:830} INFO - Processing file /home/logi/txtai/venv/lib/python3.10/site-packages/airflow/example_dags/example_latest_only.py for tasks to queue
[2025-11-13T23:50:01.644+0530] {logging_mixin.py:188} INFO - [2025-11-13T23:50:01.643+0530] {dagbag.py:545} INFO - Filling up the DagBag from /home/logi/txtai/venv/lib/python3.10/site-packages/airflow/example_dags/example_latest_only.py
[2025-11-13T23:50:01.669+0530] {processor.py:840} INFO - DAG(s) 'latest_only' retrieved from /home/logi/txtai/venv/lib/python3.10/site-packages/airflow/example_dags/example_latest_only.py
[2025-11-13T23:50:01.775+0530] {logging_mixin.py:188} INFO - [2025-11-13T23:50:01.774+0530] {dag.py:3089} INFO - Sync 1 DAGs
[2025-11-13T23:50:01.836+0530] {logging_mixin.py:188} INFO - [2025-11-13T23:50:01.835+0530] {dag.py:3947} INFO - Setting next_dagrun for latest_only to 2025-11-13 12:00:00+00:00, run_after=2025-11-13 16:00:00+00:00
[2025-11-13T23:50:01.892+0530] {processor.py:183} INFO - Processing /home/logi/txtai/venv/lib/python3.10/site-packages/airflow/example_dags/example_latest_only.py took 0.291 seconds
[2025-11-13T23:50:32.116+0530] {processor.py:161} INFO - Started process (PID=27915) to work on /home/logi/txtai/venv/lib/python3.10/site-packages/airflow/example_dags/example_latest_only.py
[2025-11-13T23:50:32.118+0530] {processor.py:830} INFO - Processing file /home/logi/txtai/venv/lib/python3.10/site-packages/airflow/example_dags/example_latest_only.py for tasks to queue
[2025-11-13T23:50:32.121+0530] {logging_mixin.py:188} INFO - [2025-11-13T23:50:32.121+0530] {dagbag.py:545} INFO - Filling up the DagBag from /home/logi/txtai/venv/lib/python3.10/site-packages/airflow/example_dags/example_latest_only.py
[2025-11-13T23:50:32.133+0530] {processor.py:840} INFO - DAG(s) 'latest_only' retrieved from /home/logi/txtai/venv/lib/python3.10/site-packages/airflow/example_dags/example_latest_only.py
[2025-11-13T23:50:32.182+0530] {logging_mixin.py:188} INFO - [2025-11-13T23:50:32.182+0530] {dag.py:3089} INFO - Sync 1 DAGs
[2025-11-13T23:50:32.212+0530] {logging_mixin.py:188} INFO - [2025-11-13T23:50:32.211+0530] {dag.py:3947} INFO - Setting next_dagrun for latest_only to 2025-11-13 12:00:00+00:00, run_after=2025-11-13 16:00:00+00:00
[2025-11-13T23:50:32.248+0530] {processor.py:183} INFO - Processing /home/logi/txtai/venv/lib/python3.10/site-packages/airflow/example_dags/example_latest_only.py took 0.146 seconds
[2025-11-13T23:51:02.952+0530] {processor.py:161} INFO - Started process (PID=28466) to work on /home/logi/txtai/venv/lib/python3.10/site-packages/airflow/example_dags/example_latest_only.py
[2025-11-13T23:51:02.954+0530] {processor.py:830} INFO - Processing file /home/logi/txtai/venv/lib/python3.10/site-packages/airflow/example_dags/example_latest_only.py for tasks to queue
[2025-11-13T23:51:02.959+0530] {logging_mixin.py:188} INFO - [2025-11-13T23:51:02.958+0530] {dagbag.py:545} INFO - Filling up the DagBag from /home/logi/txtai/venv/lib/python3.10/site-packages/airflow/example_dags/example_latest_only.py
[2025-11-13T23:51:02.974+0530] {processor.py:840} INFO - DAG(s) 'latest_only' retrieved from /home/logi/txtai/venv/lib/python3.10/site-packages/airflow/example_dags/example_latest_only.py
[2025-11-13T23:51:03.032+0530] {logging_mixin.py:188} INFO - [2025-11-13T23:51:03.031+0530] {dag.py:3089} INFO - Sync 1 DAGs
[2025-11-13T23:51:03.068+0530] {logging_mixin.py:188} INFO - [2025-11-13T23:51:03.067+0530] {dag.py:3947} INFO - Setting next_dagrun for latest_only to 2025-11-13 12:00:00+00:00, run_after=2025-11-13 16:00:00+00:00
[2025-11-13T23:51:03.109+0530] {processor.py:183} INFO - Processing /home/logi/txtai/venv/lib/python3.10/site-packages/airflow/example_dags/example_latest_only.py took 0.171 seconds
[2025-11-13T23:51:33.486+0530] {processor.py:161} INFO - Started process (PID=28855) to work on /home/logi/txtai/venv/lib/python3.10/site-packages/airflow/example_dags/example_latest_only.py
[2025-11-13T23:51:33.488+0530] {processor.py:830} INFO - Processing file /home/logi/txtai/venv/lib/python3.10/site-packages/airflow/example_dags/example_latest_only.py for tasks to queue
[2025-11-13T23:51:33.490+0530] {logging_mixin.py:188} INFO - [2025-11-13T23:51:33.490+0530] {dagbag.py:545} INFO - Filling up the DagBag from /home/logi/txtai/venv/lib/python3.10/site-packages/airflow/example_dags/example_latest_only.py
[2025-11-13T23:51:33.499+0530] {processor.py:840} INFO - DAG(s) 'latest_only' retrieved from /home/logi/txtai/venv/lib/python3.10/site-packages/airflow/example_dags/example_latest_only.py
[2025-11-13T23:51:33.549+0530] {logging_mixin.py:188} INFO - [2025-11-13T23:51:33.548+0530] {dag.py:3089} INFO - Sync 1 DAGs
[2025-11-13T23:51:33.589+0530] {logging_mixin.py:188} INFO - [2025-11-13T23:51:33.588+0530] {dag.py:3947} INFO - Setting next_dagrun for latest_only to 2025-11-13 12:00:00+00:00, run_after=2025-11-13 16:00:00+00:00
[2025-11-13T23:51:33.619+0530] {processor.py:183} INFO - Processing /home/logi/txtai/venv/lib/python3.10/site-packages/airflow/example_dags/example_latest_only.py took 0.144 seconds
[2025-11-13T23:52:06.873+0530] {processor.py:161} INFO - Started process (PID=29407) to work on /home/logi/txtai/venv/lib/python3.10/site-packages/airflow/example_dags/example_latest_only.py
[2025-11-13T23:52:06.887+0530] {processor.py:830} INFO - Processing file /home/logi/txtai/venv/lib/python3.10/site-packages/airflow/example_dags/example_latest_only.py for tasks to queue
[2025-11-13T23:52:06.889+0530] {logging_mixin.py:188} INFO - [2025-11-13T23:52:06.889+0530] {dagbag.py:545} INFO - Filling up the DagBag from /home/logi/txtai/venv/lib/python3.10/site-packages/airflow/example_dags/example_latest_only.py
[2025-11-13T23:52:06.895+0530] {processor.py:840} INFO - DAG(s) 'latest_only' retrieved from /home/logi/txtai/venv/lib/python3.10/site-packages/airflow/example_dags/example_latest_only.py
[2025-11-13T23:52:06.948+0530] {logging_mixin.py:188} INFO - [2025-11-13T23:52:06.948+0530] {dag.py:3089} INFO - Sync 1 DAGs
[2025-11-13T23:52:07.012+0530] {logging_mixin.py:188} INFO - [2025-11-13T23:52:07.011+0530] {dag.py:3947} INFO - Setting next_dagrun for latest_only to 2025-11-13 12:00:00+00:00, run_after=2025-11-13 16:00:00+00:00
[2025-11-13T23:52:07.076+0530] {processor.py:183} INFO - Processing /home/logi/txtai/venv/lib/python3.10/site-packages/airflow/example_dags/example_latest_only.py took 0.232 seconds
[2025-11-13T23:52:37.178+0530] {processor.py:161} INFO - Started process (PID=29918) to work on /home/logi/txtai/venv/lib/python3.10/site-packages/airflow/example_dags/example_latest_only.py
[2025-11-13T23:52:37.179+0530] {processor.py:830} INFO - Processing file /home/logi/txtai/venv/lib/python3.10/site-packages/airflow/example_dags/example_latest_only.py for tasks to queue
[2025-11-13T23:52:37.181+0530] {logging_mixin.py:188} INFO - [2025-11-13T23:52:37.181+0530] {dagbag.py:545} INFO - Filling up the DagBag from /home/logi/txtai/venv/lib/python3.10/site-packages/airflow/example_dags/example_latest_only.py
[2025-11-13T23:52:37.185+0530] {processor.py:840} INFO - DAG(s) 'latest_only' retrieved from /home/logi/txtai/venv/lib/python3.10/site-packages/airflow/example_dags/example_latest_only.py
[2025-11-13T23:52:37.235+0530] {logging_mixin.py:188} INFO - [2025-11-13T23:52:37.234+0530] {dag.py:3089} INFO - Sync 1 DAGs
[2025-11-13T23:52:37.271+0530] {logging_mixin.py:188} INFO - [2025-11-13T23:52:37.270+0530] {dag.py:3947} INFO - Setting next_dagrun for latest_only to 2025-11-13 12:00:00+00:00, run_after=2025-11-13 16:00:00+00:00
[2025-11-13T23:52:37.304+0530] {processor.py:183} INFO - Processing /home/logi/txtai/venv/lib/python3.10/site-packages/airflow/example_dags/example_latest_only.py took 0.132 seconds
[2025-11-13T23:53:09.944+0530] {processor.py:161} INFO - Started process (PID=30228) to work on /home/logi/txtai/venv/lib/python3.10/site-packages/airflow/example_dags/example_latest_only.py
[2025-11-13T23:53:09.949+0530] {processor.py:830} INFO - Processing file /home/logi/txtai/venv/lib/python3.10/site-packages/airflow/example_dags/example_latest_only.py for tasks to queue
[2025-11-13T23:53:09.955+0530] {logging_mixin.py:188} INFO - [2025-11-13T23:53:09.954+0530] {dagbag.py:545} INFO - Filling up the DagBag from /home/logi/txtai/venv/lib/python3.10/site-packages/airflow/example_dags/example_latest_only.py
[2025-11-13T23:53:09.977+0530] {processor.py:840} INFO - DAG(s) 'latest_only' retrieved from /home/logi/txtai/venv/lib/python3.10/site-packages/airflow/example_dags/example_latest_only.py
[2025-11-13T23:53:10.069+0530] {logging_mixin.py:188} INFO - [2025-11-13T23:53:10.068+0530] {dag.py:3089} INFO - Sync 1 DAGs
[2025-11-13T23:53:10.123+0530] {logging_mixin.py:188} INFO - [2025-11-13T23:53:10.122+0530] {dag.py:3947} INFO - Setting next_dagrun for latest_only to 2025-11-13 12:00:00+00:00, run_after=2025-11-13 16:00:00+00:00
[2025-11-13T23:53:10.157+0530] {processor.py:183} INFO - Processing /home/logi/txtai/venv/lib/python3.10/site-packages/airflow/example_dags/example_latest_only.py took 0.247 seconds
[2025-11-13T23:53:40.907+0530] {processor.py:161} INFO - Started process (PID=30566) to work on /home/logi/txtai/venv/lib/python3.10/site-packages/airflow/example_dags/example_latest_only.py
[2025-11-13T23:53:40.908+0530] {processor.py:830} INFO - Processing file /home/logi/txtai/venv/lib/python3.10/site-packages/airflow/example_dags/example_latest_only.py for tasks to queue
[2025-11-13T23:53:40.911+0530] {logging_mixin.py:188} INFO - [2025-11-13T23:53:40.911+0530] {dagbag.py:545} INFO - Filling up the DagBag from /home/logi/txtai/venv/lib/python3.10/site-packages/airflow/example_dags/example_latest_only.py
[2025-11-13T23:53:40.919+0530] {processor.py:840} INFO - DAG(s) 'latest_only' retrieved from /home/logi/txtai/venv/lib/python3.10/site-packages/airflow/example_dags/example_latest_only.py
[2025-11-13T23:53:40.959+0530] {logging_mixin.py:188} INFO - [2025-11-13T23:53:40.959+0530] {dag.py:3089} INFO - Sync 1 DAGs
[2025-11-13T23:53:40.986+0530] {logging_mixin.py:188} INFO - [2025-11-13T23:53:40.986+0530] {dag.py:3947} INFO - Setting next_dagrun for latest_only to 2025-11-13 12:00:00+00:00, run_after=2025-11-13 16:00:00+00:00
[2025-11-13T23:53:41.019+0530] {processor.py:183} INFO - Processing /home/logi/txtai/venv/lib/python3.10/site-packages/airflow/example_dags/example_latest_only.py took 0.127 seconds
[2025-11-13T23:54:11.761+0530] {processor.py:161} INFO - Started process (PID=30876) to work on /home/logi/txtai/venv/lib/python3.10/site-packages/airflow/example_dags/example_latest_only.py
[2025-11-13T23:54:11.778+0530] {processor.py:830} INFO - Processing file /home/logi/txtai/venv/lib/python3.10/site-packages/airflow/example_dags/example_latest_only.py for tasks to queue
[2025-11-13T23:54:11.786+0530] {logging_mixin.py:188} INFO - [2025-11-13T23:54:11.785+0530] {dagbag.py:545} INFO - Filling up the DagBag from /home/logi/txtai/venv/lib/python3.10/site-packages/airflow/example_dags/example_latest_only.py
[2025-11-13T23:54:11.812+0530] {processor.py:840} INFO - DAG(s) 'latest_only' retrieved from /home/logi/txtai/venv/lib/python3.10/site-packages/airflow/example_dags/example_latest_only.py
[2025-11-13T23:54:11.908+0530] {logging_mixin.py:188} INFO - [2025-11-13T23:54:11.907+0530] {dag.py:3089} INFO - Sync 1 DAGs
[2025-11-13T23:54:11.971+0530] {logging_mixin.py:188} INFO - [2025-11-13T23:54:11.970+0530] {dag.py:3947} INFO - Setting next_dagrun for latest_only to 2025-11-13 12:00:00+00:00, run_after=2025-11-13 16:00:00+00:00
[2025-11-13T23:54:12.029+0530] {processor.py:183} INFO - Processing /home/logi/txtai/venv/lib/python3.10/site-packages/airflow/example_dags/example_latest_only.py took 0.301 seconds
[2025-11-13T23:54:42.877+0530] {processor.py:161} INFO - Started process (PID=31466) to work on /home/logi/txtai/venv/lib/python3.10/site-packages/airflow/example_dags/example_latest_only.py
[2025-11-13T23:54:42.882+0530] {processor.py:830} INFO - Processing file /home/logi/txtai/venv/lib/python3.10/site-packages/airflow/example_dags/example_latest_only.py for tasks to queue
[2025-11-13T23:54:42.888+0530] {logging_mixin.py:188} INFO - [2025-11-13T23:54:42.888+0530] {dagbag.py:545} INFO - Filling up the DagBag from /home/logi/txtai/venv/lib/python3.10/site-packages/airflow/example_dags/example_latest_only.py
[2025-11-13T23:54:42.914+0530] {processor.py:840} INFO - DAG(s) 'latest_only' retrieved from /home/logi/txtai/venv/lib/python3.10/site-packages/airflow/example_dags/example_latest_only.py
[2025-11-13T23:54:43.001+0530] {logging_mixin.py:188} INFO - [2025-11-13T23:54:43.000+0530] {dag.py:3089} INFO - Sync 1 DAGs
[2025-11-13T23:54:43.067+0530] {logging_mixin.py:188} INFO - [2025-11-13T23:54:43.066+0530] {dag.py:3947} INFO - Setting next_dagrun for latest_only to 2025-11-13 12:00:00+00:00, run_after=2025-11-13 16:00:00+00:00
[2025-11-13T23:54:43.136+0530] {processor.py:183} INFO - Processing /home/logi/txtai/venv/lib/python3.10/site-packages/airflow/example_dags/example_latest_only.py took 0.282 seconds
[2025-11-13T23:55:13.730+0530] {processor.py:161} INFO - Started process (PID=32018) to work on /home/logi/txtai/venv/lib/python3.10/site-packages/airflow/example_dags/example_latest_only.py
[2025-11-13T23:55:13.732+0530] {processor.py:830} INFO - Processing file /home/logi/txtai/venv/lib/python3.10/site-packages/airflow/example_dags/example_latest_only.py for tasks to queue
[2025-11-13T23:55:13.734+0530] {logging_mixin.py:188} INFO - [2025-11-13T23:55:13.733+0530] {dagbag.py:545} INFO - Filling up the DagBag from /home/logi/txtai/venv/lib/python3.10/site-packages/airflow/example_dags/example_latest_only.py
[2025-11-13T23:55:13.740+0530] {processor.py:840} INFO - DAG(s) 'latest_only' retrieved from /home/logi/txtai/venv/lib/python3.10/site-packages/airflow/example_dags/example_latest_only.py
[2025-11-13T23:55:13.780+0530] {logging_mixin.py:188} INFO - [2025-11-13T23:55:13.779+0530] {dag.py:3089} INFO - Sync 1 DAGs
[2025-11-13T23:55:13.800+0530] {logging_mixin.py:188} INFO - [2025-11-13T23:55:13.800+0530] {dag.py:3947} INFO - Setting next_dagrun for latest_only to 2025-11-13 12:00:00+00:00, run_after=2025-11-13 16:00:00+00:00
[2025-11-13T23:55:13.819+0530] {processor.py:183} INFO - Processing /home/logi/txtai/venv/lib/python3.10/site-packages/airflow/example_dags/example_latest_only.py took 0.098 seconds
[2025-11-13T23:55:44.533+0530] {processor.py:161} INFO - Started process (PID=32778) to work on /home/logi/txtai/venv/lib/python3.10/site-packages/airflow/example_dags/example_latest_only.py
[2025-11-13T23:55:44.535+0530] {processor.py:830} INFO - Processing file /home/logi/txtai/venv/lib/python3.10/site-packages/airflow/example_dags/example_latest_only.py for tasks to queue
[2025-11-13T23:55:44.538+0530] {logging_mixin.py:188} INFO - [2025-11-13T23:55:44.537+0530] {dagbag.py:545} INFO - Filling up the DagBag from /home/logi/txtai/venv/lib/python3.10/site-packages/airflow/example_dags/example_latest_only.py
[2025-11-13T23:55:44.547+0530] {processor.py:840} INFO - DAG(s) 'latest_only' retrieved from /home/logi/txtai/venv/lib/python3.10/site-packages/airflow/example_dags/example_latest_only.py
[2025-11-13T23:55:44.603+0530] {logging_mixin.py:188} INFO - [2025-11-13T23:55:44.603+0530] {dag.py:3089} INFO - Sync 1 DAGs
[2025-11-13T23:55:44.646+0530] {logging_mixin.py:188} INFO - [2025-11-13T23:55:44.645+0530] {dag.py:3947} INFO - Setting next_dagrun for latest_only to 2025-11-13 12:00:00+00:00, run_after=2025-11-13 16:00:00+00:00
[2025-11-13T23:55:44.682+0530] {processor.py:183} INFO - Processing /home/logi/txtai/venv/lib/python3.10/site-packages/airflow/example_dags/example_latest_only.py took 0.162 seconds
[2025-11-13T23:56:15.478+0530] {processor.py:161} INFO - Started process (PID=33545) to work on /home/logi/txtai/venv/lib/python3.10/site-packages/airflow/example_dags/example_latest_only.py
[2025-11-13T23:56:15.484+0530] {processor.py:830} INFO - Processing file /home/logi/txtai/venv/lib/python3.10/site-packages/airflow/example_dags/example_latest_only.py for tasks to queue
[2025-11-13T23:56:15.488+0530] {logging_mixin.py:188} INFO - [2025-11-13T23:56:15.486+0530] {dagbag.py:545} INFO - Filling up the DagBag from /home/logi/txtai/venv/lib/python3.10/site-packages/airflow/example_dags/example_latest_only.py
[2025-11-13T23:56:15.508+0530] {processor.py:840} INFO - DAG(s) 'latest_only' retrieved from /home/logi/txtai/venv/lib/python3.10/site-packages/airflow/example_dags/example_latest_only.py
[2025-11-13T23:56:15.620+0530] {logging_mixin.py:188} INFO - [2025-11-13T23:56:15.618+0530] {dag.py:3089} INFO - Sync 1 DAGs
[2025-11-13T23:56:15.700+0530] {logging_mixin.py:188} INFO - [2025-11-13T23:56:15.699+0530] {dag.py:3947} INFO - Setting next_dagrun for latest_only to 2025-11-13 12:00:00+00:00, run_after=2025-11-13 16:00:00+00:00
[2025-11-13T23:56:15.788+0530] {processor.py:183} INFO - Processing /home/logi/txtai/venv/lib/python3.10/site-packages/airflow/example_dags/example_latest_only.py took 0.340 seconds
[2025-11-13T23:56:46.391+0530] {processor.py:161} INFO - Started process (PID=34267) to work on /home/logi/txtai/venv/lib/python3.10/site-packages/airflow/example_dags/example_latest_only.py
[2025-11-13T23:56:46.396+0530] {processor.py:830} INFO - Processing file /home/logi/txtai/venv/lib/python3.10/site-packages/airflow/example_dags/example_latest_only.py for tasks to queue
[2025-11-13T23:56:46.397+0530] {logging_mixin.py:188} INFO - [2025-11-13T23:56:46.397+0530] {dagbag.py:545} INFO - Filling up the DagBag from /home/logi/txtai/venv/lib/python3.10/site-packages/airflow/example_dags/example_latest_only.py
[2025-11-13T23:56:46.415+0530] {processor.py:840} INFO - DAG(s) 'latest_only' retrieved from /home/logi/txtai/venv/lib/python3.10/site-packages/airflow/example_dags/example_latest_only.py
[2025-11-13T23:56:46.496+0530] {logging_mixin.py:188} INFO - [2025-11-13T23:56:46.495+0530] {dag.py:3089} INFO - Sync 1 DAGs
[2025-11-13T23:56:46.552+0530] {logging_mixin.py:188} INFO - [2025-11-13T23:56:46.552+0530] {dag.py:3947} INFO - Setting next_dagrun for latest_only to 2025-11-13 12:00:00+00:00, run_after=2025-11-13 16:00:00+00:00
[2025-11-13T23:56:46.620+0530] {processor.py:183} INFO - Processing /home/logi/txtai/venv/lib/python3.10/site-packages/airflow/example_dags/example_latest_only.py took 0.249 seconds
[2025-11-13T23:57:17.567+0530] {processor.py:161} INFO - Started process (PID=35022) to work on /home/logi/txtai/venv/lib/python3.10/site-packages/airflow/example_dags/example_latest_only.py
[2025-11-13T23:57:17.568+0530] {processor.py:830} INFO - Processing file /home/logi/txtai/venv/lib/python3.10/site-packages/airflow/example_dags/example_latest_only.py for tasks to queue
[2025-11-13T23:57:17.570+0530] {logging_mixin.py:188} INFO - [2025-11-13T23:57:17.569+0530] {dagbag.py:545} INFO - Filling up the DagBag from /home/logi/txtai/venv/lib/python3.10/site-packages/airflow/example_dags/example_latest_only.py
[2025-11-13T23:57:17.580+0530] {processor.py:840} INFO - DAG(s) 'latest_only' retrieved from /home/logi/txtai/venv/lib/python3.10/site-packages/airflow/example_dags/example_latest_only.py
[2025-11-13T23:57:17.633+0530] {logging_mixin.py:188} INFO - [2025-11-13T23:57:17.633+0530] {dag.py:3089} INFO - Sync 1 DAGs
[2025-11-13T23:57:17.672+0530] {logging_mixin.py:188} INFO - [2025-11-13T23:57:17.672+0530] {dag.py:3947} INFO - Setting next_dagrun for latest_only to 2025-11-13 12:00:00+00:00, run_after=2025-11-13 16:00:00+00:00
[2025-11-13T23:57:17.706+0530] {processor.py:183} INFO - Processing /home/logi/txtai/venv/lib/python3.10/site-packages/airflow/example_dags/example_latest_only.py took 0.152 seconds
