[2025-11-13T05:51:31.223+0530] {processor.py:161} INFO - Started process (PID=7000) to work on /home/logi/txtai/venv/lib/python3.10/site-packages/airflow/example_dags/example_branch_datetime_operator.py
[2025-11-13T05:51:31.224+0530] {processor.py:830} INFO - Processing file /home/logi/txtai/venv/lib/python3.10/site-packages/airflow/example_dags/example_branch_datetime_operator.py for tasks to queue
[2025-11-13T05:51:31.227+0530] {logging_mixin.py:188} INFO - [2025-11-13T05:51:31.226+0530] {dagbag.py:545} INFO - Filling up the DagBag from /home/logi/txtai/venv/lib/python3.10/site-packages/airflow/example_dags/example_branch_datetime_operator.py
[2025-11-13T05:51:31.242+0530] {processor.py:840} INFO - DAG(s) 'example_branch_datetime_operator', 'example_branch_datetime_operator_3', 'example_branch_datetime_operator_2' retrieved from /home/logi/txtai/venv/lib/python3.10/site-packages/airflow/example_dags/example_branch_datetime_operator.py
[2025-11-13T05:51:31.347+0530] {logging_mixin.py:188} INFO - [2025-11-13T05:51:31.347+0530] {dag.py:3089} INFO - Sync 3 DAGs
[2025-11-13T05:51:31.363+0530] {logging_mixin.py:188} INFO - [2025-11-13T05:51:31.362+0530] {dag.py:3947} INFO - Setting next_dagrun for example_branch_datetime_operator to 2025-11-12 00:00:00+00:00, run_after=2025-11-13 00:00:00+00:00
[2025-11-13T05:51:31.366+0530] {logging_mixin.py:188} INFO - [2025-11-13T05:51:31.365+0530] {dag.py:3947} INFO - Setting next_dagrun for example_branch_datetime_operator_2 to 2025-11-12 00:00:00+00:00, run_after=2025-11-13 00:00:00+00:00
[2025-11-13T05:51:31.368+0530] {logging_mixin.py:188} INFO - [2025-11-13T05:51:31.367+0530] {dag.py:3947} INFO - Setting next_dagrun for example_branch_datetime_operator_3 to 2025-11-12 00:00:00+00:00, run_after=2025-11-13 00:00:00+00:00
[2025-11-13T05:51:31.401+0530] {processor.py:183} INFO - Processing /home/logi/txtai/venv/lib/python3.10/site-packages/airflow/example_dags/example_branch_datetime_operator.py took 0.188 seconds
[2025-11-13T05:54:54.742+0530] {processor.py:161} INFO - Started process (PID=9337) to work on /home/logi/txtai/venv/lib/python3.10/site-packages/airflow/example_dags/example_branch_datetime_operator.py
[2025-11-13T05:54:54.755+0530] {processor.py:830} INFO - Processing file /home/logi/txtai/venv/lib/python3.10/site-packages/airflow/example_dags/example_branch_datetime_operator.py for tasks to queue
[2025-11-13T05:54:54.758+0530] {logging_mixin.py:188} INFO - [2025-11-13T05:54:54.758+0530] {dagbag.py:545} INFO - Filling up the DagBag from /home/logi/txtai/venv/lib/python3.10/site-packages/airflow/example_dags/example_branch_datetime_operator.py
[2025-11-13T05:54:54.776+0530] {processor.py:840} INFO - DAG(s) 'example_branch_datetime_operator', 'example_branch_datetime_operator_2', 'example_branch_datetime_operator_3' retrieved from /home/logi/txtai/venv/lib/python3.10/site-packages/airflow/example_dags/example_branch_datetime_operator.py
[2025-11-13T05:54:54.809+0530] {logging_mixin.py:188} INFO - [2025-11-13T05:54:54.808+0530] {dag.py:3089} INFO - Sync 3 DAGs
[2025-11-13T05:54:54.826+0530] {logging_mixin.py:188} INFO - [2025-11-13T05:54:54.826+0530] {dag.py:3947} INFO - Setting next_dagrun for example_branch_datetime_operator to 2025-11-12 00:00:00+00:00, run_after=2025-11-13 00:00:00+00:00
[2025-11-13T05:54:54.830+0530] {logging_mixin.py:188} INFO - [2025-11-13T05:54:54.830+0530] {dag.py:3947} INFO - Setting next_dagrun for example_branch_datetime_operator_2 to 2025-11-12 00:00:00+00:00, run_after=2025-11-13 00:00:00+00:00
[2025-11-13T05:54:54.832+0530] {logging_mixin.py:188} INFO - [2025-11-13T05:54:54.832+0530] {dag.py:3947} INFO - Setting next_dagrun for example_branch_datetime_operator_3 to 2025-11-12 00:00:00+00:00, run_after=2025-11-13 00:00:00+00:00
[2025-11-13T05:54:54.860+0530] {processor.py:183} INFO - Processing /home/logi/txtai/venv/lib/python3.10/site-packages/airflow/example_dags/example_branch_datetime_operator.py took 0.128 seconds
[2025-11-13T05:57:43.869+0530] {processor.py:161} INFO - Started process (PID=11038) to work on /home/logi/txtai/venv/lib/python3.10/site-packages/airflow/example_dags/example_branch_datetime_operator.py
[2025-11-13T05:57:43.870+0530] {processor.py:830} INFO - Processing file /home/logi/txtai/venv/lib/python3.10/site-packages/airflow/example_dags/example_branch_datetime_operator.py for tasks to queue
[2025-11-13T05:57:43.873+0530] {logging_mixin.py:188} INFO - [2025-11-13T05:57:43.873+0530] {dagbag.py:545} INFO - Filling up the DagBag from /home/logi/txtai/venv/lib/python3.10/site-packages/airflow/example_dags/example_branch_datetime_operator.py
[2025-11-13T05:57:43.888+0530] {processor.py:840} INFO - DAG(s) 'example_branch_datetime_operator_2', 'example_branch_datetime_operator_3', 'example_branch_datetime_operator' retrieved from /home/logi/txtai/venv/lib/python3.10/site-packages/airflow/example_dags/example_branch_datetime_operator.py
[2025-11-13T05:57:43.909+0530] {logging_mixin.py:188} INFO - [2025-11-13T05:57:43.908+0530] {dag.py:3089} INFO - Sync 3 DAGs
[2025-11-13T05:57:43.926+0530] {logging_mixin.py:188} INFO - [2025-11-13T05:57:43.926+0530] {dag.py:3947} INFO - Setting next_dagrun for example_branch_datetime_operator to 2025-11-12 00:00:00+00:00, run_after=2025-11-13 00:00:00+00:00
[2025-11-13T05:57:43.930+0530] {logging_mixin.py:188} INFO - [2025-11-13T05:57:43.930+0530] {dag.py:3947} INFO - Setting next_dagrun for example_branch_datetime_operator_2 to 2025-11-12 00:00:00+00:00, run_after=2025-11-13 00:00:00+00:00
[2025-11-13T05:57:43.932+0530] {logging_mixin.py:188} INFO - [2025-11-13T05:57:43.932+0530] {dag.py:3947} INFO - Setting next_dagrun for example_branch_datetime_operator_3 to 2025-11-12 00:00:00+00:00, run_after=2025-11-13 00:00:00+00:00
[2025-11-13T05:57:43.952+0530] {processor.py:183} INFO - Processing /home/logi/txtai/venv/lib/python3.10/site-packages/airflow/example_dags/example_branch_datetime_operator.py took 0.089 seconds
[2025-11-13T06:02:04.505+0530] {processor.py:161} INFO - Started process (PID=13888) to work on /home/logi/txtai/venv/lib/python3.10/site-packages/airflow/example_dags/example_branch_datetime_operator.py
[2025-11-13T06:02:04.506+0530] {processor.py:830} INFO - Processing file /home/logi/txtai/venv/lib/python3.10/site-packages/airflow/example_dags/example_branch_datetime_operator.py for tasks to queue
[2025-11-13T06:02:04.509+0530] {logging_mixin.py:188} INFO - [2025-11-13T06:02:04.508+0530] {dagbag.py:545} INFO - Filling up the DagBag from /home/logi/txtai/venv/lib/python3.10/site-packages/airflow/example_dags/example_branch_datetime_operator.py
[2025-11-13T06:02:04.525+0530] {processor.py:840} INFO - DAG(s) 'example_branch_datetime_operator_2', 'example_branch_datetime_operator_3', 'example_branch_datetime_operator' retrieved from /home/logi/txtai/venv/lib/python3.10/site-packages/airflow/example_dags/example_branch_datetime_operator.py
[2025-11-13T06:02:04.549+0530] {logging_mixin.py:188} INFO - [2025-11-13T06:02:04.549+0530] {dag.py:3089} INFO - Sync 3 DAGs
[2025-11-13T06:02:04.563+0530] {logging_mixin.py:188} INFO - [2025-11-13T06:02:04.563+0530] {dag.py:3947} INFO - Setting next_dagrun for example_branch_datetime_operator to 2025-11-12 00:00:00+00:00, run_after=2025-11-13 00:00:00+00:00
[2025-11-13T06:02:04.567+0530] {logging_mixin.py:188} INFO - [2025-11-13T06:02:04.566+0530] {dag.py:3947} INFO - Setting next_dagrun for example_branch_datetime_operator_2 to 2025-11-12 00:00:00+00:00, run_after=2025-11-13 00:00:00+00:00
[2025-11-13T06:02:04.568+0530] {logging_mixin.py:188} INFO - [2025-11-13T06:02:04.568+0530] {dag.py:3947} INFO - Setting next_dagrun for example_branch_datetime_operator_3 to 2025-11-12 00:00:00+00:00, run_after=2025-11-13 00:00:00+00:00
[2025-11-13T06:02:04.584+0530] {processor.py:183} INFO - Processing /home/logi/txtai/venv/lib/python3.10/site-packages/airflow/example_dags/example_branch_datetime_operator.py took 0.090 seconds
[2025-11-13T10:40:45.183+0530] {processor.py:161} INFO - Started process (PID=17149) to work on /home/logi/txtai/venv/lib/python3.10/site-packages/airflow/example_dags/example_branch_datetime_operator.py
[2025-11-13T10:40:45.186+0530] {processor.py:830} INFO - Processing file /home/logi/txtai/venv/lib/python3.10/site-packages/airflow/example_dags/example_branch_datetime_operator.py for tasks to queue
[2025-11-13T10:40:45.188+0530] {logging_mixin.py:188} INFO - [2025-11-13T10:40:45.188+0530] {dagbag.py:545} INFO - Filling up the DagBag from /home/logi/txtai/venv/lib/python3.10/site-packages/airflow/example_dags/example_branch_datetime_operator.py
[2025-11-13T10:40:45.204+0530] {processor.py:840} INFO - DAG(s) 'example_branch_datetime_operator', 'example_branch_datetime_operator_2', 'example_branch_datetime_operator_3' retrieved from /home/logi/txtai/venv/lib/python3.10/site-packages/airflow/example_dags/example_branch_datetime_operator.py
[2025-11-13T10:40:45.369+0530] {logging_mixin.py:188} INFO - [2025-11-13T10:40:45.366+0530] {override.py:1858} INFO - Created Permission View: can edit on DAG:example_branch_datetime_operator
[2025-11-13T10:40:45.388+0530] {logging_mixin.py:188} INFO - [2025-11-13T10:40:45.387+0530] {override.py:1858} INFO - Created Permission View: can read on DAG:example_branch_datetime_operator
[2025-11-13T10:40:45.400+0530] {logging_mixin.py:188} INFO - [2025-11-13T10:40:45.400+0530] {override.py:1858} INFO - Created Permission View: can delete on DAG:example_branch_datetime_operator
[2025-11-13T10:40:45.424+0530] {logging_mixin.py:188} INFO - [2025-11-13T10:40:45.423+0530] {override.py:1858} INFO - Created Permission View: can edit on DAG:example_branch_datetime_operator_2
[2025-11-13T10:40:45.436+0530] {logging_mixin.py:188} INFO - [2025-11-13T10:40:45.436+0530] {override.py:1858} INFO - Created Permission View: can read on DAG:example_branch_datetime_operator_2
[2025-11-13T10:40:45.449+0530] {logging_mixin.py:188} INFO - [2025-11-13T10:40:45.449+0530] {override.py:1858} INFO - Created Permission View: can delete on DAG:example_branch_datetime_operator_2
[2025-11-13T10:40:45.473+0530] {logging_mixin.py:188} INFO - [2025-11-13T10:40:45.472+0530] {override.py:1858} INFO - Created Permission View: can edit on DAG:example_branch_datetime_operator_3
[2025-11-13T10:40:45.485+0530] {logging_mixin.py:188} INFO - [2025-11-13T10:40:45.485+0530] {override.py:1858} INFO - Created Permission View: can read on DAG:example_branch_datetime_operator_3
[2025-11-13T10:40:45.498+0530] {logging_mixin.py:188} INFO - [2025-11-13T10:40:45.497+0530] {override.py:1858} INFO - Created Permission View: can delete on DAG:example_branch_datetime_operator_3
[2025-11-13T10:40:45.498+0530] {logging_mixin.py:188} INFO - [2025-11-13T10:40:45.498+0530] {dag.py:3089} INFO - Sync 3 DAGs
[2025-11-13T10:40:45.518+0530] {logging_mixin.py:188} INFO - [2025-11-13T10:40:45.518+0530] {dag.py:3111} INFO - Creating ORM DAG for example_branch_datetime_operator_3
[2025-11-13T10:40:45.519+0530] {logging_mixin.py:188} INFO - [2025-11-13T10:40:45.519+0530] {dag.py:3111} INFO - Creating ORM DAG for example_branch_datetime_operator
[2025-11-13T10:40:45.520+0530] {logging_mixin.py:188} INFO - [2025-11-13T10:40:45.520+0530] {dag.py:3111} INFO - Creating ORM DAG for example_branch_datetime_operator_2
[2025-11-13T10:40:45.539+0530] {logging_mixin.py:188} INFO - [2025-11-13T10:40:45.539+0530] {dag.py:3947} INFO - Setting next_dagrun for example_branch_datetime_operator to 2025-11-12 00:00:00+00:00, run_after=2025-11-13 00:00:00+00:00
[2025-11-13T10:40:45.542+0530] {logging_mixin.py:188} INFO - [2025-11-13T10:40:45.542+0530] {dag.py:3947} INFO - Setting next_dagrun for example_branch_datetime_operator_2 to 2025-11-12 00:00:00+00:00, run_after=2025-11-13 00:00:00+00:00
[2025-11-13T10:40:45.545+0530] {logging_mixin.py:188} INFO - [2025-11-13T10:40:45.545+0530] {dag.py:3947} INFO - Setting next_dagrun for example_branch_datetime_operator_3 to 2025-11-12 00:00:00+00:00, run_after=2025-11-13 00:00:00+00:00
[2025-11-13T10:40:45.579+0530] {processor.py:183} INFO - Processing /home/logi/txtai/venv/lib/python3.10/site-packages/airflow/example_dags/example_branch_datetime_operator.py took 0.406 seconds
[2025-11-13T10:41:16.088+0530] {processor.py:161} INFO - Started process (PID=17578) to work on /home/logi/txtai/venv/lib/python3.10/site-packages/airflow/example_dags/example_branch_datetime_operator.py
[2025-11-13T10:41:16.090+0530] {processor.py:830} INFO - Processing file /home/logi/txtai/venv/lib/python3.10/site-packages/airflow/example_dags/example_branch_datetime_operator.py for tasks to queue
[2025-11-13T10:41:16.093+0530] {logging_mixin.py:188} INFO - [2025-11-13T10:41:16.092+0530] {dagbag.py:545} INFO - Filling up the DagBag from /home/logi/txtai/venv/lib/python3.10/site-packages/airflow/example_dags/example_branch_datetime_operator.py
[2025-11-13T10:41:16.108+0530] {processor.py:840} INFO - DAG(s) 'example_branch_datetime_operator_2', 'example_branch_datetime_operator_3', 'example_branch_datetime_operator' retrieved from /home/logi/txtai/venv/lib/python3.10/site-packages/airflow/example_dags/example_branch_datetime_operator.py
[2025-11-13T10:41:16.185+0530] {logging_mixin.py:188} INFO - [2025-11-13T10:41:16.184+0530] {dag.py:3089} INFO - Sync 3 DAGs
[2025-11-13T10:41:16.227+0530] {logging_mixin.py:188} INFO - [2025-11-13T10:41:16.226+0530] {dag.py:3947} INFO - Setting next_dagrun for example_branch_datetime_operator to 2025-11-12 00:00:00+00:00, run_after=2025-11-13 00:00:00+00:00
[2025-11-13T10:41:16.237+0530] {logging_mixin.py:188} INFO - [2025-11-13T10:41:16.237+0530] {dag.py:3947} INFO - Setting next_dagrun for example_branch_datetime_operator_2 to 2025-11-12 00:00:00+00:00, run_after=2025-11-13 00:00:00+00:00
[2025-11-13T10:41:16.241+0530] {logging_mixin.py:188} INFO - [2025-11-13T10:41:16.241+0530] {dag.py:3947} INFO - Setting next_dagrun for example_branch_datetime_operator_3 to 2025-11-12 00:00:00+00:00, run_after=2025-11-13 00:00:00+00:00
[2025-11-13T10:41:16.275+0530] {processor.py:183} INFO - Processing /home/logi/txtai/venv/lib/python3.10/site-packages/airflow/example_dags/example_branch_datetime_operator.py took 0.197 seconds
[2025-11-13T10:41:47.097+0530] {processor.py:161} INFO - Started process (PID=18204) to work on /home/logi/txtai/venv/lib/python3.10/site-packages/airflow/example_dags/example_branch_datetime_operator.py
[2025-11-13T10:41:47.101+0530] {processor.py:830} INFO - Processing file /home/logi/txtai/venv/lib/python3.10/site-packages/airflow/example_dags/example_branch_datetime_operator.py for tasks to queue
[2025-11-13T10:41:47.103+0530] {logging_mixin.py:188} INFO - [2025-11-13T10:41:47.103+0530] {dagbag.py:545} INFO - Filling up the DagBag from /home/logi/txtai/venv/lib/python3.10/site-packages/airflow/example_dags/example_branch_datetime_operator.py
[2025-11-13T10:41:47.117+0530] {processor.py:840} INFO - DAG(s) 'example_branch_datetime_operator_2', 'example_branch_datetime_operator_3', 'example_branch_datetime_operator' retrieved from /home/logi/txtai/venv/lib/python3.10/site-packages/airflow/example_dags/example_branch_datetime_operator.py
[2025-11-13T10:41:47.167+0530] {logging_mixin.py:188} INFO - [2025-11-13T10:41:47.167+0530] {dag.py:3089} INFO - Sync 3 DAGs
[2025-11-13T10:41:47.200+0530] {logging_mixin.py:188} INFO - [2025-11-13T10:41:47.200+0530] {dag.py:3947} INFO - Setting next_dagrun for example_branch_datetime_operator to 2025-11-12 00:00:00+00:00, run_after=2025-11-13 00:00:00+00:00
[2025-11-13T10:41:47.208+0530] {logging_mixin.py:188} INFO - [2025-11-13T10:41:47.207+0530] {dag.py:3947} INFO - Setting next_dagrun for example_branch_datetime_operator_2 to 2025-11-12 00:00:00+00:00, run_after=2025-11-13 00:00:00+00:00
[2025-11-13T10:41:47.211+0530] {logging_mixin.py:188} INFO - [2025-11-13T10:41:47.211+0530] {dag.py:3947} INFO - Setting next_dagrun for example_branch_datetime_operator_3 to 2025-11-12 00:00:00+00:00, run_after=2025-11-13 00:00:00+00:00
[2025-11-13T10:41:47.240+0530] {processor.py:183} INFO - Processing /home/logi/txtai/venv/lib/python3.10/site-packages/airflow/example_dags/example_branch_datetime_operator.py took 0.160 seconds
[2025-11-13T10:42:18.055+0530] {processor.py:161} INFO - Started process (PID=18803) to work on /home/logi/txtai/venv/lib/python3.10/site-packages/airflow/example_dags/example_branch_datetime_operator.py
[2025-11-13T10:42:18.057+0530] {processor.py:830} INFO - Processing file /home/logi/txtai/venv/lib/python3.10/site-packages/airflow/example_dags/example_branch_datetime_operator.py for tasks to queue
[2025-11-13T10:42:18.062+0530] {logging_mixin.py:188} INFO - [2025-11-13T10:42:18.062+0530] {dagbag.py:545} INFO - Filling up the DagBag from /home/logi/txtai/venv/lib/python3.10/site-packages/airflow/example_dags/example_branch_datetime_operator.py
[2025-11-13T10:42:18.082+0530] {processor.py:840} INFO - DAG(s) 'example_branch_datetime_operator_2', 'example_branch_datetime_operator_3', 'example_branch_datetime_operator' retrieved from /home/logi/txtai/venv/lib/python3.10/site-packages/airflow/example_dags/example_branch_datetime_operator.py
[2025-11-13T10:42:18.156+0530] {logging_mixin.py:188} INFO - [2025-11-13T10:42:18.156+0530] {dag.py:3089} INFO - Sync 3 DAGs
[2025-11-13T10:42:18.202+0530] {logging_mixin.py:188} INFO - [2025-11-13T10:42:18.202+0530] {dag.py:3947} INFO - Setting next_dagrun for example_branch_datetime_operator to 2025-11-12 00:00:00+00:00, run_after=2025-11-13 00:00:00+00:00
[2025-11-13T10:42:18.212+0530] {logging_mixin.py:188} INFO - [2025-11-13T10:42:18.211+0530] {dag.py:3947} INFO - Setting next_dagrun for example_branch_datetime_operator_2 to 2025-11-12 00:00:00+00:00, run_after=2025-11-13 00:00:00+00:00
[2025-11-13T10:42:18.217+0530] {logging_mixin.py:188} INFO - [2025-11-13T10:42:18.217+0530] {dag.py:3947} INFO - Setting next_dagrun for example_branch_datetime_operator_3 to 2025-11-12 00:00:00+00:00, run_after=2025-11-13 00:00:00+00:00
[2025-11-13T10:42:18.252+0530] {processor.py:183} INFO - Processing /home/logi/txtai/venv/lib/python3.10/site-packages/airflow/example_dags/example_branch_datetime_operator.py took 0.209 seconds
[2025-11-13T10:42:48.611+0530] {processor.py:161} INFO - Started process (PID=19018) to work on /home/logi/txtai/venv/lib/python3.10/site-packages/airflow/example_dags/example_branch_datetime_operator.py
[2025-11-13T10:42:48.613+0530] {processor.py:830} INFO - Processing file /home/logi/txtai/venv/lib/python3.10/site-packages/airflow/example_dags/example_branch_datetime_operator.py for tasks to queue
[2025-11-13T10:42:48.616+0530] {logging_mixin.py:188} INFO - [2025-11-13T10:42:48.615+0530] {dagbag.py:545} INFO - Filling up the DagBag from /home/logi/txtai/venv/lib/python3.10/site-packages/airflow/example_dags/example_branch_datetime_operator.py
[2025-11-13T10:42:48.637+0530] {processor.py:840} INFO - DAG(s) 'example_branch_datetime_operator_3', 'example_branch_datetime_operator_2', 'example_branch_datetime_operator' retrieved from /home/logi/txtai/venv/lib/python3.10/site-packages/airflow/example_dags/example_branch_datetime_operator.py
[2025-11-13T10:42:48.700+0530] {logging_mixin.py:188} INFO - [2025-11-13T10:42:48.700+0530] {dag.py:3089} INFO - Sync 3 DAGs
[2025-11-13T10:42:48.743+0530] {logging_mixin.py:188} INFO - [2025-11-13T10:42:48.743+0530] {dag.py:3947} INFO - Setting next_dagrun for example_branch_datetime_operator to 2025-11-12 00:00:00+00:00, run_after=2025-11-13 00:00:00+00:00
[2025-11-13T10:42:48.753+0530] {logging_mixin.py:188} INFO - [2025-11-13T10:42:48.752+0530] {dag.py:3947} INFO - Setting next_dagrun for example_branch_datetime_operator_2 to 2025-11-12 00:00:00+00:00, run_after=2025-11-13 00:00:00+00:00
[2025-11-13T10:42:48.758+0530] {logging_mixin.py:188} INFO - [2025-11-13T10:42:48.757+0530] {dag.py:3947} INFO - Setting next_dagrun for example_branch_datetime_operator_3 to 2025-11-12 00:00:00+00:00, run_after=2025-11-13 00:00:00+00:00
[2025-11-13T10:42:48.803+0530] {processor.py:183} INFO - Processing /home/logi/txtai/venv/lib/python3.10/site-packages/airflow/example_dags/example_branch_datetime_operator.py took 0.204 seconds
[2025-11-13T10:43:18.927+0530] {processor.py:161} INFO - Started process (PID=19159) to work on /home/logi/txtai/venv/lib/python3.10/site-packages/airflow/example_dags/example_branch_datetime_operator.py
[2025-11-13T10:43:18.928+0530] {processor.py:830} INFO - Processing file /home/logi/txtai/venv/lib/python3.10/site-packages/airflow/example_dags/example_branch_datetime_operator.py for tasks to queue
[2025-11-13T10:43:18.931+0530] {logging_mixin.py:188} INFO - [2025-11-13T10:43:18.931+0530] {dagbag.py:545} INFO - Filling up the DagBag from /home/logi/txtai/venv/lib/python3.10/site-packages/airflow/example_dags/example_branch_datetime_operator.py
[2025-11-13T10:43:18.947+0530] {processor.py:840} INFO - DAG(s) 'example_branch_datetime_operator_3', 'example_branch_datetime_operator', 'example_branch_datetime_operator_2' retrieved from /home/logi/txtai/venv/lib/python3.10/site-packages/airflow/example_dags/example_branch_datetime_operator.py
[2025-11-13T10:43:19.022+0530] {logging_mixin.py:188} INFO - [2025-11-13T10:43:19.022+0530] {dag.py:3089} INFO - Sync 3 DAGs
[2025-11-13T10:43:19.064+0530] {logging_mixin.py:188} INFO - [2025-11-13T10:43:19.064+0530] {dag.py:3947} INFO - Setting next_dagrun for example_branch_datetime_operator to 2025-11-12 00:00:00+00:00, run_after=2025-11-13 00:00:00+00:00
[2025-11-13T10:43:19.073+0530] {logging_mixin.py:188} INFO - [2025-11-13T10:43:19.073+0530] {dag.py:3947} INFO - Setting next_dagrun for example_branch_datetime_operator_2 to 2025-11-12 00:00:00+00:00, run_after=2025-11-13 00:00:00+00:00
[2025-11-13T10:43:19.078+0530] {logging_mixin.py:188} INFO - [2025-11-13T10:43:19.078+0530] {dag.py:3947} INFO - Setting next_dagrun for example_branch_datetime_operator_3 to 2025-11-12 00:00:00+00:00, run_after=2025-11-13 00:00:00+00:00
[2025-11-13T10:43:19.109+0530] {processor.py:183} INFO - Processing /home/logi/txtai/venv/lib/python3.10/site-packages/airflow/example_dags/example_branch_datetime_operator.py took 0.193 seconds
[2025-11-13T10:43:50.270+0530] {processor.py:161} INFO - Started process (PID=19301) to work on /home/logi/txtai/venv/lib/python3.10/site-packages/airflow/example_dags/example_branch_datetime_operator.py
[2025-11-13T10:43:50.272+0530] {processor.py:830} INFO - Processing file /home/logi/txtai/venv/lib/python3.10/site-packages/airflow/example_dags/example_branch_datetime_operator.py for tasks to queue
[2025-11-13T10:43:50.275+0530] {logging_mixin.py:188} INFO - [2025-11-13T10:43:50.275+0530] {dagbag.py:545} INFO - Filling up the DagBag from /home/logi/txtai/venv/lib/python3.10/site-packages/airflow/example_dags/example_branch_datetime_operator.py
[2025-11-13T10:43:50.291+0530] {processor.py:840} INFO - DAG(s) 'example_branch_datetime_operator', 'example_branch_datetime_operator_3', 'example_branch_datetime_operator_2' retrieved from /home/logi/txtai/venv/lib/python3.10/site-packages/airflow/example_dags/example_branch_datetime_operator.py
[2025-11-13T10:43:50.350+0530] {logging_mixin.py:188} INFO - [2025-11-13T10:43:50.350+0530] {dag.py:3089} INFO - Sync 3 DAGs
[2025-11-13T10:43:50.383+0530] {logging_mixin.py:188} INFO - [2025-11-13T10:43:50.382+0530] {dag.py:3947} INFO - Setting next_dagrun for example_branch_datetime_operator to 2025-11-12 00:00:00+00:00, run_after=2025-11-13 00:00:00+00:00
[2025-11-13T10:43:50.390+0530] {logging_mixin.py:188} INFO - [2025-11-13T10:43:50.390+0530] {dag.py:3947} INFO - Setting next_dagrun for example_branch_datetime_operator_2 to 2025-11-12 00:00:00+00:00, run_after=2025-11-13 00:00:00+00:00
[2025-11-13T10:43:50.395+0530] {logging_mixin.py:188} INFO - [2025-11-13T10:43:50.395+0530] {dag.py:3947} INFO - Setting next_dagrun for example_branch_datetime_operator_3 to 2025-11-12 00:00:00+00:00, run_after=2025-11-13 00:00:00+00:00
[2025-11-13T10:43:50.438+0530] {processor.py:183} INFO - Processing /home/logi/txtai/venv/lib/python3.10/site-packages/airflow/example_dags/example_branch_datetime_operator.py took 0.179 seconds
[2025-11-13T10:44:21.675+0530] {processor.py:161} INFO - Started process (PID=19445) to work on /home/logi/txtai/venv/lib/python3.10/site-packages/airflow/example_dags/example_branch_datetime_operator.py
[2025-11-13T10:44:21.677+0530] {processor.py:830} INFO - Processing file /home/logi/txtai/venv/lib/python3.10/site-packages/airflow/example_dags/example_branch_datetime_operator.py for tasks to queue
[2025-11-13T10:44:21.679+0530] {logging_mixin.py:188} INFO - [2025-11-13T10:44:21.679+0530] {dagbag.py:545} INFO - Filling up the DagBag from /home/logi/txtai/venv/lib/python3.10/site-packages/airflow/example_dags/example_branch_datetime_operator.py
[2025-11-13T10:44:21.695+0530] {processor.py:840} INFO - DAG(s) 'example_branch_datetime_operator', 'example_branch_datetime_operator_2', 'example_branch_datetime_operator_3' retrieved from /home/logi/txtai/venv/lib/python3.10/site-packages/airflow/example_dags/example_branch_datetime_operator.py
[2025-11-13T10:44:21.767+0530] {logging_mixin.py:188} INFO - [2025-11-13T10:44:21.766+0530] {dag.py:3089} INFO - Sync 3 DAGs
[2025-11-13T10:44:21.809+0530] {logging_mixin.py:188} INFO - [2025-11-13T10:44:21.809+0530] {dag.py:3947} INFO - Setting next_dagrun for example_branch_datetime_operator to 2025-11-12 00:00:00+00:00, run_after=2025-11-13 00:00:00+00:00
[2025-11-13T10:44:21.819+0530] {logging_mixin.py:188} INFO - [2025-11-13T10:44:21.819+0530] {dag.py:3947} INFO - Setting next_dagrun for example_branch_datetime_operator_2 to 2025-11-12 00:00:00+00:00, run_after=2025-11-13 00:00:00+00:00
[2025-11-13T10:44:21.826+0530] {logging_mixin.py:188} INFO - [2025-11-13T10:44:21.825+0530] {dag.py:3947} INFO - Setting next_dagrun for example_branch_datetime_operator_3 to 2025-11-12 00:00:00+00:00, run_after=2025-11-13 00:00:00+00:00
[2025-11-13T10:44:21.869+0530] {processor.py:183} INFO - Processing /home/logi/txtai/venv/lib/python3.10/site-packages/airflow/example_dags/example_branch_datetime_operator.py took 0.204 seconds
[2025-11-13T10:44:53.417+0530] {processor.py:161} INFO - Started process (PID=19586) to work on /home/logi/txtai/venv/lib/python3.10/site-packages/airflow/example_dags/example_branch_datetime_operator.py
[2025-11-13T10:44:53.418+0530] {processor.py:830} INFO - Processing file /home/logi/txtai/venv/lib/python3.10/site-packages/airflow/example_dags/example_branch_datetime_operator.py for tasks to queue
[2025-11-13T10:44:53.421+0530] {logging_mixin.py:188} INFO - [2025-11-13T10:44:53.421+0530] {dagbag.py:545} INFO - Filling up the DagBag from /home/logi/txtai/venv/lib/python3.10/site-packages/airflow/example_dags/example_branch_datetime_operator.py
[2025-11-13T10:44:53.437+0530] {processor.py:840} INFO - DAG(s) 'example_branch_datetime_operator_3', 'example_branch_datetime_operator_2', 'example_branch_datetime_operator' retrieved from /home/logi/txtai/venv/lib/python3.10/site-packages/airflow/example_dags/example_branch_datetime_operator.py
[2025-11-13T10:44:53.505+0530] {logging_mixin.py:188} INFO - [2025-11-13T10:44:53.505+0530] {dag.py:3089} INFO - Sync 3 DAGs
[2025-11-13T10:44:53.542+0530] {logging_mixin.py:188} INFO - [2025-11-13T10:44:53.542+0530] {dag.py:3947} INFO - Setting next_dagrun for example_branch_datetime_operator to 2025-11-12 00:00:00+00:00, run_after=2025-11-13 00:00:00+00:00
[2025-11-13T10:44:53.550+0530] {logging_mixin.py:188} INFO - [2025-11-13T10:44:53.549+0530] {dag.py:3947} INFO - Setting next_dagrun for example_branch_datetime_operator_2 to 2025-11-12 00:00:00+00:00, run_after=2025-11-13 00:00:00+00:00
[2025-11-13T10:44:53.555+0530] {logging_mixin.py:188} INFO - [2025-11-13T10:44:53.555+0530] {dag.py:3947} INFO - Setting next_dagrun for example_branch_datetime_operator_3 to 2025-11-12 00:00:00+00:00, run_after=2025-11-13 00:00:00+00:00
[2025-11-13T10:44:53.587+0530] {processor.py:183} INFO - Processing /home/logi/txtai/venv/lib/python3.10/site-packages/airflow/example_dags/example_branch_datetime_operator.py took 0.181 seconds
[2025-11-13T10:45:24.163+0530] {processor.py:161} INFO - Started process (PID=19731) to work on /home/logi/txtai/venv/lib/python3.10/site-packages/airflow/example_dags/example_branch_datetime_operator.py
[2025-11-13T10:45:24.165+0530] {processor.py:830} INFO - Processing file /home/logi/txtai/venv/lib/python3.10/site-packages/airflow/example_dags/example_branch_datetime_operator.py for tasks to queue
[2025-11-13T10:45:24.168+0530] {logging_mixin.py:188} INFO - [2025-11-13T10:45:24.167+0530] {dagbag.py:545} INFO - Filling up the DagBag from /home/logi/txtai/venv/lib/python3.10/site-packages/airflow/example_dags/example_branch_datetime_operator.py
[2025-11-13T10:45:24.183+0530] {processor.py:840} INFO - DAG(s) 'example_branch_datetime_operator_3', 'example_branch_datetime_operator_2', 'example_branch_datetime_operator' retrieved from /home/logi/txtai/venv/lib/python3.10/site-packages/airflow/example_dags/example_branch_datetime_operator.py
[2025-11-13T10:45:24.253+0530] {logging_mixin.py:188} INFO - [2025-11-13T10:45:24.253+0530] {dag.py:3089} INFO - Sync 3 DAGs
[2025-11-13T10:45:24.296+0530] {logging_mixin.py:188} INFO - [2025-11-13T10:45:24.296+0530] {dag.py:3947} INFO - Setting next_dagrun for example_branch_datetime_operator to 2025-11-12 00:00:00+00:00, run_after=2025-11-13 00:00:00+00:00
[2025-11-13T10:45:24.305+0530] {logging_mixin.py:188} INFO - [2025-11-13T10:45:24.305+0530] {dag.py:3947} INFO - Setting next_dagrun for example_branch_datetime_operator_2 to 2025-11-12 00:00:00+00:00, run_after=2025-11-13 00:00:00+00:00
[2025-11-13T10:45:24.310+0530] {logging_mixin.py:188} INFO - [2025-11-13T10:45:24.310+0530] {dag.py:3947} INFO - Setting next_dagrun for example_branch_datetime_operator_3 to 2025-11-12 00:00:00+00:00, run_after=2025-11-13 00:00:00+00:00
[2025-11-13T10:45:24.344+0530] {processor.py:183} INFO - Processing /home/logi/txtai/venv/lib/python3.10/site-packages/airflow/example_dags/example_branch_datetime_operator.py took 0.191 seconds
[2025-11-13T10:45:54.976+0530] {processor.py:161} INFO - Started process (PID=19900) to work on /home/logi/txtai/venv/lib/python3.10/site-packages/airflow/example_dags/example_branch_datetime_operator.py
[2025-11-13T10:45:54.977+0530] {processor.py:830} INFO - Processing file /home/logi/txtai/venv/lib/python3.10/site-packages/airflow/example_dags/example_branch_datetime_operator.py for tasks to queue
[2025-11-13T10:45:54.980+0530] {logging_mixin.py:188} INFO - [2025-11-13T10:45:54.980+0530] {dagbag.py:545} INFO - Filling up the DagBag from /home/logi/txtai/venv/lib/python3.10/site-packages/airflow/example_dags/example_branch_datetime_operator.py
[2025-11-13T10:45:54.996+0530] {processor.py:840} INFO - DAG(s) 'example_branch_datetime_operator_2', 'example_branch_datetime_operator_3', 'example_branch_datetime_operator' retrieved from /home/logi/txtai/venv/lib/python3.10/site-packages/airflow/example_dags/example_branch_datetime_operator.py
[2025-11-13T10:45:55.065+0530] {logging_mixin.py:188} INFO - [2025-11-13T10:45:55.065+0530] {dag.py:3089} INFO - Sync 3 DAGs
[2025-11-13T10:45:55.093+0530] {logging_mixin.py:188} INFO - [2025-11-13T10:45:55.092+0530] {dag.py:3947} INFO - Setting next_dagrun for example_branch_datetime_operator to 2025-11-12 00:00:00+00:00, run_after=2025-11-13 00:00:00+00:00
[2025-11-13T10:45:55.101+0530] {logging_mixin.py:188} INFO - [2025-11-13T10:45:55.101+0530] {dag.py:3947} INFO - Setting next_dagrun for example_branch_datetime_operator_2 to 2025-11-12 00:00:00+00:00, run_after=2025-11-13 00:00:00+00:00
[2025-11-13T10:45:55.106+0530] {logging_mixin.py:188} INFO - [2025-11-13T10:45:55.105+0530] {dag.py:3947} INFO - Setting next_dagrun for example_branch_datetime_operator_3 to 2025-11-12 00:00:00+00:00, run_after=2025-11-13 00:00:00+00:00
[2025-11-13T10:45:55.136+0530] {processor.py:183} INFO - Processing /home/logi/txtai/venv/lib/python3.10/site-packages/airflow/example_dags/example_branch_datetime_operator.py took 0.171 seconds
[2025-11-13T10:46:26.840+0530] {processor.py:161} INFO - Started process (PID=20043) to work on /home/logi/txtai/venv/lib/python3.10/site-packages/airflow/example_dags/example_branch_datetime_operator.py
[2025-11-13T10:46:26.842+0530] {processor.py:830} INFO - Processing file /home/logi/txtai/venv/lib/python3.10/site-packages/airflow/example_dags/example_branch_datetime_operator.py for tasks to queue
[2025-11-13T10:46:26.845+0530] {logging_mixin.py:188} INFO - [2025-11-13T10:46:26.844+0530] {dagbag.py:545} INFO - Filling up the DagBag from /home/logi/txtai/venv/lib/python3.10/site-packages/airflow/example_dags/example_branch_datetime_operator.py
[2025-11-13T10:46:26.862+0530] {processor.py:840} INFO - DAG(s) 'example_branch_datetime_operator_2', 'example_branch_datetime_operator', 'example_branch_datetime_operator_3' retrieved from /home/logi/txtai/venv/lib/python3.10/site-packages/airflow/example_dags/example_branch_datetime_operator.py
[2025-11-13T10:46:26.925+0530] {logging_mixin.py:188} INFO - [2025-11-13T10:46:26.925+0530] {dag.py:3089} INFO - Sync 3 DAGs
[2025-11-13T10:46:26.968+0530] {logging_mixin.py:188} INFO - [2025-11-13T10:46:26.968+0530] {dag.py:3947} INFO - Setting next_dagrun for example_branch_datetime_operator to 2025-11-12 00:00:00+00:00, run_after=2025-11-13 00:00:00+00:00
[2025-11-13T10:46:26.977+0530] {logging_mixin.py:188} INFO - [2025-11-13T10:46:26.976+0530] {dag.py:3947} INFO - Setting next_dagrun for example_branch_datetime_operator_2 to 2025-11-12 00:00:00+00:00, run_after=2025-11-13 00:00:00+00:00
[2025-11-13T10:46:26.982+0530] {logging_mixin.py:188} INFO - [2025-11-13T10:46:26.982+0530] {dag.py:3947} INFO - Setting next_dagrun for example_branch_datetime_operator_3 to 2025-11-12 00:00:00+00:00, run_after=2025-11-13 00:00:00+00:00
[2025-11-13T10:46:27.015+0530] {processor.py:183} INFO - Processing /home/logi/txtai/venv/lib/python3.10/site-packages/airflow/example_dags/example_branch_datetime_operator.py took 0.186 seconds
[2025-11-13T10:46:57.491+0530] {processor.py:161} INFO - Started process (PID=20187) to work on /home/logi/txtai/venv/lib/python3.10/site-packages/airflow/example_dags/example_branch_datetime_operator.py
[2025-11-13T10:46:57.493+0530] {processor.py:830} INFO - Processing file /home/logi/txtai/venv/lib/python3.10/site-packages/airflow/example_dags/example_branch_datetime_operator.py for tasks to queue
[2025-11-13T10:46:57.495+0530] {logging_mixin.py:188} INFO - [2025-11-13T10:46:57.495+0530] {dagbag.py:545} INFO - Filling up the DagBag from /home/logi/txtai/venv/lib/python3.10/site-packages/airflow/example_dags/example_branch_datetime_operator.py
[2025-11-13T10:46:57.513+0530] {processor.py:840} INFO - DAG(s) 'example_branch_datetime_operator', 'example_branch_datetime_operator_3', 'example_branch_datetime_operator_2' retrieved from /home/logi/txtai/venv/lib/python3.10/site-packages/airflow/example_dags/example_branch_datetime_operator.py
[2025-11-13T10:46:57.584+0530] {logging_mixin.py:188} INFO - [2025-11-13T10:46:57.584+0530] {dag.py:3089} INFO - Sync 3 DAGs
[2025-11-13T10:46:57.627+0530] {logging_mixin.py:188} INFO - [2025-11-13T10:46:57.627+0530] {dag.py:3947} INFO - Setting next_dagrun for example_branch_datetime_operator to 2025-11-12 00:00:00+00:00, run_after=2025-11-13 00:00:00+00:00
[2025-11-13T10:46:57.636+0530] {logging_mixin.py:188} INFO - [2025-11-13T10:46:57.636+0530] {dag.py:3947} INFO - Setting next_dagrun for example_branch_datetime_operator_2 to 2025-11-12 00:00:00+00:00, run_after=2025-11-13 00:00:00+00:00
[2025-11-13T10:46:57.641+0530] {logging_mixin.py:188} INFO - [2025-11-13T10:46:57.641+0530] {dag.py:3947} INFO - Setting next_dagrun for example_branch_datetime_operator_3 to 2025-11-12 00:00:00+00:00, run_after=2025-11-13 00:00:00+00:00
[2025-11-13T10:46:57.672+0530] {processor.py:183} INFO - Processing /home/logi/txtai/venv/lib/python3.10/site-packages/airflow/example_dags/example_branch_datetime_operator.py took 0.192 seconds
[2025-11-13T10:47:28.718+0530] {processor.py:161} INFO - Started process (PID=20330) to work on /home/logi/txtai/venv/lib/python3.10/site-packages/airflow/example_dags/example_branch_datetime_operator.py
[2025-11-13T10:47:28.720+0530] {processor.py:830} INFO - Processing file /home/logi/txtai/venv/lib/python3.10/site-packages/airflow/example_dags/example_branch_datetime_operator.py for tasks to queue
[2025-11-13T10:47:28.723+0530] {logging_mixin.py:188} INFO - [2025-11-13T10:47:28.723+0530] {dagbag.py:545} INFO - Filling up the DagBag from /home/logi/txtai/venv/lib/python3.10/site-packages/airflow/example_dags/example_branch_datetime_operator.py
[2025-11-13T10:47:28.739+0530] {processor.py:840} INFO - DAG(s) 'example_branch_datetime_operator_2', 'example_branch_datetime_operator', 'example_branch_datetime_operator_3' retrieved from /home/logi/txtai/venv/lib/python3.10/site-packages/airflow/example_dags/example_branch_datetime_operator.py
[2025-11-13T10:47:28.812+0530] {logging_mixin.py:188} INFO - [2025-11-13T10:47:28.811+0530] {dag.py:3089} INFO - Sync 3 DAGs
[2025-11-13T10:47:28.854+0530] {logging_mixin.py:188} INFO - [2025-11-13T10:47:28.854+0530] {dag.py:3947} INFO - Setting next_dagrun for example_branch_datetime_operator to 2025-11-12 00:00:00+00:00, run_after=2025-11-13 00:00:00+00:00
[2025-11-13T10:47:28.863+0530] {logging_mixin.py:188} INFO - [2025-11-13T10:47:28.863+0530] {dag.py:3947} INFO - Setting next_dagrun for example_branch_datetime_operator_2 to 2025-11-12 00:00:00+00:00, run_after=2025-11-13 00:00:00+00:00
[2025-11-13T10:47:28.868+0530] {logging_mixin.py:188} INFO - [2025-11-13T10:47:28.867+0530] {dag.py:3947} INFO - Setting next_dagrun for example_branch_datetime_operator_3 to 2025-11-12 00:00:00+00:00, run_after=2025-11-13 00:00:00+00:00
[2025-11-13T10:47:28.912+0530] {processor.py:183} INFO - Processing /home/logi/txtai/venv/lib/python3.10/site-packages/airflow/example_dags/example_branch_datetime_operator.py took 0.204 seconds
[2025-11-13T10:48:00.428+0530] {processor.py:161} INFO - Started process (PID=20472) to work on /home/logi/txtai/venv/lib/python3.10/site-packages/airflow/example_dags/example_branch_datetime_operator.py
[2025-11-13T10:48:00.430+0530] {processor.py:830} INFO - Processing file /home/logi/txtai/venv/lib/python3.10/site-packages/airflow/example_dags/example_branch_datetime_operator.py for tasks to queue
[2025-11-13T10:48:00.433+0530] {logging_mixin.py:188} INFO - [2025-11-13T10:48:00.432+0530] {dagbag.py:545} INFO - Filling up the DagBag from /home/logi/txtai/venv/lib/python3.10/site-packages/airflow/example_dags/example_branch_datetime_operator.py
[2025-11-13T10:48:00.449+0530] {processor.py:840} INFO - DAG(s) 'example_branch_datetime_operator_3', 'example_branch_datetime_operator_2', 'example_branch_datetime_operator' retrieved from /home/logi/txtai/venv/lib/python3.10/site-packages/airflow/example_dags/example_branch_datetime_operator.py
[2025-11-13T10:48:00.519+0530] {logging_mixin.py:188} INFO - [2025-11-13T10:48:00.519+0530] {dag.py:3089} INFO - Sync 3 DAGs
[2025-11-13T10:48:00.563+0530] {logging_mixin.py:188} INFO - [2025-11-13T10:48:00.562+0530] {dag.py:3947} INFO - Setting next_dagrun for example_branch_datetime_operator to 2025-11-12 00:00:00+00:00, run_after=2025-11-13 00:00:00+00:00
[2025-11-13T10:48:00.572+0530] {logging_mixin.py:188} INFO - [2025-11-13T10:48:00.571+0530] {dag.py:3947} INFO - Setting next_dagrun for example_branch_datetime_operator_2 to 2025-11-12 00:00:00+00:00, run_after=2025-11-13 00:00:00+00:00
[2025-11-13T10:48:00.577+0530] {logging_mixin.py:188} INFO - [2025-11-13T10:48:00.576+0530] {dag.py:3947} INFO - Setting next_dagrun for example_branch_datetime_operator_3 to 2025-11-12 00:00:00+00:00, run_after=2025-11-13 00:00:00+00:00
[2025-11-13T10:48:00.618+0530] {processor.py:183} INFO - Processing /home/logi/txtai/venv/lib/python3.10/site-packages/airflow/example_dags/example_branch_datetime_operator.py took 0.201 seconds
[2025-11-13T10:48:31.525+0530] {processor.py:161} INFO - Started process (PID=20613) to work on /home/logi/txtai/venv/lib/python3.10/site-packages/airflow/example_dags/example_branch_datetime_operator.py
[2025-11-13T10:48:31.527+0530] {processor.py:830} INFO - Processing file /home/logi/txtai/venv/lib/python3.10/site-packages/airflow/example_dags/example_branch_datetime_operator.py for tasks to queue
[2025-11-13T10:48:31.530+0530] {logging_mixin.py:188} INFO - [2025-11-13T10:48:31.529+0530] {dagbag.py:545} INFO - Filling up the DagBag from /home/logi/txtai/venv/lib/python3.10/site-packages/airflow/example_dags/example_branch_datetime_operator.py
[2025-11-13T10:48:31.546+0530] {processor.py:840} INFO - DAG(s) 'example_branch_datetime_operator', 'example_branch_datetime_operator_3', 'example_branch_datetime_operator_2' retrieved from /home/logi/txtai/venv/lib/python3.10/site-packages/airflow/example_dags/example_branch_datetime_operator.py
[2025-11-13T10:48:31.606+0530] {logging_mixin.py:188} INFO - [2025-11-13T10:48:31.606+0530] {dag.py:3089} INFO - Sync 3 DAGs
[2025-11-13T10:48:31.648+0530] {logging_mixin.py:188} INFO - [2025-11-13T10:48:31.647+0530] {dag.py:3947} INFO - Setting next_dagrun for example_branch_datetime_operator to 2025-11-12 00:00:00+00:00, run_after=2025-11-13 00:00:00+00:00
[2025-11-13T10:48:31.656+0530] {logging_mixin.py:188} INFO - [2025-11-13T10:48:31.656+0530] {dag.py:3947} INFO - Setting next_dagrun for example_branch_datetime_operator_2 to 2025-11-12 00:00:00+00:00, run_after=2025-11-13 00:00:00+00:00
[2025-11-13T10:48:31.661+0530] {logging_mixin.py:188} INFO - [2025-11-13T10:48:31.661+0530] {dag.py:3947} INFO - Setting next_dagrun for example_branch_datetime_operator_3 to 2025-11-12 00:00:00+00:00, run_after=2025-11-13 00:00:00+00:00
[2025-11-13T10:48:31.700+0530] {processor.py:183} INFO - Processing /home/logi/txtai/venv/lib/python3.10/site-packages/airflow/example_dags/example_branch_datetime_operator.py took 0.186 seconds
[2025-11-13T10:49:01.848+0530] {processor.py:161} INFO - Started process (PID=20757) to work on /home/logi/txtai/venv/lib/python3.10/site-packages/airflow/example_dags/example_branch_datetime_operator.py
[2025-11-13T10:49:01.849+0530] {processor.py:830} INFO - Processing file /home/logi/txtai/venv/lib/python3.10/site-packages/airflow/example_dags/example_branch_datetime_operator.py for tasks to queue
[2025-11-13T10:49:01.852+0530] {logging_mixin.py:188} INFO - [2025-11-13T10:49:01.851+0530] {dagbag.py:545} INFO - Filling up the DagBag from /home/logi/txtai/venv/lib/python3.10/site-packages/airflow/example_dags/example_branch_datetime_operator.py
[2025-11-13T10:49:01.867+0530] {processor.py:840} INFO - DAG(s) 'example_branch_datetime_operator', 'example_branch_datetime_operator_2', 'example_branch_datetime_operator_3' retrieved from /home/logi/txtai/venv/lib/python3.10/site-packages/airflow/example_dags/example_branch_datetime_operator.py
[2025-11-13T10:49:01.927+0530] {logging_mixin.py:188} INFO - [2025-11-13T10:49:01.926+0530] {dag.py:3089} INFO - Sync 3 DAGs
[2025-11-13T10:49:01.958+0530] {logging_mixin.py:188} INFO - [2025-11-13T10:49:01.958+0530] {dag.py:3947} INFO - Setting next_dagrun for example_branch_datetime_operator to 2025-11-12 00:00:00+00:00, run_after=2025-11-13 00:00:00+00:00
[2025-11-13T10:49:01.967+0530] {logging_mixin.py:188} INFO - [2025-11-13T10:49:01.967+0530] {dag.py:3947} INFO - Setting next_dagrun for example_branch_datetime_operator_2 to 2025-11-12 00:00:00+00:00, run_after=2025-11-13 00:00:00+00:00
[2025-11-13T10:49:01.972+0530] {logging_mixin.py:188} INFO - [2025-11-13T10:49:01.972+0530] {dag.py:3947} INFO - Setting next_dagrun for example_branch_datetime_operator_3 to 2025-11-12 00:00:00+00:00, run_after=2025-11-13 00:00:00+00:00
[2025-11-13T10:49:02.011+0530] {processor.py:183} INFO - Processing /home/logi/txtai/venv/lib/python3.10/site-packages/airflow/example_dags/example_branch_datetime_operator.py took 0.173 seconds
[2025-11-13T10:49:32.639+0530] {processor.py:161} INFO - Started process (PID=20903) to work on /home/logi/txtai/venv/lib/python3.10/site-packages/airflow/example_dags/example_branch_datetime_operator.py
[2025-11-13T10:49:32.641+0530] {processor.py:830} INFO - Processing file /home/logi/txtai/venv/lib/python3.10/site-packages/airflow/example_dags/example_branch_datetime_operator.py for tasks to queue
[2025-11-13T10:49:32.643+0530] {logging_mixin.py:188} INFO - [2025-11-13T10:49:32.643+0530] {dagbag.py:545} INFO - Filling up the DagBag from /home/logi/txtai/venv/lib/python3.10/site-packages/airflow/example_dags/example_branch_datetime_operator.py
[2025-11-13T10:49:32.660+0530] {processor.py:840} INFO - DAG(s) 'example_branch_datetime_operator_3', 'example_branch_datetime_operator', 'example_branch_datetime_operator_2' retrieved from /home/logi/txtai/venv/lib/python3.10/site-packages/airflow/example_dags/example_branch_datetime_operator.py
[2025-11-13T10:49:32.730+0530] {logging_mixin.py:188} INFO - [2025-11-13T10:49:32.730+0530] {dag.py:3089} INFO - Sync 3 DAGs
[2025-11-13T10:49:32.772+0530] {logging_mixin.py:188} INFO - [2025-11-13T10:49:32.772+0530] {dag.py:3947} INFO - Setting next_dagrun for example_branch_datetime_operator to 2025-11-12 00:00:00+00:00, run_after=2025-11-13 00:00:00+00:00
[2025-11-13T10:49:32.781+0530] {logging_mixin.py:188} INFO - [2025-11-13T10:49:32.781+0530] {dag.py:3947} INFO - Setting next_dagrun for example_branch_datetime_operator_2 to 2025-11-12 00:00:00+00:00, run_after=2025-11-13 00:00:00+00:00
[2025-11-13T10:49:32.786+0530] {logging_mixin.py:188} INFO - [2025-11-13T10:49:32.785+0530] {dag.py:3947} INFO - Setting next_dagrun for example_branch_datetime_operator_3 to 2025-11-12 00:00:00+00:00, run_after=2025-11-13 00:00:00+00:00
[2025-11-13T10:49:32.816+0530] {processor.py:183} INFO - Processing /home/logi/txtai/venv/lib/python3.10/site-packages/airflow/example_dags/example_branch_datetime_operator.py took 0.188 seconds
[2025-11-13T10:50:03.970+0530] {processor.py:161} INFO - Started process (PID=21045) to work on /home/logi/txtai/venv/lib/python3.10/site-packages/airflow/example_dags/example_branch_datetime_operator.py
[2025-11-13T10:50:03.972+0530] {processor.py:830} INFO - Processing file /home/logi/txtai/venv/lib/python3.10/site-packages/airflow/example_dags/example_branch_datetime_operator.py for tasks to queue
[2025-11-13T10:50:03.974+0530] {logging_mixin.py:188} INFO - [2025-11-13T10:50:03.974+0530] {dagbag.py:545} INFO - Filling up the DagBag from /home/logi/txtai/venv/lib/python3.10/site-packages/airflow/example_dags/example_branch_datetime_operator.py
[2025-11-13T10:50:03.990+0530] {processor.py:840} INFO - DAG(s) 'example_branch_datetime_operator_3', 'example_branch_datetime_operator', 'example_branch_datetime_operator_2' retrieved from /home/logi/txtai/venv/lib/python3.10/site-packages/airflow/example_dags/example_branch_datetime_operator.py
[2025-11-13T10:50:04.059+0530] {logging_mixin.py:188} INFO - [2025-11-13T10:50:04.059+0530] {dag.py:3089} INFO - Sync 3 DAGs
[2025-11-13T10:50:04.102+0530] {logging_mixin.py:188} INFO - [2025-11-13T10:50:04.102+0530] {dag.py:3947} INFO - Setting next_dagrun for example_branch_datetime_operator to 2025-11-12 00:00:00+00:00, run_after=2025-11-13 00:00:00+00:00
[2025-11-13T10:50:04.111+0530] {logging_mixin.py:188} INFO - [2025-11-13T10:50:04.111+0530] {dag.py:3947} INFO - Setting next_dagrun for example_branch_datetime_operator_2 to 2025-11-12 00:00:00+00:00, run_after=2025-11-13 00:00:00+00:00
[2025-11-13T10:50:04.116+0530] {logging_mixin.py:188} INFO - [2025-11-13T10:50:04.116+0530] {dag.py:3947} INFO - Setting next_dagrun for example_branch_datetime_operator_3 to 2025-11-12 00:00:00+00:00, run_after=2025-11-13 00:00:00+00:00
[2025-11-13T10:50:04.147+0530] {processor.py:183} INFO - Processing /home/logi/txtai/venv/lib/python3.10/site-packages/airflow/example_dags/example_branch_datetime_operator.py took 0.187 seconds
[2025-11-13T10:50:34.905+0530] {processor.py:161} INFO - Started process (PID=21187) to work on /home/logi/txtai/venv/lib/python3.10/site-packages/airflow/example_dags/example_branch_datetime_operator.py
[2025-11-13T10:50:34.907+0530] {processor.py:830} INFO - Processing file /home/logi/txtai/venv/lib/python3.10/site-packages/airflow/example_dags/example_branch_datetime_operator.py for tasks to queue
[2025-11-13T10:50:34.909+0530] {logging_mixin.py:188} INFO - [2025-11-13T10:50:34.909+0530] {dagbag.py:545} INFO - Filling up the DagBag from /home/logi/txtai/venv/lib/python3.10/site-packages/airflow/example_dags/example_branch_datetime_operator.py
[2025-11-13T10:50:34.925+0530] {processor.py:840} INFO - DAG(s) 'example_branch_datetime_operator_3', 'example_branch_datetime_operator_2', 'example_branch_datetime_operator' retrieved from /home/logi/txtai/venv/lib/python3.10/site-packages/airflow/example_dags/example_branch_datetime_operator.py
[2025-11-13T10:50:34.994+0530] {logging_mixin.py:188} INFO - [2025-11-13T10:50:34.993+0530] {dag.py:3089} INFO - Sync 3 DAGs
[2025-11-13T10:50:35.035+0530] {logging_mixin.py:188} INFO - [2025-11-13T10:50:35.035+0530] {dag.py:3947} INFO - Setting next_dagrun for example_branch_datetime_operator to 2025-11-12 00:00:00+00:00, run_after=2025-11-13 00:00:00+00:00
[2025-11-13T10:50:35.044+0530] {logging_mixin.py:188} INFO - [2025-11-13T10:50:35.044+0530] {dag.py:3947} INFO - Setting next_dagrun for example_branch_datetime_operator_2 to 2025-11-12 00:00:00+00:00, run_after=2025-11-13 00:00:00+00:00
[2025-11-13T10:50:35.049+0530] {logging_mixin.py:188} INFO - [2025-11-13T10:50:35.048+0530] {dag.py:3947} INFO - Setting next_dagrun for example_branch_datetime_operator_3 to 2025-11-12 00:00:00+00:00, run_after=2025-11-13 00:00:00+00:00
[2025-11-13T10:50:35.079+0530] {processor.py:183} INFO - Processing /home/logi/txtai/venv/lib/python3.10/site-packages/airflow/example_dags/example_branch_datetime_operator.py took 0.184 seconds
[2025-11-13T10:51:06.367+0530] {processor.py:161} INFO - Started process (PID=21368) to work on /home/logi/txtai/venv/lib/python3.10/site-packages/airflow/example_dags/example_branch_datetime_operator.py
[2025-11-13T10:51:06.369+0530] {processor.py:830} INFO - Processing file /home/logi/txtai/venv/lib/python3.10/site-packages/airflow/example_dags/example_branch_datetime_operator.py for tasks to queue
[2025-11-13T10:51:06.373+0530] {logging_mixin.py:188} INFO - [2025-11-13T10:51:06.372+0530] {dagbag.py:545} INFO - Filling up the DagBag from /home/logi/txtai/venv/lib/python3.10/site-packages/airflow/example_dags/example_branch_datetime_operator.py
[2025-11-13T10:51:06.391+0530] {processor.py:840} INFO - DAG(s) 'example_branch_datetime_operator', 'example_branch_datetime_operator_2', 'example_branch_datetime_operator_3' retrieved from /home/logi/txtai/venv/lib/python3.10/site-packages/airflow/example_dags/example_branch_datetime_operator.py
[2025-11-13T10:51:06.464+0530] {logging_mixin.py:188} INFO - [2025-11-13T10:51:06.463+0530] {dag.py:3089} INFO - Sync 3 DAGs
[2025-11-13T10:51:06.511+0530] {logging_mixin.py:188} INFO - [2025-11-13T10:51:06.510+0530] {dag.py:3947} INFO - Setting next_dagrun for example_branch_datetime_operator to 2025-11-12 00:00:00+00:00, run_after=2025-11-13 00:00:00+00:00
[2025-11-13T10:51:06.522+0530] {logging_mixin.py:188} INFO - [2025-11-13T10:51:06.521+0530] {dag.py:3947} INFO - Setting next_dagrun for example_branch_datetime_operator_2 to 2025-11-12 00:00:00+00:00, run_after=2025-11-13 00:00:00+00:00
[2025-11-13T10:51:06.528+0530] {logging_mixin.py:188} INFO - [2025-11-13T10:51:06.527+0530] {dag.py:3947} INFO - Setting next_dagrun for example_branch_datetime_operator_3 to 2025-11-12 00:00:00+00:00, run_after=2025-11-13 00:00:00+00:00
[2025-11-13T10:51:06.577+0530] {processor.py:183} INFO - Processing /home/logi/txtai/venv/lib/python3.10/site-packages/airflow/example_dags/example_branch_datetime_operator.py took 0.222 seconds
[2025-11-13T10:51:37.534+0530] {processor.py:161} INFO - Started process (PID=21510) to work on /home/logi/txtai/venv/lib/python3.10/site-packages/airflow/example_dags/example_branch_datetime_operator.py
[2025-11-13T10:51:37.536+0530] {processor.py:830} INFO - Processing file /home/logi/txtai/venv/lib/python3.10/site-packages/airflow/example_dags/example_branch_datetime_operator.py for tasks to queue
[2025-11-13T10:51:37.539+0530] {logging_mixin.py:188} INFO - [2025-11-13T10:51:37.538+0530] {dagbag.py:545} INFO - Filling up the DagBag from /home/logi/txtai/venv/lib/python3.10/site-packages/airflow/example_dags/example_branch_datetime_operator.py
[2025-11-13T10:51:37.555+0530] {processor.py:840} INFO - DAG(s) 'example_branch_datetime_operator_2', 'example_branch_datetime_operator_3', 'example_branch_datetime_operator' retrieved from /home/logi/txtai/venv/lib/python3.10/site-packages/airflow/example_dags/example_branch_datetime_operator.py
[2025-11-13T10:51:37.625+0530] {logging_mixin.py:188} INFO - [2025-11-13T10:51:37.625+0530] {dag.py:3089} INFO - Sync 3 DAGs
[2025-11-13T10:51:37.667+0530] {logging_mixin.py:188} INFO - [2025-11-13T10:51:37.667+0530] {dag.py:3947} INFO - Setting next_dagrun for example_branch_datetime_operator to 2025-11-12 00:00:00+00:00, run_after=2025-11-13 00:00:00+00:00
[2025-11-13T10:51:37.676+0530] {logging_mixin.py:188} INFO - [2025-11-13T10:51:37.676+0530] {dag.py:3947} INFO - Setting next_dagrun for example_branch_datetime_operator_2 to 2025-11-12 00:00:00+00:00, run_after=2025-11-13 00:00:00+00:00
[2025-11-13T10:51:37.682+0530] {logging_mixin.py:188} INFO - [2025-11-13T10:51:37.681+0530] {dag.py:3947} INFO - Setting next_dagrun for example_branch_datetime_operator_3 to 2025-11-12 00:00:00+00:00, run_after=2025-11-13 00:00:00+00:00
[2025-11-13T10:51:37.714+0530] {processor.py:183} INFO - Processing /home/logi/txtai/venv/lib/python3.10/site-packages/airflow/example_dags/example_branch_datetime_operator.py took 0.190 seconds
[2025-11-13T10:52:08.501+0530] {processor.py:161} INFO - Started process (PID=21668) to work on /home/logi/txtai/venv/lib/python3.10/site-packages/airflow/example_dags/example_branch_datetime_operator.py
[2025-11-13T10:52:08.502+0530] {processor.py:830} INFO - Processing file /home/logi/txtai/venv/lib/python3.10/site-packages/airflow/example_dags/example_branch_datetime_operator.py for tasks to queue
[2025-11-13T10:52:08.505+0530] {logging_mixin.py:188} INFO - [2025-11-13T10:52:08.505+0530] {dagbag.py:545} INFO - Filling up the DagBag from /home/logi/txtai/venv/lib/python3.10/site-packages/airflow/example_dags/example_branch_datetime_operator.py
[2025-11-13T10:52:08.521+0530] {processor.py:840} INFO - DAG(s) 'example_branch_datetime_operator_2', 'example_branch_datetime_operator_3', 'example_branch_datetime_operator' retrieved from /home/logi/txtai/venv/lib/python3.10/site-packages/airflow/example_dags/example_branch_datetime_operator.py
[2025-11-13T10:52:08.593+0530] {logging_mixin.py:188} INFO - [2025-11-13T10:52:08.593+0530] {dag.py:3089} INFO - Sync 3 DAGs
[2025-11-13T10:52:08.635+0530] {logging_mixin.py:188} INFO - [2025-11-13T10:52:08.635+0530] {dag.py:3947} INFO - Setting next_dagrun for example_branch_datetime_operator to 2025-11-12 00:00:00+00:00, run_after=2025-11-13 00:00:00+00:00
[2025-11-13T10:52:08.644+0530] {logging_mixin.py:188} INFO - [2025-11-13T10:52:08.643+0530] {dag.py:3947} INFO - Setting next_dagrun for example_branch_datetime_operator_2 to 2025-11-12 00:00:00+00:00, run_after=2025-11-13 00:00:00+00:00
[2025-11-13T10:52:08.649+0530] {logging_mixin.py:188} INFO - [2025-11-13T10:52:08.649+0530] {dag.py:3947} INFO - Setting next_dagrun for example_branch_datetime_operator_3 to 2025-11-12 00:00:00+00:00, run_after=2025-11-13 00:00:00+00:00
[2025-11-13T10:52:08.685+0530] {processor.py:183} INFO - Processing /home/logi/txtai/venv/lib/python3.10/site-packages/airflow/example_dags/example_branch_datetime_operator.py took 0.195 seconds
[2025-11-13T10:52:40.168+0530] {processor.py:161} INFO - Started process (PID=21855) to work on /home/logi/txtai/venv/lib/python3.10/site-packages/airflow/example_dags/example_branch_datetime_operator.py
[2025-11-13T10:52:40.170+0530] {processor.py:830} INFO - Processing file /home/logi/txtai/venv/lib/python3.10/site-packages/airflow/example_dags/example_branch_datetime_operator.py for tasks to queue
[2025-11-13T10:52:40.172+0530] {logging_mixin.py:188} INFO - [2025-11-13T10:52:40.172+0530] {dagbag.py:545} INFO - Filling up the DagBag from /home/logi/txtai/venv/lib/python3.10/site-packages/airflow/example_dags/example_branch_datetime_operator.py
[2025-11-13T10:52:40.186+0530] {processor.py:840} INFO - DAG(s) 'example_branch_datetime_operator_2', 'example_branch_datetime_operator_3', 'example_branch_datetime_operator' retrieved from /home/logi/txtai/venv/lib/python3.10/site-packages/airflow/example_dags/example_branch_datetime_operator.py
[2025-11-13T10:52:40.237+0530] {logging_mixin.py:188} INFO - [2025-11-13T10:52:40.237+0530] {dag.py:3089} INFO - Sync 3 DAGs
[2025-11-13T10:52:40.261+0530] {logging_mixin.py:188} INFO - [2025-11-13T10:52:40.261+0530] {dag.py:3947} INFO - Setting next_dagrun for example_branch_datetime_operator to 2025-11-12 00:00:00+00:00, run_after=2025-11-13 00:00:00+00:00
[2025-11-13T10:52:40.266+0530] {logging_mixin.py:188} INFO - [2025-11-13T10:52:40.266+0530] {dag.py:3947} INFO - Setting next_dagrun for example_branch_datetime_operator_2 to 2025-11-12 00:00:00+00:00, run_after=2025-11-13 00:00:00+00:00
[2025-11-13T10:52:40.269+0530] {logging_mixin.py:188} INFO - [2025-11-13T10:52:40.269+0530] {dag.py:3947} INFO - Setting next_dagrun for example_branch_datetime_operator_3 to 2025-11-12 00:00:00+00:00, run_after=2025-11-13 00:00:00+00:00
[2025-11-13T10:52:40.292+0530] {processor.py:183} INFO - Processing /home/logi/txtai/venv/lib/python3.10/site-packages/airflow/example_dags/example_branch_datetime_operator.py took 0.137 seconds
[2025-11-13T10:53:10.543+0530] {processor.py:161} INFO - Started process (PID=22078) to work on /home/logi/txtai/venv/lib/python3.10/site-packages/airflow/example_dags/example_branch_datetime_operator.py
[2025-11-13T10:53:10.544+0530] {processor.py:830} INFO - Processing file /home/logi/txtai/venv/lib/python3.10/site-packages/airflow/example_dags/example_branch_datetime_operator.py for tasks to queue
[2025-11-13T10:53:10.546+0530] {logging_mixin.py:188} INFO - [2025-11-13T10:53:10.546+0530] {dagbag.py:545} INFO - Filling up the DagBag from /home/logi/txtai/venv/lib/python3.10/site-packages/airflow/example_dags/example_branch_datetime_operator.py
[2025-11-13T10:53:10.555+0530] {processor.py:840} INFO - DAG(s) 'example_branch_datetime_operator_3', 'example_branch_datetime_operator_2', 'example_branch_datetime_operator' retrieved from /home/logi/txtai/venv/lib/python3.10/site-packages/airflow/example_dags/example_branch_datetime_operator.py
[2025-11-13T10:53:10.608+0530] {logging_mixin.py:188} INFO - [2025-11-13T10:53:10.607+0530] {dag.py:3089} INFO - Sync 3 DAGs
[2025-11-13T10:53:10.639+0530] {logging_mixin.py:188} INFO - [2025-11-13T10:53:10.639+0530] {dag.py:3947} INFO - Setting next_dagrun for example_branch_datetime_operator to 2025-11-12 00:00:00+00:00, run_after=2025-11-13 00:00:00+00:00
[2025-11-13T10:53:10.645+0530] {logging_mixin.py:188} INFO - [2025-11-13T10:53:10.645+0530] {dag.py:3947} INFO - Setting next_dagrun for example_branch_datetime_operator_2 to 2025-11-12 00:00:00+00:00, run_after=2025-11-13 00:00:00+00:00
[2025-11-13T10:53:10.649+0530] {logging_mixin.py:188} INFO - [2025-11-13T10:53:10.649+0530] {dag.py:3947} INFO - Setting next_dagrun for example_branch_datetime_operator_3 to 2025-11-12 00:00:00+00:00, run_after=2025-11-13 00:00:00+00:00
[2025-11-13T10:53:10.674+0530] {processor.py:183} INFO - Processing /home/logi/txtai/venv/lib/python3.10/site-packages/airflow/example_dags/example_branch_datetime_operator.py took 0.137 seconds
[2025-11-13T10:53:41.754+0530] {processor.py:161} INFO - Started process (PID=22295) to work on /home/logi/txtai/venv/lib/python3.10/site-packages/airflow/example_dags/example_branch_datetime_operator.py
[2025-11-13T10:53:41.756+0530] {processor.py:830} INFO - Processing file /home/logi/txtai/venv/lib/python3.10/site-packages/airflow/example_dags/example_branch_datetime_operator.py for tasks to queue
[2025-11-13T10:53:41.759+0530] {logging_mixin.py:188} INFO - [2025-11-13T10:53:41.758+0530] {dagbag.py:545} INFO - Filling up the DagBag from /home/logi/txtai/venv/lib/python3.10/site-packages/airflow/example_dags/example_branch_datetime_operator.py
[2025-11-13T10:53:41.775+0530] {processor.py:840} INFO - DAG(s) 'example_branch_datetime_operator_3', 'example_branch_datetime_operator_2', 'example_branch_datetime_operator' retrieved from /home/logi/txtai/venv/lib/python3.10/site-packages/airflow/example_dags/example_branch_datetime_operator.py
[2025-11-13T10:53:41.843+0530] {logging_mixin.py:188} INFO - [2025-11-13T10:53:41.843+0530] {dag.py:3089} INFO - Sync 3 DAGs
[2025-11-13T10:53:41.886+0530] {logging_mixin.py:188} INFO - [2025-11-13T10:53:41.885+0530] {dag.py:3947} INFO - Setting next_dagrun for example_branch_datetime_operator to 2025-11-12 00:00:00+00:00, run_after=2025-11-13 00:00:00+00:00
[2025-11-13T10:53:41.895+0530] {logging_mixin.py:188} INFO - [2025-11-13T10:53:41.894+0530] {dag.py:3947} INFO - Setting next_dagrun for example_branch_datetime_operator_2 to 2025-11-12 00:00:00+00:00, run_after=2025-11-13 00:00:00+00:00
[2025-11-13T10:53:41.899+0530] {logging_mixin.py:188} INFO - [2025-11-13T10:53:41.899+0530] {dag.py:3947} INFO - Setting next_dagrun for example_branch_datetime_operator_3 to 2025-11-12 00:00:00+00:00, run_after=2025-11-13 00:00:00+00:00
[2025-11-13T10:53:41.941+0530] {processor.py:183} INFO - Processing /home/logi/txtai/venv/lib/python3.10/site-packages/airflow/example_dags/example_branch_datetime_operator.py took 0.198 seconds
[2025-11-13T10:54:13.214+0530] {processor.py:161} INFO - Started process (PID=22437) to work on /home/logi/txtai/venv/lib/python3.10/site-packages/airflow/example_dags/example_branch_datetime_operator.py
[2025-11-13T10:54:13.216+0530] {processor.py:830} INFO - Processing file /home/logi/txtai/venv/lib/python3.10/site-packages/airflow/example_dags/example_branch_datetime_operator.py for tasks to queue
[2025-11-13T10:54:13.219+0530] {logging_mixin.py:188} INFO - [2025-11-13T10:54:13.218+0530] {dagbag.py:545} INFO - Filling up the DagBag from /home/logi/txtai/venv/lib/python3.10/site-packages/airflow/example_dags/example_branch_datetime_operator.py
[2025-11-13T10:54:13.235+0530] {processor.py:840} INFO - DAG(s) 'example_branch_datetime_operator_2', 'example_branch_datetime_operator', 'example_branch_datetime_operator_3' retrieved from /home/logi/txtai/venv/lib/python3.10/site-packages/airflow/example_dags/example_branch_datetime_operator.py
[2025-11-13T10:54:13.304+0530] {logging_mixin.py:188} INFO - [2025-11-13T10:54:13.304+0530] {dag.py:3089} INFO - Sync 3 DAGs
[2025-11-13T10:54:13.348+0530] {logging_mixin.py:188} INFO - [2025-11-13T10:54:13.348+0530] {dag.py:3947} INFO - Setting next_dagrun for example_branch_datetime_operator to 2025-11-12 00:00:00+00:00, run_after=2025-11-13 00:00:00+00:00
[2025-11-13T10:54:13.357+0530] {logging_mixin.py:188} INFO - [2025-11-13T10:54:13.357+0530] {dag.py:3947} INFO - Setting next_dagrun for example_branch_datetime_operator_2 to 2025-11-12 00:00:00+00:00, run_after=2025-11-13 00:00:00+00:00
[2025-11-13T10:54:13.362+0530] {logging_mixin.py:188} INFO - [2025-11-13T10:54:13.362+0530] {dag.py:3947} INFO - Setting next_dagrun for example_branch_datetime_operator_3 to 2025-11-12 00:00:00+00:00, run_after=2025-11-13 00:00:00+00:00
[2025-11-13T10:54:13.395+0530] {processor.py:183} INFO - Processing /home/logi/txtai/venv/lib/python3.10/site-packages/airflow/example_dags/example_branch_datetime_operator.py took 0.192 seconds
[2025-11-13T10:54:44.445+0530] {processor.py:161} INFO - Started process (PID=22640) to work on /home/logi/txtai/venv/lib/python3.10/site-packages/airflow/example_dags/example_branch_datetime_operator.py
[2025-11-13T10:54:44.447+0530] {processor.py:830} INFO - Processing file /home/logi/txtai/venv/lib/python3.10/site-packages/airflow/example_dags/example_branch_datetime_operator.py for tasks to queue
[2025-11-13T10:54:44.450+0530] {logging_mixin.py:188} INFO - [2025-11-13T10:54:44.449+0530] {dagbag.py:545} INFO - Filling up the DagBag from /home/logi/txtai/venv/lib/python3.10/site-packages/airflow/example_dags/example_branch_datetime_operator.py
[2025-11-13T10:54:44.465+0530] {processor.py:840} INFO - DAG(s) 'example_branch_datetime_operator_2', 'example_branch_datetime_operator', 'example_branch_datetime_operator_3' retrieved from /home/logi/txtai/venv/lib/python3.10/site-packages/airflow/example_dags/example_branch_datetime_operator.py
[2025-11-13T10:54:44.524+0530] {logging_mixin.py:188} INFO - [2025-11-13T10:54:44.524+0530] {dag.py:3089} INFO - Sync 3 DAGs
[2025-11-13T10:54:44.567+0530] {logging_mixin.py:188} INFO - [2025-11-13T10:54:44.566+0530] {dag.py:3947} INFO - Setting next_dagrun for example_branch_datetime_operator to 2025-11-12 00:00:00+00:00, run_after=2025-11-13 00:00:00+00:00
[2025-11-13T10:54:44.576+0530] {logging_mixin.py:188} INFO - [2025-11-13T10:54:44.575+0530] {dag.py:3947} INFO - Setting next_dagrun for example_branch_datetime_operator_2 to 2025-11-12 00:00:00+00:00, run_after=2025-11-13 00:00:00+00:00
[2025-11-13T10:54:44.580+0530] {logging_mixin.py:188} INFO - [2025-11-13T10:54:44.580+0530] {dag.py:3947} INFO - Setting next_dagrun for example_branch_datetime_operator_3 to 2025-11-12 00:00:00+00:00, run_after=2025-11-13 00:00:00+00:00
[2025-11-13T10:54:44.616+0530] {processor.py:183} INFO - Processing /home/logi/txtai/venv/lib/python3.10/site-packages/airflow/example_dags/example_branch_datetime_operator.py took 0.181 seconds
[2025-11-13T10:55:16.045+0530] {processor.py:161} INFO - Started process (PID=22940) to work on /home/logi/txtai/venv/lib/python3.10/site-packages/airflow/example_dags/example_branch_datetime_operator.py
[2025-11-13T10:55:16.047+0530] {processor.py:830} INFO - Processing file /home/logi/txtai/venv/lib/python3.10/site-packages/airflow/example_dags/example_branch_datetime_operator.py for tasks to queue
[2025-11-13T10:55:16.049+0530] {logging_mixin.py:188} INFO - [2025-11-13T10:55:16.049+0530] {dagbag.py:545} INFO - Filling up the DagBag from /home/logi/txtai/venv/lib/python3.10/site-packages/airflow/example_dags/example_branch_datetime_operator.py
[2025-11-13T10:55:16.065+0530] {processor.py:840} INFO - DAG(s) 'example_branch_datetime_operator_2', 'example_branch_datetime_operator', 'example_branch_datetime_operator_3' retrieved from /home/logi/txtai/venv/lib/python3.10/site-packages/airflow/example_dags/example_branch_datetime_operator.py
[2025-11-13T10:55:16.140+0530] {logging_mixin.py:188} INFO - [2025-11-13T10:55:16.140+0530] {dag.py:3089} INFO - Sync 3 DAGs
[2025-11-13T10:55:16.182+0530] {logging_mixin.py:188} INFO - [2025-11-13T10:55:16.182+0530] {dag.py:3947} INFO - Setting next_dagrun for example_branch_datetime_operator to 2025-11-12 00:00:00+00:00, run_after=2025-11-13 00:00:00+00:00
[2025-11-13T10:55:16.187+0530] {logging_mixin.py:188} INFO - [2025-11-13T10:55:16.187+0530] {dag.py:3947} INFO - Setting next_dagrun for example_branch_datetime_operator_2 to 2025-11-12 00:00:00+00:00, run_after=2025-11-13 00:00:00+00:00
[2025-11-13T10:55:16.191+0530] {logging_mixin.py:188} INFO - [2025-11-13T10:55:16.190+0530] {dag.py:3947} INFO - Setting next_dagrun for example_branch_datetime_operator_3 to 2025-11-12 00:00:00+00:00, run_after=2025-11-13 00:00:00+00:00
[2025-11-13T10:55:16.218+0530] {processor.py:183} INFO - Processing /home/logi/txtai/venv/lib/python3.10/site-packages/airflow/example_dags/example_branch_datetime_operator.py took 0.184 seconds
[2025-11-13T10:55:47.500+0530] {processor.py:161} INFO - Started process (PID=23366) to work on /home/logi/txtai/venv/lib/python3.10/site-packages/airflow/example_dags/example_branch_datetime_operator.py
[2025-11-13T10:55:47.502+0530] {processor.py:830} INFO - Processing file /home/logi/txtai/venv/lib/python3.10/site-packages/airflow/example_dags/example_branch_datetime_operator.py for tasks to queue
[2025-11-13T10:55:47.504+0530] {logging_mixin.py:188} INFO - [2025-11-13T10:55:47.504+0530] {dagbag.py:545} INFO - Filling up the DagBag from /home/logi/txtai/venv/lib/python3.10/site-packages/airflow/example_dags/example_branch_datetime_operator.py
[2025-11-13T10:55:47.520+0530] {processor.py:840} INFO - DAG(s) 'example_branch_datetime_operator', 'example_branch_datetime_operator_2', 'example_branch_datetime_operator_3' retrieved from /home/logi/txtai/venv/lib/python3.10/site-packages/airflow/example_dags/example_branch_datetime_operator.py
[2025-11-13T10:55:47.595+0530] {logging_mixin.py:188} INFO - [2025-11-13T10:55:47.594+0530] {dag.py:3089} INFO - Sync 3 DAGs
[2025-11-13T10:55:47.641+0530] {logging_mixin.py:188} INFO - [2025-11-13T10:55:47.640+0530] {dag.py:3947} INFO - Setting next_dagrun for example_branch_datetime_operator to 2025-11-12 00:00:00+00:00, run_after=2025-11-13 00:00:00+00:00
[2025-11-13T10:55:47.648+0530] {logging_mixin.py:188} INFO - [2025-11-13T10:55:47.648+0530] {dag.py:3947} INFO - Setting next_dagrun for example_branch_datetime_operator_2 to 2025-11-12 00:00:00+00:00, run_after=2025-11-13 00:00:00+00:00
[2025-11-13T10:55:47.653+0530] {logging_mixin.py:188} INFO - [2025-11-13T10:55:47.652+0530] {dag.py:3947} INFO - Setting next_dagrun for example_branch_datetime_operator_3 to 2025-11-12 00:00:00+00:00, run_after=2025-11-13 00:00:00+00:00
[2025-11-13T10:55:47.680+0530] {processor.py:183} INFO - Processing /home/logi/txtai/venv/lib/python3.10/site-packages/airflow/example_dags/example_branch_datetime_operator.py took 0.191 seconds
[2025-11-13T10:56:18.765+0530] {processor.py:161} INFO - Started process (PID=23653) to work on /home/logi/txtai/venv/lib/python3.10/site-packages/airflow/example_dags/example_branch_datetime_operator.py
[2025-11-13T10:56:18.767+0530] {processor.py:830} INFO - Processing file /home/logi/txtai/venv/lib/python3.10/site-packages/airflow/example_dags/example_branch_datetime_operator.py for tasks to queue
[2025-11-13T10:56:18.769+0530] {logging_mixin.py:188} INFO - [2025-11-13T10:56:18.769+0530] {dagbag.py:545} INFO - Filling up the DagBag from /home/logi/txtai/venv/lib/python3.10/site-packages/airflow/example_dags/example_branch_datetime_operator.py
[2025-11-13T10:56:18.785+0530] {processor.py:840} INFO - DAG(s) 'example_branch_datetime_operator', 'example_branch_datetime_operator_3', 'example_branch_datetime_operator_2' retrieved from /home/logi/txtai/venv/lib/python3.10/site-packages/airflow/example_dags/example_branch_datetime_operator.py
[2025-11-13T10:56:18.854+0530] {logging_mixin.py:188} INFO - [2025-11-13T10:56:18.854+0530] {dag.py:3089} INFO - Sync 3 DAGs
[2025-11-13T10:56:18.891+0530] {logging_mixin.py:188} INFO - [2025-11-13T10:56:18.891+0530] {dag.py:3947} INFO - Setting next_dagrun for example_branch_datetime_operator to 2025-11-12 00:00:00+00:00, run_after=2025-11-13 00:00:00+00:00
[2025-11-13T10:56:18.895+0530] {logging_mixin.py:188} INFO - [2025-11-13T10:56:18.895+0530] {dag.py:3947} INFO - Setting next_dagrun for example_branch_datetime_operator_2 to 2025-11-12 00:00:00+00:00, run_after=2025-11-13 00:00:00+00:00
[2025-11-13T10:56:18.897+0530] {logging_mixin.py:188} INFO - [2025-11-13T10:56:18.897+0530] {dag.py:3947} INFO - Setting next_dagrun for example_branch_datetime_operator_3 to 2025-11-12 00:00:00+00:00, run_after=2025-11-13 00:00:00+00:00
[2025-11-13T10:56:18.917+0530] {processor.py:183} INFO - Processing /home/logi/txtai/venv/lib/python3.10/site-packages/airflow/example_dags/example_branch_datetime_operator.py took 0.162 seconds
[2025-11-13T10:56:50.338+0530] {processor.py:161} INFO - Started process (PID=23805) to work on /home/logi/txtai/venv/lib/python3.10/site-packages/airflow/example_dags/example_branch_datetime_operator.py
[2025-11-13T10:56:50.340+0530] {processor.py:830} INFO - Processing file /home/logi/txtai/venv/lib/python3.10/site-packages/airflow/example_dags/example_branch_datetime_operator.py for tasks to queue
[2025-11-13T10:56:50.344+0530] {logging_mixin.py:188} INFO - [2025-11-13T10:56:50.343+0530] {dagbag.py:545} INFO - Filling up the DagBag from /home/logi/txtai/venv/lib/python3.10/site-packages/airflow/example_dags/example_branch_datetime_operator.py
[2025-11-13T10:56:50.367+0530] {processor.py:840} INFO - DAG(s) 'example_branch_datetime_operator', 'example_branch_datetime_operator_2', 'example_branch_datetime_operator_3' retrieved from /home/logi/txtai/venv/lib/python3.10/site-packages/airflow/example_dags/example_branch_datetime_operator.py
[2025-11-13T10:56:50.427+0530] {logging_mixin.py:188} INFO - [2025-11-13T10:56:50.427+0530] {dag.py:3089} INFO - Sync 3 DAGs
[2025-11-13T10:56:50.469+0530] {logging_mixin.py:188} INFO - [2025-11-13T10:56:50.469+0530] {dag.py:3947} INFO - Setting next_dagrun for example_branch_datetime_operator to 2025-11-12 00:00:00+00:00, run_after=2025-11-13 00:00:00+00:00
[2025-11-13T10:56:50.478+0530] {logging_mixin.py:188} INFO - [2025-11-13T10:56:50.478+0530] {dag.py:3947} INFO - Setting next_dagrun for example_branch_datetime_operator_2 to 2025-11-12 00:00:00+00:00, run_after=2025-11-13 00:00:00+00:00
[2025-11-13T10:56:50.483+0530] {logging_mixin.py:188} INFO - [2025-11-13T10:56:50.483+0530] {dag.py:3947} INFO - Setting next_dagrun for example_branch_datetime_operator_3 to 2025-11-12 00:00:00+00:00, run_after=2025-11-13 00:00:00+00:00
[2025-11-13T10:56:50.515+0530] {processor.py:183} INFO - Processing /home/logi/txtai/venv/lib/python3.10/site-packages/airflow/example_dags/example_branch_datetime_operator.py took 0.192 seconds
[2025-11-13T10:57:20.774+0530] {processor.py:161} INFO - Started process (PID=23949) to work on /home/logi/txtai/venv/lib/python3.10/site-packages/airflow/example_dags/example_branch_datetime_operator.py
[2025-11-13T10:57:20.776+0530] {processor.py:830} INFO - Processing file /home/logi/txtai/venv/lib/python3.10/site-packages/airflow/example_dags/example_branch_datetime_operator.py for tasks to queue
[2025-11-13T10:57:20.778+0530] {logging_mixin.py:188} INFO - [2025-11-13T10:57:20.778+0530] {dagbag.py:545} INFO - Filling up the DagBag from /home/logi/txtai/venv/lib/python3.10/site-packages/airflow/example_dags/example_branch_datetime_operator.py
[2025-11-13T10:57:20.794+0530] {processor.py:840} INFO - DAG(s) 'example_branch_datetime_operator_3', 'example_branch_datetime_operator', 'example_branch_datetime_operator_2' retrieved from /home/logi/txtai/venv/lib/python3.10/site-packages/airflow/example_dags/example_branch_datetime_operator.py
[2025-11-13T10:57:20.864+0530] {logging_mixin.py:188} INFO - [2025-11-13T10:57:20.864+0530] {dag.py:3089} INFO - Sync 3 DAGs
[2025-11-13T10:57:20.905+0530] {logging_mixin.py:188} INFO - [2025-11-13T10:57:20.905+0530] {dag.py:3947} INFO - Setting next_dagrun for example_branch_datetime_operator to 2025-11-12 00:00:00+00:00, run_after=2025-11-13 00:00:00+00:00
[2025-11-13T10:57:20.914+0530] {logging_mixin.py:188} INFO - [2025-11-13T10:57:20.914+0530] {dag.py:3947} INFO - Setting next_dagrun for example_branch_datetime_operator_2 to 2025-11-12 00:00:00+00:00, run_after=2025-11-13 00:00:00+00:00
[2025-11-13T10:57:20.919+0530] {logging_mixin.py:188} INFO - [2025-11-13T10:57:20.919+0530] {dag.py:3947} INFO - Setting next_dagrun for example_branch_datetime_operator_3 to 2025-11-12 00:00:00+00:00, run_after=2025-11-13 00:00:00+00:00
[2025-11-13T10:57:20.961+0530] {processor.py:183} INFO - Processing /home/logi/txtai/venv/lib/python3.10/site-packages/airflow/example_dags/example_branch_datetime_operator.py took 0.197 seconds
[2025-11-13T10:57:52.451+0530] {processor.py:161} INFO - Started process (PID=24091) to work on /home/logi/txtai/venv/lib/python3.10/site-packages/airflow/example_dags/example_branch_datetime_operator.py
[2025-11-13T10:57:52.453+0530] {processor.py:830} INFO - Processing file /home/logi/txtai/venv/lib/python3.10/site-packages/airflow/example_dags/example_branch_datetime_operator.py for tasks to queue
[2025-11-13T10:57:52.454+0530] {logging_mixin.py:188} INFO - [2025-11-13T10:57:52.454+0530] {dagbag.py:545} INFO - Filling up the DagBag from /home/logi/txtai/venv/lib/python3.10/site-packages/airflow/example_dags/example_branch_datetime_operator.py
[2025-11-13T10:57:52.462+0530] {processor.py:840} INFO - DAG(s) 'example_branch_datetime_operator_2', 'example_branch_datetime_operator_3', 'example_branch_datetime_operator' retrieved from /home/logi/txtai/venv/lib/python3.10/site-packages/airflow/example_dags/example_branch_datetime_operator.py
[2025-11-13T10:57:52.520+0530] {logging_mixin.py:188} INFO - [2025-11-13T10:57:52.520+0530] {dag.py:3089} INFO - Sync 3 DAGs
[2025-11-13T10:57:52.556+0530] {logging_mixin.py:188} INFO - [2025-11-13T10:57:52.556+0530] {dag.py:3947} INFO - Setting next_dagrun for example_branch_datetime_operator to 2025-11-12 00:00:00+00:00, run_after=2025-11-13 00:00:00+00:00
[2025-11-13T10:57:52.564+0530] {logging_mixin.py:188} INFO - [2025-11-13T10:57:52.564+0530] {dag.py:3947} INFO - Setting next_dagrun for example_branch_datetime_operator_2 to 2025-11-12 00:00:00+00:00, run_after=2025-11-13 00:00:00+00:00
[2025-11-13T10:57:52.568+0530] {logging_mixin.py:188} INFO - [2025-11-13T10:57:52.568+0530] {dag.py:3947} INFO - Setting next_dagrun for example_branch_datetime_operator_3 to 2025-11-12 00:00:00+00:00, run_after=2025-11-13 00:00:00+00:00
[2025-11-13T10:57:52.599+0530] {processor.py:183} INFO - Processing /home/logi/txtai/venv/lib/python3.10/site-packages/airflow/example_dags/example_branch_datetime_operator.py took 0.154 seconds
[2025-11-13T10:58:23.655+0530] {processor.py:161} INFO - Started process (PID=24233) to work on /home/logi/txtai/venv/lib/python3.10/site-packages/airflow/example_dags/example_branch_datetime_operator.py
[2025-11-13T10:58:23.657+0530] {processor.py:830} INFO - Processing file /home/logi/txtai/venv/lib/python3.10/site-packages/airflow/example_dags/example_branch_datetime_operator.py for tasks to queue
[2025-11-13T10:58:23.659+0530] {logging_mixin.py:188} INFO - [2025-11-13T10:58:23.659+0530] {dagbag.py:545} INFO - Filling up the DagBag from /home/logi/txtai/venv/lib/python3.10/site-packages/airflow/example_dags/example_branch_datetime_operator.py
[2025-11-13T10:58:23.675+0530] {processor.py:840} INFO - DAG(s) 'example_branch_datetime_operator_2', 'example_branch_datetime_operator', 'example_branch_datetime_operator_3' retrieved from /home/logi/txtai/venv/lib/python3.10/site-packages/airflow/example_dags/example_branch_datetime_operator.py
[2025-11-13T10:58:23.739+0530] {logging_mixin.py:188} INFO - [2025-11-13T10:58:23.739+0530] {dag.py:3089} INFO - Sync 3 DAGs
[2025-11-13T10:58:23.779+0530] {logging_mixin.py:188} INFO - [2025-11-13T10:58:23.779+0530] {dag.py:3947} INFO - Setting next_dagrun for example_branch_datetime_operator to 2025-11-12 00:00:00+00:00, run_after=2025-11-13 00:00:00+00:00
[2025-11-13T10:58:23.789+0530] {logging_mixin.py:188} INFO - [2025-11-13T10:58:23.788+0530] {dag.py:3947} INFO - Setting next_dagrun for example_branch_datetime_operator_2 to 2025-11-12 00:00:00+00:00, run_after=2025-11-13 00:00:00+00:00
[2025-11-13T10:58:23.794+0530] {logging_mixin.py:188} INFO - [2025-11-13T10:58:23.793+0530] {dag.py:3947} INFO - Setting next_dagrun for example_branch_datetime_operator_3 to 2025-11-12 00:00:00+00:00, run_after=2025-11-13 00:00:00+00:00
[2025-11-13T10:58:23.824+0530] {processor.py:183} INFO - Processing /home/logi/txtai/venv/lib/python3.10/site-packages/airflow/example_dags/example_branch_datetime_operator.py took 0.180 seconds
[2025-11-13T10:58:55.187+0530] {processor.py:161} INFO - Started process (PID=24376) to work on /home/logi/txtai/venv/lib/python3.10/site-packages/airflow/example_dags/example_branch_datetime_operator.py
[2025-11-13T10:58:55.188+0530] {processor.py:830} INFO - Processing file /home/logi/txtai/venv/lib/python3.10/site-packages/airflow/example_dags/example_branch_datetime_operator.py for tasks to queue
[2025-11-13T10:58:55.191+0530] {logging_mixin.py:188} INFO - [2025-11-13T10:58:55.190+0530] {dagbag.py:545} INFO - Filling up the DagBag from /home/logi/txtai/venv/lib/python3.10/site-packages/airflow/example_dags/example_branch_datetime_operator.py
[2025-11-13T10:58:55.204+0530] {processor.py:840} INFO - DAG(s) 'example_branch_datetime_operator_3', 'example_branch_datetime_operator_2', 'example_branch_datetime_operator' retrieved from /home/logi/txtai/venv/lib/python3.10/site-packages/airflow/example_dags/example_branch_datetime_operator.py
[2025-11-13T10:58:55.250+0530] {logging_mixin.py:188} INFO - [2025-11-13T10:58:55.249+0530] {dag.py:3089} INFO - Sync 3 DAGs
[2025-11-13T10:58:55.285+0530] {logging_mixin.py:188} INFO - [2025-11-13T10:58:55.285+0530] {dag.py:3947} INFO - Setting next_dagrun for example_branch_datetime_operator to 2025-11-12 00:00:00+00:00, run_after=2025-11-13 00:00:00+00:00
[2025-11-13T10:58:55.290+0530] {logging_mixin.py:188} INFO - [2025-11-13T10:58:55.290+0530] {dag.py:3947} INFO - Setting next_dagrun for example_branch_datetime_operator_2 to 2025-11-12 00:00:00+00:00, run_after=2025-11-13 00:00:00+00:00
[2025-11-13T10:58:55.293+0530] {logging_mixin.py:188} INFO - [2025-11-13T10:58:55.292+0530] {dag.py:3947} INFO - Setting next_dagrun for example_branch_datetime_operator_3 to 2025-11-12 00:00:00+00:00, run_after=2025-11-13 00:00:00+00:00
[2025-11-13T10:58:55.312+0530] {processor.py:183} INFO - Processing /home/logi/txtai/venv/lib/python3.10/site-packages/airflow/example_dags/example_branch_datetime_operator.py took 0.135 seconds
[2025-11-13T10:59:26.604+0530] {processor.py:161} INFO - Started process (PID=24577) to work on /home/logi/txtai/venv/lib/python3.10/site-packages/airflow/example_dags/example_branch_datetime_operator.py
[2025-11-13T10:59:26.606+0530] {processor.py:830} INFO - Processing file /home/logi/txtai/venv/lib/python3.10/site-packages/airflow/example_dags/example_branch_datetime_operator.py for tasks to queue
[2025-11-13T10:59:26.609+0530] {logging_mixin.py:188} INFO - [2025-11-13T10:59:26.609+0530] {dagbag.py:545} INFO - Filling up the DagBag from /home/logi/txtai/venv/lib/python3.10/site-packages/airflow/example_dags/example_branch_datetime_operator.py
[2025-11-13T10:59:26.626+0530] {processor.py:840} INFO - DAG(s) 'example_branch_datetime_operator_3', 'example_branch_datetime_operator_2', 'example_branch_datetime_operator' retrieved from /home/logi/txtai/venv/lib/python3.10/site-packages/airflow/example_dags/example_branch_datetime_operator.py
[2025-11-13T10:59:26.686+0530] {logging_mixin.py:188} INFO - [2025-11-13T10:59:26.686+0530] {dag.py:3089} INFO - Sync 3 DAGs
[2025-11-13T10:59:26.714+0530] {logging_mixin.py:188} INFO - [2025-11-13T10:59:26.714+0530] {dag.py:3947} INFO - Setting next_dagrun for example_branch_datetime_operator to 2025-11-12 00:00:00+00:00, run_after=2025-11-13 00:00:00+00:00
[2025-11-13T10:59:26.722+0530] {logging_mixin.py:188} INFO - [2025-11-13T10:59:26.722+0530] {dag.py:3947} INFO - Setting next_dagrun for example_branch_datetime_operator_2 to 2025-11-12 00:00:00+00:00, run_after=2025-11-13 00:00:00+00:00
[2025-11-13T10:59:26.727+0530] {logging_mixin.py:188} INFO - [2025-11-13T10:59:26.726+0530] {dag.py:3947} INFO - Setting next_dagrun for example_branch_datetime_operator_3 to 2025-11-12 00:00:00+00:00, run_after=2025-11-13 00:00:00+00:00
[2025-11-13T10:59:26.750+0530] {processor.py:183} INFO - Processing /home/logi/txtai/venv/lib/python3.10/site-packages/airflow/example_dags/example_branch_datetime_operator.py took 0.158 seconds
[2025-11-13T10:59:57.593+0530] {processor.py:161} INFO - Started process (PID=24750) to work on /home/logi/txtai/venv/lib/python3.10/site-packages/airflow/example_dags/example_branch_datetime_operator.py
[2025-11-13T10:59:57.595+0530] {processor.py:830} INFO - Processing file /home/logi/txtai/venv/lib/python3.10/site-packages/airflow/example_dags/example_branch_datetime_operator.py for tasks to queue
[2025-11-13T10:59:57.598+0530] {logging_mixin.py:188} INFO - [2025-11-13T10:59:57.597+0530] {dagbag.py:545} INFO - Filling up the DagBag from /home/logi/txtai/venv/lib/python3.10/site-packages/airflow/example_dags/example_branch_datetime_operator.py
[2025-11-13T10:59:57.614+0530] {processor.py:840} INFO - DAG(s) 'example_branch_datetime_operator_3', 'example_branch_datetime_operator', 'example_branch_datetime_operator_2' retrieved from /home/logi/txtai/venv/lib/python3.10/site-packages/airflow/example_dags/example_branch_datetime_operator.py
[2025-11-13T10:59:57.676+0530] {logging_mixin.py:188} INFO - [2025-11-13T10:59:57.676+0530] {dag.py:3089} INFO - Sync 3 DAGs
[2025-11-13T10:59:57.721+0530] {logging_mixin.py:188} INFO - [2025-11-13T10:59:57.720+0530] {dag.py:3947} INFO - Setting next_dagrun for example_branch_datetime_operator to 2025-11-12 00:00:00+00:00, run_after=2025-11-13 00:00:00+00:00
[2025-11-13T10:59:57.730+0530] {logging_mixin.py:188} INFO - [2025-11-13T10:59:57.730+0530] {dag.py:3947} INFO - Setting next_dagrun for example_branch_datetime_operator_2 to 2025-11-12 00:00:00+00:00, run_after=2025-11-13 00:00:00+00:00
[2025-11-13T10:59:57.735+0530] {logging_mixin.py:188} INFO - [2025-11-13T10:59:57.735+0530] {dag.py:3947} INFO - Setting next_dagrun for example_branch_datetime_operator_3 to 2025-11-12 00:00:00+00:00, run_after=2025-11-13 00:00:00+00:00
[2025-11-13T10:59:57.773+0530] {processor.py:183} INFO - Processing /home/logi/txtai/venv/lib/python3.10/site-packages/airflow/example_dags/example_branch_datetime_operator.py took 0.190 seconds
[2025-11-13T11:00:28.169+0530] {processor.py:161} INFO - Started process (PID=25249) to work on /home/logi/txtai/venv/lib/python3.10/site-packages/airflow/example_dags/example_branch_datetime_operator.py
[2025-11-13T11:00:28.171+0530] {processor.py:830} INFO - Processing file /home/logi/txtai/venv/lib/python3.10/site-packages/airflow/example_dags/example_branch_datetime_operator.py for tasks to queue
[2025-11-13T11:00:28.173+0530] {logging_mixin.py:188} INFO - [2025-11-13T11:00:28.173+0530] {dagbag.py:545} INFO - Filling up the DagBag from /home/logi/txtai/venv/lib/python3.10/site-packages/airflow/example_dags/example_branch_datetime_operator.py
[2025-11-13T11:00:28.190+0530] {processor.py:840} INFO - DAG(s) 'example_branch_datetime_operator_2', 'example_branch_datetime_operator_3', 'example_branch_datetime_operator' retrieved from /home/logi/txtai/venv/lib/python3.10/site-packages/airflow/example_dags/example_branch_datetime_operator.py
[2025-11-13T11:00:28.250+0530] {logging_mixin.py:188} INFO - [2025-11-13T11:00:28.250+0530] {dag.py:3089} INFO - Sync 3 DAGs
[2025-11-13T11:00:28.290+0530] {logging_mixin.py:188} INFO - [2025-11-13T11:00:28.289+0530] {dag.py:3947} INFO - Setting next_dagrun for example_branch_datetime_operator to 2025-11-12 00:00:00+00:00, run_after=2025-11-13 00:00:00+00:00
[2025-11-13T11:00:28.299+0530] {logging_mixin.py:188} INFO - [2025-11-13T11:00:28.299+0530] {dag.py:3947} INFO - Setting next_dagrun for example_branch_datetime_operator_2 to 2025-11-12 00:00:00+00:00, run_after=2025-11-13 00:00:00+00:00
[2025-11-13T11:00:28.304+0530] {logging_mixin.py:188} INFO - [2025-11-13T11:00:28.303+0530] {dag.py:3947} INFO - Setting next_dagrun for example_branch_datetime_operator_3 to 2025-11-12 00:00:00+00:00, run_after=2025-11-13 00:00:00+00:00
[2025-11-13T11:00:28.492+0530] {processor.py:183} INFO - Processing /home/logi/txtai/venv/lib/python3.10/site-packages/airflow/example_dags/example_branch_datetime_operator.py took 0.333 seconds
[2025-11-13T11:01:00.069+0530] {processor.py:161} INFO - Started process (PID=25626) to work on /home/logi/txtai/venv/lib/python3.10/site-packages/airflow/example_dags/example_branch_datetime_operator.py
[2025-11-13T11:01:00.071+0530] {processor.py:830} INFO - Processing file /home/logi/txtai/venv/lib/python3.10/site-packages/airflow/example_dags/example_branch_datetime_operator.py for tasks to queue
[2025-11-13T11:01:00.073+0530] {logging_mixin.py:188} INFO - [2025-11-13T11:01:00.073+0530] {dagbag.py:545} INFO - Filling up the DagBag from /home/logi/txtai/venv/lib/python3.10/site-packages/airflow/example_dags/example_branch_datetime_operator.py
[2025-11-13T11:01:00.089+0530] {processor.py:840} INFO - DAG(s) 'example_branch_datetime_operator_2', 'example_branch_datetime_operator', 'example_branch_datetime_operator_3' retrieved from /home/logi/txtai/venv/lib/python3.10/site-packages/airflow/example_dags/example_branch_datetime_operator.py
[2025-11-13T11:01:00.154+0530] {logging_mixin.py:188} INFO - [2025-11-13T11:01:00.154+0530] {dag.py:3089} INFO - Sync 3 DAGs
[2025-11-13T11:01:00.199+0530] {logging_mixin.py:188} INFO - [2025-11-13T11:01:00.198+0530] {dag.py:3947} INFO - Setting next_dagrun for example_branch_datetime_operator to 2025-11-12 00:00:00+00:00, run_after=2025-11-13 00:00:00+00:00
[2025-11-13T11:01:00.208+0530] {logging_mixin.py:188} INFO - [2025-11-13T11:01:00.208+0530] {dag.py:3947} INFO - Setting next_dagrun for example_branch_datetime_operator_2 to 2025-11-12 00:00:00+00:00, run_after=2025-11-13 00:00:00+00:00
[2025-11-13T11:01:00.213+0530] {logging_mixin.py:188} INFO - [2025-11-13T11:01:00.213+0530] {dag.py:3947} INFO - Setting next_dagrun for example_branch_datetime_operator_3 to 2025-11-12 00:00:00+00:00, run_after=2025-11-13 00:00:00+00:00
[2025-11-13T11:01:00.255+0530] {processor.py:183} INFO - Processing /home/logi/txtai/venv/lib/python3.10/site-packages/airflow/example_dags/example_branch_datetime_operator.py took 0.197 seconds
[2025-11-13T11:01:31.589+0530] {processor.py:161} INFO - Started process (PID=25768) to work on /home/logi/txtai/venv/lib/python3.10/site-packages/airflow/example_dags/example_branch_datetime_operator.py
[2025-11-13T11:01:31.591+0530] {processor.py:830} INFO - Processing file /home/logi/txtai/venv/lib/python3.10/site-packages/airflow/example_dags/example_branch_datetime_operator.py for tasks to queue
[2025-11-13T11:01:31.594+0530] {logging_mixin.py:188} INFO - [2025-11-13T11:01:31.593+0530] {dagbag.py:545} INFO - Filling up the DagBag from /home/logi/txtai/venv/lib/python3.10/site-packages/airflow/example_dags/example_branch_datetime_operator.py
[2025-11-13T11:01:31.609+0530] {processor.py:840} INFO - DAG(s) 'example_branch_datetime_operator', 'example_branch_datetime_operator_3', 'example_branch_datetime_operator_2' retrieved from /home/logi/txtai/venv/lib/python3.10/site-packages/airflow/example_dags/example_branch_datetime_operator.py
[2025-11-13T11:01:31.680+0530] {logging_mixin.py:188} INFO - [2025-11-13T11:01:31.679+0530] {dag.py:3089} INFO - Sync 3 DAGs
[2025-11-13T11:01:31.723+0530] {logging_mixin.py:188} INFO - [2025-11-13T11:01:31.723+0530] {dag.py:3947} INFO - Setting next_dagrun for example_branch_datetime_operator to 2025-11-12 00:00:00+00:00, run_after=2025-11-13 00:00:00+00:00
[2025-11-13T11:01:31.733+0530] {logging_mixin.py:188} INFO - [2025-11-13T11:01:31.732+0530] {dag.py:3947} INFO - Setting next_dagrun for example_branch_datetime_operator_2 to 2025-11-12 00:00:00+00:00, run_after=2025-11-13 00:00:00+00:00
[2025-11-13T11:01:31.738+0530] {logging_mixin.py:188} INFO - [2025-11-13T11:01:31.737+0530] {dag.py:3947} INFO - Setting next_dagrun for example_branch_datetime_operator_3 to 2025-11-12 00:00:00+00:00, run_after=2025-11-13 00:00:00+00:00
[2025-11-13T11:01:31.768+0530] {processor.py:183} INFO - Processing /home/logi/txtai/venv/lib/python3.10/site-packages/airflow/example_dags/example_branch_datetime_operator.py took 0.191 seconds
[2025-11-13T11:02:02.252+0530] {processor.py:161} INFO - Started process (PID=25923) to work on /home/logi/txtai/venv/lib/python3.10/site-packages/airflow/example_dags/example_branch_datetime_operator.py
[2025-11-13T11:02:02.253+0530] {processor.py:830} INFO - Processing file /home/logi/txtai/venv/lib/python3.10/site-packages/airflow/example_dags/example_branch_datetime_operator.py for tasks to queue
[2025-11-13T11:02:02.256+0530] {logging_mixin.py:188} INFO - [2025-11-13T11:02:02.256+0530] {dagbag.py:545} INFO - Filling up the DagBag from /home/logi/txtai/venv/lib/python3.10/site-packages/airflow/example_dags/example_branch_datetime_operator.py
[2025-11-13T11:02:02.272+0530] {processor.py:840} INFO - DAG(s) 'example_branch_datetime_operator', 'example_branch_datetime_operator_2', 'example_branch_datetime_operator_3' retrieved from /home/logi/txtai/venv/lib/python3.10/site-packages/airflow/example_dags/example_branch_datetime_operator.py
[2025-11-13T11:02:02.340+0530] {logging_mixin.py:188} INFO - [2025-11-13T11:02:02.339+0530] {dag.py:3089} INFO - Sync 3 DAGs
[2025-11-13T11:02:02.382+0530] {logging_mixin.py:188} INFO - [2025-11-13T11:02:02.381+0530] {dag.py:3947} INFO - Setting next_dagrun for example_branch_datetime_operator to 2025-11-12 00:00:00+00:00, run_after=2025-11-13 00:00:00+00:00
[2025-11-13T11:02:02.391+0530] {logging_mixin.py:188} INFO - [2025-11-13T11:02:02.391+0530] {dag.py:3947} INFO - Setting next_dagrun for example_branch_datetime_operator_2 to 2025-11-12 00:00:00+00:00, run_after=2025-11-13 00:00:00+00:00
[2025-11-13T11:02:02.396+0530] {logging_mixin.py:188} INFO - [2025-11-13T11:02:02.395+0530] {dag.py:3947} INFO - Setting next_dagrun for example_branch_datetime_operator_3 to 2025-11-12 00:00:00+00:00, run_after=2025-11-13 00:00:00+00:00
[2025-11-13T11:02:02.438+0530] {processor.py:183} INFO - Processing /home/logi/txtai/venv/lib/python3.10/site-packages/airflow/example_dags/example_branch_datetime_operator.py took 0.198 seconds
[2025-11-13T11:02:32.684+0530] {processor.py:161} INFO - Started process (PID=26110) to work on /home/logi/txtai/venv/lib/python3.10/site-packages/airflow/example_dags/example_branch_datetime_operator.py
[2025-11-13T11:02:32.686+0530] {processor.py:830} INFO - Processing file /home/logi/txtai/venv/lib/python3.10/site-packages/airflow/example_dags/example_branch_datetime_operator.py for tasks to queue
[2025-11-13T11:02:32.690+0530] {logging_mixin.py:188} INFO - [2025-11-13T11:02:32.689+0530] {dagbag.py:545} INFO - Filling up the DagBag from /home/logi/txtai/venv/lib/python3.10/site-packages/airflow/example_dags/example_branch_datetime_operator.py
[2025-11-13T11:02:32.707+0530] {processor.py:840} INFO - DAG(s) 'example_branch_datetime_operator_2', 'example_branch_datetime_operator', 'example_branch_datetime_operator_3' retrieved from /home/logi/txtai/venv/lib/python3.10/site-packages/airflow/example_dags/example_branch_datetime_operator.py
[2025-11-13T11:02:32.776+0530] {logging_mixin.py:188} INFO - [2025-11-13T11:02:32.775+0530] {dag.py:3089} INFO - Sync 3 DAGs
[2025-11-13T11:02:32.818+0530] {logging_mixin.py:188} INFO - [2025-11-13T11:02:32.818+0530] {dag.py:3947} INFO - Setting next_dagrun for example_branch_datetime_operator to 2025-11-12 00:00:00+00:00, run_after=2025-11-13 00:00:00+00:00
[2025-11-13T11:02:32.827+0530] {logging_mixin.py:188} INFO - [2025-11-13T11:02:32.827+0530] {dag.py:3947} INFO - Setting next_dagrun for example_branch_datetime_operator_2 to 2025-11-12 00:00:00+00:00, run_after=2025-11-13 00:00:00+00:00
[2025-11-13T11:02:32.833+0530] {logging_mixin.py:188} INFO - [2025-11-13T11:02:32.833+0530] {dag.py:3947} INFO - Setting next_dagrun for example_branch_datetime_operator_3 to 2025-11-12 00:00:00+00:00, run_after=2025-11-13 00:00:00+00:00
[2025-11-13T11:02:32.865+0530] {processor.py:183} INFO - Processing /home/logi/txtai/venv/lib/python3.10/site-packages/airflow/example_dags/example_branch_datetime_operator.py took 0.194 seconds
[2025-11-13T11:03:03.448+0530] {processor.py:161} INFO - Started process (PID=26257) to work on /home/logi/txtai/venv/lib/python3.10/site-packages/airflow/example_dags/example_branch_datetime_operator.py
[2025-11-13T11:03:03.449+0530] {processor.py:830} INFO - Processing file /home/logi/txtai/venv/lib/python3.10/site-packages/airflow/example_dags/example_branch_datetime_operator.py for tasks to queue
[2025-11-13T11:03:03.452+0530] {logging_mixin.py:188} INFO - [2025-11-13T11:03:03.452+0530] {dagbag.py:545} INFO - Filling up the DagBag from /home/logi/txtai/venv/lib/python3.10/site-packages/airflow/example_dags/example_branch_datetime_operator.py
[2025-11-13T11:03:03.468+0530] {processor.py:840} INFO - DAG(s) 'example_branch_datetime_operator', 'example_branch_datetime_operator_3', 'example_branch_datetime_operator_2' retrieved from /home/logi/txtai/venv/lib/python3.10/site-packages/airflow/example_dags/example_branch_datetime_operator.py
[2025-11-13T11:03:03.517+0530] {logging_mixin.py:188} INFO - [2025-11-13T11:03:03.516+0530] {dag.py:3089} INFO - Sync 3 DAGs
[2025-11-13T11:03:03.554+0530] {logging_mixin.py:188} INFO - [2025-11-13T11:03:03.554+0530] {dag.py:3947} INFO - Setting next_dagrun for example_branch_datetime_operator to 2025-11-12 00:00:00+00:00, run_after=2025-11-13 00:00:00+00:00
[2025-11-13T11:03:03.562+0530] {logging_mixin.py:188} INFO - [2025-11-13T11:03:03.561+0530] {dag.py:3947} INFO - Setting next_dagrun for example_branch_datetime_operator_2 to 2025-11-12 00:00:00+00:00, run_after=2025-11-13 00:00:00+00:00
[2025-11-13T11:03:03.566+0530] {logging_mixin.py:188} INFO - [2025-11-13T11:03:03.565+0530] {dag.py:3947} INFO - Setting next_dagrun for example_branch_datetime_operator_3 to 2025-11-12 00:00:00+00:00, run_after=2025-11-13 00:00:00+00:00
[2025-11-13T11:03:03.595+0530] {processor.py:183} INFO - Processing /home/logi/txtai/venv/lib/python3.10/site-packages/airflow/example_dags/example_branch_datetime_operator.py took 0.159 seconds
[2025-11-13T11:03:34.418+0530] {processor.py:161} INFO - Started process (PID=26399) to work on /home/logi/txtai/venv/lib/python3.10/site-packages/airflow/example_dags/example_branch_datetime_operator.py
[2025-11-13T11:03:34.420+0530] {processor.py:830} INFO - Processing file /home/logi/txtai/venv/lib/python3.10/site-packages/airflow/example_dags/example_branch_datetime_operator.py for tasks to queue
[2025-11-13T11:03:34.423+0530] {logging_mixin.py:188} INFO - [2025-11-13T11:03:34.422+0530] {dagbag.py:545} INFO - Filling up the DagBag from /home/logi/txtai/venv/lib/python3.10/site-packages/airflow/example_dags/example_branch_datetime_operator.py
[2025-11-13T11:03:34.439+0530] {processor.py:840} INFO - DAG(s) 'example_branch_datetime_operator', 'example_branch_datetime_operator_3', 'example_branch_datetime_operator_2' retrieved from /home/logi/txtai/venv/lib/python3.10/site-packages/airflow/example_dags/example_branch_datetime_operator.py
[2025-11-13T11:03:34.512+0530] {logging_mixin.py:188} INFO - [2025-11-13T11:03:34.512+0530] {dag.py:3089} INFO - Sync 3 DAGs
[2025-11-13T11:03:34.557+0530] {logging_mixin.py:188} INFO - [2025-11-13T11:03:34.556+0530] {dag.py:3947} INFO - Setting next_dagrun for example_branch_datetime_operator to 2025-11-12 00:00:00+00:00, run_after=2025-11-13 00:00:00+00:00
[2025-11-13T11:03:34.566+0530] {logging_mixin.py:188} INFO - [2025-11-13T11:03:34.565+0530] {dag.py:3947} INFO - Setting next_dagrun for example_branch_datetime_operator_2 to 2025-11-12 00:00:00+00:00, run_after=2025-11-13 00:00:00+00:00
[2025-11-13T11:03:34.570+0530] {logging_mixin.py:188} INFO - [2025-11-13T11:03:34.570+0530] {dag.py:3947} INFO - Setting next_dagrun for example_branch_datetime_operator_3 to 2025-11-12 00:00:00+00:00, run_after=2025-11-13 00:00:00+00:00
[2025-11-13T11:03:34.590+0530] {processor.py:183} INFO - Processing /home/logi/txtai/venv/lib/python3.10/site-packages/airflow/example_dags/example_branch_datetime_operator.py took 0.182 seconds
[2025-11-13T11:04:05.307+0530] {processor.py:161} INFO - Started process (PID=26541) to work on /home/logi/txtai/venv/lib/python3.10/site-packages/airflow/example_dags/example_branch_datetime_operator.py
[2025-11-13T11:04:05.309+0530] {processor.py:830} INFO - Processing file /home/logi/txtai/venv/lib/python3.10/site-packages/airflow/example_dags/example_branch_datetime_operator.py for tasks to queue
[2025-11-13T11:04:05.311+0530] {logging_mixin.py:188} INFO - [2025-11-13T11:04:05.311+0530] {dagbag.py:545} INFO - Filling up the DagBag from /home/logi/txtai/venv/lib/python3.10/site-packages/airflow/example_dags/example_branch_datetime_operator.py
[2025-11-13T11:04:05.322+0530] {processor.py:840} INFO - DAG(s) 'example_branch_datetime_operator_3', 'example_branch_datetime_operator', 'example_branch_datetime_operator_2' retrieved from /home/logi/txtai/venv/lib/python3.10/site-packages/airflow/example_dags/example_branch_datetime_operator.py
[2025-11-13T11:04:05.390+0530] {logging_mixin.py:188} INFO - [2025-11-13T11:04:05.390+0530] {dag.py:3089} INFO - Sync 3 DAGs
[2025-11-13T11:04:05.430+0530] {logging_mixin.py:188} INFO - [2025-11-13T11:04:05.430+0530] {dag.py:3947} INFO - Setting next_dagrun for example_branch_datetime_operator to 2025-11-12 00:00:00+00:00, run_after=2025-11-13 00:00:00+00:00
[2025-11-13T11:04:05.439+0530] {logging_mixin.py:188} INFO - [2025-11-13T11:04:05.439+0530] {dag.py:3947} INFO - Setting next_dagrun for example_branch_datetime_operator_2 to 2025-11-12 00:00:00+00:00, run_after=2025-11-13 00:00:00+00:00
[2025-11-13T11:04:05.444+0530] {logging_mixin.py:188} INFO - [2025-11-13T11:04:05.444+0530] {dag.py:3947} INFO - Setting next_dagrun for example_branch_datetime_operator_3 to 2025-11-12 00:00:00+00:00, run_after=2025-11-13 00:00:00+00:00
[2025-11-13T11:04:05.475+0530] {processor.py:183} INFO - Processing /home/logi/txtai/venv/lib/python3.10/site-packages/airflow/example_dags/example_branch_datetime_operator.py took 0.174 seconds
[2025-11-13T11:04:36.015+0530] {processor.py:161} INFO - Started process (PID=26684) to work on /home/logi/txtai/venv/lib/python3.10/site-packages/airflow/example_dags/example_branch_datetime_operator.py
[2025-11-13T11:04:36.017+0530] {processor.py:830} INFO - Processing file /home/logi/txtai/venv/lib/python3.10/site-packages/airflow/example_dags/example_branch_datetime_operator.py for tasks to queue
[2025-11-13T11:04:36.019+0530] {logging_mixin.py:188} INFO - [2025-11-13T11:04:36.019+0530] {dagbag.py:545} INFO - Filling up the DagBag from /home/logi/txtai/venv/lib/python3.10/site-packages/airflow/example_dags/example_branch_datetime_operator.py
[2025-11-13T11:04:36.037+0530] {processor.py:840} INFO - DAG(s) 'example_branch_datetime_operator_3', 'example_branch_datetime_operator_2', 'example_branch_datetime_operator' retrieved from /home/logi/txtai/venv/lib/python3.10/site-packages/airflow/example_dags/example_branch_datetime_operator.py
[2025-11-13T11:04:36.094+0530] {logging_mixin.py:188} INFO - [2025-11-13T11:04:36.093+0530] {dag.py:3089} INFO - Sync 3 DAGs
[2025-11-13T11:04:36.132+0530] {logging_mixin.py:188} INFO - [2025-11-13T11:04:36.132+0530] {dag.py:3947} INFO - Setting next_dagrun for example_branch_datetime_operator to 2025-11-12 00:00:00+00:00, run_after=2025-11-13 00:00:00+00:00
[2025-11-13T11:04:36.138+0530] {logging_mixin.py:188} INFO - [2025-11-13T11:04:36.138+0530] {dag.py:3947} INFO - Setting next_dagrun for example_branch_datetime_operator_2 to 2025-11-12 00:00:00+00:00, run_after=2025-11-13 00:00:00+00:00
[2025-11-13T11:04:36.141+0530] {logging_mixin.py:188} INFO - [2025-11-13T11:04:36.141+0530] {dag.py:3947} INFO - Setting next_dagrun for example_branch_datetime_operator_3 to 2025-11-12 00:00:00+00:00, run_after=2025-11-13 00:00:00+00:00
[2025-11-13T11:04:36.168+0530] {processor.py:183} INFO - Processing /home/logi/txtai/venv/lib/python3.10/site-packages/airflow/example_dags/example_branch_datetime_operator.py took 0.165 seconds
[2025-11-13T11:05:06.915+0530] {processor.py:161} INFO - Started process (PID=26828) to work on /home/logi/txtai/venv/lib/python3.10/site-packages/airflow/example_dags/example_branch_datetime_operator.py
[2025-11-13T11:05:06.918+0530] {processor.py:830} INFO - Processing file /home/logi/txtai/venv/lib/python3.10/site-packages/airflow/example_dags/example_branch_datetime_operator.py for tasks to queue
[2025-11-13T11:05:06.922+0530] {logging_mixin.py:188} INFO - [2025-11-13T11:05:06.921+0530] {dagbag.py:545} INFO - Filling up the DagBag from /home/logi/txtai/venv/lib/python3.10/site-packages/airflow/example_dags/example_branch_datetime_operator.py
[2025-11-13T11:05:06.945+0530] {processor.py:840} INFO - DAG(s) 'example_branch_datetime_operator', 'example_branch_datetime_operator_2', 'example_branch_datetime_operator_3' retrieved from /home/logi/txtai/venv/lib/python3.10/site-packages/airflow/example_dags/example_branch_datetime_operator.py
[2025-11-13T11:05:07.007+0530] {logging_mixin.py:188} INFO - [2025-11-13T11:05:07.007+0530] {dag.py:3089} INFO - Sync 3 DAGs
[2025-11-13T11:05:07.036+0530] {logging_mixin.py:188} INFO - [2025-11-13T11:05:07.036+0530] {dag.py:3947} INFO - Setting next_dagrun for example_branch_datetime_operator to 2025-11-12 00:00:00+00:00, run_after=2025-11-13 00:00:00+00:00
[2025-11-13T11:05:07.042+0530] {logging_mixin.py:188} INFO - [2025-11-13T11:05:07.042+0530] {dag.py:3947} INFO - Setting next_dagrun for example_branch_datetime_operator_2 to 2025-11-12 00:00:00+00:00, run_after=2025-11-13 00:00:00+00:00
[2025-11-13T11:05:07.045+0530] {logging_mixin.py:188} INFO - [2025-11-13T11:05:07.045+0530] {dag.py:3947} INFO - Setting next_dagrun for example_branch_datetime_operator_3 to 2025-11-12 00:00:00+00:00, run_after=2025-11-13 00:00:00+00:00
[2025-11-13T11:05:07.068+0530] {processor.py:183} INFO - Processing /home/logi/txtai/venv/lib/python3.10/site-packages/airflow/example_dags/example_branch_datetime_operator.py took 0.167 seconds
