[2025-11-13T05:51:17.979+0530] {processor.py:161} INFO - Started process (PID=6896) to work on /home/logi/txtai/venv/lib/python3.10/site-packages/airflow/example_dags/example_setup_teardown.py
[2025-11-13T05:51:17.981+0530] {processor.py:830} INFO - Processing file /home/logi/txtai/venv/lib/python3.10/site-packages/airflow/example_dags/example_setup_teardown.py for tasks to queue
[2025-11-13T05:51:17.984+0530] {logging_mixin.py:188} INFO - [2025-11-13T05:51:17.983+0530] {dagbag.py:545} INFO - Filling up the DagBag from /home/logi/txtai/venv/lib/python3.10/site-packages/airflow/example_dags/example_setup_teardown.py
[2025-11-13T05:51:17.994+0530] {processor.py:840} INFO - DAG(s) 'example_setup_teardown' retrieved from /home/logi/txtai/venv/lib/python3.10/site-packages/airflow/example_dags/example_setup_teardown.py
[2025-11-13T05:51:18.108+0530] {logging_mixin.py:188} INFO - [2025-11-13T05:51:18.108+0530] {dag.py:3089} INFO - Sync 1 DAGs
[2025-11-13T05:51:18.126+0530] {logging_mixin.py:188} INFO - [2025-11-13T05:51:18.125+0530] {dag.py:3947} INFO - Setting next_dagrun for example_setup_teardown to 2025-11-12 00:00:00+00:00, run_after=2025-11-13 00:00:00+00:00
[2025-11-13T05:51:18.148+0530] {processor.py:183} INFO - Processing /home/logi/txtai/venv/lib/python3.10/site-packages/airflow/example_dags/example_setup_teardown.py took 0.180 seconds
[2025-11-13T05:53:08.602+0530] {processor.py:161} INFO - Started process (PID=8127) to work on /home/logi/txtai/venv/lib/python3.10/site-packages/airflow/example_dags/example_setup_teardown.py
[2025-11-13T05:53:08.612+0530] {processor.py:830} INFO - Processing file /home/logi/txtai/venv/lib/python3.10/site-packages/airflow/example_dags/example_setup_teardown.py for tasks to queue
[2025-11-13T05:53:08.615+0530] {logging_mixin.py:188} INFO - [2025-11-13T05:53:08.615+0530] {dagbag.py:545} INFO - Filling up the DagBag from /home/logi/txtai/venv/lib/python3.10/site-packages/airflow/example_dags/example_setup_teardown.py
[2025-11-13T05:53:08.627+0530] {processor.py:840} INFO - DAG(s) 'example_setup_teardown' retrieved from /home/logi/txtai/venv/lib/python3.10/site-packages/airflow/example_dags/example_setup_teardown.py
[2025-11-13T05:53:08.654+0530] {logging_mixin.py:188} INFO - [2025-11-13T05:53:08.653+0530] {dag.py:3089} INFO - Sync 1 DAGs
[2025-11-13T05:53:08.672+0530] {logging_mixin.py:188} INFO - [2025-11-13T05:53:08.672+0530] {dag.py:3947} INFO - Setting next_dagrun for example_setup_teardown to 2025-11-12 00:00:00+00:00, run_after=2025-11-13 00:00:00+00:00
[2025-11-13T05:53:08.691+0530] {processor.py:183} INFO - Processing /home/logi/txtai/venv/lib/python3.10/site-packages/airflow/example_dags/example_setup_teardown.py took 0.101 seconds
[2025-11-13T05:57:00.037+0530] {processor.py:161} INFO - Started process (PID=10487) to work on /home/logi/txtai/venv/lib/python3.10/site-packages/airflow/example_dags/example_setup_teardown.py
[2025-11-13T05:57:00.051+0530] {processor.py:830} INFO - Processing file /home/logi/txtai/venv/lib/python3.10/site-packages/airflow/example_dags/example_setup_teardown.py for tasks to queue
[2025-11-13T05:57:00.055+0530] {logging_mixin.py:188} INFO - [2025-11-13T05:57:00.054+0530] {dagbag.py:545} INFO - Filling up the DagBag from /home/logi/txtai/venv/lib/python3.10/site-packages/airflow/example_dags/example_setup_teardown.py
[2025-11-13T05:57:00.067+0530] {processor.py:840} INFO - DAG(s) 'example_setup_teardown' retrieved from /home/logi/txtai/venv/lib/python3.10/site-packages/airflow/example_dags/example_setup_teardown.py
[2025-11-13T05:57:00.091+0530] {logging_mixin.py:188} INFO - [2025-11-13T05:57:00.090+0530] {dag.py:3089} INFO - Sync 1 DAGs
[2025-11-13T05:57:00.122+0530] {logging_mixin.py:188} INFO - [2025-11-13T05:57:00.122+0530] {dag.py:3947} INFO - Setting next_dagrun for example_setup_teardown to 2025-11-12 00:00:00+00:00, run_after=2025-11-13 00:00:00+00:00
[2025-11-13T05:57:00.153+0530] {processor.py:183} INFO - Processing /home/logi/txtai/venv/lib/python3.10/site-packages/airflow/example_dags/example_setup_teardown.py took 0.133 seconds
[2025-11-13T05:59:24.799+0530] {processor.py:161} INFO - Started process (PID=11987) to work on /home/logi/txtai/venv/lib/python3.10/site-packages/airflow/example_dags/example_setup_teardown.py
[2025-11-13T05:59:24.801+0530] {processor.py:830} INFO - Processing file /home/logi/txtai/venv/lib/python3.10/site-packages/airflow/example_dags/example_setup_teardown.py for tasks to queue
[2025-11-13T05:59:24.804+0530] {logging_mixin.py:188} INFO - [2025-11-13T05:59:24.803+0530] {dagbag.py:545} INFO - Filling up the DagBag from /home/logi/txtai/venv/lib/python3.10/site-packages/airflow/example_dags/example_setup_teardown.py
[2025-11-13T05:59:24.815+0530] {processor.py:840} INFO - DAG(s) 'example_setup_teardown' retrieved from /home/logi/txtai/venv/lib/python3.10/site-packages/airflow/example_dags/example_setup_teardown.py
[2025-11-13T05:59:24.837+0530] {logging_mixin.py:188} INFO - [2025-11-13T05:59:24.837+0530] {dag.py:3089} INFO - Sync 1 DAGs
[2025-11-13T05:59:24.851+0530] {logging_mixin.py:188} INFO - [2025-11-13T05:59:24.850+0530] {dag.py:3947} INFO - Setting next_dagrun for example_setup_teardown to 2025-11-12 00:00:00+00:00, run_after=2025-11-13 00:00:00+00:00
[2025-11-13T05:59:24.866+0530] {processor.py:183} INFO - Processing /home/logi/txtai/venv/lib/python3.10/site-packages/airflow/example_dags/example_setup_teardown.py took 0.077 seconds
[2025-11-13T06:01:01.313+0530] {processor.py:161} INFO - Started process (PID=13019) to work on /home/logi/txtai/venv/lib/python3.10/site-packages/airflow/example_dags/example_setup_teardown.py
[2025-11-13T06:01:01.327+0530] {processor.py:830} INFO - Processing file /home/logi/txtai/venv/lib/python3.10/site-packages/airflow/example_dags/example_setup_teardown.py for tasks to queue
[2025-11-13T06:01:01.330+0530] {logging_mixin.py:188} INFO - [2025-11-13T06:01:01.330+0530] {dagbag.py:545} INFO - Filling up the DagBag from /home/logi/txtai/venv/lib/python3.10/site-packages/airflow/example_dags/example_setup_teardown.py
[2025-11-13T06:01:01.338+0530] {processor.py:840} INFO - DAG(s) 'example_setup_teardown' retrieved from /home/logi/txtai/venv/lib/python3.10/site-packages/airflow/example_dags/example_setup_teardown.py
[2025-11-13T06:01:01.358+0530] {logging_mixin.py:188} INFO - [2025-11-13T06:01:01.357+0530] {dag.py:3089} INFO - Sync 1 DAGs
[2025-11-13T06:01:01.377+0530] {logging_mixin.py:188} INFO - [2025-11-13T06:01:01.377+0530] {dag.py:3947} INFO - Setting next_dagrun for example_setup_teardown to 2025-11-12 00:00:00+00:00, run_after=2025-11-13 00:00:00+00:00
[2025-11-13T06:01:01.401+0530] {processor.py:183} INFO - Processing /home/logi/txtai/venv/lib/python3.10/site-packages/airflow/example_dags/example_setup_teardown.py took 0.096 seconds
[2025-11-13T06:03:48.795+0530] {processor.py:161} INFO - Started process (PID=15004) to work on /home/logi/txtai/venv/lib/python3.10/site-packages/airflow/example_dags/example_setup_teardown.py
[2025-11-13T06:03:48.808+0530] {processor.py:830} INFO - Processing file /home/logi/txtai/venv/lib/python3.10/site-packages/airflow/example_dags/example_setup_teardown.py for tasks to queue
[2025-11-13T06:03:48.812+0530] {logging_mixin.py:188} INFO - [2025-11-13T06:03:48.811+0530] {dagbag.py:545} INFO - Filling up the DagBag from /home/logi/txtai/venv/lib/python3.10/site-packages/airflow/example_dags/example_setup_teardown.py
[2025-11-13T06:03:48.820+0530] {processor.py:840} INFO - DAG(s) 'example_setup_teardown' retrieved from /home/logi/txtai/venv/lib/python3.10/site-packages/airflow/example_dags/example_setup_teardown.py
[2025-11-13T06:03:48.839+0530] {logging_mixin.py:188} INFO - [2025-11-13T06:03:48.838+0530] {dag.py:3089} INFO - Sync 1 DAGs
[2025-11-13T06:03:48.859+0530] {logging_mixin.py:188} INFO - [2025-11-13T06:03:48.859+0530] {dag.py:3947} INFO - Setting next_dagrun for example_setup_teardown to 2025-11-12 00:00:00+00:00, run_after=2025-11-13 00:00:00+00:00
[2025-11-13T06:03:48.884+0530] {processor.py:183} INFO - Processing /home/logi/txtai/venv/lib/python3.10/site-packages/airflow/example_dags/example_setup_teardown.py took 0.099 seconds
[2025-11-13T10:40:43.055+0530] {processor.py:161} INFO - Started process (PID=17076) to work on /home/logi/txtai/venv/lib/python3.10/site-packages/airflow/example_dags/example_setup_teardown.py
[2025-11-13T10:40:43.057+0530] {processor.py:830} INFO - Processing file /home/logi/txtai/venv/lib/python3.10/site-packages/airflow/example_dags/example_setup_teardown.py for tasks to queue
[2025-11-13T10:40:43.061+0530] {logging_mixin.py:188} INFO - [2025-11-13T10:40:43.060+0530] {dagbag.py:545} INFO - Filling up the DagBag from /home/logi/txtai/venv/lib/python3.10/site-packages/airflow/example_dags/example_setup_teardown.py
[2025-11-13T10:40:43.073+0530] {processor.py:840} INFO - DAG(s) 'example_setup_teardown' retrieved from /home/logi/txtai/venv/lib/python3.10/site-packages/airflow/example_dags/example_setup_teardown.py
[2025-11-13T10:40:43.199+0530] {logging_mixin.py:188} INFO - [2025-11-13T10:40:43.198+0530] {override.py:1858} INFO - Created Permission View: can edit on DAG:example_setup_teardown
[2025-11-13T10:40:43.209+0530] {logging_mixin.py:188} INFO - [2025-11-13T10:40:43.208+0530] {override.py:1858} INFO - Created Permission View: can read on DAG:example_setup_teardown
[2025-11-13T10:40:43.215+0530] {logging_mixin.py:188} INFO - [2025-11-13T10:40:43.214+0530] {override.py:1858} INFO - Created Permission View: can delete on DAG:example_setup_teardown
[2025-11-13T10:40:43.215+0530] {logging_mixin.py:188} INFO - [2025-11-13T10:40:43.215+0530] {dag.py:3089} INFO - Sync 1 DAGs
[2025-11-13T10:40:43.226+0530] {logging_mixin.py:188} INFO - [2025-11-13T10:40:43.225+0530] {dag.py:3111} INFO - Creating ORM DAG for example_setup_teardown
[2025-11-13T10:40:43.234+0530] {logging_mixin.py:188} INFO - [2025-11-13T10:40:43.234+0530] {dag.py:3947} INFO - Setting next_dagrun for example_setup_teardown to 2025-11-12 00:00:00+00:00, run_after=2025-11-13 00:00:00+00:00
[2025-11-13T10:40:43.251+0530] {processor.py:183} INFO - Processing /home/logi/txtai/venv/lib/python3.10/site-packages/airflow/example_dags/example_setup_teardown.py took 0.207 seconds
[2025-11-13T10:41:13.402+0530] {processor.py:161} INFO - Started process (PID=17504) to work on /home/logi/txtai/venv/lib/python3.10/site-packages/airflow/example_dags/example_setup_teardown.py
[2025-11-13T10:41:13.407+0530] {processor.py:830} INFO - Processing file /home/logi/txtai/venv/lib/python3.10/site-packages/airflow/example_dags/example_setup_teardown.py for tasks to queue
[2025-11-13T10:41:13.408+0530] {logging_mixin.py:188} INFO - [2025-11-13T10:41:13.408+0530] {dagbag.py:545} INFO - Filling up the DagBag from /home/logi/txtai/venv/lib/python3.10/site-packages/airflow/example_dags/example_setup_teardown.py
[2025-11-13T10:41:13.424+0530] {processor.py:840} INFO - DAG(s) 'example_setup_teardown' retrieved from /home/logi/txtai/venv/lib/python3.10/site-packages/airflow/example_dags/example_setup_teardown.py
[2025-11-13T10:41:13.457+0530] {logging_mixin.py:188} INFO - [2025-11-13T10:41:13.456+0530] {dag.py:3089} INFO - Sync 1 DAGs
[2025-11-13T10:41:13.478+0530] {logging_mixin.py:188} INFO - [2025-11-13T10:41:13.478+0530] {dag.py:3947} INFO - Setting next_dagrun for example_setup_teardown to 2025-11-12 00:00:00+00:00, run_after=2025-11-13 00:00:00+00:00
[2025-11-13T10:41:13.496+0530] {processor.py:183} INFO - Processing /home/logi/txtai/venv/lib/python3.10/site-packages/airflow/example_dags/example_setup_teardown.py took 0.109 seconds
[2025-11-13T10:41:44.811+0530] {processor.py:161} INFO - Started process (PID=18161) to work on /home/logi/txtai/venv/lib/python3.10/site-packages/airflow/example_dags/example_setup_teardown.py
[2025-11-13T10:41:44.813+0530] {processor.py:830} INFO - Processing file /home/logi/txtai/venv/lib/python3.10/site-packages/airflow/example_dags/example_setup_teardown.py for tasks to queue
[2025-11-13T10:41:44.817+0530] {logging_mixin.py:188} INFO - [2025-11-13T10:41:44.816+0530] {dagbag.py:545} INFO - Filling up the DagBag from /home/logi/txtai/venv/lib/python3.10/site-packages/airflow/example_dags/example_setup_teardown.py
[2025-11-13T10:41:44.830+0530] {processor.py:840} INFO - DAG(s) 'example_setup_teardown' retrieved from /home/logi/txtai/venv/lib/python3.10/site-packages/airflow/example_dags/example_setup_teardown.py
[2025-11-13T10:41:44.872+0530] {logging_mixin.py:188} INFO - [2025-11-13T10:41:44.871+0530] {dag.py:3089} INFO - Sync 1 DAGs
[2025-11-13T10:41:44.898+0530] {logging_mixin.py:188} INFO - [2025-11-13T10:41:44.898+0530] {dag.py:3947} INFO - Setting next_dagrun for example_setup_teardown to 2025-11-12 00:00:00+00:00, run_after=2025-11-13 00:00:00+00:00
[2025-11-13T10:41:44.923+0530] {processor.py:183} INFO - Processing /home/logi/txtai/venv/lib/python3.10/site-packages/airflow/example_dags/example_setup_teardown.py took 0.124 seconds
[2025-11-13T10:42:15.831+0530] {processor.py:161} INFO - Started process (PID=18736) to work on /home/logi/txtai/venv/lib/python3.10/site-packages/airflow/example_dags/example_setup_teardown.py
[2025-11-13T10:42:15.834+0530] {processor.py:830} INFO - Processing file /home/logi/txtai/venv/lib/python3.10/site-packages/airflow/example_dags/example_setup_teardown.py for tasks to queue
[2025-11-13T10:42:15.836+0530] {logging_mixin.py:188} INFO - [2025-11-13T10:42:15.836+0530] {dagbag.py:545} INFO - Filling up the DagBag from /home/logi/txtai/venv/lib/python3.10/site-packages/airflow/example_dags/example_setup_teardown.py
[2025-11-13T10:42:15.844+0530] {processor.py:840} INFO - DAG(s) 'example_setup_teardown' retrieved from /home/logi/txtai/venv/lib/python3.10/site-packages/airflow/example_dags/example_setup_teardown.py
[2025-11-13T10:42:15.881+0530] {logging_mixin.py:188} INFO - [2025-11-13T10:42:15.880+0530] {dag.py:3089} INFO - Sync 1 DAGs
[2025-11-13T10:42:15.905+0530] {logging_mixin.py:188} INFO - [2025-11-13T10:42:15.905+0530] {dag.py:3947} INFO - Setting next_dagrun for example_setup_teardown to 2025-11-12 00:00:00+00:00, run_after=2025-11-13 00:00:00+00:00
[2025-11-13T10:42:15.929+0530] {processor.py:183} INFO - Processing /home/logi/txtai/venv/lib/python3.10/site-packages/airflow/example_dags/example_setup_teardown.py took 0.109 seconds
[2025-11-13T10:42:46.417+0530] {processor.py:161} INFO - Started process (PID=18994) to work on /home/logi/txtai/venv/lib/python3.10/site-packages/airflow/example_dags/example_setup_teardown.py
[2025-11-13T10:42:46.419+0530] {processor.py:830} INFO - Processing file /home/logi/txtai/venv/lib/python3.10/site-packages/airflow/example_dags/example_setup_teardown.py for tasks to queue
[2025-11-13T10:42:46.422+0530] {logging_mixin.py:188} INFO - [2025-11-13T10:42:46.422+0530] {dagbag.py:545} INFO - Filling up the DagBag from /home/logi/txtai/venv/lib/python3.10/site-packages/airflow/example_dags/example_setup_teardown.py
[2025-11-13T10:42:46.433+0530] {processor.py:840} INFO - DAG(s) 'example_setup_teardown' retrieved from /home/logi/txtai/venv/lib/python3.10/site-packages/airflow/example_dags/example_setup_teardown.py
[2025-11-13T10:42:46.488+0530] {logging_mixin.py:188} INFO - [2025-11-13T10:42:46.488+0530] {dag.py:3089} INFO - Sync 1 DAGs
[2025-11-13T10:42:46.527+0530] {logging_mixin.py:188} INFO - [2025-11-13T10:42:46.527+0530] {dag.py:3947} INFO - Setting next_dagrun for example_setup_teardown to 2025-11-12 00:00:00+00:00, run_after=2025-11-13 00:00:00+00:00
[2025-11-13T10:42:46.562+0530] {processor.py:183} INFO - Processing /home/logi/txtai/venv/lib/python3.10/site-packages/airflow/example_dags/example_setup_teardown.py took 0.157 seconds
[2025-11-13T10:43:17.744+0530] {processor.py:161} INFO - Started process (PID=19135) to work on /home/logi/txtai/venv/lib/python3.10/site-packages/airflow/example_dags/example_setup_teardown.py
[2025-11-13T10:43:17.746+0530] {processor.py:830} INFO - Processing file /home/logi/txtai/venv/lib/python3.10/site-packages/airflow/example_dags/example_setup_teardown.py for tasks to queue
[2025-11-13T10:43:17.748+0530] {logging_mixin.py:188} INFO - [2025-11-13T10:43:17.748+0530] {dagbag.py:545} INFO - Filling up the DagBag from /home/logi/txtai/venv/lib/python3.10/site-packages/airflow/example_dags/example_setup_teardown.py
[2025-11-13T10:43:17.758+0530] {processor.py:840} INFO - DAG(s) 'example_setup_teardown' retrieved from /home/logi/txtai/venv/lib/python3.10/site-packages/airflow/example_dags/example_setup_teardown.py
[2025-11-13T10:43:17.813+0530] {logging_mixin.py:188} INFO - [2025-11-13T10:43:17.813+0530] {dag.py:3089} INFO - Sync 1 DAGs
[2025-11-13T10:43:17.851+0530] {logging_mixin.py:188} INFO - [2025-11-13T10:43:17.851+0530] {dag.py:3947} INFO - Setting next_dagrun for example_setup_teardown to 2025-11-12 00:00:00+00:00, run_after=2025-11-13 00:00:00+00:00
[2025-11-13T10:43:17.886+0530] {processor.py:183} INFO - Processing /home/logi/txtai/venv/lib/python3.10/site-packages/airflow/example_dags/example_setup_teardown.py took 0.152 seconds
[2025-11-13T10:43:48.980+0530] {processor.py:161} INFO - Started process (PID=19276) to work on /home/logi/txtai/venv/lib/python3.10/site-packages/airflow/example_dags/example_setup_teardown.py
[2025-11-13T10:43:48.982+0530] {processor.py:830} INFO - Processing file /home/logi/txtai/venv/lib/python3.10/site-packages/airflow/example_dags/example_setup_teardown.py for tasks to queue
[2025-11-13T10:43:48.985+0530] {logging_mixin.py:188} INFO - [2025-11-13T10:43:48.984+0530] {dagbag.py:545} INFO - Filling up the DagBag from /home/logi/txtai/venv/lib/python3.10/site-packages/airflow/example_dags/example_setup_teardown.py
[2025-11-13T10:43:48.996+0530] {processor.py:840} INFO - DAG(s) 'example_setup_teardown' retrieved from /home/logi/txtai/venv/lib/python3.10/site-packages/airflow/example_dags/example_setup_teardown.py
[2025-11-13T10:43:49.056+0530] {logging_mixin.py:188} INFO - [2025-11-13T10:43:49.055+0530] {dag.py:3089} INFO - Sync 1 DAGs
[2025-11-13T10:43:49.095+0530] {logging_mixin.py:188} INFO - [2025-11-13T10:43:49.095+0530] {dag.py:3947} INFO - Setting next_dagrun for example_setup_teardown to 2025-11-12 00:00:00+00:00, run_after=2025-11-13 00:00:00+00:00
[2025-11-13T10:43:49.131+0530] {processor.py:183} INFO - Processing /home/logi/txtai/venv/lib/python3.10/site-packages/airflow/example_dags/example_setup_teardown.py took 0.163 seconds
[2025-11-13T10:44:20.251+0530] {processor.py:161} INFO - Started process (PID=19421) to work on /home/logi/txtai/venv/lib/python3.10/site-packages/airflow/example_dags/example_setup_teardown.py
[2025-11-13T10:44:20.253+0530] {processor.py:830} INFO - Processing file /home/logi/txtai/venv/lib/python3.10/site-packages/airflow/example_dags/example_setup_teardown.py for tasks to queue
[2025-11-13T10:44:20.255+0530] {logging_mixin.py:188} INFO - [2025-11-13T10:44:20.255+0530] {dagbag.py:545} INFO - Filling up the DagBag from /home/logi/txtai/venv/lib/python3.10/site-packages/airflow/example_dags/example_setup_teardown.py
[2025-11-13T10:44:20.266+0530] {processor.py:840} INFO - DAG(s) 'example_setup_teardown' retrieved from /home/logi/txtai/venv/lib/python3.10/site-packages/airflow/example_dags/example_setup_teardown.py
[2025-11-13T10:44:20.320+0530] {logging_mixin.py:188} INFO - [2025-11-13T10:44:20.319+0530] {dag.py:3089} INFO - Sync 1 DAGs
[2025-11-13T10:44:20.360+0530] {logging_mixin.py:188} INFO - [2025-11-13T10:44:20.360+0530] {dag.py:3947} INFO - Setting next_dagrun for example_setup_teardown to 2025-11-12 00:00:00+00:00, run_after=2025-11-13 00:00:00+00:00
[2025-11-13T10:44:20.399+0530] {processor.py:183} INFO - Processing /home/logi/txtai/venv/lib/python3.10/site-packages/airflow/example_dags/example_setup_teardown.py took 0.159 seconds
[2025-11-13T10:44:52.033+0530] {processor.py:161} INFO - Started process (PID=19562) to work on /home/logi/txtai/venv/lib/python3.10/site-packages/airflow/example_dags/example_setup_teardown.py
[2025-11-13T10:44:52.034+0530] {processor.py:830} INFO - Processing file /home/logi/txtai/venv/lib/python3.10/site-packages/airflow/example_dags/example_setup_teardown.py for tasks to queue
[2025-11-13T10:44:52.036+0530] {logging_mixin.py:188} INFO - [2025-11-13T10:44:52.036+0530] {dagbag.py:545} INFO - Filling up the DagBag from /home/logi/txtai/venv/lib/python3.10/site-packages/airflow/example_dags/example_setup_teardown.py
[2025-11-13T10:44:52.041+0530] {processor.py:840} INFO - DAG(s) 'example_setup_teardown' retrieved from /home/logi/txtai/venv/lib/python3.10/site-packages/airflow/example_dags/example_setup_teardown.py
[2025-11-13T10:44:52.091+0530] {logging_mixin.py:188} INFO - [2025-11-13T10:44:52.091+0530] {dag.py:3089} INFO - Sync 1 DAGs
[2025-11-13T10:44:52.126+0530] {logging_mixin.py:188} INFO - [2025-11-13T10:44:52.126+0530] {dag.py:3947} INFO - Setting next_dagrun for example_setup_teardown to 2025-11-12 00:00:00+00:00, run_after=2025-11-13 00:00:00+00:00
[2025-11-13T10:44:52.161+0530] {processor.py:183} INFO - Processing /home/logi/txtai/venv/lib/python3.10/site-packages/airflow/example_dags/example_setup_teardown.py took 0.134 seconds
[2025-11-13T10:45:22.868+0530] {processor.py:161} INFO - Started process (PID=19707) to work on /home/logi/txtai/venv/lib/python3.10/site-packages/airflow/example_dags/example_setup_teardown.py
[2025-11-13T10:45:22.870+0530] {processor.py:830} INFO - Processing file /home/logi/txtai/venv/lib/python3.10/site-packages/airflow/example_dags/example_setup_teardown.py for tasks to queue
[2025-11-13T10:45:22.873+0530] {logging_mixin.py:188} INFO - [2025-11-13T10:45:22.872+0530] {dagbag.py:545} INFO - Filling up the DagBag from /home/logi/txtai/venv/lib/python3.10/site-packages/airflow/example_dags/example_setup_teardown.py
[2025-11-13T10:45:22.883+0530] {processor.py:840} INFO - DAG(s) 'example_setup_teardown' retrieved from /home/logi/txtai/venv/lib/python3.10/site-packages/airflow/example_dags/example_setup_teardown.py
[2025-11-13T10:45:22.940+0530] {logging_mixin.py:188} INFO - [2025-11-13T10:45:22.939+0530] {dag.py:3089} INFO - Sync 1 DAGs
[2025-11-13T10:45:22.971+0530] {logging_mixin.py:188} INFO - [2025-11-13T10:45:22.971+0530] {dag.py:3947} INFO - Setting next_dagrun for example_setup_teardown to 2025-11-12 00:00:00+00:00, run_after=2025-11-13 00:00:00+00:00
[2025-11-13T10:45:23.007+0530] {processor.py:183} INFO - Processing /home/logi/txtai/venv/lib/python3.10/site-packages/airflow/example_dags/example_setup_teardown.py took 0.149 seconds
[2025-11-13T10:45:53.683+0530] {processor.py:161} INFO - Started process (PID=19876) to work on /home/logi/txtai/venv/lib/python3.10/site-packages/airflow/example_dags/example_setup_teardown.py
[2025-11-13T10:45:53.685+0530] {processor.py:830} INFO - Processing file /home/logi/txtai/venv/lib/python3.10/site-packages/airflow/example_dags/example_setup_teardown.py for tasks to queue
[2025-11-13T10:45:53.687+0530] {logging_mixin.py:188} INFO - [2025-11-13T10:45:53.687+0530] {dagbag.py:545} INFO - Filling up the DagBag from /home/logi/txtai/venv/lib/python3.10/site-packages/airflow/example_dags/example_setup_teardown.py
[2025-11-13T10:45:53.698+0530] {processor.py:840} INFO - DAG(s) 'example_setup_teardown' retrieved from /home/logi/txtai/venv/lib/python3.10/site-packages/airflow/example_dags/example_setup_teardown.py
[2025-11-13T10:45:53.755+0530] {logging_mixin.py:188} INFO - [2025-11-13T10:45:53.755+0530] {dag.py:3089} INFO - Sync 1 DAGs
[2025-11-13T10:45:53.793+0530] {logging_mixin.py:188} INFO - [2025-11-13T10:45:53.793+0530] {dag.py:3947} INFO - Setting next_dagrun for example_setup_teardown to 2025-11-12 00:00:00+00:00, run_after=2025-11-13 00:00:00+00:00
[2025-11-13T10:45:53.829+0530] {processor.py:183} INFO - Processing /home/logi/txtai/venv/lib/python3.10/site-packages/airflow/example_dags/example_setup_teardown.py took 0.157 seconds
[2025-11-13T10:46:25.540+0530] {processor.py:161} INFO - Started process (PID=20019) to work on /home/logi/txtai/venv/lib/python3.10/site-packages/airflow/example_dags/example_setup_teardown.py
[2025-11-13T10:46:25.542+0530] {processor.py:830} INFO - Processing file /home/logi/txtai/venv/lib/python3.10/site-packages/airflow/example_dags/example_setup_teardown.py for tasks to queue
[2025-11-13T10:46:25.544+0530] {logging_mixin.py:188} INFO - [2025-11-13T10:46:25.544+0530] {dagbag.py:545} INFO - Filling up the DagBag from /home/logi/txtai/venv/lib/python3.10/site-packages/airflow/example_dags/example_setup_teardown.py
[2025-11-13T10:46:25.554+0530] {processor.py:840} INFO - DAG(s) 'example_setup_teardown' retrieved from /home/logi/txtai/venv/lib/python3.10/site-packages/airflow/example_dags/example_setup_teardown.py
[2025-11-13T10:46:25.611+0530] {logging_mixin.py:188} INFO - [2025-11-13T10:46:25.610+0530] {dag.py:3089} INFO - Sync 1 DAGs
[2025-11-13T10:46:25.649+0530] {logging_mixin.py:188} INFO - [2025-11-13T10:46:25.648+0530] {dag.py:3947} INFO - Setting next_dagrun for example_setup_teardown to 2025-11-12 00:00:00+00:00, run_after=2025-11-13 00:00:00+00:00
[2025-11-13T10:46:25.684+0530] {processor.py:183} INFO - Processing /home/logi/txtai/venv/lib/python3.10/site-packages/airflow/example_dags/example_setup_teardown.py took 0.155 seconds
[2025-11-13T10:46:56.076+0530] {processor.py:161} INFO - Started process (PID=20162) to work on /home/logi/txtai/venv/lib/python3.10/site-packages/airflow/example_dags/example_setup_teardown.py
[2025-11-13T10:46:56.078+0530] {processor.py:830} INFO - Processing file /home/logi/txtai/venv/lib/python3.10/site-packages/airflow/example_dags/example_setup_teardown.py for tasks to queue
[2025-11-13T10:46:56.080+0530] {logging_mixin.py:188} INFO - [2025-11-13T10:46:56.080+0530] {dagbag.py:545} INFO - Filling up the DagBag from /home/logi/txtai/venv/lib/python3.10/site-packages/airflow/example_dags/example_setup_teardown.py
[2025-11-13T10:46:56.091+0530] {processor.py:840} INFO - DAG(s) 'example_setup_teardown' retrieved from /home/logi/txtai/venv/lib/python3.10/site-packages/airflow/example_dags/example_setup_teardown.py
[2025-11-13T10:46:56.148+0530] {logging_mixin.py:188} INFO - [2025-11-13T10:46:56.147+0530] {dag.py:3089} INFO - Sync 1 DAGs
[2025-11-13T10:46:56.186+0530] {logging_mixin.py:188} INFO - [2025-11-13T10:46:56.186+0530] {dag.py:3947} INFO - Setting next_dagrun for example_setup_teardown to 2025-11-12 00:00:00+00:00, run_after=2025-11-13 00:00:00+00:00
[2025-11-13T10:46:56.228+0530] {processor.py:183} INFO - Processing /home/logi/txtai/venv/lib/python3.10/site-packages/airflow/example_dags/example_setup_teardown.py took 0.163 seconds
[2025-11-13T10:47:27.530+0530] {processor.py:161} INFO - Started process (PID=20306) to work on /home/logi/txtai/venv/lib/python3.10/site-packages/airflow/example_dags/example_setup_teardown.py
[2025-11-13T10:47:27.531+0530] {processor.py:830} INFO - Processing file /home/logi/txtai/venv/lib/python3.10/site-packages/airflow/example_dags/example_setup_teardown.py for tasks to queue
[2025-11-13T10:47:27.534+0530] {logging_mixin.py:188} INFO - [2025-11-13T10:47:27.534+0530] {dagbag.py:545} INFO - Filling up the DagBag from /home/logi/txtai/venv/lib/python3.10/site-packages/airflow/example_dags/example_setup_teardown.py
[2025-11-13T10:47:27.544+0530] {processor.py:840} INFO - DAG(s) 'example_setup_teardown' retrieved from /home/logi/txtai/venv/lib/python3.10/site-packages/airflow/example_dags/example_setup_teardown.py
[2025-11-13T10:47:27.598+0530] {logging_mixin.py:188} INFO - [2025-11-13T10:47:27.597+0530] {dag.py:3089} INFO - Sync 1 DAGs
[2025-11-13T10:47:27.632+0530] {logging_mixin.py:188} INFO - [2025-11-13T10:47:27.631+0530] {dag.py:3947} INFO - Setting next_dagrun for example_setup_teardown to 2025-11-12 00:00:00+00:00, run_after=2025-11-13 00:00:00+00:00
[2025-11-13T10:47:27.669+0530] {processor.py:183} INFO - Processing /home/logi/txtai/venv/lib/python3.10/site-packages/airflow/example_dags/example_setup_teardown.py took 0.150 seconds
[2025-11-13T10:47:58.788+0530] {processor.py:161} INFO - Started process (PID=20447) to work on /home/logi/txtai/venv/lib/python3.10/site-packages/airflow/example_dags/example_setup_teardown.py
[2025-11-13T10:47:58.789+0530] {processor.py:830} INFO - Processing file /home/logi/txtai/venv/lib/python3.10/site-packages/airflow/example_dags/example_setup_teardown.py for tasks to queue
[2025-11-13T10:47:58.792+0530] {logging_mixin.py:188} INFO - [2025-11-13T10:47:58.792+0530] {dagbag.py:545} INFO - Filling up the DagBag from /home/logi/txtai/venv/lib/python3.10/site-packages/airflow/example_dags/example_setup_teardown.py
[2025-11-13T10:47:58.803+0530] {processor.py:840} INFO - DAG(s) 'example_setup_teardown' retrieved from /home/logi/txtai/venv/lib/python3.10/site-packages/airflow/example_dags/example_setup_teardown.py
[2025-11-13T10:47:58.855+0530] {logging_mixin.py:188} INFO - [2025-11-13T10:47:58.855+0530] {dag.py:3089} INFO - Sync 1 DAGs
[2025-11-13T10:47:58.893+0530] {logging_mixin.py:188} INFO - [2025-11-13T10:47:58.893+0530] {dag.py:3947} INFO - Setting next_dagrun for example_setup_teardown to 2025-11-12 00:00:00+00:00, run_after=2025-11-13 00:00:00+00:00
[2025-11-13T10:47:58.940+0530] {processor.py:183} INFO - Processing /home/logi/txtai/venv/lib/python3.10/site-packages/airflow/example_dags/example_setup_teardown.py took 0.164 seconds
[2025-11-13T10:48:29.901+0530] {processor.py:161} INFO - Started process (PID=20588) to work on /home/logi/txtai/venv/lib/python3.10/site-packages/airflow/example_dags/example_setup_teardown.py
[2025-11-13T10:48:29.903+0530] {processor.py:830} INFO - Processing file /home/logi/txtai/venv/lib/python3.10/site-packages/airflow/example_dags/example_setup_teardown.py for tasks to queue
[2025-11-13T10:48:29.905+0530] {logging_mixin.py:188} INFO - [2025-11-13T10:48:29.905+0530] {dagbag.py:545} INFO - Filling up the DagBag from /home/logi/txtai/venv/lib/python3.10/site-packages/airflow/example_dags/example_setup_teardown.py
[2025-11-13T10:48:29.915+0530] {processor.py:840} INFO - DAG(s) 'example_setup_teardown' retrieved from /home/logi/txtai/venv/lib/python3.10/site-packages/airflow/example_dags/example_setup_teardown.py
[2025-11-13T10:48:29.977+0530] {logging_mixin.py:188} INFO - [2025-11-13T10:48:29.976+0530] {dag.py:3089} INFO - Sync 1 DAGs
[2025-11-13T10:48:30.016+0530] {logging_mixin.py:188} INFO - [2025-11-13T10:48:30.016+0530] {dag.py:3947} INFO - Setting next_dagrun for example_setup_teardown to 2025-11-12 00:00:00+00:00, run_after=2025-11-13 00:00:00+00:00
[2025-11-13T10:48:30.056+0530] {processor.py:183} INFO - Processing /home/logi/txtai/venv/lib/python3.10/site-packages/airflow/example_dags/example_setup_teardown.py took 0.166 seconds
[2025-11-13T10:49:00.287+0530] {processor.py:161} INFO - Started process (PID=20733) to work on /home/logi/txtai/venv/lib/python3.10/site-packages/airflow/example_dags/example_setup_teardown.py
[2025-11-13T10:49:00.289+0530] {processor.py:830} INFO - Processing file /home/logi/txtai/venv/lib/python3.10/site-packages/airflow/example_dags/example_setup_teardown.py for tasks to queue
[2025-11-13T10:49:00.292+0530] {logging_mixin.py:188} INFO - [2025-11-13T10:49:00.291+0530] {dagbag.py:545} INFO - Filling up the DagBag from /home/logi/txtai/venv/lib/python3.10/site-packages/airflow/example_dags/example_setup_teardown.py
[2025-11-13T10:49:00.302+0530] {processor.py:840} INFO - DAG(s) 'example_setup_teardown' retrieved from /home/logi/txtai/venv/lib/python3.10/site-packages/airflow/example_dags/example_setup_teardown.py
[2025-11-13T10:49:00.352+0530] {logging_mixin.py:188} INFO - [2025-11-13T10:49:00.352+0530] {dag.py:3089} INFO - Sync 1 DAGs
[2025-11-13T10:49:00.392+0530] {logging_mixin.py:188} INFO - [2025-11-13T10:49:00.391+0530] {dag.py:3947} INFO - Setting next_dagrun for example_setup_teardown to 2025-11-12 00:00:00+00:00, run_after=2025-11-13 00:00:00+00:00
[2025-11-13T10:49:00.427+0530] {processor.py:183} INFO - Processing /home/logi/txtai/venv/lib/python3.10/site-packages/airflow/example_dags/example_setup_teardown.py took 0.151 seconds
[2025-11-13T10:49:31.468+0530] {processor.py:161} INFO - Started process (PID=20878) to work on /home/logi/txtai/venv/lib/python3.10/site-packages/airflow/example_dags/example_setup_teardown.py
[2025-11-13T10:49:31.470+0530] {processor.py:830} INFO - Processing file /home/logi/txtai/venv/lib/python3.10/site-packages/airflow/example_dags/example_setup_teardown.py for tasks to queue
[2025-11-13T10:49:31.472+0530] {logging_mixin.py:188} INFO - [2025-11-13T10:49:31.472+0530] {dagbag.py:545} INFO - Filling up the DagBag from /home/logi/txtai/venv/lib/python3.10/site-packages/airflow/example_dags/example_setup_teardown.py
[2025-11-13T10:49:31.482+0530] {processor.py:840} INFO - DAG(s) 'example_setup_teardown' retrieved from /home/logi/txtai/venv/lib/python3.10/site-packages/airflow/example_dags/example_setup_teardown.py
[2025-11-13T10:49:31.541+0530] {logging_mixin.py:188} INFO - [2025-11-13T10:49:31.540+0530] {dag.py:3089} INFO - Sync 1 DAGs
[2025-11-13T10:49:31.580+0530] {logging_mixin.py:188} INFO - [2025-11-13T10:49:31.579+0530] {dag.py:3947} INFO - Setting next_dagrun for example_setup_teardown to 2025-11-12 00:00:00+00:00, run_after=2025-11-13 00:00:00+00:00
[2025-11-13T10:49:31.613+0530] {processor.py:183} INFO - Processing /home/logi/txtai/venv/lib/python3.10/site-packages/airflow/example_dags/example_setup_teardown.py took 0.156 seconds
[2025-11-13T10:50:02.700+0530] {processor.py:161} INFO - Started process (PID=21021) to work on /home/logi/txtai/venv/lib/python3.10/site-packages/airflow/example_dags/example_setup_teardown.py
[2025-11-13T10:50:02.701+0530] {processor.py:830} INFO - Processing file /home/logi/txtai/venv/lib/python3.10/site-packages/airflow/example_dags/example_setup_teardown.py for tasks to queue
[2025-11-13T10:50:02.704+0530] {logging_mixin.py:188} INFO - [2025-11-13T10:50:02.704+0530] {dagbag.py:545} INFO - Filling up the DagBag from /home/logi/txtai/venv/lib/python3.10/site-packages/airflow/example_dags/example_setup_teardown.py
[2025-11-13T10:50:02.714+0530] {processor.py:840} INFO - DAG(s) 'example_setup_teardown' retrieved from /home/logi/txtai/venv/lib/python3.10/site-packages/airflow/example_dags/example_setup_teardown.py
[2025-11-13T10:50:02.771+0530] {logging_mixin.py:188} INFO - [2025-11-13T10:50:02.771+0530] {dag.py:3089} INFO - Sync 1 DAGs
[2025-11-13T10:50:02.811+0530] {logging_mixin.py:188} INFO - [2025-11-13T10:50:02.810+0530] {dag.py:3947} INFO - Setting next_dagrun for example_setup_teardown to 2025-11-12 00:00:00+00:00, run_after=2025-11-13 00:00:00+00:00
[2025-11-13T10:50:02.843+0530] {processor.py:183} INFO - Processing /home/logi/txtai/venv/lib/python3.10/site-packages/airflow/example_dags/example_setup_teardown.py took 0.154 seconds
[2025-11-13T10:50:33.540+0530] {processor.py:161} INFO - Started process (PID=21162) to work on /home/logi/txtai/venv/lib/python3.10/site-packages/airflow/example_dags/example_setup_teardown.py
[2025-11-13T10:50:33.542+0530] {processor.py:830} INFO - Processing file /home/logi/txtai/venv/lib/python3.10/site-packages/airflow/example_dags/example_setup_teardown.py for tasks to queue
[2025-11-13T10:50:33.543+0530] {logging_mixin.py:188} INFO - [2025-11-13T10:50:33.543+0530] {dagbag.py:545} INFO - Filling up the DagBag from /home/logi/txtai/venv/lib/python3.10/site-packages/airflow/example_dags/example_setup_teardown.py
[2025-11-13T10:50:33.549+0530] {processor.py:840} INFO - DAG(s) 'example_setup_teardown' retrieved from /home/logi/txtai/venv/lib/python3.10/site-packages/airflow/example_dags/example_setup_teardown.py
[2025-11-13T10:50:33.598+0530] {logging_mixin.py:188} INFO - [2025-11-13T10:50:33.598+0530] {dag.py:3089} INFO - Sync 1 DAGs
[2025-11-13T10:50:33.635+0530] {logging_mixin.py:188} INFO - [2025-11-13T10:50:33.635+0530] {dag.py:3947} INFO - Setting next_dagrun for example_setup_teardown to 2025-11-12 00:00:00+00:00, run_after=2025-11-13 00:00:00+00:00
[2025-11-13T10:50:33.679+0530] {processor.py:183} INFO - Processing /home/logi/txtai/venv/lib/python3.10/site-packages/airflow/example_dags/example_setup_teardown.py took 0.144 seconds
[2025-11-13T10:51:04.969+0530] {processor.py:161} INFO - Started process (PID=21344) to work on /home/logi/txtai/venv/lib/python3.10/site-packages/airflow/example_dags/example_setup_teardown.py
[2025-11-13T10:51:04.971+0530] {processor.py:830} INFO - Processing file /home/logi/txtai/venv/lib/python3.10/site-packages/airflow/example_dags/example_setup_teardown.py for tasks to queue
[2025-11-13T10:51:04.974+0530] {logging_mixin.py:188} INFO - [2025-11-13T10:51:04.973+0530] {dagbag.py:545} INFO - Filling up the DagBag from /home/logi/txtai/venv/lib/python3.10/site-packages/airflow/example_dags/example_setup_teardown.py
[2025-11-13T10:51:04.984+0530] {processor.py:840} INFO - DAG(s) 'example_setup_teardown' retrieved from /home/logi/txtai/venv/lib/python3.10/site-packages/airflow/example_dags/example_setup_teardown.py
[2025-11-13T10:51:05.042+0530] {logging_mixin.py:188} INFO - [2025-11-13T10:51:05.041+0530] {dag.py:3089} INFO - Sync 1 DAGs
[2025-11-13T10:51:05.080+0530] {logging_mixin.py:188} INFO - [2025-11-13T10:51:05.080+0530] {dag.py:3947} INFO - Setting next_dagrun for example_setup_teardown to 2025-11-12 00:00:00+00:00, run_after=2025-11-13 00:00:00+00:00
[2025-11-13T10:51:05.114+0530] {processor.py:183} INFO - Processing /home/logi/txtai/venv/lib/python3.10/site-packages/airflow/example_dags/example_setup_teardown.py took 0.155 seconds
[2025-11-13T10:51:36.218+0530] {processor.py:161} INFO - Started process (PID=21486) to work on /home/logi/txtai/venv/lib/python3.10/site-packages/airflow/example_dags/example_setup_teardown.py
[2025-11-13T10:51:36.220+0530] {processor.py:830} INFO - Processing file /home/logi/txtai/venv/lib/python3.10/site-packages/airflow/example_dags/example_setup_teardown.py for tasks to queue
[2025-11-13T10:51:36.223+0530] {logging_mixin.py:188} INFO - [2025-11-13T10:51:36.222+0530] {dagbag.py:545} INFO - Filling up the DagBag from /home/logi/txtai/venv/lib/python3.10/site-packages/airflow/example_dags/example_setup_teardown.py
[2025-11-13T10:51:36.233+0530] {processor.py:840} INFO - DAG(s) 'example_setup_teardown' retrieved from /home/logi/txtai/venv/lib/python3.10/site-packages/airflow/example_dags/example_setup_teardown.py
[2025-11-13T10:51:36.287+0530] {logging_mixin.py:188} INFO - [2025-11-13T10:51:36.286+0530] {dag.py:3089} INFO - Sync 1 DAGs
[2025-11-13T10:51:36.325+0530] {logging_mixin.py:188} INFO - [2025-11-13T10:51:36.325+0530] {dag.py:3947} INFO - Setting next_dagrun for example_setup_teardown to 2025-11-12 00:00:00+00:00, run_after=2025-11-13 00:00:00+00:00
[2025-11-13T10:51:36.359+0530] {processor.py:183} INFO - Processing /home/logi/txtai/venv/lib/python3.10/site-packages/airflow/example_dags/example_setup_teardown.py took 0.154 seconds
[2025-11-13T10:52:07.252+0530] {processor.py:161} INFO - Started process (PID=21628) to work on /home/logi/txtai/venv/lib/python3.10/site-packages/airflow/example_dags/example_setup_teardown.py
[2025-11-13T10:52:07.253+0530] {processor.py:830} INFO - Processing file /home/logi/txtai/venv/lib/python3.10/site-packages/airflow/example_dags/example_setup_teardown.py for tasks to queue
[2025-11-13T10:52:07.255+0530] {logging_mixin.py:188} INFO - [2025-11-13T10:52:07.255+0530] {dagbag.py:545} INFO - Filling up the DagBag from /home/logi/txtai/venv/lib/python3.10/site-packages/airflow/example_dags/example_setup_teardown.py
[2025-11-13T10:52:07.266+0530] {processor.py:840} INFO - DAG(s) 'example_setup_teardown' retrieved from /home/logi/txtai/venv/lib/python3.10/site-packages/airflow/example_dags/example_setup_teardown.py
[2025-11-13T10:52:07.310+0530] {logging_mixin.py:188} INFO - [2025-11-13T10:52:07.310+0530] {dag.py:3089} INFO - Sync 1 DAGs
[2025-11-13T10:52:07.346+0530] {logging_mixin.py:188} INFO - [2025-11-13T10:52:07.345+0530] {dag.py:3947} INFO - Setting next_dagrun for example_setup_teardown to 2025-11-12 00:00:00+00:00, run_after=2025-11-13 00:00:00+00:00
[2025-11-13T10:52:07.376+0530] {processor.py:183} INFO - Processing /home/logi/txtai/venv/lib/python3.10/site-packages/airflow/example_dags/example_setup_teardown.py took 0.131 seconds
[2025-11-13T10:52:38.773+0530] {processor.py:161} INFO - Started process (PID=21831) to work on /home/logi/txtai/venv/lib/python3.10/site-packages/airflow/example_dags/example_setup_teardown.py
[2025-11-13T10:52:38.774+0530] {processor.py:830} INFO - Processing file /home/logi/txtai/venv/lib/python3.10/site-packages/airflow/example_dags/example_setup_teardown.py for tasks to queue
[2025-11-13T10:52:38.776+0530] {logging_mixin.py:188} INFO - [2025-11-13T10:52:38.776+0530] {dagbag.py:545} INFO - Filling up the DagBag from /home/logi/txtai/venv/lib/python3.10/site-packages/airflow/example_dags/example_setup_teardown.py
[2025-11-13T10:52:38.782+0530] {processor.py:840} INFO - DAG(s) 'example_setup_teardown' retrieved from /home/logi/txtai/venv/lib/python3.10/site-packages/airflow/example_dags/example_setup_teardown.py
[2025-11-13T10:52:38.837+0530] {logging_mixin.py:188} INFO - [2025-11-13T10:52:38.837+0530] {dag.py:3089} INFO - Sync 1 DAGs
[2025-11-13T10:52:38.875+0530] {logging_mixin.py:188} INFO - [2025-11-13T10:52:38.875+0530] {dag.py:3947} INFO - Setting next_dagrun for example_setup_teardown to 2025-11-12 00:00:00+00:00, run_after=2025-11-13 00:00:00+00:00
[2025-11-13T10:52:38.909+0530] {processor.py:183} INFO - Processing /home/logi/txtai/venv/lib/python3.10/site-packages/airflow/example_dags/example_setup_teardown.py took 0.147 seconds
[2025-11-13T10:53:09.273+0530] {processor.py:161} INFO - Started process (PID=22039) to work on /home/logi/txtai/venv/lib/python3.10/site-packages/airflow/example_dags/example_setup_teardown.py
[2025-11-13T10:53:09.275+0530] {processor.py:830} INFO - Processing file /home/logi/txtai/venv/lib/python3.10/site-packages/airflow/example_dags/example_setup_teardown.py for tasks to queue
[2025-11-13T10:53:09.278+0530] {logging_mixin.py:188} INFO - [2025-11-13T10:53:09.277+0530] {dagbag.py:545} INFO - Filling up the DagBag from /home/logi/txtai/venv/lib/python3.10/site-packages/airflow/example_dags/example_setup_teardown.py
[2025-11-13T10:53:09.289+0530] {processor.py:840} INFO - DAG(s) 'example_setup_teardown' retrieved from /home/logi/txtai/venv/lib/python3.10/site-packages/airflow/example_dags/example_setup_teardown.py
[2025-11-13T10:53:09.342+0530] {logging_mixin.py:188} INFO - [2025-11-13T10:53:09.342+0530] {dag.py:3089} INFO - Sync 1 DAGs
[2025-11-13T10:53:09.373+0530] {logging_mixin.py:188} INFO - [2025-11-13T10:53:09.372+0530] {dag.py:3947} INFO - Setting next_dagrun for example_setup_teardown to 2025-11-12 00:00:00+00:00, run_after=2025-11-13 00:00:00+00:00
[2025-11-13T10:53:09.410+0530] {processor.py:183} INFO - Processing /home/logi/txtai/venv/lib/python3.10/site-packages/airflow/example_dags/example_setup_teardown.py took 0.148 seconds
[2025-11-13T10:53:40.415+0530] {processor.py:161} INFO - Started process (PID=22270) to work on /home/logi/txtai/venv/lib/python3.10/site-packages/airflow/example_dags/example_setup_teardown.py
[2025-11-13T10:53:40.417+0530] {processor.py:830} INFO - Processing file /home/logi/txtai/venv/lib/python3.10/site-packages/airflow/example_dags/example_setup_teardown.py for tasks to queue
[2025-11-13T10:53:40.420+0530] {logging_mixin.py:188} INFO - [2025-11-13T10:53:40.419+0530] {dagbag.py:545} INFO - Filling up the DagBag from /home/logi/txtai/venv/lib/python3.10/site-packages/airflow/example_dags/example_setup_teardown.py
[2025-11-13T10:53:40.430+0530] {processor.py:840} INFO - DAG(s) 'example_setup_teardown' retrieved from /home/logi/txtai/venv/lib/python3.10/site-packages/airflow/example_dags/example_setup_teardown.py
[2025-11-13T10:53:40.487+0530] {logging_mixin.py:188} INFO - [2025-11-13T10:53:40.487+0530] {dag.py:3089} INFO - Sync 1 DAGs
[2025-11-13T10:53:40.526+0530] {logging_mixin.py:188} INFO - [2025-11-13T10:53:40.525+0530] {dag.py:3947} INFO - Setting next_dagrun for example_setup_teardown to 2025-11-12 00:00:00+00:00, run_after=2025-11-13 00:00:00+00:00
[2025-11-13T10:53:40.557+0530] {processor.py:183} INFO - Processing /home/logi/txtai/venv/lib/python3.10/site-packages/airflow/example_dags/example_setup_teardown.py took 0.152 seconds
[2025-11-13T10:54:12.004+0530] {processor.py:161} INFO - Started process (PID=22413) to work on /home/logi/txtai/venv/lib/python3.10/site-packages/airflow/example_dags/example_setup_teardown.py
[2025-11-13T10:54:12.007+0530] {processor.py:830} INFO - Processing file /home/logi/txtai/venv/lib/python3.10/site-packages/airflow/example_dags/example_setup_teardown.py for tasks to queue
[2025-11-13T10:54:12.010+0530] {logging_mixin.py:188} INFO - [2025-11-13T10:54:12.010+0530] {dagbag.py:545} INFO - Filling up the DagBag from /home/logi/txtai/venv/lib/python3.10/site-packages/airflow/example_dags/example_setup_teardown.py
[2025-11-13T10:54:12.026+0530] {processor.py:840} INFO - DAG(s) 'example_setup_teardown' retrieved from /home/logi/txtai/venv/lib/python3.10/site-packages/airflow/example_dags/example_setup_teardown.py
[2025-11-13T10:54:12.080+0530] {logging_mixin.py:188} INFO - [2025-11-13T10:54:12.080+0530] {dag.py:3089} INFO - Sync 1 DAGs
[2025-11-13T10:54:12.118+0530] {logging_mixin.py:188} INFO - [2025-11-13T10:54:12.118+0530] {dag.py:3947} INFO - Setting next_dagrun for example_setup_teardown to 2025-11-12 00:00:00+00:00, run_after=2025-11-13 00:00:00+00:00
[2025-11-13T10:54:12.153+0530] {processor.py:183} INFO - Processing /home/logi/txtai/venv/lib/python3.10/site-packages/airflow/example_dags/example_setup_teardown.py took 0.163 seconds
[2025-11-13T10:54:43.178+0530] {processor.py:161} INFO - Started process (PID=22615) to work on /home/logi/txtai/venv/lib/python3.10/site-packages/airflow/example_dags/example_setup_teardown.py
[2025-11-13T10:54:43.180+0530] {processor.py:830} INFO - Processing file /home/logi/txtai/venv/lib/python3.10/site-packages/airflow/example_dags/example_setup_teardown.py for tasks to queue
[2025-11-13T10:54:43.182+0530] {logging_mixin.py:188} INFO - [2025-11-13T10:54:43.182+0530] {dagbag.py:545} INFO - Filling up the DagBag from /home/logi/txtai/venv/lib/python3.10/site-packages/airflow/example_dags/example_setup_teardown.py
[2025-11-13T10:54:43.193+0530] {processor.py:840} INFO - DAG(s) 'example_setup_teardown' retrieved from /home/logi/txtai/venv/lib/python3.10/site-packages/airflow/example_dags/example_setup_teardown.py
[2025-11-13T10:54:43.250+0530] {logging_mixin.py:188} INFO - [2025-11-13T10:54:43.250+0530] {dag.py:3089} INFO - Sync 1 DAGs
[2025-11-13T10:54:43.292+0530] {logging_mixin.py:188} INFO - [2025-11-13T10:54:43.292+0530] {dag.py:3947} INFO - Setting next_dagrun for example_setup_teardown to 2025-11-12 00:00:00+00:00, run_after=2025-11-13 00:00:00+00:00
[2025-11-13T10:54:43.327+0530] {processor.py:183} INFO - Processing /home/logi/txtai/venv/lib/python3.10/site-packages/airflow/example_dags/example_setup_teardown.py took 0.160 seconds
[2025-11-13T10:55:14.709+0530] {processor.py:161} INFO - Started process (PID=22907) to work on /home/logi/txtai/venv/lib/python3.10/site-packages/airflow/example_dags/example_setup_teardown.py
[2025-11-13T10:55:14.711+0530] {processor.py:830} INFO - Processing file /home/logi/txtai/venv/lib/python3.10/site-packages/airflow/example_dags/example_setup_teardown.py for tasks to queue
[2025-11-13T10:55:14.714+0530] {logging_mixin.py:188} INFO - [2025-11-13T10:55:14.713+0530] {dagbag.py:545} INFO - Filling up the DagBag from /home/logi/txtai/venv/lib/python3.10/site-packages/airflow/example_dags/example_setup_teardown.py
[2025-11-13T10:55:14.724+0530] {processor.py:840} INFO - DAG(s) 'example_setup_teardown' retrieved from /home/logi/txtai/venv/lib/python3.10/site-packages/airflow/example_dags/example_setup_teardown.py
[2025-11-13T10:55:14.781+0530] {logging_mixin.py:188} INFO - [2025-11-13T10:55:14.780+0530] {dag.py:3089} INFO - Sync 1 DAGs
[2025-11-13T10:55:14.820+0530] {logging_mixin.py:188} INFO - [2025-11-13T10:55:14.820+0530] {dag.py:3947} INFO - Setting next_dagrun for example_setup_teardown to 2025-11-12 00:00:00+00:00, run_after=2025-11-13 00:00:00+00:00
[2025-11-13T10:55:14.856+0530] {processor.py:183} INFO - Processing /home/logi/txtai/venv/lib/python3.10/site-packages/airflow/example_dags/example_setup_teardown.py took 0.157 seconds
[2025-11-13T10:55:46.340+0530] {processor.py:161} INFO - Started process (PID=23338) to work on /home/logi/txtai/venv/lib/python3.10/site-packages/airflow/example_dags/example_setup_teardown.py
[2025-11-13T10:55:46.342+0530] {processor.py:830} INFO - Processing file /home/logi/txtai/venv/lib/python3.10/site-packages/airflow/example_dags/example_setup_teardown.py for tasks to queue
[2025-11-13T10:55:46.344+0530] {logging_mixin.py:188} INFO - [2025-11-13T10:55:46.344+0530] {dagbag.py:545} INFO - Filling up the DagBag from /home/logi/txtai/venv/lib/python3.10/site-packages/airflow/example_dags/example_setup_teardown.py
[2025-11-13T10:55:46.354+0530] {processor.py:840} INFO - DAG(s) 'example_setup_teardown' retrieved from /home/logi/txtai/venv/lib/python3.10/site-packages/airflow/example_dags/example_setup_teardown.py
[2025-11-13T10:55:46.409+0530] {logging_mixin.py:188} INFO - [2025-11-13T10:55:46.408+0530] {dag.py:3089} INFO - Sync 1 DAGs
[2025-11-13T10:55:46.447+0530] {logging_mixin.py:188} INFO - [2025-11-13T10:55:46.447+0530] {dag.py:3947} INFO - Setting next_dagrun for example_setup_teardown to 2025-11-12 00:00:00+00:00, run_after=2025-11-13 00:00:00+00:00
[2025-11-13T10:55:46.481+0530] {processor.py:183} INFO - Processing /home/logi/txtai/venv/lib/python3.10/site-packages/airflow/example_dags/example_setup_teardown.py took 0.146 seconds
[2025-11-13T10:56:17.447+0530] {processor.py:161} INFO - Started process (PID=23629) to work on /home/logi/txtai/venv/lib/python3.10/site-packages/airflow/example_dags/example_setup_teardown.py
[2025-11-13T10:56:17.449+0530] {processor.py:830} INFO - Processing file /home/logi/txtai/venv/lib/python3.10/site-packages/airflow/example_dags/example_setup_teardown.py for tasks to queue
[2025-11-13T10:56:17.452+0530] {logging_mixin.py:188} INFO - [2025-11-13T10:56:17.451+0530] {dagbag.py:545} INFO - Filling up the DagBag from /home/logi/txtai/venv/lib/python3.10/site-packages/airflow/example_dags/example_setup_teardown.py
[2025-11-13T10:56:17.462+0530] {processor.py:840} INFO - DAG(s) 'example_setup_teardown' retrieved from /home/logi/txtai/venv/lib/python3.10/site-packages/airflow/example_dags/example_setup_teardown.py
[2025-11-13T10:56:17.518+0530] {logging_mixin.py:188} INFO - [2025-11-13T10:56:17.518+0530] {dag.py:3089} INFO - Sync 1 DAGs
[2025-11-13T10:56:17.557+0530] {logging_mixin.py:188} INFO - [2025-11-13T10:56:17.556+0530] {dag.py:3947} INFO - Setting next_dagrun for example_setup_teardown to 2025-11-12 00:00:00+00:00, run_after=2025-11-13 00:00:00+00:00
[2025-11-13T10:56:17.590+0530] {processor.py:183} INFO - Processing /home/logi/txtai/venv/lib/python3.10/site-packages/airflow/example_dags/example_setup_teardown.py took 0.154 seconds
[2025-11-13T10:56:49.127+0530] {processor.py:161} INFO - Started process (PID=23781) to work on /home/logi/txtai/venv/lib/python3.10/site-packages/airflow/example_dags/example_setup_teardown.py
[2025-11-13T10:56:49.129+0530] {processor.py:830} INFO - Processing file /home/logi/txtai/venv/lib/python3.10/site-packages/airflow/example_dags/example_setup_teardown.py for tasks to queue
[2025-11-13T10:56:49.131+0530] {logging_mixin.py:188} INFO - [2025-11-13T10:56:49.131+0530] {dagbag.py:545} INFO - Filling up the DagBag from /home/logi/txtai/venv/lib/python3.10/site-packages/airflow/example_dags/example_setup_teardown.py
[2025-11-13T10:56:49.141+0530] {processor.py:840} INFO - DAG(s) 'example_setup_teardown' retrieved from /home/logi/txtai/venv/lib/python3.10/site-packages/airflow/example_dags/example_setup_teardown.py
[2025-11-13T10:56:49.199+0530] {logging_mixin.py:188} INFO - [2025-11-13T10:56:49.199+0530] {dag.py:3089} INFO - Sync 1 DAGs
[2025-11-13T10:56:49.239+0530] {logging_mixin.py:188} INFO - [2025-11-13T10:56:49.239+0530] {dag.py:3947} INFO - Setting next_dagrun for example_setup_teardown to 2025-11-12 00:00:00+00:00, run_after=2025-11-13 00:00:00+00:00
[2025-11-13T10:56:49.275+0530] {processor.py:183} INFO - Processing /home/logi/txtai/venv/lib/python3.10/site-packages/airflow/example_dags/example_setup_teardown.py took 0.159 seconds
[2025-11-13T10:57:19.567+0530] {processor.py:161} INFO - Started process (PID=23923) to work on /home/logi/txtai/venv/lib/python3.10/site-packages/airflow/example_dags/example_setup_teardown.py
[2025-11-13T10:57:19.569+0530] {processor.py:830} INFO - Processing file /home/logi/txtai/venv/lib/python3.10/site-packages/airflow/example_dags/example_setup_teardown.py for tasks to queue
[2025-11-13T10:57:19.572+0530] {logging_mixin.py:188} INFO - [2025-11-13T10:57:19.571+0530] {dagbag.py:545} INFO - Filling up the DagBag from /home/logi/txtai/venv/lib/python3.10/site-packages/airflow/example_dags/example_setup_teardown.py
[2025-11-13T10:57:19.582+0530] {processor.py:840} INFO - DAG(s) 'example_setup_teardown' retrieved from /home/logi/txtai/venv/lib/python3.10/site-packages/airflow/example_dags/example_setup_teardown.py
[2025-11-13T10:57:19.639+0530] {logging_mixin.py:188} INFO - [2025-11-13T10:57:19.639+0530] {dag.py:3089} INFO - Sync 1 DAGs
[2025-11-13T10:57:19.679+0530] {logging_mixin.py:188} INFO - [2025-11-13T10:57:19.678+0530] {dag.py:3947} INFO - Setting next_dagrun for example_setup_teardown to 2025-11-12 00:00:00+00:00, run_after=2025-11-13 00:00:00+00:00
[2025-11-13T10:57:19.713+0530] {processor.py:183} INFO - Processing /home/logi/txtai/venv/lib/python3.10/site-packages/airflow/example_dags/example_setup_teardown.py took 0.156 seconds
[2025-11-13T10:57:50.911+0530] {processor.py:161} INFO - Started process (PID=24066) to work on /home/logi/txtai/venv/lib/python3.10/site-packages/airflow/example_dags/example_setup_teardown.py
[2025-11-13T10:57:50.913+0530] {processor.py:830} INFO - Processing file /home/logi/txtai/venv/lib/python3.10/site-packages/airflow/example_dags/example_setup_teardown.py for tasks to queue
[2025-11-13T10:57:50.916+0530] {logging_mixin.py:188} INFO - [2025-11-13T10:57:50.915+0530] {dagbag.py:545} INFO - Filling up the DagBag from /home/logi/txtai/venv/lib/python3.10/site-packages/airflow/example_dags/example_setup_teardown.py
[2025-11-13T10:57:50.926+0530] {processor.py:840} INFO - DAG(s) 'example_setup_teardown' retrieved from /home/logi/txtai/venv/lib/python3.10/site-packages/airflow/example_dags/example_setup_teardown.py
[2025-11-13T10:57:50.984+0530] {logging_mixin.py:188} INFO - [2025-11-13T10:57:50.984+0530] {dag.py:3089} INFO - Sync 1 DAGs
[2025-11-13T10:57:51.024+0530] {logging_mixin.py:188} INFO - [2025-11-13T10:57:51.024+0530] {dag.py:3947} INFO - Setting next_dagrun for example_setup_teardown to 2025-11-12 00:00:00+00:00, run_after=2025-11-13 00:00:00+00:00
[2025-11-13T10:57:51.070+0530] {processor.py:183} INFO - Processing /home/logi/txtai/venv/lib/python3.10/site-packages/airflow/example_dags/example_setup_teardown.py took 0.169 seconds
[2025-11-13T10:58:22.134+0530] {processor.py:161} INFO - Started process (PID=24209) to work on /home/logi/txtai/venv/lib/python3.10/site-packages/airflow/example_dags/example_setup_teardown.py
[2025-11-13T10:58:22.136+0530] {processor.py:830} INFO - Processing file /home/logi/txtai/venv/lib/python3.10/site-packages/airflow/example_dags/example_setup_teardown.py for tasks to queue
[2025-11-13T10:58:22.138+0530] {logging_mixin.py:188} INFO - [2025-11-13T10:58:22.138+0530] {dagbag.py:545} INFO - Filling up the DagBag from /home/logi/txtai/venv/lib/python3.10/site-packages/airflow/example_dags/example_setup_teardown.py
[2025-11-13T10:58:22.149+0530] {processor.py:840} INFO - DAG(s) 'example_setup_teardown' retrieved from /home/logi/txtai/venv/lib/python3.10/site-packages/airflow/example_dags/example_setup_teardown.py
[2025-11-13T10:58:22.206+0530] {logging_mixin.py:188} INFO - [2025-11-13T10:58:22.206+0530] {dag.py:3089} INFO - Sync 1 DAGs
[2025-11-13T10:58:22.244+0530] {logging_mixin.py:188} INFO - [2025-11-13T10:58:22.244+0530] {dag.py:3947} INFO - Setting next_dagrun for example_setup_teardown to 2025-11-12 00:00:00+00:00, run_after=2025-11-13 00:00:00+00:00
[2025-11-13T10:58:22.285+0530] {processor.py:183} INFO - Processing /home/logi/txtai/venv/lib/python3.10/site-packages/airflow/example_dags/example_setup_teardown.py took 0.162 seconds
[2025-11-13T10:58:54.088+0530] {processor.py:161} INFO - Started process (PID=24351) to work on /home/logi/txtai/venv/lib/python3.10/site-packages/airflow/example_dags/example_setup_teardown.py
[2025-11-13T10:58:54.090+0530] {processor.py:830} INFO - Processing file /home/logi/txtai/venv/lib/python3.10/site-packages/airflow/example_dags/example_setup_teardown.py for tasks to queue
[2025-11-13T10:58:54.093+0530] {logging_mixin.py:188} INFO - [2025-11-13T10:58:54.093+0530] {dagbag.py:545} INFO - Filling up the DagBag from /home/logi/txtai/venv/lib/python3.10/site-packages/airflow/example_dags/example_setup_teardown.py
[2025-11-13T10:58:54.105+0530] {processor.py:840} INFO - DAG(s) 'example_setup_teardown' retrieved from /home/logi/txtai/venv/lib/python3.10/site-packages/airflow/example_dags/example_setup_teardown.py
[2025-11-13T10:58:54.160+0530] {logging_mixin.py:188} INFO - [2025-11-13T10:58:54.160+0530] {dag.py:3089} INFO - Sync 1 DAGs
[2025-11-13T10:58:54.197+0530] {logging_mixin.py:188} INFO - [2025-11-13T10:58:54.196+0530] {dag.py:3947} INFO - Setting next_dagrun for example_setup_teardown to 2025-11-12 00:00:00+00:00, run_after=2025-11-13 00:00:00+00:00
[2025-11-13T10:58:54.243+0530] {processor.py:183} INFO - Processing /home/logi/txtai/venv/lib/python3.10/site-packages/airflow/example_dags/example_setup_teardown.py took 0.169 seconds
[2025-11-13T10:59:25.205+0530] {processor.py:161} INFO - Started process (PID=24554) to work on /home/logi/txtai/venv/lib/python3.10/site-packages/airflow/example_dags/example_setup_teardown.py
[2025-11-13T10:59:25.207+0530] {processor.py:830} INFO - Processing file /home/logi/txtai/venv/lib/python3.10/site-packages/airflow/example_dags/example_setup_teardown.py for tasks to queue
[2025-11-13T10:59:25.210+0530] {logging_mixin.py:188} INFO - [2025-11-13T10:59:25.209+0530] {dagbag.py:545} INFO - Filling up the DagBag from /home/logi/txtai/venv/lib/python3.10/site-packages/airflow/example_dags/example_setup_teardown.py
[2025-11-13T10:59:25.221+0530] {processor.py:840} INFO - DAG(s) 'example_setup_teardown' retrieved from /home/logi/txtai/venv/lib/python3.10/site-packages/airflow/example_dags/example_setup_teardown.py
[2025-11-13T10:59:25.255+0530] {logging_mixin.py:188} INFO - [2025-11-13T10:59:25.255+0530] {dag.py:3089} INFO - Sync 1 DAGs
[2025-11-13T10:59:25.279+0530] {logging_mixin.py:188} INFO - [2025-11-13T10:59:25.279+0530] {dag.py:3947} INFO - Setting next_dagrun for example_setup_teardown to 2025-11-12 00:00:00+00:00, run_after=2025-11-13 00:00:00+00:00
[2025-11-13T10:59:25.303+0530] {processor.py:183} INFO - Processing /home/logi/txtai/venv/lib/python3.10/site-packages/airflow/example_dags/example_setup_teardown.py took 0.108 seconds
[2025-11-13T10:59:56.376+0530] {processor.py:161} INFO - Started process (PID=24711) to work on /home/logi/txtai/venv/lib/python3.10/site-packages/airflow/example_dags/example_setup_teardown.py
[2025-11-13T10:59:56.377+0530] {processor.py:830} INFO - Processing file /home/logi/txtai/venv/lib/python3.10/site-packages/airflow/example_dags/example_setup_teardown.py for tasks to queue
[2025-11-13T10:59:56.380+0530] {logging_mixin.py:188} INFO - [2025-11-13T10:59:56.380+0530] {dagbag.py:545} INFO - Filling up the DagBag from /home/logi/txtai/venv/lib/python3.10/site-packages/airflow/example_dags/example_setup_teardown.py
[2025-11-13T10:59:56.390+0530] {processor.py:840} INFO - DAG(s) 'example_setup_teardown' retrieved from /home/logi/txtai/venv/lib/python3.10/site-packages/airflow/example_dags/example_setup_teardown.py
[2025-11-13T10:59:56.421+0530] {logging_mixin.py:188} INFO - [2025-11-13T10:59:56.421+0530] {dag.py:3089} INFO - Sync 1 DAGs
[2025-11-13T10:59:56.442+0530] {logging_mixin.py:188} INFO - [2025-11-13T10:59:56.442+0530] {dag.py:3947} INFO - Setting next_dagrun for example_setup_teardown to 2025-11-12 00:00:00+00:00, run_after=2025-11-13 00:00:00+00:00
[2025-11-13T10:59:56.463+0530] {processor.py:183} INFO - Processing /home/logi/txtai/venv/lib/python3.10/site-packages/airflow/example_dags/example_setup_teardown.py took 0.097 seconds
[2025-11-13T11:00:26.899+0530] {processor.py:161} INFO - Started process (PID=25181) to work on /home/logi/txtai/venv/lib/python3.10/site-packages/airflow/example_dags/example_setup_teardown.py
[2025-11-13T11:00:26.900+0530] {processor.py:830} INFO - Processing file /home/logi/txtai/venv/lib/python3.10/site-packages/airflow/example_dags/example_setup_teardown.py for tasks to queue
[2025-11-13T11:00:26.902+0530] {logging_mixin.py:188} INFO - [2025-11-13T11:00:26.901+0530] {dagbag.py:545} INFO - Filling up the DagBag from /home/logi/txtai/venv/lib/python3.10/site-packages/airflow/example_dags/example_setup_teardown.py
[2025-11-13T11:00:26.908+0530] {processor.py:840} INFO - DAG(s) 'example_setup_teardown' retrieved from /home/logi/txtai/venv/lib/python3.10/site-packages/airflow/example_dags/example_setup_teardown.py
[2025-11-13T11:00:26.941+0530] {logging_mixin.py:188} INFO - [2025-11-13T11:00:26.941+0530] {dag.py:3089} INFO - Sync 1 DAGs
[2025-11-13T11:00:26.960+0530] {logging_mixin.py:188} INFO - [2025-11-13T11:00:26.960+0530] {dag.py:3947} INFO - Setting next_dagrun for example_setup_teardown to 2025-11-12 00:00:00+00:00, run_after=2025-11-13 00:00:00+00:00
[2025-11-13T11:00:26.979+0530] {processor.py:183} INFO - Processing /home/logi/txtai/venv/lib/python3.10/site-packages/airflow/example_dags/example_setup_teardown.py took 0.086 seconds
[2025-11-13T11:00:58.616+0530] {processor.py:161} INFO - Started process (PID=25600) to work on /home/logi/txtai/venv/lib/python3.10/site-packages/airflow/example_dags/example_setup_teardown.py
[2025-11-13T11:00:58.618+0530] {processor.py:830} INFO - Processing file /home/logi/txtai/venv/lib/python3.10/site-packages/airflow/example_dags/example_setup_teardown.py for tasks to queue
[2025-11-13T11:00:58.621+0530] {logging_mixin.py:188} INFO - [2025-11-13T11:00:58.620+0530] {dagbag.py:545} INFO - Filling up the DagBag from /home/logi/txtai/venv/lib/python3.10/site-packages/airflow/example_dags/example_setup_teardown.py
[2025-11-13T11:00:58.631+0530] {processor.py:840} INFO - DAG(s) 'example_setup_teardown' retrieved from /home/logi/txtai/venv/lib/python3.10/site-packages/airflow/example_dags/example_setup_teardown.py
[2025-11-13T11:00:58.689+0530] {logging_mixin.py:188} INFO - [2025-11-13T11:00:58.688+0530] {dag.py:3089} INFO - Sync 1 DAGs
[2025-11-13T11:00:58.724+0530] {logging_mixin.py:188} INFO - [2025-11-13T11:00:58.724+0530] {dag.py:3947} INFO - Setting next_dagrun for example_setup_teardown to 2025-11-12 00:00:00+00:00, run_after=2025-11-13 00:00:00+00:00
[2025-11-13T11:00:58.759+0530] {processor.py:183} INFO - Processing /home/logi/txtai/venv/lib/python3.10/site-packages/airflow/example_dags/example_setup_teardown.py took 0.154 seconds
[2025-11-13T11:01:30.020+0530] {processor.py:161} INFO - Started process (PID=25741) to work on /home/logi/txtai/venv/lib/python3.10/site-packages/airflow/example_dags/example_setup_teardown.py
[2025-11-13T11:01:30.022+0530] {processor.py:830} INFO - Processing file /home/logi/txtai/venv/lib/python3.10/site-packages/airflow/example_dags/example_setup_teardown.py for tasks to queue
[2025-11-13T11:01:30.025+0530] {logging_mixin.py:188} INFO - [2025-11-13T11:01:30.025+0530] {dagbag.py:545} INFO - Filling up the DagBag from /home/logi/txtai/venv/lib/python3.10/site-packages/airflow/example_dags/example_setup_teardown.py
[2025-11-13T11:01:30.037+0530] {processor.py:840} INFO - DAG(s) 'example_setup_teardown' retrieved from /home/logi/txtai/venv/lib/python3.10/site-packages/airflow/example_dags/example_setup_teardown.py
[2025-11-13T11:01:30.101+0530] {logging_mixin.py:188} INFO - [2025-11-13T11:01:30.101+0530] {dag.py:3089} INFO - Sync 1 DAGs
[2025-11-13T11:01:30.150+0530] {logging_mixin.py:188} INFO - [2025-11-13T11:01:30.150+0530] {dag.py:3947} INFO - Setting next_dagrun for example_setup_teardown to 2025-11-12 00:00:00+00:00, run_after=2025-11-13 00:00:00+00:00
[2025-11-13T11:01:30.191+0530] {processor.py:183} INFO - Processing /home/logi/txtai/venv/lib/python3.10/site-packages/airflow/example_dags/example_setup_teardown.py took 0.184 seconds
[2025-11-13T11:02:00.896+0530] {processor.py:161} INFO - Started process (PID=25897) to work on /home/logi/txtai/venv/lib/python3.10/site-packages/airflow/example_dags/example_setup_teardown.py
[2025-11-13T11:02:00.898+0530] {processor.py:830} INFO - Processing file /home/logi/txtai/venv/lib/python3.10/site-packages/airflow/example_dags/example_setup_teardown.py for tasks to queue
[2025-11-13T11:02:00.901+0530] {logging_mixin.py:188} INFO - [2025-11-13T11:02:00.900+0530] {dagbag.py:545} INFO - Filling up the DagBag from /home/logi/txtai/venv/lib/python3.10/site-packages/airflow/example_dags/example_setup_teardown.py
[2025-11-13T11:02:00.912+0530] {processor.py:840} INFO - DAG(s) 'example_setup_teardown' retrieved from /home/logi/txtai/venv/lib/python3.10/site-packages/airflow/example_dags/example_setup_teardown.py
[2025-11-13T11:02:00.980+0530] {logging_mixin.py:188} INFO - [2025-11-13T11:02:00.979+0530] {dag.py:3089} INFO - Sync 1 DAGs
[2025-11-13T11:02:01.022+0530] {logging_mixin.py:188} INFO - [2025-11-13T11:02:01.021+0530] {dag.py:3947} INFO - Setting next_dagrun for example_setup_teardown to 2025-11-12 00:00:00+00:00, run_after=2025-11-13 00:00:00+00:00
[2025-11-13T11:02:01.059+0530] {processor.py:183} INFO - Processing /home/logi/txtai/venv/lib/python3.10/site-packages/airflow/example_dags/example_setup_teardown.py took 0.175 seconds
[2025-11-13T11:02:31.262+0530] {processor.py:161} INFO - Started process (PID=26068) to work on /home/logi/txtai/venv/lib/python3.10/site-packages/airflow/example_dags/example_setup_teardown.py
[2025-11-13T11:02:31.263+0530] {processor.py:830} INFO - Processing file /home/logi/txtai/venv/lib/python3.10/site-packages/airflow/example_dags/example_setup_teardown.py for tasks to queue
[2025-11-13T11:02:31.266+0530] {logging_mixin.py:188} INFO - [2025-11-13T11:02:31.265+0530] {dagbag.py:545} INFO - Filling up the DagBag from /home/logi/txtai/venv/lib/python3.10/site-packages/airflow/example_dags/example_setup_teardown.py
[2025-11-13T11:02:31.276+0530] {processor.py:840} INFO - DAG(s) 'example_setup_teardown' retrieved from /home/logi/txtai/venv/lib/python3.10/site-packages/airflow/example_dags/example_setup_teardown.py
[2025-11-13T11:02:31.329+0530] {logging_mixin.py:188} INFO - [2025-11-13T11:02:31.329+0530] {dag.py:3089} INFO - Sync 1 DAGs
[2025-11-13T11:02:31.366+0530] {logging_mixin.py:188} INFO - [2025-11-13T11:02:31.366+0530] {dag.py:3947} INFO - Setting next_dagrun for example_setup_teardown to 2025-11-12 00:00:00+00:00, run_after=2025-11-13 00:00:00+00:00
[2025-11-13T11:02:31.397+0530] {processor.py:183} INFO - Processing /home/logi/txtai/venv/lib/python3.10/site-packages/airflow/example_dags/example_setup_teardown.py took 0.147 seconds
[2025-11-13T11:03:02.344+0530] {processor.py:161} INFO - Started process (PID=26230) to work on /home/logi/txtai/venv/lib/python3.10/site-packages/airflow/example_dags/example_setup_teardown.py
[2025-11-13T11:03:02.346+0530] {processor.py:830} INFO - Processing file /home/logi/txtai/venv/lib/python3.10/site-packages/airflow/example_dags/example_setup_teardown.py for tasks to queue
[2025-11-13T11:03:02.349+0530] {logging_mixin.py:188} INFO - [2025-11-13T11:03:02.349+0530] {dagbag.py:545} INFO - Filling up the DagBag from /home/logi/txtai/venv/lib/python3.10/site-packages/airflow/example_dags/example_setup_teardown.py
[2025-11-13T11:03:02.359+0530] {processor.py:840} INFO - DAG(s) 'example_setup_teardown' retrieved from /home/logi/txtai/venv/lib/python3.10/site-packages/airflow/example_dags/example_setup_teardown.py
[2025-11-13T11:03:02.405+0530] {logging_mixin.py:188} INFO - [2025-11-13T11:03:02.405+0530] {dag.py:3089} INFO - Sync 1 DAGs
[2025-11-13T11:03:02.443+0530] {logging_mixin.py:188} INFO - [2025-11-13T11:03:02.443+0530] {dag.py:3947} INFO - Setting next_dagrun for example_setup_teardown to 2025-11-12 00:00:00+00:00, run_after=2025-11-13 00:00:00+00:00
[2025-11-13T11:03:02.477+0530] {processor.py:183} INFO - Processing /home/logi/txtai/venv/lib/python3.10/site-packages/airflow/example_dags/example_setup_teardown.py took 0.144 seconds
[2025-11-13T11:03:32.710+0530] {processor.py:161} INFO - Started process (PID=26361) to work on /home/logi/txtai/venv/lib/python3.10/site-packages/airflow/example_dags/example_setup_teardown.py
[2025-11-13T11:03:32.712+0530] {processor.py:830} INFO - Processing file /home/logi/txtai/venv/lib/python3.10/site-packages/airflow/example_dags/example_setup_teardown.py for tasks to queue
[2025-11-13T11:03:32.715+0530] {logging_mixin.py:188} INFO - [2025-11-13T11:03:32.715+0530] {dagbag.py:545} INFO - Filling up the DagBag from /home/logi/txtai/venv/lib/python3.10/site-packages/airflow/example_dags/example_setup_teardown.py
[2025-11-13T11:03:32.727+0530] {processor.py:840} INFO - DAG(s) 'example_setup_teardown' retrieved from /home/logi/txtai/venv/lib/python3.10/site-packages/airflow/example_dags/example_setup_teardown.py
[2025-11-13T11:03:32.787+0530] {logging_mixin.py:188} INFO - [2025-11-13T11:03:32.787+0530] {dag.py:3089} INFO - Sync 1 DAGs
[2025-11-13T11:03:32.811+0530] {logging_mixin.py:188} INFO - [2025-11-13T11:03:32.811+0530] {dag.py:3947} INFO - Setting next_dagrun for example_setup_teardown to 2025-11-12 00:00:00+00:00, run_after=2025-11-13 00:00:00+00:00
[2025-11-13T11:03:32.855+0530] {processor.py:183} INFO - Processing /home/logi/txtai/venv/lib/python3.10/site-packages/airflow/example_dags/example_setup_teardown.py took 0.158 seconds
[2025-11-13T11:04:03.073+0530] {processor.py:161} INFO - Started process (PID=26501) to work on /home/logi/txtai/venv/lib/python3.10/site-packages/airflow/example_dags/example_setup_teardown.py
[2025-11-13T11:04:03.074+0530] {processor.py:830} INFO - Processing file /home/logi/txtai/venv/lib/python3.10/site-packages/airflow/example_dags/example_setup_teardown.py for tasks to queue
[2025-11-13T11:04:03.076+0530] {logging_mixin.py:188} INFO - [2025-11-13T11:04:03.076+0530] {dagbag.py:545} INFO - Filling up the DagBag from /home/logi/txtai/venv/lib/python3.10/site-packages/airflow/example_dags/example_setup_teardown.py
[2025-11-13T11:04:03.085+0530] {processor.py:840} INFO - DAG(s) 'example_setup_teardown' retrieved from /home/logi/txtai/venv/lib/python3.10/site-packages/airflow/example_dags/example_setup_teardown.py
[2025-11-13T11:04:03.127+0530] {logging_mixin.py:188} INFO - [2025-11-13T11:04:03.126+0530] {dag.py:3089} INFO - Sync 1 DAGs
[2025-11-13T11:04:03.157+0530] {logging_mixin.py:188} INFO - [2025-11-13T11:04:03.157+0530] {dag.py:3947} INFO - Setting next_dagrun for example_setup_teardown to 2025-11-12 00:00:00+00:00, run_after=2025-11-13 00:00:00+00:00
[2025-11-13T11:04:03.201+0530] {processor.py:183} INFO - Processing /home/logi/txtai/venv/lib/python3.10/site-packages/airflow/example_dags/example_setup_teardown.py took 0.137 seconds
[2025-11-13T11:04:33.519+0530] {processor.py:161} INFO - Started process (PID=26634) to work on /home/logi/txtai/venv/lib/python3.10/site-packages/airflow/example_dags/example_setup_teardown.py
[2025-11-13T11:04:33.521+0530] {processor.py:830} INFO - Processing file /home/logi/txtai/venv/lib/python3.10/site-packages/airflow/example_dags/example_setup_teardown.py for tasks to queue
[2025-11-13T11:04:33.522+0530] {logging_mixin.py:188} INFO - [2025-11-13T11:04:33.522+0530] {dagbag.py:545} INFO - Filling up the DagBag from /home/logi/txtai/venv/lib/python3.10/site-packages/airflow/example_dags/example_setup_teardown.py
[2025-11-13T11:04:33.532+0530] {processor.py:840} INFO - DAG(s) 'example_setup_teardown' retrieved from /home/logi/txtai/venv/lib/python3.10/site-packages/airflow/example_dags/example_setup_teardown.py
[2025-11-13T11:04:33.570+0530] {logging_mixin.py:188} INFO - [2025-11-13T11:04:33.570+0530] {dag.py:3089} INFO - Sync 1 DAGs
[2025-11-13T11:04:33.594+0530] {logging_mixin.py:188} INFO - [2025-11-13T11:04:33.594+0530] {dag.py:3947} INFO - Setting next_dagrun for example_setup_teardown to 2025-11-12 00:00:00+00:00, run_after=2025-11-13 00:00:00+00:00
[2025-11-13T11:04:33.619+0530] {processor.py:183} INFO - Processing /home/logi/txtai/venv/lib/python3.10/site-packages/airflow/example_dags/example_setup_teardown.py took 0.107 seconds
[2025-11-13T11:05:03.811+0530] {processor.py:161} INFO - Started process (PID=26777) to work on /home/logi/txtai/venv/lib/python3.10/site-packages/airflow/example_dags/example_setup_teardown.py
[2025-11-13T11:05:03.813+0530] {processor.py:830} INFO - Processing file /home/logi/txtai/venv/lib/python3.10/site-packages/airflow/example_dags/example_setup_teardown.py for tasks to queue
[2025-11-13T11:05:03.816+0530] {logging_mixin.py:188} INFO - [2025-11-13T11:05:03.816+0530] {dagbag.py:545} INFO - Filling up the DagBag from /home/logi/txtai/venv/lib/python3.10/site-packages/airflow/example_dags/example_setup_teardown.py
[2025-11-13T11:05:03.828+0530] {processor.py:840} INFO - DAG(s) 'example_setup_teardown' retrieved from /home/logi/txtai/venv/lib/python3.10/site-packages/airflow/example_dags/example_setup_teardown.py
[2025-11-13T11:05:03.881+0530] {logging_mixin.py:188} INFO - [2025-11-13T11:05:03.881+0530] {dag.py:3089} INFO - Sync 1 DAGs
[2025-11-13T11:05:03.912+0530] {logging_mixin.py:188} INFO - [2025-11-13T11:05:03.911+0530] {dag.py:3947} INFO - Setting next_dagrun for example_setup_teardown to 2025-11-12 00:00:00+00:00, run_after=2025-11-13 00:00:00+00:00
[2025-11-13T11:05:03.949+0530] {processor.py:183} INFO - Processing /home/logi/txtai/venv/lib/python3.10/site-packages/airflow/example_dags/example_setup_teardown.py took 0.147 seconds
[2025-11-13T17:54:01.944+0530] {processor.py:161} INFO - Started process (PID=31045) to work on /home/logi/txtai/venv/lib/python3.10/site-packages/airflow/example_dags/example_setup_teardown.py
[2025-11-13T17:54:01.949+0530] {processor.py:830} INFO - Processing file /home/logi/txtai/venv/lib/python3.10/site-packages/airflow/example_dags/example_setup_teardown.py for tasks to queue
[2025-11-13T17:54:01.952+0530] {logging_mixin.py:188} INFO - [2025-11-13T17:54:01.951+0530] {dagbag.py:545} INFO - Filling up the DagBag from /home/logi/txtai/venv/lib/python3.10/site-packages/airflow/example_dags/example_setup_teardown.py
[2025-11-13T17:54:01.977+0530] {processor.py:840} INFO - DAG(s) 'example_setup_teardown' retrieved from /home/logi/txtai/venv/lib/python3.10/site-packages/airflow/example_dags/example_setup_teardown.py
[2025-11-13T17:54:02.047+0530] {logging_mixin.py:188} INFO - [2025-11-13T17:54:02.047+0530] {dag.py:3089} INFO - Sync 1 DAGs
[2025-11-13T17:54:02.079+0530] {logging_mixin.py:188} INFO - [2025-11-13T17:54:02.078+0530] {dag.py:3947} INFO - Setting next_dagrun for example_setup_teardown to 2025-11-12 00:00:00+00:00, run_after=2025-11-13 00:00:00+00:00
[2025-11-13T17:54:02.127+0530] {processor.py:183} INFO - Processing /home/logi/txtai/venv/lib/python3.10/site-packages/airflow/example_dags/example_setup_teardown.py took 0.207 seconds
[2025-11-13T17:56:10.600+0530] {processor.py:161} INFO - Started process (PID=32361) to work on /home/logi/txtai/venv/lib/python3.10/site-packages/airflow/example_dags/example_setup_teardown.py
[2025-11-13T17:56:10.602+0530] {processor.py:830} INFO - Processing file /home/logi/txtai/venv/lib/python3.10/site-packages/airflow/example_dags/example_setup_teardown.py for tasks to queue
[2025-11-13T17:56:10.605+0530] {logging_mixin.py:188} INFO - [2025-11-13T17:56:10.604+0530] {dagbag.py:545} INFO - Filling up the DagBag from /home/logi/txtai/venv/lib/python3.10/site-packages/airflow/example_dags/example_setup_teardown.py
[2025-11-13T17:56:10.616+0530] {processor.py:840} INFO - DAG(s) 'example_setup_teardown' retrieved from /home/logi/txtai/venv/lib/python3.10/site-packages/airflow/example_dags/example_setup_teardown.py
[2025-11-13T17:56:10.665+0530] {logging_mixin.py:188} INFO - [2025-11-13T17:56:10.665+0530] {dag.py:3089} INFO - Sync 1 DAGs
[2025-11-13T17:56:10.700+0530] {logging_mixin.py:188} INFO - [2025-11-13T17:56:10.699+0530] {dag.py:3947} INFO - Setting next_dagrun for example_setup_teardown to 2025-11-12 00:00:00+00:00, run_after=2025-11-13 00:00:00+00:00
[2025-11-13T17:56:10.729+0530] {processor.py:183} INFO - Processing /home/logi/txtai/venv/lib/python3.10/site-packages/airflow/example_dags/example_setup_teardown.py took 0.140 seconds
[2025-11-13T17:56:42.038+0530] {processor.py:161} INFO - Started process (PID=33026) to work on /home/logi/txtai/venv/lib/python3.10/site-packages/airflow/example_dags/example_setup_teardown.py
[2025-11-13T17:56:42.040+0530] {processor.py:830} INFO - Processing file /home/logi/txtai/venv/lib/python3.10/site-packages/airflow/example_dags/example_setup_teardown.py for tasks to queue
[2025-11-13T17:56:42.042+0530] {logging_mixin.py:188} INFO - [2025-11-13T17:56:42.041+0530] {dagbag.py:545} INFO - Filling up the DagBag from /home/logi/txtai/venv/lib/python3.10/site-packages/airflow/example_dags/example_setup_teardown.py
[2025-11-13T17:56:42.049+0530] {processor.py:840} INFO - DAG(s) 'example_setup_teardown' retrieved from /home/logi/txtai/venv/lib/python3.10/site-packages/airflow/example_dags/example_setup_teardown.py
[2025-11-13T17:56:42.083+0530] {logging_mixin.py:188} INFO - [2025-11-13T17:56:42.082+0530] {dag.py:3089} INFO - Sync 1 DAGs
[2025-11-13T17:56:42.105+0530] {logging_mixin.py:188} INFO - [2025-11-13T17:56:42.105+0530] {dag.py:3947} INFO - Setting next_dagrun for example_setup_teardown to 2025-11-12 00:00:00+00:00, run_after=2025-11-13 00:00:00+00:00
[2025-11-13T17:56:42.129+0530] {processor.py:183} INFO - Processing /home/logi/txtai/venv/lib/python3.10/site-packages/airflow/example_dags/example_setup_teardown.py took 0.098 seconds
[2025-11-13T17:57:12.543+0530] {processor.py:161} INFO - Started process (PID=33770) to work on /home/logi/txtai/venv/lib/python3.10/site-packages/airflow/example_dags/example_setup_teardown.py
[2025-11-13T17:57:12.544+0530] {processor.py:830} INFO - Processing file /home/logi/txtai/venv/lib/python3.10/site-packages/airflow/example_dags/example_setup_teardown.py for tasks to queue
[2025-11-13T17:57:12.546+0530] {logging_mixin.py:188} INFO - [2025-11-13T17:57:12.546+0530] {dagbag.py:545} INFO - Filling up the DagBag from /home/logi/txtai/venv/lib/python3.10/site-packages/airflow/example_dags/example_setup_teardown.py
[2025-11-13T17:57:12.554+0530] {processor.py:840} INFO - DAG(s) 'example_setup_teardown' retrieved from /home/logi/txtai/venv/lib/python3.10/site-packages/airflow/example_dags/example_setup_teardown.py
[2025-11-13T17:57:12.593+0530] {logging_mixin.py:188} INFO - [2025-11-13T17:57:12.592+0530] {dag.py:3089} INFO - Sync 1 DAGs
[2025-11-13T17:57:12.622+0530] {logging_mixin.py:188} INFO - [2025-11-13T17:57:12.622+0530] {dag.py:3947} INFO - Setting next_dagrun for example_setup_teardown to 2025-11-12 00:00:00+00:00, run_after=2025-11-13 00:00:00+00:00
[2025-11-13T17:57:12.650+0530] {processor.py:183} INFO - Processing /home/logi/txtai/venv/lib/python3.10/site-packages/airflow/example_dags/example_setup_teardown.py took 0.114 seconds
[2025-11-13T17:57:43.391+0530] {processor.py:161} INFO - Started process (PID=34168) to work on /home/logi/txtai/venv/lib/python3.10/site-packages/airflow/example_dags/example_setup_teardown.py
[2025-11-13T17:57:43.393+0530] {processor.py:830} INFO - Processing file /home/logi/txtai/venv/lib/python3.10/site-packages/airflow/example_dags/example_setup_teardown.py for tasks to queue
[2025-11-13T17:57:43.396+0530] {logging_mixin.py:188} INFO - [2025-11-13T17:57:43.395+0530] {dagbag.py:545} INFO - Filling up the DagBag from /home/logi/txtai/venv/lib/python3.10/site-packages/airflow/example_dags/example_setup_teardown.py
[2025-11-13T17:57:43.407+0530] {processor.py:840} INFO - DAG(s) 'example_setup_teardown' retrieved from /home/logi/txtai/venv/lib/python3.10/site-packages/airflow/example_dags/example_setup_teardown.py
[2025-11-13T17:57:43.438+0530] {logging_mixin.py:188} INFO - [2025-11-13T17:57:43.437+0530] {dag.py:3089} INFO - Sync 1 DAGs
[2025-11-13T17:57:43.459+0530] {logging_mixin.py:188} INFO - [2025-11-13T17:57:43.459+0530] {dag.py:3947} INFO - Setting next_dagrun for example_setup_teardown to 2025-11-12 00:00:00+00:00, run_after=2025-11-13 00:00:00+00:00
[2025-11-13T17:57:43.485+0530] {processor.py:183} INFO - Processing /home/logi/txtai/venv/lib/python3.10/site-packages/airflow/example_dags/example_setup_teardown.py took 0.104 seconds
[2025-11-13T17:58:15.249+0530] {processor.py:161} INFO - Started process (PID=34797) to work on /home/logi/txtai/venv/lib/python3.10/site-packages/airflow/example_dags/example_setup_teardown.py
[2025-11-13T17:58:15.252+0530] {processor.py:830} INFO - Processing file /home/logi/txtai/venv/lib/python3.10/site-packages/airflow/example_dags/example_setup_teardown.py for tasks to queue
[2025-11-13T17:58:15.255+0530] {logging_mixin.py:188} INFO - [2025-11-13T17:58:15.254+0530] {dagbag.py:545} INFO - Filling up the DagBag from /home/logi/txtai/venv/lib/python3.10/site-packages/airflow/example_dags/example_setup_teardown.py
[2025-11-13T17:58:15.266+0530] {processor.py:840} INFO - DAG(s) 'example_setup_teardown' retrieved from /home/logi/txtai/venv/lib/python3.10/site-packages/airflow/example_dags/example_setup_teardown.py
[2025-11-13T17:58:15.327+0530] {logging_mixin.py:188} INFO - [2025-11-13T17:58:15.327+0530] {dag.py:3089} INFO - Sync 1 DAGs
[2025-11-13T17:58:15.368+0530] {logging_mixin.py:188} INFO - [2025-11-13T17:58:15.367+0530] {dag.py:3947} INFO - Setting next_dagrun for example_setup_teardown to 2025-11-12 00:00:00+00:00, run_after=2025-11-13 00:00:00+00:00
[2025-11-13T17:58:15.403+0530] {processor.py:183} INFO - Processing /home/logi/txtai/venv/lib/python3.10/site-packages/airflow/example_dags/example_setup_teardown.py took 0.170 seconds
[2025-11-13T23:22:12.841+0530] {processor.py:161} INFO - Started process (PID=5835) to work on /home/logi/txtai/venv/lib/python3.10/site-packages/airflow/example_dags/example_setup_teardown.py
[2025-11-13T23:22:12.843+0530] {processor.py:830} INFO - Processing file /home/logi/txtai/venv/lib/python3.10/site-packages/airflow/example_dags/example_setup_teardown.py for tasks to queue
[2025-11-13T23:22:12.846+0530] {logging_mixin.py:188} INFO - [2025-11-13T23:22:12.845+0530] {dagbag.py:545} INFO - Filling up the DagBag from /home/logi/txtai/venv/lib/python3.10/site-packages/airflow/example_dags/example_setup_teardown.py
[2025-11-13T23:22:12.855+0530] {processor.py:840} INFO - DAG(s) 'example_setup_teardown' retrieved from /home/logi/txtai/venv/lib/python3.10/site-packages/airflow/example_dags/example_setup_teardown.py
[2025-11-13T23:22:12.908+0530] {logging_mixin.py:188} INFO - [2025-11-13T23:22:12.907+0530] {dag.py:3089} INFO - Sync 1 DAGs
[2025-11-13T23:22:12.975+0530] {logging_mixin.py:188} INFO - [2025-11-13T23:22:12.975+0530] {dag.py:3947} INFO - Setting next_dagrun for example_setup_teardown to 2025-11-12 00:00:00+00:00, run_after=2025-11-13 00:00:00+00:00
[2025-11-13T23:22:13.012+0530] {processor.py:183} INFO - Processing /home/logi/txtai/venv/lib/python3.10/site-packages/airflow/example_dags/example_setup_teardown.py took 0.181 seconds
[2025-11-13T23:22:43.809+0530] {processor.py:161} INFO - Started process (PID=6573) to work on /home/logi/txtai/venv/lib/python3.10/site-packages/airflow/example_dags/example_setup_teardown.py
[2025-11-13T23:22:43.810+0530] {processor.py:830} INFO - Processing file /home/logi/txtai/venv/lib/python3.10/site-packages/airflow/example_dags/example_setup_teardown.py for tasks to queue
[2025-11-13T23:22:43.812+0530] {logging_mixin.py:188} INFO - [2025-11-13T23:22:43.812+0530] {dagbag.py:545} INFO - Filling up the DagBag from /home/logi/txtai/venv/lib/python3.10/site-packages/airflow/example_dags/example_setup_teardown.py
[2025-11-13T23:22:43.819+0530] {processor.py:840} INFO - DAG(s) 'example_setup_teardown' retrieved from /home/logi/txtai/venv/lib/python3.10/site-packages/airflow/example_dags/example_setup_teardown.py
[2025-11-13T23:22:43.868+0530] {logging_mixin.py:188} INFO - [2025-11-13T23:22:43.868+0530] {dag.py:3089} INFO - Sync 1 DAGs
[2025-11-13T23:22:43.911+0530] {logging_mixin.py:188} INFO - [2025-11-13T23:22:43.911+0530] {dag.py:3947} INFO - Setting next_dagrun for example_setup_teardown to 2025-11-12 00:00:00+00:00, run_after=2025-11-13 00:00:00+00:00
[2025-11-13T23:22:43.949+0530] {processor.py:183} INFO - Processing /home/logi/txtai/venv/lib/python3.10/site-packages/airflow/example_dags/example_setup_teardown.py took 0.147 seconds
[2025-11-13T23:23:15.192+0530] {processor.py:161} INFO - Started process (PID=7262) to work on /home/logi/txtai/venv/lib/python3.10/site-packages/airflow/example_dags/example_setup_teardown.py
[2025-11-13T23:23:15.193+0530] {processor.py:830} INFO - Processing file /home/logi/txtai/venv/lib/python3.10/site-packages/airflow/example_dags/example_setup_teardown.py for tasks to queue
[2025-11-13T23:23:15.196+0530] {logging_mixin.py:188} INFO - [2025-11-13T23:23:15.195+0530] {dagbag.py:545} INFO - Filling up the DagBag from /home/logi/txtai/venv/lib/python3.10/site-packages/airflow/example_dags/example_setup_teardown.py
[2025-11-13T23:23:15.209+0530] {processor.py:840} INFO - DAG(s) 'example_setup_teardown' retrieved from /home/logi/txtai/venv/lib/python3.10/site-packages/airflow/example_dags/example_setup_teardown.py
[2025-11-13T23:23:15.256+0530] {logging_mixin.py:188} INFO - [2025-11-13T23:23:15.256+0530] {dag.py:3089} INFO - Sync 1 DAGs
[2025-11-13T23:23:15.281+0530] {logging_mixin.py:188} INFO - [2025-11-13T23:23:15.280+0530] {dag.py:3947} INFO - Setting next_dagrun for example_setup_teardown to 2025-11-12 00:00:00+00:00, run_after=2025-11-13 00:00:00+00:00
[2025-11-13T23:23:15.304+0530] {processor.py:183} INFO - Processing /home/logi/txtai/venv/lib/python3.10/site-packages/airflow/example_dags/example_setup_teardown.py took 0.121 seconds
[2025-11-13T23:23:47.270+0530] {processor.py:161} INFO - Started process (PID=7480) to work on /home/logi/txtai/venv/lib/python3.10/site-packages/airflow/example_dags/example_setup_teardown.py
[2025-11-13T23:23:47.274+0530] {processor.py:830} INFO - Processing file /home/logi/txtai/venv/lib/python3.10/site-packages/airflow/example_dags/example_setup_teardown.py for tasks to queue
[2025-11-13T23:23:47.279+0530] {logging_mixin.py:188} INFO - [2025-11-13T23:23:47.278+0530] {dagbag.py:545} INFO - Filling up the DagBag from /home/logi/txtai/venv/lib/python3.10/site-packages/airflow/example_dags/example_setup_teardown.py
[2025-11-13T23:23:47.289+0530] {processor.py:840} INFO - DAG(s) 'example_setup_teardown' retrieved from /home/logi/txtai/venv/lib/python3.10/site-packages/airflow/example_dags/example_setup_teardown.py
[2025-11-13T23:23:47.356+0530] {logging_mixin.py:188} INFO - [2025-11-13T23:23:47.355+0530] {dag.py:3089} INFO - Sync 1 DAGs
[2025-11-13T23:23:47.413+0530] {logging_mixin.py:188} INFO - [2025-11-13T23:23:47.412+0530] {dag.py:3947} INFO - Setting next_dagrun for example_setup_teardown to 2025-11-12 00:00:00+00:00, run_after=2025-11-13 00:00:00+00:00
[2025-11-13T23:23:47.455+0530] {processor.py:183} INFO - Processing /home/logi/txtai/venv/lib/python3.10/site-packages/airflow/example_dags/example_setup_teardown.py took 0.197 seconds
[2025-11-13T23:24:18.024+0530] {processor.py:161} INFO - Started process (PID=7794) to work on /home/logi/txtai/venv/lib/python3.10/site-packages/airflow/example_dags/example_setup_teardown.py
[2025-11-13T23:24:18.025+0530] {processor.py:830} INFO - Processing file /home/logi/txtai/venv/lib/python3.10/site-packages/airflow/example_dags/example_setup_teardown.py for tasks to queue
[2025-11-13T23:24:18.026+0530] {logging_mixin.py:188} INFO - [2025-11-13T23:24:18.026+0530] {dagbag.py:545} INFO - Filling up the DagBag from /home/logi/txtai/venv/lib/python3.10/site-packages/airflow/example_dags/example_setup_teardown.py
[2025-11-13T23:24:18.032+0530] {processor.py:840} INFO - DAG(s) 'example_setup_teardown' retrieved from /home/logi/txtai/venv/lib/python3.10/site-packages/airflow/example_dags/example_setup_teardown.py
[2025-11-13T23:24:18.075+0530] {logging_mixin.py:188} INFO - [2025-11-13T23:24:18.075+0530] {dag.py:3089} INFO - Sync 1 DAGs
[2025-11-13T23:24:18.109+0530] {logging_mixin.py:188} INFO - [2025-11-13T23:24:18.109+0530] {dag.py:3947} INFO - Setting next_dagrun for example_setup_teardown to 2025-11-12 00:00:00+00:00, run_after=2025-11-13 00:00:00+00:00
[2025-11-13T23:24:18.142+0530] {processor.py:183} INFO - Processing /home/logi/txtai/venv/lib/python3.10/site-packages/airflow/example_dags/example_setup_teardown.py took 0.124 seconds
[2025-11-13T23:24:49.601+0530] {processor.py:161} INFO - Started process (PID=8026) to work on /home/logi/txtai/venv/lib/python3.10/site-packages/airflow/example_dags/example_setup_teardown.py
[2025-11-13T23:24:49.602+0530] {processor.py:830} INFO - Processing file /home/logi/txtai/venv/lib/python3.10/site-packages/airflow/example_dags/example_setup_teardown.py for tasks to queue
[2025-11-13T23:24:49.604+0530] {logging_mixin.py:188} INFO - [2025-11-13T23:24:49.604+0530] {dagbag.py:545} INFO - Filling up the DagBag from /home/logi/txtai/venv/lib/python3.10/site-packages/airflow/example_dags/example_setup_teardown.py
[2025-11-13T23:24:49.611+0530] {processor.py:840} INFO - DAG(s) 'example_setup_teardown' retrieved from /home/logi/txtai/venv/lib/python3.10/site-packages/airflow/example_dags/example_setup_teardown.py
[2025-11-13T23:24:49.646+0530] {logging_mixin.py:188} INFO - [2025-11-13T23:24:49.646+0530] {dag.py:3089} INFO - Sync 1 DAGs
[2025-11-13T23:24:49.669+0530] {logging_mixin.py:188} INFO - [2025-11-13T23:24:49.669+0530] {dag.py:3947} INFO - Setting next_dagrun for example_setup_teardown to 2025-11-12 00:00:00+00:00, run_after=2025-11-13 00:00:00+00:00
[2025-11-13T23:24:49.695+0530] {processor.py:183} INFO - Processing /home/logi/txtai/venv/lib/python3.10/site-packages/airflow/example_dags/example_setup_teardown.py took 0.102 seconds
[2025-11-13T23:25:21.821+0530] {processor.py:161} INFO - Started process (PID=8877) to work on /home/logi/txtai/venv/lib/python3.10/site-packages/airflow/example_dags/example_setup_teardown.py
[2025-11-13T23:25:21.822+0530] {processor.py:830} INFO - Processing file /home/logi/txtai/venv/lib/python3.10/site-packages/airflow/example_dags/example_setup_teardown.py for tasks to queue
[2025-11-13T23:25:21.825+0530] {logging_mixin.py:188} INFO - [2025-11-13T23:25:21.825+0530] {dagbag.py:545} INFO - Filling up the DagBag from /home/logi/txtai/venv/lib/python3.10/site-packages/airflow/example_dags/example_setup_teardown.py
[2025-11-13T23:25:21.835+0530] {processor.py:840} INFO - DAG(s) 'example_setup_teardown' retrieved from /home/logi/txtai/venv/lib/python3.10/site-packages/airflow/example_dags/example_setup_teardown.py
[2025-11-13T23:25:21.888+0530] {logging_mixin.py:188} INFO - [2025-11-13T23:25:21.887+0530] {dag.py:3089} INFO - Sync 1 DAGs
[2025-11-13T23:25:21.928+0530] {logging_mixin.py:188} INFO - [2025-11-13T23:25:21.928+0530] {dag.py:3947} INFO - Setting next_dagrun for example_setup_teardown to 2025-11-12 00:00:00+00:00, run_after=2025-11-13 00:00:00+00:00
[2025-11-13T23:25:21.976+0530] {processor.py:183} INFO - Processing /home/logi/txtai/venv/lib/python3.10/site-packages/airflow/example_dags/example_setup_teardown.py took 0.171 seconds
[2025-11-13T23:25:53.096+0530] {processor.py:161} INFO - Started process (PID=9344) to work on /home/logi/txtai/venv/lib/python3.10/site-packages/airflow/example_dags/example_setup_teardown.py
[2025-11-13T23:25:53.098+0530] {processor.py:830} INFO - Processing file /home/logi/txtai/venv/lib/python3.10/site-packages/airflow/example_dags/example_setup_teardown.py for tasks to queue
[2025-11-13T23:25:53.101+0530] {logging_mixin.py:188} INFO - [2025-11-13T23:25:53.100+0530] {dagbag.py:545} INFO - Filling up the DagBag from /home/logi/txtai/venv/lib/python3.10/site-packages/airflow/example_dags/example_setup_teardown.py
[2025-11-13T23:25:53.111+0530] {processor.py:840} INFO - DAG(s) 'example_setup_teardown' retrieved from /home/logi/txtai/venv/lib/python3.10/site-packages/airflow/example_dags/example_setup_teardown.py
[2025-11-13T23:25:53.181+0530] {logging_mixin.py:188} INFO - [2025-11-13T23:25:53.180+0530] {dag.py:3089} INFO - Sync 1 DAGs
[2025-11-13T23:25:53.233+0530] {logging_mixin.py:188} INFO - [2025-11-13T23:25:53.232+0530] {dag.py:3947} INFO - Setting next_dagrun for example_setup_teardown to 2025-11-12 00:00:00+00:00, run_after=2025-11-13 00:00:00+00:00
[2025-11-13T23:25:53.273+0530] {processor.py:183} INFO - Processing /home/logi/txtai/venv/lib/python3.10/site-packages/airflow/example_dags/example_setup_teardown.py took 0.189 seconds
[2025-11-13T23:26:24.807+0530] {processor.py:161} INFO - Started process (PID=9560) to work on /home/logi/txtai/venv/lib/python3.10/site-packages/airflow/example_dags/example_setup_teardown.py
[2025-11-13T23:26:24.809+0530] {processor.py:830} INFO - Processing file /home/logi/txtai/venv/lib/python3.10/site-packages/airflow/example_dags/example_setup_teardown.py for tasks to queue
[2025-11-13T23:26:24.811+0530] {logging_mixin.py:188} INFO - [2025-11-13T23:26:24.811+0530] {dagbag.py:545} INFO - Filling up the DagBag from /home/logi/txtai/venv/lib/python3.10/site-packages/airflow/example_dags/example_setup_teardown.py
[2025-11-13T23:26:24.821+0530] {processor.py:840} INFO - DAG(s) 'example_setup_teardown' retrieved from /home/logi/txtai/venv/lib/python3.10/site-packages/airflow/example_dags/example_setup_teardown.py
[2025-11-13T23:26:24.882+0530] {logging_mixin.py:188} INFO - [2025-11-13T23:26:24.881+0530] {dag.py:3089} INFO - Sync 1 DAGs
[2025-11-13T23:26:24.920+0530] {logging_mixin.py:188} INFO - [2025-11-13T23:26:24.920+0530] {dag.py:3947} INFO - Setting next_dagrun for example_setup_teardown to 2025-11-12 00:00:00+00:00, run_after=2025-11-13 00:00:00+00:00
[2025-11-13T23:26:24.966+0530] {processor.py:183} INFO - Processing /home/logi/txtai/venv/lib/python3.10/site-packages/airflow/example_dags/example_setup_teardown.py took 0.171 seconds
[2025-11-13T23:26:56.345+0530] {processor.py:161} INFO - Started process (PID=9722) to work on /home/logi/txtai/venv/lib/python3.10/site-packages/airflow/example_dags/example_setup_teardown.py
[2025-11-13T23:26:56.347+0530] {processor.py:830} INFO - Processing file /home/logi/txtai/venv/lib/python3.10/site-packages/airflow/example_dags/example_setup_teardown.py for tasks to queue
[2025-11-13T23:26:56.349+0530] {logging_mixin.py:188} INFO - [2025-11-13T23:26:56.349+0530] {dagbag.py:545} INFO - Filling up the DagBag from /home/logi/txtai/venv/lib/python3.10/site-packages/airflow/example_dags/example_setup_teardown.py
[2025-11-13T23:26:56.360+0530] {processor.py:840} INFO - DAG(s) 'example_setup_teardown' retrieved from /home/logi/txtai/venv/lib/python3.10/site-packages/airflow/example_dags/example_setup_teardown.py
[2025-11-13T23:26:56.414+0530] {logging_mixin.py:188} INFO - [2025-11-13T23:26:56.414+0530] {dag.py:3089} INFO - Sync 1 DAGs
[2025-11-13T23:26:56.453+0530] {logging_mixin.py:188} INFO - [2025-11-13T23:26:56.453+0530] {dag.py:3947} INFO - Setting next_dagrun for example_setup_teardown to 2025-11-12 00:00:00+00:00, run_after=2025-11-13 00:00:00+00:00
[2025-11-13T23:26:56.488+0530] {processor.py:183} INFO - Processing /home/logi/txtai/venv/lib/python3.10/site-packages/airflow/example_dags/example_setup_teardown.py took 0.154 seconds
[2025-11-13T23:27:27.430+0530] {processor.py:161} INFO - Started process (PID=9909) to work on /home/logi/txtai/venv/lib/python3.10/site-packages/airflow/example_dags/example_setup_teardown.py
[2025-11-13T23:27:27.431+0530] {processor.py:830} INFO - Processing file /home/logi/txtai/venv/lib/python3.10/site-packages/airflow/example_dags/example_setup_teardown.py for tasks to queue
[2025-11-13T23:27:27.434+0530] {logging_mixin.py:188} INFO - [2025-11-13T23:27:27.434+0530] {dagbag.py:545} INFO - Filling up the DagBag from /home/logi/txtai/venv/lib/python3.10/site-packages/airflow/example_dags/example_setup_teardown.py
[2025-11-13T23:27:27.445+0530] {processor.py:840} INFO - DAG(s) 'example_setup_teardown' retrieved from /home/logi/txtai/venv/lib/python3.10/site-packages/airflow/example_dags/example_setup_teardown.py
[2025-11-13T23:27:27.505+0530] {logging_mixin.py:188} INFO - [2025-11-13T23:27:27.504+0530] {dag.py:3089} INFO - Sync 1 DAGs
[2025-11-13T23:27:27.548+0530] {logging_mixin.py:188} INFO - [2025-11-13T23:27:27.548+0530] {dag.py:3947} INFO - Setting next_dagrun for example_setup_teardown to 2025-11-12 00:00:00+00:00, run_after=2025-11-13 00:00:00+00:00
[2025-11-13T23:27:27.582+0530] {processor.py:183} INFO - Processing /home/logi/txtai/venv/lib/python3.10/site-packages/airflow/example_dags/example_setup_teardown.py took 0.163 seconds
[2025-11-13T23:27:58.654+0530] {processor.py:161} INFO - Started process (PID=10066) to work on /home/logi/txtai/venv/lib/python3.10/site-packages/airflow/example_dags/example_setup_teardown.py
[2025-11-13T23:27:58.656+0530] {processor.py:830} INFO - Processing file /home/logi/txtai/venv/lib/python3.10/site-packages/airflow/example_dags/example_setup_teardown.py for tasks to queue
[2025-11-13T23:27:58.659+0530] {logging_mixin.py:188} INFO - [2025-11-13T23:27:58.659+0530] {dagbag.py:545} INFO - Filling up the DagBag from /home/logi/txtai/venv/lib/python3.10/site-packages/airflow/example_dags/example_setup_teardown.py
[2025-11-13T23:27:58.669+0530] {processor.py:840} INFO - DAG(s) 'example_setup_teardown' retrieved from /home/logi/txtai/venv/lib/python3.10/site-packages/airflow/example_dags/example_setup_teardown.py
[2025-11-13T23:27:58.725+0530] {logging_mixin.py:188} INFO - [2025-11-13T23:27:58.724+0530] {dag.py:3089} INFO - Sync 1 DAGs
[2025-11-13T23:27:58.767+0530] {logging_mixin.py:188} INFO - [2025-11-13T23:27:58.766+0530] {dag.py:3947} INFO - Setting next_dagrun for example_setup_teardown to 2025-11-12 00:00:00+00:00, run_after=2025-11-13 00:00:00+00:00
[2025-11-13T23:27:58.805+0530] {processor.py:183} INFO - Processing /home/logi/txtai/venv/lib/python3.10/site-packages/airflow/example_dags/example_setup_teardown.py took 0.161 seconds
[2025-11-13T23:28:29.980+0530] {processor.py:161} INFO - Started process (PID=10222) to work on /home/logi/txtai/venv/lib/python3.10/site-packages/airflow/example_dags/example_setup_teardown.py
[2025-11-13T23:28:29.981+0530] {processor.py:830} INFO - Processing file /home/logi/txtai/venv/lib/python3.10/site-packages/airflow/example_dags/example_setup_teardown.py for tasks to queue
[2025-11-13T23:28:29.984+0530] {logging_mixin.py:188} INFO - [2025-11-13T23:28:29.984+0530] {dagbag.py:545} INFO - Filling up the DagBag from /home/logi/txtai/venv/lib/python3.10/site-packages/airflow/example_dags/example_setup_teardown.py
[2025-11-13T23:28:29.994+0530] {processor.py:840} INFO - DAG(s) 'example_setup_teardown' retrieved from /home/logi/txtai/venv/lib/python3.10/site-packages/airflow/example_dags/example_setup_teardown.py
[2025-11-13T23:28:30.053+0530] {logging_mixin.py:188} INFO - [2025-11-13T23:28:30.052+0530] {dag.py:3089} INFO - Sync 1 DAGs
[2025-11-13T23:28:30.091+0530] {logging_mixin.py:188} INFO - [2025-11-13T23:28:30.091+0530] {dag.py:3947} INFO - Setting next_dagrun for example_setup_teardown to 2025-11-12 00:00:00+00:00, run_after=2025-11-13 00:00:00+00:00
[2025-11-13T23:28:30.125+0530] {processor.py:183} INFO - Processing /home/logi/txtai/venv/lib/python3.10/site-packages/airflow/example_dags/example_setup_teardown.py took 0.157 seconds
[2025-11-13T23:29:01.146+0530] {processor.py:161} INFO - Started process (PID=10491) to work on /home/logi/txtai/venv/lib/python3.10/site-packages/airflow/example_dags/example_setup_teardown.py
[2025-11-13T23:29:01.148+0530] {processor.py:830} INFO - Processing file /home/logi/txtai/venv/lib/python3.10/site-packages/airflow/example_dags/example_setup_teardown.py for tasks to queue
[2025-11-13T23:29:01.151+0530] {logging_mixin.py:188} INFO - [2025-11-13T23:29:01.151+0530] {dagbag.py:545} INFO - Filling up the DagBag from /home/logi/txtai/venv/lib/python3.10/site-packages/airflow/example_dags/example_setup_teardown.py
[2025-11-13T23:29:01.161+0530] {processor.py:840} INFO - DAG(s) 'example_setup_teardown' retrieved from /home/logi/txtai/venv/lib/python3.10/site-packages/airflow/example_dags/example_setup_teardown.py
[2025-11-13T23:29:01.218+0530] {logging_mixin.py:188} INFO - [2025-11-13T23:29:01.217+0530] {dag.py:3089} INFO - Sync 1 DAGs
[2025-11-13T23:29:01.256+0530] {logging_mixin.py:188} INFO - [2025-11-13T23:29:01.256+0530] {dag.py:3947} INFO - Setting next_dagrun for example_setup_teardown to 2025-11-12 00:00:00+00:00, run_after=2025-11-13 00:00:00+00:00
[2025-11-13T23:29:01.290+0530] {processor.py:183} INFO - Processing /home/logi/txtai/venv/lib/python3.10/site-packages/airflow/example_dags/example_setup_teardown.py took 0.156 seconds
[2025-11-13T23:29:33.579+0530] {processor.py:161} INFO - Started process (PID=10662) to work on /home/logi/txtai/venv/lib/python3.10/site-packages/airflow/example_dags/example_setup_teardown.py
[2025-11-13T23:29:33.580+0530] {processor.py:830} INFO - Processing file /home/logi/txtai/venv/lib/python3.10/site-packages/airflow/example_dags/example_setup_teardown.py for tasks to queue
[2025-11-13T23:29:33.582+0530] {logging_mixin.py:188} INFO - [2025-11-13T23:29:33.581+0530] {dagbag.py:545} INFO - Filling up the DagBag from /home/logi/txtai/venv/lib/python3.10/site-packages/airflow/example_dags/example_setup_teardown.py
[2025-11-13T23:29:33.588+0530] {processor.py:840} INFO - DAG(s) 'example_setup_teardown' retrieved from /home/logi/txtai/venv/lib/python3.10/site-packages/airflow/example_dags/example_setup_teardown.py
[2025-11-13T23:29:33.628+0530] {logging_mixin.py:188} INFO - [2025-11-13T23:29:33.627+0530] {dag.py:3089} INFO - Sync 1 DAGs
[2025-11-13T23:29:33.647+0530] {logging_mixin.py:188} INFO - [2025-11-13T23:29:33.646+0530] {dag.py:3947} INFO - Setting next_dagrun for example_setup_teardown to 2025-11-12 00:00:00+00:00, run_after=2025-11-13 00:00:00+00:00
[2025-11-13T23:29:33.666+0530] {processor.py:183} INFO - Processing /home/logi/txtai/venv/lib/python3.10/site-packages/airflow/example_dags/example_setup_teardown.py took 0.093 seconds
[2025-11-13T23:30:04.800+0530] {processor.py:161} INFO - Started process (PID=10883) to work on /home/logi/txtai/venv/lib/python3.10/site-packages/airflow/example_dags/example_setup_teardown.py
[2025-11-13T23:30:04.802+0530] {processor.py:830} INFO - Processing file /home/logi/txtai/venv/lib/python3.10/site-packages/airflow/example_dags/example_setup_teardown.py for tasks to queue
[2025-11-13T23:30:04.805+0530] {logging_mixin.py:188} INFO - [2025-11-13T23:30:04.804+0530] {dagbag.py:545} INFO - Filling up the DagBag from /home/logi/txtai/venv/lib/python3.10/site-packages/airflow/example_dags/example_setup_teardown.py
[2025-11-13T23:30:04.815+0530] {processor.py:840} INFO - DAG(s) 'example_setup_teardown' retrieved from /home/logi/txtai/venv/lib/python3.10/site-packages/airflow/example_dags/example_setup_teardown.py
[2025-11-13T23:30:04.860+0530] {logging_mixin.py:188} INFO - [2025-11-13T23:30:04.860+0530] {dag.py:3089} INFO - Sync 1 DAGs
[2025-11-13T23:30:04.899+0530] {logging_mixin.py:188} INFO - [2025-11-13T23:30:04.899+0530] {dag.py:3947} INFO - Setting next_dagrun for example_setup_teardown to 2025-11-12 00:00:00+00:00, run_after=2025-11-13 00:00:00+00:00
[2025-11-13T23:30:04.934+0530] {processor.py:183} INFO - Processing /home/logi/txtai/venv/lib/python3.10/site-packages/airflow/example_dags/example_setup_teardown.py took 0.144 seconds
[2025-11-13T23:30:35.933+0530] {processor.py:161} INFO - Started process (PID=11376) to work on /home/logi/txtai/venv/lib/python3.10/site-packages/airflow/example_dags/example_setup_teardown.py
[2025-11-13T23:30:35.935+0530] {processor.py:830} INFO - Processing file /home/logi/txtai/venv/lib/python3.10/site-packages/airflow/example_dags/example_setup_teardown.py for tasks to queue
[2025-11-13T23:30:35.937+0530] {logging_mixin.py:188} INFO - [2025-11-13T23:30:35.937+0530] {dagbag.py:545} INFO - Filling up the DagBag from /home/logi/txtai/venv/lib/python3.10/site-packages/airflow/example_dags/example_setup_teardown.py
[2025-11-13T23:30:35.948+0530] {processor.py:840} INFO - DAG(s) 'example_setup_teardown' retrieved from /home/logi/txtai/venv/lib/python3.10/site-packages/airflow/example_dags/example_setup_teardown.py
[2025-11-13T23:30:35.995+0530] {logging_mixin.py:188} INFO - [2025-11-13T23:30:35.995+0530] {dag.py:3089} INFO - Sync 1 DAGs
[2025-11-13T23:30:36.024+0530] {logging_mixin.py:188} INFO - [2025-11-13T23:30:36.024+0530] {dag.py:3947} INFO - Setting next_dagrun for example_setup_teardown to 2025-11-12 00:00:00+00:00, run_after=2025-11-13 00:00:00+00:00
[2025-11-13T23:30:36.050+0530] {processor.py:183} INFO - Processing /home/logi/txtai/venv/lib/python3.10/site-packages/airflow/example_dags/example_setup_teardown.py took 0.128 seconds
[2025-11-13T23:31:07.158+0530] {processor.py:161} INFO - Started process (PID=11622) to work on /home/logi/txtai/venv/lib/python3.10/site-packages/airflow/example_dags/example_setup_teardown.py
[2025-11-13T23:31:07.159+0530] {processor.py:830} INFO - Processing file /home/logi/txtai/venv/lib/python3.10/site-packages/airflow/example_dags/example_setup_teardown.py for tasks to queue
[2025-11-13T23:31:07.162+0530] {logging_mixin.py:188} INFO - [2025-11-13T23:31:07.162+0530] {dagbag.py:545} INFO - Filling up the DagBag from /home/logi/txtai/venv/lib/python3.10/site-packages/airflow/example_dags/example_setup_teardown.py
[2025-11-13T23:31:07.173+0530] {processor.py:840} INFO - DAG(s) 'example_setup_teardown' retrieved from /home/logi/txtai/venv/lib/python3.10/site-packages/airflow/example_dags/example_setup_teardown.py
[2025-11-13T23:31:07.222+0530] {logging_mixin.py:188} INFO - [2025-11-13T23:31:07.221+0530] {dag.py:3089} INFO - Sync 1 DAGs
[2025-11-13T23:31:07.261+0530] {logging_mixin.py:188} INFO - [2025-11-13T23:31:07.260+0530] {dag.py:3947} INFO - Setting next_dagrun for example_setup_teardown to 2025-11-12 00:00:00+00:00, run_after=2025-11-13 00:00:00+00:00
[2025-11-13T23:31:07.295+0530] {processor.py:183} INFO - Processing /home/logi/txtai/venv/lib/python3.10/site-packages/airflow/example_dags/example_setup_teardown.py took 0.148 seconds
[2025-11-13T23:31:37.600+0530] {processor.py:161} INFO - Started process (PID=12100) to work on /home/logi/txtai/venv/lib/python3.10/site-packages/airflow/example_dags/example_setup_teardown.py
[2025-11-13T23:31:37.602+0530] {processor.py:830} INFO - Processing file /home/logi/txtai/venv/lib/python3.10/site-packages/airflow/example_dags/example_setup_teardown.py for tasks to queue
[2025-11-13T23:31:37.604+0530] {logging_mixin.py:188} INFO - [2025-11-13T23:31:37.604+0530] {dagbag.py:545} INFO - Filling up the DagBag from /home/logi/txtai/venv/lib/python3.10/site-packages/airflow/example_dags/example_setup_teardown.py
[2025-11-13T23:31:37.615+0530] {processor.py:840} INFO - DAG(s) 'example_setup_teardown' retrieved from /home/logi/txtai/venv/lib/python3.10/site-packages/airflow/example_dags/example_setup_teardown.py
[2025-11-13T23:31:37.673+0530] {logging_mixin.py:188} INFO - [2025-11-13T23:31:37.672+0530] {dag.py:3089} INFO - Sync 1 DAGs
[2025-11-13T23:31:37.712+0530] {logging_mixin.py:188} INFO - [2025-11-13T23:31:37.712+0530] {dag.py:3947} INFO - Setting next_dagrun for example_setup_teardown to 2025-11-12 00:00:00+00:00, run_after=2025-11-13 00:00:00+00:00
[2025-11-13T23:31:37.746+0530] {processor.py:183} INFO - Processing /home/logi/txtai/venv/lib/python3.10/site-packages/airflow/example_dags/example_setup_teardown.py took 0.157 seconds
[2025-11-13T23:32:09.345+0530] {processor.py:161} INFO - Started process (PID=12464) to work on /home/logi/txtai/venv/lib/python3.10/site-packages/airflow/example_dags/example_setup_teardown.py
[2025-11-13T23:32:09.347+0530] {processor.py:830} INFO - Processing file /home/logi/txtai/venv/lib/python3.10/site-packages/airflow/example_dags/example_setup_teardown.py for tasks to queue
[2025-11-13T23:32:09.350+0530] {logging_mixin.py:188} INFO - [2025-11-13T23:32:09.350+0530] {dagbag.py:545} INFO - Filling up the DagBag from /home/logi/txtai/venv/lib/python3.10/site-packages/airflow/example_dags/example_setup_teardown.py
[2025-11-13T23:32:09.363+0530] {processor.py:840} INFO - DAG(s) 'example_setup_teardown' retrieved from /home/logi/txtai/venv/lib/python3.10/site-packages/airflow/example_dags/example_setup_teardown.py
[2025-11-13T23:32:09.433+0530] {logging_mixin.py:188} INFO - [2025-11-13T23:32:09.432+0530] {dag.py:3089} INFO - Sync 1 DAGs
[2025-11-13T23:32:09.471+0530] {logging_mixin.py:188} INFO - [2025-11-13T23:32:09.471+0530] {dag.py:3947} INFO - Setting next_dagrun for example_setup_teardown to 2025-11-12 00:00:00+00:00, run_after=2025-11-13 00:00:00+00:00
[2025-11-13T23:32:09.505+0530] {processor.py:183} INFO - Processing /home/logi/txtai/venv/lib/python3.10/site-packages/airflow/example_dags/example_setup_teardown.py took 0.171 seconds
[2025-11-13T23:32:41.361+0530] {processor.py:161} INFO - Started process (PID=12880) to work on /home/logi/txtai/venv/lib/python3.10/site-packages/airflow/example_dags/example_setup_teardown.py
[2025-11-13T23:32:41.363+0530] {processor.py:830} INFO - Processing file /home/logi/txtai/venv/lib/python3.10/site-packages/airflow/example_dags/example_setup_teardown.py for tasks to queue
[2025-11-13T23:32:41.366+0530] {logging_mixin.py:188} INFO - [2025-11-13T23:32:41.365+0530] {dagbag.py:545} INFO - Filling up the DagBag from /home/logi/txtai/venv/lib/python3.10/site-packages/airflow/example_dags/example_setup_teardown.py
[2025-11-13T23:32:41.377+0530] {processor.py:840} INFO - DAG(s) 'example_setup_teardown' retrieved from /home/logi/txtai/venv/lib/python3.10/site-packages/airflow/example_dags/example_setup_teardown.py
[2025-11-13T23:32:41.431+0530] {logging_mixin.py:188} INFO - [2025-11-13T23:32:41.431+0530] {dag.py:3089} INFO - Sync 1 DAGs
[2025-11-13T23:32:41.466+0530] {logging_mixin.py:188} INFO - [2025-11-13T23:32:41.465+0530] {dag.py:3947} INFO - Setting next_dagrun for example_setup_teardown to 2025-11-12 00:00:00+00:00, run_after=2025-11-13 00:00:00+00:00
[2025-11-13T23:32:41.497+0530] {processor.py:183} INFO - Processing /home/logi/txtai/venv/lib/python3.10/site-packages/airflow/example_dags/example_setup_teardown.py took 0.147 seconds
[2025-11-13T23:33:12.083+0530] {processor.py:161} INFO - Started process (PID=13220) to work on /home/logi/txtai/venv/lib/python3.10/site-packages/airflow/example_dags/example_setup_teardown.py
[2025-11-13T23:33:12.085+0530] {processor.py:830} INFO - Processing file /home/logi/txtai/venv/lib/python3.10/site-packages/airflow/example_dags/example_setup_teardown.py for tasks to queue
[2025-11-13T23:33:12.087+0530] {logging_mixin.py:188} INFO - [2025-11-13T23:33:12.087+0530] {dagbag.py:545} INFO - Filling up the DagBag from /home/logi/txtai/venv/lib/python3.10/site-packages/airflow/example_dags/example_setup_teardown.py
[2025-11-13T23:33:12.093+0530] {processor.py:840} INFO - DAG(s) 'example_setup_teardown' retrieved from /home/logi/txtai/venv/lib/python3.10/site-packages/airflow/example_dags/example_setup_teardown.py
[2025-11-13T23:33:12.141+0530] {logging_mixin.py:188} INFO - [2025-11-13T23:33:12.141+0530] {dag.py:3089} INFO - Sync 1 DAGs
[2025-11-13T23:33:12.183+0530] {logging_mixin.py:188} INFO - [2025-11-13T23:33:12.183+0530] {dag.py:3947} INFO - Setting next_dagrun for example_setup_teardown to 2025-11-12 00:00:00+00:00, run_after=2025-11-13 00:00:00+00:00
[2025-11-13T23:33:12.226+0530] {processor.py:183} INFO - Processing /home/logi/txtai/venv/lib/python3.10/site-packages/airflow/example_dags/example_setup_teardown.py took 0.149 seconds
[2025-11-13T23:33:43.850+0530] {processor.py:161} INFO - Started process (PID=13784) to work on /home/logi/txtai/venv/lib/python3.10/site-packages/airflow/example_dags/example_setup_teardown.py
[2025-11-13T23:33:43.851+0530] {processor.py:830} INFO - Processing file /home/logi/txtai/venv/lib/python3.10/site-packages/airflow/example_dags/example_setup_teardown.py for tasks to queue
[2025-11-13T23:33:43.853+0530] {logging_mixin.py:188} INFO - [2025-11-13T23:33:43.853+0530] {dagbag.py:545} INFO - Filling up the DagBag from /home/logi/txtai/venv/lib/python3.10/site-packages/airflow/example_dags/example_setup_teardown.py
[2025-11-13T23:33:43.859+0530] {processor.py:840} INFO - DAG(s) 'example_setup_teardown' retrieved from /home/logi/txtai/venv/lib/python3.10/site-packages/airflow/example_dags/example_setup_teardown.py
[2025-11-13T23:33:43.902+0530] {logging_mixin.py:188} INFO - [2025-11-13T23:33:43.901+0530] {dag.py:3089} INFO - Sync 1 DAGs
[2025-11-13T23:33:43.928+0530] {logging_mixin.py:188} INFO - [2025-11-13T23:33:43.928+0530] {dag.py:3947} INFO - Setting next_dagrun for example_setup_teardown to 2025-11-12 00:00:00+00:00, run_after=2025-11-13 00:00:00+00:00
[2025-11-13T23:33:43.953+0530] {processor.py:183} INFO - Processing /home/logi/txtai/venv/lib/python3.10/site-packages/airflow/example_dags/example_setup_teardown.py took 0.109 seconds
[2025-11-13T23:34:15.107+0530] {processor.py:161} INFO - Started process (PID=14208) to work on /home/logi/txtai/venv/lib/python3.10/site-packages/airflow/example_dags/example_setup_teardown.py
[2025-11-13T23:34:15.109+0530] {processor.py:830} INFO - Processing file /home/logi/txtai/venv/lib/python3.10/site-packages/airflow/example_dags/example_setup_teardown.py for tasks to queue
[2025-11-13T23:34:15.112+0530] {logging_mixin.py:188} INFO - [2025-11-13T23:34:15.111+0530] {dagbag.py:545} INFO - Filling up the DagBag from /home/logi/txtai/venv/lib/python3.10/site-packages/airflow/example_dags/example_setup_teardown.py
[2025-11-13T23:34:15.125+0530] {processor.py:840} INFO - DAG(s) 'example_setup_teardown' retrieved from /home/logi/txtai/venv/lib/python3.10/site-packages/airflow/example_dags/example_setup_teardown.py
[2025-11-13T23:34:15.180+0530] {logging_mixin.py:188} INFO - [2025-11-13T23:34:15.180+0530] {dag.py:3089} INFO - Sync 1 DAGs
[2025-11-13T23:34:15.224+0530] {logging_mixin.py:188} INFO - [2025-11-13T23:34:15.224+0530] {dag.py:3947} INFO - Setting next_dagrun for example_setup_teardown to 2025-11-12 00:00:00+00:00, run_after=2025-11-13 00:00:00+00:00
[2025-11-13T23:34:15.263+0530] {processor.py:183} INFO - Processing /home/logi/txtai/venv/lib/python3.10/site-packages/airflow/example_dags/example_setup_teardown.py took 0.169 seconds
[2025-11-13T23:34:47.347+0530] {processor.py:161} INFO - Started process (PID=14656) to work on /home/logi/txtai/venv/lib/python3.10/site-packages/airflow/example_dags/example_setup_teardown.py
[2025-11-13T23:34:47.349+0530] {processor.py:830} INFO - Processing file /home/logi/txtai/venv/lib/python3.10/site-packages/airflow/example_dags/example_setup_teardown.py for tasks to queue
[2025-11-13T23:34:47.351+0530] {logging_mixin.py:188} INFO - [2025-11-13T23:34:47.351+0530] {dagbag.py:545} INFO - Filling up the DagBag from /home/logi/txtai/venv/lib/python3.10/site-packages/airflow/example_dags/example_setup_teardown.py
[2025-11-13T23:34:47.362+0530] {processor.py:840} INFO - DAG(s) 'example_setup_teardown' retrieved from /home/logi/txtai/venv/lib/python3.10/site-packages/airflow/example_dags/example_setup_teardown.py
[2025-11-13T23:34:47.420+0530] {logging_mixin.py:188} INFO - [2025-11-13T23:34:47.419+0530] {dag.py:3089} INFO - Sync 1 DAGs
[2025-11-13T23:34:47.459+0530] {logging_mixin.py:188} INFO - [2025-11-13T23:34:47.458+0530] {dag.py:3947} INFO - Setting next_dagrun for example_setup_teardown to 2025-11-12 00:00:00+00:00, run_after=2025-11-13 00:00:00+00:00
[2025-11-13T23:34:47.496+0530] {processor.py:183} INFO - Processing /home/logi/txtai/venv/lib/python3.10/site-packages/airflow/example_dags/example_setup_teardown.py took 0.159 seconds
[2025-11-13T23:35:18.705+0530] {processor.py:161} INFO - Started process (PID=15103) to work on /home/logi/txtai/venv/lib/python3.10/site-packages/airflow/example_dags/example_setup_teardown.py
[2025-11-13T23:35:18.710+0530] {processor.py:830} INFO - Processing file /home/logi/txtai/venv/lib/python3.10/site-packages/airflow/example_dags/example_setup_teardown.py for tasks to queue
[2025-11-13T23:35:18.711+0530] {logging_mixin.py:188} INFO - [2025-11-13T23:35:18.711+0530] {dagbag.py:545} INFO - Filling up the DagBag from /home/logi/txtai/venv/lib/python3.10/site-packages/airflow/example_dags/example_setup_teardown.py
[2025-11-13T23:35:18.719+0530] {processor.py:840} INFO - DAG(s) 'example_setup_teardown' retrieved from /home/logi/txtai/venv/lib/python3.10/site-packages/airflow/example_dags/example_setup_teardown.py
[2025-11-13T23:35:18.749+0530] {logging_mixin.py:188} INFO - [2025-11-13T23:35:18.748+0530] {dag.py:3089} INFO - Sync 1 DAGs
[2025-11-13T23:35:18.768+0530] {logging_mixin.py:188} INFO - [2025-11-13T23:35:18.768+0530] {dag.py:3947} INFO - Setting next_dagrun for example_setup_teardown to 2025-11-12 00:00:00+00:00, run_after=2025-11-13 00:00:00+00:00
[2025-11-13T23:35:18.785+0530] {processor.py:183} INFO - Processing /home/logi/txtai/venv/lib/python3.10/site-packages/airflow/example_dags/example_setup_teardown.py took 0.095 seconds
[2025-11-13T23:35:50.443+0530] {processor.py:161} INFO - Started process (PID=15498) to work on /home/logi/txtai/venv/lib/python3.10/site-packages/airflow/example_dags/example_setup_teardown.py
[2025-11-13T23:35:50.445+0530] {processor.py:830} INFO - Processing file /home/logi/txtai/venv/lib/python3.10/site-packages/airflow/example_dags/example_setup_teardown.py for tasks to queue
[2025-11-13T23:35:50.449+0530] {logging_mixin.py:188} INFO - [2025-11-13T23:35:50.448+0530] {dagbag.py:545} INFO - Filling up the DagBag from /home/logi/txtai/venv/lib/python3.10/site-packages/airflow/example_dags/example_setup_teardown.py
[2025-11-13T23:35:50.460+0530] {processor.py:840} INFO - DAG(s) 'example_setup_teardown' retrieved from /home/logi/txtai/venv/lib/python3.10/site-packages/airflow/example_dags/example_setup_teardown.py
[2025-11-13T23:35:50.514+0530] {logging_mixin.py:188} INFO - [2025-11-13T23:35:50.513+0530] {dag.py:3089} INFO - Sync 1 DAGs
[2025-11-13T23:35:50.554+0530] {logging_mixin.py:188} INFO - [2025-11-13T23:35:50.553+0530] {dag.py:3947} INFO - Setting next_dagrun for example_setup_teardown to 2025-11-12 00:00:00+00:00, run_after=2025-11-13 00:00:00+00:00
[2025-11-13T23:35:50.588+0530] {processor.py:183} INFO - Processing /home/logi/txtai/venv/lib/python3.10/site-packages/airflow/example_dags/example_setup_teardown.py took 0.156 seconds
[2025-11-13T23:36:21.591+0530] {processor.py:161} INFO - Started process (PID=16047) to work on /home/logi/txtai/venv/lib/python3.10/site-packages/airflow/example_dags/example_setup_teardown.py
[2025-11-13T23:36:21.593+0530] {processor.py:830} INFO - Processing file /home/logi/txtai/venv/lib/python3.10/site-packages/airflow/example_dags/example_setup_teardown.py for tasks to queue
[2025-11-13T23:36:21.595+0530] {logging_mixin.py:188} INFO - [2025-11-13T23:36:21.595+0530] {dagbag.py:545} INFO - Filling up the DagBag from /home/logi/txtai/venv/lib/python3.10/site-packages/airflow/example_dags/example_setup_teardown.py
[2025-11-13T23:36:21.607+0530] {processor.py:840} INFO - DAG(s) 'example_setup_teardown' retrieved from /home/logi/txtai/venv/lib/python3.10/site-packages/airflow/example_dags/example_setup_teardown.py
[2025-11-13T23:36:21.668+0530] {logging_mixin.py:188} INFO - [2025-11-13T23:36:21.668+0530] {dag.py:3089} INFO - Sync 1 DAGs
[2025-11-13T23:36:21.718+0530] {logging_mixin.py:188} INFO - [2025-11-13T23:36:21.717+0530] {dag.py:3947} INFO - Setting next_dagrun for example_setup_teardown to 2025-11-12 00:00:00+00:00, run_after=2025-11-13 00:00:00+00:00
[2025-11-13T23:36:21.754+0530] {processor.py:183} INFO - Processing /home/logi/txtai/venv/lib/python3.10/site-packages/airflow/example_dags/example_setup_teardown.py took 0.173 seconds
[2025-11-13T23:36:53.706+0530] {processor.py:161} INFO - Started process (PID=16259) to work on /home/logi/txtai/venv/lib/python3.10/site-packages/airflow/example_dags/example_setup_teardown.py
[2025-11-13T23:36:53.707+0530] {processor.py:830} INFO - Processing file /home/logi/txtai/venv/lib/python3.10/site-packages/airflow/example_dags/example_setup_teardown.py for tasks to queue
[2025-11-13T23:36:53.709+0530] {logging_mixin.py:188} INFO - [2025-11-13T23:36:53.709+0530] {dagbag.py:545} INFO - Filling up the DagBag from /home/logi/txtai/venv/lib/python3.10/site-packages/airflow/example_dags/example_setup_teardown.py
[2025-11-13T23:36:53.720+0530] {processor.py:840} INFO - DAG(s) 'example_setup_teardown' retrieved from /home/logi/txtai/venv/lib/python3.10/site-packages/airflow/example_dags/example_setup_teardown.py
[2025-11-13T23:36:53.769+0530] {logging_mixin.py:188} INFO - [2025-11-13T23:36:53.768+0530] {dag.py:3089} INFO - Sync 1 DAGs
[2025-11-13T23:36:53.807+0530] {logging_mixin.py:188} INFO - [2025-11-13T23:36:53.807+0530] {dag.py:3947} INFO - Setting next_dagrun for example_setup_teardown to 2025-11-12 00:00:00+00:00, run_after=2025-11-13 00:00:00+00:00
[2025-11-13T23:36:53.842+0530] {processor.py:183} INFO - Processing /home/logi/txtai/venv/lib/python3.10/site-packages/airflow/example_dags/example_setup_teardown.py took 0.147 seconds
[2025-11-13T23:37:23.980+0530] {processor.py:161} INFO - Started process (PID=16820) to work on /home/logi/txtai/venv/lib/python3.10/site-packages/airflow/example_dags/example_setup_teardown.py
[2025-11-13T23:37:23.982+0530] {processor.py:830} INFO - Processing file /home/logi/txtai/venv/lib/python3.10/site-packages/airflow/example_dags/example_setup_teardown.py for tasks to queue
[2025-11-13T23:37:23.984+0530] {logging_mixin.py:188} INFO - [2025-11-13T23:37:23.984+0530] {dagbag.py:545} INFO - Filling up the DagBag from /home/logi/txtai/venv/lib/python3.10/site-packages/airflow/example_dags/example_setup_teardown.py
[2025-11-13T23:37:23.994+0530] {processor.py:840} INFO - DAG(s) 'example_setup_teardown' retrieved from /home/logi/txtai/venv/lib/python3.10/site-packages/airflow/example_dags/example_setup_teardown.py
[2025-11-13T23:37:24.042+0530] {logging_mixin.py:188} INFO - [2025-11-13T23:37:24.041+0530] {dag.py:3089} INFO - Sync 1 DAGs
[2025-11-13T23:37:24.075+0530] {logging_mixin.py:188} INFO - [2025-11-13T23:37:24.075+0530] {dag.py:3947} INFO - Setting next_dagrun for example_setup_teardown to 2025-11-12 00:00:00+00:00, run_after=2025-11-13 00:00:00+00:00
[2025-11-13T23:37:24.100+0530] {processor.py:183} INFO - Processing /home/logi/txtai/venv/lib/python3.10/site-packages/airflow/example_dags/example_setup_teardown.py took 0.130 seconds
[2025-11-13T23:37:55.961+0530] {processor.py:161} INFO - Started process (PID=17190) to work on /home/logi/txtai/venv/lib/python3.10/site-packages/airflow/example_dags/example_setup_teardown.py
[2025-11-13T23:37:55.963+0530] {processor.py:830} INFO - Processing file /home/logi/txtai/venv/lib/python3.10/site-packages/airflow/example_dags/example_setup_teardown.py for tasks to queue
[2025-11-13T23:37:55.965+0530] {logging_mixin.py:188} INFO - [2025-11-13T23:37:55.965+0530] {dagbag.py:545} INFO - Filling up the DagBag from /home/logi/txtai/venv/lib/python3.10/site-packages/airflow/example_dags/example_setup_teardown.py
[2025-11-13T23:37:55.975+0530] {processor.py:840} INFO - DAG(s) 'example_setup_teardown' retrieved from /home/logi/txtai/venv/lib/python3.10/site-packages/airflow/example_dags/example_setup_teardown.py
[2025-11-13T23:37:56.032+0530] {logging_mixin.py:188} INFO - [2025-11-13T23:37:56.032+0530] {dag.py:3089} INFO - Sync 1 DAGs
[2025-11-13T23:37:56.070+0530] {logging_mixin.py:188} INFO - [2025-11-13T23:37:56.070+0530] {dag.py:3947} INFO - Setting next_dagrun for example_setup_teardown to 2025-11-12 00:00:00+00:00, run_after=2025-11-13 00:00:00+00:00
[2025-11-13T23:37:56.105+0530] {processor.py:183} INFO - Processing /home/logi/txtai/venv/lib/python3.10/site-packages/airflow/example_dags/example_setup_teardown.py took 0.155 seconds
[2025-11-13T23:38:28.184+0530] {processor.py:161} INFO - Started process (PID=17713) to work on /home/logi/txtai/venv/lib/python3.10/site-packages/airflow/example_dags/example_setup_teardown.py
[2025-11-13T23:38:28.187+0530] {processor.py:830} INFO - Processing file /home/logi/txtai/venv/lib/python3.10/site-packages/airflow/example_dags/example_setup_teardown.py for tasks to queue
[2025-11-13T23:38:28.193+0530] {logging_mixin.py:188} INFO - [2025-11-13T23:38:28.192+0530] {dagbag.py:545} INFO - Filling up the DagBag from /home/logi/txtai/venv/lib/python3.10/site-packages/airflow/example_dags/example_setup_teardown.py
[2025-11-13T23:38:28.206+0530] {processor.py:840} INFO - DAG(s) 'example_setup_teardown' retrieved from /home/logi/txtai/venv/lib/python3.10/site-packages/airflow/example_dags/example_setup_teardown.py
[2025-11-13T23:38:28.284+0530] {logging_mixin.py:188} INFO - [2025-11-13T23:38:28.283+0530] {dag.py:3089} INFO - Sync 1 DAGs
[2025-11-13T23:38:28.337+0530] {logging_mixin.py:188} INFO - [2025-11-13T23:38:28.337+0530] {dag.py:3947} INFO - Setting next_dagrun for example_setup_teardown to 2025-11-12 00:00:00+00:00, run_after=2025-11-13 00:00:00+00:00
[2025-11-13T23:38:28.380+0530] {processor.py:183} INFO - Processing /home/logi/txtai/venv/lib/python3.10/site-packages/airflow/example_dags/example_setup_teardown.py took 0.212 seconds
[2025-11-13T23:38:59.611+0530] {processor.py:161} INFO - Started process (PID=17956) to work on /home/logi/txtai/venv/lib/python3.10/site-packages/airflow/example_dags/example_setup_teardown.py
[2025-11-13T23:38:59.614+0530] {processor.py:830} INFO - Processing file /home/logi/txtai/venv/lib/python3.10/site-packages/airflow/example_dags/example_setup_teardown.py for tasks to queue
[2025-11-13T23:38:59.620+0530] {logging_mixin.py:188} INFO - [2025-11-13T23:38:59.619+0530] {dagbag.py:545} INFO - Filling up the DagBag from /home/logi/txtai/venv/lib/python3.10/site-packages/airflow/example_dags/example_setup_teardown.py
[2025-11-13T23:38:59.643+0530] {processor.py:840} INFO - DAG(s) 'example_setup_teardown' retrieved from /home/logi/txtai/venv/lib/python3.10/site-packages/airflow/example_dags/example_setup_teardown.py
[2025-11-13T23:38:59.727+0530] {logging_mixin.py:188} INFO - [2025-11-13T23:38:59.727+0530] {dag.py:3089} INFO - Sync 1 DAGs
[2025-11-13T23:38:59.776+0530] {logging_mixin.py:188} INFO - [2025-11-13T23:38:59.776+0530] {dag.py:3947} INFO - Setting next_dagrun for example_setup_teardown to 2025-11-12 00:00:00+00:00, run_after=2025-11-13 00:00:00+00:00
[2025-11-13T23:38:59.941+0530] {processor.py:183} INFO - Processing /home/logi/txtai/venv/lib/python3.10/site-packages/airflow/example_dags/example_setup_teardown.py took 0.353 seconds
[2025-11-13T23:39:30.921+0530] {processor.py:161} INFO - Started process (PID=18541) to work on /home/logi/txtai/venv/lib/python3.10/site-packages/airflow/example_dags/example_setup_teardown.py
[2025-11-13T23:39:30.925+0530] {processor.py:830} INFO - Processing file /home/logi/txtai/venv/lib/python3.10/site-packages/airflow/example_dags/example_setup_teardown.py for tasks to queue
[2025-11-13T23:39:30.929+0530] {logging_mixin.py:188} INFO - [2025-11-13T23:39:30.928+0530] {dagbag.py:545} INFO - Filling up the DagBag from /home/logi/txtai/venv/lib/python3.10/site-packages/airflow/example_dags/example_setup_teardown.py
[2025-11-13T23:39:30.943+0530] {processor.py:840} INFO - DAG(s) 'example_setup_teardown' retrieved from /home/logi/txtai/venv/lib/python3.10/site-packages/airflow/example_dags/example_setup_teardown.py
[2025-11-13T23:39:31.003+0530] {logging_mixin.py:188} INFO - [2025-11-13T23:39:31.003+0530] {dag.py:3089} INFO - Sync 1 DAGs
[2025-11-13T23:39:31.045+0530] {logging_mixin.py:188} INFO - [2025-11-13T23:39:31.044+0530] {dag.py:3947} INFO - Setting next_dagrun for example_setup_teardown to 2025-11-12 00:00:00+00:00, run_after=2025-11-13 00:00:00+00:00
[2025-11-13T23:39:31.199+0530] {processor.py:183} INFO - Processing /home/logi/txtai/venv/lib/python3.10/site-packages/airflow/example_dags/example_setup_teardown.py took 0.293 seconds
[2025-11-13T23:40:02.620+0530] {processor.py:161} INFO - Started process (PID=18801) to work on /home/logi/txtai/venv/lib/python3.10/site-packages/airflow/example_dags/example_setup_teardown.py
[2025-11-13T23:40:02.622+0530] {processor.py:830} INFO - Processing file /home/logi/txtai/venv/lib/python3.10/site-packages/airflow/example_dags/example_setup_teardown.py for tasks to queue
[2025-11-13T23:40:02.626+0530] {logging_mixin.py:188} INFO - [2025-11-13T23:40:02.625+0530] {dagbag.py:545} INFO - Filling up the DagBag from /home/logi/txtai/venv/lib/python3.10/site-packages/airflow/example_dags/example_setup_teardown.py
[2025-11-13T23:40:02.638+0530] {processor.py:840} INFO - DAG(s) 'example_setup_teardown' retrieved from /home/logi/txtai/venv/lib/python3.10/site-packages/airflow/example_dags/example_setup_teardown.py
[2025-11-13T23:40:02.714+0530] {logging_mixin.py:188} INFO - [2025-11-13T23:40:02.713+0530] {dag.py:3089} INFO - Sync 1 DAGs
[2025-11-13T23:40:02.775+0530] {logging_mixin.py:188} INFO - [2025-11-13T23:40:02.774+0530] {dag.py:3947} INFO - Setting next_dagrun for example_setup_teardown to 2025-11-12 00:00:00+00:00, run_after=2025-11-13 00:00:00+00:00
[2025-11-13T23:40:03.092+0530] {processor.py:183} INFO - Processing /home/logi/txtai/venv/lib/python3.10/site-packages/airflow/example_dags/example_setup_teardown.py took 0.495 seconds
[2025-11-13T23:40:34.535+0530] {processor.py:161} INFO - Started process (PID=19314) to work on /home/logi/txtai/venv/lib/python3.10/site-packages/airflow/example_dags/example_setup_teardown.py
[2025-11-13T23:40:34.539+0530] {processor.py:830} INFO - Processing file /home/logi/txtai/venv/lib/python3.10/site-packages/airflow/example_dags/example_setup_teardown.py for tasks to queue
[2025-11-13T23:40:34.545+0530] {logging_mixin.py:188} INFO - [2025-11-13T23:40:34.543+0530] {dagbag.py:545} INFO - Filling up the DagBag from /home/logi/txtai/venv/lib/python3.10/site-packages/airflow/example_dags/example_setup_teardown.py
[2025-11-13T23:40:34.560+0530] {processor.py:840} INFO - DAG(s) 'example_setup_teardown' retrieved from /home/logi/txtai/venv/lib/python3.10/site-packages/airflow/example_dags/example_setup_teardown.py
[2025-11-13T23:40:34.635+0530] {logging_mixin.py:188} INFO - [2025-11-13T23:40:34.634+0530] {dag.py:3089} INFO - Sync 1 DAGs
[2025-11-13T23:40:35.128+0530] {logging_mixin.py:188} INFO - [2025-11-13T23:40:35.128+0530] {dag.py:3947} INFO - Setting next_dagrun for example_setup_teardown to 2025-11-12 00:00:00+00:00, run_after=2025-11-13 00:00:00+00:00
[2025-11-13T23:40:35.158+0530] {processor.py:183} INFO - Processing /home/logi/txtai/venv/lib/python3.10/site-packages/airflow/example_dags/example_setup_teardown.py took 0.650 seconds
[2025-11-13T23:41:08.160+0530] {processor.py:161} INFO - Started process (PID=19685) to work on /home/logi/txtai/venv/lib/python3.10/site-packages/airflow/example_dags/example_setup_teardown.py
[2025-11-13T23:41:08.163+0530] {processor.py:830} INFO - Processing file /home/logi/txtai/venv/lib/python3.10/site-packages/airflow/example_dags/example_setup_teardown.py for tasks to queue
[2025-11-13T23:41:08.170+0530] {logging_mixin.py:188} INFO - [2025-11-13T23:41:08.169+0530] {dagbag.py:545} INFO - Filling up the DagBag from /home/logi/txtai/venv/lib/python3.10/site-packages/airflow/example_dags/example_setup_teardown.py
[2025-11-13T23:41:08.190+0530] {processor.py:840} INFO - DAG(s) 'example_setup_teardown' retrieved from /home/logi/txtai/venv/lib/python3.10/site-packages/airflow/example_dags/example_setup_teardown.py
[2025-11-13T23:41:08.258+0530] {logging_mixin.py:188} INFO - [2025-11-13T23:41:08.257+0530] {dag.py:3089} INFO - Sync 1 DAGs
[2025-11-13T23:41:08.581+0530] {logging_mixin.py:188} INFO - [2025-11-13T23:41:08.581+0530] {dag.py:3947} INFO - Setting next_dagrun for example_setup_teardown to 2025-11-12 00:00:00+00:00, run_after=2025-11-13 00:00:00+00:00
[2025-11-13T23:41:08.619+0530] {processor.py:183} INFO - Processing /home/logi/txtai/venv/lib/python3.10/site-packages/airflow/example_dags/example_setup_teardown.py took 0.477 seconds
[2025-11-13T23:41:40.494+0530] {processor.py:161} INFO - Started process (PID=20184) to work on /home/logi/txtai/venv/lib/python3.10/site-packages/airflow/example_dags/example_setup_teardown.py
[2025-11-13T23:41:40.496+0530] {processor.py:830} INFO - Processing file /home/logi/txtai/venv/lib/python3.10/site-packages/airflow/example_dags/example_setup_teardown.py for tasks to queue
[2025-11-13T23:41:40.499+0530] {logging_mixin.py:188} INFO - [2025-11-13T23:41:40.498+0530] {dagbag.py:545} INFO - Filling up the DagBag from /home/logi/txtai/venv/lib/python3.10/site-packages/airflow/example_dags/example_setup_teardown.py
[2025-11-13T23:41:40.509+0530] {processor.py:840} INFO - DAG(s) 'example_setup_teardown' retrieved from /home/logi/txtai/venv/lib/python3.10/site-packages/airflow/example_dags/example_setup_teardown.py
[2025-11-13T23:41:40.538+0530] {logging_mixin.py:188} INFO - [2025-11-13T23:41:40.538+0530] {dag.py:3089} INFO - Sync 1 DAGs
[2025-11-13T23:41:40.694+0530] {logging_mixin.py:188} INFO - [2025-11-13T23:41:40.694+0530] {dag.py:3947} INFO - Setting next_dagrun for example_setup_teardown to 2025-11-12 00:00:00+00:00, run_after=2025-11-13 00:00:00+00:00
[2025-11-13T23:41:40.717+0530] {processor.py:183} INFO - Processing /home/logi/txtai/venv/lib/python3.10/site-packages/airflow/example_dags/example_setup_teardown.py took 0.236 seconds
[2025-11-13T23:42:10.817+0530] {processor.py:161} INFO - Started process (PID=20486) to work on /home/logi/txtai/venv/lib/python3.10/site-packages/airflow/example_dags/example_setup_teardown.py
[2025-11-13T23:42:10.819+0530] {processor.py:830} INFO - Processing file /home/logi/txtai/venv/lib/python3.10/site-packages/airflow/example_dags/example_setup_teardown.py for tasks to queue
[2025-11-13T23:42:10.820+0530] {logging_mixin.py:188} INFO - [2025-11-13T23:42:10.820+0530] {dagbag.py:545} INFO - Filling up the DagBag from /home/logi/txtai/venv/lib/python3.10/site-packages/airflow/example_dags/example_setup_teardown.py
[2025-11-13T23:42:10.826+0530] {processor.py:840} INFO - DAG(s) 'example_setup_teardown' retrieved from /home/logi/txtai/venv/lib/python3.10/site-packages/airflow/example_dags/example_setup_teardown.py
[2025-11-13T23:42:10.870+0530] {logging_mixin.py:188} INFO - [2025-11-13T23:42:10.870+0530] {dag.py:3089} INFO - Sync 1 DAGs
[2025-11-13T23:42:10.909+0530] {logging_mixin.py:188} INFO - [2025-11-13T23:42:10.909+0530] {dag.py:3947} INFO - Setting next_dagrun for example_setup_teardown to 2025-11-12 00:00:00+00:00, run_after=2025-11-13 00:00:00+00:00
[2025-11-13T23:42:10.943+0530] {processor.py:183} INFO - Processing /home/logi/txtai/venv/lib/python3.10/site-packages/airflow/example_dags/example_setup_teardown.py took 0.132 seconds
[2025-11-13T23:42:41.095+0530] {processor.py:161} INFO - Started process (PID=21110) to work on /home/logi/txtai/venv/lib/python3.10/site-packages/airflow/example_dags/example_setup_teardown.py
[2025-11-13T23:42:41.097+0530] {processor.py:830} INFO - Processing file /home/logi/txtai/venv/lib/python3.10/site-packages/airflow/example_dags/example_setup_teardown.py for tasks to queue
[2025-11-13T23:42:41.100+0530] {logging_mixin.py:188} INFO - [2025-11-13T23:42:41.100+0530] {dagbag.py:545} INFO - Filling up the DagBag from /home/logi/txtai/venv/lib/python3.10/site-packages/airflow/example_dags/example_setup_teardown.py
[2025-11-13T23:42:41.112+0530] {processor.py:840} INFO - DAG(s) 'example_setup_teardown' retrieved from /home/logi/txtai/venv/lib/python3.10/site-packages/airflow/example_dags/example_setup_teardown.py
[2025-11-13T23:42:41.171+0530] {logging_mixin.py:188} INFO - [2025-11-13T23:42:41.170+0530] {dag.py:3089} INFO - Sync 1 DAGs
[2025-11-13T23:42:41.211+0530] {logging_mixin.py:188} INFO - [2025-11-13T23:42:41.211+0530] {dag.py:3947} INFO - Setting next_dagrun for example_setup_teardown to 2025-11-12 00:00:00+00:00, run_after=2025-11-13 00:00:00+00:00
[2025-11-13T23:42:41.243+0530] {processor.py:183} INFO - Processing /home/logi/txtai/venv/lib/python3.10/site-packages/airflow/example_dags/example_setup_teardown.py took 0.161 seconds
[2025-11-13T23:43:13.251+0530] {processor.py:161} INFO - Started process (PID=21652) to work on /home/logi/txtai/venv/lib/python3.10/site-packages/airflow/example_dags/example_setup_teardown.py
[2025-11-13T23:43:13.267+0530] {processor.py:830} INFO - Processing file /home/logi/txtai/venv/lib/python3.10/site-packages/airflow/example_dags/example_setup_teardown.py for tasks to queue
[2025-11-13T23:43:13.272+0530] {logging_mixin.py:188} INFO - [2025-11-13T23:43:13.272+0530] {dagbag.py:545} INFO - Filling up the DagBag from /home/logi/txtai/venv/lib/python3.10/site-packages/airflow/example_dags/example_setup_teardown.py
[2025-11-13T23:43:13.285+0530] {processor.py:840} INFO - DAG(s) 'example_setup_teardown' retrieved from /home/logi/txtai/venv/lib/python3.10/site-packages/airflow/example_dags/example_setup_teardown.py
[2025-11-13T23:43:13.328+0530] {logging_mixin.py:188} INFO - [2025-11-13T23:43:13.328+0530] {dag.py:3089} INFO - Sync 1 DAGs
[2025-11-13T23:43:13.363+0530] {logging_mixin.py:188} INFO - [2025-11-13T23:43:13.362+0530] {dag.py:3947} INFO - Setting next_dagrun for example_setup_teardown to 2025-11-12 00:00:00+00:00, run_after=2025-11-13 00:00:00+00:00
[2025-11-13T23:43:13.396+0530] {processor.py:183} INFO - Processing /home/logi/txtai/venv/lib/python3.10/site-packages/airflow/example_dags/example_setup_teardown.py took 0.171 seconds
[2025-11-13T23:43:43.474+0530] {processor.py:161} INFO - Started process (PID=22078) to work on /home/logi/txtai/venv/lib/python3.10/site-packages/airflow/example_dags/example_setup_teardown.py
[2025-11-13T23:43:43.476+0530] {processor.py:830} INFO - Processing file /home/logi/txtai/venv/lib/python3.10/site-packages/airflow/example_dags/example_setup_teardown.py for tasks to queue
[2025-11-13T23:43:43.479+0530] {logging_mixin.py:188} INFO - [2025-11-13T23:43:43.479+0530] {dagbag.py:545} INFO - Filling up the DagBag from /home/logi/txtai/venv/lib/python3.10/site-packages/airflow/example_dags/example_setup_teardown.py
[2025-11-13T23:43:43.489+0530] {processor.py:840} INFO - DAG(s) 'example_setup_teardown' retrieved from /home/logi/txtai/venv/lib/python3.10/site-packages/airflow/example_dags/example_setup_teardown.py
[2025-11-13T23:43:43.552+0530] {logging_mixin.py:188} INFO - [2025-11-13T23:43:43.552+0530] {dag.py:3089} INFO - Sync 1 DAGs
[2025-11-13T23:43:43.596+0530] {logging_mixin.py:188} INFO - [2025-11-13T23:43:43.596+0530] {dag.py:3947} INFO - Setting next_dagrun for example_setup_teardown to 2025-11-12 00:00:00+00:00, run_after=2025-11-13 00:00:00+00:00
[2025-11-13T23:43:43.630+0530] {processor.py:183} INFO - Processing /home/logi/txtai/venv/lib/python3.10/site-packages/airflow/example_dags/example_setup_teardown.py took 0.166 seconds
[2025-11-13T23:44:14.675+0530] {processor.py:161} INFO - Started process (PID=22440) to work on /home/logi/txtai/venv/lib/python3.10/site-packages/airflow/example_dags/example_setup_teardown.py
[2025-11-13T23:44:14.678+0530] {processor.py:830} INFO - Processing file /home/logi/txtai/venv/lib/python3.10/site-packages/airflow/example_dags/example_setup_teardown.py for tasks to queue
[2025-11-13T23:44:14.684+0530] {logging_mixin.py:188} INFO - [2025-11-13T23:44:14.683+0530] {dagbag.py:545} INFO - Filling up the DagBag from /home/logi/txtai/venv/lib/python3.10/site-packages/airflow/example_dags/example_setup_teardown.py
[2025-11-13T23:44:14.695+0530] {processor.py:840} INFO - DAG(s) 'example_setup_teardown' retrieved from /home/logi/txtai/venv/lib/python3.10/site-packages/airflow/example_dags/example_setup_teardown.py
[2025-11-13T23:44:14.759+0530] {logging_mixin.py:188} INFO - [2025-11-13T23:44:14.758+0530] {dag.py:3089} INFO - Sync 1 DAGs
[2025-11-13T23:44:14.804+0530] {logging_mixin.py:188} INFO - [2025-11-13T23:44:14.804+0530] {dag.py:3947} INFO - Setting next_dagrun for example_setup_teardown to 2025-11-12 00:00:00+00:00, run_after=2025-11-13 00:00:00+00:00
[2025-11-13T23:44:14.840+0530] {processor.py:183} INFO - Processing /home/logi/txtai/venv/lib/python3.10/site-packages/airflow/example_dags/example_setup_teardown.py took 0.176 seconds
[2025-11-13T23:44:45.499+0530] {processor.py:161} INFO - Started process (PID=23012) to work on /home/logi/txtai/venv/lib/python3.10/site-packages/airflow/example_dags/example_setup_teardown.py
[2025-11-13T23:44:45.503+0530] {processor.py:830} INFO - Processing file /home/logi/txtai/venv/lib/python3.10/site-packages/airflow/example_dags/example_setup_teardown.py for tasks to queue
[2025-11-13T23:44:45.511+0530] {logging_mixin.py:188} INFO - [2025-11-13T23:44:45.510+0530] {dagbag.py:545} INFO - Filling up the DagBag from /home/logi/txtai/venv/lib/python3.10/site-packages/airflow/example_dags/example_setup_teardown.py
[2025-11-13T23:44:45.535+0530] {processor.py:840} INFO - DAG(s) 'example_setup_teardown' retrieved from /home/logi/txtai/venv/lib/python3.10/site-packages/airflow/example_dags/example_setup_teardown.py
[2025-11-13T23:44:45.640+0530] {logging_mixin.py:188} INFO - [2025-11-13T23:44:45.639+0530] {dag.py:3089} INFO - Sync 1 DAGs
[2025-11-13T23:44:45.710+0530] {logging_mixin.py:188} INFO - [2025-11-13T23:44:45.709+0530] {dag.py:3947} INFO - Setting next_dagrun for example_setup_teardown to 2025-11-12 00:00:00+00:00, run_after=2025-11-13 00:00:00+00:00
[2025-11-13T23:44:45.780+0530] {processor.py:183} INFO - Processing /home/logi/txtai/venv/lib/python3.10/site-packages/airflow/example_dags/example_setup_teardown.py took 0.310 seconds
[2025-11-13T23:45:17.282+0530] {processor.py:161} INFO - Started process (PID=23551) to work on /home/logi/txtai/venv/lib/python3.10/site-packages/airflow/example_dags/example_setup_teardown.py
[2025-11-13T23:45:17.285+0530] {processor.py:830} INFO - Processing file /home/logi/txtai/venv/lib/python3.10/site-packages/airflow/example_dags/example_setup_teardown.py for tasks to queue
[2025-11-13T23:45:17.291+0530] {logging_mixin.py:188} INFO - [2025-11-13T23:45:17.291+0530] {dagbag.py:545} INFO - Filling up the DagBag from /home/logi/txtai/venv/lib/python3.10/site-packages/airflow/example_dags/example_setup_teardown.py
[2025-11-13T23:45:17.310+0530] {processor.py:840} INFO - DAG(s) 'example_setup_teardown' retrieved from /home/logi/txtai/venv/lib/python3.10/site-packages/airflow/example_dags/example_setup_teardown.py
[2025-11-13T23:45:17.410+0530] {logging_mixin.py:188} INFO - [2025-11-13T23:45:17.409+0530] {dag.py:3089} INFO - Sync 1 DAGs
[2025-11-13T23:45:17.457+0530] {logging_mixin.py:188} INFO - [2025-11-13T23:45:17.457+0530] {dag.py:3947} INFO - Setting next_dagrun for example_setup_teardown to 2025-11-12 00:00:00+00:00, run_after=2025-11-13 00:00:00+00:00
[2025-11-13T23:45:17.491+0530] {processor.py:183} INFO - Processing /home/logi/txtai/venv/lib/python3.10/site-packages/airflow/example_dags/example_setup_teardown.py took 0.231 seconds
[2025-11-13T23:45:47.985+0530] {processor.py:161} INFO - Started process (PID=23908) to work on /home/logi/txtai/venv/lib/python3.10/site-packages/airflow/example_dags/example_setup_teardown.py
[2025-11-13T23:45:47.986+0530] {processor.py:830} INFO - Processing file /home/logi/txtai/venv/lib/python3.10/site-packages/airflow/example_dags/example_setup_teardown.py for tasks to queue
[2025-11-13T23:45:47.990+0530] {logging_mixin.py:188} INFO - [2025-11-13T23:45:47.989+0530] {dagbag.py:545} INFO - Filling up the DagBag from /home/logi/txtai/venv/lib/python3.10/site-packages/airflow/example_dags/example_setup_teardown.py
[2025-11-13T23:45:48.002+0530] {processor.py:840} INFO - DAG(s) 'example_setup_teardown' retrieved from /home/logi/txtai/venv/lib/python3.10/site-packages/airflow/example_dags/example_setup_teardown.py
[2025-11-13T23:45:48.052+0530] {logging_mixin.py:188} INFO - [2025-11-13T23:45:48.051+0530] {dag.py:3089} INFO - Sync 1 DAGs
[2025-11-13T23:45:48.092+0530] {logging_mixin.py:188} INFO - [2025-11-13T23:45:48.092+0530] {dag.py:3947} INFO - Setting next_dagrun for example_setup_teardown to 2025-11-12 00:00:00+00:00, run_after=2025-11-13 00:00:00+00:00
[2025-11-13T23:45:48.126+0530] {processor.py:183} INFO - Processing /home/logi/txtai/venv/lib/python3.10/site-packages/airflow/example_dags/example_setup_teardown.py took 0.154 seconds
[2025-11-13T23:46:20.921+0530] {processor.py:161} INFO - Started process (PID=24447) to work on /home/logi/txtai/venv/lib/python3.10/site-packages/airflow/example_dags/example_setup_teardown.py
[2025-11-13T23:46:20.937+0530] {processor.py:830} INFO - Processing file /home/logi/txtai/venv/lib/python3.10/site-packages/airflow/example_dags/example_setup_teardown.py for tasks to queue
[2025-11-13T23:46:20.940+0530] {logging_mixin.py:188} INFO - [2025-11-13T23:46:20.940+0530] {dagbag.py:545} INFO - Filling up the DagBag from /home/logi/txtai/venv/lib/python3.10/site-packages/airflow/example_dags/example_setup_teardown.py
[2025-11-13T23:46:20.960+0530] {processor.py:840} INFO - DAG(s) 'example_setup_teardown' retrieved from /home/logi/txtai/venv/lib/python3.10/site-packages/airflow/example_dags/example_setup_teardown.py
[2025-11-13T23:46:21.002+0530] {logging_mixin.py:188} INFO - [2025-11-13T23:46:21.002+0530] {dag.py:3089} INFO - Sync 1 DAGs
[2025-11-13T23:46:21.024+0530] {logging_mixin.py:188} INFO - [2025-11-13T23:46:21.024+0530] {dag.py:3947} INFO - Setting next_dagrun for example_setup_teardown to 2025-11-12 00:00:00+00:00, run_after=2025-11-13 00:00:00+00:00
[2025-11-13T23:46:21.045+0530] {processor.py:183} INFO - Processing /home/logi/txtai/venv/lib/python3.10/site-packages/airflow/example_dags/example_setup_teardown.py took 0.153 seconds
[2025-11-13T23:46:51.911+0530] {processor.py:161} INFO - Started process (PID=24879) to work on /home/logi/txtai/venv/lib/python3.10/site-packages/airflow/example_dags/example_setup_teardown.py
[2025-11-13T23:46:51.912+0530] {processor.py:830} INFO - Processing file /home/logi/txtai/venv/lib/python3.10/site-packages/airflow/example_dags/example_setup_teardown.py for tasks to queue
[2025-11-13T23:46:51.915+0530] {logging_mixin.py:188} INFO - [2025-11-13T23:46:51.914+0530] {dagbag.py:545} INFO - Filling up the DagBag from /home/logi/txtai/venv/lib/python3.10/site-packages/airflow/example_dags/example_setup_teardown.py
[2025-11-13T23:46:51.926+0530] {processor.py:840} INFO - DAG(s) 'example_setup_teardown' retrieved from /home/logi/txtai/venv/lib/python3.10/site-packages/airflow/example_dags/example_setup_teardown.py
[2025-11-13T23:46:51.986+0530] {logging_mixin.py:188} INFO - [2025-11-13T23:46:51.985+0530] {dag.py:3089} INFO - Sync 1 DAGs
[2025-11-13T23:46:52.026+0530] {logging_mixin.py:188} INFO - [2025-11-13T23:46:52.026+0530] {dag.py:3947} INFO - Setting next_dagrun for example_setup_teardown to 2025-11-12 00:00:00+00:00, run_after=2025-11-13 00:00:00+00:00
[2025-11-13T23:46:52.061+0530] {processor.py:183} INFO - Processing /home/logi/txtai/venv/lib/python3.10/site-packages/airflow/example_dags/example_setup_teardown.py took 0.161 seconds
[2025-11-13T23:47:22.318+0530] {processor.py:161} INFO - Started process (PID=25368) to work on /home/logi/txtai/venv/lib/python3.10/site-packages/airflow/example_dags/example_setup_teardown.py
[2025-11-13T23:47:22.319+0530] {processor.py:830} INFO - Processing file /home/logi/txtai/venv/lib/python3.10/site-packages/airflow/example_dags/example_setup_teardown.py for tasks to queue
[2025-11-13T23:47:22.321+0530] {logging_mixin.py:188} INFO - [2025-11-13T23:47:22.321+0530] {dagbag.py:545} INFO - Filling up the DagBag from /home/logi/txtai/venv/lib/python3.10/site-packages/airflow/example_dags/example_setup_teardown.py
[2025-11-13T23:47:22.328+0530] {processor.py:840} INFO - DAG(s) 'example_setup_teardown' retrieved from /home/logi/txtai/venv/lib/python3.10/site-packages/airflow/example_dags/example_setup_teardown.py
[2025-11-13T23:47:22.385+0530] {logging_mixin.py:188} INFO - [2025-11-13T23:47:22.383+0530] {dag.py:3089} INFO - Sync 1 DAGs
[2025-11-13T23:47:22.430+0530] {logging_mixin.py:188} INFO - [2025-11-13T23:47:22.429+0530] {dag.py:3947} INFO - Setting next_dagrun for example_setup_teardown to 2025-11-12 00:00:00+00:00, run_after=2025-11-13 00:00:00+00:00
[2025-11-13T23:47:22.485+0530] {processor.py:183} INFO - Processing /home/logi/txtai/venv/lib/python3.10/site-packages/airflow/example_dags/example_setup_teardown.py took 0.175 seconds
[2025-11-13T23:47:54.783+0530] {processor.py:161} INFO - Started process (PID=25653) to work on /home/logi/txtai/venv/lib/python3.10/site-packages/airflow/example_dags/example_setup_teardown.py
[2025-11-13T23:47:54.784+0530] {processor.py:830} INFO - Processing file /home/logi/txtai/venv/lib/python3.10/site-packages/airflow/example_dags/example_setup_teardown.py for tasks to queue
[2025-11-13T23:47:54.787+0530] {logging_mixin.py:188} INFO - [2025-11-13T23:47:54.787+0530] {dagbag.py:545} INFO - Filling up the DagBag from /home/logi/txtai/venv/lib/python3.10/site-packages/airflow/example_dags/example_setup_teardown.py
[2025-11-13T23:47:54.799+0530] {processor.py:840} INFO - DAG(s) 'example_setup_teardown' retrieved from /home/logi/txtai/venv/lib/python3.10/site-packages/airflow/example_dags/example_setup_teardown.py
[2025-11-13T23:47:54.853+0530] {logging_mixin.py:188} INFO - [2025-11-13T23:47:54.852+0530] {dag.py:3089} INFO - Sync 1 DAGs
[2025-11-13T23:47:54.884+0530] {logging_mixin.py:188} INFO - [2025-11-13T23:47:54.884+0530] {dag.py:3947} INFO - Setting next_dagrun for example_setup_teardown to 2025-11-12 00:00:00+00:00, run_after=2025-11-13 00:00:00+00:00
[2025-11-13T23:47:54.913+0530] {processor.py:183} INFO - Processing /home/logi/txtai/venv/lib/python3.10/site-packages/airflow/example_dags/example_setup_teardown.py took 0.139 seconds
[2025-11-13T23:48:27.433+0530] {processor.py:161} INFO - Started process (PID=26172) to work on /home/logi/txtai/venv/lib/python3.10/site-packages/airflow/example_dags/example_setup_teardown.py
[2025-11-13T23:48:27.436+0530] {processor.py:830} INFO - Processing file /home/logi/txtai/venv/lib/python3.10/site-packages/airflow/example_dags/example_setup_teardown.py for tasks to queue
[2025-11-13T23:48:27.444+0530] {logging_mixin.py:188} INFO - [2025-11-13T23:48:27.442+0530] {dagbag.py:545} INFO - Filling up the DagBag from /home/logi/txtai/venv/lib/python3.10/site-packages/airflow/example_dags/example_setup_teardown.py
[2025-11-13T23:48:27.478+0530] {processor.py:840} INFO - DAG(s) 'example_setup_teardown' retrieved from /home/logi/txtai/venv/lib/python3.10/site-packages/airflow/example_dags/example_setup_teardown.py
[2025-11-13T23:48:27.605+0530] {logging_mixin.py:188} INFO - [2025-11-13T23:48:27.604+0530] {dag.py:3089} INFO - Sync 1 DAGs
[2025-11-13T23:48:27.693+0530] {logging_mixin.py:188} INFO - [2025-11-13T23:48:27.693+0530] {dag.py:3947} INFO - Setting next_dagrun for example_setup_teardown to 2025-11-12 00:00:00+00:00, run_after=2025-11-13 00:00:00+00:00
[2025-11-13T23:48:27.771+0530] {processor.py:183} INFO - Processing /home/logi/txtai/venv/lib/python3.10/site-packages/airflow/example_dags/example_setup_teardown.py took 0.355 seconds
[2025-11-13T23:48:58.092+0530] {processor.py:161} INFO - Started process (PID=26439) to work on /home/logi/txtai/venv/lib/python3.10/site-packages/airflow/example_dags/example_setup_teardown.py
[2025-11-13T23:48:58.094+0530] {processor.py:830} INFO - Processing file /home/logi/txtai/venv/lib/python3.10/site-packages/airflow/example_dags/example_setup_teardown.py for tasks to queue
[2025-11-13T23:48:58.097+0530] {logging_mixin.py:188} INFO - [2025-11-13T23:48:58.096+0530] {dagbag.py:545} INFO - Filling up the DagBag from /home/logi/txtai/venv/lib/python3.10/site-packages/airflow/example_dags/example_setup_teardown.py
[2025-11-13T23:48:58.108+0530] {processor.py:840} INFO - DAG(s) 'example_setup_teardown' retrieved from /home/logi/txtai/venv/lib/python3.10/site-packages/airflow/example_dags/example_setup_teardown.py
[2025-11-13T23:48:58.197+0530] {logging_mixin.py:188} INFO - [2025-11-13T23:48:58.196+0530] {dag.py:3089} INFO - Sync 1 DAGs
[2025-11-13T23:48:58.260+0530] {logging_mixin.py:188} INFO - [2025-11-13T23:48:58.259+0530] {dag.py:3947} INFO - Setting next_dagrun for example_setup_teardown to 2025-11-12 00:00:00+00:00, run_after=2025-11-13 00:00:00+00:00
[2025-11-13T23:48:58.311+0530] {processor.py:183} INFO - Processing /home/logi/txtai/venv/lib/python3.10/site-packages/airflow/example_dags/example_setup_teardown.py took 0.230 seconds
[2025-11-13T23:49:29.391+0530] {processor.py:161} INFO - Started process (PID=26986) to work on /home/logi/txtai/venv/lib/python3.10/site-packages/airflow/example_dags/example_setup_teardown.py
[2025-11-13T23:49:29.393+0530] {processor.py:830} INFO - Processing file /home/logi/txtai/venv/lib/python3.10/site-packages/airflow/example_dags/example_setup_teardown.py for tasks to queue
[2025-11-13T23:49:29.396+0530] {logging_mixin.py:188} INFO - [2025-11-13T23:49:29.395+0530] {dagbag.py:545} INFO - Filling up the DagBag from /home/logi/txtai/venv/lib/python3.10/site-packages/airflow/example_dags/example_setup_teardown.py
[2025-11-13T23:49:29.407+0530] {processor.py:840} INFO - DAG(s) 'example_setup_teardown' retrieved from /home/logi/txtai/venv/lib/python3.10/site-packages/airflow/example_dags/example_setup_teardown.py
[2025-11-13T23:49:29.471+0530] {logging_mixin.py:188} INFO - [2025-11-13T23:49:29.470+0530] {dag.py:3089} INFO - Sync 1 DAGs
[2025-11-13T23:49:29.511+0530] {logging_mixin.py:188} INFO - [2025-11-13T23:49:29.511+0530] {dag.py:3947} INFO - Setting next_dagrun for example_setup_teardown to 2025-11-12 00:00:00+00:00, run_after=2025-11-13 00:00:00+00:00
[2025-11-13T23:49:29.547+0530] {processor.py:183} INFO - Processing /home/logi/txtai/venv/lib/python3.10/site-packages/airflow/example_dags/example_setup_teardown.py took 0.166 seconds
[2025-11-13T23:49:59.980+0530] {processor.py:161} INFO - Started process (PID=27223) to work on /home/logi/txtai/venv/lib/python3.10/site-packages/airflow/example_dags/example_setup_teardown.py
[2025-11-13T23:49:59.984+0530] {processor.py:830} INFO - Processing file /home/logi/txtai/venv/lib/python3.10/site-packages/airflow/example_dags/example_setup_teardown.py for tasks to queue
[2025-11-13T23:49:59.992+0530] {logging_mixin.py:188} INFO - [2025-11-13T23:49:59.991+0530] {dagbag.py:545} INFO - Filling up the DagBag from /home/logi/txtai/venv/lib/python3.10/site-packages/airflow/example_dags/example_setup_teardown.py
[2025-11-13T23:50:00.018+0530] {processor.py:840} INFO - DAG(s) 'example_setup_teardown' retrieved from /home/logi/txtai/venv/lib/python3.10/site-packages/airflow/example_dags/example_setup_teardown.py
[2025-11-13T23:50:00.078+0530] {logging_mixin.py:188} INFO - [2025-11-13T23:50:00.077+0530] {dag.py:3089} INFO - Sync 1 DAGs
[2025-11-13T23:50:00.105+0530] {logging_mixin.py:188} INFO - [2025-11-13T23:50:00.105+0530] {dag.py:3947} INFO - Setting next_dagrun for example_setup_teardown to 2025-11-12 00:00:00+00:00, run_after=2025-11-13 00:00:00+00:00
[2025-11-13T23:50:00.127+0530] {processor.py:183} INFO - Processing /home/logi/txtai/venv/lib/python3.10/site-packages/airflow/example_dags/example_setup_teardown.py took 0.174 seconds
[2025-11-13T23:50:30.447+0530] {processor.py:161} INFO - Started process (PID=27860) to work on /home/logi/txtai/venv/lib/python3.10/site-packages/airflow/example_dags/example_setup_teardown.py
[2025-11-13T23:50:30.449+0530] {processor.py:830} INFO - Processing file /home/logi/txtai/venv/lib/python3.10/site-packages/airflow/example_dags/example_setup_teardown.py for tasks to queue
[2025-11-13T23:50:30.453+0530] {logging_mixin.py:188} INFO - [2025-11-13T23:50:30.452+0530] {dagbag.py:545} INFO - Filling up the DagBag from /home/logi/txtai/venv/lib/python3.10/site-packages/airflow/example_dags/example_setup_teardown.py
[2025-11-13T23:50:30.472+0530] {processor.py:840} INFO - DAG(s) 'example_setup_teardown' retrieved from /home/logi/txtai/venv/lib/python3.10/site-packages/airflow/example_dags/example_setup_teardown.py
[2025-11-13T23:50:30.537+0530] {logging_mixin.py:188} INFO - [2025-11-13T23:50:30.536+0530] {dag.py:3089} INFO - Sync 1 DAGs
[2025-11-13T23:50:30.579+0530] {logging_mixin.py:188} INFO - [2025-11-13T23:50:30.579+0530] {dag.py:3947} INFO - Setting next_dagrun for example_setup_teardown to 2025-11-12 00:00:00+00:00, run_after=2025-11-13 00:00:00+00:00
[2025-11-13T23:50:30.609+0530] {processor.py:183} INFO - Processing /home/logi/txtai/venv/lib/python3.10/site-packages/airflow/example_dags/example_setup_teardown.py took 0.174 seconds
[2025-11-13T23:51:01.705+0530] {processor.py:161} INFO - Started process (PID=28417) to work on /home/logi/txtai/venv/lib/python3.10/site-packages/airflow/example_dags/example_setup_teardown.py
[2025-11-13T23:51:01.706+0530] {processor.py:830} INFO - Processing file /home/logi/txtai/venv/lib/python3.10/site-packages/airflow/example_dags/example_setup_teardown.py for tasks to queue
[2025-11-13T23:51:01.709+0530] {logging_mixin.py:188} INFO - [2025-11-13T23:51:01.708+0530] {dagbag.py:545} INFO - Filling up the DagBag from /home/logi/txtai/venv/lib/python3.10/site-packages/airflow/example_dags/example_setup_teardown.py
[2025-11-13T23:51:01.716+0530] {processor.py:840} INFO - DAG(s) 'example_setup_teardown' retrieved from /home/logi/txtai/venv/lib/python3.10/site-packages/airflow/example_dags/example_setup_teardown.py
[2025-11-13T23:51:01.751+0530] {logging_mixin.py:188} INFO - [2025-11-13T23:51:01.751+0530] {dag.py:3089} INFO - Sync 1 DAGs
[2025-11-13T23:51:01.773+0530] {logging_mixin.py:188} INFO - [2025-11-13T23:51:01.773+0530] {dag.py:3947} INFO - Setting next_dagrun for example_setup_teardown to 2025-11-12 00:00:00+00:00, run_after=2025-11-13 00:00:00+00:00
[2025-11-13T23:51:01.797+0530] {processor.py:183} INFO - Processing /home/logi/txtai/venv/lib/python3.10/site-packages/airflow/example_dags/example_setup_teardown.py took 0.099 seconds
[2025-11-13T23:51:32.945+0530] {processor.py:161} INFO - Started process (PID=28832) to work on /home/logi/txtai/venv/lib/python3.10/site-packages/airflow/example_dags/example_setup_teardown.py
[2025-11-13T23:51:32.946+0530] {processor.py:830} INFO - Processing file /home/logi/txtai/venv/lib/python3.10/site-packages/airflow/example_dags/example_setup_teardown.py for tasks to queue
[2025-11-13T23:51:32.948+0530] {logging_mixin.py:188} INFO - [2025-11-13T23:51:32.948+0530] {dagbag.py:545} INFO - Filling up the DagBag from /home/logi/txtai/venv/lib/python3.10/site-packages/airflow/example_dags/example_setup_teardown.py
[2025-11-13T23:51:32.956+0530] {processor.py:840} INFO - DAG(s) 'example_setup_teardown' retrieved from /home/logi/txtai/venv/lib/python3.10/site-packages/airflow/example_dags/example_setup_teardown.py
[2025-11-13T23:51:32.985+0530] {logging_mixin.py:188} INFO - [2025-11-13T23:51:32.985+0530] {dag.py:3089} INFO - Sync 1 DAGs
[2025-11-13T23:51:33.004+0530] {logging_mixin.py:188} INFO - [2025-11-13T23:51:33.004+0530] {dag.py:3947} INFO - Setting next_dagrun for example_setup_teardown to 2025-11-12 00:00:00+00:00, run_after=2025-11-13 00:00:00+00:00
[2025-11-13T23:51:33.022+0530] {processor.py:183} INFO - Processing /home/logi/txtai/venv/lib/python3.10/site-packages/airflow/example_dags/example_setup_teardown.py took 0.085 seconds
[2025-11-13T23:52:06.289+0530] {processor.py:161} INFO - Started process (PID=29396) to work on /home/logi/txtai/venv/lib/python3.10/site-packages/airflow/example_dags/example_setup_teardown.py
[2025-11-13T23:52:06.290+0530] {processor.py:830} INFO - Processing file /home/logi/txtai/venv/lib/python3.10/site-packages/airflow/example_dags/example_setup_teardown.py for tasks to queue
[2025-11-13T23:52:06.293+0530] {logging_mixin.py:188} INFO - [2025-11-13T23:52:06.292+0530] {dagbag.py:545} INFO - Filling up the DagBag from /home/logi/txtai/venv/lib/python3.10/site-packages/airflow/example_dags/example_setup_teardown.py
[2025-11-13T23:52:06.308+0530] {processor.py:840} INFO - DAG(s) 'example_setup_teardown' retrieved from /home/logi/txtai/venv/lib/python3.10/site-packages/airflow/example_dags/example_setup_teardown.py
[2025-11-13T23:52:06.393+0530] {logging_mixin.py:188} INFO - [2025-11-13T23:52:06.392+0530] {dag.py:3089} INFO - Sync 1 DAGs
[2025-11-13T23:52:06.441+0530] {logging_mixin.py:188} INFO - [2025-11-13T23:52:06.440+0530] {dag.py:3947} INFO - Setting next_dagrun for example_setup_teardown to 2025-11-12 00:00:00+00:00, run_after=2025-11-13 00:00:00+00:00
[2025-11-13T23:52:06.505+0530] {processor.py:183} INFO - Processing /home/logi/txtai/venv/lib/python3.10/site-packages/airflow/example_dags/example_setup_teardown.py took 0.223 seconds
[2025-11-13T23:52:36.885+0530] {processor.py:161} INFO - Started process (PID=29905) to work on /home/logi/txtai/venv/lib/python3.10/site-packages/airflow/example_dags/example_setup_teardown.py
[2025-11-13T23:52:36.887+0530] {processor.py:830} INFO - Processing file /home/logi/txtai/venv/lib/python3.10/site-packages/airflow/example_dags/example_setup_teardown.py for tasks to queue
[2025-11-13T23:52:36.890+0530] {logging_mixin.py:188} INFO - [2025-11-13T23:52:36.889+0530] {dagbag.py:545} INFO - Filling up the DagBag from /home/logi/txtai/venv/lib/python3.10/site-packages/airflow/example_dags/example_setup_teardown.py
[2025-11-13T23:52:36.900+0530] {processor.py:840} INFO - DAG(s) 'example_setup_teardown' retrieved from /home/logi/txtai/venv/lib/python3.10/site-packages/airflow/example_dags/example_setup_teardown.py
[2025-11-13T23:52:36.954+0530] {logging_mixin.py:188} INFO - [2025-11-13T23:52:36.954+0530] {dag.py:3089} INFO - Sync 1 DAGs
[2025-11-13T23:52:36.992+0530] {logging_mixin.py:188} INFO - [2025-11-13T23:52:36.991+0530] {dag.py:3947} INFO - Setting next_dagrun for example_setup_teardown to 2025-11-12 00:00:00+00:00, run_after=2025-11-13 00:00:00+00:00
[2025-11-13T23:52:37.021+0530] {processor.py:183} INFO - Processing /home/logi/txtai/venv/lib/python3.10/site-packages/airflow/example_dags/example_setup_teardown.py took 0.146 seconds
[2025-11-13T23:53:09.105+0530] {processor.py:161} INFO - Started process (PID=30216) to work on /home/logi/txtai/venv/lib/python3.10/site-packages/airflow/example_dags/example_setup_teardown.py
[2025-11-13T23:53:09.112+0530] {processor.py:830} INFO - Processing file /home/logi/txtai/venv/lib/python3.10/site-packages/airflow/example_dags/example_setup_teardown.py for tasks to queue
[2025-11-13T23:53:09.123+0530] {logging_mixin.py:188} INFO - [2025-11-13T23:53:09.121+0530] {dagbag.py:545} INFO - Filling up the DagBag from /home/logi/txtai/venv/lib/python3.10/site-packages/airflow/example_dags/example_setup_teardown.py
[2025-11-13T23:53:09.150+0530] {processor.py:840} INFO - DAG(s) 'example_setup_teardown' retrieved from /home/logi/txtai/venv/lib/python3.10/site-packages/airflow/example_dags/example_setup_teardown.py
[2025-11-13T23:53:09.242+0530] {logging_mixin.py:188} INFO - [2025-11-13T23:53:09.241+0530] {dag.py:3089} INFO - Sync 1 DAGs
[2025-11-13T23:53:09.314+0530] {logging_mixin.py:188} INFO - [2025-11-13T23:53:09.314+0530] {dag.py:3947} INFO - Setting next_dagrun for example_setup_teardown to 2025-11-12 00:00:00+00:00, run_after=2025-11-13 00:00:00+00:00
[2025-11-13T23:53:09.380+0530] {processor.py:183} INFO - Processing /home/logi/txtai/venv/lib/python3.10/site-packages/airflow/example_dags/example_setup_teardown.py took 0.311 seconds
[2025-11-13T23:53:39.458+0530] {processor.py:161} INFO - Started process (PID=30558) to work on /home/logi/txtai/venv/lib/python3.10/site-packages/airflow/example_dags/example_setup_teardown.py
[2025-11-13T23:53:39.460+0530] {processor.py:830} INFO - Processing file /home/logi/txtai/venv/lib/python3.10/site-packages/airflow/example_dags/example_setup_teardown.py for tasks to queue
[2025-11-13T23:53:39.463+0530] {logging_mixin.py:188} INFO - [2025-11-13T23:53:39.462+0530] {dagbag.py:545} INFO - Filling up the DagBag from /home/logi/txtai/venv/lib/python3.10/site-packages/airflow/example_dags/example_setup_teardown.py
[2025-11-13T23:53:39.473+0530] {processor.py:840} INFO - DAG(s) 'example_setup_teardown' retrieved from /home/logi/txtai/venv/lib/python3.10/site-packages/airflow/example_dags/example_setup_teardown.py
[2025-11-13T23:53:39.525+0530] {logging_mixin.py:188} INFO - [2025-11-13T23:53:39.524+0530] {dag.py:3089} INFO - Sync 1 DAGs
[2025-11-13T23:53:39.575+0530] {logging_mixin.py:188} INFO - [2025-11-13T23:53:39.574+0530] {dag.py:3947} INFO - Setting next_dagrun for example_setup_teardown to 2025-11-12 00:00:00+00:00, run_after=2025-11-13 00:00:00+00:00
[2025-11-13T23:53:39.629+0530] {processor.py:183} INFO - Processing /home/logi/txtai/venv/lib/python3.10/site-packages/airflow/example_dags/example_setup_teardown.py took 0.181 seconds
[2025-11-13T23:54:10.974+0530] {processor.py:161} INFO - Started process (PID=30842) to work on /home/logi/txtai/venv/lib/python3.10/site-packages/airflow/example_dags/example_setup_teardown.py
[2025-11-13T23:54:10.976+0530] {processor.py:830} INFO - Processing file /home/logi/txtai/venv/lib/python3.10/site-packages/airflow/example_dags/example_setup_teardown.py for tasks to queue
[2025-11-13T23:54:10.978+0530] {logging_mixin.py:188} INFO - [2025-11-13T23:54:10.978+0530] {dagbag.py:545} INFO - Filling up the DagBag from /home/logi/txtai/venv/lib/python3.10/site-packages/airflow/example_dags/example_setup_teardown.py
[2025-11-13T23:54:10.989+0530] {processor.py:840} INFO - DAG(s) 'example_setup_teardown' retrieved from /home/logi/txtai/venv/lib/python3.10/site-packages/airflow/example_dags/example_setup_teardown.py
[2025-11-13T23:54:11.024+0530] {logging_mixin.py:188} INFO - [2025-11-13T23:54:11.024+0530] {dag.py:3089} INFO - Sync 1 DAGs
[2025-11-13T23:54:11.046+0530] {logging_mixin.py:188} INFO - [2025-11-13T23:54:11.046+0530] {dag.py:3947} INFO - Setting next_dagrun for example_setup_teardown to 2025-11-12 00:00:00+00:00, run_after=2025-11-13 00:00:00+00:00
[2025-11-13T23:54:11.070+0530] {processor.py:183} INFO - Processing /home/logi/txtai/venv/lib/python3.10/site-packages/airflow/example_dags/example_setup_teardown.py took 0.107 seconds
[2025-11-13T23:54:41.239+0530] {processor.py:161} INFO - Started process (PID=31411) to work on /home/logi/txtai/venv/lib/python3.10/site-packages/airflow/example_dags/example_setup_teardown.py
[2025-11-13T23:54:41.240+0530] {processor.py:830} INFO - Processing file /home/logi/txtai/venv/lib/python3.10/site-packages/airflow/example_dags/example_setup_teardown.py for tasks to queue
[2025-11-13T23:54:41.243+0530] {logging_mixin.py:188} INFO - [2025-11-13T23:54:41.242+0530] {dagbag.py:545} INFO - Filling up the DagBag from /home/logi/txtai/venv/lib/python3.10/site-packages/airflow/example_dags/example_setup_teardown.py
[2025-11-13T23:54:41.251+0530] {processor.py:840} INFO - DAG(s) 'example_setup_teardown' retrieved from /home/logi/txtai/venv/lib/python3.10/site-packages/airflow/example_dags/example_setup_teardown.py
[2025-11-13T23:54:41.287+0530] {logging_mixin.py:188} INFO - [2025-11-13T23:54:41.286+0530] {dag.py:3089} INFO - Sync 1 DAGs
[2025-11-13T23:54:41.310+0530] {logging_mixin.py:188} INFO - [2025-11-13T23:54:41.310+0530] {dag.py:3947} INFO - Setting next_dagrun for example_setup_teardown to 2025-11-12 00:00:00+00:00, run_after=2025-11-13 00:00:00+00:00
[2025-11-13T23:54:41.334+0530] {processor.py:183} INFO - Processing /home/logi/txtai/venv/lib/python3.10/site-packages/airflow/example_dags/example_setup_teardown.py took 0.103 seconds
[2025-11-13T23:55:12.205+0530] {processor.py:161} INFO - Started process (PID=31988) to work on /home/logi/txtai/venv/lib/python3.10/site-packages/airflow/example_dags/example_setup_teardown.py
[2025-11-13T23:55:12.206+0530] {processor.py:830} INFO - Processing file /home/logi/txtai/venv/lib/python3.10/site-packages/airflow/example_dags/example_setup_teardown.py for tasks to queue
[2025-11-13T23:55:12.209+0530] {logging_mixin.py:188} INFO - [2025-11-13T23:55:12.208+0530] {dagbag.py:545} INFO - Filling up the DagBag from /home/logi/txtai/venv/lib/python3.10/site-packages/airflow/example_dags/example_setup_teardown.py
[2025-11-13T23:55:12.219+0530] {processor.py:840} INFO - DAG(s) 'example_setup_teardown' retrieved from /home/logi/txtai/venv/lib/python3.10/site-packages/airflow/example_dags/example_setup_teardown.py
[2025-11-13T23:55:12.283+0530] {logging_mixin.py:188} INFO - [2025-11-13T23:55:12.282+0530] {dag.py:3089} INFO - Sync 1 DAGs
[2025-11-13T23:55:12.332+0530] {logging_mixin.py:188} INFO - [2025-11-13T23:55:12.332+0530] {dag.py:3947} INFO - Setting next_dagrun for example_setup_teardown to 2025-11-12 00:00:00+00:00, run_after=2025-11-13 00:00:00+00:00
[2025-11-13T23:55:12.371+0530] {processor.py:183} INFO - Processing /home/logi/txtai/venv/lib/python3.10/site-packages/airflow/example_dags/example_setup_teardown.py took 0.179 seconds
[2025-11-13T23:55:43.166+0530] {processor.py:161} INFO - Started process (PID=32755) to work on /home/logi/txtai/venv/lib/python3.10/site-packages/airflow/example_dags/example_setup_teardown.py
[2025-11-13T23:55:43.168+0530] {processor.py:830} INFO - Processing file /home/logi/txtai/venv/lib/python3.10/site-packages/airflow/example_dags/example_setup_teardown.py for tasks to queue
[2025-11-13T23:55:43.170+0530] {logging_mixin.py:188} INFO - [2025-11-13T23:55:43.169+0530] {dagbag.py:545} INFO - Filling up the DagBag from /home/logi/txtai/venv/lib/python3.10/site-packages/airflow/example_dags/example_setup_teardown.py
[2025-11-13T23:55:43.177+0530] {processor.py:840} INFO - DAG(s) 'example_setup_teardown' retrieved from /home/logi/txtai/venv/lib/python3.10/site-packages/airflow/example_dags/example_setup_teardown.py
[2025-11-13T23:55:43.207+0530] {logging_mixin.py:188} INFO - [2025-11-13T23:55:43.207+0530] {dag.py:3089} INFO - Sync 1 DAGs
[2025-11-13T23:55:43.232+0530] {logging_mixin.py:188} INFO - [2025-11-13T23:55:43.232+0530] {dag.py:3947} INFO - Setting next_dagrun for example_setup_teardown to 2025-11-12 00:00:00+00:00, run_after=2025-11-13 00:00:00+00:00
[2025-11-13T23:55:43.256+0530] {processor.py:183} INFO - Processing /home/logi/txtai/venv/lib/python3.10/site-packages/airflow/example_dags/example_setup_teardown.py took 0.097 seconds
[2025-11-13T23:56:14.873+0530] {processor.py:161} INFO - Started process (PID=33510) to work on /home/logi/txtai/venv/lib/python3.10/site-packages/airflow/example_dags/example_setup_teardown.py
[2025-11-13T23:56:14.875+0530] {processor.py:830} INFO - Processing file /home/logi/txtai/venv/lib/python3.10/site-packages/airflow/example_dags/example_setup_teardown.py for tasks to queue
[2025-11-13T23:56:14.876+0530] {logging_mixin.py:188} INFO - [2025-11-13T23:56:14.876+0530] {dagbag.py:545} INFO - Filling up the DagBag from /home/logi/txtai/venv/lib/python3.10/site-packages/airflow/example_dags/example_setup_teardown.py
[2025-11-13T23:56:14.888+0530] {processor.py:840} INFO - DAG(s) 'example_setup_teardown' retrieved from /home/logi/txtai/venv/lib/python3.10/site-packages/airflow/example_dags/example_setup_teardown.py
[2025-11-13T23:56:14.938+0530] {logging_mixin.py:188} INFO - [2025-11-13T23:56:14.937+0530] {dag.py:3089} INFO - Sync 1 DAGs
[2025-11-13T23:56:14.974+0530] {logging_mixin.py:188} INFO - [2025-11-13T23:56:14.973+0530] {dag.py:3947} INFO - Setting next_dagrun for example_setup_teardown to 2025-11-12 00:00:00+00:00, run_after=2025-11-13 00:00:00+00:00
[2025-11-13T23:56:15.011+0530] {processor.py:183} INFO - Processing /home/logi/txtai/venv/lib/python3.10/site-packages/airflow/example_dags/example_setup_teardown.py took 0.159 seconds
[2025-11-13T23:56:45.484+0530] {processor.py:161} INFO - Started process (PID=34243) to work on /home/logi/txtai/venv/lib/python3.10/site-packages/airflow/example_dags/example_setup_teardown.py
[2025-11-13T23:56:45.488+0530] {processor.py:830} INFO - Processing file /home/logi/txtai/venv/lib/python3.10/site-packages/airflow/example_dags/example_setup_teardown.py for tasks to queue
[2025-11-13T23:56:45.489+0530] {logging_mixin.py:188} INFO - [2025-11-13T23:56:45.489+0530] {dagbag.py:545} INFO - Filling up the DagBag from /home/logi/txtai/venv/lib/python3.10/site-packages/airflow/example_dags/example_setup_teardown.py
[2025-11-13T23:56:45.512+0530] {processor.py:840} INFO - DAG(s) 'example_setup_teardown' retrieved from /home/logi/txtai/venv/lib/python3.10/site-packages/airflow/example_dags/example_setup_teardown.py
[2025-11-13T23:56:45.592+0530] {logging_mixin.py:188} INFO - [2025-11-13T23:56:45.592+0530] {dag.py:3089} INFO - Sync 1 DAGs
[2025-11-13T23:56:45.633+0530] {logging_mixin.py:188} INFO - [2025-11-13T23:56:45.633+0530] {dag.py:3947} INFO - Setting next_dagrun for example_setup_teardown to 2025-11-12 00:00:00+00:00, run_after=2025-11-13 00:00:00+00:00
[2025-11-13T23:56:45.683+0530] {processor.py:183} INFO - Processing /home/logi/txtai/venv/lib/python3.10/site-packages/airflow/example_dags/example_setup_teardown.py took 0.223 seconds
[2025-11-13T23:57:16.228+0530] {processor.py:161} INFO - Started process (PID=34998) to work on /home/logi/txtai/venv/lib/python3.10/site-packages/airflow/example_dags/example_setup_teardown.py
[2025-11-13T23:57:16.229+0530] {processor.py:830} INFO - Processing file /home/logi/txtai/venv/lib/python3.10/site-packages/airflow/example_dags/example_setup_teardown.py for tasks to queue
[2025-11-13T23:57:16.230+0530] {logging_mixin.py:188} INFO - [2025-11-13T23:57:16.230+0530] {dagbag.py:545} INFO - Filling up the DagBag from /home/logi/txtai/venv/lib/python3.10/site-packages/airflow/example_dags/example_setup_teardown.py
[2025-11-13T23:57:16.239+0530] {processor.py:840} INFO - DAG(s) 'example_setup_teardown' retrieved from /home/logi/txtai/venv/lib/python3.10/site-packages/airflow/example_dags/example_setup_teardown.py
[2025-11-13T23:57:16.273+0530] {logging_mixin.py:188} INFO - [2025-11-13T23:57:16.272+0530] {dag.py:3089} INFO - Sync 1 DAGs
[2025-11-13T23:57:16.302+0530] {logging_mixin.py:188} INFO - [2025-11-13T23:57:16.302+0530] {dag.py:3947} INFO - Setting next_dagrun for example_setup_teardown to 2025-11-12 00:00:00+00:00, run_after=2025-11-13 00:00:00+00:00
[2025-11-13T23:57:16.325+0530] {processor.py:183} INFO - Processing /home/logi/txtai/venv/lib/python3.10/site-packages/airflow/example_dags/example_setup_teardown.py took 0.104 seconds
[2025-11-13T23:57:47.551+0530] {processor.py:161} INFO - Started process (PID=35750) to work on /home/logi/txtai/venv/lib/python3.10/site-packages/airflow/example_dags/example_setup_teardown.py
[2025-11-13T23:57:47.553+0530] {processor.py:830} INFO - Processing file /home/logi/txtai/venv/lib/python3.10/site-packages/airflow/example_dags/example_setup_teardown.py for tasks to queue
[2025-11-13T23:57:47.554+0530] {logging_mixin.py:188} INFO - [2025-11-13T23:57:47.554+0530] {dagbag.py:545} INFO - Filling up the DagBag from /home/logi/txtai/venv/lib/python3.10/site-packages/airflow/example_dags/example_setup_teardown.py
[2025-11-13T23:57:47.568+0530] {processor.py:840} INFO - DAG(s) 'example_setup_teardown' retrieved from /home/logi/txtai/venv/lib/python3.10/site-packages/airflow/example_dags/example_setup_teardown.py
[2025-11-13T23:57:47.619+0530] {logging_mixin.py:188} INFO - [2025-11-13T23:57:47.619+0530] {dag.py:3089} INFO - Sync 1 DAGs
[2025-11-13T23:57:47.654+0530] {logging_mixin.py:188} INFO - [2025-11-13T23:57:47.654+0530] {dag.py:3947} INFO - Setting next_dagrun for example_setup_teardown to 2025-11-12 00:00:00+00:00, run_after=2025-11-13 00:00:00+00:00
[2025-11-13T23:57:47.684+0530] {processor.py:183} INFO - Processing /home/logi/txtai/venv/lib/python3.10/site-packages/airflow/example_dags/example_setup_teardown.py took 0.145 seconds
[2025-11-13T23:58:18.714+0530] {processor.py:161} INFO - Started process (PID=36596) to work on /home/logi/txtai/venv/lib/python3.10/site-packages/airflow/example_dags/example_setup_teardown.py
[2025-11-13T23:58:18.717+0530] {processor.py:830} INFO - Processing file /home/logi/txtai/venv/lib/python3.10/site-packages/airflow/example_dags/example_setup_teardown.py for tasks to queue
[2025-11-13T23:58:18.720+0530] {logging_mixin.py:188} INFO - [2025-11-13T23:58:18.719+0530] {dagbag.py:545} INFO - Filling up the DagBag from /home/logi/txtai/venv/lib/python3.10/site-packages/airflow/example_dags/example_setup_teardown.py
[2025-11-13T23:58:18.745+0530] {processor.py:840} INFO - DAG(s) 'example_setup_teardown' retrieved from /home/logi/txtai/venv/lib/python3.10/site-packages/airflow/example_dags/example_setup_teardown.py
[2025-11-13T23:58:18.827+0530] {logging_mixin.py:188} INFO - [2025-11-13T23:58:18.826+0530] {dag.py:3089} INFO - Sync 1 DAGs
[2025-11-13T23:58:18.879+0530] {logging_mixin.py:188} INFO - [2025-11-13T23:58:18.879+0530] {dag.py:3947} INFO - Setting next_dagrun for example_setup_teardown to 2025-11-12 00:00:00+00:00, run_after=2025-11-13 00:00:00+00:00
[2025-11-13T23:58:18.936+0530] {processor.py:183} INFO - Processing /home/logi/txtai/venv/lib/python3.10/site-packages/airflow/example_dags/example_setup_teardown.py took 0.246 seconds
[2025-11-13T23:58:49.953+0530] {processor.py:161} INFO - Started process (PID=37405) to work on /home/logi/txtai/venv/lib/python3.10/site-packages/airflow/example_dags/example_setup_teardown.py
[2025-11-13T23:58:49.969+0530] {processor.py:830} INFO - Processing file /home/logi/txtai/venv/lib/python3.10/site-packages/airflow/example_dags/example_setup_teardown.py for tasks to queue
[2025-11-13T23:58:49.972+0530] {logging_mixin.py:188} INFO - [2025-11-13T23:58:49.971+0530] {dagbag.py:545} INFO - Filling up the DagBag from /home/logi/txtai/venv/lib/python3.10/site-packages/airflow/example_dags/example_setup_teardown.py
[2025-11-13T23:58:50.003+0530] {processor.py:840} INFO - DAG(s) 'example_setup_teardown' retrieved from /home/logi/txtai/venv/lib/python3.10/site-packages/airflow/example_dags/example_setup_teardown.py
[2025-11-13T23:58:50.099+0530] {logging_mixin.py:188} INFO - [2025-11-13T23:58:50.098+0530] {dag.py:3089} INFO - Sync 1 DAGs
[2025-11-13T23:58:50.168+0530] {logging_mixin.py:188} INFO - [2025-11-13T23:58:50.166+0530] {dag.py:3947} INFO - Setting next_dagrun for example_setup_teardown to 2025-11-12 00:00:00+00:00, run_after=2025-11-13 00:00:00+00:00
[2025-11-13T23:58:50.265+0530] {processor.py:183} INFO - Processing /home/logi/txtai/venv/lib/python3.10/site-packages/airflow/example_dags/example_setup_teardown.py took 0.344 seconds
