[2025-11-14T10:48:43.358+0530] {processor.py:161} INFO - Started process (PID=5869) to work on /home/logi/txtai/etl_pipeline/dags/dag.py
[2025-11-14T10:48:43.360+0530] {processor.py:830} INFO - Processing file /home/logi/txtai/etl_pipeline/dags/dag.py for tasks to queue
[2025-11-14T10:48:43.362+0530] {logging_mixin.py:188} INFO - [2025-11-14T10:48:43.362+0530] {dagbag.py:545} INFO - Filling up the DagBag from /home/logi/txtai/etl_pipeline/dags/dag.py
[2025-11-14T10:48:44.302+0530] {processor.py:840} INFO - DAG(s) 'structured_data_pipeline' retrieved from /home/logi/txtai/etl_pipeline/dags/dag.py
[2025-11-14T10:48:44.347+0530] {logging_mixin.py:188} INFO - [2025-11-14T10:48:44.346+0530] {dag.py:3089} INFO - Sync 1 DAGs
[2025-11-14T10:48:44.399+0530] {processor.py:183} INFO - Processing /home/logi/txtai/etl_pipeline/dags/dag.py took 1.049 seconds
[2025-11-14T10:49:14.850+0530] {processor.py:161} INFO - Started process (PID=6490) to work on /home/logi/txtai/etl_pipeline/dags/dag.py
[2025-11-14T10:49:14.866+0530] {processor.py:830} INFO - Processing file /home/logi/txtai/etl_pipeline/dags/dag.py for tasks to queue
[2025-11-14T10:49:14.875+0530] {logging_mixin.py:188} INFO - [2025-11-14T10:49:14.873+0530] {dagbag.py:545} INFO - Filling up the DagBag from /home/logi/txtai/etl_pipeline/dags/dag.py
[2025-11-14T10:49:16.643+0530] {processor.py:840} INFO - DAG(s) 'structured_data_pipeline' retrieved from /home/logi/txtai/etl_pipeline/dags/dag.py
[2025-11-14T10:49:16.696+0530] {logging_mixin.py:188} INFO - [2025-11-14T10:49:16.694+0530] {dag.py:3089} INFO - Sync 1 DAGs
[2025-11-14T10:49:16.835+0530] {processor.py:183} INFO - Processing /home/logi/txtai/etl_pipeline/dags/dag.py took 2.020 seconds
[2025-11-14T10:49:47.763+0530] {processor.py:161} INFO - Started process (PID=7206) to work on /home/logi/txtai/etl_pipeline/dags/dag.py
[2025-11-14T10:49:47.768+0530] {processor.py:830} INFO - Processing file /home/logi/txtai/etl_pipeline/dags/dag.py for tasks to queue
[2025-11-14T10:49:47.776+0530] {logging_mixin.py:188} INFO - [2025-11-14T10:49:47.775+0530] {dagbag.py:545} INFO - Filling up the DagBag from /home/logi/txtai/etl_pipeline/dags/dag.py
[2025-11-14T10:49:48.751+0530] {processor.py:840} INFO - DAG(s) 'structured_data_pipeline' retrieved from /home/logi/txtai/etl_pipeline/dags/dag.py
[2025-11-14T10:49:48.787+0530] {logging_mixin.py:188} INFO - [2025-11-14T10:49:48.786+0530] {dag.py:3089} INFO - Sync 1 DAGs
[2025-11-14T10:49:48.831+0530] {processor.py:183} INFO - Processing /home/logi/txtai/etl_pipeline/dags/dag.py took 1.085 seconds
[2025-11-14T10:50:19.092+0530] {processor.py:161} INFO - Started process (PID=7787) to work on /home/logi/txtai/etl_pipeline/dags/dag.py
[2025-11-14T10:50:19.093+0530] {processor.py:830} INFO - Processing file /home/logi/txtai/etl_pipeline/dags/dag.py for tasks to queue
[2025-11-14T10:50:19.097+0530] {logging_mixin.py:188} INFO - [2025-11-14T10:50:19.096+0530] {dagbag.py:545} INFO - Filling up the DagBag from /home/logi/txtai/etl_pipeline/dags/dag.py
[2025-11-14T10:50:20.080+0530] {processor.py:840} INFO - DAG(s) 'structured_data_pipeline' retrieved from /home/logi/txtai/etl_pipeline/dags/dag.py
[2025-11-14T10:50:20.114+0530] {logging_mixin.py:188} INFO - [2025-11-14T10:50:20.113+0530] {dag.py:3089} INFO - Sync 1 DAGs
[2025-11-14T10:50:20.162+0530] {processor.py:183} INFO - Processing /home/logi/txtai/etl_pipeline/dags/dag.py took 1.085 seconds
[2025-11-14T10:50:50.934+0530] {processor.py:161} INFO - Started process (PID=8070) to work on /home/logi/txtai/etl_pipeline/dags/dag.py
[2025-11-14T10:50:50.936+0530] {processor.py:830} INFO - Processing file /home/logi/txtai/etl_pipeline/dags/dag.py for tasks to queue
[2025-11-14T10:50:50.938+0530] {logging_mixin.py:188} INFO - [2025-11-14T10:50:50.938+0530] {dagbag.py:545} INFO - Filling up the DagBag from /home/logi/txtai/etl_pipeline/dags/dag.py
[2025-11-14T10:50:51.663+0530] {processor.py:840} INFO - DAG(s) 'structured_data_pipeline' retrieved from /home/logi/txtai/etl_pipeline/dags/dag.py
[2025-11-14T10:50:51.693+0530] {logging_mixin.py:188} INFO - [2025-11-14T10:50:51.692+0530] {dag.py:3089} INFO - Sync 1 DAGs
[2025-11-14T10:50:51.716+0530] {logging_mixin.py:188} INFO - [2025-11-14T10:50:51.715+0530] {dag.py:3947} INFO - Setting next_dagrun for structured_data_pipeline to 2025-11-14 04:59:00+00:00, run_after=2025-11-14 06:00:00+00:00
[2025-11-14T10:50:51.734+0530] {processor.py:183} INFO - Processing /home/logi/txtai/etl_pipeline/dags/dag.py took 0.811 seconds
[2025-11-14T10:51:22.379+0530] {processor.py:161} INFO - Started process (PID=8258) to work on /home/logi/txtai/etl_pipeline/dags/dag.py
[2025-11-14T10:51:22.381+0530] {processor.py:830} INFO - Processing file /home/logi/txtai/etl_pipeline/dags/dag.py for tasks to queue
[2025-11-14T10:51:22.385+0530] {logging_mixin.py:188} INFO - [2025-11-14T10:51:22.384+0530] {dagbag.py:545} INFO - Filling up the DagBag from /home/logi/txtai/etl_pipeline/dags/dag.py
[2025-11-14T10:51:23.070+0530] {processor.py:840} INFO - DAG(s) 'structured_data_pipeline' retrieved from /home/logi/txtai/etl_pipeline/dags/dag.py
[2025-11-14T10:51:23.111+0530] {logging_mixin.py:188} INFO - [2025-11-14T10:51:23.110+0530] {dag.py:3089} INFO - Sync 1 DAGs
[2025-11-14T10:51:23.133+0530] {logging_mixin.py:188} INFO - [2025-11-14T10:51:23.132+0530] {dag.py:3947} INFO - Setting next_dagrun for structured_data_pipeline to 2025-11-14 04:59:00+00:00, run_after=2025-11-14 06:00:00+00:00
[2025-11-14T10:51:23.154+0530] {processor.py:183} INFO - Processing /home/logi/txtai/etl_pipeline/dags/dag.py took 0.787 seconds
[2025-11-14T10:51:53.276+0530] {processor.py:161} INFO - Started process (PID=8403) to work on /home/logi/txtai/etl_pipeline/dags/dag.py
[2025-11-14T10:51:53.278+0530] {processor.py:830} INFO - Processing file /home/logi/txtai/etl_pipeline/dags/dag.py for tasks to queue
[2025-11-14T10:51:53.281+0530] {logging_mixin.py:188} INFO - [2025-11-14T10:51:53.280+0530] {dagbag.py:545} INFO - Filling up the DagBag from /home/logi/txtai/etl_pipeline/dags/dag.py
[2025-11-14T10:51:53.940+0530] {processor.py:840} INFO - DAG(s) 'structured_data_pipeline' retrieved from /home/logi/txtai/etl_pipeline/dags/dag.py
[2025-11-14T10:51:53.974+0530] {logging_mixin.py:188} INFO - [2025-11-14T10:51:53.974+0530] {dag.py:3089} INFO - Sync 1 DAGs
[2025-11-14T10:51:53.997+0530] {logging_mixin.py:188} INFO - [2025-11-14T10:51:53.997+0530] {dag.py:3947} INFO - Setting next_dagrun for structured_data_pipeline to 2025-11-14 04:59:00+00:00, run_after=2025-11-14 06:00:00+00:00
[2025-11-14T10:51:54.019+0530] {processor.py:183} INFO - Processing /home/logi/txtai/etl_pipeline/dags/dag.py took 0.755 seconds
[2025-11-14T10:52:24.915+0530] {processor.py:161} INFO - Started process (PID=8576) to work on /home/logi/txtai/etl_pipeline/dags/dag.py
[2025-11-14T10:52:24.920+0530] {processor.py:830} INFO - Processing file /home/logi/txtai/etl_pipeline/dags/dag.py for tasks to queue
[2025-11-14T10:52:24.925+0530] {logging_mixin.py:188} INFO - [2025-11-14T10:52:24.924+0530] {dagbag.py:545} INFO - Filling up the DagBag from /home/logi/txtai/etl_pipeline/dags/dag.py
[2025-11-14T10:52:26.104+0530] {processor.py:840} INFO - DAG(s) 'structured_data_pipeline' retrieved from /home/logi/txtai/etl_pipeline/dags/dag.py
[2025-11-14T10:52:26.150+0530] {logging_mixin.py:188} INFO - [2025-11-14T10:52:26.150+0530] {dag.py:3089} INFO - Sync 1 DAGs
[2025-11-14T10:52:26.179+0530] {logging_mixin.py:188} INFO - [2025-11-14T10:52:26.178+0530] {dag.py:3947} INFO - Setting next_dagrun for structured_data_pipeline to 2025-11-14 04:59:00+00:00, run_after=2025-11-14 06:00:00+00:00
[2025-11-14T10:52:26.243+0530] {processor.py:183} INFO - Processing /home/logi/txtai/etl_pipeline/dags/dag.py took 1.350 seconds
[2025-11-14T10:52:56.486+0530] {processor.py:161} INFO - Started process (PID=8717) to work on /home/logi/txtai/etl_pipeline/dags/dag.py
[2025-11-14T10:52:56.490+0530] {processor.py:830} INFO - Processing file /home/logi/txtai/etl_pipeline/dags/dag.py for tasks to queue
[2025-11-14T10:52:56.492+0530] {logging_mixin.py:188} INFO - [2025-11-14T10:52:56.492+0530] {dagbag.py:545} INFO - Filling up the DagBag from /home/logi/txtai/etl_pipeline/dags/dag.py
[2025-11-14T10:52:57.317+0530] {processor.py:840} INFO - DAG(s) 'structured_data_pipeline' retrieved from /home/logi/txtai/etl_pipeline/dags/dag.py
[2025-11-14T10:52:57.346+0530] {logging_mixin.py:188} INFO - [2025-11-14T10:52:57.346+0530] {dag.py:3089} INFO - Sync 1 DAGs
[2025-11-14T10:52:57.368+0530] {logging_mixin.py:188} INFO - [2025-11-14T10:52:57.368+0530] {dag.py:3947} INFO - Setting next_dagrun for structured_data_pipeline to 2025-11-14 04:59:00+00:00, run_after=2025-11-14 06:00:00+00:00
[2025-11-14T10:52:57.388+0530] {processor.py:183} INFO - Processing /home/logi/txtai/etl_pipeline/dags/dag.py took 0.909 seconds
[2025-11-14T10:53:27.804+0530] {processor.py:161} INFO - Started process (PID=8854) to work on /home/logi/txtai/etl_pipeline/dags/dag.py
[2025-11-14T10:53:27.807+0530] {processor.py:830} INFO - Processing file /home/logi/txtai/etl_pipeline/dags/dag.py for tasks to queue
[2025-11-14T10:53:27.811+0530] {logging_mixin.py:188} INFO - [2025-11-14T10:53:27.810+0530] {dagbag.py:545} INFO - Filling up the DagBag from /home/logi/txtai/etl_pipeline/dags/dag.py
[2025-11-14T10:53:28.510+0530] {processor.py:840} INFO - DAG(s) 'structured_data_pipeline' retrieved from /home/logi/txtai/etl_pipeline/dags/dag.py
[2025-11-14T10:53:28.544+0530] {logging_mixin.py:188} INFO - [2025-11-14T10:53:28.543+0530] {dag.py:3089} INFO - Sync 1 DAGs
[2025-11-14T10:53:28.569+0530] {logging_mixin.py:188} INFO - [2025-11-14T10:53:28.569+0530] {dag.py:3947} INFO - Setting next_dagrun for structured_data_pipeline to 2025-11-14 04:59:00+00:00, run_after=2025-11-14 06:00:00+00:00
[2025-11-14T10:53:28.602+0530] {processor.py:183} INFO - Processing /home/logi/txtai/etl_pipeline/dags/dag.py took 0.809 seconds
[2025-11-14T10:53:58.769+0530] {processor.py:161} INFO - Started process (PID=9049) to work on /home/logi/txtai/etl_pipeline/dags/dag.py
[2025-11-14T10:53:58.773+0530] {processor.py:830} INFO - Processing file /home/logi/txtai/etl_pipeline/dags/dag.py for tasks to queue
[2025-11-14T10:53:58.777+0530] {logging_mixin.py:188} INFO - [2025-11-14T10:53:58.777+0530] {dagbag.py:545} INFO - Filling up the DagBag from /home/logi/txtai/etl_pipeline/dags/dag.py
[2025-11-14T10:53:59.718+0530] {processor.py:840} INFO - DAG(s) 'structured_data_pipeline' retrieved from /home/logi/txtai/etl_pipeline/dags/dag.py
[2025-11-14T10:53:59.750+0530] {logging_mixin.py:188} INFO - [2025-11-14T10:53:59.749+0530] {dag.py:3089} INFO - Sync 1 DAGs
[2025-11-14T10:53:59.787+0530] {logging_mixin.py:188} INFO - [2025-11-14T10:53:59.787+0530] {dag.py:3947} INFO - Setting next_dagrun for structured_data_pipeline to 2025-11-14 04:59:00+00:00, run_after=2025-11-14 06:00:00+00:00
[2025-11-14T10:53:59.848+0530] {processor.py:183} INFO - Processing /home/logi/txtai/etl_pipeline/dags/dag.py took 1.097 seconds
[2025-11-14T10:54:30.841+0530] {processor.py:161} INFO - Started process (PID=9291) to work on /home/logi/txtai/etl_pipeline/dags/dag.py
[2025-11-14T10:54:30.855+0530] {processor.py:830} INFO - Processing file /home/logi/txtai/etl_pipeline/dags/dag.py for tasks to queue
[2025-11-14T10:54:30.858+0530] {logging_mixin.py:188} INFO - [2025-11-14T10:54:30.858+0530] {dagbag.py:545} INFO - Filling up the DagBag from /home/logi/txtai/etl_pipeline/dags/dag.py
[2025-11-14T10:54:31.500+0530] {processor.py:840} INFO - DAG(s) 'structured_data_pipeline' retrieved from /home/logi/txtai/etl_pipeline/dags/dag.py
[2025-11-14T10:54:31.531+0530] {logging_mixin.py:188} INFO - [2025-11-14T10:54:31.530+0530] {dag.py:3089} INFO - Sync 1 DAGs
[2025-11-14T10:54:31.560+0530] {logging_mixin.py:188} INFO - [2025-11-14T10:54:31.560+0530] {dag.py:3947} INFO - Setting next_dagrun for structured_data_pipeline to 2025-11-14 04:59:00+00:00, run_after=2025-11-14 06:00:00+00:00
[2025-11-14T10:54:31.586+0530] {processor.py:183} INFO - Processing /home/logi/txtai/etl_pipeline/dags/dag.py took 0.756 seconds
[2025-11-14T10:55:02.092+0530] {processor.py:161} INFO - Started process (PID=9440) to work on /home/logi/txtai/etl_pipeline/dags/dag.py
[2025-11-14T10:55:02.105+0530] {processor.py:830} INFO - Processing file /home/logi/txtai/etl_pipeline/dags/dag.py for tasks to queue
[2025-11-14T10:55:02.109+0530] {logging_mixin.py:188} INFO - [2025-11-14T10:55:02.108+0530] {dagbag.py:545} INFO - Filling up the DagBag from /home/logi/txtai/etl_pipeline/dags/dag.py
[2025-11-14T10:55:02.743+0530] {processor.py:840} INFO - DAG(s) 'structured_data_pipeline' retrieved from /home/logi/txtai/etl_pipeline/dags/dag.py
[2025-11-14T10:55:02.777+0530] {logging_mixin.py:188} INFO - [2025-11-14T10:55:02.777+0530] {dag.py:3089} INFO - Sync 1 DAGs
[2025-11-14T10:55:02.796+0530] {logging_mixin.py:188} INFO - [2025-11-14T10:55:02.796+0530] {dag.py:3947} INFO - Setting next_dagrun for structured_data_pipeline to 2025-11-14 04:59:00+00:00, run_after=2025-11-14 06:00:00+00:00
[2025-11-14T10:55:02.822+0530] {processor.py:183} INFO - Processing /home/logi/txtai/etl_pipeline/dags/dag.py took 0.737 seconds
[2025-11-14T10:55:32.964+0530] {processor.py:161} INFO - Started process (PID=9589) to work on /home/logi/txtai/etl_pipeline/dags/dag.py
[2025-11-14T10:55:32.966+0530] {processor.py:830} INFO - Processing file /home/logi/txtai/etl_pipeline/dags/dag.py for tasks to queue
[2025-11-14T10:55:32.969+0530] {logging_mixin.py:188} INFO - [2025-11-14T10:55:32.968+0530] {dagbag.py:545} INFO - Filling up the DagBag from /home/logi/txtai/etl_pipeline/dags/dag.py
[2025-11-14T10:55:33.705+0530] {processor.py:840} INFO - DAG(s) 'structured_data_pipeline' retrieved from /home/logi/txtai/etl_pipeline/dags/dag.py
[2025-11-14T10:55:33.744+0530] {logging_mixin.py:188} INFO - [2025-11-14T10:55:33.743+0530] {dag.py:3089} INFO - Sync 1 DAGs
[2025-11-14T10:55:33.769+0530] {logging_mixin.py:188} INFO - [2025-11-14T10:55:33.769+0530] {dag.py:3947} INFO - Setting next_dagrun for structured_data_pipeline to 2025-11-14 04:59:00+00:00, run_after=2025-11-14 06:00:00+00:00
[2025-11-14T10:55:33.795+0530] {processor.py:183} INFO - Processing /home/logi/txtai/etl_pipeline/dags/dag.py took 0.846 seconds
[2025-11-14T10:56:03.851+0530] {processor.py:161} INFO - Started process (PID=9724) to work on /home/logi/txtai/etl_pipeline/dags/dag.py
[2025-11-14T10:56:03.852+0530] {processor.py:830} INFO - Processing file /home/logi/txtai/etl_pipeline/dags/dag.py for tasks to queue
[2025-11-14T10:56:03.854+0530] {logging_mixin.py:188} INFO - [2025-11-14T10:56:03.854+0530] {dagbag.py:545} INFO - Filling up the DagBag from /home/logi/txtai/etl_pipeline/dags/dag.py
[2025-11-14T10:56:04.554+0530] {processor.py:840} INFO - DAG(s) 'structured_data_pipeline' retrieved from /home/logi/txtai/etl_pipeline/dags/dag.py
[2025-11-14T10:56:04.588+0530] {logging_mixin.py:188} INFO - [2025-11-14T10:56:04.587+0530] {dag.py:3089} INFO - Sync 1 DAGs
[2025-11-14T10:56:04.613+0530] {logging_mixin.py:188} INFO - [2025-11-14T10:56:04.613+0530] {dag.py:3947} INFO - Setting next_dagrun for structured_data_pipeline to 2025-11-14 04:59:00+00:00, run_after=2025-11-14 06:00:00+00:00
[2025-11-14T10:56:04.644+0530] {processor.py:183} INFO - Processing /home/logi/txtai/etl_pipeline/dags/dag.py took 0.800 seconds
[2025-11-14T10:56:34.892+0530] {processor.py:161} INFO - Started process (PID=9906) to work on /home/logi/txtai/etl_pipeline/dags/dag.py
[2025-11-14T10:56:34.894+0530] {processor.py:830} INFO - Processing file /home/logi/txtai/etl_pipeline/dags/dag.py for tasks to queue
[2025-11-14T10:56:34.897+0530] {logging_mixin.py:188} INFO - [2025-11-14T10:56:34.897+0530] {dagbag.py:545} INFO - Filling up the DagBag from /home/logi/txtai/etl_pipeline/dags/dag.py
[2025-11-14T10:56:35.775+0530] {processor.py:840} INFO - DAG(s) 'structured_data_pipeline' retrieved from /home/logi/txtai/etl_pipeline/dags/dag.py
[2025-11-14T10:56:35.815+0530] {logging_mixin.py:188} INFO - [2025-11-14T10:56:35.814+0530] {dag.py:3089} INFO - Sync 1 DAGs
[2025-11-14T10:56:35.849+0530] {logging_mixin.py:188} INFO - [2025-11-14T10:56:35.849+0530] {dag.py:3947} INFO - Setting next_dagrun for structured_data_pipeline to 2025-11-14 04:59:00+00:00, run_after=2025-11-14 06:00:00+00:00
[2025-11-14T10:56:35.875+0530] {processor.py:183} INFO - Processing /home/logi/txtai/etl_pipeline/dags/dag.py took 0.998 seconds
[2025-11-14T10:57:06.475+0530] {processor.py:161} INFO - Started process (PID=10044) to work on /home/logi/txtai/etl_pipeline/dags/dag.py
[2025-11-14T10:57:06.488+0530] {processor.py:830} INFO - Processing file /home/logi/txtai/etl_pipeline/dags/dag.py for tasks to queue
[2025-11-14T10:57:06.491+0530] {logging_mixin.py:188} INFO - [2025-11-14T10:57:06.490+0530] {dagbag.py:545} INFO - Filling up the DagBag from /home/logi/txtai/etl_pipeline/dags/dag.py
[2025-11-14T10:57:07.304+0530] {processor.py:840} INFO - DAG(s) 'structured_data_pipeline' retrieved from /home/logi/txtai/etl_pipeline/dags/dag.py
[2025-11-14T10:57:07.335+0530] {logging_mixin.py:188} INFO - [2025-11-14T10:57:07.334+0530] {dag.py:3089} INFO - Sync 1 DAGs
[2025-11-14T10:57:07.354+0530] {logging_mixin.py:188} INFO - [2025-11-14T10:57:07.354+0530] {dag.py:3947} INFO - Setting next_dagrun for structured_data_pipeline to 2025-11-14 04:59:00+00:00, run_after=2025-11-14 06:00:00+00:00
[2025-11-14T10:57:07.383+0530] {processor.py:183} INFO - Processing /home/logi/txtai/etl_pipeline/dags/dag.py took 0.921 seconds
[2025-11-14T10:57:37.535+0530] {processor.py:161} INFO - Started process (PID=10179) to work on /home/logi/txtai/etl_pipeline/dags/dag.py
[2025-11-14T10:57:37.537+0530] {processor.py:830} INFO - Processing file /home/logi/txtai/etl_pipeline/dags/dag.py for tasks to queue
[2025-11-14T10:57:37.540+0530] {logging_mixin.py:188} INFO - [2025-11-14T10:57:37.539+0530] {dagbag.py:545} INFO - Filling up the DagBag from /home/logi/txtai/etl_pipeline/dags/dag.py
[2025-11-14T10:57:38.136+0530] {processor.py:840} INFO - DAG(s) 'structured_data_pipeline' retrieved from /home/logi/txtai/etl_pipeline/dags/dag.py
[2025-11-14T10:57:38.166+0530] {logging_mixin.py:188} INFO - [2025-11-14T10:57:38.165+0530] {dag.py:3089} INFO - Sync 1 DAGs
[2025-11-14T10:57:38.188+0530] {logging_mixin.py:188} INFO - [2025-11-14T10:57:38.188+0530] {dag.py:3947} INFO - Setting next_dagrun for structured_data_pipeline to 2025-11-14 04:59:00+00:00, run_after=2025-11-14 06:00:00+00:00
[2025-11-14T10:57:38.225+0530] {processor.py:183} INFO - Processing /home/logi/txtai/etl_pipeline/dags/dag.py took 0.700 seconds
[2025-11-14T10:58:08.785+0530] {processor.py:161} INFO - Started process (PID=10308) to work on /home/logi/txtai/etl_pipeline/dags/dag.py
[2025-11-14T10:58:08.799+0530] {processor.py:830} INFO - Processing file /home/logi/txtai/etl_pipeline/dags/dag.py for tasks to queue
[2025-11-14T10:58:08.801+0530] {logging_mixin.py:188} INFO - [2025-11-14T10:58:08.800+0530] {dagbag.py:545} INFO - Filling up the DagBag from /home/logi/txtai/etl_pipeline/dags/dag.py
[2025-11-14T10:58:09.332+0530] {processor.py:840} INFO - DAG(s) 'structured_data_pipeline' retrieved from /home/logi/txtai/etl_pipeline/dags/dag.py
[2025-11-14T10:58:09.355+0530] {logging_mixin.py:188} INFO - [2025-11-14T10:58:09.355+0530] {dag.py:3089} INFO - Sync 1 DAGs
[2025-11-14T10:58:09.376+0530] {logging_mixin.py:188} INFO - [2025-11-14T10:58:09.376+0530] {dag.py:3947} INFO - Setting next_dagrun for structured_data_pipeline to 2025-11-14 04:59:00+00:00, run_after=2025-11-14 06:00:00+00:00
[2025-11-14T10:58:09.409+0530] {processor.py:183} INFO - Processing /home/logi/txtai/etl_pipeline/dags/dag.py took 0.631 seconds
[2025-11-14T10:58:39.549+0530] {processor.py:161} INFO - Started process (PID=10438) to work on /home/logi/txtai/etl_pipeline/dags/dag.py
[2025-11-14T10:58:39.550+0530] {processor.py:830} INFO - Processing file /home/logi/txtai/etl_pipeline/dags/dag.py for tasks to queue
[2025-11-14T10:58:39.555+0530] {logging_mixin.py:188} INFO - [2025-11-14T10:58:39.554+0530] {dagbag.py:545} INFO - Filling up the DagBag from /home/logi/txtai/etl_pipeline/dags/dag.py
[2025-11-14T10:58:40.241+0530] {processor.py:840} INFO - DAG(s) 'structured_data_pipeline' retrieved from /home/logi/txtai/etl_pipeline/dags/dag.py
[2025-11-14T10:58:40.273+0530] {logging_mixin.py:188} INFO - [2025-11-14T10:58:40.273+0530] {dag.py:3089} INFO - Sync 1 DAGs
[2025-11-14T10:58:40.291+0530] {logging_mixin.py:188} INFO - [2025-11-14T10:58:40.290+0530] {dag.py:3947} INFO - Setting next_dagrun for structured_data_pipeline to 2025-11-14 04:59:00+00:00, run_after=2025-11-14 06:00:00+00:00
[2025-11-14T10:58:40.320+0530] {processor.py:183} INFO - Processing /home/logi/txtai/etl_pipeline/dags/dag.py took 0.779 seconds
[2025-11-14T10:59:10.959+0530] {processor.py:161} INFO - Started process (PID=10596) to work on /home/logi/txtai/etl_pipeline/dags/dag.py
[2025-11-14T10:59:10.972+0530] {processor.py:830} INFO - Processing file /home/logi/txtai/etl_pipeline/dags/dag.py for tasks to queue
[2025-11-14T10:59:10.975+0530] {logging_mixin.py:188} INFO - [2025-11-14T10:59:10.974+0530] {dagbag.py:545} INFO - Filling up the DagBag from /home/logi/txtai/etl_pipeline/dags/dag.py
[2025-11-14T10:59:11.565+0530] {processor.py:840} INFO - DAG(s) 'structured_data_pipeline' retrieved from /home/logi/txtai/etl_pipeline/dags/dag.py
[2025-11-14T10:59:11.596+0530] {logging_mixin.py:188} INFO - [2025-11-14T10:59:11.595+0530] {dag.py:3089} INFO - Sync 1 DAGs
[2025-11-14T10:59:11.618+0530] {logging_mixin.py:188} INFO - [2025-11-14T10:59:11.618+0530] {dag.py:3947} INFO - Setting next_dagrun for structured_data_pipeline to 2025-11-14 04:59:00+00:00, run_after=2025-11-14 06:00:00+00:00
[2025-11-14T10:59:11.636+0530] {processor.py:183} INFO - Processing /home/logi/txtai/etl_pipeline/dags/dag.py took 0.690 seconds
[2025-11-14T10:59:41.787+0530] {processor.py:161} INFO - Started process (PID=10725) to work on /home/logi/txtai/etl_pipeline/dags/dag.py
[2025-11-14T10:59:41.789+0530] {processor.py:830} INFO - Processing file /home/logi/txtai/etl_pipeline/dags/dag.py for tasks to queue
[2025-11-14T10:59:41.792+0530] {logging_mixin.py:188} INFO - [2025-11-14T10:59:41.791+0530] {dagbag.py:545} INFO - Filling up the DagBag from /home/logi/txtai/etl_pipeline/dags/dag.py
[2025-11-14T10:59:42.361+0530] {processor.py:840} INFO - DAG(s) 'structured_data_pipeline' retrieved from /home/logi/txtai/etl_pipeline/dags/dag.py
[2025-11-14T10:59:42.394+0530] {logging_mixin.py:188} INFO - [2025-11-14T10:59:42.392+0530] {dag.py:3089} INFO - Sync 1 DAGs
[2025-11-14T10:59:42.414+0530] {logging_mixin.py:188} INFO - [2025-11-14T10:59:42.414+0530] {dag.py:3947} INFO - Setting next_dagrun for structured_data_pipeline to 2025-11-14 04:59:00+00:00, run_after=2025-11-14 06:00:00+00:00
[2025-11-14T10:59:42.438+0530] {processor.py:183} INFO - Processing /home/logi/txtai/etl_pipeline/dags/dag.py took 0.662 seconds
[2025-11-14T11:00:12.498+0530] {processor.py:161} INFO - Started process (PID=10855) to work on /home/logi/txtai/etl_pipeline/dags/dag.py
[2025-11-14T11:00:12.511+0530] {processor.py:830} INFO - Processing file /home/logi/txtai/etl_pipeline/dags/dag.py for tasks to queue
[2025-11-14T11:00:12.514+0530] {logging_mixin.py:188} INFO - [2025-11-14T11:00:12.513+0530] {dagbag.py:545} INFO - Filling up the DagBag from /home/logi/txtai/etl_pipeline/dags/dag.py
[2025-11-14T11:00:13.118+0530] {processor.py:840} INFO - DAG(s) 'structured_data_pipeline' retrieved from /home/logi/txtai/etl_pipeline/dags/dag.py
[2025-11-14T11:00:13.150+0530] {logging_mixin.py:188} INFO - [2025-11-14T11:00:13.150+0530] {dag.py:3089} INFO - Sync 1 DAGs
[2025-11-14T11:00:13.170+0530] {logging_mixin.py:188} INFO - [2025-11-14T11:00:13.170+0530] {dag.py:3947} INFO - Setting next_dagrun for structured_data_pipeline to 2025-11-14 04:59:00+00:00, run_after=2025-11-14 06:00:00+00:00
[2025-11-14T11:00:13.201+0530] {processor.py:183} INFO - Processing /home/logi/txtai/etl_pipeline/dags/dag.py took 0.714 seconds
[2025-11-14T11:00:43.894+0530] {processor.py:161} INFO - Started process (PID=10984) to work on /home/logi/txtai/etl_pipeline/dags/dag.py
[2025-11-14T11:00:43.908+0530] {processor.py:830} INFO - Processing file /home/logi/txtai/etl_pipeline/dags/dag.py for tasks to queue
[2025-11-14T11:00:43.911+0530] {logging_mixin.py:188} INFO - [2025-11-14T11:00:43.910+0530] {dagbag.py:545} INFO - Filling up the DagBag from /home/logi/txtai/etl_pipeline/dags/dag.py
[2025-11-14T11:00:44.490+0530] {processor.py:840} INFO - DAG(s) 'structured_data_pipeline' retrieved from /home/logi/txtai/etl_pipeline/dags/dag.py
[2025-11-14T11:00:44.521+0530] {logging_mixin.py:188} INFO - [2025-11-14T11:00:44.521+0530] {dag.py:3089} INFO - Sync 1 DAGs
[2025-11-14T11:00:44.541+0530] {logging_mixin.py:188} INFO - [2025-11-14T11:00:44.541+0530] {dag.py:3947} INFO - Setting next_dagrun for structured_data_pipeline to 2025-11-14 04:59:00+00:00, run_after=2025-11-14 06:00:00+00:00
[2025-11-14T11:00:44.576+0530] {processor.py:183} INFO - Processing /home/logi/txtai/etl_pipeline/dags/dag.py took 0.696 seconds
[2025-11-14T11:01:15.317+0530] {processor.py:161} INFO - Started process (PID=11114) to work on /home/logi/txtai/etl_pipeline/dags/dag.py
[2025-11-14T11:01:15.318+0530] {processor.py:830} INFO - Processing file /home/logi/txtai/etl_pipeline/dags/dag.py for tasks to queue
[2025-11-14T11:01:15.321+0530] {logging_mixin.py:188} INFO - [2025-11-14T11:01:15.321+0530] {dagbag.py:545} INFO - Filling up the DagBag from /home/logi/txtai/etl_pipeline/dags/dag.py
[2025-11-14T11:01:15.910+0530] {processor.py:840} INFO - DAG(s) 'structured_data_pipeline' retrieved from /home/logi/txtai/etl_pipeline/dags/dag.py
[2025-11-14T11:01:15.945+0530] {logging_mixin.py:188} INFO - [2025-11-14T11:01:15.945+0530] {dag.py:3089} INFO - Sync 1 DAGs
[2025-11-14T11:01:15.965+0530] {logging_mixin.py:188} INFO - [2025-11-14T11:01:15.965+0530] {dag.py:3947} INFO - Setting next_dagrun for structured_data_pipeline to 2025-11-14 04:59:00+00:00, run_after=2025-11-14 06:00:00+00:00
[2025-11-14T11:01:16.001+0530] {processor.py:183} INFO - Processing /home/logi/txtai/etl_pipeline/dags/dag.py took 0.698 seconds
[2025-11-14T11:01:46.851+0530] {processor.py:161} INFO - Started process (PID=11244) to work on /home/logi/txtai/etl_pipeline/dags/dag.py
[2025-11-14T11:01:46.864+0530] {processor.py:830} INFO - Processing file /home/logi/txtai/etl_pipeline/dags/dag.py for tasks to queue
[2025-11-14T11:01:46.867+0530] {logging_mixin.py:188} INFO - [2025-11-14T11:01:46.866+0530] {dagbag.py:545} INFO - Filling up the DagBag from /home/logi/txtai/etl_pipeline/dags/dag.py
[2025-11-14T11:01:47.355+0530] {processor.py:840} INFO - DAG(s) 'structured_data_pipeline' retrieved from /home/logi/txtai/etl_pipeline/dags/dag.py
[2025-11-14T11:01:47.382+0530] {logging_mixin.py:188} INFO - [2025-11-14T11:01:47.382+0530] {dag.py:3089} INFO - Sync 1 DAGs
[2025-11-14T11:01:47.401+0530] {logging_mixin.py:188} INFO - [2025-11-14T11:01:47.401+0530] {dag.py:3947} INFO - Setting next_dagrun for structured_data_pipeline to 2025-11-14 04:59:00+00:00, run_after=2025-11-14 06:00:00+00:00
[2025-11-14T11:01:47.431+0530] {processor.py:183} INFO - Processing /home/logi/txtai/etl_pipeline/dags/dag.py took 0.591 seconds
[2025-11-14T11:02:17.539+0530] {processor.py:161} INFO - Started process (PID=11374) to work on /home/logi/txtai/etl_pipeline/dags/dag.py
[2025-11-14T11:02:17.540+0530] {processor.py:830} INFO - Processing file /home/logi/txtai/etl_pipeline/dags/dag.py for tasks to queue
[2025-11-14T11:02:17.542+0530] {logging_mixin.py:188} INFO - [2025-11-14T11:02:17.542+0530] {dagbag.py:545} INFO - Filling up the DagBag from /home/logi/txtai/etl_pipeline/dags/dag.py
[2025-11-14T11:02:18.071+0530] {processor.py:840} INFO - DAG(s) 'structured_data_pipeline' retrieved from /home/logi/txtai/etl_pipeline/dags/dag.py
[2025-11-14T11:02:18.099+0530] {logging_mixin.py:188} INFO - [2025-11-14T11:02:18.099+0530] {dag.py:3089} INFO - Sync 1 DAGs
[2025-11-14T11:02:18.121+0530] {logging_mixin.py:188} INFO - [2025-11-14T11:02:18.120+0530] {dag.py:3947} INFO - Setting next_dagrun for structured_data_pipeline to 2025-11-14 04:59:00+00:00, run_after=2025-11-14 06:00:00+00:00
[2025-11-14T11:02:18.152+0530] {processor.py:183} INFO - Processing /home/logi/txtai/etl_pipeline/dags/dag.py took 0.619 seconds
[2025-11-14T11:02:48.587+0530] {processor.py:161} INFO - Started process (PID=11597) to work on /home/logi/txtai/etl_pipeline/dags/dag.py
[2025-11-14T11:02:48.589+0530] {processor.py:830} INFO - Processing file /home/logi/txtai/etl_pipeline/dags/dag.py for tasks to queue
[2025-11-14T11:02:48.591+0530] {logging_mixin.py:188} INFO - [2025-11-14T11:02:48.591+0530] {dagbag.py:545} INFO - Filling up the DagBag from /home/logi/txtai/etl_pipeline/dags/dag.py
[2025-11-14T11:02:49.211+0530] {processor.py:840} INFO - DAG(s) 'structured_data_pipeline' retrieved from /home/logi/txtai/etl_pipeline/dags/dag.py
[2025-11-14T11:02:49.240+0530] {logging_mixin.py:188} INFO - [2025-11-14T11:02:49.240+0530] {dag.py:3089} INFO - Sync 1 DAGs
[2025-11-14T11:02:49.263+0530] {logging_mixin.py:188} INFO - [2025-11-14T11:02:49.263+0530] {dag.py:3947} INFO - Setting next_dagrun for structured_data_pipeline to 2025-11-14 04:59:00+00:00, run_after=2025-11-14 06:00:00+00:00
[2025-11-14T11:02:49.301+0530] {processor.py:183} INFO - Processing /home/logi/txtai/etl_pipeline/dags/dag.py took 0.724 seconds
[2025-11-14T11:03:19.804+0530] {processor.py:161} INFO - Started process (PID=11980) to work on /home/logi/txtai/etl_pipeline/dags/dag.py
[2025-11-14T11:03:19.805+0530] {processor.py:830} INFO - Processing file /home/logi/txtai/etl_pipeline/dags/dag.py for tasks to queue
[2025-11-14T11:03:19.807+0530] {logging_mixin.py:188} INFO - [2025-11-14T11:03:19.807+0530] {dagbag.py:545} INFO - Filling up the DagBag from /home/logi/txtai/etl_pipeline/dags/dag.py
[2025-11-14T11:03:20.454+0530] {processor.py:840} INFO - DAG(s) 'structured_data_pipeline' retrieved from /home/logi/txtai/etl_pipeline/dags/dag.py
[2025-11-14T11:03:20.483+0530] {logging_mixin.py:188} INFO - [2025-11-14T11:03:20.482+0530] {dag.py:3089} INFO - Sync 1 DAGs
[2025-11-14T11:03:20.505+0530] {logging_mixin.py:188} INFO - [2025-11-14T11:03:20.505+0530] {dag.py:3947} INFO - Setting next_dagrun for structured_data_pipeline to 2025-11-14 04:59:00+00:00, run_after=2025-11-14 06:00:00+00:00
[2025-11-14T11:03:20.528+0530] {processor.py:183} INFO - Processing /home/logi/txtai/etl_pipeline/dags/dag.py took 0.732 seconds
[2025-11-14T11:03:51.160+0530] {processor.py:161} INFO - Started process (PID=12684) to work on /home/logi/txtai/etl_pipeline/dags/dag.py
[2025-11-14T11:03:51.170+0530] {processor.py:830} INFO - Processing file /home/logi/txtai/etl_pipeline/dags/dag.py for tasks to queue
[2025-11-14T11:03:51.174+0530] {logging_mixin.py:188} INFO - [2025-11-14T11:03:51.173+0530] {dagbag.py:545} INFO - Filling up the DagBag from /home/logi/txtai/etl_pipeline/dags/dag.py
[2025-11-14T11:03:51.832+0530] {processor.py:840} INFO - DAG(s) 'structured_data_pipeline' retrieved from /home/logi/txtai/etl_pipeline/dags/dag.py
[2025-11-14T11:03:51.866+0530] {logging_mixin.py:188} INFO - [2025-11-14T11:03:51.866+0530] {dag.py:3089} INFO - Sync 1 DAGs
[2025-11-14T11:03:51.890+0530] {logging_mixin.py:188} INFO - [2025-11-14T11:03:51.889+0530] {dag.py:3947} INFO - Setting next_dagrun for structured_data_pipeline to 2025-11-14 04:59:00+00:00, run_after=2025-11-14 06:00:00+00:00
[2025-11-14T11:03:51.927+0530] {processor.py:183} INFO - Processing /home/logi/txtai/etl_pipeline/dags/dag.py took 0.783 seconds
[2025-11-14T11:04:22.818+0530] {processor.py:161} INFO - Started process (PID=12814) to work on /home/logi/txtai/etl_pipeline/dags/dag.py
[2025-11-14T11:04:22.831+0530] {processor.py:830} INFO - Processing file /home/logi/txtai/etl_pipeline/dags/dag.py for tasks to queue
[2025-11-14T11:04:22.835+0530] {logging_mixin.py:188} INFO - [2025-11-14T11:04:22.834+0530] {dagbag.py:545} INFO - Filling up the DagBag from /home/logi/txtai/etl_pipeline/dags/dag.py
[2025-11-14T11:04:23.430+0530] {processor.py:840} INFO - DAG(s) 'structured_data_pipeline' retrieved from /home/logi/txtai/etl_pipeline/dags/dag.py
[2025-11-14T11:04:23.463+0530] {logging_mixin.py:188} INFO - [2025-11-14T11:04:23.463+0530] {dag.py:3089} INFO - Sync 1 DAGs
[2025-11-14T11:04:23.486+0530] {logging_mixin.py:188} INFO - [2025-11-14T11:04:23.485+0530] {dag.py:3947} INFO - Setting next_dagrun for structured_data_pipeline to 2025-11-14 04:59:00+00:00, run_after=2025-11-14 06:00:00+00:00
[2025-11-14T11:04:23.523+0530] {processor.py:183} INFO - Processing /home/logi/txtai/etl_pipeline/dags/dag.py took 0.717 seconds
[2025-11-14T11:04:53.648+0530] {processor.py:161} INFO - Started process (PID=12962) to work on /home/logi/txtai/etl_pipeline/dags/dag.py
[2025-11-14T11:04:53.649+0530] {processor.py:830} INFO - Processing file /home/logi/txtai/etl_pipeline/dags/dag.py for tasks to queue
[2025-11-14T11:04:53.652+0530] {logging_mixin.py:188} INFO - [2025-11-14T11:04:53.651+0530] {dagbag.py:545} INFO - Filling up the DagBag from /home/logi/txtai/etl_pipeline/dags/dag.py
[2025-11-14T11:04:54.246+0530] {processor.py:840} INFO - DAG(s) 'structured_data_pipeline' retrieved from /home/logi/txtai/etl_pipeline/dags/dag.py
[2025-11-14T11:04:54.280+0530] {logging_mixin.py:188} INFO - [2025-11-14T11:04:54.280+0530] {dag.py:3089} INFO - Sync 1 DAGs
[2025-11-14T11:04:54.302+0530] {logging_mixin.py:188} INFO - [2025-11-14T11:04:54.301+0530] {dag.py:3947} INFO - Setting next_dagrun for structured_data_pipeline to 2025-11-14 04:59:00+00:00, run_after=2025-11-14 06:00:00+00:00
[2025-11-14T11:04:54.337+0530] {processor.py:183} INFO - Processing /home/logi/txtai/etl_pipeline/dags/dag.py took 0.697 seconds
[2025-11-14T11:05:24.581+0530] {processor.py:161} INFO - Started process (PID=13097) to work on /home/logi/txtai/etl_pipeline/dags/dag.py
[2025-11-14T11:05:24.594+0530] {processor.py:830} INFO - Processing file /home/logi/txtai/etl_pipeline/dags/dag.py for tasks to queue
[2025-11-14T11:05:24.597+0530] {logging_mixin.py:188} INFO - [2025-11-14T11:05:24.596+0530] {dagbag.py:545} INFO - Filling up the DagBag from /home/logi/txtai/etl_pipeline/dags/dag.py
[2025-11-14T11:05:25.255+0530] {processor.py:840} INFO - DAG(s) 'structured_data_pipeline' retrieved from /home/logi/txtai/etl_pipeline/dags/dag.py
[2025-11-14T11:05:25.287+0530] {logging_mixin.py:188} INFO - [2025-11-14T11:05:25.286+0530] {dag.py:3089} INFO - Sync 1 DAGs
[2025-11-14T11:05:25.307+0530] {logging_mixin.py:188} INFO - [2025-11-14T11:05:25.307+0530] {dag.py:3947} INFO - Setting next_dagrun for structured_data_pipeline to 2025-11-14 04:59:00+00:00, run_after=2025-11-14 06:00:00+00:00
[2025-11-14T11:05:25.341+0530] {processor.py:183} INFO - Processing /home/logi/txtai/etl_pipeline/dags/dag.py took 0.772 seconds
[2025-11-14T11:05:55.805+0530] {processor.py:161} INFO - Started process (PID=13225) to work on /home/logi/txtai/etl_pipeline/dags/dag.py
[2025-11-14T11:05:55.818+0530] {processor.py:830} INFO - Processing file /home/logi/txtai/etl_pipeline/dags/dag.py for tasks to queue
[2025-11-14T11:05:55.821+0530] {logging_mixin.py:188} INFO - [2025-11-14T11:05:55.821+0530] {dagbag.py:545} INFO - Filling up the DagBag from /home/logi/txtai/etl_pipeline/dags/dag.py
[2025-11-14T11:05:56.420+0530] {processor.py:840} INFO - DAG(s) 'structured_data_pipeline' retrieved from /home/logi/txtai/etl_pipeline/dags/dag.py
[2025-11-14T11:05:56.455+0530] {logging_mixin.py:188} INFO - [2025-11-14T11:05:56.454+0530] {dag.py:3089} INFO - Sync 1 DAGs
[2025-11-14T11:05:56.477+0530] {logging_mixin.py:188} INFO - [2025-11-14T11:05:56.477+0530] {dag.py:3947} INFO - Setting next_dagrun for structured_data_pipeline to 2025-11-14 04:59:00+00:00, run_after=2025-11-14 06:00:00+00:00
[2025-11-14T11:05:56.513+0530] {processor.py:183} INFO - Processing /home/logi/txtai/etl_pipeline/dags/dag.py took 0.720 seconds
[2025-11-14T11:06:27.189+0530] {processor.py:161} INFO - Started process (PID=13357) to work on /home/logi/txtai/etl_pipeline/dags/dag.py
[2025-11-14T11:06:27.202+0530] {processor.py:830} INFO - Processing file /home/logi/txtai/etl_pipeline/dags/dag.py for tasks to queue
[2025-11-14T11:06:27.204+0530] {logging_mixin.py:188} INFO - [2025-11-14T11:06:27.204+0530] {dagbag.py:545} INFO - Filling up the DagBag from /home/logi/txtai/etl_pipeline/dags/dag.py
[2025-11-14T11:06:27.823+0530] {processor.py:840} INFO - DAG(s) 'structured_data_pipeline' retrieved from /home/logi/txtai/etl_pipeline/dags/dag.py
[2025-11-14T11:06:27.861+0530] {logging_mixin.py:188} INFO - [2025-11-14T11:06:27.861+0530] {dag.py:3089} INFO - Sync 1 DAGs
[2025-11-14T11:06:27.886+0530] {logging_mixin.py:188} INFO - [2025-11-14T11:06:27.886+0530] {dag.py:3947} INFO - Setting next_dagrun for structured_data_pipeline to 2025-11-14 04:59:00+00:00, run_after=2025-11-14 06:00:00+00:00
[2025-11-14T11:06:27.908+0530] {processor.py:183} INFO - Processing /home/logi/txtai/etl_pipeline/dags/dag.py took 0.725 seconds
[2025-11-14T11:06:58.510+0530] {processor.py:161} INFO - Started process (PID=13529) to work on /home/logi/txtai/etl_pipeline/dags/dag.py
[2025-11-14T11:06:58.541+0530] {processor.py:830} INFO - Processing file /home/logi/txtai/etl_pipeline/dags/dag.py for tasks to queue
[2025-11-14T11:06:58.545+0530] {logging_mixin.py:188} INFO - [2025-11-14T11:06:58.544+0530] {dagbag.py:545} INFO - Filling up the DagBag from /home/logi/txtai/etl_pipeline/dags/dag.py
[2025-11-14T11:06:59.154+0530] {processor.py:840} INFO - DAG(s) 'structured_data_pipeline' retrieved from /home/logi/txtai/etl_pipeline/dags/dag.py
[2025-11-14T11:06:59.182+0530] {logging_mixin.py:188} INFO - [2025-11-14T11:06:59.182+0530] {dag.py:3089} INFO - Sync 1 DAGs
[2025-11-14T11:06:59.202+0530] {logging_mixin.py:188} INFO - [2025-11-14T11:06:59.202+0530] {dag.py:3947} INFO - Setting next_dagrun for structured_data_pipeline to 2025-11-14 04:59:00+00:00, run_after=2025-11-14 06:00:00+00:00
[2025-11-14T11:06:59.219+0530] {processor.py:183} INFO - Processing /home/logi/txtai/etl_pipeline/dags/dag.py took 0.723 seconds
[2025-11-14T11:07:29.552+0530] {processor.py:161} INFO - Started process (PID=13699) to work on /home/logi/txtai/etl_pipeline/dags/dag.py
[2025-11-14T11:07:29.558+0530] {processor.py:830} INFO - Processing file /home/logi/txtai/etl_pipeline/dags/dag.py for tasks to queue
[2025-11-14T11:07:29.561+0530] {logging_mixin.py:188} INFO - [2025-11-14T11:07:29.560+0530] {dagbag.py:545} INFO - Filling up the DagBag from /home/logi/txtai/etl_pipeline/dags/dag.py
[2025-11-14T11:07:30.126+0530] {processor.py:840} INFO - DAG(s) 'structured_data_pipeline' retrieved from /home/logi/txtai/etl_pipeline/dags/dag.py
[2025-11-14T11:07:30.160+0530] {logging_mixin.py:188} INFO - [2025-11-14T11:07:30.159+0530] {dag.py:3089} INFO - Sync 1 DAGs
[2025-11-14T11:07:30.181+0530] {logging_mixin.py:188} INFO - [2025-11-14T11:07:30.180+0530] {dag.py:3947} INFO - Setting next_dagrun for structured_data_pipeline to 2025-11-14 04:59:00+00:00, run_after=2025-11-14 06:00:00+00:00
[2025-11-14T11:07:30.198+0530] {processor.py:183} INFO - Processing /home/logi/txtai/etl_pipeline/dags/dag.py took 0.659 seconds
[2025-11-14T11:08:00.853+0530] {processor.py:161} INFO - Started process (PID=13911) to work on /home/logi/txtai/etl_pipeline/dags/dag.py
[2025-11-14T11:08:00.866+0530] {processor.py:830} INFO - Processing file /home/logi/txtai/etl_pipeline/dags/dag.py for tasks to queue
[2025-11-14T11:08:00.870+0530] {logging_mixin.py:188} INFO - [2025-11-14T11:08:00.869+0530] {dagbag.py:545} INFO - Filling up the DagBag from /home/logi/txtai/etl_pipeline/dags/dag.py
[2025-11-14T11:08:01.450+0530] {processor.py:840} INFO - DAG(s) 'structured_data_pipeline' retrieved from /home/logi/txtai/etl_pipeline/dags/dag.py
[2025-11-14T11:08:01.485+0530] {logging_mixin.py:188} INFO - [2025-11-14T11:08:01.485+0530] {dag.py:3089} INFO - Sync 1 DAGs
[2025-11-14T11:08:01.510+0530] {logging_mixin.py:188} INFO - [2025-11-14T11:08:01.509+0530] {dag.py:3947} INFO - Setting next_dagrun for structured_data_pipeline to 2025-11-14 04:59:00+00:00, run_after=2025-11-14 06:00:00+00:00
[2025-11-14T11:08:01.545+0530] {processor.py:183} INFO - Processing /home/logi/txtai/etl_pipeline/dags/dag.py took 0.704 seconds
[2025-11-14T11:08:32.487+0530] {processor.py:161} INFO - Started process (PID=14539) to work on /home/logi/txtai/etl_pipeline/dags/dag.py
[2025-11-14T11:08:32.502+0530] {processor.py:830} INFO - Processing file /home/logi/txtai/etl_pipeline/dags/dag.py for tasks to queue
[2025-11-14T11:08:32.505+0530] {logging_mixin.py:188} INFO - [2025-11-14T11:08:32.504+0530] {dagbag.py:545} INFO - Filling up the DagBag from /home/logi/txtai/etl_pipeline/dags/dag.py
[2025-11-14T11:08:33.128+0530] {processor.py:840} INFO - DAG(s) 'structured_data_pipeline' retrieved from /home/logi/txtai/etl_pipeline/dags/dag.py
[2025-11-14T11:08:33.172+0530] {logging_mixin.py:188} INFO - [2025-11-14T11:08:33.170+0530] {dag.py:3089} INFO - Sync 1 DAGs
[2025-11-14T11:08:33.194+0530] {logging_mixin.py:188} INFO - [2025-11-14T11:08:33.193+0530] {dag.py:3947} INFO - Setting next_dagrun for structured_data_pipeline to 2025-11-14 04:59:00+00:00, run_after=2025-11-14 06:00:00+00:00
[2025-11-14T11:08:33.230+0530] {processor.py:183} INFO - Processing /home/logi/txtai/etl_pipeline/dags/dag.py took 0.760 seconds
[2025-11-14T11:09:04.224+0530] {processor.py:161} INFO - Started process (PID=14672) to work on /home/logi/txtai/etl_pipeline/dags/dag.py
[2025-11-14T11:09:04.237+0530] {processor.py:830} INFO - Processing file /home/logi/txtai/etl_pipeline/dags/dag.py for tasks to queue
[2025-11-14T11:09:04.241+0530] {logging_mixin.py:188} INFO - [2025-11-14T11:09:04.240+0530] {dagbag.py:545} INFO - Filling up the DagBag from /home/logi/txtai/etl_pipeline/dags/dag.py
[2025-11-14T11:09:04.909+0530] {processor.py:840} INFO - DAG(s) 'structured_data_pipeline' retrieved from /home/logi/txtai/etl_pipeline/dags/dag.py
[2025-11-14T11:09:04.946+0530] {logging_mixin.py:188} INFO - [2025-11-14T11:09:04.946+0530] {dag.py:3089} INFO - Sync 1 DAGs
[2025-11-14T11:09:04.969+0530] {logging_mixin.py:188} INFO - [2025-11-14T11:09:04.969+0530] {dag.py:3947} INFO - Setting next_dagrun for structured_data_pipeline to 2025-11-14 04:59:00+00:00, run_after=2025-11-14 06:00:00+00:00
[2025-11-14T11:09:05.007+0530] {processor.py:183} INFO - Processing /home/logi/txtai/etl_pipeline/dags/dag.py took 0.798 seconds
[2025-11-14T11:09:35.502+0530] {processor.py:161} INFO - Started process (PID=14812) to work on /home/logi/txtai/etl_pipeline/dags/dag.py
[2025-11-14T11:09:35.515+0530] {processor.py:830} INFO - Processing file /home/logi/txtai/etl_pipeline/dags/dag.py for tasks to queue
[2025-11-14T11:09:35.518+0530] {logging_mixin.py:188} INFO - [2025-11-14T11:09:35.517+0530] {dagbag.py:545} INFO - Filling up the DagBag from /home/logi/txtai/etl_pipeline/dags/dag.py
[2025-11-14T11:09:36.130+0530] {processor.py:840} INFO - DAG(s) 'structured_data_pipeline' retrieved from /home/logi/txtai/etl_pipeline/dags/dag.py
[2025-11-14T11:09:36.161+0530] {logging_mixin.py:188} INFO - [2025-11-14T11:09:36.160+0530] {dag.py:3089} INFO - Sync 1 DAGs
[2025-11-14T11:09:36.182+0530] {logging_mixin.py:188} INFO - [2025-11-14T11:09:36.182+0530] {dag.py:3947} INFO - Setting next_dagrun for structured_data_pipeline to 2025-11-14 04:59:00+00:00, run_after=2025-11-14 06:00:00+00:00
[2025-11-14T11:09:36.217+0530] {processor.py:183} INFO - Processing /home/logi/txtai/etl_pipeline/dags/dag.py took 0.727 seconds
[2025-11-14T11:10:06.977+0530] {processor.py:161} INFO - Started process (PID=14964) to work on /home/logi/txtai/etl_pipeline/dags/dag.py
[2025-11-14T11:10:06.979+0530] {processor.py:830} INFO - Processing file /home/logi/txtai/etl_pipeline/dags/dag.py for tasks to queue
[2025-11-14T11:10:06.980+0530] {logging_mixin.py:188} INFO - [2025-11-14T11:10:06.980+0530] {dagbag.py:545} INFO - Filling up the DagBag from /home/logi/txtai/etl_pipeline/dags/dag.py
[2025-11-14T11:10:07.650+0530] {processor.py:840} INFO - DAG(s) 'structured_data_pipeline' retrieved from /home/logi/txtai/etl_pipeline/dags/dag.py
[2025-11-14T11:10:07.686+0530] {logging_mixin.py:188} INFO - [2025-11-14T11:10:07.686+0530] {dag.py:3089} INFO - Sync 1 DAGs
[2025-11-14T11:10:07.708+0530] {logging_mixin.py:188} INFO - [2025-11-14T11:10:07.708+0530] {dag.py:3947} INFO - Setting next_dagrun for structured_data_pipeline to 2025-11-14 04:59:00+00:00, run_after=2025-11-14 06:00:00+00:00
[2025-11-14T11:10:07.744+0530] {processor.py:183} INFO - Processing /home/logi/txtai/etl_pipeline/dags/dag.py took 0.774 seconds
[2025-11-14T11:10:37.829+0530] {processor.py:161} INFO - Started process (PID=15183) to work on /home/logi/txtai/etl_pipeline/dags/dag.py
[2025-11-14T11:10:37.843+0530] {processor.py:830} INFO - Processing file /home/logi/txtai/etl_pipeline/dags/dag.py for tasks to queue
[2025-11-14T11:10:37.846+0530] {logging_mixin.py:188} INFO - [2025-11-14T11:10:37.845+0530] {dagbag.py:545} INFO - Filling up the DagBag from /home/logi/txtai/etl_pipeline/dags/dag.py
[2025-11-14T11:10:38.462+0530] {processor.py:840} INFO - DAG(s) 'structured_data_pipeline' retrieved from /home/logi/txtai/etl_pipeline/dags/dag.py
[2025-11-14T11:10:38.499+0530] {logging_mixin.py:188} INFO - [2025-11-14T11:10:38.498+0530] {dag.py:3089} INFO - Sync 1 DAGs
[2025-11-14T11:10:38.521+0530] {logging_mixin.py:188} INFO - [2025-11-14T11:10:38.521+0530] {dag.py:3947} INFO - Setting next_dagrun for structured_data_pipeline to 2025-11-14 04:59:00+00:00, run_after=2025-11-14 06:00:00+00:00
[2025-11-14T11:10:38.559+0530] {processor.py:183} INFO - Processing /home/logi/txtai/etl_pipeline/dags/dag.py took 0.742 seconds
[2025-11-14T11:11:09.363+0530] {processor.py:161} INFO - Started process (PID=15458) to work on /home/logi/txtai/etl_pipeline/dags/dag.py
[2025-11-14T11:11:09.377+0530] {processor.py:830} INFO - Processing file /home/logi/txtai/etl_pipeline/dags/dag.py for tasks to queue
[2025-11-14T11:11:09.380+0530] {logging_mixin.py:188} INFO - [2025-11-14T11:11:09.379+0530] {dagbag.py:545} INFO - Filling up the DagBag from /home/logi/txtai/etl_pipeline/dags/dag.py
[2025-11-14T11:11:10.032+0530] {processor.py:840} INFO - DAG(s) 'structured_data_pipeline' retrieved from /home/logi/txtai/etl_pipeline/dags/dag.py
[2025-11-14T11:11:10.064+0530] {logging_mixin.py:188} INFO - [2025-11-14T11:11:10.063+0530] {dag.py:3089} INFO - Sync 1 DAGs
[2025-11-14T11:11:10.088+0530] {logging_mixin.py:188} INFO - [2025-11-14T11:11:10.088+0530] {dag.py:3947} INFO - Setting next_dagrun for structured_data_pipeline to 2025-11-14 04:59:00+00:00, run_after=2025-11-14 06:00:00+00:00
[2025-11-14T11:11:10.109+0530] {processor.py:183} INFO - Processing /home/logi/txtai/etl_pipeline/dags/dag.py took 0.759 seconds
[2025-11-14T11:11:40.282+0530] {processor.py:161} INFO - Started process (PID=15604) to work on /home/logi/txtai/etl_pipeline/dags/dag.py
[2025-11-14T11:11:40.296+0530] {processor.py:830} INFO - Processing file /home/logi/txtai/etl_pipeline/dags/dag.py for tasks to queue
[2025-11-14T11:11:40.299+0530] {logging_mixin.py:188} INFO - [2025-11-14T11:11:40.298+0530] {dagbag.py:545} INFO - Filling up the DagBag from /home/logi/txtai/etl_pipeline/dags/dag.py
[2025-11-14T11:11:40.841+0530] {processor.py:840} INFO - DAG(s) 'structured_data_pipeline' retrieved from /home/logi/txtai/etl_pipeline/dags/dag.py
[2025-11-14T11:11:40.869+0530] {logging_mixin.py:188} INFO - [2025-11-14T11:11:40.869+0530] {dag.py:3089} INFO - Sync 1 DAGs
[2025-11-14T11:11:40.887+0530] {logging_mixin.py:188} INFO - [2025-11-14T11:11:40.887+0530] {dag.py:3947} INFO - Setting next_dagrun for structured_data_pipeline to 2025-11-14 04:59:00+00:00, run_after=2025-11-14 06:00:00+00:00
[2025-11-14T11:11:40.919+0530] {processor.py:183} INFO - Processing /home/logi/txtai/etl_pipeline/dags/dag.py took 0.652 seconds
[2025-11-14T11:12:11.230+0530] {processor.py:161} INFO - Started process (PID=15805) to work on /home/logi/txtai/etl_pipeline/dags/dag.py
[2025-11-14T11:12:11.232+0530] {processor.py:830} INFO - Processing file /home/logi/txtai/etl_pipeline/dags/dag.py for tasks to queue
[2025-11-14T11:12:11.234+0530] {logging_mixin.py:188} INFO - [2025-11-14T11:12:11.234+0530] {dagbag.py:545} INFO - Filling up the DagBag from /home/logi/txtai/etl_pipeline/dags/dag.py
[2025-11-14T11:12:11.725+0530] {processor.py:840} INFO - DAG(s) 'structured_data_pipeline' retrieved from /home/logi/txtai/etl_pipeline/dags/dag.py
[2025-11-14T11:12:11.753+0530] {logging_mixin.py:188} INFO - [2025-11-14T11:12:11.753+0530] {dag.py:3089} INFO - Sync 1 DAGs
[2025-11-14T11:12:11.772+0530] {logging_mixin.py:188} INFO - [2025-11-14T11:12:11.772+0530] {dag.py:3947} INFO - Setting next_dagrun for structured_data_pipeline to 2025-11-14 04:59:00+00:00, run_after=2025-11-14 06:00:00+00:00
[2025-11-14T11:12:11.788+0530] {processor.py:183} INFO - Processing /home/logi/txtai/etl_pipeline/dags/dag.py took 0.568 seconds
[2025-11-14T11:12:41.858+0530] {processor.py:161} INFO - Started process (PID=15992) to work on /home/logi/txtai/etl_pipeline/dags/dag.py
[2025-11-14T11:12:41.860+0530] {processor.py:830} INFO - Processing file /home/logi/txtai/etl_pipeline/dags/dag.py for tasks to queue
[2025-11-14T11:12:41.863+0530] {logging_mixin.py:188} INFO - [2025-11-14T11:12:41.862+0530] {dagbag.py:545} INFO - Filling up the DagBag from /home/logi/txtai/etl_pipeline/dags/dag.py
[2025-11-14T11:12:42.403+0530] {processor.py:840} INFO - DAG(s) 'structured_data_pipeline' retrieved from /home/logi/txtai/etl_pipeline/dags/dag.py
[2025-11-14T11:12:42.437+0530] {logging_mixin.py:188} INFO - [2025-11-14T11:12:42.436+0530] {dag.py:3089} INFO - Sync 1 DAGs
[2025-11-14T11:12:42.463+0530] {logging_mixin.py:188} INFO - [2025-11-14T11:12:42.462+0530] {dag.py:3947} INFO - Setting next_dagrun for structured_data_pipeline to 2025-11-14 04:59:00+00:00, run_after=2025-11-14 06:00:00+00:00
[2025-11-14T11:12:42.494+0530] {processor.py:183} INFO - Processing /home/logi/txtai/etl_pipeline/dags/dag.py took 0.646 seconds
[2025-11-14T11:13:12.595+0530] {processor.py:161} INFO - Started process (PID=16216) to work on /home/logi/txtai/etl_pipeline/dags/dag.py
[2025-11-14T11:13:12.596+0530] {processor.py:830} INFO - Processing file /home/logi/txtai/etl_pipeline/dags/dag.py for tasks to queue
[2025-11-14T11:13:12.599+0530] {logging_mixin.py:188} INFO - [2025-11-14T11:13:12.598+0530] {dagbag.py:545} INFO - Filling up the DagBag from /home/logi/txtai/etl_pipeline/dags/dag.py
[2025-11-14T11:13:13.064+0530] {processor.py:840} INFO - DAG(s) 'structured_data_pipeline' retrieved from /home/logi/txtai/etl_pipeline/dags/dag.py
[2025-11-14T11:13:13.098+0530] {logging_mixin.py:188} INFO - [2025-11-14T11:13:13.098+0530] {dag.py:3089} INFO - Sync 1 DAGs
[2025-11-14T11:13:13.118+0530] {logging_mixin.py:188} INFO - [2025-11-14T11:13:13.118+0530] {dag.py:3947} INFO - Setting next_dagrun for structured_data_pipeline to 2025-11-14 04:59:00+00:00, run_after=2025-11-14 06:00:00+00:00
[2025-11-14T11:13:13.151+0530] {processor.py:183} INFO - Processing /home/logi/txtai/etl_pipeline/dags/dag.py took 0.567 seconds
[2025-11-14T11:13:43.912+0530] {processor.py:161} INFO - Started process (PID=16445) to work on /home/logi/txtai/etl_pipeline/dags/dag.py
[2025-11-14T11:13:43.925+0530] {processor.py:830} INFO - Processing file /home/logi/txtai/etl_pipeline/dags/dag.py for tasks to queue
[2025-11-14T11:13:43.927+0530] {logging_mixin.py:188} INFO - [2025-11-14T11:13:43.927+0530] {dagbag.py:545} INFO - Filling up the DagBag from /home/logi/txtai/etl_pipeline/dags/dag.py
[2025-11-14T11:13:44.413+0530] {processor.py:840} INFO - DAG(s) 'structured_data_pipeline' retrieved from /home/logi/txtai/etl_pipeline/dags/dag.py
[2025-11-14T11:13:44.449+0530] {logging_mixin.py:188} INFO - [2025-11-14T11:13:44.448+0530] {dag.py:3089} INFO - Sync 1 DAGs
[2025-11-14T11:13:44.479+0530] {logging_mixin.py:188} INFO - [2025-11-14T11:13:44.479+0530] {dag.py:3947} INFO - Setting next_dagrun for structured_data_pipeline to 2025-11-14 04:59:00+00:00, run_after=2025-11-14 06:00:00+00:00
[2025-11-14T11:13:44.511+0530] {processor.py:183} INFO - Processing /home/logi/txtai/etl_pipeline/dags/dag.py took 0.610 seconds
[2025-11-14T11:14:14.890+0530] {processor.py:161} INFO - Started process (PID=16740) to work on /home/logi/txtai/etl_pipeline/dags/dag.py
[2025-11-14T11:14:14.904+0530] {processor.py:830} INFO - Processing file /home/logi/txtai/etl_pipeline/dags/dag.py for tasks to queue
[2025-11-14T11:14:14.907+0530] {logging_mixin.py:188} INFO - [2025-11-14T11:14:14.906+0530] {dagbag.py:545} INFO - Filling up the DagBag from /home/logi/txtai/etl_pipeline/dags/dag.py
[2025-11-14T11:14:15.530+0530] {processor.py:840} INFO - DAG(s) 'structured_data_pipeline' retrieved from /home/logi/txtai/etl_pipeline/dags/dag.py
[2025-11-14T11:14:15.568+0530] {logging_mixin.py:188} INFO - [2025-11-14T11:14:15.567+0530] {dag.py:3089} INFO - Sync 1 DAGs
[2025-11-14T11:14:15.593+0530] {logging_mixin.py:188} INFO - [2025-11-14T11:14:15.593+0530] {dag.py:3947} INFO - Setting next_dagrun for structured_data_pipeline to 2025-11-14 04:59:00+00:00, run_after=2025-11-14 06:00:00+00:00
[2025-11-14T11:14:15.616+0530] {processor.py:183} INFO - Processing /home/logi/txtai/etl_pipeline/dags/dag.py took 0.738 seconds
[2025-11-14T11:14:46.018+0530] {processor.py:161} INFO - Started process (PID=17015) to work on /home/logi/txtai/etl_pipeline/dags/dag.py
[2025-11-14T11:14:46.020+0530] {processor.py:830} INFO - Processing file /home/logi/txtai/etl_pipeline/dags/dag.py for tasks to queue
[2025-11-14T11:14:46.023+0530] {logging_mixin.py:188} INFO - [2025-11-14T11:14:46.022+0530] {dagbag.py:545} INFO - Filling up the DagBag from /home/logi/txtai/etl_pipeline/dags/dag.py
[2025-11-14T11:14:46.634+0530] {processor.py:840} INFO - DAG(s) 'structured_data_pipeline' retrieved from /home/logi/txtai/etl_pipeline/dags/dag.py
[2025-11-14T11:14:46.670+0530] {logging_mixin.py:188} INFO - [2025-11-14T11:14:46.669+0530] {dag.py:3089} INFO - Sync 1 DAGs
[2025-11-14T11:14:46.694+0530] {logging_mixin.py:188} INFO - [2025-11-14T11:14:46.693+0530] {dag.py:3947} INFO - Setting next_dagrun for structured_data_pipeline to 2025-11-14 04:59:00+00:00, run_after=2025-11-14 06:00:00+00:00
[2025-11-14T11:14:46.911+0530] {processor.py:183} INFO - Processing /home/logi/txtai/etl_pipeline/dags/dag.py took 0.906 seconds
[2025-11-14T11:15:17.032+0530] {processor.py:161} INFO - Started process (PID=17156) to work on /home/logi/txtai/etl_pipeline/dags/dag.py
[2025-11-14T11:15:17.034+0530] {processor.py:830} INFO - Processing file /home/logi/txtai/etl_pipeline/dags/dag.py for tasks to queue
[2025-11-14T11:15:17.035+0530] {logging_mixin.py:188} INFO - [2025-11-14T11:15:17.035+0530] {dagbag.py:545} INFO - Filling up the DagBag from /home/logi/txtai/etl_pipeline/dags/dag.py
[2025-11-14T11:15:17.648+0530] {processor.py:840} INFO - DAG(s) 'structured_data_pipeline' retrieved from /home/logi/txtai/etl_pipeline/dags/dag.py
[2025-11-14T11:15:17.684+0530] {logging_mixin.py:188} INFO - [2025-11-14T11:15:17.683+0530] {dag.py:3089} INFO - Sync 1 DAGs
[2025-11-14T11:15:17.706+0530] {logging_mixin.py:188} INFO - [2025-11-14T11:15:17.706+0530] {dag.py:3947} INFO - Setting next_dagrun for structured_data_pipeline to 2025-11-14 04:59:00+00:00, run_after=2025-11-14 06:00:00+00:00
[2025-11-14T11:15:17.743+0530] {processor.py:183} INFO - Processing /home/logi/txtai/etl_pipeline/dags/dag.py took 0.722 seconds
[2025-11-14T11:15:48.410+0530] {processor.py:161} INFO - Started process (PID=17293) to work on /home/logi/txtai/etl_pipeline/dags/dag.py
[2025-11-14T11:15:48.424+0530] {processor.py:830} INFO - Processing file /home/logi/txtai/etl_pipeline/dags/dag.py for tasks to queue
[2025-11-14T11:15:48.427+0530] {logging_mixin.py:188} INFO - [2025-11-14T11:15:48.426+0530] {dagbag.py:545} INFO - Filling up the DagBag from /home/logi/txtai/etl_pipeline/dags/dag.py
[2025-11-14T11:15:49.068+0530] {processor.py:840} INFO - DAG(s) 'structured_data_pipeline' retrieved from /home/logi/txtai/etl_pipeline/dags/dag.py
[2025-11-14T11:15:49.105+0530] {logging_mixin.py:188} INFO - [2025-11-14T11:15:49.104+0530] {dag.py:3089} INFO - Sync 1 DAGs
[2025-11-14T11:15:49.126+0530] {logging_mixin.py:188} INFO - [2025-11-14T11:15:49.126+0530] {dag.py:3947} INFO - Setting next_dagrun for structured_data_pipeline to 2025-11-14 04:59:00+00:00, run_after=2025-11-14 06:00:00+00:00
[2025-11-14T11:15:49.149+0530] {processor.py:183} INFO - Processing /home/logi/txtai/etl_pipeline/dags/dag.py took 0.751 seconds
[2025-11-14T11:16:19.741+0530] {processor.py:161} INFO - Started process (PID=17510) to work on /home/logi/txtai/etl_pipeline/dags/dag.py
[2025-11-14T11:16:19.743+0530] {processor.py:830} INFO - Processing file /home/logi/txtai/etl_pipeline/dags/dag.py for tasks to queue
[2025-11-14T11:16:19.746+0530] {logging_mixin.py:188} INFO - [2025-11-14T11:16:19.745+0530] {dagbag.py:545} INFO - Filling up the DagBag from /home/logi/txtai/etl_pipeline/dags/dag.py
[2025-11-14T11:16:20.436+0530] {processor.py:840} INFO - DAG(s) 'structured_data_pipeline' retrieved from /home/logi/txtai/etl_pipeline/dags/dag.py
[2025-11-14T11:16:20.484+0530] {logging_mixin.py:188} INFO - [2025-11-14T11:16:20.484+0530] {dag.py:3089} INFO - Sync 1 DAGs
[2025-11-14T11:16:20.640+0530] {logging_mixin.py:188} INFO - [2025-11-14T11:16:20.639+0530] {dag.py:3947} INFO - Setting next_dagrun for structured_data_pipeline to 2025-11-14 04:59:00+00:00, run_after=2025-11-14 06:00:00+00:00
[2025-11-14T11:16:20.662+0530] {processor.py:183} INFO - Processing /home/logi/txtai/etl_pipeline/dags/dag.py took 0.935 seconds
[2025-11-14T11:16:50.756+0530] {processor.py:161} INFO - Started process (PID=17653) to work on /home/logi/txtai/etl_pipeline/dags/dag.py
[2025-11-14T11:16:50.758+0530] {processor.py:830} INFO - Processing file /home/logi/txtai/etl_pipeline/dags/dag.py for tasks to queue
[2025-11-14T11:16:50.761+0530] {logging_mixin.py:188} INFO - [2025-11-14T11:16:50.761+0530] {dagbag.py:545} INFO - Filling up the DagBag from /home/logi/txtai/etl_pipeline/dags/dag.py
[2025-11-14T11:16:51.414+0530] {processor.py:840} INFO - DAG(s) 'structured_data_pipeline' retrieved from /home/logi/txtai/etl_pipeline/dags/dag.py
[2025-11-14T11:16:51.452+0530] {logging_mixin.py:188} INFO - [2025-11-14T11:16:51.452+0530] {dag.py:3089} INFO - Sync 1 DAGs
[2025-11-14T11:16:51.601+0530] {logging_mixin.py:188} INFO - [2025-11-14T11:16:51.601+0530] {dag.py:3947} INFO - Setting next_dagrun for structured_data_pipeline to 2025-11-14 04:59:00+00:00, run_after=2025-11-14 06:00:00+00:00
[2025-11-14T11:16:51.624+0530] {processor.py:183} INFO - Processing /home/logi/txtai/etl_pipeline/dags/dag.py took 0.881 seconds
[2025-11-14T11:17:21.699+0530] {processor.py:161} INFO - Started process (PID=17831) to work on /home/logi/txtai/etl_pipeline/dags/dag.py
[2025-11-14T11:17:21.701+0530] {processor.py:830} INFO - Processing file /home/logi/txtai/etl_pipeline/dags/dag.py for tasks to queue
[2025-11-14T11:17:21.704+0530] {logging_mixin.py:188} INFO - [2025-11-14T11:17:21.703+0530] {dagbag.py:545} INFO - Filling up the DagBag from /home/logi/txtai/etl_pipeline/dags/dag.py
[2025-11-14T11:17:22.332+0530] {processor.py:840} INFO - DAG(s) 'structured_data_pipeline' retrieved from /home/logi/txtai/etl_pipeline/dags/dag.py
[2025-11-14T11:17:22.365+0530] {logging_mixin.py:188} INFO - [2025-11-14T11:17:22.365+0530] {dag.py:3089} INFO - Sync 1 DAGs
[2025-11-14T11:17:22.479+0530] {logging_mixin.py:188} INFO - [2025-11-14T11:17:22.479+0530] {dag.py:3947} INFO - Setting next_dagrun for structured_data_pipeline to 2025-11-14 04:59:00+00:00, run_after=2025-11-14 06:00:00+00:00
[2025-11-14T11:17:22.509+0530] {processor.py:183} INFO - Processing /home/logi/txtai/etl_pipeline/dags/dag.py took 0.824 seconds
[2025-11-14T11:17:53.198+0530] {processor.py:161} INFO - Started process (PID=18002) to work on /home/logi/txtai/etl_pipeline/dags/dag.py
[2025-11-14T11:17:53.212+0530] {processor.py:830} INFO - Processing file /home/logi/txtai/etl_pipeline/dags/dag.py for tasks to queue
[2025-11-14T11:17:53.216+0530] {logging_mixin.py:188} INFO - [2025-11-14T11:17:53.215+0530] {dagbag.py:545} INFO - Filling up the DagBag from /home/logi/txtai/etl_pipeline/dags/dag.py
[2025-11-14T11:17:53.873+0530] {processor.py:840} INFO - DAG(s) 'structured_data_pipeline' retrieved from /home/logi/txtai/etl_pipeline/dags/dag.py
[2025-11-14T11:17:53.908+0530] {logging_mixin.py:188} INFO - [2025-11-14T11:17:53.908+0530] {dag.py:3089} INFO - Sync 1 DAGs
[2025-11-14T11:17:54.098+0530] {logging_mixin.py:188} INFO - [2025-11-14T11:17:54.098+0530] {dag.py:3947} INFO - Setting next_dagrun for structured_data_pipeline to 2025-11-14 04:59:00+00:00, run_after=2025-11-14 06:00:00+00:00
[2025-11-14T11:17:54.132+0530] {processor.py:183} INFO - Processing /home/logi/txtai/etl_pipeline/dags/dag.py took 0.947 seconds
[2025-11-14T11:18:24.899+0530] {processor.py:161} INFO - Started process (PID=18178) to work on /home/logi/txtai/etl_pipeline/dags/dag.py
[2025-11-14T11:18:24.913+0530] {processor.py:830} INFO - Processing file /home/logi/txtai/etl_pipeline/dags/dag.py for tasks to queue
[2025-11-14T11:18:24.916+0530] {logging_mixin.py:188} INFO - [2025-11-14T11:18:24.916+0530] {dagbag.py:545} INFO - Filling up the DagBag from /home/logi/txtai/etl_pipeline/dags/dag.py
[2025-11-14T11:18:25.559+0530] {processor.py:840} INFO - DAG(s) 'structured_data_pipeline' retrieved from /home/logi/txtai/etl_pipeline/dags/dag.py
[2025-11-14T11:18:25.597+0530] {logging_mixin.py:188} INFO - [2025-11-14T11:18:25.596+0530] {dag.py:3089} INFO - Sync 1 DAGs
[2025-11-14T11:18:25.621+0530] {logging_mixin.py:188} INFO - [2025-11-14T11:18:25.621+0530] {dag.py:3947} INFO - Setting next_dagrun for structured_data_pipeline to 2025-11-14 04:59:00+00:00, run_after=2025-11-14 06:00:00+00:00
[2025-11-14T11:18:25.854+0530] {processor.py:183} INFO - Processing /home/logi/txtai/etl_pipeline/dags/dag.py took 0.967 seconds
[2025-11-14T11:18:55.973+0530] {processor.py:161} INFO - Started process (PID=18356) to work on /home/logi/txtai/etl_pipeline/dags/dag.py
[2025-11-14T11:18:55.979+0530] {processor.py:830} INFO - Processing file /home/logi/txtai/etl_pipeline/dags/dag.py for tasks to queue
[2025-11-14T11:18:55.982+0530] {logging_mixin.py:188} INFO - [2025-11-14T11:18:55.982+0530] {dagbag.py:545} INFO - Filling up the DagBag from /home/logi/txtai/etl_pipeline/dags/dag.py
[2025-11-14T11:18:56.629+0530] {processor.py:840} INFO - DAG(s) 'structured_data_pipeline' retrieved from /home/logi/txtai/etl_pipeline/dags/dag.py
[2025-11-14T11:18:56.665+0530] {logging_mixin.py:188} INFO - [2025-11-14T11:18:56.664+0530] {dag.py:3089} INFO - Sync 1 DAGs
[2025-11-14T11:18:56.688+0530] {logging_mixin.py:188} INFO - [2025-11-14T11:18:56.688+0530] {dag.py:3947} INFO - Setting next_dagrun for structured_data_pipeline to 2025-11-14 04:59:00+00:00, run_after=2025-11-14 06:00:00+00:00
[2025-11-14T11:18:56.899+0530] {processor.py:183} INFO - Processing /home/logi/txtai/etl_pipeline/dags/dag.py took 0.941 seconds
[2025-11-14T11:19:27.868+0530] {processor.py:161} INFO - Started process (PID=18535) to work on /home/logi/txtai/etl_pipeline/dags/dag.py
[2025-11-14T11:19:27.881+0530] {processor.py:830} INFO - Processing file /home/logi/txtai/etl_pipeline/dags/dag.py for tasks to queue
[2025-11-14T11:19:27.884+0530] {logging_mixin.py:188} INFO - [2025-11-14T11:19:27.883+0530] {dagbag.py:545} INFO - Filling up the DagBag from /home/logi/txtai/etl_pipeline/dags/dag.py
[2025-11-14T11:19:28.720+0530] {processor.py:840} INFO - DAG(s) 'structured_data_pipeline' retrieved from /home/logi/txtai/etl_pipeline/dags/dag.py
[2025-11-14T11:19:28.756+0530] {logging_mixin.py:188} INFO - [2025-11-14T11:19:28.755+0530] {dag.py:3089} INFO - Sync 1 DAGs
[2025-11-14T11:19:28.778+0530] {logging_mixin.py:188} INFO - [2025-11-14T11:19:28.778+0530] {dag.py:3947} INFO - Setting next_dagrun for structured_data_pipeline to 2025-11-14 04:59:00+00:00, run_after=2025-11-14 06:00:00+00:00
[2025-11-14T11:19:28.819+0530] {processor.py:183} INFO - Processing /home/logi/txtai/etl_pipeline/dags/dag.py took 0.964 seconds
[2025-11-14T11:19:58.941+0530] {processor.py:161} INFO - Started process (PID=18711) to work on /home/logi/txtai/etl_pipeline/dags/dag.py
[2025-11-14T11:19:58.958+0530] {processor.py:830} INFO - Processing file /home/logi/txtai/etl_pipeline/dags/dag.py for tasks to queue
[2025-11-14T11:19:58.963+0530] {logging_mixin.py:188} INFO - [2025-11-14T11:19:58.962+0530] {dagbag.py:545} INFO - Filling up the DagBag from /home/logi/txtai/etl_pipeline/dags/dag.py
[2025-11-14T11:19:59.798+0530] {processor.py:840} INFO - DAG(s) 'structured_data_pipeline' retrieved from /home/logi/txtai/etl_pipeline/dags/dag.py
[2025-11-14T11:19:59.834+0530] {logging_mixin.py:188} INFO - [2025-11-14T11:19:59.834+0530] {dag.py:3089} INFO - Sync 1 DAGs
[2025-11-14T11:19:59.857+0530] {logging_mixin.py:188} INFO - [2025-11-14T11:19:59.857+0530] {dag.py:3947} INFO - Setting next_dagrun for structured_data_pipeline to 2025-11-14 04:59:00+00:00, run_after=2025-11-14 06:00:00+00:00
[2025-11-14T11:19:59.881+0530] {processor.py:183} INFO - Processing /home/logi/txtai/etl_pipeline/dags/dag.py took 0.956 seconds
[2025-11-14T11:20:30.379+0530] {processor.py:161} INFO - Started process (PID=18878) to work on /home/logi/txtai/etl_pipeline/dags/dag.py
[2025-11-14T11:20:30.395+0530] {processor.py:830} INFO - Processing file /home/logi/txtai/etl_pipeline/dags/dag.py for tasks to queue
[2025-11-14T11:20:30.399+0530] {logging_mixin.py:188} INFO - [2025-11-14T11:20:30.398+0530] {dagbag.py:545} INFO - Filling up the DagBag from /home/logi/txtai/etl_pipeline/dags/dag.py
[2025-11-14T11:20:31.069+0530] {processor.py:840} INFO - DAG(s) 'structured_data_pipeline' retrieved from /home/logi/txtai/etl_pipeline/dags/dag.py
[2025-11-14T11:20:31.334+0530] {logging_mixin.py:188} INFO - [2025-11-14T11:20:31.333+0530] {dag.py:3089} INFO - Sync 1 DAGs
[2025-11-14T11:20:31.363+0530] {logging_mixin.py:188} INFO - [2025-11-14T11:20:31.363+0530] {dag.py:3947} INFO - Setting next_dagrun for structured_data_pipeline to 2025-11-14 04:59:00+00:00, run_after=2025-11-14 06:00:00+00:00
[2025-11-14T11:20:31.387+0530] {processor.py:183} INFO - Processing /home/logi/txtai/etl_pipeline/dags/dag.py took 1.025 seconds
[2025-11-14T11:21:01.628+0530] {processor.py:161} INFO - Started process (PID=19061) to work on /home/logi/txtai/etl_pipeline/dags/dag.py
[2025-11-14T11:21:01.630+0530] {processor.py:830} INFO - Processing file /home/logi/txtai/etl_pipeline/dags/dag.py for tasks to queue
[2025-11-14T11:21:01.632+0530] {logging_mixin.py:188} INFO - [2025-11-14T11:21:01.632+0530] {dagbag.py:545} INFO - Filling up the DagBag from /home/logi/txtai/etl_pipeline/dags/dag.py
[2025-11-14T11:21:02.108+0530] {processor.py:840} INFO - DAG(s) 'structured_data_pipeline' retrieved from /home/logi/txtai/etl_pipeline/dags/dag.py
[2025-11-14T11:21:02.224+0530] {logging_mixin.py:188} INFO - [2025-11-14T11:21:02.224+0530] {dag.py:3089} INFO - Sync 1 DAGs
[2025-11-14T11:21:02.243+0530] {logging_mixin.py:188} INFO - [2025-11-14T11:21:02.243+0530] {dag.py:3947} INFO - Setting next_dagrun for structured_data_pipeline to 2025-11-14 04:59:00+00:00, run_after=2025-11-14 06:00:00+00:00
[2025-11-14T11:21:02.276+0530] {processor.py:183} INFO - Processing /home/logi/txtai/etl_pipeline/dags/dag.py took 0.660 seconds
[2025-11-14T11:21:32.358+0530] {processor.py:161} INFO - Started process (PID=19224) to work on /home/logi/txtai/etl_pipeline/dags/dag.py
[2025-11-14T11:21:32.360+0530] {processor.py:830} INFO - Processing file /home/logi/txtai/etl_pipeline/dags/dag.py for tasks to queue
[2025-11-14T11:21:32.364+0530] {logging_mixin.py:188} INFO - [2025-11-14T11:21:32.363+0530] {dagbag.py:545} INFO - Filling up the DagBag from /home/logi/txtai/etl_pipeline/dags/dag.py
[2025-11-14T11:21:32.976+0530] {processor.py:840} INFO - DAG(s) 'structured_data_pipeline' retrieved from /home/logi/txtai/etl_pipeline/dags/dag.py
[2025-11-14T11:21:33.124+0530] {logging_mixin.py:188} INFO - [2025-11-14T11:21:33.124+0530] {dag.py:3089} INFO - Sync 1 DAGs
[2025-11-14T11:21:33.143+0530] {logging_mixin.py:188} INFO - [2025-11-14T11:21:33.143+0530] {dag.py:3947} INFO - Setting next_dagrun for structured_data_pipeline to 2025-11-14 04:59:00+00:00, run_after=2025-11-14 06:00:00+00:00
[2025-11-14T11:21:33.174+0530] {processor.py:183} INFO - Processing /home/logi/txtai/etl_pipeline/dags/dag.py took 0.829 seconds
[2025-11-14T11:22:03.954+0530] {processor.py:161} INFO - Started process (PID=19396) to work on /home/logi/txtai/etl_pipeline/dags/dag.py
[2025-11-14T11:22:03.968+0530] {processor.py:830} INFO - Processing file /home/logi/txtai/etl_pipeline/dags/dag.py for tasks to queue
[2025-11-14T11:22:03.971+0530] {logging_mixin.py:188} INFO - [2025-11-14T11:22:03.970+0530] {dagbag.py:545} INFO - Filling up the DagBag from /home/logi/txtai/etl_pipeline/dags/dag.py
[2025-11-14T11:22:04.807+0530] {processor.py:840} INFO - DAG(s) 'structured_data_pipeline' retrieved from /home/logi/txtai/etl_pipeline/dags/dag.py
[2025-11-14T11:22:04.852+0530] {logging_mixin.py:188} INFO - [2025-11-14T11:22:04.851+0530] {dag.py:3089} INFO - Sync 1 DAGs
[2025-11-14T11:22:04.876+0530] {logging_mixin.py:188} INFO - [2025-11-14T11:22:04.876+0530] {dag.py:3947} INFO - Setting next_dagrun for structured_data_pipeline to 2025-11-14 04:59:00+00:00, run_after=2025-11-14 06:00:00+00:00
[2025-11-14T11:22:04.915+0530] {processor.py:183} INFO - Processing /home/logi/txtai/etl_pipeline/dags/dag.py took 0.973 seconds
[2025-11-14T11:22:35.327+0530] {processor.py:161} INFO - Started process (PID=19668) to work on /home/logi/txtai/etl_pipeline/dags/dag.py
[2025-11-14T11:22:35.332+0530] {processor.py:830} INFO - Processing file /home/logi/txtai/etl_pipeline/dags/dag.py for tasks to queue
[2025-11-14T11:22:35.337+0530] {logging_mixin.py:188} INFO - [2025-11-14T11:22:35.336+0530] {dagbag.py:545} INFO - Filling up the DagBag from /home/logi/txtai/etl_pipeline/dags/dag.py
[2025-11-14T11:22:36.652+0530] {processor.py:840} INFO - DAG(s) 'structured_data_pipeline' retrieved from /home/logi/txtai/etl_pipeline/dags/dag.py
[2025-11-14T11:22:36.703+0530] {logging_mixin.py:188} INFO - [2025-11-14T11:22:36.702+0530] {dag.py:3089} INFO - Sync 1 DAGs
[2025-11-14T11:22:36.742+0530] {logging_mixin.py:188} INFO - [2025-11-14T11:22:36.742+0530] {dag.py:3947} INFO - Setting next_dagrun for structured_data_pipeline to 2025-11-14 04:59:00+00:00, run_after=2025-11-14 06:00:00+00:00
[2025-11-14T11:22:36.784+0530] {processor.py:183} INFO - Processing /home/logi/txtai/etl_pipeline/dags/dag.py took 1.470 seconds
[2025-11-14T11:23:06.959+0530] {processor.py:161} INFO - Started process (PID=19858) to work on /home/logi/txtai/etl_pipeline/dags/dag.py
[2025-11-14T11:23:06.961+0530] {processor.py:830} INFO - Processing file /home/logi/txtai/etl_pipeline/dags/dag.py for tasks to queue
[2025-11-14T11:23:06.967+0530] {logging_mixin.py:188} INFO - [2025-11-14T11:23:06.966+0530] {dagbag.py:545} INFO - Filling up the DagBag from /home/logi/txtai/etl_pipeline/dags/dag.py
[2025-11-14T11:23:08.205+0530] {processor.py:840} INFO - DAG(s) 'structured_data_pipeline' retrieved from /home/logi/txtai/etl_pipeline/dags/dag.py
[2025-11-14T11:23:08.268+0530] {logging_mixin.py:188} INFO - [2025-11-14T11:23:08.266+0530] {dag.py:3089} INFO - Sync 1 DAGs
[2025-11-14T11:23:08.321+0530] {logging_mixin.py:188} INFO - [2025-11-14T11:23:08.320+0530] {dag.py:3947} INFO - Setting next_dagrun for structured_data_pipeline to 2025-11-14 04:59:00+00:00, run_after=2025-11-14 06:00:00+00:00
[2025-11-14T11:23:08.383+0530] {processor.py:183} INFO - Processing /home/logi/txtai/etl_pipeline/dags/dag.py took 1.446 seconds
[2025-11-14T11:23:39.298+0530] {processor.py:161} INFO - Started process (PID=20038) to work on /home/logi/txtai/etl_pipeline/dags/dag.py
[2025-11-14T11:23:39.311+0530] {processor.py:830} INFO - Processing file /home/logi/txtai/etl_pipeline/dags/dag.py for tasks to queue
[2025-11-14T11:23:39.315+0530] {logging_mixin.py:188} INFO - [2025-11-14T11:23:39.314+0530] {dagbag.py:545} INFO - Filling up the DagBag from /home/logi/txtai/etl_pipeline/dags/dag.py
[2025-11-14T11:23:40.130+0530] {processor.py:840} INFO - DAG(s) 'structured_data_pipeline' retrieved from /home/logi/txtai/etl_pipeline/dags/dag.py
[2025-11-14T11:23:40.165+0530] {logging_mixin.py:188} INFO - [2025-11-14T11:23:40.164+0530] {dag.py:3089} INFO - Sync 1 DAGs
[2025-11-14T11:23:40.187+0530] {logging_mixin.py:188} INFO - [2025-11-14T11:23:40.187+0530] {dag.py:3947} INFO - Setting next_dagrun for structured_data_pipeline to 2025-11-14 04:59:00+00:00, run_after=2025-11-14 06:00:00+00:00
[2025-11-14T11:23:40.224+0530] {processor.py:183} INFO - Processing /home/logi/txtai/etl_pipeline/dags/dag.py took 0.947 seconds
[2025-11-14T11:24:10.382+0530] {processor.py:161} INFO - Started process (PID=20200) to work on /home/logi/txtai/etl_pipeline/dags/dag.py
[2025-11-14T11:24:10.384+0530] {processor.py:830} INFO - Processing file /home/logi/txtai/etl_pipeline/dags/dag.py for tasks to queue
[2025-11-14T11:24:10.387+0530] {logging_mixin.py:188} INFO - [2025-11-14T11:24:10.386+0530] {dagbag.py:545} INFO - Filling up the DagBag from /home/logi/txtai/etl_pipeline/dags/dag.py
[2025-11-14T11:24:11.002+0530] {processor.py:840} INFO - DAG(s) 'structured_data_pipeline' retrieved from /home/logi/txtai/etl_pipeline/dags/dag.py
[2025-11-14T11:24:11.038+0530] {logging_mixin.py:188} INFO - [2025-11-14T11:24:11.038+0530] {dag.py:3089} INFO - Sync 1 DAGs
[2025-11-14T11:24:11.061+0530] {logging_mixin.py:188} INFO - [2025-11-14T11:24:11.061+0530] {dag.py:3947} INFO - Setting next_dagrun for structured_data_pipeline to 2025-11-14 04:59:00+00:00, run_after=2025-11-14 06:00:00+00:00
[2025-11-14T11:24:11.097+0530] {processor.py:183} INFO - Processing /home/logi/txtai/etl_pipeline/dags/dag.py took 0.727 seconds
[2025-11-14T11:24:41.492+0530] {processor.py:161} INFO - Started process (PID=20364) to work on /home/logi/txtai/etl_pipeline/dags/dag.py
[2025-11-14T11:24:41.496+0530] {processor.py:830} INFO - Processing file /home/logi/txtai/etl_pipeline/dags/dag.py for tasks to queue
[2025-11-14T11:24:41.498+0530] {logging_mixin.py:188} INFO - [2025-11-14T11:24:41.498+0530] {dagbag.py:545} INFO - Filling up the DagBag from /home/logi/txtai/etl_pipeline/dags/dag.py
[2025-11-14T11:24:41.981+0530] {processor.py:840} INFO - DAG(s) 'structured_data_pipeline' retrieved from /home/logi/txtai/etl_pipeline/dags/dag.py
[2025-11-14T11:24:42.014+0530] {logging_mixin.py:188} INFO - [2025-11-14T11:24:42.014+0530] {dag.py:3089} INFO - Sync 1 DAGs
[2025-11-14T11:24:42.034+0530] {logging_mixin.py:188} INFO - [2025-11-14T11:24:42.034+0530] {dag.py:3947} INFO - Setting next_dagrun for structured_data_pipeline to 2025-11-14 04:59:00+00:00, run_after=2025-11-14 06:00:00+00:00
[2025-11-14T11:24:42.066+0530] {processor.py:183} INFO - Processing /home/logi/txtai/etl_pipeline/dags/dag.py took 0.580 seconds
[2025-11-14T11:25:12.882+0530] {processor.py:161} INFO - Started process (PID=20525) to work on /home/logi/txtai/etl_pipeline/dags/dag.py
[2025-11-14T11:25:12.895+0530] {processor.py:830} INFO - Processing file /home/logi/txtai/etl_pipeline/dags/dag.py for tasks to queue
[2025-11-14T11:25:12.898+0530] {logging_mixin.py:188} INFO - [2025-11-14T11:25:12.898+0530] {dagbag.py:545} INFO - Filling up the DagBag from /home/logi/txtai/etl_pipeline/dags/dag.py
[2025-11-14T11:25:13.780+0530] {processor.py:840} INFO - DAG(s) 'structured_data_pipeline' retrieved from /home/logi/txtai/etl_pipeline/dags/dag.py
[2025-11-14T11:25:13.858+0530] {logging_mixin.py:188} INFO - [2025-11-14T11:25:13.857+0530] {dag.py:3089} INFO - Sync 1 DAGs
[2025-11-14T11:25:13.913+0530] {logging_mixin.py:188} INFO - [2025-11-14T11:25:13.912+0530] {dag.py:3947} INFO - Setting next_dagrun for structured_data_pipeline to 2025-11-14 04:59:00+00:00, run_after=2025-11-14 06:00:00+00:00
[2025-11-14T11:25:13.988+0530] {processor.py:183} INFO - Processing /home/logi/txtai/etl_pipeline/dags/dag.py took 1.118 seconds
[2025-11-14T11:25:44.254+0530] {processor.py:161} INFO - Started process (PID=20697) to work on /home/logi/txtai/etl_pipeline/dags/dag.py
[2025-11-14T11:25:44.269+0530] {processor.py:830} INFO - Processing file /home/logi/txtai/etl_pipeline/dags/dag.py for tasks to queue
[2025-11-14T11:25:44.271+0530] {logging_mixin.py:188} INFO - [2025-11-14T11:25:44.271+0530] {dagbag.py:545} INFO - Filling up the DagBag from /home/logi/txtai/etl_pipeline/dags/dag.py
[2025-11-14T11:25:45.045+0530] {processor.py:840} INFO - DAG(s) 'structured_data_pipeline' retrieved from /home/logi/txtai/etl_pipeline/dags/dag.py
[2025-11-14T11:25:45.088+0530] {logging_mixin.py:188} INFO - [2025-11-14T11:25:45.087+0530] {dag.py:3089} INFO - Sync 1 DAGs
[2025-11-14T11:25:45.119+0530] {logging_mixin.py:188} INFO - [2025-11-14T11:25:45.119+0530] {dag.py:3947} INFO - Setting next_dagrun for structured_data_pipeline to 2025-11-14 04:59:00+00:00, run_after=2025-11-14 06:00:00+00:00
[2025-11-14T11:25:45.164+0530] {processor.py:183} INFO - Processing /home/logi/txtai/etl_pipeline/dags/dag.py took 0.927 seconds
[2025-11-14T11:26:15.394+0530] {processor.py:161} INFO - Started process (PID=20856) to work on /home/logi/txtai/etl_pipeline/dags/dag.py
[2025-11-14T11:26:15.409+0530] {processor.py:830} INFO - Processing file /home/logi/txtai/etl_pipeline/dags/dag.py for tasks to queue
[2025-11-14T11:26:15.414+0530] {logging_mixin.py:188} INFO - [2025-11-14T11:26:15.414+0530] {dagbag.py:545} INFO - Filling up the DagBag from /home/logi/txtai/etl_pipeline/dags/dag.py
[2025-11-14T11:26:16.192+0530] {processor.py:840} INFO - DAG(s) 'structured_data_pipeline' retrieved from /home/logi/txtai/etl_pipeline/dags/dag.py
[2025-11-14T11:26:16.244+0530] {logging_mixin.py:188} INFO - [2025-11-14T11:26:16.243+0530] {dag.py:3089} INFO - Sync 1 DAGs
[2025-11-14T11:26:16.274+0530] {logging_mixin.py:188} INFO - [2025-11-14T11:26:16.274+0530] {dag.py:3947} INFO - Setting next_dagrun for structured_data_pipeline to 2025-11-14 04:59:00+00:00, run_after=2025-11-14 06:00:00+00:00
[2025-11-14T11:26:16.325+0530] {processor.py:183} INFO - Processing /home/logi/txtai/etl_pipeline/dags/dag.py took 0.948 seconds
[2025-11-14T11:26:47.089+0530] {processor.py:161} INFO - Started process (PID=21016) to work on /home/logi/txtai/etl_pipeline/dags/dag.py
[2025-11-14T11:26:47.103+0530] {processor.py:830} INFO - Processing file /home/logi/txtai/etl_pipeline/dags/dag.py for tasks to queue
[2025-11-14T11:26:47.108+0530] {logging_mixin.py:188} INFO - [2025-11-14T11:26:47.107+0530] {dagbag.py:545} INFO - Filling up the DagBag from /home/logi/txtai/etl_pipeline/dags/dag.py
[2025-11-14T11:26:47.964+0530] {processor.py:840} INFO - DAG(s) 'structured_data_pipeline' retrieved from /home/logi/txtai/etl_pipeline/dags/dag.py
[2025-11-14T11:26:48.016+0530] {logging_mixin.py:188} INFO - [2025-11-14T11:26:48.014+0530] {dag.py:3089} INFO - Sync 1 DAGs
[2025-11-14T11:26:48.045+0530] {logging_mixin.py:188} INFO - [2025-11-14T11:26:48.045+0530] {dag.py:3947} INFO - Setting next_dagrun for structured_data_pipeline to 2025-11-14 04:59:00+00:00, run_after=2025-11-14 06:00:00+00:00
[2025-11-14T11:26:48.092+0530] {processor.py:183} INFO - Processing /home/logi/txtai/etl_pipeline/dags/dag.py took 1.022 seconds
[2025-11-14T11:27:18.512+0530] {processor.py:161} INFO - Started process (PID=21178) to work on /home/logi/txtai/etl_pipeline/dags/dag.py
[2025-11-14T11:27:18.525+0530] {processor.py:830} INFO - Processing file /home/logi/txtai/etl_pipeline/dags/dag.py for tasks to queue
[2025-11-14T11:27:18.529+0530] {logging_mixin.py:188} INFO - [2025-11-14T11:27:18.528+0530] {dagbag.py:545} INFO - Filling up the DagBag from /home/logi/txtai/etl_pipeline/dags/dag.py
[2025-11-14T11:27:19.343+0530] {processor.py:840} INFO - DAG(s) 'structured_data_pipeline' retrieved from /home/logi/txtai/etl_pipeline/dags/dag.py
[2025-11-14T11:27:19.376+0530] {logging_mixin.py:188} INFO - [2025-11-14T11:27:19.376+0530] {dag.py:3089} INFO - Sync 1 DAGs
[2025-11-14T11:27:19.395+0530] {logging_mixin.py:188} INFO - [2025-11-14T11:27:19.395+0530] {dag.py:3947} INFO - Setting next_dagrun for structured_data_pipeline to 2025-11-14 04:59:00+00:00, run_after=2025-11-14 06:00:00+00:00
[2025-11-14T11:27:19.429+0530] {processor.py:183} INFO - Processing /home/logi/txtai/etl_pipeline/dags/dag.py took 0.931 seconds
[2025-11-14T11:27:50.148+0530] {processor.py:161} INFO - Started process (PID=21337) to work on /home/logi/txtai/etl_pipeline/dags/dag.py
[2025-11-14T11:27:50.162+0530] {processor.py:830} INFO - Processing file /home/logi/txtai/etl_pipeline/dags/dag.py for tasks to queue
[2025-11-14T11:27:50.165+0530] {logging_mixin.py:188} INFO - [2025-11-14T11:27:50.165+0530] {dagbag.py:545} INFO - Filling up the DagBag from /home/logi/txtai/etl_pipeline/dags/dag.py
[2025-11-14T11:27:50.790+0530] {processor.py:840} INFO - DAG(s) 'structured_data_pipeline' retrieved from /home/logi/txtai/etl_pipeline/dags/dag.py
[2025-11-14T11:27:50.821+0530] {logging_mixin.py:188} INFO - [2025-11-14T11:27:50.821+0530] {dag.py:3089} INFO - Sync 1 DAGs
[2025-11-14T11:27:50.847+0530] {logging_mixin.py:188} INFO - [2025-11-14T11:27:50.846+0530] {dag.py:3947} INFO - Setting next_dagrun for structured_data_pipeline to 2025-11-14 04:59:00+00:00, run_after=2025-11-14 06:00:00+00:00
[2025-11-14T11:27:50.865+0530] {processor.py:183} INFO - Processing /home/logi/txtai/etl_pipeline/dags/dag.py took 0.731 seconds
[2025-11-14T11:28:21.542+0530] {processor.py:161} INFO - Started process (PID=21505) to work on /home/logi/txtai/etl_pipeline/dags/dag.py
[2025-11-14T11:28:21.558+0530] {processor.py:830} INFO - Processing file /home/logi/txtai/etl_pipeline/dags/dag.py for tasks to queue
[2025-11-14T11:28:21.566+0530] {logging_mixin.py:188} INFO - [2025-11-14T11:28:21.565+0530] {dagbag.py:545} INFO - Filling up the DagBag from /home/logi/txtai/etl_pipeline/dags/dag.py
[2025-11-14T11:28:22.445+0530] {processor.py:840} INFO - DAG(s) 'structured_data_pipeline' retrieved from /home/logi/txtai/etl_pipeline/dags/dag.py
[2025-11-14T11:28:22.483+0530] {logging_mixin.py:188} INFO - [2025-11-14T11:28:22.483+0530] {dag.py:3089} INFO - Sync 1 DAGs
[2025-11-14T11:28:22.515+0530] {logging_mixin.py:188} INFO - [2025-11-14T11:28:22.514+0530] {dag.py:3947} INFO - Setting next_dagrun for structured_data_pipeline to 2025-11-14 04:59:00+00:00, run_after=2025-11-14 06:00:00+00:00
[2025-11-14T11:28:22.560+0530] {processor.py:183} INFO - Processing /home/logi/txtai/etl_pipeline/dags/dag.py took 1.043 seconds
[2025-11-14T11:28:53.087+0530] {processor.py:161} INFO - Started process (PID=21864) to work on /home/logi/txtai/etl_pipeline/dags/dag.py
[2025-11-14T11:28:53.101+0530] {processor.py:830} INFO - Processing file /home/logi/txtai/etl_pipeline/dags/dag.py for tasks to queue
[2025-11-14T11:28:53.104+0530] {logging_mixin.py:188} INFO - [2025-11-14T11:28:53.103+0530] {dagbag.py:545} INFO - Filling up the DagBag from /home/logi/txtai/etl_pipeline/dags/dag.py
[2025-11-14T11:28:53.757+0530] {processor.py:840} INFO - DAG(s) 'structured_data_pipeline' retrieved from /home/logi/txtai/etl_pipeline/dags/dag.py
[2025-11-14T11:28:53.799+0530] {logging_mixin.py:188} INFO - [2025-11-14T11:28:53.799+0530] {dag.py:3089} INFO - Sync 1 DAGs
[2025-11-14T11:28:53.823+0530] {logging_mixin.py:188} INFO - [2025-11-14T11:28:53.823+0530] {dag.py:3947} INFO - Setting next_dagrun for structured_data_pipeline to 2025-11-14 04:59:00+00:00, run_after=2025-11-14 06:00:00+00:00
[2025-11-14T11:28:53.861+0530] {processor.py:183} INFO - Processing /home/logi/txtai/etl_pipeline/dags/dag.py took 0.786 seconds
[2025-11-14T11:29:24.456+0530] {processor.py:161} INFO - Started process (PID=22068) to work on /home/logi/txtai/etl_pipeline/dags/dag.py
[2025-11-14T11:29:24.470+0530] {processor.py:830} INFO - Processing file /home/logi/txtai/etl_pipeline/dags/dag.py for tasks to queue
[2025-11-14T11:29:24.473+0530] {logging_mixin.py:188} INFO - [2025-11-14T11:29:24.473+0530] {dagbag.py:545} INFO - Filling up the DagBag from /home/logi/txtai/etl_pipeline/dags/dag.py
[2025-11-14T11:29:25.070+0530] {processor.py:840} INFO - DAG(s) 'structured_data_pipeline' retrieved from /home/logi/txtai/etl_pipeline/dags/dag.py
[2025-11-14T11:29:25.104+0530] {logging_mixin.py:188} INFO - [2025-11-14T11:29:25.103+0530] {dag.py:3089} INFO - Sync 1 DAGs
[2025-11-14T11:29:25.125+0530] {logging_mixin.py:188} INFO - [2025-11-14T11:29:25.124+0530] {dag.py:3947} INFO - Setting next_dagrun for structured_data_pipeline to 2025-11-14 04:59:00+00:00, run_after=2025-11-14 06:00:00+00:00
[2025-11-14T11:29:25.142+0530] {processor.py:183} INFO - Processing /home/logi/txtai/etl_pipeline/dags/dag.py took 0.699 seconds
[2025-11-14T11:29:55.715+0530] {processor.py:161} INFO - Started process (PID=22315) to work on /home/logi/txtai/etl_pipeline/dags/dag.py
[2025-11-14T11:29:55.730+0530] {processor.py:830} INFO - Processing file /home/logi/txtai/etl_pipeline/dags/dag.py for tasks to queue
[2025-11-14T11:29:55.733+0530] {logging_mixin.py:188} INFO - [2025-11-14T11:29:55.732+0530] {dagbag.py:545} INFO - Filling up the DagBag from /home/logi/txtai/etl_pipeline/dags/dag.py
[2025-11-14T11:29:56.609+0530] {processor.py:840} INFO - DAG(s) 'structured_data_pipeline' retrieved from /home/logi/txtai/etl_pipeline/dags/dag.py
[2025-11-14T11:29:56.672+0530] {logging_mixin.py:188} INFO - [2025-11-14T11:29:56.670+0530] {dag.py:3089} INFO - Sync 1 DAGs
[2025-11-14T11:29:56.726+0530] {logging_mixin.py:188} INFO - [2025-11-14T11:29:56.725+0530] {dag.py:3947} INFO - Setting next_dagrun for structured_data_pipeline to 2025-11-14 04:59:00+00:00, run_after=2025-11-14 06:00:00+00:00
[2025-11-14T11:29:56.788+0530] {processor.py:183} INFO - Processing /home/logi/txtai/etl_pipeline/dags/dag.py took 1.092 seconds
[2025-11-14T11:30:27.168+0530] {processor.py:161} INFO - Started process (PID=22600) to work on /home/logi/txtai/etl_pipeline/dags/dag.py
[2025-11-14T11:30:27.183+0530] {processor.py:830} INFO - Processing file /home/logi/txtai/etl_pipeline/dags/dag.py for tasks to queue
[2025-11-14T11:30:27.187+0530] {logging_mixin.py:188} INFO - [2025-11-14T11:30:27.186+0530] {dagbag.py:545} INFO - Filling up the DagBag from /home/logi/txtai/etl_pipeline/dags/dag.py
[2025-11-14T11:30:28.014+0530] {processor.py:840} INFO - DAG(s) 'structured_data_pipeline' retrieved from /home/logi/txtai/etl_pipeline/dags/dag.py
[2025-11-14T11:30:28.058+0530] {logging_mixin.py:188} INFO - [2025-11-14T11:30:28.057+0530] {dag.py:3089} INFO - Sync 1 DAGs
[2025-11-14T11:30:28.088+0530] {logging_mixin.py:188} INFO - [2025-11-14T11:30:28.087+0530] {dag.py:3947} INFO - Setting next_dagrun for structured_data_pipeline to 2025-11-14 04:59:00+00:00, run_after=2025-11-14 06:00:00+00:00
[2025-11-14T11:30:28.136+0530] {processor.py:183} INFO - Processing /home/logi/txtai/etl_pipeline/dags/dag.py took 0.987 seconds
[2025-11-14T11:30:58.667+0530] {processor.py:161} INFO - Started process (PID=22768) to work on /home/logi/txtai/etl_pipeline/dags/dag.py
[2025-11-14T11:30:58.681+0530] {processor.py:830} INFO - Processing file /home/logi/txtai/etl_pipeline/dags/dag.py for tasks to queue
[2025-11-14T11:30:58.685+0530] {logging_mixin.py:188} INFO - [2025-11-14T11:30:58.685+0530] {dagbag.py:545} INFO - Filling up the DagBag from /home/logi/txtai/etl_pipeline/dags/dag.py
[2025-11-14T11:30:59.634+0530] {processor.py:840} INFO - DAG(s) 'structured_data_pipeline' retrieved from /home/logi/txtai/etl_pipeline/dags/dag.py
[2025-11-14T11:30:59.685+0530] {logging_mixin.py:188} INFO - [2025-11-14T11:30:59.683+0530] {dag.py:3089} INFO - Sync 1 DAGs
[2025-11-14T11:30:59.725+0530] {logging_mixin.py:188} INFO - [2025-11-14T11:30:59.724+0530] {dag.py:3947} INFO - Setting next_dagrun for structured_data_pipeline to 2025-11-14 04:59:00+00:00, run_after=2025-11-14 06:00:00+00:00
[2025-11-14T11:30:59.767+0530] {processor.py:183} INFO - Processing /home/logi/txtai/etl_pipeline/dags/dag.py took 1.111 seconds
[2025-11-14T11:31:30.025+0530] {processor.py:161} INFO - Started process (PID=23302) to work on /home/logi/txtai/etl_pipeline/dags/dag.py
[2025-11-14T11:31:30.040+0530] {processor.py:830} INFO - Processing file /home/logi/txtai/etl_pipeline/dags/dag.py for tasks to queue
[2025-11-14T11:31:30.044+0530] {logging_mixin.py:188} INFO - [2025-11-14T11:31:30.043+0530] {dagbag.py:545} INFO - Filling up the DagBag from /home/logi/txtai/etl_pipeline/dags/dag.py
[2025-11-14T11:31:30.969+0530] {processor.py:840} INFO - DAG(s) 'structured_data_pipeline' retrieved from /home/logi/txtai/etl_pipeline/dags/dag.py
[2025-11-14T11:31:31.022+0530] {logging_mixin.py:188} INFO - [2025-11-14T11:31:31.022+0530] {dag.py:3089} INFO - Sync 1 DAGs
[2025-11-14T11:31:31.057+0530] {logging_mixin.py:188} INFO - [2025-11-14T11:31:31.056+0530] {dag.py:3947} INFO - Setting next_dagrun for structured_data_pipeline to 2025-11-14 06:00:00+00:00, run_after=2025-11-14 06:01:00+00:00
[2025-11-14T11:31:31.090+0530] {processor.py:183} INFO - Processing /home/logi/txtai/etl_pipeline/dags/dag.py took 1.095 seconds
[2025-11-14T11:32:01.351+0530] {processor.py:161} INFO - Started process (PID=23657) to work on /home/logi/txtai/etl_pipeline/dags/dag.py
[2025-11-14T11:32:01.353+0530] {processor.py:830} INFO - Processing file /home/logi/txtai/etl_pipeline/dags/dag.py for tasks to queue
[2025-11-14T11:32:01.356+0530] {logging_mixin.py:188} INFO - [2025-11-14T11:32:01.355+0530] {dagbag.py:545} INFO - Filling up the DagBag from /home/logi/txtai/etl_pipeline/dags/dag.py
[2025-11-14T11:32:02.282+0530] {processor.py:840} INFO - DAG(s) 'structured_data_pipeline' retrieved from /home/logi/txtai/etl_pipeline/dags/dag.py
[2025-11-14T11:32:02.333+0530] {logging_mixin.py:188} INFO - [2025-11-14T11:32:02.332+0530] {dag.py:3089} INFO - Sync 1 DAGs
[2025-11-14T11:32:02.359+0530] {logging_mixin.py:188} INFO - [2025-11-14T11:32:02.359+0530] {dag.py:3947} INFO - Setting next_dagrun for structured_data_pipeline to 2025-11-14 06:01:00+00:00, run_after=2025-11-14 06:02:00+00:00
[2025-11-14T11:32:02.410+0530] {processor.py:183} INFO - Processing /home/logi/txtai/etl_pipeline/dags/dag.py took 1.078 seconds
[2025-11-14T11:32:32.967+0530] {processor.py:161} INFO - Started process (PID=23828) to work on /home/logi/txtai/etl_pipeline/dags/dag.py
[2025-11-14T11:32:32.980+0530] {processor.py:830} INFO - Processing file /home/logi/txtai/etl_pipeline/dags/dag.py for tasks to queue
[2025-11-14T11:32:32.983+0530] {logging_mixin.py:188} INFO - [2025-11-14T11:32:32.983+0530] {dagbag.py:545} INFO - Filling up the DagBag from /home/logi/txtai/etl_pipeline/dags/dag.py
[2025-11-14T11:32:32.989+0530] {logging_mixin.py:188} INFO - [2025-11-14T11:32:32.988+0530] {dagbag.py:355} ERROR - Failed to import: /home/logi/txtai/etl_pipeline/dags/dag.py
Traceback (most recent call last):
  File "/home/logi/txtai/venv/lib/python3.10/site-packages/airflow/models/dagbag.py", line 351, in parse
    loader.exec_module(new_module)
  File "<frozen importlib._bootstrap_external>", line 883, in exec_module
  File "<frozen importlib._bootstrap>", line 241, in _call_with_frames_removed
  File "/home/logi/txtai/etl_pipeline/dags/dag.py", line 1, in <module>
    from etl_pipeline.dags.tasks import load_config
  File "/home/logi/txtai/etl_pipeline/__init__.py", line 17, in <module>
    from . import connector
ImportError: cannot import name 'connector' from partially initialized module 'etl_pipeline' (most likely due to a circular import) (/home/logi/txtai/etl_pipeline/__init__.py)
[2025-11-14T11:32:32.990+0530] {processor.py:842} WARNING - No viable dags retrieved from /home/logi/txtai/etl_pipeline/dags/dag.py
[2025-11-14T11:32:33.052+0530] {processor.py:183} INFO - Processing /home/logi/txtai/etl_pipeline/dags/dag.py took 0.098 seconds
[2025-11-14T11:33:03.115+0530] {processor.py:161} INFO - Started process (PID=23992) to work on /home/logi/txtai/etl_pipeline/dags/dag.py
[2025-11-14T11:33:03.117+0530] {processor.py:830} INFO - Processing file /home/logi/txtai/etl_pipeline/dags/dag.py for tasks to queue
[2025-11-14T11:33:03.123+0530] {logging_mixin.py:188} INFO - [2025-11-14T11:33:03.121+0530] {dagbag.py:545} INFO - Filling up the DagBag from /home/logi/txtai/etl_pipeline/dags/dag.py
[2025-11-14T11:33:03.130+0530] {logging_mixin.py:188} INFO - [2025-11-14T11:33:03.129+0530] {dagbag.py:355} ERROR - Failed to import: /home/logi/txtai/etl_pipeline/dags/dag.py
Traceback (most recent call last):
  File "/home/logi/txtai/venv/lib/python3.10/site-packages/airflow/models/dagbag.py", line 351, in parse
    loader.exec_module(new_module)
  File "<frozen importlib._bootstrap_external>", line 883, in exec_module
  File "<frozen importlib._bootstrap>", line 241, in _call_with_frames_removed
  File "/home/logi/txtai/etl_pipeline/dags/dag.py", line 1, in <module>
    from etl_pipeline.dags.tasks import load_config
  File "/home/logi/txtai/etl_pipeline/__init__.py", line 17, in <module>
    from . import connector
ImportError: cannot import name 'connector' from partially initialized module 'etl_pipeline' (most likely due to a circular import) (/home/logi/txtai/etl_pipeline/__init__.py)
[2025-11-14T11:33:03.131+0530] {processor.py:842} WARNING - No viable dags retrieved from /home/logi/txtai/etl_pipeline/dags/dag.py
[2025-11-14T11:33:03.186+0530] {processor.py:183} INFO - Processing /home/logi/txtai/etl_pipeline/dags/dag.py took 0.085 seconds
[2025-11-14T11:33:33.945+0530] {processor.py:161} INFO - Started process (PID=24205) to work on /home/logi/txtai/etl_pipeline/dags/dag.py
[2025-11-14T11:33:33.947+0530] {processor.py:830} INFO - Processing file /home/logi/txtai/etl_pipeline/dags/dag.py for tasks to queue
[2025-11-14T11:33:33.949+0530] {logging_mixin.py:188} INFO - [2025-11-14T11:33:33.948+0530] {dagbag.py:545} INFO - Filling up the DagBag from /home/logi/txtai/etl_pipeline/dags/dag.py
[2025-11-14T11:33:33.953+0530] {logging_mixin.py:188} INFO - [2025-11-14T11:33:33.952+0530] {dagbag.py:355} ERROR - Failed to import: /home/logi/txtai/etl_pipeline/dags/dag.py
Traceback (most recent call last):
  File "/home/logi/txtai/venv/lib/python3.10/site-packages/airflow/models/dagbag.py", line 351, in parse
    loader.exec_module(new_module)
  File "<frozen importlib._bootstrap_external>", line 883, in exec_module
  File "<frozen importlib._bootstrap>", line 241, in _call_with_frames_removed
  File "/home/logi/txtai/etl_pipeline/dags/dag.py", line 1, in <module>
    from etl_pipeline.dags.tasks import load_config
  File "/home/logi/txtai/etl_pipeline/__init__.py", line 17, in <module>
    from . import connector
ImportError: cannot import name 'connector' from partially initialized module 'etl_pipeline' (most likely due to a circular import) (/home/logi/txtai/etl_pipeline/__init__.py)
[2025-11-14T11:33:33.953+0530] {processor.py:842} WARNING - No viable dags retrieved from /home/logi/txtai/etl_pipeline/dags/dag.py
[2025-11-14T11:33:34.006+0530] {processor.py:183} INFO - Processing /home/logi/txtai/etl_pipeline/dags/dag.py took 0.069 seconds
[2025-11-14T11:35:00.462+0530] {processor.py:161} INFO - Started process (PID=24598) to work on /home/logi/txtai/etl_pipeline/dags/dag.py
[2025-11-14T11:35:00.464+0530] {processor.py:830} INFO - Processing file /home/logi/txtai/etl_pipeline/dags/dag.py for tasks to queue
[2025-11-14T11:35:00.466+0530] {logging_mixin.py:188} INFO - [2025-11-14T11:35:00.466+0530] {dagbag.py:545} INFO - Filling up the DagBag from /home/logi/txtai/etl_pipeline/dags/dag.py
[2025-11-14T11:35:00.471+0530] {logging_mixin.py:188} INFO - [2025-11-14T11:35:00.470+0530] {dagbag.py:355} ERROR - Failed to import: /home/logi/txtai/etl_pipeline/dags/dag.py
Traceback (most recent call last):
  File "/home/logi/txtai/venv/lib/python3.10/site-packages/airflow/models/dagbag.py", line 351, in parse
    loader.exec_module(new_module)
  File "<frozen importlib._bootstrap_external>", line 883, in exec_module
  File "<frozen importlib._bootstrap>", line 241, in _call_with_frames_removed
  File "/home/logi/txtai/etl_pipeline/dags/dag.py", line 1, in <module>
    from etl_pipeline.dags.tasks import load_config
  File "/home/logi/txtai/etl_pipeline/__init__.py", line 17, in <module>
    from . import connector
ImportError: cannot import name 'connector' from partially initialized module 'etl_pipeline' (most likely due to a circular import) (/home/logi/txtai/etl_pipeline/__init__.py)
[2025-11-14T11:35:00.472+0530] {processor.py:842} WARNING - No viable dags retrieved from /home/logi/txtai/etl_pipeline/dags/dag.py
[2025-11-14T11:35:00.518+0530] {processor.py:183} INFO - Processing /home/logi/txtai/etl_pipeline/dags/dag.py took 0.068 seconds
[2025-11-14T11:40:42.703+0530] {processor.py:161} INFO - Started process (PID=26123) to work on /home/logi/txtai/etl_pipeline/dags/dag.py
[2025-11-14T11:40:42.707+0530] {processor.py:830} INFO - Processing file /home/logi/txtai/etl_pipeline/dags/dag.py for tasks to queue
[2025-11-14T11:40:42.713+0530] {logging_mixin.py:188} INFO - [2025-11-14T11:40:42.712+0530] {dagbag.py:545} INFO - Filling up the DagBag from /home/logi/txtai/etl_pipeline/dags/dag.py
[2025-11-14T11:40:42.726+0530] {logging_mixin.py:188} INFO - [2025-11-14T11:40:42.723+0530] {dagbag.py:355} ERROR - Failed to import: /home/logi/txtai/etl_pipeline/dags/dag.py
Traceback (most recent call last):
  File "/home/logi/txtai/venv/lib/python3.10/site-packages/airflow/models/dagbag.py", line 351, in parse
    loader.exec_module(new_module)
  File "<frozen importlib._bootstrap_external>", line 883, in exec_module
  File "<frozen importlib._bootstrap>", line 241, in _call_with_frames_removed
  File "/home/logi/txtai/etl_pipeline/dags/dag.py", line 1, in <module>
    from etl_pipeline.dags.tasks import load_config
  File "/home/logi/txtai/etl_pipeline/__init__.py", line 17, in <module>
    from . import connector
ImportError: cannot import name 'connector' from partially initialized module 'etl_pipeline' (most likely due to a circular import) (/home/logi/txtai/etl_pipeline/__init__.py)
[2025-11-14T11:40:42.727+0530] {processor.py:842} WARNING - No viable dags retrieved from /home/logi/txtai/etl_pipeline/dags/dag.py
[2025-11-14T11:40:42.769+0530] {processor.py:183} INFO - Processing /home/logi/txtai/etl_pipeline/dags/dag.py took 0.076 seconds
[2025-11-14T11:41:13.320+0530] {processor.py:161} INFO - Started process (PID=26385) to work on /home/logi/txtai/etl_pipeline/dags/dag.py
[2025-11-14T11:41:13.322+0530] {processor.py:830} INFO - Processing file /home/logi/txtai/etl_pipeline/dags/dag.py for tasks to queue
[2025-11-14T11:41:13.325+0530] {logging_mixin.py:188} INFO - [2025-11-14T11:41:13.324+0530] {dagbag.py:545} INFO - Filling up the DagBag from /home/logi/txtai/etl_pipeline/dags/dag.py
[2025-11-14T11:41:13.331+0530] {logging_mixin.py:188} INFO - [2025-11-14T11:41:13.330+0530] {dagbag.py:355} ERROR - Failed to import: /home/logi/txtai/etl_pipeline/dags/dag.py
Traceback (most recent call last):
  File "/home/logi/txtai/venv/lib/python3.10/site-packages/airflow/models/dagbag.py", line 351, in parse
    loader.exec_module(new_module)
  File "<frozen importlib._bootstrap_external>", line 883, in exec_module
  File "<frozen importlib._bootstrap>", line 241, in _call_with_frames_removed
  File "/home/logi/txtai/etl_pipeline/dags/dag.py", line 1, in <module>
    from etl_pipeline.dags.tasks import load_config
  File "/home/logi/txtai/etl_pipeline/__init__.py", line 17, in <module>
    from . import connector
ImportError: cannot import name 'connector' from partially initialized module 'etl_pipeline' (most likely due to a circular import) (/home/logi/txtai/etl_pipeline/__init__.py)
[2025-11-14T11:41:13.332+0530] {processor.py:842} WARNING - No viable dags retrieved from /home/logi/txtai/etl_pipeline/dags/dag.py
[2025-11-14T11:41:13.391+0530] {processor.py:183} INFO - Processing /home/logi/txtai/etl_pipeline/dags/dag.py took 0.083 seconds
[2025-11-14T11:41:43.543+0530] {processor.py:161} INFO - Started process (PID=26545) to work on /home/logi/txtai/etl_pipeline/dags/dag.py
[2025-11-14T11:41:43.546+0530] {processor.py:830} INFO - Processing file /home/logi/txtai/etl_pipeline/dags/dag.py for tasks to queue
[2025-11-14T11:41:43.550+0530] {logging_mixin.py:188} INFO - [2025-11-14T11:41:43.550+0530] {dagbag.py:545} INFO - Filling up the DagBag from /home/logi/txtai/etl_pipeline/dags/dag.py
[2025-11-14T11:41:43.557+0530] {logging_mixin.py:188} INFO - [2025-11-14T11:41:43.556+0530] {dagbag.py:355} ERROR - Failed to import: /home/logi/txtai/etl_pipeline/dags/dag.py
Traceback (most recent call last):
  File "/home/logi/txtai/venv/lib/python3.10/site-packages/airflow/models/dagbag.py", line 351, in parse
    loader.exec_module(new_module)
  File "<frozen importlib._bootstrap_external>", line 883, in exec_module
  File "<frozen importlib._bootstrap>", line 241, in _call_with_frames_removed
  File "/home/logi/txtai/etl_pipeline/dags/dag.py", line 1, in <module>
    from etl_pipeline.dags.tasks import load_config
  File "/home/logi/txtai/etl_pipeline/__init__.py", line 17, in <module>
    from . import connector
ImportError: cannot import name 'connector' from partially initialized module 'etl_pipeline' (most likely due to a circular import) (/home/logi/txtai/etl_pipeline/__init__.py)
[2025-11-14T11:41:43.558+0530] {processor.py:842} WARNING - No viable dags retrieved from /home/logi/txtai/etl_pipeline/dags/dag.py
[2025-11-14T11:41:43.628+0530] {processor.py:183} INFO - Processing /home/logi/txtai/etl_pipeline/dags/dag.py took 0.109 seconds
[2025-11-14T11:42:14.188+0530] {processor.py:161} INFO - Started process (PID=26691) to work on /home/logi/txtai/etl_pipeline/dags/dag.py
[2025-11-14T11:42:14.202+0530] {processor.py:830} INFO - Processing file /home/logi/txtai/etl_pipeline/dags/dag.py for tasks to queue
[2025-11-14T11:42:14.205+0530] {logging_mixin.py:188} INFO - [2025-11-14T11:42:14.205+0530] {dagbag.py:545} INFO - Filling up the DagBag from /home/logi/txtai/etl_pipeline/dags/dag.py
[2025-11-14T11:42:14.211+0530] {logging_mixin.py:188} INFO - [2025-11-14T11:42:14.209+0530] {dagbag.py:355} ERROR - Failed to import: /home/logi/txtai/etl_pipeline/dags/dag.py
Traceback (most recent call last):
  File "/home/logi/txtai/venv/lib/python3.10/site-packages/airflow/models/dagbag.py", line 351, in parse
    loader.exec_module(new_module)
  File "<frozen importlib._bootstrap_external>", line 883, in exec_module
  File "<frozen importlib._bootstrap>", line 241, in _call_with_frames_removed
  File "/home/logi/txtai/etl_pipeline/dags/dag.py", line 1, in <module>
    from etl_pipeline.dags.tasks import load_config
  File "/home/logi/txtai/etl_pipeline/__init__.py", line 17, in <module>
    from . import connector
ImportError: cannot import name 'connector' from partially initialized module 'etl_pipeline' (most likely due to a circular import) (/home/logi/txtai/etl_pipeline/__init__.py)
[2025-11-14T11:42:14.212+0530] {processor.py:842} WARNING - No viable dags retrieved from /home/logi/txtai/etl_pipeline/dags/dag.py
[2025-11-14T11:42:14.265+0530] {processor.py:183} INFO - Processing /home/logi/txtai/etl_pipeline/dags/dag.py took 0.093 seconds
[2025-11-14T11:42:44.402+0530] {processor.py:161} INFO - Started process (PID=26884) to work on /home/logi/txtai/etl_pipeline/dags/dag.py
[2025-11-14T11:42:44.404+0530] {processor.py:830} INFO - Processing file /home/logi/txtai/etl_pipeline/dags/dag.py for tasks to queue
[2025-11-14T11:42:44.407+0530] {logging_mixin.py:188} INFO - [2025-11-14T11:42:44.406+0530] {dagbag.py:545} INFO - Filling up the DagBag from /home/logi/txtai/etl_pipeline/dags/dag.py
[2025-11-14T11:42:45.096+0530] {logging_mixin.py:188} INFO - [2025-11-14T11:42:45.095+0530] {dagbag.py:355} ERROR - Failed to import: /home/logi/txtai/etl_pipeline/dags/dag.py
Traceback (most recent call last):
  File "/home/logi/txtai/venv/lib/python3.10/site-packages/airflow/models/dagbag.py", line 351, in parse
    loader.exec_module(new_module)
  File "<frozen importlib._bootstrap_external>", line 883, in exec_module
  File "<frozen importlib._bootstrap>", line 241, in _call_with_frames_removed
  File "/home/logi/txtai/etl_pipeline/dags/dag.py", line 1, in <module>
    from etl_pipeline.dags.tasks import load_config
  File "/home/logi/txtai/etl_pipeline/dags/tasks.py", line 27, in <module>
    CONFIG = load_config()
  File "/home/logi/txtai/etl_pipeline/dags/tasks.py", line 21, in load_config
    with open(config_path, 'r') as f:
FileNotFoundError: [Errno 2] No such file or directory: '/home/logi/txtai/etl_pipeline/config/etl_config.yaml'
[2025-11-14T11:42:45.097+0530] {processor.py:842} WARNING - No viable dags retrieved from /home/logi/txtai/etl_pipeline/dags/dag.py
[2025-11-14T11:42:45.136+0530] {processor.py:183} INFO - Processing /home/logi/txtai/etl_pipeline/dags/dag.py took 0.746 seconds
[2025-11-14T11:43:11.505+0530] {processor.py:161} INFO - Started process (PID=27272) to work on /home/logi/txtai/etl_pipeline/dags/dag.py
[2025-11-14T11:43:11.507+0530] {processor.py:830} INFO - Processing file /home/logi/txtai/etl_pipeline/dags/dag.py for tasks to queue
[2025-11-14T11:43:11.510+0530] {logging_mixin.py:188} INFO - [2025-11-14T11:43:11.510+0530] {dagbag.py:545} INFO - Filling up the DagBag from /home/logi/txtai/etl_pipeline/dags/dag.py
[2025-11-14T11:43:12.165+0530] {logging_mixin.py:188} INFO - [2025-11-14T11:43:12.163+0530] {dagbag.py:355} ERROR - Failed to import: /home/logi/txtai/etl_pipeline/dags/dag.py
Traceback (most recent call last):
  File "/home/logi/txtai/venv/lib/python3.10/site-packages/airflow/models/dagbag.py", line 351, in parse
    loader.exec_module(new_module)
  File "<frozen importlib._bootstrap_external>", line 883, in exec_module
  File "<frozen importlib._bootstrap>", line 241, in _call_with_frames_removed
  File "/home/logi/txtai/etl_pipeline/dags/dag.py", line 1, in <module>
    from etl_pipeline.dags.tasks import load_config
  File "/home/logi/txtai/etl_pipeline/dags/tasks.py", line 27, in <module>
    CONFIG = load_config()
  File "/home/logi/txtai/etl_pipeline/dags/tasks.py", line 21, in load_config
    with open(config_path, 'r') as f:
FileNotFoundError: [Errno 2] No such file or directory: '/home/logi/txtai/etl_pipeline/config/etl_config.yaml'
[2025-11-14T11:43:12.166+0530] {processor.py:842} WARNING - No viable dags retrieved from /home/logi/txtai/etl_pipeline/dags/dag.py
[2025-11-14T11:43:12.202+0530] {processor.py:183} INFO - Processing /home/logi/txtai/etl_pipeline/dags/dag.py took 0.708 seconds
[2025-11-14T11:43:42.310+0530] {processor.py:161} INFO - Started process (PID=27539) to work on /home/logi/txtai/etl_pipeline/dags/dag.py
[2025-11-14T11:43:42.324+0530] {processor.py:830} INFO - Processing file /home/logi/txtai/etl_pipeline/dags/dag.py for tasks to queue
[2025-11-14T11:43:42.328+0530] {logging_mixin.py:188} INFO - [2025-11-14T11:43:42.327+0530] {dagbag.py:545} INFO - Filling up the DagBag from /home/logi/txtai/etl_pipeline/dags/dag.py
[2025-11-14T11:43:42.994+0530] {logging_mixin.py:188} INFO - [2025-11-14T11:43:42.993+0530] {dagbag.py:355} ERROR - Failed to import: /home/logi/txtai/etl_pipeline/dags/dag.py
Traceback (most recent call last):
  File "/home/logi/txtai/venv/lib/python3.10/site-packages/airflow/models/dagbag.py", line 351, in parse
    loader.exec_module(new_module)
  File "<frozen importlib._bootstrap_external>", line 883, in exec_module
  File "<frozen importlib._bootstrap>", line 241, in _call_with_frames_removed
  File "/home/logi/txtai/etl_pipeline/dags/dag.py", line 1, in <module>
    from etl_pipeline.dags.tasks import load_config
  File "/home/logi/txtai/etl_pipeline/dags/tasks.py", line 27, in <module>
    CONFIG = load_config()
  File "/home/logi/txtai/etl_pipeline/dags/tasks.py", line 21, in load_config
    with open(config_path, 'r') as f:
FileNotFoundError: [Errno 2] No such file or directory: '/home/logi/txtai/etl_pipeline/config/etl_config.yaml'
[2025-11-14T11:43:42.994+0530] {processor.py:842} WARNING - No viable dags retrieved from /home/logi/txtai/etl_pipeline/dags/dag.py
[2025-11-14T11:43:43.020+0530] {processor.py:183} INFO - Processing /home/logi/txtai/etl_pipeline/dags/dag.py took 0.725 seconds
[2025-11-14T11:44:13.134+0530] {processor.py:161} INFO - Started process (PID=27732) to work on /home/logi/txtai/etl_pipeline/dags/dag.py
[2025-11-14T11:44:13.136+0530] {processor.py:830} INFO - Processing file /home/logi/txtai/etl_pipeline/dags/dag.py for tasks to queue
[2025-11-14T11:44:13.139+0530] {logging_mixin.py:188} INFO - [2025-11-14T11:44:13.139+0530] {dagbag.py:545} INFO - Filling up the DagBag from /home/logi/txtai/etl_pipeline/dags/dag.py
[2025-11-14T11:44:13.770+0530] {logging_mixin.py:188} INFO - [2025-11-14T11:44:13.769+0530] {dagbag.py:355} ERROR - Failed to import: /home/logi/txtai/etl_pipeline/dags/dag.py
Traceback (most recent call last):
  File "/home/logi/txtai/venv/lib/python3.10/site-packages/airflow/models/dagbag.py", line 351, in parse
    loader.exec_module(new_module)
  File "<frozen importlib._bootstrap_external>", line 883, in exec_module
  File "<frozen importlib._bootstrap>", line 241, in _call_with_frames_removed
  File "/home/logi/txtai/etl_pipeline/dags/dag.py", line 1, in <module>
    from etl_pipeline.dags.tasks import load_config
  File "/home/logi/txtai/etl_pipeline/dags/tasks.py", line 27, in <module>
    CONFIG = load_config()
  File "/home/logi/txtai/etl_pipeline/dags/tasks.py", line 21, in load_config
    with open(config_path, 'r') as f:
FileNotFoundError: [Errno 2] No such file or directory: '/home/logi/txtai/etl_pipeline/config/etl_config.yaml'
[2025-11-14T11:44:13.770+0530] {processor.py:842} WARNING - No viable dags retrieved from /home/logi/txtai/etl_pipeline/dags/dag.py
[2025-11-14T11:44:13.816+0530] {processor.py:183} INFO - Processing /home/logi/txtai/etl_pipeline/dags/dag.py took 0.691 seconds
[2025-11-14T11:44:44.321+0530] {processor.py:161} INFO - Started process (PID=27936) to work on /home/logi/txtai/etl_pipeline/dags/dag.py
[2025-11-14T11:44:44.337+0530] {processor.py:830} INFO - Processing file /home/logi/txtai/etl_pipeline/dags/dag.py for tasks to queue
[2025-11-14T11:44:44.345+0530] {logging_mixin.py:188} INFO - [2025-11-14T11:44:44.344+0530] {dagbag.py:545} INFO - Filling up the DagBag from /home/logi/txtai/etl_pipeline/dags/dag.py
[2025-11-14T11:44:45.055+0530] {logging_mixin.py:188} INFO - [2025-11-14T11:44:45.054+0530] {dagbag.py:355} ERROR - Failed to import: /home/logi/txtai/etl_pipeline/dags/dag.py
Traceback (most recent call last):
  File "/home/logi/txtai/venv/lib/python3.10/site-packages/airflow/models/dagbag.py", line 351, in parse
    loader.exec_module(new_module)
  File "<frozen importlib._bootstrap_external>", line 883, in exec_module
  File "<frozen importlib._bootstrap>", line 241, in _call_with_frames_removed
  File "/home/logi/txtai/etl_pipeline/dags/dag.py", line 1, in <module>
    from etl_pipeline.dags.tasks import load_config
  File "/home/logi/txtai/etl_pipeline/dags/tasks.py", line 27, in <module>
    CONFIG = load_config()
  File "/home/logi/txtai/etl_pipeline/dags/tasks.py", line 21, in load_config
    with open(config_path, 'r') as f:
FileNotFoundError: [Errno 2] No such file or directory: '/home/logi/txtai/etl_pipeline/config/etl_config.yaml'
[2025-11-14T11:44:45.055+0530] {processor.py:842} WARNING - No viable dags retrieved from /home/logi/txtai/etl_pipeline/dags/dag.py
[2025-11-14T11:44:45.085+0530] {processor.py:183} INFO - Processing /home/logi/txtai/etl_pipeline/dags/dag.py took 0.779 seconds
[2025-11-14T11:45:15.251+0530] {processor.py:161} INFO - Started process (PID=28100) to work on /home/logi/txtai/etl_pipeline/dags/dag.py
[2025-11-14T11:45:15.252+0530] {processor.py:830} INFO - Processing file /home/logi/txtai/etl_pipeline/dags/dag.py for tasks to queue
[2025-11-14T11:45:15.254+0530] {logging_mixin.py:188} INFO - [2025-11-14T11:45:15.254+0530] {dagbag.py:545} INFO - Filling up the DagBag from /home/logi/txtai/etl_pipeline/dags/dag.py
[2025-11-14T11:45:15.971+0530] {logging_mixin.py:188} INFO - [2025-11-14T11:45:15.969+0530] {dagbag.py:355} ERROR - Failed to import: /home/logi/txtai/etl_pipeline/dags/dag.py
Traceback (most recent call last):
  File "/home/logi/txtai/venv/lib/python3.10/site-packages/airflow/models/dagbag.py", line 351, in parse
    loader.exec_module(new_module)
  File "<frozen importlib._bootstrap_external>", line 883, in exec_module
  File "<frozen importlib._bootstrap>", line 241, in _call_with_frames_removed
  File "/home/logi/txtai/etl_pipeline/dags/dag.py", line 1, in <module>
    from etl_pipeline.dags.tasks import load_config
  File "/home/logi/txtai/etl_pipeline/dags/tasks.py", line 27, in <module>
    CONFIG = load_config()
  File "/home/logi/txtai/etl_pipeline/dags/tasks.py", line 21, in load_config
    with open(config_path, 'r') as f:
FileNotFoundError: [Errno 2] No such file or directory: '/home/logi/txtai/etl_pipeline/config/etl_config.yaml'
[2025-11-14T11:45:15.971+0530] {processor.py:842} WARNING - No viable dags retrieved from /home/logi/txtai/etl_pipeline/dags/dag.py
[2025-11-14T11:45:16.006+0530] {processor.py:183} INFO - Processing /home/logi/txtai/etl_pipeline/dags/dag.py took 0.763 seconds
[2025-11-14T11:45:46.309+0530] {processor.py:161} INFO - Started process (PID=28323) to work on /home/logi/txtai/etl_pipeline/dags/dag.py
[2025-11-14T11:45:46.311+0530] {processor.py:830} INFO - Processing file /home/logi/txtai/etl_pipeline/dags/dag.py for tasks to queue
[2025-11-14T11:45:46.316+0530] {logging_mixin.py:188} INFO - [2025-11-14T11:45:46.316+0530] {dagbag.py:545} INFO - Filling up the DagBag from /home/logi/txtai/etl_pipeline/dags/dag.py
[2025-11-14T11:45:47.854+0530] {processor.py:840} INFO - DAG(s) 'structured_data_pipeline' retrieved from /home/logi/txtai/etl_pipeline/dags/dag.py
[2025-11-14T11:45:48.180+0530] {logging_mixin.py:188} INFO - [2025-11-14T11:45:48.179+0530] {dag.py:3089} INFO - Sync 1 DAGs
[2025-11-14T11:45:48.244+0530] {logging_mixin.py:188} INFO - [2025-11-14T11:45:48.243+0530] {dag.py:3947} INFO - Setting next_dagrun for structured_data_pipeline to 2025-11-14 06:14:00+00:00, run_after=2025-11-14 06:15:00+00:00
[2025-11-14T11:45:48.314+0530] {processor.py:183} INFO - Processing /home/logi/txtai/etl_pipeline/dags/dag.py took 2.019 seconds
[2025-11-14T11:46:18.690+0530] {processor.py:161} INFO - Started process (PID=28952) to work on /home/logi/txtai/etl_pipeline/dags/dag.py
[2025-11-14T11:46:18.691+0530] {processor.py:830} INFO - Processing file /home/logi/txtai/etl_pipeline/dags/dag.py for tasks to queue
[2025-11-14T11:46:18.693+0530] {logging_mixin.py:188} INFO - [2025-11-14T11:46:18.693+0530] {dagbag.py:545} INFO - Filling up the DagBag from /home/logi/txtai/etl_pipeline/dags/dag.py
[2025-11-14T11:46:19.297+0530] {processor.py:840} INFO - DAG(s) 'structured_data_pipeline' retrieved from /home/logi/txtai/etl_pipeline/dags/dag.py
[2025-11-14T11:46:19.333+0530] {logging_mixin.py:188} INFO - [2025-11-14T11:46:19.332+0530] {dag.py:3089} INFO - Sync 1 DAGs
[2025-11-14T11:46:19.376+0530] {processor.py:183} INFO - Processing /home/logi/txtai/etl_pipeline/dags/dag.py took 0.693 seconds
[2025-11-14T11:46:49.530+0530] {processor.py:161} INFO - Started process (PID=29668) to work on /home/logi/txtai/etl_pipeline/dags/dag.py
[2025-11-14T11:46:49.539+0530] {processor.py:830} INFO - Processing file /home/logi/txtai/etl_pipeline/dags/dag.py for tasks to queue
[2025-11-14T11:46:49.541+0530] {logging_mixin.py:188} INFO - [2025-11-14T11:46:49.541+0530] {dagbag.py:545} INFO - Filling up the DagBag from /home/logi/txtai/etl_pipeline/dags/dag.py
[2025-11-14T11:46:50.217+0530] {processor.py:840} INFO - DAG(s) 'structured_data_pipeline' retrieved from /home/logi/txtai/etl_pipeline/dags/dag.py
[2025-11-14T11:46:50.253+0530] {logging_mixin.py:188} INFO - [2025-11-14T11:46:50.252+0530] {dag.py:3089} INFO - Sync 1 DAGs
[2025-11-14T11:46:50.294+0530] {processor.py:183} INFO - Processing /home/logi/txtai/etl_pipeline/dags/dag.py took 0.777 seconds
[2025-11-14T11:47:20.491+0530] {processor.py:161} INFO - Started process (PID=30419) to work on /home/logi/txtai/etl_pipeline/dags/dag.py
[2025-11-14T11:47:20.493+0530] {processor.py:830} INFO - Processing file /home/logi/txtai/etl_pipeline/dags/dag.py for tasks to queue
[2025-11-14T11:47:20.495+0530] {logging_mixin.py:188} INFO - [2025-11-14T11:47:20.495+0530] {dagbag.py:545} INFO - Filling up the DagBag from /home/logi/txtai/etl_pipeline/dags/dag.py
[2025-11-14T11:47:21.192+0530] {processor.py:840} INFO - DAG(s) 'structured_data_pipeline' retrieved from /home/logi/txtai/etl_pipeline/dags/dag.py
[2025-11-14T11:47:21.228+0530] {logging_mixin.py:188} INFO - [2025-11-14T11:47:21.227+0530] {dag.py:3089} INFO - Sync 1 DAGs
[2025-11-14T11:47:21.273+0530] {processor.py:183} INFO - Processing /home/logi/txtai/etl_pipeline/dags/dag.py took 0.795 seconds
