[2025-11-14T10:48:43.369+0530] {processor.py:161} INFO - Started process (PID=5870) to work on /home/logi/txtai/venv/lib/python3.10/site-packages/airflow/example_dags/plugins/listener_plugin.py
[2025-11-14T10:48:43.371+0530] {processor.py:830} INFO - Processing file /home/logi/txtai/venv/lib/python3.10/site-packages/airflow/example_dags/plugins/listener_plugin.py for tasks to queue
[2025-11-14T10:48:43.374+0530] {logging_mixin.py:188} INFO - [2025-11-14T10:48:43.374+0530] {dagbag.py:545} INFO - Filling up the DagBag from /home/logi/txtai/venv/lib/python3.10/site-packages/airflow/example_dags/plugins/listener_plugin.py
[2025-11-14T10:48:43.380+0530] {processor.py:842} WARNING - No viable dags retrieved from /home/logi/txtai/venv/lib/python3.10/site-packages/airflow/example_dags/plugins/listener_plugin.py
[2025-11-14T10:48:43.449+0530] {processor.py:183} INFO - Processing /home/logi/txtai/venv/lib/python3.10/site-packages/airflow/example_dags/plugins/listener_plugin.py took 0.089 seconds
[2025-11-14T10:49:13.770+0530] {processor.py:161} INFO - Started process (PID=6488) to work on /home/logi/txtai/venv/lib/python3.10/site-packages/airflow/example_dags/plugins/listener_plugin.py
[2025-11-14T10:49:13.773+0530] {processor.py:830} INFO - Processing file /home/logi/txtai/venv/lib/python3.10/site-packages/airflow/example_dags/plugins/listener_plugin.py for tasks to queue
[2025-11-14T10:49:13.776+0530] {logging_mixin.py:188} INFO - [2025-11-14T10:49:13.776+0530] {dagbag.py:545} INFO - Filling up the DagBag from /home/logi/txtai/venv/lib/python3.10/site-packages/airflow/example_dags/plugins/listener_plugin.py
[2025-11-14T10:49:13.779+0530] {processor.py:842} WARNING - No viable dags retrieved from /home/logi/txtai/venv/lib/python3.10/site-packages/airflow/example_dags/plugins/listener_plugin.py
[2025-11-14T10:49:13.814+0530] {processor.py:183} INFO - Processing /home/logi/txtai/venv/lib/python3.10/site-packages/airflow/example_dags/plugins/listener_plugin.py took 0.066 seconds
[2025-11-14T10:49:44.082+0530] {processor.py:161} INFO - Started process (PID=7107) to work on /home/logi/txtai/venv/lib/python3.10/site-packages/airflow/example_dags/plugins/listener_plugin.py
[2025-11-14T10:49:44.098+0530] {processor.py:830} INFO - Processing file /home/logi/txtai/venv/lib/python3.10/site-packages/airflow/example_dags/plugins/listener_plugin.py for tasks to queue
[2025-11-14T10:49:44.109+0530] {logging_mixin.py:188} INFO - [2025-11-14T10:49:44.104+0530] {dagbag.py:545} INFO - Filling up the DagBag from /home/logi/txtai/venv/lib/python3.10/site-packages/airflow/example_dags/plugins/listener_plugin.py
[2025-11-14T10:49:44.126+0530] {processor.py:842} WARNING - No viable dags retrieved from /home/logi/txtai/venv/lib/python3.10/site-packages/airflow/example_dags/plugins/listener_plugin.py
[2025-11-14T10:49:44.175+0530] {processor.py:183} INFO - Processing /home/logi/txtai/venv/lib/python3.10/site-packages/airflow/example_dags/plugins/listener_plugin.py took 0.127 seconds
[2025-11-14T10:50:14.814+0530] {processor.py:161} INFO - Started process (PID=7697) to work on /home/logi/txtai/venv/lib/python3.10/site-packages/airflow/example_dags/plugins/listener_plugin.py
[2025-11-14T10:50:14.816+0530] {processor.py:830} INFO - Processing file /home/logi/txtai/venv/lib/python3.10/site-packages/airflow/example_dags/plugins/listener_plugin.py for tasks to queue
[2025-11-14T10:50:14.819+0530] {logging_mixin.py:188} INFO - [2025-11-14T10:50:14.818+0530] {dagbag.py:545} INFO - Filling up the DagBag from /home/logi/txtai/venv/lib/python3.10/site-packages/airflow/example_dags/plugins/listener_plugin.py
[2025-11-14T10:50:14.827+0530] {processor.py:842} WARNING - No viable dags retrieved from /home/logi/txtai/venv/lib/python3.10/site-packages/airflow/example_dags/plugins/listener_plugin.py
[2025-11-14T10:50:14.864+0530] {processor.py:183} INFO - Processing /home/logi/txtai/venv/lib/python3.10/site-packages/airflow/example_dags/plugins/listener_plugin.py took 0.061 seconds
[2025-11-14T10:50:45.384+0530] {processor.py:161} INFO - Started process (PID=7998) to work on /home/logi/txtai/venv/lib/python3.10/site-packages/airflow/example_dags/plugins/listener_plugin.py
[2025-11-14T10:50:45.399+0530] {processor.py:830} INFO - Processing file /home/logi/txtai/venv/lib/python3.10/site-packages/airflow/example_dags/plugins/listener_plugin.py for tasks to queue
[2025-11-14T10:50:45.407+0530] {logging_mixin.py:188} INFO - [2025-11-14T10:50:45.406+0530] {dagbag.py:545} INFO - Filling up the DagBag from /home/logi/txtai/venv/lib/python3.10/site-packages/airflow/example_dags/plugins/listener_plugin.py
[2025-11-14T10:50:45.413+0530] {processor.py:842} WARNING - No viable dags retrieved from /home/logi/txtai/venv/lib/python3.10/site-packages/airflow/example_dags/plugins/listener_plugin.py
[2025-11-14T10:50:45.444+0530] {processor.py:183} INFO - Processing /home/logi/txtai/venv/lib/python3.10/site-packages/airflow/example_dags/plugins/listener_plugin.py took 0.071 seconds
[2025-11-14T10:51:15.551+0530] {processor.py:161} INFO - Started process (PID=8196) to work on /home/logi/txtai/venv/lib/python3.10/site-packages/airflow/example_dags/plugins/listener_plugin.py
[2025-11-14T10:51:15.564+0530] {processor.py:830} INFO - Processing file /home/logi/txtai/venv/lib/python3.10/site-packages/airflow/example_dags/plugins/listener_plugin.py for tasks to queue
[2025-11-14T10:51:15.566+0530] {logging_mixin.py:188} INFO - [2025-11-14T10:51:15.566+0530] {dagbag.py:545} INFO - Filling up the DagBag from /home/logi/txtai/venv/lib/python3.10/site-packages/airflow/example_dags/plugins/listener_plugin.py
[2025-11-14T10:51:15.570+0530] {processor.py:842} WARNING - No viable dags retrieved from /home/logi/txtai/venv/lib/python3.10/site-packages/airflow/example_dags/plugins/listener_plugin.py
[2025-11-14T10:51:15.606+0530] {processor.py:183} INFO - Processing /home/logi/txtai/venv/lib/python3.10/site-packages/airflow/example_dags/plugins/listener_plugin.py took 0.066 seconds
[2025-11-14T10:51:45.791+0530] {processor.py:161} INFO - Started process (PID=8341) to work on /home/logi/txtai/venv/lib/python3.10/site-packages/airflow/example_dags/plugins/listener_plugin.py
[2025-11-14T10:51:45.804+0530] {processor.py:830} INFO - Processing file /home/logi/txtai/venv/lib/python3.10/site-packages/airflow/example_dags/plugins/listener_plugin.py for tasks to queue
[2025-11-14T10:51:45.806+0530] {logging_mixin.py:188} INFO - [2025-11-14T10:51:45.806+0530] {dagbag.py:545} INFO - Filling up the DagBag from /home/logi/txtai/venv/lib/python3.10/site-packages/airflow/example_dags/plugins/listener_plugin.py
[2025-11-14T10:51:45.811+0530] {processor.py:842} WARNING - No viable dags retrieved from /home/logi/txtai/venv/lib/python3.10/site-packages/airflow/example_dags/plugins/listener_plugin.py
[2025-11-14T10:51:45.854+0530] {processor.py:183} INFO - Processing /home/logi/txtai/venv/lib/python3.10/site-packages/airflow/example_dags/plugins/listener_plugin.py took 0.071 seconds
[2025-11-14T10:52:16.281+0530] {processor.py:161} INFO - Started process (PID=8497) to work on /home/logi/txtai/venv/lib/python3.10/site-packages/airflow/example_dags/plugins/listener_plugin.py
[2025-11-14T10:52:16.294+0530] {processor.py:830} INFO - Processing file /home/logi/txtai/venv/lib/python3.10/site-packages/airflow/example_dags/plugins/listener_plugin.py for tasks to queue
[2025-11-14T10:52:16.299+0530] {logging_mixin.py:188} INFO - [2025-11-14T10:52:16.298+0530] {dagbag.py:545} INFO - Filling up the DagBag from /home/logi/txtai/venv/lib/python3.10/site-packages/airflow/example_dags/plugins/listener_plugin.py
[2025-11-14T10:52:16.304+0530] {processor.py:842} WARNING - No viable dags retrieved from /home/logi/txtai/venv/lib/python3.10/site-packages/airflow/example_dags/plugins/listener_plugin.py
[2025-11-14T10:52:16.360+0530] {processor.py:183} INFO - Processing /home/logi/txtai/venv/lib/python3.10/site-packages/airflow/example_dags/plugins/listener_plugin.py took 0.101 seconds
[2025-11-14T10:52:47.033+0530] {processor.py:161} INFO - Started process (PID=8656) to work on /home/logi/txtai/venv/lib/python3.10/site-packages/airflow/example_dags/plugins/listener_plugin.py
[2025-11-14T10:52:47.035+0530] {processor.py:830} INFO - Processing file /home/logi/txtai/venv/lib/python3.10/site-packages/airflow/example_dags/plugins/listener_plugin.py for tasks to queue
[2025-11-14T10:52:47.041+0530] {logging_mixin.py:188} INFO - [2025-11-14T10:52:47.039+0530] {dagbag.py:545} INFO - Filling up the DagBag from /home/logi/txtai/venv/lib/python3.10/site-packages/airflow/example_dags/plugins/listener_plugin.py
[2025-11-14T10:52:47.046+0530] {processor.py:842} WARNING - No viable dags retrieved from /home/logi/txtai/venv/lib/python3.10/site-packages/airflow/example_dags/plugins/listener_plugin.py
[2025-11-14T10:52:47.097+0530] {processor.py:183} INFO - Processing /home/logi/txtai/venv/lib/python3.10/site-packages/airflow/example_dags/plugins/listener_plugin.py took 0.083 seconds
[2025-11-14T10:53:17.355+0530] {processor.py:161} INFO - Started process (PID=8786) to work on /home/logi/txtai/venv/lib/python3.10/site-packages/airflow/example_dags/plugins/listener_plugin.py
[2025-11-14T10:53:17.357+0530] {processor.py:830} INFO - Processing file /home/logi/txtai/venv/lib/python3.10/site-packages/airflow/example_dags/plugins/listener_plugin.py for tasks to queue
[2025-11-14T10:53:17.360+0530] {logging_mixin.py:188} INFO - [2025-11-14T10:53:17.359+0530] {dagbag.py:545} INFO - Filling up the DagBag from /home/logi/txtai/venv/lib/python3.10/site-packages/airflow/example_dags/plugins/listener_plugin.py
[2025-11-14T10:53:17.368+0530] {processor.py:842} WARNING - No viable dags retrieved from /home/logi/txtai/venv/lib/python3.10/site-packages/airflow/example_dags/plugins/listener_plugin.py
[2025-11-14T10:53:17.418+0530] {processor.py:183} INFO - Processing /home/logi/txtai/venv/lib/python3.10/site-packages/airflow/example_dags/plugins/listener_plugin.py took 0.074 seconds
[2025-11-14T10:53:48.256+0530] {processor.py:161} INFO - Started process (PID=8942) to work on /home/logi/txtai/venv/lib/python3.10/site-packages/airflow/example_dags/plugins/listener_plugin.py
[2025-11-14T10:53:48.258+0530] {processor.py:830} INFO - Processing file /home/logi/txtai/venv/lib/python3.10/site-packages/airflow/example_dags/plugins/listener_plugin.py for tasks to queue
[2025-11-14T10:53:48.260+0530] {logging_mixin.py:188} INFO - [2025-11-14T10:53:48.260+0530] {dagbag.py:545} INFO - Filling up the DagBag from /home/logi/txtai/venv/lib/python3.10/site-packages/airflow/example_dags/plugins/listener_plugin.py
[2025-11-14T10:53:48.266+0530] {processor.py:842} WARNING - No viable dags retrieved from /home/logi/txtai/venv/lib/python3.10/site-packages/airflow/example_dags/plugins/listener_plugin.py
[2025-11-14T10:53:48.306+0530] {processor.py:183} INFO - Processing /home/logi/txtai/venv/lib/python3.10/site-packages/airflow/example_dags/plugins/listener_plugin.py took 0.069 seconds
[2025-11-14T10:54:18.450+0530] {processor.py:161} INFO - Started process (PID=9200) to work on /home/logi/txtai/venv/lib/python3.10/site-packages/airflow/example_dags/plugins/listener_plugin.py
[2025-11-14T10:54:18.464+0530] {processor.py:830} INFO - Processing file /home/logi/txtai/venv/lib/python3.10/site-packages/airflow/example_dags/plugins/listener_plugin.py for tasks to queue
[2025-11-14T10:54:18.467+0530] {logging_mixin.py:188} INFO - [2025-11-14T10:54:18.467+0530] {dagbag.py:545} INFO - Filling up the DagBag from /home/logi/txtai/venv/lib/python3.10/site-packages/airflow/example_dags/plugins/listener_plugin.py
[2025-11-14T10:54:18.471+0530] {processor.py:842} WARNING - No viable dags retrieved from /home/logi/txtai/venv/lib/python3.10/site-packages/airflow/example_dags/plugins/listener_plugin.py
[2025-11-14T10:54:18.503+0530] {processor.py:183} INFO - Processing /home/logi/txtai/venv/lib/python3.10/site-packages/airflow/example_dags/plugins/listener_plugin.py took 0.069 seconds
[2025-11-14T10:54:48.648+0530] {processor.py:161} INFO - Started process (PID=9351) to work on /home/logi/txtai/venv/lib/python3.10/site-packages/airflow/example_dags/plugins/listener_plugin.py
[2025-11-14T10:54:48.661+0530] {processor.py:830} INFO - Processing file /home/logi/txtai/venv/lib/python3.10/site-packages/airflow/example_dags/plugins/listener_plugin.py for tasks to queue
[2025-11-14T10:54:48.665+0530] {logging_mixin.py:188} INFO - [2025-11-14T10:54:48.665+0530] {dagbag.py:545} INFO - Filling up the DagBag from /home/logi/txtai/venv/lib/python3.10/site-packages/airflow/example_dags/plugins/listener_plugin.py
[2025-11-14T10:54:48.671+0530] {processor.py:842} WARNING - No viable dags retrieved from /home/logi/txtai/venv/lib/python3.10/site-packages/airflow/example_dags/plugins/listener_plugin.py
[2025-11-14T10:54:48.707+0530] {processor.py:183} INFO - Processing /home/logi/txtai/venv/lib/python3.10/site-packages/airflow/example_dags/plugins/listener_plugin.py took 0.066 seconds
[2025-11-14T10:55:18.789+0530] {processor.py:161} INFO - Started process (PID=9489) to work on /home/logi/txtai/venv/lib/python3.10/site-packages/airflow/example_dags/plugins/listener_plugin.py
[2025-11-14T10:55:18.802+0530] {processor.py:830} INFO - Processing file /home/logi/txtai/venv/lib/python3.10/site-packages/airflow/example_dags/plugins/listener_plugin.py for tasks to queue
[2025-11-14T10:55:18.805+0530] {logging_mixin.py:188} INFO - [2025-11-14T10:55:18.804+0530] {dagbag.py:545} INFO - Filling up the DagBag from /home/logi/txtai/venv/lib/python3.10/site-packages/airflow/example_dags/plugins/listener_plugin.py
[2025-11-14T10:55:18.812+0530] {processor.py:842} WARNING - No viable dags retrieved from /home/logi/txtai/venv/lib/python3.10/site-packages/airflow/example_dags/plugins/listener_plugin.py
[2025-11-14T10:55:18.855+0530] {processor.py:183} INFO - Processing /home/logi/txtai/venv/lib/python3.10/site-packages/airflow/example_dags/plugins/listener_plugin.py took 0.078 seconds
[2025-11-14T10:55:49.414+0530] {processor.py:161} INFO - Started process (PID=9626) to work on /home/logi/txtai/venv/lib/python3.10/site-packages/airflow/example_dags/plugins/listener_plugin.py
[2025-11-14T10:55:49.428+0530] {processor.py:830} INFO - Processing file /home/logi/txtai/venv/lib/python3.10/site-packages/airflow/example_dags/plugins/listener_plugin.py for tasks to queue
[2025-11-14T10:55:49.430+0530] {logging_mixin.py:188} INFO - [2025-11-14T10:55:49.429+0530] {dagbag.py:545} INFO - Filling up the DagBag from /home/logi/txtai/venv/lib/python3.10/site-packages/airflow/example_dags/plugins/listener_plugin.py
[2025-11-14T10:55:49.432+0530] {processor.py:842} WARNING - No viable dags retrieved from /home/logi/txtai/venv/lib/python3.10/site-packages/airflow/example_dags/plugins/listener_plugin.py
[2025-11-14T10:55:49.477+0530] {processor.py:183} INFO - Processing /home/logi/txtai/venv/lib/python3.10/site-packages/airflow/example_dags/plugins/listener_plugin.py took 0.072 seconds
[2025-11-14T10:56:20.031+0530] {processor.py:161} INFO - Started process (PID=9774) to work on /home/logi/txtai/venv/lib/python3.10/site-packages/airflow/example_dags/plugins/listener_plugin.py
[2025-11-14T10:56:20.050+0530] {processor.py:830} INFO - Processing file /home/logi/txtai/venv/lib/python3.10/site-packages/airflow/example_dags/plugins/listener_plugin.py for tasks to queue
[2025-11-14T10:56:20.060+0530] {logging_mixin.py:188} INFO - [2025-11-14T10:56:20.058+0530] {dagbag.py:545} INFO - Filling up the DagBag from /home/logi/txtai/venv/lib/python3.10/site-packages/airflow/example_dags/plugins/listener_plugin.py
[2025-11-14T10:56:20.075+0530] {processor.py:842} WARNING - No viable dags retrieved from /home/logi/txtai/venv/lib/python3.10/site-packages/airflow/example_dags/plugins/listener_plugin.py
[2025-11-14T10:56:20.186+0530] {processor.py:183} INFO - Processing /home/logi/txtai/venv/lib/python3.10/site-packages/airflow/example_dags/plugins/listener_plugin.py took 0.193 seconds
[2025-11-14T10:56:50.668+0530] {processor.py:161} INFO - Started process (PID=9930) to work on /home/logi/txtai/venv/lib/python3.10/site-packages/airflow/example_dags/plugins/listener_plugin.py
[2025-11-14T10:56:50.669+0530] {processor.py:830} INFO - Processing file /home/logi/txtai/venv/lib/python3.10/site-packages/airflow/example_dags/plugins/listener_plugin.py for tasks to queue
[2025-11-14T10:56:50.672+0530] {logging_mixin.py:188} INFO - [2025-11-14T10:56:50.672+0530] {dagbag.py:545} INFO - Filling up the DagBag from /home/logi/txtai/venv/lib/python3.10/site-packages/airflow/example_dags/plugins/listener_plugin.py
[2025-11-14T10:56:50.676+0530] {processor.py:842} WARNING - No viable dags retrieved from /home/logi/txtai/venv/lib/python3.10/site-packages/airflow/example_dags/plugins/listener_plugin.py
[2025-11-14T10:56:50.714+0530] {processor.py:183} INFO - Processing /home/logi/txtai/venv/lib/python3.10/site-packages/airflow/example_dags/plugins/listener_plugin.py took 0.057 seconds
[2025-11-14T10:57:20.761+0530] {processor.py:161} INFO - Started process (PID=10061) to work on /home/logi/txtai/venv/lib/python3.10/site-packages/airflow/example_dags/plugins/listener_plugin.py
[2025-11-14T10:57:20.775+0530] {processor.py:830} INFO - Processing file /home/logi/txtai/venv/lib/python3.10/site-packages/airflow/example_dags/plugins/listener_plugin.py for tasks to queue
[2025-11-14T10:57:20.779+0530] {logging_mixin.py:188} INFO - [2025-11-14T10:57:20.778+0530] {dagbag.py:545} INFO - Filling up the DagBag from /home/logi/txtai/venv/lib/python3.10/site-packages/airflow/example_dags/plugins/listener_plugin.py
[2025-11-14T10:57:20.783+0530] {processor.py:842} WARNING - No viable dags retrieved from /home/logi/txtai/venv/lib/python3.10/site-packages/airflow/example_dags/plugins/listener_plugin.py
[2025-11-14T10:57:20.819+0530] {processor.py:183} INFO - Processing /home/logi/txtai/venv/lib/python3.10/site-packages/airflow/example_dags/plugins/listener_plugin.py took 0.073 seconds
[2025-11-14T10:57:51.364+0530] {processor.py:161} INFO - Started process (PID=10193) to work on /home/logi/txtai/venv/lib/python3.10/site-packages/airflow/example_dags/plugins/listener_plugin.py
[2025-11-14T10:57:51.378+0530] {processor.py:830} INFO - Processing file /home/logi/txtai/venv/lib/python3.10/site-packages/airflow/example_dags/plugins/listener_plugin.py for tasks to queue
[2025-11-14T10:57:51.383+0530] {logging_mixin.py:188} INFO - [2025-11-14T10:57:51.382+0530] {dagbag.py:545} INFO - Filling up the DagBag from /home/logi/txtai/venv/lib/python3.10/site-packages/airflow/example_dags/plugins/listener_plugin.py
[2025-11-14T10:57:51.387+0530] {processor.py:842} WARNING - No viable dags retrieved from /home/logi/txtai/venv/lib/python3.10/site-packages/airflow/example_dags/plugins/listener_plugin.py
[2025-11-14T10:57:51.433+0530] {processor.py:183} INFO - Processing /home/logi/txtai/venv/lib/python3.10/site-packages/airflow/example_dags/plugins/listener_plugin.py took 0.080 seconds
[2025-11-14T10:58:21.530+0530] {processor.py:161} INFO - Started process (PID=10322) to work on /home/logi/txtai/venv/lib/python3.10/site-packages/airflow/example_dags/plugins/listener_plugin.py
[2025-11-14T10:58:21.543+0530] {processor.py:830} INFO - Processing file /home/logi/txtai/venv/lib/python3.10/site-packages/airflow/example_dags/plugins/listener_plugin.py for tasks to queue
[2025-11-14T10:58:21.545+0530] {logging_mixin.py:188} INFO - [2025-11-14T10:58:21.545+0530] {dagbag.py:545} INFO - Filling up the DagBag from /home/logi/txtai/venv/lib/python3.10/site-packages/airflow/example_dags/plugins/listener_plugin.py
[2025-11-14T10:58:21.548+0530] {processor.py:842} WARNING - No viable dags retrieved from /home/logi/txtai/venv/lib/python3.10/site-packages/airflow/example_dags/plugins/listener_plugin.py
[2025-11-14T10:58:21.599+0530] {processor.py:183} INFO - Processing /home/logi/txtai/venv/lib/python3.10/site-packages/airflow/example_dags/plugins/listener_plugin.py took 0.079 seconds
[2025-11-14T10:58:52.496+0530] {processor.py:161} INFO - Started process (PID=10481) to work on /home/logi/txtai/venv/lib/python3.10/site-packages/airflow/example_dags/plugins/listener_plugin.py
[2025-11-14T10:58:52.499+0530] {processor.py:830} INFO - Processing file /home/logi/txtai/venv/lib/python3.10/site-packages/airflow/example_dags/plugins/listener_plugin.py for tasks to queue
[2025-11-14T10:58:52.505+0530] {logging_mixin.py:188} INFO - [2025-11-14T10:58:52.505+0530] {dagbag.py:545} INFO - Filling up the DagBag from /home/logi/txtai/venv/lib/python3.10/site-packages/airflow/example_dags/plugins/listener_plugin.py
[2025-11-14T10:58:52.510+0530] {processor.py:842} WARNING - No viable dags retrieved from /home/logi/txtai/venv/lib/python3.10/site-packages/airflow/example_dags/plugins/listener_plugin.py
[2025-11-14T10:58:52.554+0530] {processor.py:183} INFO - Processing /home/logi/txtai/venv/lib/python3.10/site-packages/airflow/example_dags/plugins/listener_plugin.py took 0.069 seconds
[2025-11-14T10:59:22.758+0530] {processor.py:161} INFO - Started process (PID=10610) to work on /home/logi/txtai/venv/lib/python3.10/site-packages/airflow/example_dags/plugins/listener_plugin.py
[2025-11-14T10:59:22.760+0530] {processor.py:830} INFO - Processing file /home/logi/txtai/venv/lib/python3.10/site-packages/airflow/example_dags/plugins/listener_plugin.py for tasks to queue
[2025-11-14T10:59:22.762+0530] {logging_mixin.py:188} INFO - [2025-11-14T10:59:22.762+0530] {dagbag.py:545} INFO - Filling up the DagBag from /home/logi/txtai/venv/lib/python3.10/site-packages/airflow/example_dags/plugins/listener_plugin.py
[2025-11-14T10:59:22.769+0530] {processor.py:842} WARNING - No viable dags retrieved from /home/logi/txtai/venv/lib/python3.10/site-packages/airflow/example_dags/plugins/listener_plugin.py
[2025-11-14T10:59:22.812+0530] {processor.py:183} INFO - Processing /home/logi/txtai/venv/lib/python3.10/site-packages/airflow/example_dags/plugins/listener_plugin.py took 0.065 seconds
[2025-11-14T10:59:53.026+0530] {processor.py:161} INFO - Started process (PID=10740) to work on /home/logi/txtai/venv/lib/python3.10/site-packages/airflow/example_dags/plugins/listener_plugin.py
[2025-11-14T10:59:53.027+0530] {processor.py:830} INFO - Processing file /home/logi/txtai/venv/lib/python3.10/site-packages/airflow/example_dags/plugins/listener_plugin.py for tasks to queue
[2025-11-14T10:59:53.029+0530] {logging_mixin.py:188} INFO - [2025-11-14T10:59:53.029+0530] {dagbag.py:545} INFO - Filling up the DagBag from /home/logi/txtai/venv/lib/python3.10/site-packages/airflow/example_dags/plugins/listener_plugin.py
[2025-11-14T10:59:53.033+0530] {processor.py:842} WARNING - No viable dags retrieved from /home/logi/txtai/venv/lib/python3.10/site-packages/airflow/example_dags/plugins/listener_plugin.py
[2025-11-14T10:59:53.069+0530] {processor.py:183} INFO - Processing /home/logi/txtai/venv/lib/python3.10/site-packages/airflow/example_dags/plugins/listener_plugin.py took 0.060 seconds
[2025-11-14T11:00:23.316+0530] {processor.py:161} INFO - Started process (PID=10869) to work on /home/logi/txtai/venv/lib/python3.10/site-packages/airflow/example_dags/plugins/listener_plugin.py
[2025-11-14T11:00:23.319+0530] {processor.py:830} INFO - Processing file /home/logi/txtai/venv/lib/python3.10/site-packages/airflow/example_dags/plugins/listener_plugin.py for tasks to queue
[2025-11-14T11:00:23.324+0530] {logging_mixin.py:188} INFO - [2025-11-14T11:00:23.323+0530] {dagbag.py:545} INFO - Filling up the DagBag from /home/logi/txtai/venv/lib/python3.10/site-packages/airflow/example_dags/plugins/listener_plugin.py
[2025-11-14T11:00:23.328+0530] {processor.py:842} WARNING - No viable dags retrieved from /home/logi/txtai/venv/lib/python3.10/site-packages/airflow/example_dags/plugins/listener_plugin.py
[2025-11-14T11:00:23.376+0530] {processor.py:183} INFO - Processing /home/logi/txtai/venv/lib/python3.10/site-packages/airflow/example_dags/plugins/listener_plugin.py took 0.071 seconds
[2025-11-14T11:00:53.699+0530] {processor.py:161} INFO - Started process (PID=10998) to work on /home/logi/txtai/venv/lib/python3.10/site-packages/airflow/example_dags/plugins/listener_plugin.py
[2025-11-14T11:00:53.713+0530] {processor.py:830} INFO - Processing file /home/logi/txtai/venv/lib/python3.10/site-packages/airflow/example_dags/plugins/listener_plugin.py for tasks to queue
[2025-11-14T11:00:53.718+0530] {logging_mixin.py:188} INFO - [2025-11-14T11:00:53.717+0530] {dagbag.py:545} INFO - Filling up the DagBag from /home/logi/txtai/venv/lib/python3.10/site-packages/airflow/example_dags/plugins/listener_plugin.py
[2025-11-14T11:00:53.723+0530] {processor.py:842} WARNING - No viable dags retrieved from /home/logi/txtai/venv/lib/python3.10/site-packages/airflow/example_dags/plugins/listener_plugin.py
[2025-11-14T11:00:53.769+0530] {processor.py:183} INFO - Processing /home/logi/txtai/venv/lib/python3.10/site-packages/airflow/example_dags/plugins/listener_plugin.py took 0.081 seconds
[2025-11-14T11:01:24.117+0530] {processor.py:161} INFO - Started process (PID=11130) to work on /home/logi/txtai/venv/lib/python3.10/site-packages/airflow/example_dags/plugins/listener_plugin.py
[2025-11-14T11:01:24.119+0530] {processor.py:830} INFO - Processing file /home/logi/txtai/venv/lib/python3.10/site-packages/airflow/example_dags/plugins/listener_plugin.py for tasks to queue
[2025-11-14T11:01:24.124+0530] {logging_mixin.py:188} INFO - [2025-11-14T11:01:24.123+0530] {dagbag.py:545} INFO - Filling up the DagBag from /home/logi/txtai/venv/lib/python3.10/site-packages/airflow/example_dags/plugins/listener_plugin.py
[2025-11-14T11:01:24.128+0530] {processor.py:842} WARNING - No viable dags retrieved from /home/logi/txtai/venv/lib/python3.10/site-packages/airflow/example_dags/plugins/listener_plugin.py
[2025-11-14T11:01:24.187+0530] {processor.py:183} INFO - Processing /home/logi/txtai/venv/lib/python3.10/site-packages/airflow/example_dags/plugins/listener_plugin.py took 0.092 seconds
[2025-11-14T11:01:54.525+0530] {processor.py:161} INFO - Started process (PID=11258) to work on /home/logi/txtai/venv/lib/python3.10/site-packages/airflow/example_dags/plugins/listener_plugin.py
[2025-11-14T11:01:54.527+0530] {processor.py:830} INFO - Processing file /home/logi/txtai/venv/lib/python3.10/site-packages/airflow/example_dags/plugins/listener_plugin.py for tasks to queue
[2025-11-14T11:01:54.530+0530] {logging_mixin.py:188} INFO - [2025-11-14T11:01:54.530+0530] {dagbag.py:545} INFO - Filling up the DagBag from /home/logi/txtai/venv/lib/python3.10/site-packages/airflow/example_dags/plugins/listener_plugin.py
[2025-11-14T11:01:54.535+0530] {processor.py:842} WARNING - No viable dags retrieved from /home/logi/txtai/venv/lib/python3.10/site-packages/airflow/example_dags/plugins/listener_plugin.py
[2025-11-14T11:01:54.574+0530] {processor.py:183} INFO - Processing /home/logi/txtai/venv/lib/python3.10/site-packages/airflow/example_dags/plugins/listener_plugin.py took 0.060 seconds
[2025-11-14T11:02:25.238+0530] {processor.py:161} INFO - Started process (PID=11399) to work on /home/logi/txtai/venv/lib/python3.10/site-packages/airflow/example_dags/plugins/listener_plugin.py
[2025-11-14T11:02:25.239+0530] {processor.py:830} INFO - Processing file /home/logi/txtai/venv/lib/python3.10/site-packages/airflow/example_dags/plugins/listener_plugin.py for tasks to queue
[2025-11-14T11:02:25.240+0530] {logging_mixin.py:188} INFO - [2025-11-14T11:02:25.240+0530] {dagbag.py:545} INFO - Filling up the DagBag from /home/logi/txtai/venv/lib/python3.10/site-packages/airflow/example_dags/plugins/listener_plugin.py
[2025-11-14T11:02:25.244+0530] {processor.py:842} WARNING - No viable dags retrieved from /home/logi/txtai/venv/lib/python3.10/site-packages/airflow/example_dags/plugins/listener_plugin.py
[2025-11-14T11:02:25.282+0530] {processor.py:183} INFO - Processing /home/logi/txtai/venv/lib/python3.10/site-packages/airflow/example_dags/plugins/listener_plugin.py took 0.050 seconds
[2025-11-14T11:02:55.394+0530] {processor.py:161} INFO - Started process (PID=11668) to work on /home/logi/txtai/venv/lib/python3.10/site-packages/airflow/example_dags/plugins/listener_plugin.py
[2025-11-14T11:02:55.397+0530] {processor.py:830} INFO - Processing file /home/logi/txtai/venv/lib/python3.10/site-packages/airflow/example_dags/plugins/listener_plugin.py for tasks to queue
[2025-11-14T11:02:55.403+0530] {logging_mixin.py:188} INFO - [2025-11-14T11:02:55.402+0530] {dagbag.py:545} INFO - Filling up the DagBag from /home/logi/txtai/venv/lib/python3.10/site-packages/airflow/example_dags/plugins/listener_plugin.py
[2025-11-14T11:02:55.412+0530] {processor.py:842} WARNING - No viable dags retrieved from /home/logi/txtai/venv/lib/python3.10/site-packages/airflow/example_dags/plugins/listener_plugin.py
[2025-11-14T11:02:55.461+0530] {processor.py:183} INFO - Processing /home/logi/txtai/venv/lib/python3.10/site-packages/airflow/example_dags/plugins/listener_plugin.py took 0.079 seconds
[2025-11-14T11:03:25.613+0530] {processor.py:161} INFO - Started process (PID=12562) to work on /home/logi/txtai/venv/lib/python3.10/site-packages/airflow/example_dags/plugins/listener_plugin.py
[2025-11-14T11:03:25.626+0530] {processor.py:830} INFO - Processing file /home/logi/txtai/venv/lib/python3.10/site-packages/airflow/example_dags/plugins/listener_plugin.py for tasks to queue
[2025-11-14T11:03:25.630+0530] {logging_mixin.py:188} INFO - [2025-11-14T11:03:25.629+0530] {dagbag.py:545} INFO - Filling up the DagBag from /home/logi/txtai/venv/lib/python3.10/site-packages/airflow/example_dags/plugins/listener_plugin.py
[2025-11-14T11:03:25.634+0530] {processor.py:842} WARNING - No viable dags retrieved from /home/logi/txtai/venv/lib/python3.10/site-packages/airflow/example_dags/plugins/listener_plugin.py
[2025-11-14T11:03:25.682+0530] {processor.py:183} INFO - Processing /home/logi/txtai/venv/lib/python3.10/site-packages/airflow/example_dags/plugins/listener_plugin.py took 0.081 seconds
[2025-11-14T11:03:56.003+0530] {processor.py:161} INFO - Started process (PID=12697) to work on /home/logi/txtai/venv/lib/python3.10/site-packages/airflow/example_dags/plugins/listener_plugin.py
[2025-11-14T11:03:56.016+0530] {processor.py:830} INFO - Processing file /home/logi/txtai/venv/lib/python3.10/site-packages/airflow/example_dags/plugins/listener_plugin.py for tasks to queue
[2025-11-14T11:03:56.020+0530] {logging_mixin.py:188} INFO - [2025-11-14T11:03:56.019+0530] {dagbag.py:545} INFO - Filling up the DagBag from /home/logi/txtai/venv/lib/python3.10/site-packages/airflow/example_dags/plugins/listener_plugin.py
[2025-11-14T11:03:56.024+0530] {processor.py:842} WARNING - No viable dags retrieved from /home/logi/txtai/venv/lib/python3.10/site-packages/airflow/example_dags/plugins/listener_plugin.py
[2025-11-14T11:03:56.071+0530] {processor.py:183} INFO - Processing /home/logi/txtai/venv/lib/python3.10/site-packages/airflow/example_dags/plugins/listener_plugin.py took 0.081 seconds
[2025-11-14T11:04:26.606+0530] {processor.py:161} INFO - Started process (PID=12830) to work on /home/logi/txtai/venv/lib/python3.10/site-packages/airflow/example_dags/plugins/listener_plugin.py
[2025-11-14T11:04:26.620+0530] {processor.py:830} INFO - Processing file /home/logi/txtai/venv/lib/python3.10/site-packages/airflow/example_dags/plugins/listener_plugin.py for tasks to queue
[2025-11-14T11:04:26.623+0530] {logging_mixin.py:188} INFO - [2025-11-14T11:04:26.622+0530] {dagbag.py:545} INFO - Filling up the DagBag from /home/logi/txtai/venv/lib/python3.10/site-packages/airflow/example_dags/plugins/listener_plugin.py
[2025-11-14T11:04:26.627+0530] {processor.py:842} WARNING - No viable dags retrieved from /home/logi/txtai/venv/lib/python3.10/site-packages/airflow/example_dags/plugins/listener_plugin.py
[2025-11-14T11:04:26.676+0530] {processor.py:183} INFO - Processing /home/logi/txtai/venv/lib/python3.10/site-packages/airflow/example_dags/plugins/listener_plugin.py took 0.082 seconds
[2025-11-14T11:04:57.407+0530] {processor.py:161} INFO - Started process (PID=12975) to work on /home/logi/txtai/venv/lib/python3.10/site-packages/airflow/example_dags/plugins/listener_plugin.py
[2025-11-14T11:04:57.421+0530] {processor.py:830} INFO - Processing file /home/logi/txtai/venv/lib/python3.10/site-packages/airflow/example_dags/plugins/listener_plugin.py for tasks to queue
[2025-11-14T11:04:57.424+0530] {logging_mixin.py:188} INFO - [2025-11-14T11:04:57.423+0530] {dagbag.py:545} INFO - Filling up the DagBag from /home/logi/txtai/venv/lib/python3.10/site-packages/airflow/example_dags/plugins/listener_plugin.py
[2025-11-14T11:04:57.428+0530] {processor.py:842} WARNING - No viable dags retrieved from /home/logi/txtai/venv/lib/python3.10/site-packages/airflow/example_dags/plugins/listener_plugin.py
[2025-11-14T11:04:57.469+0530] {processor.py:183} INFO - Processing /home/logi/txtai/venv/lib/python3.10/site-packages/airflow/example_dags/plugins/listener_plugin.py took 0.070 seconds
[2025-11-14T11:05:27.705+0530] {processor.py:161} INFO - Started process (PID=13110) to work on /home/logi/txtai/venv/lib/python3.10/site-packages/airflow/example_dags/plugins/listener_plugin.py
[2025-11-14T11:05:27.719+0530] {processor.py:830} INFO - Processing file /home/logi/txtai/venv/lib/python3.10/site-packages/airflow/example_dags/plugins/listener_plugin.py for tasks to queue
[2025-11-14T11:05:27.722+0530] {logging_mixin.py:188} INFO - [2025-11-14T11:05:27.722+0530] {dagbag.py:545} INFO - Filling up the DagBag from /home/logi/txtai/venv/lib/python3.10/site-packages/airflow/example_dags/plugins/listener_plugin.py
[2025-11-14T11:05:27.729+0530] {processor.py:842} WARNING - No viable dags retrieved from /home/logi/txtai/venv/lib/python3.10/site-packages/airflow/example_dags/plugins/listener_plugin.py
[2025-11-14T11:05:27.780+0530] {processor.py:183} INFO - Processing /home/logi/txtai/venv/lib/python3.10/site-packages/airflow/example_dags/plugins/listener_plugin.py took 0.087 seconds
[2025-11-14T11:05:57.969+0530] {processor.py:161} INFO - Started process (PID=13239) to work on /home/logi/txtai/venv/lib/python3.10/site-packages/airflow/example_dags/plugins/listener_plugin.py
[2025-11-14T11:05:57.981+0530] {processor.py:830} INFO - Processing file /home/logi/txtai/venv/lib/python3.10/site-packages/airflow/example_dags/plugins/listener_plugin.py for tasks to queue
[2025-11-14T11:05:57.984+0530] {logging_mixin.py:188} INFO - [2025-11-14T11:05:57.983+0530] {dagbag.py:545} INFO - Filling up the DagBag from /home/logi/txtai/venv/lib/python3.10/site-packages/airflow/example_dags/plugins/listener_plugin.py
[2025-11-14T11:05:57.990+0530] {processor.py:842} WARNING - No viable dags retrieved from /home/logi/txtai/venv/lib/python3.10/site-packages/airflow/example_dags/plugins/listener_plugin.py
[2025-11-14T11:05:58.031+0530] {processor.py:183} INFO - Processing /home/logi/txtai/venv/lib/python3.10/site-packages/airflow/example_dags/plugins/listener_plugin.py took 0.072 seconds
[2025-11-14T11:06:28.276+0530] {processor.py:161} INFO - Started process (PID=13370) to work on /home/logi/txtai/venv/lib/python3.10/site-packages/airflow/example_dags/plugins/listener_plugin.py
[2025-11-14T11:06:28.289+0530] {processor.py:830} INFO - Processing file /home/logi/txtai/venv/lib/python3.10/site-packages/airflow/example_dags/plugins/listener_plugin.py for tasks to queue
[2025-11-14T11:06:28.293+0530] {logging_mixin.py:188} INFO - [2025-11-14T11:06:28.292+0530] {dagbag.py:545} INFO - Filling up the DagBag from /home/logi/txtai/venv/lib/python3.10/site-packages/airflow/example_dags/plugins/listener_plugin.py
[2025-11-14T11:06:28.297+0530] {processor.py:842} WARNING - No viable dags retrieved from /home/logi/txtai/venv/lib/python3.10/site-packages/airflow/example_dags/plugins/listener_plugin.py
[2025-11-14T11:06:28.338+0530] {processor.py:183} INFO - Processing /home/logi/txtai/venv/lib/python3.10/site-packages/airflow/example_dags/plugins/listener_plugin.py took 0.069 seconds
[2025-11-14T11:06:58.524+0530] {processor.py:161} INFO - Started process (PID=13530) to work on /home/logi/txtai/venv/lib/python3.10/site-packages/airflow/example_dags/plugins/listener_plugin.py
[2025-11-14T11:06:58.541+0530] {processor.py:830} INFO - Processing file /home/logi/txtai/venv/lib/python3.10/site-packages/airflow/example_dags/plugins/listener_plugin.py for tasks to queue
[2025-11-14T11:06:58.545+0530] {logging_mixin.py:188} INFO - [2025-11-14T11:06:58.544+0530] {dagbag.py:545} INFO - Filling up the DagBag from /home/logi/txtai/venv/lib/python3.10/site-packages/airflow/example_dags/plugins/listener_plugin.py
[2025-11-14T11:06:58.549+0530] {processor.py:842} WARNING - No viable dags retrieved from /home/logi/txtai/venv/lib/python3.10/site-packages/airflow/example_dags/plugins/listener_plugin.py
[2025-11-14T11:06:58.583+0530] {processor.py:183} INFO - Processing /home/logi/txtai/venv/lib/python3.10/site-packages/airflow/example_dags/plugins/listener_plugin.py took 0.070 seconds
[2025-11-14T11:07:29.562+0530] {processor.py:161} INFO - Started process (PID=13700) to work on /home/logi/txtai/venv/lib/python3.10/site-packages/airflow/example_dags/plugins/listener_plugin.py
[2025-11-14T11:07:29.563+0530] {processor.py:830} INFO - Processing file /home/logi/txtai/venv/lib/python3.10/site-packages/airflow/example_dags/plugins/listener_plugin.py for tasks to queue
[2025-11-14T11:07:29.565+0530] {logging_mixin.py:188} INFO - [2025-11-14T11:07:29.565+0530] {dagbag.py:545} INFO - Filling up the DagBag from /home/logi/txtai/venv/lib/python3.10/site-packages/airflow/example_dags/plugins/listener_plugin.py
[2025-11-14T11:07:29.568+0530] {processor.py:842} WARNING - No viable dags retrieved from /home/logi/txtai/venv/lib/python3.10/site-packages/airflow/example_dags/plugins/listener_plugin.py
[2025-11-14T11:07:29.600+0530] {processor.py:183} INFO - Processing /home/logi/txtai/venv/lib/python3.10/site-packages/airflow/example_dags/plugins/listener_plugin.py took 0.049 seconds
[2025-11-14T11:07:59.834+0530] {processor.py:161} INFO - Started process (PID=13909) to work on /home/logi/txtai/venv/lib/python3.10/site-packages/airflow/example_dags/plugins/listener_plugin.py
[2025-11-14T11:07:59.847+0530] {processor.py:830} INFO - Processing file /home/logi/txtai/venv/lib/python3.10/site-packages/airflow/example_dags/plugins/listener_plugin.py for tasks to queue
[2025-11-14T11:07:59.850+0530] {logging_mixin.py:188} INFO - [2025-11-14T11:07:59.849+0530] {dagbag.py:545} INFO - Filling up the DagBag from /home/logi/txtai/venv/lib/python3.10/site-packages/airflow/example_dags/plugins/listener_plugin.py
[2025-11-14T11:07:59.854+0530] {processor.py:842} WARNING - No viable dags retrieved from /home/logi/txtai/venv/lib/python3.10/site-packages/airflow/example_dags/plugins/listener_plugin.py
[2025-11-14T11:07:59.902+0530] {processor.py:183} INFO - Processing /home/logi/txtai/venv/lib/python3.10/site-packages/airflow/example_dags/plugins/listener_plugin.py took 0.081 seconds
[2025-11-14T11:08:30.452+0530] {processor.py:161} INFO - Started process (PID=14537) to work on /home/logi/txtai/venv/lib/python3.10/site-packages/airflow/example_dags/plugins/listener_plugin.py
[2025-11-14T11:08:30.454+0530] {processor.py:830} INFO - Processing file /home/logi/txtai/venv/lib/python3.10/site-packages/airflow/example_dags/plugins/listener_plugin.py for tasks to queue
[2025-11-14T11:08:30.457+0530] {logging_mixin.py:188} INFO - [2025-11-14T11:08:30.457+0530] {dagbag.py:545} INFO - Filling up the DagBag from /home/logi/txtai/venv/lib/python3.10/site-packages/airflow/example_dags/plugins/listener_plugin.py
[2025-11-14T11:08:30.462+0530] {processor.py:842} WARNING - No viable dags retrieved from /home/logi/txtai/venv/lib/python3.10/site-packages/airflow/example_dags/plugins/listener_plugin.py
[2025-11-14T11:08:30.506+0530] {processor.py:183} INFO - Processing /home/logi/txtai/venv/lib/python3.10/site-packages/airflow/example_dags/plugins/listener_plugin.py took 0.067 seconds
[2025-11-14T11:09:01.075+0530] {processor.py:161} INFO - Started process (PID=14668) to work on /home/logi/txtai/venv/lib/python3.10/site-packages/airflow/example_dags/plugins/listener_plugin.py
[2025-11-14T11:09:01.089+0530] {processor.py:830} INFO - Processing file /home/logi/txtai/venv/lib/python3.10/site-packages/airflow/example_dags/plugins/listener_plugin.py for tasks to queue
[2025-11-14T11:09:01.093+0530] {logging_mixin.py:188} INFO - [2025-11-14T11:09:01.092+0530] {dagbag.py:545} INFO - Filling up the DagBag from /home/logi/txtai/venv/lib/python3.10/site-packages/airflow/example_dags/plugins/listener_plugin.py
[2025-11-14T11:09:01.097+0530] {processor.py:842} WARNING - No viable dags retrieved from /home/logi/txtai/venv/lib/python3.10/site-packages/airflow/example_dags/plugins/listener_plugin.py
[2025-11-14T11:09:01.145+0530] {processor.py:183} INFO - Processing /home/logi/txtai/venv/lib/python3.10/site-packages/airflow/example_dags/plugins/listener_plugin.py took 0.082 seconds
[2025-11-14T11:09:31.222+0530] {processor.py:161} INFO - Started process (PID=14803) to work on /home/logi/txtai/venv/lib/python3.10/site-packages/airflow/example_dags/plugins/listener_plugin.py
[2025-11-14T11:09:31.224+0530] {processor.py:830} INFO - Processing file /home/logi/txtai/venv/lib/python3.10/site-packages/airflow/example_dags/plugins/listener_plugin.py for tasks to queue
[2025-11-14T11:09:31.227+0530] {logging_mixin.py:188} INFO - [2025-11-14T11:09:31.227+0530] {dagbag.py:545} INFO - Filling up the DagBag from /home/logi/txtai/venv/lib/python3.10/site-packages/airflow/example_dags/plugins/listener_plugin.py
[2025-11-14T11:09:31.232+0530] {processor.py:842} WARNING - No viable dags retrieved from /home/logi/txtai/venv/lib/python3.10/site-packages/airflow/example_dags/plugins/listener_plugin.py
[2025-11-14T11:09:31.280+0530] {processor.py:183} INFO - Processing /home/logi/txtai/venv/lib/python3.10/site-packages/airflow/example_dags/plugins/listener_plugin.py took 0.075 seconds
[2025-11-14T11:10:01.823+0530] {processor.py:161} INFO - Started process (PID=14942) to work on /home/logi/txtai/venv/lib/python3.10/site-packages/airflow/example_dags/plugins/listener_plugin.py
[2025-11-14T11:10:01.837+0530] {processor.py:830} INFO - Processing file /home/logi/txtai/venv/lib/python3.10/site-packages/airflow/example_dags/plugins/listener_plugin.py for tasks to queue
[2025-11-14T11:10:01.840+0530] {logging_mixin.py:188} INFO - [2025-11-14T11:10:01.840+0530] {dagbag.py:545} INFO - Filling up the DagBag from /home/logi/txtai/venv/lib/python3.10/site-packages/airflow/example_dags/plugins/listener_plugin.py
[2025-11-14T11:10:01.843+0530] {processor.py:842} WARNING - No viable dags retrieved from /home/logi/txtai/venv/lib/python3.10/site-packages/airflow/example_dags/plugins/listener_plugin.py
[2025-11-14T11:10:01.889+0530] {processor.py:183} INFO - Processing /home/logi/txtai/venv/lib/python3.10/site-packages/airflow/example_dags/plugins/listener_plugin.py took 0.085 seconds
[2025-11-14T11:10:32.644+0530] {processor.py:161} INFO - Started process (PID=15155) to work on /home/logi/txtai/venv/lib/python3.10/site-packages/airflow/example_dags/plugins/listener_plugin.py
[2025-11-14T11:10:32.646+0530] {processor.py:830} INFO - Processing file /home/logi/txtai/venv/lib/python3.10/site-packages/airflow/example_dags/plugins/listener_plugin.py for tasks to queue
[2025-11-14T11:10:32.649+0530] {logging_mixin.py:188} INFO - [2025-11-14T11:10:32.648+0530] {dagbag.py:545} INFO - Filling up the DagBag from /home/logi/txtai/venv/lib/python3.10/site-packages/airflow/example_dags/plugins/listener_plugin.py
[2025-11-14T11:10:32.653+0530] {processor.py:842} WARNING - No viable dags retrieved from /home/logi/txtai/venv/lib/python3.10/site-packages/airflow/example_dags/plugins/listener_plugin.py
[2025-11-14T11:10:32.700+0530] {processor.py:183} INFO - Processing /home/logi/txtai/venv/lib/python3.10/site-packages/airflow/example_dags/plugins/listener_plugin.py took 0.069 seconds
[2025-11-14T11:11:03.198+0530] {processor.py:161} INFO - Started process (PID=15447) to work on /home/logi/txtai/venv/lib/python3.10/site-packages/airflow/example_dags/plugins/listener_plugin.py
[2025-11-14T11:11:03.212+0530] {processor.py:830} INFO - Processing file /home/logi/txtai/venv/lib/python3.10/site-packages/airflow/example_dags/plugins/listener_plugin.py for tasks to queue
[2025-11-14T11:11:03.215+0530] {logging_mixin.py:188} INFO - [2025-11-14T11:11:03.214+0530] {dagbag.py:545} INFO - Filling up the DagBag from /home/logi/txtai/venv/lib/python3.10/site-packages/airflow/example_dags/plugins/listener_plugin.py
[2025-11-14T11:11:03.220+0530] {processor.py:842} WARNING - No viable dags retrieved from /home/logi/txtai/venv/lib/python3.10/site-packages/airflow/example_dags/plugins/listener_plugin.py
[2025-11-14T11:11:03.264+0530] {processor.py:183} INFO - Processing /home/logi/txtai/venv/lib/python3.10/site-packages/airflow/example_dags/plugins/listener_plugin.py took 0.080 seconds
[2025-11-14T11:11:33.594+0530] {processor.py:161} INFO - Started process (PID=15579) to work on /home/logi/txtai/venv/lib/python3.10/site-packages/airflow/example_dags/plugins/listener_plugin.py
[2025-11-14T11:11:33.608+0530] {processor.py:830} INFO - Processing file /home/logi/txtai/venv/lib/python3.10/site-packages/airflow/example_dags/plugins/listener_plugin.py for tasks to queue
[2025-11-14T11:11:33.610+0530] {logging_mixin.py:188} INFO - [2025-11-14T11:11:33.610+0530] {dagbag.py:545} INFO - Filling up the DagBag from /home/logi/txtai/venv/lib/python3.10/site-packages/airflow/example_dags/plugins/listener_plugin.py
[2025-11-14T11:11:33.615+0530] {processor.py:842} WARNING - No viable dags retrieved from /home/logi/txtai/venv/lib/python3.10/site-packages/airflow/example_dags/plugins/listener_plugin.py
[2025-11-14T11:11:33.662+0530] {processor.py:183} INFO - Processing /home/logi/txtai/venv/lib/python3.10/site-packages/airflow/example_dags/plugins/listener_plugin.py took 0.082 seconds
[2025-11-14T11:12:04.517+0530] {processor.py:161} INFO - Started process (PID=15766) to work on /home/logi/txtai/venv/lib/python3.10/site-packages/airflow/example_dags/plugins/listener_plugin.py
[2025-11-14T11:12:04.531+0530] {processor.py:830} INFO - Processing file /home/logi/txtai/venv/lib/python3.10/site-packages/airflow/example_dags/plugins/listener_plugin.py for tasks to queue
[2025-11-14T11:12:04.533+0530] {logging_mixin.py:188} INFO - [2025-11-14T11:12:04.533+0530] {dagbag.py:545} INFO - Filling up the DagBag from /home/logi/txtai/venv/lib/python3.10/site-packages/airflow/example_dags/plugins/listener_plugin.py
[2025-11-14T11:12:04.538+0530] {processor.py:842} WARNING - No viable dags retrieved from /home/logi/txtai/venv/lib/python3.10/site-packages/airflow/example_dags/plugins/listener_plugin.py
[2025-11-14T11:12:04.592+0530] {processor.py:183} INFO - Processing /home/logi/txtai/venv/lib/python3.10/site-packages/airflow/example_dags/plugins/listener_plugin.py took 0.089 seconds
[2025-11-14T11:12:34.843+0530] {processor.py:161} INFO - Started process (PID=15955) to work on /home/logi/txtai/venv/lib/python3.10/site-packages/airflow/example_dags/plugins/listener_plugin.py
[2025-11-14T11:12:34.856+0530] {processor.py:830} INFO - Processing file /home/logi/txtai/venv/lib/python3.10/site-packages/airflow/example_dags/plugins/listener_plugin.py for tasks to queue
[2025-11-14T11:12:34.859+0530] {logging_mixin.py:188} INFO - [2025-11-14T11:12:34.859+0530] {dagbag.py:545} INFO - Filling up the DagBag from /home/logi/txtai/venv/lib/python3.10/site-packages/airflow/example_dags/plugins/listener_plugin.py
[2025-11-14T11:12:34.862+0530] {processor.py:842} WARNING - No viable dags retrieved from /home/logi/txtai/venv/lib/python3.10/site-packages/airflow/example_dags/plugins/listener_plugin.py
[2025-11-14T11:12:34.908+0530] {processor.py:183} INFO - Processing /home/logi/txtai/venv/lib/python3.10/site-packages/airflow/example_dags/plugins/listener_plugin.py took 0.090 seconds
[2025-11-14T11:13:05.360+0530] {processor.py:161} INFO - Started process (PID=16161) to work on /home/logi/txtai/venv/lib/python3.10/site-packages/airflow/example_dags/plugins/listener_plugin.py
[2025-11-14T11:13:05.374+0530] {processor.py:830} INFO - Processing file /home/logi/txtai/venv/lib/python3.10/site-packages/airflow/example_dags/plugins/listener_plugin.py for tasks to queue
[2025-11-14T11:13:05.376+0530] {logging_mixin.py:188} INFO - [2025-11-14T11:13:05.376+0530] {dagbag.py:545} INFO - Filling up the DagBag from /home/logi/txtai/venv/lib/python3.10/site-packages/airflow/example_dags/plugins/listener_plugin.py
[2025-11-14T11:13:05.381+0530] {processor.py:842} WARNING - No viable dags retrieved from /home/logi/txtai/venv/lib/python3.10/site-packages/airflow/example_dags/plugins/listener_plugin.py
[2025-11-14T11:13:05.428+0530] {processor.py:183} INFO - Processing /home/logi/txtai/venv/lib/python3.10/site-packages/airflow/example_dags/plugins/listener_plugin.py took 0.082 seconds
[2025-11-14T11:13:35.644+0530] {processor.py:161} INFO - Started process (PID=16399) to work on /home/logi/txtai/venv/lib/python3.10/site-packages/airflow/example_dags/plugins/listener_plugin.py
[2025-11-14T11:13:35.657+0530] {processor.py:830} INFO - Processing file /home/logi/txtai/venv/lib/python3.10/site-packages/airflow/example_dags/plugins/listener_plugin.py for tasks to queue
[2025-11-14T11:13:35.660+0530] {logging_mixin.py:188} INFO - [2025-11-14T11:13:35.659+0530] {dagbag.py:545} INFO - Filling up the DagBag from /home/logi/txtai/venv/lib/python3.10/site-packages/airflow/example_dags/plugins/listener_plugin.py
[2025-11-14T11:13:35.664+0530] {processor.py:842} WARNING - No viable dags retrieved from /home/logi/txtai/venv/lib/python3.10/site-packages/airflow/example_dags/plugins/listener_plugin.py
[2025-11-14T11:13:35.698+0530] {processor.py:183} INFO - Processing /home/logi/txtai/venv/lib/python3.10/site-packages/airflow/example_dags/plugins/listener_plugin.py took 0.067 seconds
[2025-11-14T11:14:05.937+0530] {processor.py:161} INFO - Started process (PID=16688) to work on /home/logi/txtai/venv/lib/python3.10/site-packages/airflow/example_dags/plugins/listener_plugin.py
[2025-11-14T11:14:05.952+0530] {processor.py:830} INFO - Processing file /home/logi/txtai/venv/lib/python3.10/site-packages/airflow/example_dags/plugins/listener_plugin.py for tasks to queue
[2025-11-14T11:14:05.956+0530] {logging_mixin.py:188} INFO - [2025-11-14T11:14:05.956+0530] {dagbag.py:545} INFO - Filling up the DagBag from /home/logi/txtai/venv/lib/python3.10/site-packages/airflow/example_dags/plugins/listener_plugin.py
[2025-11-14T11:14:05.964+0530] {processor.py:842} WARNING - No viable dags retrieved from /home/logi/txtai/venv/lib/python3.10/site-packages/airflow/example_dags/plugins/listener_plugin.py
[2025-11-14T11:14:06.023+0530] {processor.py:183} INFO - Processing /home/logi/txtai/venv/lib/python3.10/site-packages/airflow/example_dags/plugins/listener_plugin.py took 0.108 seconds
[2025-11-14T11:14:36.552+0530] {processor.py:161} INFO - Started process (PID=16973) to work on /home/logi/txtai/venv/lib/python3.10/site-packages/airflow/example_dags/plugins/listener_plugin.py
[2025-11-14T11:14:36.566+0530] {processor.py:830} INFO - Processing file /home/logi/txtai/venv/lib/python3.10/site-packages/airflow/example_dags/plugins/listener_plugin.py for tasks to queue
[2025-11-14T11:14:36.569+0530] {logging_mixin.py:188} INFO - [2025-11-14T11:14:36.568+0530] {dagbag.py:545} INFO - Filling up the DagBag from /home/logi/txtai/venv/lib/python3.10/site-packages/airflow/example_dags/plugins/listener_plugin.py
[2025-11-14T11:14:36.573+0530] {processor.py:842} WARNING - No viable dags retrieved from /home/logi/txtai/venv/lib/python3.10/site-packages/airflow/example_dags/plugins/listener_plugin.py
[2025-11-14T11:14:36.619+0530] {processor.py:183} INFO - Processing /home/logi/txtai/venv/lib/python3.10/site-packages/airflow/example_dags/plugins/listener_plugin.py took 0.080 seconds
[2025-11-14T11:15:06.959+0530] {processor.py:161} INFO - Started process (PID=17119) to work on /home/logi/txtai/venv/lib/python3.10/site-packages/airflow/example_dags/plugins/listener_plugin.py
[2025-11-14T11:15:06.973+0530] {processor.py:830} INFO - Processing file /home/logi/txtai/venv/lib/python3.10/site-packages/airflow/example_dags/plugins/listener_plugin.py for tasks to queue
[2025-11-14T11:15:06.976+0530] {logging_mixin.py:188} INFO - [2025-11-14T11:15:06.975+0530] {dagbag.py:545} INFO - Filling up the DagBag from /home/logi/txtai/venv/lib/python3.10/site-packages/airflow/example_dags/plugins/listener_plugin.py
[2025-11-14T11:15:06.980+0530] {processor.py:842} WARNING - No viable dags retrieved from /home/logi/txtai/venv/lib/python3.10/site-packages/airflow/example_dags/plugins/listener_plugin.py
[2025-11-14T11:15:07.029+0530] {processor.py:183} INFO - Processing /home/logi/txtai/venv/lib/python3.10/site-packages/airflow/example_dags/plugins/listener_plugin.py took 0.086 seconds
[2025-11-14T11:15:37.342+0530] {processor.py:161} INFO - Started process (PID=17248) to work on /home/logi/txtai/venv/lib/python3.10/site-packages/airflow/example_dags/plugins/listener_plugin.py
[2025-11-14T11:15:37.357+0530] {processor.py:830} INFO - Processing file /home/logi/txtai/venv/lib/python3.10/site-packages/airflow/example_dags/plugins/listener_plugin.py for tasks to queue
[2025-11-14T11:15:37.360+0530] {logging_mixin.py:188} INFO - [2025-11-14T11:15:37.359+0530] {dagbag.py:545} INFO - Filling up the DagBag from /home/logi/txtai/venv/lib/python3.10/site-packages/airflow/example_dags/plugins/listener_plugin.py
[2025-11-14T11:15:37.364+0530] {processor.py:842} WARNING - No viable dags retrieved from /home/logi/txtai/venv/lib/python3.10/site-packages/airflow/example_dags/plugins/listener_plugin.py
[2025-11-14T11:15:37.413+0530] {processor.py:183} INFO - Processing /home/logi/txtai/venv/lib/python3.10/site-packages/airflow/example_dags/plugins/listener_plugin.py took 0.083 seconds
[2025-11-14T11:16:07.475+0530] {processor.py:161} INFO - Started process (PID=17438) to work on /home/logi/txtai/venv/lib/python3.10/site-packages/airflow/example_dags/plugins/listener_plugin.py
[2025-11-14T11:16:07.477+0530] {processor.py:830} INFO - Processing file /home/logi/txtai/venv/lib/python3.10/site-packages/airflow/example_dags/plugins/listener_plugin.py for tasks to queue
[2025-11-14T11:16:07.481+0530] {logging_mixin.py:188} INFO - [2025-11-14T11:16:07.480+0530] {dagbag.py:545} INFO - Filling up the DagBag from /home/logi/txtai/venv/lib/python3.10/site-packages/airflow/example_dags/plugins/listener_plugin.py
[2025-11-14T11:16:07.486+0530] {processor.py:842} WARNING - No viable dags retrieved from /home/logi/txtai/venv/lib/python3.10/site-packages/airflow/example_dags/plugins/listener_plugin.py
[2025-11-14T11:16:07.530+0530] {processor.py:183} INFO - Processing /home/logi/txtai/venv/lib/python3.10/site-packages/airflow/example_dags/plugins/listener_plugin.py took 0.069 seconds
[2025-11-14T11:16:38.230+0530] {processor.py:161} INFO - Started process (PID=17603) to work on /home/logi/txtai/venv/lib/python3.10/site-packages/airflow/example_dags/plugins/listener_plugin.py
[2025-11-14T11:16:38.233+0530] {processor.py:830} INFO - Processing file /home/logi/txtai/venv/lib/python3.10/site-packages/airflow/example_dags/plugins/listener_plugin.py for tasks to queue
[2025-11-14T11:16:38.239+0530] {logging_mixin.py:188} INFO - [2025-11-14T11:16:38.239+0530] {dagbag.py:545} INFO - Filling up the DagBag from /home/logi/txtai/venv/lib/python3.10/site-packages/airflow/example_dags/plugins/listener_plugin.py
[2025-11-14T11:16:38.246+0530] {processor.py:842} WARNING - No viable dags retrieved from /home/logi/txtai/venv/lib/python3.10/site-packages/airflow/example_dags/plugins/listener_plugin.py
[2025-11-14T11:16:38.298+0530] {processor.py:183} INFO - Processing /home/logi/txtai/venv/lib/python3.10/site-packages/airflow/example_dags/plugins/listener_plugin.py took 0.084 seconds
[2025-11-14T11:17:08.801+0530] {processor.py:161} INFO - Started process (PID=17763) to work on /home/logi/txtai/venv/lib/python3.10/site-packages/airflow/example_dags/plugins/listener_plugin.py
[2025-11-14T11:17:08.815+0530] {processor.py:830} INFO - Processing file /home/logi/txtai/venv/lib/python3.10/site-packages/airflow/example_dags/plugins/listener_plugin.py for tasks to queue
[2025-11-14T11:17:08.819+0530] {logging_mixin.py:188} INFO - [2025-11-14T11:17:08.819+0530] {dagbag.py:545} INFO - Filling up the DagBag from /home/logi/txtai/venv/lib/python3.10/site-packages/airflow/example_dags/plugins/listener_plugin.py
[2025-11-14T11:17:08.824+0530] {processor.py:842} WARNING - No viable dags retrieved from /home/logi/txtai/venv/lib/python3.10/site-packages/airflow/example_dags/plugins/listener_plugin.py
[2025-11-14T11:17:08.865+0530] {processor.py:183} INFO - Processing /home/logi/txtai/venv/lib/python3.10/site-packages/airflow/example_dags/plugins/listener_plugin.py took 0.075 seconds
[2025-11-14T11:17:39.472+0530] {processor.py:161} INFO - Started process (PID=17934) to work on /home/logi/txtai/venv/lib/python3.10/site-packages/airflow/example_dags/plugins/listener_plugin.py
[2025-11-14T11:17:39.485+0530] {processor.py:830} INFO - Processing file /home/logi/txtai/venv/lib/python3.10/site-packages/airflow/example_dags/plugins/listener_plugin.py for tasks to queue
[2025-11-14T11:17:39.489+0530] {logging_mixin.py:188} INFO - [2025-11-14T11:17:39.489+0530] {dagbag.py:545} INFO - Filling up the DagBag from /home/logi/txtai/venv/lib/python3.10/site-packages/airflow/example_dags/plugins/listener_plugin.py
[2025-11-14T11:17:39.494+0530] {processor.py:842} WARNING - No viable dags retrieved from /home/logi/txtai/venv/lib/python3.10/site-packages/airflow/example_dags/plugins/listener_plugin.py
[2025-11-14T11:17:39.542+0530] {processor.py:183} INFO - Processing /home/logi/txtai/venv/lib/python3.10/site-packages/airflow/example_dags/plugins/listener_plugin.py took 0.082 seconds
[2025-11-14T11:18:10.216+0530] {processor.py:161} INFO - Started process (PID=18104) to work on /home/logi/txtai/venv/lib/python3.10/site-packages/airflow/example_dags/plugins/listener_plugin.py
[2025-11-14T11:18:10.229+0530] {processor.py:830} INFO - Processing file /home/logi/txtai/venv/lib/python3.10/site-packages/airflow/example_dags/plugins/listener_plugin.py for tasks to queue
[2025-11-14T11:18:10.233+0530] {logging_mixin.py:188} INFO - [2025-11-14T11:18:10.233+0530] {dagbag.py:545} INFO - Filling up the DagBag from /home/logi/txtai/venv/lib/python3.10/site-packages/airflow/example_dags/plugins/listener_plugin.py
[2025-11-14T11:18:10.238+0530] {processor.py:842} WARNING - No viable dags retrieved from /home/logi/txtai/venv/lib/python3.10/site-packages/airflow/example_dags/plugins/listener_plugin.py
[2025-11-14T11:18:10.290+0530] {processor.py:183} INFO - Processing /home/logi/txtai/venv/lib/python3.10/site-packages/airflow/example_dags/plugins/listener_plugin.py took 0.087 seconds
[2025-11-14T11:18:40.922+0530] {processor.py:161} INFO - Started process (PID=18277) to work on /home/logi/txtai/venv/lib/python3.10/site-packages/airflow/example_dags/plugins/listener_plugin.py
[2025-11-14T11:18:40.936+0530] {processor.py:830} INFO - Processing file /home/logi/txtai/venv/lib/python3.10/site-packages/airflow/example_dags/plugins/listener_plugin.py for tasks to queue
[2025-11-14T11:18:40.940+0530] {logging_mixin.py:188} INFO - [2025-11-14T11:18:40.940+0530] {dagbag.py:545} INFO - Filling up the DagBag from /home/logi/txtai/venv/lib/python3.10/site-packages/airflow/example_dags/plugins/listener_plugin.py
[2025-11-14T11:18:40.950+0530] {processor.py:842} WARNING - No viable dags retrieved from /home/logi/txtai/venv/lib/python3.10/site-packages/airflow/example_dags/plugins/listener_plugin.py
[2025-11-14T11:18:41.003+0530] {processor.py:183} INFO - Processing /home/logi/txtai/venv/lib/python3.10/site-packages/airflow/example_dags/plugins/listener_plugin.py took 0.093 seconds
[2025-11-14T11:19:11.474+0530] {processor.py:161} INFO - Started process (PID=18449) to work on /home/logi/txtai/venv/lib/python3.10/site-packages/airflow/example_dags/plugins/listener_plugin.py
[2025-11-14T11:19:11.488+0530] {processor.py:830} INFO - Processing file /home/logi/txtai/venv/lib/python3.10/site-packages/airflow/example_dags/plugins/listener_plugin.py for tasks to queue
[2025-11-14T11:19:11.493+0530] {logging_mixin.py:188} INFO - [2025-11-14T11:19:11.492+0530] {dagbag.py:545} INFO - Filling up the DagBag from /home/logi/txtai/venv/lib/python3.10/site-packages/airflow/example_dags/plugins/listener_plugin.py
[2025-11-14T11:19:11.497+0530] {processor.py:842} WARNING - No viable dags retrieved from /home/logi/txtai/venv/lib/python3.10/site-packages/airflow/example_dags/plugins/listener_plugin.py
[2025-11-14T11:19:11.538+0530] {processor.py:183} INFO - Processing /home/logi/txtai/venv/lib/python3.10/site-packages/airflow/example_dags/plugins/listener_plugin.py took 0.076 seconds
[2025-11-14T11:19:41.771+0530] {processor.py:161} INFO - Started process (PID=18614) to work on /home/logi/txtai/venv/lib/python3.10/site-packages/airflow/example_dags/plugins/listener_plugin.py
[2025-11-14T11:19:41.785+0530] {processor.py:830} INFO - Processing file /home/logi/txtai/venv/lib/python3.10/site-packages/airflow/example_dags/plugins/listener_plugin.py for tasks to queue
[2025-11-14T11:19:41.789+0530] {logging_mixin.py:188} INFO - [2025-11-14T11:19:41.788+0530] {dagbag.py:545} INFO - Filling up the DagBag from /home/logi/txtai/venv/lib/python3.10/site-packages/airflow/example_dags/plugins/listener_plugin.py
[2025-11-14T11:19:41.793+0530] {processor.py:842} WARNING - No viable dags retrieved from /home/logi/txtai/venv/lib/python3.10/site-packages/airflow/example_dags/plugins/listener_plugin.py
[2025-11-14T11:19:41.841+0530] {processor.py:183} INFO - Processing /home/logi/txtai/venv/lib/python3.10/site-packages/airflow/example_dags/plugins/listener_plugin.py took 0.083 seconds
[2025-11-14T11:20:12.014+0530] {processor.py:161} INFO - Started process (PID=18785) to work on /home/logi/txtai/venv/lib/python3.10/site-packages/airflow/example_dags/plugins/listener_plugin.py
[2025-11-14T11:20:12.028+0530] {processor.py:830} INFO - Processing file /home/logi/txtai/venv/lib/python3.10/site-packages/airflow/example_dags/plugins/listener_plugin.py for tasks to queue
[2025-11-14T11:20:12.031+0530] {logging_mixin.py:188} INFO - [2025-11-14T11:20:12.030+0530] {dagbag.py:545} INFO - Filling up the DagBag from /home/logi/txtai/venv/lib/python3.10/site-packages/airflow/example_dags/plugins/listener_plugin.py
[2025-11-14T11:20:12.036+0530] {processor.py:842} WARNING - No viable dags retrieved from /home/logi/txtai/venv/lib/python3.10/site-packages/airflow/example_dags/plugins/listener_plugin.py
[2025-11-14T11:20:12.085+0530] {processor.py:183} INFO - Processing /home/logi/txtai/venv/lib/python3.10/site-packages/airflow/example_dags/plugins/listener_plugin.py took 0.084 seconds
[2025-11-14T11:20:42.133+0530] {processor.py:161} INFO - Started process (PID=18949) to work on /home/logi/txtai/venv/lib/python3.10/site-packages/airflow/example_dags/plugins/listener_plugin.py
[2025-11-14T11:20:42.147+0530] {processor.py:830} INFO - Processing file /home/logi/txtai/venv/lib/python3.10/site-packages/airflow/example_dags/plugins/listener_plugin.py for tasks to queue
[2025-11-14T11:20:42.150+0530] {logging_mixin.py:188} INFO - [2025-11-14T11:20:42.150+0530] {dagbag.py:545} INFO - Filling up the DagBag from /home/logi/txtai/venv/lib/python3.10/site-packages/airflow/example_dags/plugins/listener_plugin.py
[2025-11-14T11:20:42.155+0530] {processor.py:842} WARNING - No viable dags retrieved from /home/logi/txtai/venv/lib/python3.10/site-packages/airflow/example_dags/plugins/listener_plugin.py
[2025-11-14T11:20:42.206+0530] {processor.py:183} INFO - Processing /home/logi/txtai/venv/lib/python3.10/site-packages/airflow/example_dags/plugins/listener_plugin.py took 0.086 seconds
[2025-11-14T11:21:12.498+0530] {processor.py:161} INFO - Started process (PID=19122) to work on /home/logi/txtai/venv/lib/python3.10/site-packages/airflow/example_dags/plugins/listener_plugin.py
[2025-11-14T11:21:12.511+0530] {processor.py:830} INFO - Processing file /home/logi/txtai/venv/lib/python3.10/site-packages/airflow/example_dags/plugins/listener_plugin.py for tasks to queue
[2025-11-14T11:21:12.514+0530] {logging_mixin.py:188} INFO - [2025-11-14T11:21:12.514+0530] {dagbag.py:545} INFO - Filling up the DagBag from /home/logi/txtai/venv/lib/python3.10/site-packages/airflow/example_dags/plugins/listener_plugin.py
[2025-11-14T11:21:12.519+0530] {processor.py:842} WARNING - No viable dags retrieved from /home/logi/txtai/venv/lib/python3.10/site-packages/airflow/example_dags/plugins/listener_plugin.py
[2025-11-14T11:21:12.570+0530] {processor.py:183} INFO - Processing /home/logi/txtai/venv/lib/python3.10/site-packages/airflow/example_dags/plugins/listener_plugin.py took 0.085 seconds
[2025-11-14T11:21:42.970+0530] {processor.py:161} INFO - Started process (PID=19288) to work on /home/logi/txtai/venv/lib/python3.10/site-packages/airflow/example_dags/plugins/listener_plugin.py
[2025-11-14T11:21:42.983+0530] {processor.py:830} INFO - Processing file /home/logi/txtai/venv/lib/python3.10/site-packages/airflow/example_dags/plugins/listener_plugin.py for tasks to queue
[2025-11-14T11:21:42.986+0530] {logging_mixin.py:188} INFO - [2025-11-14T11:21:42.985+0530] {dagbag.py:545} INFO - Filling up the DagBag from /home/logi/txtai/venv/lib/python3.10/site-packages/airflow/example_dags/plugins/listener_plugin.py
[2025-11-14T11:21:42.990+0530] {processor.py:842} WARNING - No viable dags retrieved from /home/logi/txtai/venv/lib/python3.10/site-packages/airflow/example_dags/plugins/listener_plugin.py
[2025-11-14T11:21:43.041+0530] {processor.py:183} INFO - Processing /home/logi/txtai/venv/lib/python3.10/site-packages/airflow/example_dags/plugins/listener_plugin.py took 0.083 seconds
[2025-11-14T11:22:13.351+0530] {processor.py:161} INFO - Started process (PID=19459) to work on /home/logi/txtai/venv/lib/python3.10/site-packages/airflow/example_dags/plugins/listener_plugin.py
[2025-11-14T11:22:13.364+0530] {processor.py:830} INFO - Processing file /home/logi/txtai/venv/lib/python3.10/site-packages/airflow/example_dags/plugins/listener_plugin.py for tasks to queue
[2025-11-14T11:22:13.367+0530] {logging_mixin.py:188} INFO - [2025-11-14T11:22:13.366+0530] {dagbag.py:545} INFO - Filling up the DagBag from /home/logi/txtai/venv/lib/python3.10/site-packages/airflow/example_dags/plugins/listener_plugin.py
[2025-11-14T11:22:13.371+0530] {processor.py:842} WARNING - No viable dags retrieved from /home/logi/txtai/venv/lib/python3.10/site-packages/airflow/example_dags/plugins/listener_plugin.py
[2025-11-14T11:22:13.420+0530] {processor.py:183} INFO - Processing /home/logi/txtai/venv/lib/python3.10/site-packages/airflow/example_dags/plugins/listener_plugin.py took 0.082 seconds
[2025-11-14T11:22:43.537+0530] {processor.py:161} INFO - Started process (PID=19733) to work on /home/logi/txtai/venv/lib/python3.10/site-packages/airflow/example_dags/plugins/listener_plugin.py
[2025-11-14T11:22:43.552+0530] {processor.py:830} INFO - Processing file /home/logi/txtai/venv/lib/python3.10/site-packages/airflow/example_dags/plugins/listener_plugin.py for tasks to queue
[2025-11-14T11:22:43.556+0530] {logging_mixin.py:188} INFO - [2025-11-14T11:22:43.555+0530] {dagbag.py:545} INFO - Filling up the DagBag from /home/logi/txtai/venv/lib/python3.10/site-packages/airflow/example_dags/plugins/listener_plugin.py
[2025-11-14T11:22:43.563+0530] {processor.py:842} WARNING - No viable dags retrieved from /home/logi/txtai/venv/lib/python3.10/site-packages/airflow/example_dags/plugins/listener_plugin.py
[2025-11-14T11:22:43.633+0530] {processor.py:183} INFO - Processing /home/logi/txtai/venv/lib/python3.10/site-packages/airflow/example_dags/plugins/listener_plugin.py took 0.115 seconds
[2025-11-14T11:23:14.439+0530] {processor.py:161} INFO - Started process (PID=19907) to work on /home/logi/txtai/venv/lib/python3.10/site-packages/airflow/example_dags/plugins/listener_plugin.py
[2025-11-14T11:23:14.443+0530] {processor.py:830} INFO - Processing file /home/logi/txtai/venv/lib/python3.10/site-packages/airflow/example_dags/plugins/listener_plugin.py for tasks to queue
[2025-11-14T11:23:14.449+0530] {logging_mixin.py:188} INFO - [2025-11-14T11:23:14.448+0530] {dagbag.py:545} INFO - Filling up the DagBag from /home/logi/txtai/venv/lib/python3.10/site-packages/airflow/example_dags/plugins/listener_plugin.py
[2025-11-14T11:23:14.458+0530] {processor.py:842} WARNING - No viable dags retrieved from /home/logi/txtai/venv/lib/python3.10/site-packages/airflow/example_dags/plugins/listener_plugin.py
[2025-11-14T11:23:14.523+0530] {processor.py:183} INFO - Processing /home/logi/txtai/venv/lib/python3.10/site-packages/airflow/example_dags/plugins/listener_plugin.py took 0.106 seconds
[2025-11-14T11:23:44.582+0530] {processor.py:161} INFO - Started process (PID=20073) to work on /home/logi/txtai/venv/lib/python3.10/site-packages/airflow/example_dags/plugins/listener_plugin.py
[2025-11-14T11:23:44.595+0530] {processor.py:830} INFO - Processing file /home/logi/txtai/venv/lib/python3.10/site-packages/airflow/example_dags/plugins/listener_plugin.py for tasks to queue
[2025-11-14T11:23:44.598+0530] {logging_mixin.py:188} INFO - [2025-11-14T11:23:44.598+0530] {dagbag.py:545} INFO - Filling up the DagBag from /home/logi/txtai/venv/lib/python3.10/site-packages/airflow/example_dags/plugins/listener_plugin.py
[2025-11-14T11:23:44.602+0530] {processor.py:842} WARNING - No viable dags retrieved from /home/logi/txtai/venv/lib/python3.10/site-packages/airflow/example_dags/plugins/listener_plugin.py
[2025-11-14T11:23:44.652+0530] {processor.py:183} INFO - Processing /home/logi/txtai/venv/lib/python3.10/site-packages/airflow/example_dags/plugins/listener_plugin.py took 0.082 seconds
[2025-11-14T11:24:15.428+0530] {processor.py:161} INFO - Started process (PID=20234) to work on /home/logi/txtai/venv/lib/python3.10/site-packages/airflow/example_dags/plugins/listener_plugin.py
[2025-11-14T11:24:15.431+0530] {processor.py:830} INFO - Processing file /home/logi/txtai/venv/lib/python3.10/site-packages/airflow/example_dags/plugins/listener_plugin.py for tasks to queue
[2025-11-14T11:24:15.433+0530] {logging_mixin.py:188} INFO - [2025-11-14T11:24:15.433+0530] {dagbag.py:545} INFO - Filling up the DagBag from /home/logi/txtai/venv/lib/python3.10/site-packages/airflow/example_dags/plugins/listener_plugin.py
[2025-11-14T11:24:15.438+0530] {processor.py:842} WARNING - No viable dags retrieved from /home/logi/txtai/venv/lib/python3.10/site-packages/airflow/example_dags/plugins/listener_plugin.py
[2025-11-14T11:24:15.486+0530] {processor.py:183} INFO - Processing /home/logi/txtai/venv/lib/python3.10/site-packages/airflow/example_dags/plugins/listener_plugin.py took 0.070 seconds
[2025-11-14T11:24:45.666+0530] {processor.py:161} INFO - Started process (PID=20397) to work on /home/logi/txtai/venv/lib/python3.10/site-packages/airflow/example_dags/plugins/listener_plugin.py
[2025-11-14T11:24:45.668+0530] {processor.py:830} INFO - Processing file /home/logi/txtai/venv/lib/python3.10/site-packages/airflow/example_dags/plugins/listener_plugin.py for tasks to queue
[2025-11-14T11:24:45.671+0530] {logging_mixin.py:188} INFO - [2025-11-14T11:24:45.671+0530] {dagbag.py:545} INFO - Filling up the DagBag from /home/logi/txtai/venv/lib/python3.10/site-packages/airflow/example_dags/plugins/listener_plugin.py
[2025-11-14T11:24:45.675+0530] {processor.py:842} WARNING - No viable dags retrieved from /home/logi/txtai/venv/lib/python3.10/site-packages/airflow/example_dags/plugins/listener_plugin.py
[2025-11-14T11:24:45.726+0530] {processor.py:183} INFO - Processing /home/logi/txtai/venv/lib/python3.10/site-packages/airflow/example_dags/plugins/listener_plugin.py took 0.073 seconds
[2025-11-14T11:25:16.081+0530] {processor.py:161} INFO - Started process (PID=20551) to work on /home/logi/txtai/venv/lib/python3.10/site-packages/airflow/example_dags/plugins/listener_plugin.py
[2025-11-14T11:25:16.095+0530] {processor.py:830} INFO - Processing file /home/logi/txtai/venv/lib/python3.10/site-packages/airflow/example_dags/plugins/listener_plugin.py for tasks to queue
[2025-11-14T11:25:16.099+0530] {logging_mixin.py:188} INFO - [2025-11-14T11:25:16.098+0530] {dagbag.py:545} INFO - Filling up the DagBag from /home/logi/txtai/venv/lib/python3.10/site-packages/airflow/example_dags/plugins/listener_plugin.py
[2025-11-14T11:25:16.106+0530] {processor.py:842} WARNING - No viable dags retrieved from /home/logi/txtai/venv/lib/python3.10/site-packages/airflow/example_dags/plugins/listener_plugin.py
[2025-11-14T11:25:16.159+0530] {processor.py:183} INFO - Processing /home/logi/txtai/venv/lib/python3.10/site-packages/airflow/example_dags/plugins/listener_plugin.py took 0.095 seconds
[2025-11-14T11:25:46.242+0530] {processor.py:161} INFO - Started process (PID=20710) to work on /home/logi/txtai/venv/lib/python3.10/site-packages/airflow/example_dags/plugins/listener_plugin.py
[2025-11-14T11:25:46.257+0530] {processor.py:830} INFO - Processing file /home/logi/txtai/venv/lib/python3.10/site-packages/airflow/example_dags/plugins/listener_plugin.py for tasks to queue
[2025-11-14T11:25:46.262+0530] {logging_mixin.py:188} INFO - [2025-11-14T11:25:46.261+0530] {dagbag.py:545} INFO - Filling up the DagBag from /home/logi/txtai/venv/lib/python3.10/site-packages/airflow/example_dags/plugins/listener_plugin.py
[2025-11-14T11:25:46.264+0530] {processor.py:842} WARNING - No viable dags retrieved from /home/logi/txtai/venv/lib/python3.10/site-packages/airflow/example_dags/plugins/listener_plugin.py
[2025-11-14T11:25:46.315+0530] {processor.py:183} INFO - Processing /home/logi/txtai/venv/lib/python3.10/site-packages/airflow/example_dags/plugins/listener_plugin.py took 0.086 seconds
[2025-11-14T11:26:16.394+0530] {processor.py:161} INFO - Started process (PID=20869) to work on /home/logi/txtai/venv/lib/python3.10/site-packages/airflow/example_dags/plugins/listener_plugin.py
[2025-11-14T11:26:16.396+0530] {processor.py:830} INFO - Processing file /home/logi/txtai/venv/lib/python3.10/site-packages/airflow/example_dags/plugins/listener_plugin.py for tasks to queue
[2025-11-14T11:26:16.398+0530] {logging_mixin.py:188} INFO - [2025-11-14T11:26:16.397+0530] {dagbag.py:545} INFO - Filling up the DagBag from /home/logi/txtai/venv/lib/python3.10/site-packages/airflow/example_dags/plugins/listener_plugin.py
[2025-11-14T11:26:16.404+0530] {processor.py:842} WARNING - No viable dags retrieved from /home/logi/txtai/venv/lib/python3.10/site-packages/airflow/example_dags/plugins/listener_plugin.py
[2025-11-14T11:26:16.466+0530] {processor.py:183} INFO - Processing /home/logi/txtai/venv/lib/python3.10/site-packages/airflow/example_dags/plugins/listener_plugin.py took 0.089 seconds
[2025-11-14T11:26:47.119+0530] {processor.py:161} INFO - Started process (PID=21017) to work on /home/logi/txtai/venv/lib/python3.10/site-packages/airflow/example_dags/plugins/listener_plugin.py
[2025-11-14T11:26:47.122+0530] {processor.py:830} INFO - Processing file /home/logi/txtai/venv/lib/python3.10/site-packages/airflow/example_dags/plugins/listener_plugin.py for tasks to queue
[2025-11-14T11:26:47.128+0530] {logging_mixin.py:188} INFO - [2025-11-14T11:26:47.127+0530] {dagbag.py:545} INFO - Filling up the DagBag from /home/logi/txtai/venv/lib/python3.10/site-packages/airflow/example_dags/plugins/listener_plugin.py
[2025-11-14T11:26:47.133+0530] {processor.py:842} WARNING - No viable dags retrieved from /home/logi/txtai/venv/lib/python3.10/site-packages/airflow/example_dags/plugins/listener_plugin.py
[2025-11-14T11:26:47.190+0530] {processor.py:183} INFO - Processing /home/logi/txtai/venv/lib/python3.10/site-packages/airflow/example_dags/plugins/listener_plugin.py took 0.095 seconds
[2025-11-14T11:27:17.495+0530] {processor.py:161} INFO - Started process (PID=21176) to work on /home/logi/txtai/venv/lib/python3.10/site-packages/airflow/example_dags/plugins/listener_plugin.py
[2025-11-14T11:27:17.509+0530] {processor.py:830} INFO - Processing file /home/logi/txtai/venv/lib/python3.10/site-packages/airflow/example_dags/plugins/listener_plugin.py for tasks to queue
[2025-11-14T11:27:17.513+0530] {logging_mixin.py:188} INFO - [2025-11-14T11:27:17.512+0530] {dagbag.py:545} INFO - Filling up the DagBag from /home/logi/txtai/venv/lib/python3.10/site-packages/airflow/example_dags/plugins/listener_plugin.py
[2025-11-14T11:27:17.519+0530] {processor.py:842} WARNING - No viable dags retrieved from /home/logi/txtai/venv/lib/python3.10/site-packages/airflow/example_dags/plugins/listener_plugin.py
[2025-11-14T11:27:17.585+0530] {processor.py:183} INFO - Processing /home/logi/txtai/venv/lib/python3.10/site-packages/airflow/example_dags/plugins/listener_plugin.py took 0.109 seconds
[2025-11-14T11:27:48.120+0530] {processor.py:161} INFO - Started process (PID=21335) to work on /home/logi/txtai/venv/lib/python3.10/site-packages/airflow/example_dags/plugins/listener_plugin.py
[2025-11-14T11:27:48.135+0530] {processor.py:830} INFO - Processing file /home/logi/txtai/venv/lib/python3.10/site-packages/airflow/example_dags/plugins/listener_plugin.py for tasks to queue
[2025-11-14T11:27:48.139+0530] {logging_mixin.py:188} INFO - [2025-11-14T11:27:48.138+0530] {dagbag.py:545} INFO - Filling up the DagBag from /home/logi/txtai/venv/lib/python3.10/site-packages/airflow/example_dags/plugins/listener_plugin.py
[2025-11-14T11:27:48.146+0530] {processor.py:842} WARNING - No viable dags retrieved from /home/logi/txtai/venv/lib/python3.10/site-packages/airflow/example_dags/plugins/listener_plugin.py
[2025-11-14T11:27:48.201+0530] {processor.py:183} INFO - Processing /home/logi/txtai/venv/lib/python3.10/site-packages/airflow/example_dags/plugins/listener_plugin.py took 0.097 seconds
[2025-11-14T11:28:18.339+0530] {processor.py:161} INFO - Started process (PID=21481) to work on /home/logi/txtai/venv/lib/python3.10/site-packages/airflow/example_dags/plugins/listener_plugin.py
[2025-11-14T11:28:18.354+0530] {processor.py:830} INFO - Processing file /home/logi/txtai/venv/lib/python3.10/site-packages/airflow/example_dags/plugins/listener_plugin.py for tasks to queue
[2025-11-14T11:28:18.358+0530] {logging_mixin.py:188} INFO - [2025-11-14T11:28:18.357+0530] {dagbag.py:545} INFO - Filling up the DagBag from /home/logi/txtai/venv/lib/python3.10/site-packages/airflow/example_dags/plugins/listener_plugin.py
[2025-11-14T11:28:18.365+0530] {processor.py:842} WARNING - No viable dags retrieved from /home/logi/txtai/venv/lib/python3.10/site-packages/airflow/example_dags/plugins/listener_plugin.py
[2025-11-14T11:28:18.413+0530] {processor.py:183} INFO - Processing /home/logi/txtai/venv/lib/python3.10/site-packages/airflow/example_dags/plugins/listener_plugin.py took 0.090 seconds
[2025-11-14T11:28:48.803+0530] {processor.py:161} INFO - Started process (PID=21836) to work on /home/logi/txtai/venv/lib/python3.10/site-packages/airflow/example_dags/plugins/listener_plugin.py
[2025-11-14T11:28:48.805+0530] {processor.py:830} INFO - Processing file /home/logi/txtai/venv/lib/python3.10/site-packages/airflow/example_dags/plugins/listener_plugin.py for tasks to queue
[2025-11-14T11:28:48.807+0530] {logging_mixin.py:188} INFO - [2025-11-14T11:28:48.807+0530] {dagbag.py:545} INFO - Filling up the DagBag from /home/logi/txtai/venv/lib/python3.10/site-packages/airflow/example_dags/plugins/listener_plugin.py
[2025-11-14T11:28:48.811+0530] {processor.py:842} WARNING - No viable dags retrieved from /home/logi/txtai/venv/lib/python3.10/site-packages/airflow/example_dags/plugins/listener_plugin.py
[2025-11-14T11:28:48.854+0530] {processor.py:183} INFO - Processing /home/logi/txtai/venv/lib/python3.10/site-packages/airflow/example_dags/plugins/listener_plugin.py took 0.058 seconds
[2025-11-14T11:29:19.134+0530] {processor.py:161} INFO - Started process (PID=22038) to work on /home/logi/txtai/venv/lib/python3.10/site-packages/airflow/example_dags/plugins/listener_plugin.py
[2025-11-14T11:29:19.147+0530] {processor.py:830} INFO - Processing file /home/logi/txtai/venv/lib/python3.10/site-packages/airflow/example_dags/plugins/listener_plugin.py for tasks to queue
[2025-11-14T11:29:19.150+0530] {logging_mixin.py:188} INFO - [2025-11-14T11:29:19.150+0530] {dagbag.py:545} INFO - Filling up the DagBag from /home/logi/txtai/venv/lib/python3.10/site-packages/airflow/example_dags/plugins/listener_plugin.py
[2025-11-14T11:29:19.154+0530] {processor.py:842} WARNING - No viable dags retrieved from /home/logi/txtai/venv/lib/python3.10/site-packages/airflow/example_dags/plugins/listener_plugin.py
[2025-11-14T11:29:19.202+0530] {processor.py:183} INFO - Processing /home/logi/txtai/venv/lib/python3.10/site-packages/airflow/example_dags/plugins/listener_plugin.py took 0.079 seconds
[2025-11-14T11:29:49.282+0530] {processor.py:161} INFO - Started process (PID=22196) to work on /home/logi/txtai/venv/lib/python3.10/site-packages/airflow/example_dags/plugins/listener_plugin.py
[2025-11-14T11:29:49.296+0530] {processor.py:830} INFO - Processing file /home/logi/txtai/venv/lib/python3.10/site-packages/airflow/example_dags/plugins/listener_plugin.py for tasks to queue
[2025-11-14T11:29:49.303+0530] {logging_mixin.py:188} INFO - [2025-11-14T11:29:49.303+0530] {dagbag.py:545} INFO - Filling up the DagBag from /home/logi/txtai/venv/lib/python3.10/site-packages/airflow/example_dags/plugins/listener_plugin.py
[2025-11-14T11:29:49.313+0530] {processor.py:842} WARNING - No viable dags retrieved from /home/logi/txtai/venv/lib/python3.10/site-packages/airflow/example_dags/plugins/listener_plugin.py
[2025-11-14T11:29:49.388+0530] {processor.py:183} INFO - Processing /home/logi/txtai/venv/lib/python3.10/site-packages/airflow/example_dags/plugins/listener_plugin.py took 0.125 seconds
[2025-11-14T11:30:19.645+0530] {processor.py:161} INFO - Started process (PID=22563) to work on /home/logi/txtai/venv/lib/python3.10/site-packages/airflow/example_dags/plugins/listener_plugin.py
[2025-11-14T11:30:19.659+0530] {processor.py:830} INFO - Processing file /home/logi/txtai/venv/lib/python3.10/site-packages/airflow/example_dags/plugins/listener_plugin.py for tasks to queue
[2025-11-14T11:30:19.664+0530] {logging_mixin.py:188} INFO - [2025-11-14T11:30:19.664+0530] {dagbag.py:545} INFO - Filling up the DagBag from /home/logi/txtai/venv/lib/python3.10/site-packages/airflow/example_dags/plugins/listener_plugin.py
[2025-11-14T11:30:19.671+0530] {processor.py:842} WARNING - No viable dags retrieved from /home/logi/txtai/venv/lib/python3.10/site-packages/airflow/example_dags/plugins/listener_plugin.py
[2025-11-14T11:30:19.722+0530] {processor.py:183} INFO - Processing /home/logi/txtai/venv/lib/python3.10/site-packages/airflow/example_dags/plugins/listener_plugin.py took 0.091 seconds
[2025-11-14T11:30:50.217+0530] {processor.py:161} INFO - Started process (PID=22730) to work on /home/logi/txtai/venv/lib/python3.10/site-packages/airflow/example_dags/plugins/listener_plugin.py
[2025-11-14T11:30:50.221+0530] {processor.py:830} INFO - Processing file /home/logi/txtai/venv/lib/python3.10/site-packages/airflow/example_dags/plugins/listener_plugin.py for tasks to queue
[2025-11-14T11:30:50.223+0530] {logging_mixin.py:188} INFO - [2025-11-14T11:30:50.223+0530] {dagbag.py:545} INFO - Filling up the DagBag from /home/logi/txtai/venv/lib/python3.10/site-packages/airflow/example_dags/plugins/listener_plugin.py
[2025-11-14T11:30:50.230+0530] {processor.py:842} WARNING - No viable dags retrieved from /home/logi/txtai/venv/lib/python3.10/site-packages/airflow/example_dags/plugins/listener_plugin.py
[2025-11-14T11:30:50.276+0530] {processor.py:183} INFO - Processing /home/logi/txtai/venv/lib/python3.10/site-packages/airflow/example_dags/plugins/listener_plugin.py took 0.079 seconds
[2025-11-14T11:31:20.747+0530] {processor.py:161} INFO - Started process (PID=23045) to work on /home/logi/txtai/venv/lib/python3.10/site-packages/airflow/example_dags/plugins/listener_plugin.py
[2025-11-14T11:31:20.763+0530] {processor.py:830} INFO - Processing file /home/logi/txtai/venv/lib/python3.10/site-packages/airflow/example_dags/plugins/listener_plugin.py for tasks to queue
[2025-11-14T11:31:20.768+0530] {logging_mixin.py:188} INFO - [2025-11-14T11:31:20.768+0530] {dagbag.py:545} INFO - Filling up the DagBag from /home/logi/txtai/venv/lib/python3.10/site-packages/airflow/example_dags/plugins/listener_plugin.py
[2025-11-14T11:31:20.777+0530] {processor.py:842} WARNING - No viable dags retrieved from /home/logi/txtai/venv/lib/python3.10/site-packages/airflow/example_dags/plugins/listener_plugin.py
[2025-11-14T11:31:20.846+0530] {processor.py:183} INFO - Processing /home/logi/txtai/venv/lib/python3.10/site-packages/airflow/example_dags/plugins/listener_plugin.py took 0.125 seconds
[2025-11-14T11:31:51.084+0530] {processor.py:161} INFO - Started process (PID=23621) to work on /home/logi/txtai/venv/lib/python3.10/site-packages/airflow/example_dags/plugins/listener_plugin.py
[2025-11-14T11:31:51.087+0530] {processor.py:830} INFO - Processing file /home/logi/txtai/venv/lib/python3.10/site-packages/airflow/example_dags/plugins/listener_plugin.py for tasks to queue
[2025-11-14T11:31:51.093+0530] {logging_mixin.py:188} INFO - [2025-11-14T11:31:51.092+0530] {dagbag.py:545} INFO - Filling up the DagBag from /home/logi/txtai/venv/lib/python3.10/site-packages/airflow/example_dags/plugins/listener_plugin.py
[2025-11-14T11:31:51.101+0530] {processor.py:842} WARNING - No viable dags retrieved from /home/logi/txtai/venv/lib/python3.10/site-packages/airflow/example_dags/plugins/listener_plugin.py
[2025-11-14T11:31:51.171+0530] {processor.py:183} INFO - Processing /home/logi/txtai/venv/lib/python3.10/site-packages/airflow/example_dags/plugins/listener_plugin.py took 0.117 seconds
[2025-11-14T11:32:21.576+0530] {processor.py:161} INFO - Started process (PID=23787) to work on /home/logi/txtai/venv/lib/python3.10/site-packages/airflow/example_dags/plugins/listener_plugin.py
[2025-11-14T11:32:21.589+0530] {processor.py:830} INFO - Processing file /home/logi/txtai/venv/lib/python3.10/site-packages/airflow/example_dags/plugins/listener_plugin.py for tasks to queue
[2025-11-14T11:32:21.592+0530] {logging_mixin.py:188} INFO - [2025-11-14T11:32:21.591+0530] {dagbag.py:545} INFO - Filling up the DagBag from /home/logi/txtai/venv/lib/python3.10/site-packages/airflow/example_dags/plugins/listener_plugin.py
[2025-11-14T11:32:21.596+0530] {processor.py:842} WARNING - No viable dags retrieved from /home/logi/txtai/venv/lib/python3.10/site-packages/airflow/example_dags/plugins/listener_plugin.py
[2025-11-14T11:32:21.640+0530] {processor.py:183} INFO - Processing /home/logi/txtai/venv/lib/python3.10/site-packages/airflow/example_dags/plugins/listener_plugin.py took 0.076 seconds
[2025-11-14T11:32:52.510+0530] {processor.py:161} INFO - Started process (PID=23955) to work on /home/logi/txtai/venv/lib/python3.10/site-packages/airflow/example_dags/plugins/listener_plugin.py
[2025-11-14T11:32:52.511+0530] {processor.py:830} INFO - Processing file /home/logi/txtai/venv/lib/python3.10/site-packages/airflow/example_dags/plugins/listener_plugin.py for tasks to queue
[2025-11-14T11:32:52.513+0530] {logging_mixin.py:188} INFO - [2025-11-14T11:32:52.512+0530] {dagbag.py:545} INFO - Filling up the DagBag from /home/logi/txtai/venv/lib/python3.10/site-packages/airflow/example_dags/plugins/listener_plugin.py
[2025-11-14T11:32:52.515+0530] {processor.py:842} WARNING - No viable dags retrieved from /home/logi/txtai/venv/lib/python3.10/site-packages/airflow/example_dags/plugins/listener_plugin.py
[2025-11-14T11:32:52.550+0530] {processor.py:183} INFO - Processing /home/logi/txtai/venv/lib/python3.10/site-packages/airflow/example_dags/plugins/listener_plugin.py took 0.046 seconds
[2025-11-14T11:33:22.599+0530] {processor.py:161} INFO - Started process (PID=24129) to work on /home/logi/txtai/venv/lib/python3.10/site-packages/airflow/example_dags/plugins/listener_plugin.py
[2025-11-14T11:33:22.600+0530] {processor.py:830} INFO - Processing file /home/logi/txtai/venv/lib/python3.10/site-packages/airflow/example_dags/plugins/listener_plugin.py for tasks to queue
[2025-11-14T11:33:22.602+0530] {logging_mixin.py:188} INFO - [2025-11-14T11:33:22.601+0530] {dagbag.py:545} INFO - Filling up the DagBag from /home/logi/txtai/venv/lib/python3.10/site-packages/airflow/example_dags/plugins/listener_plugin.py
[2025-11-14T11:33:22.604+0530] {processor.py:842} WARNING - No viable dags retrieved from /home/logi/txtai/venv/lib/python3.10/site-packages/airflow/example_dags/plugins/listener_plugin.py
[2025-11-14T11:33:22.629+0530] {processor.py:183} INFO - Processing /home/logi/txtai/venv/lib/python3.10/site-packages/airflow/example_dags/plugins/listener_plugin.py took 0.037 seconds
[2025-11-14T11:33:53.543+0530] {processor.py:161} INFO - Started process (PID=24359) to work on /home/logi/txtai/venv/lib/python3.10/site-packages/airflow/example_dags/plugins/listener_plugin.py
[2025-11-14T11:33:53.546+0530] {processor.py:830} INFO - Processing file /home/logi/txtai/venv/lib/python3.10/site-packages/airflow/example_dags/plugins/listener_plugin.py for tasks to queue
[2025-11-14T11:33:53.552+0530] {logging_mixin.py:188} INFO - [2025-11-14T11:33:53.551+0530] {dagbag.py:545} INFO - Filling up the DagBag from /home/logi/txtai/venv/lib/python3.10/site-packages/airflow/example_dags/plugins/listener_plugin.py
[2025-11-14T11:33:53.559+0530] {processor.py:842} WARNING - No viable dags retrieved from /home/logi/txtai/venv/lib/python3.10/site-packages/airflow/example_dags/plugins/listener_plugin.py
[2025-11-14T11:33:53.634+0530] {processor.py:183} INFO - Processing /home/logi/txtai/venv/lib/python3.10/site-packages/airflow/example_dags/plugins/listener_plugin.py took 0.113 seconds
[2025-11-14T11:35:00.463+0530] {processor.py:161} INFO - Started process (PID=24599) to work on /home/logi/txtai/venv/lib/python3.10/site-packages/airflow/example_dags/plugins/listener_plugin.py
[2025-11-14T11:35:00.464+0530] {processor.py:830} INFO - Processing file /home/logi/txtai/venv/lib/python3.10/site-packages/airflow/example_dags/plugins/listener_plugin.py for tasks to queue
[2025-11-14T11:35:00.465+0530] {logging_mixin.py:188} INFO - [2025-11-14T11:35:00.465+0530] {dagbag.py:545} INFO - Filling up the DagBag from /home/logi/txtai/venv/lib/python3.10/site-packages/airflow/example_dags/plugins/listener_plugin.py
[2025-11-14T11:35:00.467+0530] {processor.py:842} WARNING - No viable dags retrieved from /home/logi/txtai/venv/lib/python3.10/site-packages/airflow/example_dags/plugins/listener_plugin.py
[2025-11-14T11:35:00.506+0530] {processor.py:183} INFO - Processing /home/logi/txtai/venv/lib/python3.10/site-packages/airflow/example_dags/plugins/listener_plugin.py took 0.050 seconds
[2025-11-14T11:40:42.726+0530] {processor.py:161} INFO - Started process (PID=26124) to work on /home/logi/txtai/venv/lib/python3.10/site-packages/airflow/example_dags/plugins/listener_plugin.py
[2025-11-14T11:40:42.728+0530] {processor.py:830} INFO - Processing file /home/logi/txtai/venv/lib/python3.10/site-packages/airflow/example_dags/plugins/listener_plugin.py for tasks to queue
[2025-11-14T11:40:42.732+0530] {logging_mixin.py:188} INFO - [2025-11-14T11:40:42.731+0530] {dagbag.py:545} INFO - Filling up the DagBag from /home/logi/txtai/venv/lib/python3.10/site-packages/airflow/example_dags/plugins/listener_plugin.py
[2025-11-14T11:40:42.741+0530] {processor.py:842} WARNING - No viable dags retrieved from /home/logi/txtai/venv/lib/python3.10/site-packages/airflow/example_dags/plugins/listener_plugin.py
[2025-11-14T11:40:42.768+0530] {processor.py:183} INFO - Processing /home/logi/txtai/venv/lib/python3.10/site-packages/airflow/example_dags/plugins/listener_plugin.py took 0.061 seconds
[2025-11-14T11:41:13.331+0530] {processor.py:161} INFO - Started process (PID=26386) to work on /home/logi/txtai/venv/lib/python3.10/site-packages/airflow/example_dags/plugins/listener_plugin.py
[2025-11-14T11:41:13.332+0530] {processor.py:830} INFO - Processing file /home/logi/txtai/venv/lib/python3.10/site-packages/airflow/example_dags/plugins/listener_plugin.py for tasks to queue
[2025-11-14T11:41:13.335+0530] {logging_mixin.py:188} INFO - [2025-11-14T11:41:13.334+0530] {dagbag.py:545} INFO - Filling up the DagBag from /home/logi/txtai/venv/lib/python3.10/site-packages/airflow/example_dags/plugins/listener_plugin.py
[2025-11-14T11:41:13.339+0530] {processor.py:842} WARNING - No viable dags retrieved from /home/logi/txtai/venv/lib/python3.10/site-packages/airflow/example_dags/plugins/listener_plugin.py
[2025-11-14T11:41:13.379+0530] {processor.py:183} INFO - Processing /home/logi/txtai/venv/lib/python3.10/site-packages/airflow/example_dags/plugins/listener_plugin.py took 0.059 seconds
[2025-11-14T11:41:43.457+0530] {processor.py:161} INFO - Started process (PID=26543) to work on /home/logi/txtai/venv/lib/python3.10/site-packages/airflow/example_dags/plugins/listener_plugin.py
[2025-11-14T11:41:43.458+0530] {processor.py:830} INFO - Processing file /home/logi/txtai/venv/lib/python3.10/site-packages/airflow/example_dags/plugins/listener_plugin.py for tasks to queue
[2025-11-14T11:41:43.464+0530] {logging_mixin.py:188} INFO - [2025-11-14T11:41:43.464+0530] {dagbag.py:545} INFO - Filling up the DagBag from /home/logi/txtai/venv/lib/python3.10/site-packages/airflow/example_dags/plugins/listener_plugin.py
[2025-11-14T11:41:43.468+0530] {processor.py:842} WARNING - No viable dags retrieved from /home/logi/txtai/venv/lib/python3.10/site-packages/airflow/example_dags/plugins/listener_plugin.py
[2025-11-14T11:41:43.517+0530] {processor.py:183} INFO - Processing /home/logi/txtai/venv/lib/python3.10/site-packages/airflow/example_dags/plugins/listener_plugin.py took 0.085 seconds
[2025-11-14T11:42:14.199+0530] {processor.py:161} INFO - Started process (PID=26692) to work on /home/logi/txtai/venv/lib/python3.10/site-packages/airflow/example_dags/plugins/listener_plugin.py
[2025-11-14T11:42:14.202+0530] {processor.py:830} INFO - Processing file /home/logi/txtai/venv/lib/python3.10/site-packages/airflow/example_dags/plugins/listener_plugin.py for tasks to queue
[2025-11-14T11:42:14.204+0530] {logging_mixin.py:188} INFO - [2025-11-14T11:42:14.204+0530] {dagbag.py:545} INFO - Filling up the DagBag from /home/logi/txtai/venv/lib/python3.10/site-packages/airflow/example_dags/plugins/listener_plugin.py
[2025-11-14T11:42:14.208+0530] {processor.py:842} WARNING - No viable dags retrieved from /home/logi/txtai/venv/lib/python3.10/site-packages/airflow/example_dags/plugins/listener_plugin.py
[2025-11-14T11:42:14.254+0530] {processor.py:183} INFO - Processing /home/logi/txtai/venv/lib/python3.10/site-packages/airflow/example_dags/plugins/listener_plugin.py took 0.066 seconds
[2025-11-14T11:42:44.419+0530] {processor.py:161} INFO - Started process (PID=26885) to work on /home/logi/txtai/venv/lib/python3.10/site-packages/airflow/example_dags/plugins/listener_plugin.py
[2025-11-14T11:42:44.421+0530] {processor.py:830} INFO - Processing file /home/logi/txtai/venv/lib/python3.10/site-packages/airflow/example_dags/plugins/listener_plugin.py for tasks to queue
[2025-11-14T11:42:44.424+0530] {logging_mixin.py:188} INFO - [2025-11-14T11:42:44.424+0530] {dagbag.py:545} INFO - Filling up the DagBag from /home/logi/txtai/venv/lib/python3.10/site-packages/airflow/example_dags/plugins/listener_plugin.py
[2025-11-14T11:42:44.429+0530] {processor.py:842} WARNING - No viable dags retrieved from /home/logi/txtai/venv/lib/python3.10/site-packages/airflow/example_dags/plugins/listener_plugin.py
[2025-11-14T11:42:44.479+0530] {processor.py:183} INFO - Processing /home/logi/txtai/venv/lib/python3.10/site-packages/airflow/example_dags/plugins/listener_plugin.py took 0.074 seconds
[2025-11-14T11:43:11.519+0530] {processor.py:161} INFO - Started process (PID=27273) to work on /home/logi/txtai/venv/lib/python3.10/site-packages/airflow/example_dags/plugins/listener_plugin.py
[2025-11-14T11:43:11.521+0530] {processor.py:830} INFO - Processing file /home/logi/txtai/venv/lib/python3.10/site-packages/airflow/example_dags/plugins/listener_plugin.py for tasks to queue
[2025-11-14T11:43:11.524+0530] {logging_mixin.py:188} INFO - [2025-11-14T11:43:11.523+0530] {dagbag.py:545} INFO - Filling up the DagBag from /home/logi/txtai/venv/lib/python3.10/site-packages/airflow/example_dags/plugins/listener_plugin.py
[2025-11-14T11:43:11.527+0530] {processor.py:842} WARNING - No viable dags retrieved from /home/logi/txtai/venv/lib/python3.10/site-packages/airflow/example_dags/plugins/listener_plugin.py
[2025-11-14T11:43:11.568+0530] {processor.py:183} INFO - Processing /home/logi/txtai/venv/lib/python3.10/site-packages/airflow/example_dags/plugins/listener_plugin.py took 0.060 seconds
[2025-11-14T11:43:42.326+0530] {processor.py:161} INFO - Started process (PID=27540) to work on /home/logi/txtai/venv/lib/python3.10/site-packages/airflow/example_dags/plugins/listener_plugin.py
[2025-11-14T11:43:42.327+0530] {processor.py:830} INFO - Processing file /home/logi/txtai/venv/lib/python3.10/site-packages/airflow/example_dags/plugins/listener_plugin.py for tasks to queue
[2025-11-14T11:43:42.331+0530] {logging_mixin.py:188} INFO - [2025-11-14T11:43:42.330+0530] {dagbag.py:545} INFO - Filling up the DagBag from /home/logi/txtai/venv/lib/python3.10/site-packages/airflow/example_dags/plugins/listener_plugin.py
[2025-11-14T11:43:42.336+0530] {processor.py:842} WARNING - No viable dags retrieved from /home/logi/txtai/venv/lib/python3.10/site-packages/airflow/example_dags/plugins/listener_plugin.py
[2025-11-14T11:43:42.383+0530] {processor.py:183} INFO - Processing /home/logi/txtai/venv/lib/python3.10/site-packages/airflow/example_dags/plugins/listener_plugin.py took 0.071 seconds
[2025-11-14T11:44:13.154+0530] {processor.py:161} INFO - Started process (PID=27733) to work on /home/logi/txtai/venv/lib/python3.10/site-packages/airflow/example_dags/plugins/listener_plugin.py
[2025-11-14T11:44:13.156+0530] {processor.py:830} INFO - Processing file /home/logi/txtai/venv/lib/python3.10/site-packages/airflow/example_dags/plugins/listener_plugin.py for tasks to queue
[2025-11-14T11:44:13.158+0530] {logging_mixin.py:188} INFO - [2025-11-14T11:44:13.158+0530] {dagbag.py:545} INFO - Filling up the DagBag from /home/logi/txtai/venv/lib/python3.10/site-packages/airflow/example_dags/plugins/listener_plugin.py
[2025-11-14T11:44:13.161+0530] {processor.py:842} WARNING - No viable dags retrieved from /home/logi/txtai/venv/lib/python3.10/site-packages/airflow/example_dags/plugins/listener_plugin.py
[2025-11-14T11:44:13.209+0530] {processor.py:183} INFO - Processing /home/logi/txtai/venv/lib/python3.10/site-packages/airflow/example_dags/plugins/listener_plugin.py took 0.065 seconds
[2025-11-14T11:44:43.285+0530] {processor.py:161} INFO - Started process (PID=27934) to work on /home/logi/txtai/venv/lib/python3.10/site-packages/airflow/example_dags/plugins/listener_plugin.py
[2025-11-14T11:44:43.298+0530] {processor.py:830} INFO - Processing file /home/logi/txtai/venv/lib/python3.10/site-packages/airflow/example_dags/plugins/listener_plugin.py for tasks to queue
[2025-11-14T11:44:43.301+0530] {logging_mixin.py:188} INFO - [2025-11-14T11:44:43.301+0530] {dagbag.py:545} INFO - Filling up the DagBag from /home/logi/txtai/venv/lib/python3.10/site-packages/airflow/example_dags/plugins/listener_plugin.py
[2025-11-14T11:44:43.306+0530] {processor.py:842} WARNING - No viable dags retrieved from /home/logi/txtai/venv/lib/python3.10/site-packages/airflow/example_dags/plugins/listener_plugin.py
[2025-11-14T11:44:43.359+0530] {processor.py:183} INFO - Processing /home/logi/txtai/venv/lib/python3.10/site-packages/airflow/example_dags/plugins/listener_plugin.py took 0.087 seconds
[2025-11-14T11:45:13.916+0530] {processor.py:161} INFO - Started process (PID=28075) to work on /home/logi/txtai/venv/lib/python3.10/site-packages/airflow/example_dags/plugins/listener_plugin.py
[2025-11-14T11:45:13.929+0530] {processor.py:830} INFO - Processing file /home/logi/txtai/venv/lib/python3.10/site-packages/airflow/example_dags/plugins/listener_plugin.py for tasks to queue
[2025-11-14T11:45:13.932+0530] {logging_mixin.py:188} INFO - [2025-11-14T11:45:13.932+0530] {dagbag.py:545} INFO - Filling up the DagBag from /home/logi/txtai/venv/lib/python3.10/site-packages/airflow/example_dags/plugins/listener_plugin.py
[2025-11-14T11:45:13.936+0530] {processor.py:842} WARNING - No viable dags retrieved from /home/logi/txtai/venv/lib/python3.10/site-packages/airflow/example_dags/plugins/listener_plugin.py
[2025-11-14T11:45:13.989+0530] {processor.py:183} INFO - Processing /home/logi/txtai/venv/lib/python3.10/site-packages/airflow/example_dags/plugins/listener_plugin.py took 0.086 seconds
[2025-11-14T11:45:44.496+0530] {processor.py:161} INFO - Started process (PID=28293) to work on /home/logi/txtai/venv/lib/python3.10/site-packages/airflow/example_dags/plugins/listener_plugin.py
[2025-11-14T11:45:44.508+0530] {processor.py:830} INFO - Processing file /home/logi/txtai/venv/lib/python3.10/site-packages/airflow/example_dags/plugins/listener_plugin.py for tasks to queue
[2025-11-14T11:45:44.516+0530] {logging_mixin.py:188} INFO - [2025-11-14T11:45:44.515+0530] {dagbag.py:545} INFO - Filling up the DagBag from /home/logi/txtai/venv/lib/python3.10/site-packages/airflow/example_dags/plugins/listener_plugin.py
[2025-11-14T11:45:44.525+0530] {processor.py:842} WARNING - No viable dags retrieved from /home/logi/txtai/venv/lib/python3.10/site-packages/airflow/example_dags/plugins/listener_plugin.py
[2025-11-14T11:45:44.588+0530] {processor.py:183} INFO - Processing /home/logi/txtai/venv/lib/python3.10/site-packages/airflow/example_dags/plugins/listener_plugin.py took 0.111 seconds
[2025-11-14T11:46:15.040+0530] {processor.py:161} INFO - Started process (PID=28866) to work on /home/logi/txtai/venv/lib/python3.10/site-packages/airflow/example_dags/plugins/listener_plugin.py
[2025-11-14T11:46:15.041+0530] {processor.py:830} INFO - Processing file /home/logi/txtai/venv/lib/python3.10/site-packages/airflow/example_dags/plugins/listener_plugin.py for tasks to queue
[2025-11-14T11:46:15.044+0530] {logging_mixin.py:188} INFO - [2025-11-14T11:46:15.043+0530] {dagbag.py:545} INFO - Filling up the DagBag from /home/logi/txtai/venv/lib/python3.10/site-packages/airflow/example_dags/plugins/listener_plugin.py
[2025-11-14T11:46:15.049+0530] {processor.py:842} WARNING - No viable dags retrieved from /home/logi/txtai/venv/lib/python3.10/site-packages/airflow/example_dags/plugins/listener_plugin.py
[2025-11-14T11:46:15.084+0530] {processor.py:183} INFO - Processing /home/logi/txtai/venv/lib/python3.10/site-packages/airflow/example_dags/plugins/listener_plugin.py took 0.056 seconds
[2025-11-14T11:46:45.781+0530] {processor.py:161} INFO - Started process (PID=29588) to work on /home/logi/txtai/venv/lib/python3.10/site-packages/airflow/example_dags/plugins/listener_plugin.py
[2025-11-14T11:46:45.794+0530] {processor.py:830} INFO - Processing file /home/logi/txtai/venv/lib/python3.10/site-packages/airflow/example_dags/plugins/listener_plugin.py for tasks to queue
[2025-11-14T11:46:45.796+0530] {logging_mixin.py:188} INFO - [2025-11-14T11:46:45.795+0530] {dagbag.py:545} INFO - Filling up the DagBag from /home/logi/txtai/venv/lib/python3.10/site-packages/airflow/example_dags/plugins/listener_plugin.py
[2025-11-14T11:46:45.807+0530] {processor.py:842} WARNING - No viable dags retrieved from /home/logi/txtai/venv/lib/python3.10/site-packages/airflow/example_dags/plugins/listener_plugin.py
[2025-11-14T11:46:45.856+0530] {processor.py:183} INFO - Processing /home/logi/txtai/venv/lib/python3.10/site-packages/airflow/example_dags/plugins/listener_plugin.py took 0.084 seconds
[2025-11-14T11:47:16.431+0530] {processor.py:161} INFO - Started process (PID=30325) to work on /home/logi/txtai/venv/lib/python3.10/site-packages/airflow/example_dags/plugins/listener_plugin.py
[2025-11-14T11:47:16.443+0530] {processor.py:830} INFO - Processing file /home/logi/txtai/venv/lib/python3.10/site-packages/airflow/example_dags/plugins/listener_plugin.py for tasks to queue
[2025-11-14T11:47:16.445+0530] {logging_mixin.py:188} INFO - [2025-11-14T11:47:16.445+0530] {dagbag.py:545} INFO - Filling up the DagBag from /home/logi/txtai/venv/lib/python3.10/site-packages/airflow/example_dags/plugins/listener_plugin.py
[2025-11-14T11:47:16.450+0530] {processor.py:842} WARNING - No viable dags retrieved from /home/logi/txtai/venv/lib/python3.10/site-packages/airflow/example_dags/plugins/listener_plugin.py
[2025-11-14T11:47:16.491+0530] {processor.py:183} INFO - Processing /home/logi/txtai/venv/lib/python3.10/site-packages/airflow/example_dags/plugins/listener_plugin.py took 0.072 seconds
