[2025-11-02T10:30:35.439+0530] {processor.py:161} INFO - Started process (PID=5939) to work on /home/logi/txtai/venv/lib/python3.10/site-packages/airflow/example_dags/example_short_circuit_operator.py
[2025-11-02T10:30:35.442+0530] {processor.py:830} INFO - Processing file /home/logi/txtai/venv/lib/python3.10/site-packages/airflow/example_dags/example_short_circuit_operator.py for tasks to queue
[2025-11-02T10:30:35.445+0530] {logging_mixin.py:188} INFO - [2025-11-02T10:30:35.444+0530] {dagbag.py:545} INFO - Filling up the DagBag from /home/logi/txtai/venv/lib/python3.10/site-packages/airflow/example_dags/example_short_circuit_operator.py
[2025-11-02T10:30:35.467+0530] {processor.py:840} INFO - DAG(s) 'example_short_circuit_operator' retrieved from /home/logi/txtai/venv/lib/python3.10/site-packages/airflow/example_dags/example_short_circuit_operator.py
[2025-11-02T10:30:35.489+0530] {logging_mixin.py:188} INFO - [2025-11-02T10:30:35.489+0530] {dag.py:3089} INFO - Sync 1 DAGs
[2025-11-02T10:30:35.518+0530] {logging_mixin.py:188} INFO - [2025-11-02T10:30:35.518+0530] {dag.py:3947} INFO - Setting next_dagrun for example_short_circuit_operator to 2025-11-01 00:00:00+00:00, run_after=2025-11-02 00:00:00+00:00
[2025-11-02T10:30:35.548+0530] {processor.py:183} INFO - Processing /home/logi/txtai/venv/lib/python3.10/site-packages/airflow/example_dags/example_short_circuit_operator.py took 0.122 seconds
[2025-11-02T10:31:34.017+0530] {processor.py:161} INFO - Started process (PID=6129) to work on /home/logi/txtai/venv/lib/python3.10/site-packages/airflow/example_dags/example_short_circuit_operator.py
[2025-11-02T10:31:34.025+0530] {processor.py:830} INFO - Processing file /home/logi/txtai/venv/lib/python3.10/site-packages/airflow/example_dags/example_short_circuit_operator.py for tasks to queue
[2025-11-02T10:31:34.028+0530] {logging_mixin.py:188} INFO - [2025-11-02T10:31:34.028+0530] {dagbag.py:545} INFO - Filling up the DagBag from /home/logi/txtai/venv/lib/python3.10/site-packages/airflow/example_dags/example_short_circuit_operator.py
[2025-11-02T10:31:34.041+0530] {processor.py:840} INFO - DAG(s) 'example_short_circuit_operator' retrieved from /home/logi/txtai/venv/lib/python3.10/site-packages/airflow/example_dags/example_short_circuit_operator.py
[2025-11-02T10:31:34.071+0530] {logging_mixin.py:188} INFO - [2025-11-02T10:31:34.071+0530] {dag.py:3089} INFO - Sync 1 DAGs
[2025-11-02T10:31:34.088+0530] {logging_mixin.py:188} INFO - [2025-11-02T10:31:34.088+0530] {dag.py:3947} INFO - Setting next_dagrun for example_short_circuit_operator to 2025-11-01 00:00:00+00:00, run_after=2025-11-02 00:00:00+00:00
[2025-11-02T10:31:34.116+0530] {processor.py:183} INFO - Processing /home/logi/txtai/venv/lib/python3.10/site-packages/airflow/example_dags/example_short_circuit_operator.py took 0.111 seconds
[2025-11-02T10:32:29.021+0530] {processor.py:161} INFO - Started process (PID=6325) to work on /home/logi/txtai/venv/lib/python3.10/site-packages/airflow/example_dags/example_short_circuit_operator.py
[2025-11-02T10:32:29.023+0530] {processor.py:830} INFO - Processing file /home/logi/txtai/venv/lib/python3.10/site-packages/airflow/example_dags/example_short_circuit_operator.py for tasks to queue
[2025-11-02T10:32:29.026+0530] {logging_mixin.py:188} INFO - [2025-11-02T10:32:29.025+0530] {dagbag.py:545} INFO - Filling up the DagBag from /home/logi/txtai/venv/lib/python3.10/site-packages/airflow/example_dags/example_short_circuit_operator.py
[2025-11-02T10:32:29.039+0530] {processor.py:840} INFO - DAG(s) 'example_short_circuit_operator' retrieved from /home/logi/txtai/venv/lib/python3.10/site-packages/airflow/example_dags/example_short_circuit_operator.py
[2025-11-02T10:32:29.069+0530] {logging_mixin.py:188} INFO - [2025-11-02T10:32:29.068+0530] {dag.py:3089} INFO - Sync 1 DAGs
[2025-11-02T10:32:29.090+0530] {logging_mixin.py:188} INFO - [2025-11-02T10:32:29.089+0530] {dag.py:3947} INFO - Setting next_dagrun for example_short_circuit_operator to 2025-11-01 00:00:00+00:00, run_after=2025-11-02 00:00:00+00:00
[2025-11-02T10:32:29.108+0530] {processor.py:183} INFO - Processing /home/logi/txtai/venv/lib/python3.10/site-packages/airflow/example_dags/example_short_circuit_operator.py took 0.099 seconds
[2025-11-02T10:33:20.698+0530] {processor.py:161} INFO - Started process (PID=6408) to work on /home/logi/txtai/venv/lib/python3.10/site-packages/airflow/example_dags/example_short_circuit_operator.py
[2025-11-02T10:33:20.712+0530] {processor.py:830} INFO - Processing file /home/logi/txtai/venv/lib/python3.10/site-packages/airflow/example_dags/example_short_circuit_operator.py for tasks to queue
[2025-11-02T10:33:20.715+0530] {logging_mixin.py:188} INFO - [2025-11-02T10:33:20.714+0530] {dagbag.py:545} INFO - Filling up the DagBag from /home/logi/txtai/venv/lib/python3.10/site-packages/airflow/example_dags/example_short_circuit_operator.py
[2025-11-02T10:33:20.724+0530] {processor.py:840} INFO - DAG(s) 'example_short_circuit_operator' retrieved from /home/logi/txtai/venv/lib/python3.10/site-packages/airflow/example_dags/example_short_circuit_operator.py
[2025-11-02T10:33:20.744+0530] {logging_mixin.py:188} INFO - [2025-11-02T10:33:20.744+0530] {dag.py:3089} INFO - Sync 1 DAGs
[2025-11-02T10:33:20.768+0530] {logging_mixin.py:188} INFO - [2025-11-02T10:33:20.767+0530] {dag.py:3947} INFO - Setting next_dagrun for example_short_circuit_operator to 2025-11-01 00:00:00+00:00, run_after=2025-11-02 00:00:00+00:00
[2025-11-02T10:33:20.794+0530] {processor.py:183} INFO - Processing /home/logi/txtai/venv/lib/python3.10/site-packages/airflow/example_dags/example_short_circuit_operator.py took 0.102 seconds
[2025-11-02T10:34:14.244+0530] {processor.py:161} INFO - Started process (PID=6516) to work on /home/logi/txtai/venv/lib/python3.10/site-packages/airflow/example_dags/example_short_circuit_operator.py
[2025-11-02T10:34:14.258+0530] {processor.py:830} INFO - Processing file /home/logi/txtai/venv/lib/python3.10/site-packages/airflow/example_dags/example_short_circuit_operator.py for tasks to queue
[2025-11-02T10:34:14.261+0530] {logging_mixin.py:188} INFO - [2025-11-02T10:34:14.261+0530] {dagbag.py:545} INFO - Filling up the DagBag from /home/logi/txtai/venv/lib/python3.10/site-packages/airflow/example_dags/example_short_circuit_operator.py
[2025-11-02T10:34:14.275+0530] {processor.py:840} INFO - DAG(s) 'example_short_circuit_operator' retrieved from /home/logi/txtai/venv/lib/python3.10/site-packages/airflow/example_dags/example_short_circuit_operator.py
[2025-11-02T10:34:14.306+0530] {logging_mixin.py:188} INFO - [2025-11-02T10:34:14.306+0530] {dag.py:3089} INFO - Sync 1 DAGs
[2025-11-02T10:34:14.325+0530] {logging_mixin.py:188} INFO - [2025-11-02T10:34:14.325+0530] {dag.py:3947} INFO - Setting next_dagrun for example_short_circuit_operator to 2025-11-01 00:00:00+00:00, run_after=2025-11-02 00:00:00+00:00
[2025-11-02T10:34:14.352+0530] {processor.py:183} INFO - Processing /home/logi/txtai/venv/lib/python3.10/site-packages/airflow/example_dags/example_short_circuit_operator.py took 0.119 seconds
[2025-11-02T10:35:04.666+0530] {processor.py:161} INFO - Started process (PID=6687) to work on /home/logi/txtai/venv/lib/python3.10/site-packages/airflow/example_dags/example_short_circuit_operator.py
[2025-11-02T10:35:04.668+0530] {processor.py:830} INFO - Processing file /home/logi/txtai/venv/lib/python3.10/site-packages/airflow/example_dags/example_short_circuit_operator.py for tasks to queue
[2025-11-02T10:35:04.671+0530] {logging_mixin.py:188} INFO - [2025-11-02T10:35:04.670+0530] {dagbag.py:545} INFO - Filling up the DagBag from /home/logi/txtai/venv/lib/python3.10/site-packages/airflow/example_dags/example_short_circuit_operator.py
[2025-11-02T10:35:04.683+0530] {processor.py:840} INFO - DAG(s) 'example_short_circuit_operator' retrieved from /home/logi/txtai/venv/lib/python3.10/site-packages/airflow/example_dags/example_short_circuit_operator.py
[2025-11-02T10:35:04.709+0530] {logging_mixin.py:188} INFO - [2025-11-02T10:35:04.709+0530] {dag.py:3089} INFO - Sync 1 DAGs
[2025-11-02T10:35:04.726+0530] {logging_mixin.py:188} INFO - [2025-11-02T10:35:04.725+0530] {dag.py:3947} INFO - Setting next_dagrun for example_short_circuit_operator to 2025-11-01 00:00:00+00:00, run_after=2025-11-02 00:00:00+00:00
[2025-11-02T10:35:04.744+0530] {processor.py:183} INFO - Processing /home/logi/txtai/venv/lib/python3.10/site-packages/airflow/example_dags/example_short_circuit_operator.py took 0.090 seconds
[2025-11-02T10:35:57.613+0530] {processor.py:161} INFO - Started process (PID=6852) to work on /home/logi/txtai/venv/lib/python3.10/site-packages/airflow/example_dags/example_short_circuit_operator.py
[2025-11-02T10:35:57.616+0530] {processor.py:830} INFO - Processing file /home/logi/txtai/venv/lib/python3.10/site-packages/airflow/example_dags/example_short_circuit_operator.py for tasks to queue
[2025-11-02T10:35:57.619+0530] {logging_mixin.py:188} INFO - [2025-11-02T10:35:57.618+0530] {dagbag.py:545} INFO - Filling up the DagBag from /home/logi/txtai/venv/lib/python3.10/site-packages/airflow/example_dags/example_short_circuit_operator.py
[2025-11-02T10:35:57.633+0530] {processor.py:840} INFO - DAG(s) 'example_short_circuit_operator' retrieved from /home/logi/txtai/venv/lib/python3.10/site-packages/airflow/example_dags/example_short_circuit_operator.py
[2025-11-02T10:35:57.665+0530] {logging_mixin.py:188} INFO - [2025-11-02T10:35:57.664+0530] {dag.py:3089} INFO - Sync 1 DAGs
[2025-11-02T10:35:57.683+0530] {logging_mixin.py:188} INFO - [2025-11-02T10:35:57.683+0530] {dag.py:3947} INFO - Setting next_dagrun for example_short_circuit_operator to 2025-11-01 00:00:00+00:00, run_after=2025-11-02 00:00:00+00:00
[2025-11-02T10:35:57.720+0530] {processor.py:183} INFO - Processing /home/logi/txtai/venv/lib/python3.10/site-packages/airflow/example_dags/example_short_circuit_operator.py took 0.120 seconds
[2025-11-02T10:36:52.169+0530] {processor.py:161} INFO - Started process (PID=6946) to work on /home/logi/txtai/venv/lib/python3.10/site-packages/airflow/example_dags/example_short_circuit_operator.py
[2025-11-02T10:36:52.171+0530] {processor.py:830} INFO - Processing file /home/logi/txtai/venv/lib/python3.10/site-packages/airflow/example_dags/example_short_circuit_operator.py for tasks to queue
[2025-11-02T10:36:52.174+0530] {logging_mixin.py:188} INFO - [2025-11-02T10:36:52.173+0530] {dagbag.py:545} INFO - Filling up the DagBag from /home/logi/txtai/venv/lib/python3.10/site-packages/airflow/example_dags/example_short_circuit_operator.py
[2025-11-02T10:36:52.186+0530] {processor.py:840} INFO - DAG(s) 'example_short_circuit_operator' retrieved from /home/logi/txtai/venv/lib/python3.10/site-packages/airflow/example_dags/example_short_circuit_operator.py
[2025-11-02T10:36:52.207+0530] {logging_mixin.py:188} INFO - [2025-11-02T10:36:52.207+0530] {dag.py:3089} INFO - Sync 1 DAGs
[2025-11-02T10:36:52.222+0530] {logging_mixin.py:188} INFO - [2025-11-02T10:36:52.221+0530] {dag.py:3947} INFO - Setting next_dagrun for example_short_circuit_operator to 2025-11-01 00:00:00+00:00, run_after=2025-11-02 00:00:00+00:00
[2025-11-02T10:36:52.241+0530] {processor.py:183} INFO - Processing /home/logi/txtai/venv/lib/python3.10/site-packages/airflow/example_dags/example_short_circuit_operator.py took 0.081 seconds
[2025-11-02T10:37:40.880+0530] {processor.py:161} INFO - Started process (PID=7027) to work on /home/logi/txtai/venv/lib/python3.10/site-packages/airflow/example_dags/example_short_circuit_operator.py
[2025-11-02T10:37:40.882+0530] {processor.py:830} INFO - Processing file /home/logi/txtai/venv/lib/python3.10/site-packages/airflow/example_dags/example_short_circuit_operator.py for tasks to queue
[2025-11-02T10:37:40.885+0530] {logging_mixin.py:188} INFO - [2025-11-02T10:37:40.884+0530] {dagbag.py:545} INFO - Filling up the DagBag from /home/logi/txtai/venv/lib/python3.10/site-packages/airflow/example_dags/example_short_circuit_operator.py
[2025-11-02T10:37:40.899+0530] {processor.py:840} INFO - DAG(s) 'example_short_circuit_operator' retrieved from /home/logi/txtai/venv/lib/python3.10/site-packages/airflow/example_dags/example_short_circuit_operator.py
[2025-11-02T10:37:40.925+0530] {logging_mixin.py:188} INFO - [2025-11-02T10:37:40.925+0530] {dag.py:3089} INFO - Sync 1 DAGs
[2025-11-02T10:37:40.943+0530] {logging_mixin.py:188} INFO - [2025-11-02T10:37:40.942+0530] {dag.py:3947} INFO - Setting next_dagrun for example_short_circuit_operator to 2025-11-01 00:00:00+00:00, run_after=2025-11-02 00:00:00+00:00
[2025-11-02T10:37:40.963+0530] {processor.py:183} INFO - Processing /home/logi/txtai/venv/lib/python3.10/site-packages/airflow/example_dags/example_short_circuit_operator.py took 0.096 seconds
[2025-11-02T10:38:34.719+0530] {processor.py:161} INFO - Started process (PID=7101) to work on /home/logi/txtai/venv/lib/python3.10/site-packages/airflow/example_dags/example_short_circuit_operator.py
[2025-11-02T10:38:34.732+0530] {processor.py:830} INFO - Processing file /home/logi/txtai/venv/lib/python3.10/site-packages/airflow/example_dags/example_short_circuit_operator.py for tasks to queue
[2025-11-02T10:38:34.735+0530] {logging_mixin.py:188} INFO - [2025-11-02T10:38:34.734+0530] {dagbag.py:545} INFO - Filling up the DagBag from /home/logi/txtai/venv/lib/python3.10/site-packages/airflow/example_dags/example_short_circuit_operator.py
[2025-11-02T10:38:34.748+0530] {processor.py:840} INFO - DAG(s) 'example_short_circuit_operator' retrieved from /home/logi/txtai/venv/lib/python3.10/site-packages/airflow/example_dags/example_short_circuit_operator.py
[2025-11-02T10:38:34.771+0530] {logging_mixin.py:188} INFO - [2025-11-02T10:38:34.771+0530] {dag.py:3089} INFO - Sync 1 DAGs
[2025-11-02T10:38:34.788+0530] {logging_mixin.py:188} INFO - [2025-11-02T10:38:34.788+0530] {dag.py:3947} INFO - Setting next_dagrun for example_short_circuit_operator to 2025-11-01 00:00:00+00:00, run_after=2025-11-02 00:00:00+00:00
[2025-11-02T10:38:34.809+0530] {processor.py:183} INFO - Processing /home/logi/txtai/venv/lib/python3.10/site-packages/airflow/example_dags/example_short_circuit_operator.py took 0.097 seconds
[2025-11-02T10:39:27.785+0530] {processor.py:161} INFO - Started process (PID=7200) to work on /home/logi/txtai/venv/lib/python3.10/site-packages/airflow/example_dags/example_short_circuit_operator.py
[2025-11-02T10:39:27.788+0530] {processor.py:830} INFO - Processing file /home/logi/txtai/venv/lib/python3.10/site-packages/airflow/example_dags/example_short_circuit_operator.py for tasks to queue
[2025-11-02T10:39:27.791+0530] {logging_mixin.py:188} INFO - [2025-11-02T10:39:27.790+0530] {dagbag.py:545} INFO - Filling up the DagBag from /home/logi/txtai/venv/lib/python3.10/site-packages/airflow/example_dags/example_short_circuit_operator.py
[2025-11-02T10:39:27.804+0530] {processor.py:840} INFO - DAG(s) 'example_short_circuit_operator' retrieved from /home/logi/txtai/venv/lib/python3.10/site-packages/airflow/example_dags/example_short_circuit_operator.py
[2025-11-02T10:39:27.829+0530] {logging_mixin.py:188} INFO - [2025-11-02T10:39:27.829+0530] {dag.py:3089} INFO - Sync 1 DAGs
[2025-11-02T10:39:27.845+0530] {logging_mixin.py:188} INFO - [2025-11-02T10:39:27.845+0530] {dag.py:3947} INFO - Setting next_dagrun for example_short_circuit_operator to 2025-11-01 00:00:00+00:00, run_after=2025-11-02 00:00:00+00:00
[2025-11-02T10:39:27.865+0530] {processor.py:183} INFO - Processing /home/logi/txtai/venv/lib/python3.10/site-packages/airflow/example_dags/example_short_circuit_operator.py took 0.090 seconds
[2025-11-02T10:40:22.504+0530] {processor.py:161} INFO - Started process (PID=7322) to work on /home/logi/txtai/venv/lib/python3.10/site-packages/airflow/example_dags/example_short_circuit_operator.py
[2025-11-02T10:40:22.519+0530] {processor.py:830} INFO - Processing file /home/logi/txtai/venv/lib/python3.10/site-packages/airflow/example_dags/example_short_circuit_operator.py for tasks to queue
[2025-11-02T10:40:22.522+0530] {logging_mixin.py:188} INFO - [2025-11-02T10:40:22.521+0530] {dagbag.py:545} INFO - Filling up the DagBag from /home/logi/txtai/venv/lib/python3.10/site-packages/airflow/example_dags/example_short_circuit_operator.py
[2025-11-02T10:40:22.535+0530] {processor.py:840} INFO - DAG(s) 'example_short_circuit_operator' retrieved from /home/logi/txtai/venv/lib/python3.10/site-packages/airflow/example_dags/example_short_circuit_operator.py
[2025-11-02T10:40:22.568+0530] {logging_mixin.py:188} INFO - [2025-11-02T10:40:22.568+0530] {dag.py:3089} INFO - Sync 1 DAGs
[2025-11-02T10:40:22.589+0530] {logging_mixin.py:188} INFO - [2025-11-02T10:40:22.589+0530] {dag.py:3947} INFO - Setting next_dagrun for example_short_circuit_operator to 2025-11-01 00:00:00+00:00, run_after=2025-11-02 00:00:00+00:00
[2025-11-02T10:40:22.612+0530] {processor.py:183} INFO - Processing /home/logi/txtai/venv/lib/python3.10/site-packages/airflow/example_dags/example_short_circuit_operator.py took 0.119 seconds
[2025-11-02T10:41:17.821+0530] {processor.py:161} INFO - Started process (PID=7417) to work on /home/logi/txtai/venv/lib/python3.10/site-packages/airflow/example_dags/example_short_circuit_operator.py
[2025-11-02T10:41:17.834+0530] {processor.py:830} INFO - Processing file /home/logi/txtai/venv/lib/python3.10/site-packages/airflow/example_dags/example_short_circuit_operator.py for tasks to queue
[2025-11-02T10:41:17.837+0530] {logging_mixin.py:188} INFO - [2025-11-02T10:41:17.836+0530] {dagbag.py:545} INFO - Filling up the DagBag from /home/logi/txtai/venv/lib/python3.10/site-packages/airflow/example_dags/example_short_circuit_operator.py
[2025-11-02T10:41:17.850+0530] {processor.py:840} INFO - DAG(s) 'example_short_circuit_operator' retrieved from /home/logi/txtai/venv/lib/python3.10/site-packages/airflow/example_dags/example_short_circuit_operator.py
[2025-11-02T10:41:17.881+0530] {logging_mixin.py:188} INFO - [2025-11-02T10:41:17.880+0530] {dag.py:3089} INFO - Sync 1 DAGs
[2025-11-02T10:41:17.899+0530] {logging_mixin.py:188} INFO - [2025-11-02T10:41:17.899+0530] {dag.py:3947} INFO - Setting next_dagrun for example_short_circuit_operator to 2025-11-01 00:00:00+00:00, run_after=2025-11-02 00:00:00+00:00
[2025-11-02T10:41:17.919+0530] {processor.py:183} INFO - Processing /home/logi/txtai/venv/lib/python3.10/site-packages/airflow/example_dags/example_short_circuit_operator.py took 0.110 seconds
[2025-11-02T10:42:09.326+0530] {processor.py:161} INFO - Started process (PID=7504) to work on /home/logi/txtai/venv/lib/python3.10/site-packages/airflow/example_dags/example_short_circuit_operator.py
[2025-11-02T10:42:09.339+0530] {processor.py:830} INFO - Processing file /home/logi/txtai/venv/lib/python3.10/site-packages/airflow/example_dags/example_short_circuit_operator.py for tasks to queue
[2025-11-02T10:42:09.342+0530] {logging_mixin.py:188} INFO - [2025-11-02T10:42:09.341+0530] {dagbag.py:545} INFO - Filling up the DagBag from /home/logi/txtai/venv/lib/python3.10/site-packages/airflow/example_dags/example_short_circuit_operator.py
[2025-11-02T10:42:09.355+0530] {processor.py:840} INFO - DAG(s) 'example_short_circuit_operator' retrieved from /home/logi/txtai/venv/lib/python3.10/site-packages/airflow/example_dags/example_short_circuit_operator.py
[2025-11-02T10:42:09.385+0530] {logging_mixin.py:188} INFO - [2025-11-02T10:42:09.384+0530] {dag.py:3089} INFO - Sync 1 DAGs
[2025-11-02T10:42:09.403+0530] {logging_mixin.py:188} INFO - [2025-11-02T10:42:09.402+0530] {dag.py:3947} INFO - Setting next_dagrun for example_short_circuit_operator to 2025-11-01 00:00:00+00:00, run_after=2025-11-02 00:00:00+00:00
[2025-11-02T10:42:09.431+0530] {processor.py:183} INFO - Processing /home/logi/txtai/venv/lib/python3.10/site-packages/airflow/example_dags/example_short_circuit_operator.py took 0.117 seconds
[2025-11-02T10:43:01.524+0530] {processor.py:161} INFO - Started process (PID=7709) to work on /home/logi/txtai/venv/lib/python3.10/site-packages/airflow/example_dags/example_short_circuit_operator.py
[2025-11-02T10:43:01.526+0530] {processor.py:830} INFO - Processing file /home/logi/txtai/venv/lib/python3.10/site-packages/airflow/example_dags/example_short_circuit_operator.py for tasks to queue
[2025-11-02T10:43:01.529+0530] {logging_mixin.py:188} INFO - [2025-11-02T10:43:01.528+0530] {dagbag.py:545} INFO - Filling up the DagBag from /home/logi/txtai/venv/lib/python3.10/site-packages/airflow/example_dags/example_short_circuit_operator.py
[2025-11-02T10:43:01.543+0530] {processor.py:840} INFO - DAG(s) 'example_short_circuit_operator' retrieved from /home/logi/txtai/venv/lib/python3.10/site-packages/airflow/example_dags/example_short_circuit_operator.py
[2025-11-02T10:43:01.574+0530] {logging_mixin.py:188} INFO - [2025-11-02T10:43:01.573+0530] {dag.py:3089} INFO - Sync 1 DAGs
[2025-11-02T10:43:01.592+0530] {logging_mixin.py:188} INFO - [2025-11-02T10:43:01.592+0530] {dag.py:3947} INFO - Setting next_dagrun for example_short_circuit_operator to 2025-11-01 00:00:00+00:00, run_after=2025-11-02 00:00:00+00:00
[2025-11-02T10:43:01.612+0530] {processor.py:183} INFO - Processing /home/logi/txtai/venv/lib/python3.10/site-packages/airflow/example_dags/example_short_circuit_operator.py took 0.100 seconds
[2025-11-02T10:43:52.966+0530] {processor.py:161} INFO - Started process (PID=7794) to work on /home/logi/txtai/venv/lib/python3.10/site-packages/airflow/example_dags/example_short_circuit_operator.py
[2025-11-02T10:43:52.979+0530] {processor.py:830} INFO - Processing file /home/logi/txtai/venv/lib/python3.10/site-packages/airflow/example_dags/example_short_circuit_operator.py for tasks to queue
[2025-11-02T10:43:52.982+0530] {logging_mixin.py:188} INFO - [2025-11-02T10:43:52.981+0530] {dagbag.py:545} INFO - Filling up the DagBag from /home/logi/txtai/venv/lib/python3.10/site-packages/airflow/example_dags/example_short_circuit_operator.py
[2025-11-02T10:43:52.990+0530] {processor.py:840} INFO - DAG(s) 'example_short_circuit_operator' retrieved from /home/logi/txtai/venv/lib/python3.10/site-packages/airflow/example_dags/example_short_circuit_operator.py
[2025-11-02T10:43:53.011+0530] {logging_mixin.py:188} INFO - [2025-11-02T10:43:53.011+0530] {dag.py:3089} INFO - Sync 1 DAGs
[2025-11-02T10:43:53.029+0530] {logging_mixin.py:188} INFO - [2025-11-02T10:43:53.029+0530] {dag.py:3947} INFO - Setting next_dagrun for example_short_circuit_operator to 2025-11-01 00:00:00+00:00, run_after=2025-11-02 00:00:00+00:00
[2025-11-02T10:43:53.051+0530] {processor.py:183} INFO - Processing /home/logi/txtai/venv/lib/python3.10/site-packages/airflow/example_dags/example_short_circuit_operator.py took 0.094 seconds
[2025-11-02T10:44:43.570+0530] {processor.py:161} INFO - Started process (PID=7933) to work on /home/logi/txtai/venv/lib/python3.10/site-packages/airflow/example_dags/example_short_circuit_operator.py
[2025-11-02T10:44:43.572+0530] {processor.py:830} INFO - Processing file /home/logi/txtai/venv/lib/python3.10/site-packages/airflow/example_dags/example_short_circuit_operator.py for tasks to queue
[2025-11-02T10:44:43.574+0530] {logging_mixin.py:188} INFO - [2025-11-02T10:44:43.574+0530] {dagbag.py:545} INFO - Filling up the DagBag from /home/logi/txtai/venv/lib/python3.10/site-packages/airflow/example_dags/example_short_circuit_operator.py
[2025-11-02T10:44:43.587+0530] {processor.py:840} INFO - DAG(s) 'example_short_circuit_operator' retrieved from /home/logi/txtai/venv/lib/python3.10/site-packages/airflow/example_dags/example_short_circuit_operator.py
[2025-11-02T10:44:43.613+0530] {logging_mixin.py:188} INFO - [2025-11-02T10:44:43.612+0530] {dag.py:3089} INFO - Sync 1 DAGs
[2025-11-02T10:44:43.629+0530] {logging_mixin.py:188} INFO - [2025-11-02T10:44:43.628+0530] {dag.py:3947} INFO - Setting next_dagrun for example_short_circuit_operator to 2025-11-01 00:00:00+00:00, run_after=2025-11-02 00:00:00+00:00
[2025-11-02T10:44:43.649+0530] {processor.py:183} INFO - Processing /home/logi/txtai/venv/lib/python3.10/site-packages/airflow/example_dags/example_short_circuit_operator.py took 0.090 seconds
[2025-11-02T10:45:33.108+0530] {processor.py:161} INFO - Started process (PID=8039) to work on /home/logi/txtai/venv/lib/python3.10/site-packages/airflow/example_dags/example_short_circuit_operator.py
[2025-11-02T10:45:33.121+0530] {processor.py:830} INFO - Processing file /home/logi/txtai/venv/lib/python3.10/site-packages/airflow/example_dags/example_short_circuit_operator.py for tasks to queue
[2025-11-02T10:45:33.124+0530] {logging_mixin.py:188} INFO - [2025-11-02T10:45:33.124+0530] {dagbag.py:545} INFO - Filling up the DagBag from /home/logi/txtai/venv/lib/python3.10/site-packages/airflow/example_dags/example_short_circuit_operator.py
[2025-11-02T10:45:33.137+0530] {processor.py:840} INFO - DAG(s) 'example_short_circuit_operator' retrieved from /home/logi/txtai/venv/lib/python3.10/site-packages/airflow/example_dags/example_short_circuit_operator.py
[2025-11-02T10:45:33.168+0530] {logging_mixin.py:188} INFO - [2025-11-02T10:45:33.168+0530] {dag.py:3089} INFO - Sync 1 DAGs
[2025-11-02T10:45:33.187+0530] {logging_mixin.py:188} INFO - [2025-11-02T10:45:33.186+0530] {dag.py:3947} INFO - Setting next_dagrun for example_short_circuit_operator to 2025-11-01 00:00:00+00:00, run_after=2025-11-02 00:00:00+00:00
[2025-11-02T10:45:33.213+0530] {processor.py:183} INFO - Processing /home/logi/txtai/venv/lib/python3.10/site-packages/airflow/example_dags/example_short_circuit_operator.py took 0.116 seconds
[2025-11-02T10:46:25.325+0530] {processor.py:161} INFO - Started process (PID=8115) to work on /home/logi/txtai/venv/lib/python3.10/site-packages/airflow/example_dags/example_short_circuit_operator.py
[2025-11-02T10:46:25.339+0530] {processor.py:830} INFO - Processing file /home/logi/txtai/venv/lib/python3.10/site-packages/airflow/example_dags/example_short_circuit_operator.py for tasks to queue
[2025-11-02T10:46:25.341+0530] {logging_mixin.py:188} INFO - [2025-11-02T10:46:25.341+0530] {dagbag.py:545} INFO - Filling up the DagBag from /home/logi/txtai/venv/lib/python3.10/site-packages/airflow/example_dags/example_short_circuit_operator.py
[2025-11-02T10:46:25.349+0530] {processor.py:840} INFO - DAG(s) 'example_short_circuit_operator' retrieved from /home/logi/txtai/venv/lib/python3.10/site-packages/airflow/example_dags/example_short_circuit_operator.py
[2025-11-02T10:46:25.382+0530] {logging_mixin.py:188} INFO - [2025-11-02T10:46:25.382+0530] {dag.py:3089} INFO - Sync 1 DAGs
[2025-11-02T10:46:25.398+0530] {logging_mixin.py:188} INFO - [2025-11-02T10:46:25.398+0530] {dag.py:3947} INFO - Setting next_dagrun for example_short_circuit_operator to 2025-11-01 00:00:00+00:00, run_after=2025-11-02 00:00:00+00:00
[2025-11-02T10:46:25.418+0530] {processor.py:183} INFO - Processing /home/logi/txtai/venv/lib/python3.10/site-packages/airflow/example_dags/example_short_circuit_operator.py took 0.103 seconds
[2025-11-02T10:47:22.854+0530] {processor.py:161} INFO - Started process (PID=8197) to work on /home/logi/txtai/venv/lib/python3.10/site-packages/airflow/example_dags/example_short_circuit_operator.py
[2025-11-02T10:47:22.867+0530] {processor.py:830} INFO - Processing file /home/logi/txtai/venv/lib/python3.10/site-packages/airflow/example_dags/example_short_circuit_operator.py for tasks to queue
[2025-11-02T10:47:22.870+0530] {logging_mixin.py:188} INFO - [2025-11-02T10:47:22.870+0530] {dagbag.py:545} INFO - Filling up the DagBag from /home/logi/txtai/venv/lib/python3.10/site-packages/airflow/example_dags/example_short_circuit_operator.py
[2025-11-02T10:47:22.883+0530] {processor.py:840} INFO - DAG(s) 'example_short_circuit_operator' retrieved from /home/logi/txtai/venv/lib/python3.10/site-packages/airflow/example_dags/example_short_circuit_operator.py
[2025-11-02T10:47:22.914+0530] {logging_mixin.py:188} INFO - [2025-11-02T10:47:22.914+0530] {dag.py:3089} INFO - Sync 1 DAGs
[2025-11-02T10:47:22.932+0530] {logging_mixin.py:188} INFO - [2025-11-02T10:47:22.932+0530] {dag.py:3947} INFO - Setting next_dagrun for example_short_circuit_operator to 2025-11-01 00:00:00+00:00, run_after=2025-11-02 00:00:00+00:00
[2025-11-02T10:47:22.960+0530] {processor.py:183} INFO - Processing /home/logi/txtai/venv/lib/python3.10/site-packages/airflow/example_dags/example_short_circuit_operator.py took 0.117 seconds
[2025-11-02T10:48:16.685+0530] {processor.py:161} INFO - Started process (PID=8275) to work on /home/logi/txtai/venv/lib/python3.10/site-packages/airflow/example_dags/example_short_circuit_operator.py
[2025-11-02T10:48:16.687+0530] {processor.py:830} INFO - Processing file /home/logi/txtai/venv/lib/python3.10/site-packages/airflow/example_dags/example_short_circuit_operator.py for tasks to queue
[2025-11-02T10:48:16.689+0530] {logging_mixin.py:188} INFO - [2025-11-02T10:48:16.689+0530] {dagbag.py:545} INFO - Filling up the DagBag from /home/logi/txtai/venv/lib/python3.10/site-packages/airflow/example_dags/example_short_circuit_operator.py
[2025-11-02T10:48:16.702+0530] {processor.py:840} INFO - DAG(s) 'example_short_circuit_operator' retrieved from /home/logi/txtai/venv/lib/python3.10/site-packages/airflow/example_dags/example_short_circuit_operator.py
[2025-11-02T10:48:16.727+0530] {logging_mixin.py:188} INFO - [2025-11-02T10:48:16.727+0530] {dag.py:3089} INFO - Sync 1 DAGs
[2025-11-02T10:48:16.744+0530] {logging_mixin.py:188} INFO - [2025-11-02T10:48:16.744+0530] {dag.py:3947} INFO - Setting next_dagrun for example_short_circuit_operator to 2025-11-01 00:00:00+00:00, run_after=2025-11-02 00:00:00+00:00
[2025-11-02T10:48:16.763+0530] {processor.py:183} INFO - Processing /home/logi/txtai/venv/lib/python3.10/site-packages/airflow/example_dags/example_short_circuit_operator.py took 0.090 seconds
[2025-11-02T10:49:08.385+0530] {processor.py:161} INFO - Started process (PID=8352) to work on /home/logi/txtai/venv/lib/python3.10/site-packages/airflow/example_dags/example_short_circuit_operator.py
[2025-11-02T10:49:08.395+0530] {processor.py:830} INFO - Processing file /home/logi/txtai/venv/lib/python3.10/site-packages/airflow/example_dags/example_short_circuit_operator.py for tasks to queue
[2025-11-02T10:49:08.398+0530] {logging_mixin.py:188} INFO - [2025-11-02T10:49:08.397+0530] {dagbag.py:545} INFO - Filling up the DagBag from /home/logi/txtai/venv/lib/python3.10/site-packages/airflow/example_dags/example_short_circuit_operator.py
[2025-11-02T10:49:08.410+0530] {processor.py:840} INFO - DAG(s) 'example_short_circuit_operator' retrieved from /home/logi/txtai/venv/lib/python3.10/site-packages/airflow/example_dags/example_short_circuit_operator.py
[2025-11-02T10:49:08.441+0530] {logging_mixin.py:188} INFO - [2025-11-02T10:49:08.441+0530] {dag.py:3089} INFO - Sync 1 DAGs
[2025-11-02T10:49:08.457+0530] {logging_mixin.py:188} INFO - [2025-11-02T10:49:08.457+0530] {dag.py:3947} INFO - Setting next_dagrun for example_short_circuit_operator to 2025-11-01 00:00:00+00:00, run_after=2025-11-02 00:00:00+00:00
[2025-11-02T10:49:08.478+0530] {processor.py:183} INFO - Processing /home/logi/txtai/venv/lib/python3.10/site-packages/airflow/example_dags/example_short_circuit_operator.py took 0.104 seconds
[2025-11-02T10:50:00.128+0530] {processor.py:161} INFO - Started process (PID=8445) to work on /home/logi/txtai/venv/lib/python3.10/site-packages/airflow/example_dags/example_short_circuit_operator.py
[2025-11-02T10:50:00.130+0530] {processor.py:830} INFO - Processing file /home/logi/txtai/venv/lib/python3.10/site-packages/airflow/example_dags/example_short_circuit_operator.py for tasks to queue
[2025-11-02T10:50:00.132+0530] {logging_mixin.py:188} INFO - [2025-11-02T10:50:00.131+0530] {dagbag.py:545} INFO - Filling up the DagBag from /home/logi/txtai/venv/lib/python3.10/site-packages/airflow/example_dags/example_short_circuit_operator.py
[2025-11-02T10:50:00.140+0530] {processor.py:840} INFO - DAG(s) 'example_short_circuit_operator' retrieved from /home/logi/txtai/venv/lib/python3.10/site-packages/airflow/example_dags/example_short_circuit_operator.py
[2025-11-02T10:50:00.160+0530] {logging_mixin.py:188} INFO - [2025-11-02T10:50:00.160+0530] {dag.py:3089} INFO - Sync 1 DAGs
[2025-11-02T10:50:00.179+0530] {logging_mixin.py:188} INFO - [2025-11-02T10:50:00.179+0530] {dag.py:3947} INFO - Setting next_dagrun for example_short_circuit_operator to 2025-11-01 00:00:00+00:00, run_after=2025-11-02 00:00:00+00:00
[2025-11-02T10:50:00.201+0530] {processor.py:183} INFO - Processing /home/logi/txtai/venv/lib/python3.10/site-packages/airflow/example_dags/example_short_circuit_operator.py took 0.080 seconds
[2025-11-02T10:50:50.549+0530] {processor.py:161} INFO - Started process (PID=8548) to work on /home/logi/txtai/venv/lib/python3.10/site-packages/airflow/example_dags/example_short_circuit_operator.py
[2025-11-02T10:50:50.563+0530] {processor.py:830} INFO - Processing file /home/logi/txtai/venv/lib/python3.10/site-packages/airflow/example_dags/example_short_circuit_operator.py for tasks to queue
[2025-11-02T10:50:50.566+0530] {logging_mixin.py:188} INFO - [2025-11-02T10:50:50.565+0530] {dagbag.py:545} INFO - Filling up the DagBag from /home/logi/txtai/venv/lib/python3.10/site-packages/airflow/example_dags/example_short_circuit_operator.py
[2025-11-02T10:50:50.589+0530] {processor.py:840} INFO - DAG(s) 'example_short_circuit_operator' retrieved from /home/logi/txtai/venv/lib/python3.10/site-packages/airflow/example_dags/example_short_circuit_operator.py
[2025-11-02T10:50:50.632+0530] {logging_mixin.py:188} INFO - [2025-11-02T10:50:50.631+0530] {dag.py:3089} INFO - Sync 1 DAGs
[2025-11-02T10:50:50.663+0530] {logging_mixin.py:188} INFO - [2025-11-02T10:50:50.662+0530] {dag.py:3947} INFO - Setting next_dagrun for example_short_circuit_operator to 2025-11-01 00:00:00+00:00, run_after=2025-11-02 00:00:00+00:00
[2025-11-02T10:50:50.721+0530] {processor.py:183} INFO - Processing /home/logi/txtai/venv/lib/python3.10/site-packages/airflow/example_dags/example_short_circuit_operator.py took 0.191 seconds
[2025-11-02T10:51:42.880+0530] {processor.py:161} INFO - Started process (PID=8640) to work on /home/logi/txtai/venv/lib/python3.10/site-packages/airflow/example_dags/example_short_circuit_operator.py
[2025-11-02T10:51:42.893+0530] {processor.py:830} INFO - Processing file /home/logi/txtai/venv/lib/python3.10/site-packages/airflow/example_dags/example_short_circuit_operator.py for tasks to queue
[2025-11-02T10:51:42.897+0530] {logging_mixin.py:188} INFO - [2025-11-02T10:51:42.896+0530] {dagbag.py:545} INFO - Filling up the DagBag from /home/logi/txtai/venv/lib/python3.10/site-packages/airflow/example_dags/example_short_circuit_operator.py
[2025-11-02T10:51:42.912+0530] {processor.py:840} INFO - DAG(s) 'example_short_circuit_operator' retrieved from /home/logi/txtai/venv/lib/python3.10/site-packages/airflow/example_dags/example_short_circuit_operator.py
[2025-11-02T10:51:42.948+0530] {logging_mixin.py:188} INFO - [2025-11-02T10:51:42.948+0530] {dag.py:3089} INFO - Sync 1 DAGs
[2025-11-02T10:51:42.969+0530] {logging_mixin.py:188} INFO - [2025-11-02T10:51:42.969+0530] {dag.py:3947} INFO - Setting next_dagrun for example_short_circuit_operator to 2025-11-01 00:00:00+00:00, run_after=2025-11-02 00:00:00+00:00
[2025-11-02T10:51:43.004+0530] {processor.py:183} INFO - Processing /home/logi/txtai/venv/lib/python3.10/site-packages/airflow/example_dags/example_short_circuit_operator.py took 0.138 seconds
[2025-11-02T10:52:36.853+0530] {processor.py:161} INFO - Started process (PID=8752) to work on /home/logi/txtai/venv/lib/python3.10/site-packages/airflow/example_dags/example_short_circuit_operator.py
[2025-11-02T10:52:36.855+0530] {processor.py:830} INFO - Processing file /home/logi/txtai/venv/lib/python3.10/site-packages/airflow/example_dags/example_short_circuit_operator.py for tasks to queue
[2025-11-02T10:52:36.857+0530] {logging_mixin.py:188} INFO - [2025-11-02T10:52:36.857+0530] {dagbag.py:545} INFO - Filling up the DagBag from /home/logi/txtai/venv/lib/python3.10/site-packages/airflow/example_dags/example_short_circuit_operator.py
[2025-11-02T10:52:36.868+0530] {processor.py:840} INFO - DAG(s) 'example_short_circuit_operator' retrieved from /home/logi/txtai/venv/lib/python3.10/site-packages/airflow/example_dags/example_short_circuit_operator.py
[2025-11-02T10:52:36.884+0530] {logging_mixin.py:188} INFO - [2025-11-02T10:52:36.884+0530] {dag.py:3089} INFO - Sync 1 DAGs
[2025-11-02T10:52:36.899+0530] {logging_mixin.py:188} INFO - [2025-11-02T10:52:36.899+0530] {dag.py:3947} INFO - Setting next_dagrun for example_short_circuit_operator to 2025-11-01 00:00:00+00:00, run_after=2025-11-02 00:00:00+00:00
[2025-11-02T10:52:36.918+0530] {processor.py:183} INFO - Processing /home/logi/txtai/venv/lib/python3.10/site-packages/airflow/example_dags/example_short_circuit_operator.py took 0.072 seconds
[2025-11-02T10:53:25.266+0530] {processor.py:161} INFO - Started process (PID=8827) to work on /home/logi/txtai/venv/lib/python3.10/site-packages/airflow/example_dags/example_short_circuit_operator.py
[2025-11-02T10:53:25.279+0530] {processor.py:830} INFO - Processing file /home/logi/txtai/venv/lib/python3.10/site-packages/airflow/example_dags/example_short_circuit_operator.py for tasks to queue
[2025-11-02T10:53:25.282+0530] {logging_mixin.py:188} INFO - [2025-11-02T10:53:25.281+0530] {dagbag.py:545} INFO - Filling up the DagBag from /home/logi/txtai/venv/lib/python3.10/site-packages/airflow/example_dags/example_short_circuit_operator.py
[2025-11-02T10:53:25.294+0530] {processor.py:840} INFO - DAG(s) 'example_short_circuit_operator' retrieved from /home/logi/txtai/venv/lib/python3.10/site-packages/airflow/example_dags/example_short_circuit_operator.py
[2025-11-02T10:53:25.323+0530] {logging_mixin.py:188} INFO - [2025-11-02T10:53:25.322+0530] {dag.py:3089} INFO - Sync 1 DAGs
[2025-11-02T10:53:25.339+0530] {logging_mixin.py:188} INFO - [2025-11-02T10:53:25.339+0530] {dag.py:3947} INFO - Setting next_dagrun for example_short_circuit_operator to 2025-11-01 00:00:00+00:00, run_after=2025-11-02 00:00:00+00:00
[2025-11-02T10:53:25.363+0530] {processor.py:183} INFO - Processing /home/logi/txtai/venv/lib/python3.10/site-packages/airflow/example_dags/example_short_circuit_operator.py took 0.108 seconds
[2025-11-02T10:54:12.082+0530] {processor.py:161} INFO - Started process (PID=8898) to work on /home/logi/txtai/venv/lib/python3.10/site-packages/airflow/example_dags/example_short_circuit_operator.py
[2025-11-02T10:54:12.083+0530] {processor.py:830} INFO - Processing file /home/logi/txtai/venv/lib/python3.10/site-packages/airflow/example_dags/example_short_circuit_operator.py for tasks to queue
[2025-11-02T10:54:12.085+0530] {logging_mixin.py:188} INFO - [2025-11-02T10:54:12.084+0530] {dagbag.py:545} INFO - Filling up the DagBag from /home/logi/txtai/venv/lib/python3.10/site-packages/airflow/example_dags/example_short_circuit_operator.py
[2025-11-02T10:54:12.097+0530] {processor.py:840} INFO - DAG(s) 'example_short_circuit_operator' retrieved from /home/logi/txtai/venv/lib/python3.10/site-packages/airflow/example_dags/example_short_circuit_operator.py
[2025-11-02T10:54:12.112+0530] {logging_mixin.py:188} INFO - [2025-11-02T10:54:12.111+0530] {dag.py:3089} INFO - Sync 1 DAGs
[2025-11-02T10:54:12.126+0530] {logging_mixin.py:188} INFO - [2025-11-02T10:54:12.125+0530] {dag.py:3947} INFO - Setting next_dagrun for example_short_circuit_operator to 2025-11-01 00:00:00+00:00, run_after=2025-11-02 00:00:00+00:00
[2025-11-02T10:54:12.143+0530] {processor.py:183} INFO - Processing /home/logi/txtai/venv/lib/python3.10/site-packages/airflow/example_dags/example_short_circuit_operator.py took 0.071 seconds
[2025-11-02T10:55:02.538+0530] {processor.py:161} INFO - Started process (PID=9056) to work on /home/logi/txtai/venv/lib/python3.10/site-packages/airflow/example_dags/example_short_circuit_operator.py
[2025-11-02T10:55:02.552+0530] {processor.py:830} INFO - Processing file /home/logi/txtai/venv/lib/python3.10/site-packages/airflow/example_dags/example_short_circuit_operator.py for tasks to queue
[2025-11-02T10:55:02.556+0530] {logging_mixin.py:188} INFO - [2025-11-02T10:55:02.555+0530] {dagbag.py:545} INFO - Filling up the DagBag from /home/logi/txtai/venv/lib/python3.10/site-packages/airflow/example_dags/example_short_circuit_operator.py
[2025-11-02T10:55:02.569+0530] {processor.py:840} INFO - DAG(s) 'example_short_circuit_operator' retrieved from /home/logi/txtai/venv/lib/python3.10/site-packages/airflow/example_dags/example_short_circuit_operator.py
[2025-11-02T10:55:02.602+0530] {logging_mixin.py:188} INFO - [2025-11-02T10:55:02.601+0530] {dag.py:3089} INFO - Sync 1 DAGs
[2025-11-02T10:55:02.617+0530] {logging_mixin.py:188} INFO - [2025-11-02T10:55:02.617+0530] {dag.py:3947} INFO - Setting next_dagrun for example_short_circuit_operator to 2025-11-01 00:00:00+00:00, run_after=2025-11-02 00:00:00+00:00
[2025-11-02T10:55:02.639+0530] {processor.py:183} INFO - Processing /home/logi/txtai/venv/lib/python3.10/site-packages/airflow/example_dags/example_short_circuit_operator.py took 0.112 seconds
[2025-11-02T10:55:53.546+0530] {processor.py:161} INFO - Started process (PID=9174) to work on /home/logi/txtai/venv/lib/python3.10/site-packages/airflow/example_dags/example_short_circuit_operator.py
[2025-11-02T10:55:53.559+0530] {processor.py:830} INFO - Processing file /home/logi/txtai/venv/lib/python3.10/site-packages/airflow/example_dags/example_short_circuit_operator.py for tasks to queue
[2025-11-02T10:55:53.562+0530] {logging_mixin.py:188} INFO - [2025-11-02T10:55:53.562+0530] {dagbag.py:545} INFO - Filling up the DagBag from /home/logi/txtai/venv/lib/python3.10/site-packages/airflow/example_dags/example_short_circuit_operator.py
[2025-11-02T10:55:53.570+0530] {processor.py:840} INFO - DAG(s) 'example_short_circuit_operator' retrieved from /home/logi/txtai/venv/lib/python3.10/site-packages/airflow/example_dags/example_short_circuit_operator.py
[2025-11-02T10:55:53.592+0530] {logging_mixin.py:188} INFO - [2025-11-02T10:55:53.592+0530] {dag.py:3089} INFO - Sync 1 DAGs
[2025-11-02T10:55:53.607+0530] {logging_mixin.py:188} INFO - [2025-11-02T10:55:53.606+0530] {dag.py:3947} INFO - Setting next_dagrun for example_short_circuit_operator to 2025-11-01 00:00:00+00:00, run_after=2025-11-02 00:00:00+00:00
[2025-11-02T10:55:53.630+0530] {processor.py:183} INFO - Processing /home/logi/txtai/venv/lib/python3.10/site-packages/airflow/example_dags/example_short_circuit_operator.py took 0.089 seconds
[2025-11-02T10:56:46.532+0530] {processor.py:161} INFO - Started process (PID=9335) to work on /home/logi/txtai/venv/lib/python3.10/site-packages/airflow/example_dags/example_short_circuit_operator.py
[2025-11-02T10:56:46.545+0530] {processor.py:830} INFO - Processing file /home/logi/txtai/venv/lib/python3.10/site-packages/airflow/example_dags/example_short_circuit_operator.py for tasks to queue
[2025-11-02T10:56:46.546+0530] {logging_mixin.py:188} INFO - [2025-11-02T10:56:46.546+0530] {dagbag.py:545} INFO - Filling up the DagBag from /home/logi/txtai/venv/lib/python3.10/site-packages/airflow/example_dags/example_short_circuit_operator.py
[2025-11-02T10:56:46.552+0530] {processor.py:840} INFO - DAG(s) 'example_short_circuit_operator' retrieved from /home/logi/txtai/venv/lib/python3.10/site-packages/airflow/example_dags/example_short_circuit_operator.py
[2025-11-02T10:56:46.577+0530] {logging_mixin.py:188} INFO - [2025-11-02T10:56:46.577+0530] {dag.py:3089} INFO - Sync 1 DAGs
[2025-11-02T10:56:46.594+0530] {logging_mixin.py:188} INFO - [2025-11-02T10:56:46.594+0530] {dag.py:3947} INFO - Setting next_dagrun for example_short_circuit_operator to 2025-11-01 00:00:00+00:00, run_after=2025-11-02 00:00:00+00:00
[2025-11-02T10:56:46.614+0530] {processor.py:183} INFO - Processing /home/logi/txtai/venv/lib/python3.10/site-packages/airflow/example_dags/example_short_circuit_operator.py took 0.094 seconds
[2025-11-02T10:57:37.743+0530] {processor.py:161} INFO - Started process (PID=9425) to work on /home/logi/txtai/venv/lib/python3.10/site-packages/airflow/example_dags/example_short_circuit_operator.py
[2025-11-02T10:57:37.756+0530] {processor.py:830} INFO - Processing file /home/logi/txtai/venv/lib/python3.10/site-packages/airflow/example_dags/example_short_circuit_operator.py for tasks to queue
[2025-11-02T10:57:37.759+0530] {logging_mixin.py:188} INFO - [2025-11-02T10:57:37.758+0530] {dagbag.py:545} INFO - Filling up the DagBag from /home/logi/txtai/venv/lib/python3.10/site-packages/airflow/example_dags/example_short_circuit_operator.py
[2025-11-02T10:57:37.771+0530] {processor.py:840} INFO - DAG(s) 'example_short_circuit_operator' retrieved from /home/logi/txtai/venv/lib/python3.10/site-packages/airflow/example_dags/example_short_circuit_operator.py
[2025-11-02T10:57:37.800+0530] {logging_mixin.py:188} INFO - [2025-11-02T10:57:37.799+0530] {dag.py:3089} INFO - Sync 1 DAGs
[2025-11-02T10:57:37.817+0530] {logging_mixin.py:188} INFO - [2025-11-02T10:57:37.817+0530] {dag.py:3947} INFO - Setting next_dagrun for example_short_circuit_operator to 2025-11-01 00:00:00+00:00, run_after=2025-11-02 00:00:00+00:00
[2025-11-02T10:57:37.841+0530] {processor.py:183} INFO - Processing /home/logi/txtai/venv/lib/python3.10/site-packages/airflow/example_dags/example_short_circuit_operator.py took 0.108 seconds
[2025-11-02T10:58:34.668+0530] {processor.py:161} INFO - Started process (PID=9529) to work on /home/logi/txtai/venv/lib/python3.10/site-packages/airflow/example_dags/example_short_circuit_operator.py
[2025-11-02T10:58:34.670+0530] {processor.py:830} INFO - Processing file /home/logi/txtai/venv/lib/python3.10/site-packages/airflow/example_dags/example_short_circuit_operator.py for tasks to queue
[2025-11-02T10:58:34.673+0530] {logging_mixin.py:188} INFO - [2025-11-02T10:58:34.672+0530] {dagbag.py:545} INFO - Filling up the DagBag from /home/logi/txtai/venv/lib/python3.10/site-packages/airflow/example_dags/example_short_circuit_operator.py
[2025-11-02T10:58:34.687+0530] {processor.py:840} INFO - DAG(s) 'example_short_circuit_operator' retrieved from /home/logi/txtai/venv/lib/python3.10/site-packages/airflow/example_dags/example_short_circuit_operator.py
[2025-11-02T10:58:34.713+0530] {logging_mixin.py:188} INFO - [2025-11-02T10:58:34.712+0530] {dag.py:3089} INFO - Sync 1 DAGs
[2025-11-02T10:58:34.730+0530] {logging_mixin.py:188} INFO - [2025-11-02T10:58:34.730+0530] {dag.py:3947} INFO - Setting next_dagrun for example_short_circuit_operator to 2025-11-01 00:00:00+00:00, run_after=2025-11-02 00:00:00+00:00
[2025-11-02T10:58:34.763+0530] {processor.py:183} INFO - Processing /home/logi/txtai/venv/lib/python3.10/site-packages/airflow/example_dags/example_short_circuit_operator.py took 0.106 seconds
[2025-11-02T10:59:24.724+0530] {processor.py:161} INFO - Started process (PID=9673) to work on /home/logi/txtai/venv/lib/python3.10/site-packages/airflow/example_dags/example_short_circuit_operator.py
[2025-11-02T10:59:24.738+0530] {processor.py:830} INFO - Processing file /home/logi/txtai/venv/lib/python3.10/site-packages/airflow/example_dags/example_short_circuit_operator.py for tasks to queue
[2025-11-02T10:59:24.741+0530] {logging_mixin.py:188} INFO - [2025-11-02T10:59:24.740+0530] {dagbag.py:545} INFO - Filling up the DagBag from /home/logi/txtai/venv/lib/python3.10/site-packages/airflow/example_dags/example_short_circuit_operator.py
[2025-11-02T10:59:24.758+0530] {processor.py:840} INFO - DAG(s) 'example_short_circuit_operator' retrieved from /home/logi/txtai/venv/lib/python3.10/site-packages/airflow/example_dags/example_short_circuit_operator.py
[2025-11-02T10:59:24.780+0530] {logging_mixin.py:188} INFO - [2025-11-02T10:59:24.780+0530] {dag.py:3089} INFO - Sync 1 DAGs
[2025-11-02T10:59:24.808+0530] {logging_mixin.py:188} INFO - [2025-11-02T10:59:24.808+0530] {dag.py:3947} INFO - Setting next_dagrun for example_short_circuit_operator to 2025-11-01 00:00:00+00:00, run_after=2025-11-02 00:00:00+00:00
[2025-11-02T10:59:24.845+0530] {processor.py:183} INFO - Processing /home/logi/txtai/venv/lib/python3.10/site-packages/airflow/example_dags/example_short_circuit_operator.py took 0.135 seconds
[2025-11-02T11:00:12.600+0530] {processor.py:161} INFO - Started process (PID=9897) to work on /home/logi/txtai/venv/lib/python3.10/site-packages/airflow/example_dags/example_short_circuit_operator.py
[2025-11-02T11:00:12.612+0530] {processor.py:830} INFO - Processing file /home/logi/txtai/venv/lib/python3.10/site-packages/airflow/example_dags/example_short_circuit_operator.py for tasks to queue
[2025-11-02T11:00:12.615+0530] {logging_mixin.py:188} INFO - [2025-11-02T11:00:12.614+0530] {dagbag.py:545} INFO - Filling up the DagBag from /home/logi/txtai/venv/lib/python3.10/site-packages/airflow/example_dags/example_short_circuit_operator.py
[2025-11-02T11:00:12.621+0530] {processor.py:840} INFO - DAG(s) 'example_short_circuit_operator' retrieved from /home/logi/txtai/venv/lib/python3.10/site-packages/airflow/example_dags/example_short_circuit_operator.py
[2025-11-02T11:00:12.644+0530] {logging_mixin.py:188} INFO - [2025-11-02T11:00:12.644+0530] {dag.py:3089} INFO - Sync 1 DAGs
[2025-11-02T11:00:12.663+0530] {logging_mixin.py:188} INFO - [2025-11-02T11:00:12.663+0530] {dag.py:3947} INFO - Setting next_dagrun for example_short_circuit_operator to 2025-11-01 00:00:00+00:00, run_after=2025-11-02 00:00:00+00:00
[2025-11-02T11:00:12.680+0530] {processor.py:183} INFO - Processing /home/logi/txtai/venv/lib/python3.10/site-packages/airflow/example_dags/example_short_circuit_operator.py took 0.087 seconds
[2025-11-02T11:00:57.354+0530] {processor.py:161} INFO - Started process (PID=10019) to work on /home/logi/txtai/venv/lib/python3.10/site-packages/airflow/example_dags/example_short_circuit_operator.py
[2025-11-02T11:00:57.368+0530] {processor.py:830} INFO - Processing file /home/logi/txtai/venv/lib/python3.10/site-packages/airflow/example_dags/example_short_circuit_operator.py for tasks to queue
[2025-11-02T11:00:57.371+0530] {logging_mixin.py:188} INFO - [2025-11-02T11:00:57.370+0530] {dagbag.py:545} INFO - Filling up the DagBag from /home/logi/txtai/venv/lib/python3.10/site-packages/airflow/example_dags/example_short_circuit_operator.py
[2025-11-02T11:00:57.383+0530] {processor.py:840} INFO - DAG(s) 'example_short_circuit_operator' retrieved from /home/logi/txtai/venv/lib/python3.10/site-packages/airflow/example_dags/example_short_circuit_operator.py
[2025-11-02T11:00:57.412+0530] {logging_mixin.py:188} INFO - [2025-11-02T11:00:57.412+0530] {dag.py:3089} INFO - Sync 1 DAGs
[2025-11-02T11:00:57.431+0530] {logging_mixin.py:188} INFO - [2025-11-02T11:00:57.431+0530] {dag.py:3947} INFO - Setting next_dagrun for example_short_circuit_operator to 2025-11-01 00:00:00+00:00, run_after=2025-11-02 00:00:00+00:00
[2025-11-02T11:00:57.468+0530] {processor.py:183} INFO - Processing /home/logi/txtai/venv/lib/python3.10/site-packages/airflow/example_dags/example_short_circuit_operator.py took 0.130 seconds
[2025-11-02T11:01:45.489+0530] {processor.py:161} INFO - Started process (PID=10090) to work on /home/logi/txtai/venv/lib/python3.10/site-packages/airflow/example_dags/example_short_circuit_operator.py
[2025-11-02T11:01:45.501+0530] {processor.py:830} INFO - Processing file /home/logi/txtai/venv/lib/python3.10/site-packages/airflow/example_dags/example_short_circuit_operator.py for tasks to queue
[2025-11-02T11:01:45.504+0530] {logging_mixin.py:188} INFO - [2025-11-02T11:01:45.503+0530] {dagbag.py:545} INFO - Filling up the DagBag from /home/logi/txtai/venv/lib/python3.10/site-packages/airflow/example_dags/example_short_circuit_operator.py
[2025-11-02T11:01:45.511+0530] {processor.py:840} INFO - DAG(s) 'example_short_circuit_operator' retrieved from /home/logi/txtai/venv/lib/python3.10/site-packages/airflow/example_dags/example_short_circuit_operator.py
[2025-11-02T11:01:45.526+0530] {logging_mixin.py:188} INFO - [2025-11-02T11:01:45.526+0530] {dag.py:3089} INFO - Sync 1 DAGs
[2025-11-02T11:01:45.540+0530] {logging_mixin.py:188} INFO - [2025-11-02T11:01:45.540+0530] {dag.py:3947} INFO - Setting next_dagrun for example_short_circuit_operator to 2025-11-01 00:00:00+00:00, run_after=2025-11-02 00:00:00+00:00
[2025-11-02T11:01:45.557+0530] {processor.py:183} INFO - Processing /home/logi/txtai/venv/lib/python3.10/site-packages/airflow/example_dags/example_short_circuit_operator.py took 0.073 seconds
[2025-11-02T11:02:33.619+0530] {processor.py:161} INFO - Started process (PID=10227) to work on /home/logi/txtai/venv/lib/python3.10/site-packages/airflow/example_dags/example_short_circuit_operator.py
[2025-11-02T11:02:33.635+0530] {processor.py:830} INFO - Processing file /home/logi/txtai/venv/lib/python3.10/site-packages/airflow/example_dags/example_short_circuit_operator.py for tasks to queue
[2025-11-02T11:02:33.640+0530] {logging_mixin.py:188} INFO - [2025-11-02T11:02:33.638+0530] {dagbag.py:545} INFO - Filling up the DagBag from /home/logi/txtai/venv/lib/python3.10/site-packages/airflow/example_dags/example_short_circuit_operator.py
[2025-11-02T11:02:33.663+0530] {processor.py:840} INFO - DAG(s) 'example_short_circuit_operator' retrieved from /home/logi/txtai/venv/lib/python3.10/site-packages/airflow/example_dags/example_short_circuit_operator.py
[2025-11-02T11:02:33.700+0530] {logging_mixin.py:188} INFO - [2025-11-02T11:02:33.697+0530] {dag.py:3089} INFO - Sync 1 DAGs
[2025-11-02T11:02:33.730+0530] {logging_mixin.py:188} INFO - [2025-11-02T11:02:33.730+0530] {dag.py:3947} INFO - Setting next_dagrun for example_short_circuit_operator to 2025-11-01 00:00:00+00:00, run_after=2025-11-02 00:00:00+00:00
[2025-11-02T11:02:33.767+0530] {processor.py:183} INFO - Processing /home/logi/txtai/venv/lib/python3.10/site-packages/airflow/example_dags/example_short_circuit_operator.py took 0.159 seconds
[2025-11-02T11:03:30.423+0530] {processor.py:161} INFO - Started process (PID=10302) to work on /home/logi/txtai/venv/lib/python3.10/site-packages/airflow/example_dags/example_short_circuit_operator.py
[2025-11-02T11:03:30.436+0530] {processor.py:830} INFO - Processing file /home/logi/txtai/venv/lib/python3.10/site-packages/airflow/example_dags/example_short_circuit_operator.py for tasks to queue
[2025-11-02T11:03:30.438+0530] {logging_mixin.py:188} INFO - [2025-11-02T11:03:30.437+0530] {dagbag.py:545} INFO - Filling up the DagBag from /home/logi/txtai/venv/lib/python3.10/site-packages/airflow/example_dags/example_short_circuit_operator.py
[2025-11-02T11:03:30.444+0530] {processor.py:840} INFO - DAG(s) 'example_short_circuit_operator' retrieved from /home/logi/txtai/venv/lib/python3.10/site-packages/airflow/example_dags/example_short_circuit_operator.py
[2025-11-02T11:03:30.463+0530] {logging_mixin.py:188} INFO - [2025-11-02T11:03:30.463+0530] {dag.py:3089} INFO - Sync 1 DAGs
[2025-11-02T11:03:30.479+0530] {logging_mixin.py:188} INFO - [2025-11-02T11:03:30.478+0530] {dag.py:3947} INFO - Setting next_dagrun for example_short_circuit_operator to 2025-11-01 00:00:00+00:00, run_after=2025-11-02 00:00:00+00:00
[2025-11-02T11:03:30.501+0530] {processor.py:183} INFO - Processing /home/logi/txtai/venv/lib/python3.10/site-packages/airflow/example_dags/example_short_circuit_operator.py took 0.084 seconds
[2025-11-02T11:04:21.083+0530] {processor.py:161} INFO - Started process (PID=10394) to work on /home/logi/txtai/venv/lib/python3.10/site-packages/airflow/example_dags/example_short_circuit_operator.py
[2025-11-02T11:04:21.096+0530] {processor.py:830} INFO - Processing file /home/logi/txtai/venv/lib/python3.10/site-packages/airflow/example_dags/example_short_circuit_operator.py for tasks to queue
[2025-11-02T11:04:21.098+0530] {logging_mixin.py:188} INFO - [2025-11-02T11:04:21.098+0530] {dagbag.py:545} INFO - Filling up the DagBag from /home/logi/txtai/venv/lib/python3.10/site-packages/airflow/example_dags/example_short_circuit_operator.py
[2025-11-02T11:04:21.104+0530] {processor.py:840} INFO - DAG(s) 'example_short_circuit_operator' retrieved from /home/logi/txtai/venv/lib/python3.10/site-packages/airflow/example_dags/example_short_circuit_operator.py
[2025-11-02T11:04:21.120+0530] {logging_mixin.py:188} INFO - [2025-11-02T11:04:21.120+0530] {dag.py:3089} INFO - Sync 1 DAGs
[2025-11-02T11:04:21.134+0530] {logging_mixin.py:188} INFO - [2025-11-02T11:04:21.134+0530] {dag.py:3947} INFO - Setting next_dagrun for example_short_circuit_operator to 2025-11-01 00:00:00+00:00, run_after=2025-11-02 00:00:00+00:00
[2025-11-02T11:04:21.151+0530] {processor.py:183} INFO - Processing /home/logi/txtai/venv/lib/python3.10/site-packages/airflow/example_dags/example_short_circuit_operator.py took 0.074 seconds
[2025-11-02T11:05:10.293+0530] {processor.py:161} INFO - Started process (PID=10513) to work on /home/logi/txtai/venv/lib/python3.10/site-packages/airflow/example_dags/example_short_circuit_operator.py
[2025-11-02T11:05:10.307+0530] {processor.py:830} INFO - Processing file /home/logi/txtai/venv/lib/python3.10/site-packages/airflow/example_dags/example_short_circuit_operator.py for tasks to queue
[2025-11-02T11:05:10.310+0530] {logging_mixin.py:188} INFO - [2025-11-02T11:05:10.309+0530] {dagbag.py:545} INFO - Filling up the DagBag from /home/logi/txtai/venv/lib/python3.10/site-packages/airflow/example_dags/example_short_circuit_operator.py
[2025-11-02T11:05:10.323+0530] {processor.py:840} INFO - DAG(s) 'example_short_circuit_operator' retrieved from /home/logi/txtai/venv/lib/python3.10/site-packages/airflow/example_dags/example_short_circuit_operator.py
[2025-11-02T11:05:10.356+0530] {logging_mixin.py:188} INFO - [2025-11-02T11:05:10.355+0530] {dag.py:3089} INFO - Sync 1 DAGs
[2025-11-02T11:05:10.376+0530] {logging_mixin.py:188} INFO - [2025-11-02T11:05:10.376+0530] {dag.py:3947} INFO - Setting next_dagrun for example_short_circuit_operator to 2025-11-01 00:00:00+00:00, run_after=2025-11-02 00:00:00+00:00
[2025-11-02T11:05:10.399+0530] {processor.py:183} INFO - Processing /home/logi/txtai/venv/lib/python3.10/site-packages/airflow/example_dags/example_short_circuit_operator.py took 0.116 seconds
[2025-11-02T11:06:00.848+0530] {processor.py:161} INFO - Started process (PID=10589) to work on /home/logi/txtai/venv/lib/python3.10/site-packages/airflow/example_dags/example_short_circuit_operator.py
[2025-11-02T11:06:00.851+0530] {processor.py:830} INFO - Processing file /home/logi/txtai/venv/lib/python3.10/site-packages/airflow/example_dags/example_short_circuit_operator.py for tasks to queue
[2025-11-02T11:06:00.855+0530] {logging_mixin.py:188} INFO - [2025-11-02T11:06:00.854+0530] {dagbag.py:545} INFO - Filling up the DagBag from /home/logi/txtai/venv/lib/python3.10/site-packages/airflow/example_dags/example_short_circuit_operator.py
[2025-11-02T11:06:00.867+0530] {processor.py:840} INFO - DAG(s) 'example_short_circuit_operator' retrieved from /home/logi/txtai/venv/lib/python3.10/site-packages/airflow/example_dags/example_short_circuit_operator.py
[2025-11-02T11:06:00.895+0530] {logging_mixin.py:188} INFO - [2025-11-02T11:06:00.894+0530] {dag.py:3089} INFO - Sync 1 DAGs
[2025-11-02T11:06:00.913+0530] {logging_mixin.py:188} INFO - [2025-11-02T11:06:00.912+0530] {dag.py:3947} INFO - Setting next_dagrun for example_short_circuit_operator to 2025-11-01 00:00:00+00:00, run_after=2025-11-02 00:00:00+00:00
[2025-11-02T11:06:00.932+0530] {processor.py:183} INFO - Processing /home/logi/txtai/venv/lib/python3.10/site-packages/airflow/example_dags/example_short_circuit_operator.py took 0.095 seconds
[2025-11-02T11:06:48.321+0530] {processor.py:161} INFO - Started process (PID=10661) to work on /home/logi/txtai/venv/lib/python3.10/site-packages/airflow/example_dags/example_short_circuit_operator.py
[2025-11-02T11:06:48.333+0530] {processor.py:830} INFO - Processing file /home/logi/txtai/venv/lib/python3.10/site-packages/airflow/example_dags/example_short_circuit_operator.py for tasks to queue
[2025-11-02T11:06:48.336+0530] {logging_mixin.py:188} INFO - [2025-11-02T11:06:48.335+0530] {dagbag.py:545} INFO - Filling up the DagBag from /home/logi/txtai/venv/lib/python3.10/site-packages/airflow/example_dags/example_short_circuit_operator.py
[2025-11-02T11:06:48.348+0530] {processor.py:840} INFO - DAG(s) 'example_short_circuit_operator' retrieved from /home/logi/txtai/venv/lib/python3.10/site-packages/airflow/example_dags/example_short_circuit_operator.py
[2025-11-02T11:06:48.371+0530] {logging_mixin.py:188} INFO - [2025-11-02T11:06:48.371+0530] {dag.py:3089} INFO - Sync 1 DAGs
[2025-11-02T11:06:48.391+0530] {logging_mixin.py:188} INFO - [2025-11-02T11:06:48.391+0530] {dag.py:3947} INFO - Setting next_dagrun for example_short_circuit_operator to 2025-11-01 00:00:00+00:00, run_after=2025-11-02 00:00:00+00:00
[2025-11-02T11:06:48.415+0530] {processor.py:183} INFO - Processing /home/logi/txtai/venv/lib/python3.10/site-packages/airflow/example_dags/example_short_circuit_operator.py took 0.105 seconds
[2025-11-02T11:07:32.730+0530] {processor.py:161} INFO - Started process (PID=10734) to work on /home/logi/txtai/venv/lib/python3.10/site-packages/airflow/example_dags/example_short_circuit_operator.py
[2025-11-02T11:07:32.744+0530] {processor.py:830} INFO - Processing file /home/logi/txtai/venv/lib/python3.10/site-packages/airflow/example_dags/example_short_circuit_operator.py for tasks to queue
[2025-11-02T11:07:32.746+0530] {logging_mixin.py:188} INFO - [2025-11-02T11:07:32.746+0530] {dagbag.py:545} INFO - Filling up the DagBag from /home/logi/txtai/venv/lib/python3.10/site-packages/airflow/example_dags/example_short_circuit_operator.py
[2025-11-02T11:07:32.761+0530] {processor.py:840} INFO - DAG(s) 'example_short_circuit_operator' retrieved from /home/logi/txtai/venv/lib/python3.10/site-packages/airflow/example_dags/example_short_circuit_operator.py
[2025-11-02T11:07:32.794+0530] {logging_mixin.py:188} INFO - [2025-11-02T11:07:32.794+0530] {dag.py:3089} INFO - Sync 1 DAGs
[2025-11-02T11:07:32.815+0530] {logging_mixin.py:188} INFO - [2025-11-02T11:07:32.815+0530] {dag.py:3947} INFO - Setting next_dagrun for example_short_circuit_operator to 2025-11-01 00:00:00+00:00, run_after=2025-11-02 00:00:00+00:00
[2025-11-02T11:07:32.837+0530] {processor.py:183} INFO - Processing /home/logi/txtai/venv/lib/python3.10/site-packages/airflow/example_dags/example_short_circuit_operator.py took 0.122 seconds
[2025-11-02T11:08:17.839+0530] {processor.py:161} INFO - Started process (PID=10802) to work on /home/logi/txtai/venv/lib/python3.10/site-packages/airflow/example_dags/example_short_circuit_operator.py
[2025-11-02T11:08:17.840+0530] {processor.py:830} INFO - Processing file /home/logi/txtai/venv/lib/python3.10/site-packages/airflow/example_dags/example_short_circuit_operator.py for tasks to queue
[2025-11-02T11:08:17.842+0530] {logging_mixin.py:188} INFO - [2025-11-02T11:08:17.841+0530] {dagbag.py:545} INFO - Filling up the DagBag from /home/logi/txtai/venv/lib/python3.10/site-packages/airflow/example_dags/example_short_circuit_operator.py
[2025-11-02T11:08:17.851+0530] {processor.py:840} INFO - DAG(s) 'example_short_circuit_operator' retrieved from /home/logi/txtai/venv/lib/python3.10/site-packages/airflow/example_dags/example_short_circuit_operator.py
[2025-11-02T11:08:17.872+0530] {logging_mixin.py:188} INFO - [2025-11-02T11:08:17.871+0530] {dag.py:3089} INFO - Sync 1 DAGs
[2025-11-02T11:08:17.890+0530] {logging_mixin.py:188} INFO - [2025-11-02T11:08:17.890+0530] {dag.py:3947} INFO - Setting next_dagrun for example_short_circuit_operator to 2025-11-01 00:00:00+00:00, run_after=2025-11-02 00:00:00+00:00
[2025-11-02T11:08:17.913+0530] {processor.py:183} INFO - Processing /home/logi/txtai/venv/lib/python3.10/site-packages/airflow/example_dags/example_short_circuit_operator.py took 0.082 seconds
[2025-11-02T11:09:05.080+0530] {processor.py:161} INFO - Started process (PID=10876) to work on /home/logi/txtai/venv/lib/python3.10/site-packages/airflow/example_dags/example_short_circuit_operator.py
[2025-11-02T11:09:05.093+0530] {processor.py:830} INFO - Processing file /home/logi/txtai/venv/lib/python3.10/site-packages/airflow/example_dags/example_short_circuit_operator.py for tasks to queue
[2025-11-02T11:09:05.096+0530] {logging_mixin.py:188} INFO - [2025-11-02T11:09:05.095+0530] {dagbag.py:545} INFO - Filling up the DagBag from /home/logi/txtai/venv/lib/python3.10/site-packages/airflow/example_dags/example_short_circuit_operator.py
[2025-11-02T11:09:05.104+0530] {processor.py:840} INFO - DAG(s) 'example_short_circuit_operator' retrieved from /home/logi/txtai/venv/lib/python3.10/site-packages/airflow/example_dags/example_short_circuit_operator.py
[2025-11-02T11:09:05.122+0530] {logging_mixin.py:188} INFO - [2025-11-02T11:09:05.122+0530] {dag.py:3089} INFO - Sync 1 DAGs
[2025-11-02T11:09:05.139+0530] {logging_mixin.py:188} INFO - [2025-11-02T11:09:05.139+0530] {dag.py:3947} INFO - Setting next_dagrun for example_short_circuit_operator to 2025-11-01 00:00:00+00:00, run_after=2025-11-02 00:00:00+00:00
[2025-11-02T11:09:05.159+0530] {processor.py:183} INFO - Processing /home/logi/txtai/venv/lib/python3.10/site-packages/airflow/example_dags/example_short_circuit_operator.py took 0.086 seconds
[2025-11-02T11:09:55.610+0530] {processor.py:161} INFO - Started process (PID=10949) to work on /home/logi/txtai/venv/lib/python3.10/site-packages/airflow/example_dags/example_short_circuit_operator.py
[2025-11-02T11:09:55.623+0530] {processor.py:830} INFO - Processing file /home/logi/txtai/venv/lib/python3.10/site-packages/airflow/example_dags/example_short_circuit_operator.py for tasks to queue
[2025-11-02T11:09:55.626+0530] {logging_mixin.py:188} INFO - [2025-11-02T11:09:55.626+0530] {dagbag.py:545} INFO - Filling up the DagBag from /home/logi/txtai/venv/lib/python3.10/site-packages/airflow/example_dags/example_short_circuit_operator.py
[2025-11-02T11:09:55.638+0530] {processor.py:840} INFO - DAG(s) 'example_short_circuit_operator' retrieved from /home/logi/txtai/venv/lib/python3.10/site-packages/airflow/example_dags/example_short_circuit_operator.py
[2025-11-02T11:09:55.672+0530] {logging_mixin.py:188} INFO - [2025-11-02T11:09:55.672+0530] {dag.py:3089} INFO - Sync 1 DAGs
[2025-11-02T11:09:55.689+0530] {logging_mixin.py:188} INFO - [2025-11-02T11:09:55.689+0530] {dag.py:3947} INFO - Setting next_dagrun for example_short_circuit_operator to 2025-11-01 00:00:00+00:00, run_after=2025-11-02 00:00:00+00:00
[2025-11-02T11:09:55.718+0530] {processor.py:183} INFO - Processing /home/logi/txtai/venv/lib/python3.10/site-packages/airflow/example_dags/example_short_circuit_operator.py took 0.122 seconds
[2025-11-02T11:10:46.044+0530] {processor.py:161} INFO - Started process (PID=11053) to work on /home/logi/txtai/venv/lib/python3.10/site-packages/airflow/example_dags/example_short_circuit_operator.py
[2025-11-02T11:10:46.057+0530] {processor.py:830} INFO - Processing file /home/logi/txtai/venv/lib/python3.10/site-packages/airflow/example_dags/example_short_circuit_operator.py for tasks to queue
[2025-11-02T11:10:46.060+0530] {logging_mixin.py:188} INFO - [2025-11-02T11:10:46.059+0530] {dagbag.py:545} INFO - Filling up the DagBag from /home/logi/txtai/venv/lib/python3.10/site-packages/airflow/example_dags/example_short_circuit_operator.py
[2025-11-02T11:10:46.072+0530] {processor.py:840} INFO - DAG(s) 'example_short_circuit_operator' retrieved from /home/logi/txtai/venv/lib/python3.10/site-packages/airflow/example_dags/example_short_circuit_operator.py
[2025-11-02T11:10:46.106+0530] {logging_mixin.py:188} INFO - [2025-11-02T11:10:46.106+0530] {dag.py:3089} INFO - Sync 1 DAGs
[2025-11-02T11:10:46.129+0530] {logging_mixin.py:188} INFO - [2025-11-02T11:10:46.129+0530] {dag.py:3947} INFO - Setting next_dagrun for example_short_circuit_operator to 2025-11-01 00:00:00+00:00, run_after=2025-11-02 00:00:00+00:00
[2025-11-02T11:10:46.150+0530] {processor.py:183} INFO - Processing /home/logi/txtai/venv/lib/python3.10/site-packages/airflow/example_dags/example_short_circuit_operator.py took 0.118 seconds
[2025-11-02T11:11:36.769+0530] {processor.py:161} INFO - Started process (PID=11125) to work on /home/logi/txtai/venv/lib/python3.10/site-packages/airflow/example_dags/example_short_circuit_operator.py
[2025-11-02T11:11:36.782+0530] {processor.py:830} INFO - Processing file /home/logi/txtai/venv/lib/python3.10/site-packages/airflow/example_dags/example_short_circuit_operator.py for tasks to queue
[2025-11-02T11:11:36.785+0530] {logging_mixin.py:188} INFO - [2025-11-02T11:11:36.784+0530] {dagbag.py:545} INFO - Filling up the DagBag from /home/logi/txtai/venv/lib/python3.10/site-packages/airflow/example_dags/example_short_circuit_operator.py
[2025-11-02T11:11:36.799+0530] {processor.py:840} INFO - DAG(s) 'example_short_circuit_operator' retrieved from /home/logi/txtai/venv/lib/python3.10/site-packages/airflow/example_dags/example_short_circuit_operator.py
[2025-11-02T11:11:36.830+0530] {logging_mixin.py:188} INFO - [2025-11-02T11:11:36.829+0530] {dag.py:3089} INFO - Sync 1 DAGs
[2025-11-02T11:11:36.845+0530] {logging_mixin.py:188} INFO - [2025-11-02T11:11:36.845+0530] {dag.py:3947} INFO - Setting next_dagrun for example_short_circuit_operator to 2025-11-01 00:00:00+00:00, run_after=2025-11-02 00:00:00+00:00
[2025-11-02T11:11:36.870+0530] {processor.py:183} INFO - Processing /home/logi/txtai/venv/lib/python3.10/site-packages/airflow/example_dags/example_short_circuit_operator.py took 0.111 seconds
[2025-11-02T11:12:23.815+0530] {processor.py:161} INFO - Started process (PID=11197) to work on /home/logi/txtai/venv/lib/python3.10/site-packages/airflow/example_dags/example_short_circuit_operator.py
[2025-11-02T11:12:23.828+0530] {processor.py:830} INFO - Processing file /home/logi/txtai/venv/lib/python3.10/site-packages/airflow/example_dags/example_short_circuit_operator.py for tasks to queue
[2025-11-02T11:12:23.831+0530] {logging_mixin.py:188} INFO - [2025-11-02T11:12:23.830+0530] {dagbag.py:545} INFO - Filling up the DagBag from /home/logi/txtai/venv/lib/python3.10/site-packages/airflow/example_dags/example_short_circuit_operator.py
[2025-11-02T11:12:23.838+0530] {processor.py:840} INFO - DAG(s) 'example_short_circuit_operator' retrieved from /home/logi/txtai/venv/lib/python3.10/site-packages/airflow/example_dags/example_short_circuit_operator.py
[2025-11-02T11:12:23.856+0530] {logging_mixin.py:188} INFO - [2025-11-02T11:12:23.856+0530] {dag.py:3089} INFO - Sync 1 DAGs
[2025-11-02T11:12:23.875+0530] {logging_mixin.py:188} INFO - [2025-11-02T11:12:23.874+0530] {dag.py:3947} INFO - Setting next_dagrun for example_short_circuit_operator to 2025-11-01 00:00:00+00:00, run_after=2025-11-02 00:00:00+00:00
[2025-11-02T11:12:23.893+0530] {processor.py:183} INFO - Processing /home/logi/txtai/venv/lib/python3.10/site-packages/airflow/example_dags/example_short_circuit_operator.py took 0.089 seconds
[2025-11-02T11:13:09.895+0530] {processor.py:161} INFO - Started process (PID=11334) to work on /home/logi/txtai/venv/lib/python3.10/site-packages/airflow/example_dags/example_short_circuit_operator.py
[2025-11-02T11:13:09.907+0530] {processor.py:830} INFO - Processing file /home/logi/txtai/venv/lib/python3.10/site-packages/airflow/example_dags/example_short_circuit_operator.py for tasks to queue
[2025-11-02T11:13:09.909+0530] {logging_mixin.py:188} INFO - [2025-11-02T11:13:09.909+0530] {dagbag.py:545} INFO - Filling up the DagBag from /home/logi/txtai/venv/lib/python3.10/site-packages/airflow/example_dags/example_short_circuit_operator.py
[2025-11-02T11:13:09.923+0530] {processor.py:840} INFO - DAG(s) 'example_short_circuit_operator' retrieved from /home/logi/txtai/venv/lib/python3.10/site-packages/airflow/example_dags/example_short_circuit_operator.py
[2025-11-02T11:13:09.941+0530] {logging_mixin.py:188} INFO - [2025-11-02T11:13:09.941+0530] {dag.py:3089} INFO - Sync 1 DAGs
[2025-11-02T11:13:09.971+0530] {logging_mixin.py:188} INFO - [2025-11-02T11:13:09.971+0530] {dag.py:3947} INFO - Setting next_dagrun for example_short_circuit_operator to 2025-11-01 00:00:00+00:00, run_after=2025-11-02 00:00:00+00:00
[2025-11-02T11:13:10.002+0530] {processor.py:183} INFO - Processing /home/logi/txtai/venv/lib/python3.10/site-packages/airflow/example_dags/example_short_circuit_operator.py took 0.122 seconds
[2025-11-02T11:14:02.684+0530] {processor.py:161} INFO - Started process (PID=11414) to work on /home/logi/txtai/venv/lib/python3.10/site-packages/airflow/example_dags/example_short_circuit_operator.py
[2025-11-02T11:14:02.697+0530] {processor.py:830} INFO - Processing file /home/logi/txtai/venv/lib/python3.10/site-packages/airflow/example_dags/example_short_circuit_operator.py for tasks to queue
[2025-11-02T11:14:02.700+0530] {logging_mixin.py:188} INFO - [2025-11-02T11:14:02.699+0530] {dagbag.py:545} INFO - Filling up the DagBag from /home/logi/txtai/venv/lib/python3.10/site-packages/airflow/example_dags/example_short_circuit_operator.py
[2025-11-02T11:14:02.707+0530] {processor.py:840} INFO - DAG(s) 'example_short_circuit_operator' retrieved from /home/logi/txtai/venv/lib/python3.10/site-packages/airflow/example_dags/example_short_circuit_operator.py
[2025-11-02T11:14:02.722+0530] {logging_mixin.py:188} INFO - [2025-11-02T11:14:02.722+0530] {dag.py:3089} INFO - Sync 1 DAGs
[2025-11-02T11:14:02.737+0530] {logging_mixin.py:188} INFO - [2025-11-02T11:14:02.736+0530] {dag.py:3947} INFO - Setting next_dagrun for example_short_circuit_operator to 2025-11-01 00:00:00+00:00, run_after=2025-11-02 00:00:00+00:00
[2025-11-02T11:14:02.754+0530] {processor.py:183} INFO - Processing /home/logi/txtai/venv/lib/python3.10/site-packages/airflow/example_dags/example_short_circuit_operator.py took 0.075 seconds
[2025-11-02T11:14:49.782+0530] {processor.py:161} INFO - Started process (PID=11487) to work on /home/logi/txtai/venv/lib/python3.10/site-packages/airflow/example_dags/example_short_circuit_operator.py
[2025-11-02T11:14:49.796+0530] {processor.py:830} INFO - Processing file /home/logi/txtai/venv/lib/python3.10/site-packages/airflow/example_dags/example_short_circuit_operator.py for tasks to queue
[2025-11-02T11:14:49.799+0530] {logging_mixin.py:188} INFO - [2025-11-02T11:14:49.798+0530] {dagbag.py:545} INFO - Filling up the DagBag from /home/logi/txtai/venv/lib/python3.10/site-packages/airflow/example_dags/example_short_circuit_operator.py
[2025-11-02T11:14:49.811+0530] {processor.py:840} INFO - DAG(s) 'example_short_circuit_operator' retrieved from /home/logi/txtai/venv/lib/python3.10/site-packages/airflow/example_dags/example_short_circuit_operator.py
[2025-11-02T11:14:49.829+0530] {logging_mixin.py:188} INFO - [2025-11-02T11:14:49.829+0530] {dag.py:3089} INFO - Sync 1 DAGs
[2025-11-02T11:14:49.846+0530] {logging_mixin.py:188} INFO - [2025-11-02T11:14:49.845+0530] {dag.py:3947} INFO - Setting next_dagrun for example_short_circuit_operator to 2025-11-01 00:00:00+00:00, run_after=2025-11-02 00:00:00+00:00
[2025-11-02T11:14:49.866+0530] {processor.py:183} INFO - Processing /home/logi/txtai/venv/lib/python3.10/site-packages/airflow/example_dags/example_short_circuit_operator.py took 0.093 seconds
[2025-11-02T11:15:49.195+0530] {processor.py:161} INFO - Started process (PID=11697) to work on /home/logi/txtai/venv/lib/python3.10/site-packages/airflow/example_dags/example_short_circuit_operator.py
[2025-11-02T11:15:49.208+0530] {processor.py:830} INFO - Processing file /home/logi/txtai/venv/lib/python3.10/site-packages/airflow/example_dags/example_short_circuit_operator.py for tasks to queue
[2025-11-02T11:15:49.211+0530] {logging_mixin.py:188} INFO - [2025-11-02T11:15:49.211+0530] {dagbag.py:545} INFO - Filling up the DagBag from /home/logi/txtai/venv/lib/python3.10/site-packages/airflow/example_dags/example_short_circuit_operator.py
[2025-11-02T11:15:49.224+0530] {processor.py:840} INFO - DAG(s) 'example_short_circuit_operator' retrieved from /home/logi/txtai/venv/lib/python3.10/site-packages/airflow/example_dags/example_short_circuit_operator.py
[2025-11-02T11:15:49.254+0530] {logging_mixin.py:188} INFO - [2025-11-02T11:15:49.253+0530] {dag.py:3089} INFO - Sync 1 DAGs
[2025-11-02T11:15:49.271+0530] {logging_mixin.py:188} INFO - [2025-11-02T11:15:49.271+0530] {dag.py:3947} INFO - Setting next_dagrun for example_short_circuit_operator to 2025-11-01 00:00:00+00:00, run_after=2025-11-02 00:00:00+00:00
[2025-11-02T11:15:49.300+0530] {processor.py:183} INFO - Processing /home/logi/txtai/venv/lib/python3.10/site-packages/airflow/example_dags/example_short_circuit_operator.py took 0.115 seconds
[2025-11-02T11:16:35.094+0530] {processor.py:161} INFO - Started process (PID=11766) to work on /home/logi/txtai/venv/lib/python3.10/site-packages/airflow/example_dags/example_short_circuit_operator.py
[2025-11-02T11:16:35.095+0530] {processor.py:830} INFO - Processing file /home/logi/txtai/venv/lib/python3.10/site-packages/airflow/example_dags/example_short_circuit_operator.py for tasks to queue
[2025-11-02T11:16:35.096+0530] {logging_mixin.py:188} INFO - [2025-11-02T11:16:35.096+0530] {dagbag.py:545} INFO - Filling up the DagBag from /home/logi/txtai/venv/lib/python3.10/site-packages/airflow/example_dags/example_short_circuit_operator.py
[2025-11-02T11:16:35.103+0530] {processor.py:840} INFO - DAG(s) 'example_short_circuit_operator' retrieved from /home/logi/txtai/venv/lib/python3.10/site-packages/airflow/example_dags/example_short_circuit_operator.py
[2025-11-02T11:16:35.118+0530] {logging_mixin.py:188} INFO - [2025-11-02T11:16:35.118+0530] {dag.py:3089} INFO - Sync 1 DAGs
[2025-11-02T11:16:35.133+0530] {logging_mixin.py:188} INFO - [2025-11-02T11:16:35.133+0530] {dag.py:3947} INFO - Setting next_dagrun for example_short_circuit_operator to 2025-11-01 00:00:00+00:00, run_after=2025-11-02 00:00:00+00:00
[2025-11-02T11:16:35.150+0530] {processor.py:183} INFO - Processing /home/logi/txtai/venv/lib/python3.10/site-packages/airflow/example_dags/example_short_circuit_operator.py took 0.062 seconds
[2025-11-02T11:17:22.939+0530] {processor.py:161} INFO - Started process (PID=11842) to work on /home/logi/txtai/venv/lib/python3.10/site-packages/airflow/example_dags/example_short_circuit_operator.py
[2025-11-02T11:17:22.952+0530] {processor.py:830} INFO - Processing file /home/logi/txtai/venv/lib/python3.10/site-packages/airflow/example_dags/example_short_circuit_operator.py for tasks to queue
[2025-11-02T11:17:22.955+0530] {logging_mixin.py:188} INFO - [2025-11-02T11:17:22.954+0530] {dagbag.py:545} INFO - Filling up the DagBag from /home/logi/txtai/venv/lib/python3.10/site-packages/airflow/example_dags/example_short_circuit_operator.py
[2025-11-02T11:17:22.967+0530] {processor.py:840} INFO - DAG(s) 'example_short_circuit_operator' retrieved from /home/logi/txtai/venv/lib/python3.10/site-packages/airflow/example_dags/example_short_circuit_operator.py
[2025-11-02T11:17:22.997+0530] {logging_mixin.py:188} INFO - [2025-11-02T11:17:22.997+0530] {dag.py:3089} INFO - Sync 1 DAGs
[2025-11-02T11:17:23.014+0530] {logging_mixin.py:188} INFO - [2025-11-02T11:17:23.014+0530] {dag.py:3947} INFO - Setting next_dagrun for example_short_circuit_operator to 2025-11-01 00:00:00+00:00, run_after=2025-11-02 00:00:00+00:00
[2025-11-02T11:17:23.032+0530] {processor.py:183} INFO - Processing /home/logi/txtai/venv/lib/python3.10/site-packages/airflow/example_dags/example_short_circuit_operator.py took 0.104 seconds
[2025-11-02T11:18:10.842+0530] {processor.py:161} INFO - Started process (PID=11915) to work on /home/logi/txtai/venv/lib/python3.10/site-packages/airflow/example_dags/example_short_circuit_operator.py
[2025-11-02T11:18:10.844+0530] {processor.py:830} INFO - Processing file /home/logi/txtai/venv/lib/python3.10/site-packages/airflow/example_dags/example_short_circuit_operator.py for tasks to queue
[2025-11-02T11:18:10.846+0530] {logging_mixin.py:188} INFO - [2025-11-02T11:18:10.846+0530] {dagbag.py:545} INFO - Filling up the DagBag from /home/logi/txtai/venv/lib/python3.10/site-packages/airflow/example_dags/example_short_circuit_operator.py
[2025-11-02T11:18:10.859+0530] {processor.py:840} INFO - DAG(s) 'example_short_circuit_operator' retrieved from /home/logi/txtai/venv/lib/python3.10/site-packages/airflow/example_dags/example_short_circuit_operator.py
[2025-11-02T11:18:10.885+0530] {logging_mixin.py:188} INFO - [2025-11-02T11:18:10.885+0530] {dag.py:3089} INFO - Sync 1 DAGs
[2025-11-02T11:18:10.910+0530] {logging_mixin.py:188} INFO - [2025-11-02T11:18:10.909+0530] {dag.py:3947} INFO - Setting next_dagrun for example_short_circuit_operator to 2025-11-01 00:00:00+00:00, run_after=2025-11-02 00:00:00+00:00
[2025-11-02T11:18:10.929+0530] {processor.py:183} INFO - Processing /home/logi/txtai/venv/lib/python3.10/site-packages/airflow/example_dags/example_short_circuit_operator.py took 0.099 seconds
[2025-11-02T11:18:59.055+0530] {processor.py:161} INFO - Started process (PID=11987) to work on /home/logi/txtai/venv/lib/python3.10/site-packages/airflow/example_dags/example_short_circuit_operator.py
[2025-11-02T11:18:59.068+0530] {processor.py:830} INFO - Processing file /home/logi/txtai/venv/lib/python3.10/site-packages/airflow/example_dags/example_short_circuit_operator.py for tasks to queue
[2025-11-02T11:18:59.071+0530] {logging_mixin.py:188} INFO - [2025-11-02T11:18:59.070+0530] {dagbag.py:545} INFO - Filling up the DagBag from /home/logi/txtai/venv/lib/python3.10/site-packages/airflow/example_dags/example_short_circuit_operator.py
[2025-11-02T11:18:59.081+0530] {processor.py:840} INFO - DAG(s) 'example_short_circuit_operator' retrieved from /home/logi/txtai/venv/lib/python3.10/site-packages/airflow/example_dags/example_short_circuit_operator.py
[2025-11-02T11:18:59.109+0530] {logging_mixin.py:188} INFO - [2025-11-02T11:18:59.109+0530] {dag.py:3089} INFO - Sync 1 DAGs
[2025-11-02T11:18:59.124+0530] {logging_mixin.py:188} INFO - [2025-11-02T11:18:59.124+0530] {dag.py:3947} INFO - Setting next_dagrun for example_short_circuit_operator to 2025-11-01 00:00:00+00:00, run_after=2025-11-02 00:00:00+00:00
[2025-11-02T11:18:59.146+0530] {processor.py:183} INFO - Processing /home/logi/txtai/venv/lib/python3.10/site-packages/airflow/example_dags/example_short_circuit_operator.py took 0.099 seconds
[2025-11-02T11:19:45.564+0530] {processor.py:161} INFO - Started process (PID=12058) to work on /home/logi/txtai/venv/lib/python3.10/site-packages/airflow/example_dags/example_short_circuit_operator.py
[2025-11-02T11:19:45.577+0530] {processor.py:830} INFO - Processing file /home/logi/txtai/venv/lib/python3.10/site-packages/airflow/example_dags/example_short_circuit_operator.py for tasks to queue
[2025-11-02T11:19:45.579+0530] {logging_mixin.py:188} INFO - [2025-11-02T11:19:45.579+0530] {dagbag.py:545} INFO - Filling up the DagBag from /home/logi/txtai/venv/lib/python3.10/site-packages/airflow/example_dags/example_short_circuit_operator.py
[2025-11-02T11:19:45.591+0530] {processor.py:840} INFO - DAG(s) 'example_short_circuit_operator' retrieved from /home/logi/txtai/venv/lib/python3.10/site-packages/airflow/example_dags/example_short_circuit_operator.py
[2025-11-02T11:19:45.618+0530] {logging_mixin.py:188} INFO - [2025-11-02T11:19:45.618+0530] {dag.py:3089} INFO - Sync 1 DAGs
[2025-11-02T11:19:45.633+0530] {logging_mixin.py:188} INFO - [2025-11-02T11:19:45.633+0530] {dag.py:3947} INFO - Setting next_dagrun for example_short_circuit_operator to 2025-11-01 00:00:00+00:00, run_after=2025-11-02 00:00:00+00:00
[2025-11-02T11:19:45.651+0530] {processor.py:183} INFO - Processing /home/logi/txtai/venv/lib/python3.10/site-packages/airflow/example_dags/example_short_circuit_operator.py took 0.096 seconds
[2025-11-02T11:20:31.407+0530] {processor.py:161} INFO - Started process (PID=12155) to work on /home/logi/txtai/venv/lib/python3.10/site-packages/airflow/example_dags/example_short_circuit_operator.py
[2025-11-02T11:20:31.421+0530] {processor.py:830} INFO - Processing file /home/logi/txtai/venv/lib/python3.10/site-packages/airflow/example_dags/example_short_circuit_operator.py for tasks to queue
[2025-11-02T11:20:31.424+0530] {logging_mixin.py:188} INFO - [2025-11-02T11:20:31.423+0530] {dagbag.py:545} INFO - Filling up the DagBag from /home/logi/txtai/venv/lib/python3.10/site-packages/airflow/example_dags/example_short_circuit_operator.py
[2025-11-02T11:20:31.436+0530] {processor.py:840} INFO - DAG(s) 'example_short_circuit_operator' retrieved from /home/logi/txtai/venv/lib/python3.10/site-packages/airflow/example_dags/example_short_circuit_operator.py
[2025-11-02T11:20:31.465+0530] {logging_mixin.py:188} INFO - [2025-11-02T11:20:31.465+0530] {dag.py:3089} INFO - Sync 1 DAGs
[2025-11-02T11:20:31.481+0530] {logging_mixin.py:188} INFO - [2025-11-02T11:20:31.481+0530] {dag.py:3947} INFO - Setting next_dagrun for example_short_circuit_operator to 2025-11-01 00:00:00+00:00, run_after=2025-11-02 00:00:00+00:00
[2025-11-02T11:20:31.506+0530] {processor.py:183} INFO - Processing /home/logi/txtai/venv/lib/python3.10/site-packages/airflow/example_dags/example_short_circuit_operator.py took 0.109 seconds
[2025-11-02T11:21:19.537+0530] {processor.py:161} INFO - Started process (PID=12227) to work on /home/logi/txtai/venv/lib/python3.10/site-packages/airflow/example_dags/example_short_circuit_operator.py
[2025-11-02T11:21:19.550+0530] {processor.py:830} INFO - Processing file /home/logi/txtai/venv/lib/python3.10/site-packages/airflow/example_dags/example_short_circuit_operator.py for tasks to queue
[2025-11-02T11:21:19.554+0530] {logging_mixin.py:188} INFO - [2025-11-02T11:21:19.553+0530] {dagbag.py:545} INFO - Filling up the DagBag from /home/logi/txtai/venv/lib/python3.10/site-packages/airflow/example_dags/example_short_circuit_operator.py
[2025-11-02T11:21:19.567+0530] {processor.py:840} INFO - DAG(s) 'example_short_circuit_operator' retrieved from /home/logi/txtai/venv/lib/python3.10/site-packages/airflow/example_dags/example_short_circuit_operator.py
[2025-11-02T11:21:19.598+0530] {logging_mixin.py:188} INFO - [2025-11-02T11:21:19.597+0530] {dag.py:3089} INFO - Sync 1 DAGs
[2025-11-02T11:21:19.617+0530] {logging_mixin.py:188} INFO - [2025-11-02T11:21:19.617+0530] {dag.py:3947} INFO - Setting next_dagrun for example_short_circuit_operator to 2025-11-01 00:00:00+00:00, run_after=2025-11-02 00:00:00+00:00
[2025-11-02T11:21:19.641+0530] {processor.py:183} INFO - Processing /home/logi/txtai/venv/lib/python3.10/site-packages/airflow/example_dags/example_short_circuit_operator.py took 0.114 seconds
[2025-11-02T11:22:05.785+0530] {processor.py:161} INFO - Started process (PID=12297) to work on /home/logi/txtai/venv/lib/python3.10/site-packages/airflow/example_dags/example_short_circuit_operator.py
[2025-11-02T11:22:05.798+0530] {processor.py:830} INFO - Processing file /home/logi/txtai/venv/lib/python3.10/site-packages/airflow/example_dags/example_short_circuit_operator.py for tasks to queue
[2025-11-02T11:22:05.801+0530] {logging_mixin.py:188} INFO - [2025-11-02T11:22:05.800+0530] {dagbag.py:545} INFO - Filling up the DagBag from /home/logi/txtai/venv/lib/python3.10/site-packages/airflow/example_dags/example_short_circuit_operator.py
[2025-11-02T11:22:05.809+0530] {processor.py:840} INFO - DAG(s) 'example_short_circuit_operator' retrieved from /home/logi/txtai/venv/lib/python3.10/site-packages/airflow/example_dags/example_short_circuit_operator.py
[2025-11-02T11:22:05.827+0530] {logging_mixin.py:188} INFO - [2025-11-02T11:22:05.826+0530] {dag.py:3089} INFO - Sync 1 DAGs
[2025-11-02T11:22:05.841+0530] {logging_mixin.py:188} INFO - [2025-11-02T11:22:05.841+0530] {dag.py:3947} INFO - Setting next_dagrun for example_short_circuit_operator to 2025-11-01 00:00:00+00:00, run_after=2025-11-02 00:00:00+00:00
[2025-11-02T11:22:05.859+0530] {processor.py:183} INFO - Processing /home/logi/txtai/venv/lib/python3.10/site-packages/airflow/example_dags/example_short_circuit_operator.py took 0.079 seconds
[2025-11-02T11:22:54.165+0530] {processor.py:161} INFO - Started process (PID=12376) to work on /home/logi/txtai/venv/lib/python3.10/site-packages/airflow/example_dags/example_short_circuit_operator.py
[2025-11-02T11:22:54.178+0530] {processor.py:830} INFO - Processing file /home/logi/txtai/venv/lib/python3.10/site-packages/airflow/example_dags/example_short_circuit_operator.py for tasks to queue
[2025-11-02T11:22:54.180+0530] {logging_mixin.py:188} INFO - [2025-11-02T11:22:54.179+0530] {dagbag.py:545} INFO - Filling up the DagBag from /home/logi/txtai/venv/lib/python3.10/site-packages/airflow/example_dags/example_short_circuit_operator.py
[2025-11-02T11:22:54.186+0530] {processor.py:840} INFO - DAG(s) 'example_short_circuit_operator' retrieved from /home/logi/txtai/venv/lib/python3.10/site-packages/airflow/example_dags/example_short_circuit_operator.py
[2025-11-02T11:22:54.208+0530] {logging_mixin.py:188} INFO - [2025-11-02T11:22:54.208+0530] {dag.py:3089} INFO - Sync 1 DAGs
[2025-11-02T11:22:54.222+0530] {logging_mixin.py:188} INFO - [2025-11-02T11:22:54.222+0530] {dag.py:3947} INFO - Setting next_dagrun for example_short_circuit_operator to 2025-11-01 00:00:00+00:00, run_after=2025-11-02 00:00:00+00:00
[2025-11-02T11:22:54.241+0530] {processor.py:183} INFO - Processing /home/logi/txtai/venv/lib/python3.10/site-packages/airflow/example_dags/example_short_circuit_operator.py took 0.082 seconds
[2025-11-02T11:23:40.302+0530] {processor.py:161} INFO - Started process (PID=12447) to work on /home/logi/txtai/venv/lib/python3.10/site-packages/airflow/example_dags/example_short_circuit_operator.py
[2025-11-02T11:23:40.315+0530] {processor.py:830} INFO - Processing file /home/logi/txtai/venv/lib/python3.10/site-packages/airflow/example_dags/example_short_circuit_operator.py for tasks to queue
[2025-11-02T11:23:40.317+0530] {logging_mixin.py:188} INFO - [2025-11-02T11:23:40.317+0530] {dagbag.py:545} INFO - Filling up the DagBag from /home/logi/txtai/venv/lib/python3.10/site-packages/airflow/example_dags/example_short_circuit_operator.py
[2025-11-02T11:23:40.323+0530] {processor.py:840} INFO - DAG(s) 'example_short_circuit_operator' retrieved from /home/logi/txtai/venv/lib/python3.10/site-packages/airflow/example_dags/example_short_circuit_operator.py
[2025-11-02T11:23:40.345+0530] {logging_mixin.py:188} INFO - [2025-11-02T11:23:40.344+0530] {dag.py:3089} INFO - Sync 1 DAGs
[2025-11-02T11:23:40.359+0530] {logging_mixin.py:188} INFO - [2025-11-02T11:23:40.359+0530] {dag.py:3947} INFO - Setting next_dagrun for example_short_circuit_operator to 2025-11-01 00:00:00+00:00, run_after=2025-11-02 00:00:00+00:00
[2025-11-02T11:23:40.377+0530] {processor.py:183} INFO - Processing /home/logi/txtai/venv/lib/python3.10/site-packages/airflow/example_dags/example_short_circuit_operator.py took 0.081 seconds
[2025-11-02T11:24:27.110+0530] {processor.py:161} INFO - Started process (PID=12519) to work on /home/logi/txtai/venv/lib/python3.10/site-packages/airflow/example_dags/example_short_circuit_operator.py
[2025-11-02T11:24:27.112+0530] {processor.py:830} INFO - Processing file /home/logi/txtai/venv/lib/python3.10/site-packages/airflow/example_dags/example_short_circuit_operator.py for tasks to queue
[2025-11-02T11:24:27.115+0530] {logging_mixin.py:188} INFO - [2025-11-02T11:24:27.115+0530] {dagbag.py:545} INFO - Filling up the DagBag from /home/logi/txtai/venv/lib/python3.10/site-packages/airflow/example_dags/example_short_circuit_operator.py
[2025-11-02T11:24:27.122+0530] {processor.py:840} INFO - DAG(s) 'example_short_circuit_operator' retrieved from /home/logi/txtai/venv/lib/python3.10/site-packages/airflow/example_dags/example_short_circuit_operator.py
[2025-11-02T11:24:27.137+0530] {logging_mixin.py:188} INFO - [2025-11-02T11:24:27.137+0530] {dag.py:3089} INFO - Sync 1 DAGs
[2025-11-02T11:24:27.154+0530] {logging_mixin.py:188} INFO - [2025-11-02T11:24:27.154+0530] {dag.py:3947} INFO - Setting next_dagrun for example_short_circuit_operator to 2025-11-01 00:00:00+00:00, run_after=2025-11-02 00:00:00+00:00
[2025-11-02T11:24:27.174+0530] {processor.py:183} INFO - Processing /home/logi/txtai/venv/lib/python3.10/site-packages/airflow/example_dags/example_short_circuit_operator.py took 0.072 seconds
[2025-11-02T11:25:14.816+0530] {processor.py:161} INFO - Started process (PID=12636) to work on /home/logi/txtai/venv/lib/python3.10/site-packages/airflow/example_dags/example_short_circuit_operator.py
[2025-11-02T11:25:14.830+0530] {processor.py:830} INFO - Processing file /home/logi/txtai/venv/lib/python3.10/site-packages/airflow/example_dags/example_short_circuit_operator.py for tasks to queue
[2025-11-02T11:25:14.832+0530] {logging_mixin.py:188} INFO - [2025-11-02T11:25:14.832+0530] {dagbag.py:545} INFO - Filling up the DagBag from /home/logi/txtai/venv/lib/python3.10/site-packages/airflow/example_dags/example_short_circuit_operator.py
[2025-11-02T11:25:14.845+0530] {processor.py:840} INFO - DAG(s) 'example_short_circuit_operator' retrieved from /home/logi/txtai/venv/lib/python3.10/site-packages/airflow/example_dags/example_short_circuit_operator.py
[2025-11-02T11:25:14.875+0530] {logging_mixin.py:188} INFO - [2025-11-02T11:25:14.875+0530] {dag.py:3089} INFO - Sync 1 DAGs
[2025-11-02T11:25:14.892+0530] {logging_mixin.py:188} INFO - [2025-11-02T11:25:14.892+0530] {dag.py:3947} INFO - Setting next_dagrun for example_short_circuit_operator to 2025-11-01 00:00:00+00:00, run_after=2025-11-02 00:00:00+00:00
[2025-11-02T11:25:14.917+0530] {processor.py:183} INFO - Processing /home/logi/txtai/venv/lib/python3.10/site-packages/airflow/example_dags/example_short_circuit_operator.py took 0.111 seconds
[2025-11-02T11:26:05.164+0530] {processor.py:161} INFO - Started process (PID=12709) to work on /home/logi/txtai/venv/lib/python3.10/site-packages/airflow/example_dags/example_short_circuit_operator.py
[2025-11-02T11:26:05.177+0530] {processor.py:830} INFO - Processing file /home/logi/txtai/venv/lib/python3.10/site-packages/airflow/example_dags/example_short_circuit_operator.py for tasks to queue
[2025-11-02T11:26:05.180+0530] {logging_mixin.py:188} INFO - [2025-11-02T11:26:05.180+0530] {dagbag.py:545} INFO - Filling up the DagBag from /home/logi/txtai/venv/lib/python3.10/site-packages/airflow/example_dags/example_short_circuit_operator.py
[2025-11-02T11:26:05.192+0530] {processor.py:840} INFO - DAG(s) 'example_short_circuit_operator' retrieved from /home/logi/txtai/venv/lib/python3.10/site-packages/airflow/example_dags/example_short_circuit_operator.py
[2025-11-02T11:26:05.224+0530] {logging_mixin.py:188} INFO - [2025-11-02T11:26:05.223+0530] {dag.py:3089} INFO - Sync 1 DAGs
[2025-11-02T11:26:05.243+0530] {logging_mixin.py:188} INFO - [2025-11-02T11:26:05.243+0530] {dag.py:3947} INFO - Setting next_dagrun for example_short_circuit_operator to 2025-11-01 00:00:00+00:00, run_after=2025-11-02 00:00:00+00:00
[2025-11-02T11:26:05.269+0530] {processor.py:183} INFO - Processing /home/logi/txtai/venv/lib/python3.10/site-packages/airflow/example_dags/example_short_circuit_operator.py took 0.115 seconds
[2025-11-02T11:26:51.850+0530] {processor.py:161} INFO - Started process (PID=12782) to work on /home/logi/txtai/venv/lib/python3.10/site-packages/airflow/example_dags/example_short_circuit_operator.py
[2025-11-02T11:26:51.864+0530] {processor.py:830} INFO - Processing file /home/logi/txtai/venv/lib/python3.10/site-packages/airflow/example_dags/example_short_circuit_operator.py for tasks to queue
[2025-11-02T11:26:51.867+0530] {logging_mixin.py:188} INFO - [2025-11-02T11:26:51.866+0530] {dagbag.py:545} INFO - Filling up the DagBag from /home/logi/txtai/venv/lib/python3.10/site-packages/airflow/example_dags/example_short_circuit_operator.py
[2025-11-02T11:26:51.876+0530] {processor.py:840} INFO - DAG(s) 'example_short_circuit_operator' retrieved from /home/logi/txtai/venv/lib/python3.10/site-packages/airflow/example_dags/example_short_circuit_operator.py
[2025-11-02T11:26:51.893+0530] {logging_mixin.py:188} INFO - [2025-11-02T11:26:51.893+0530] {dag.py:3089} INFO - Sync 1 DAGs
[2025-11-02T11:26:51.915+0530] {logging_mixin.py:188} INFO - [2025-11-02T11:26:51.915+0530] {dag.py:3947} INFO - Setting next_dagrun for example_short_circuit_operator to 2025-11-01 00:00:00+00:00, run_after=2025-11-02 00:00:00+00:00
[2025-11-02T11:26:51.937+0530] {processor.py:183} INFO - Processing /home/logi/txtai/venv/lib/python3.10/site-packages/airflow/example_dags/example_short_circuit_operator.py took 0.093 seconds
[2025-11-02T11:27:39.290+0530] {processor.py:161} INFO - Started process (PID=12858) to work on /home/logi/txtai/venv/lib/python3.10/site-packages/airflow/example_dags/example_short_circuit_operator.py
[2025-11-02T11:27:39.302+0530] {processor.py:830} INFO - Processing file /home/logi/txtai/venv/lib/python3.10/site-packages/airflow/example_dags/example_short_circuit_operator.py for tasks to queue
[2025-11-02T11:27:39.305+0530] {logging_mixin.py:188} INFO - [2025-11-02T11:27:39.305+0530] {dagbag.py:545} INFO - Filling up the DagBag from /home/logi/txtai/venv/lib/python3.10/site-packages/airflow/example_dags/example_short_circuit_operator.py
[2025-11-02T11:27:39.318+0530] {processor.py:840} INFO - DAG(s) 'example_short_circuit_operator' retrieved from /home/logi/txtai/venv/lib/python3.10/site-packages/airflow/example_dags/example_short_circuit_operator.py
[2025-11-02T11:27:39.343+0530] {logging_mixin.py:188} INFO - [2025-11-02T11:27:39.343+0530] {dag.py:3089} INFO - Sync 1 DAGs
[2025-11-02T11:27:39.360+0530] {logging_mixin.py:188} INFO - [2025-11-02T11:27:39.359+0530] {dag.py:3947} INFO - Setting next_dagrun for example_short_circuit_operator to 2025-11-01 00:00:00+00:00, run_after=2025-11-02 00:00:00+00:00
[2025-11-02T11:27:39.380+0530] {processor.py:183} INFO - Processing /home/logi/txtai/venv/lib/python3.10/site-packages/airflow/example_dags/example_short_circuit_operator.py took 0.102 seconds
[2025-11-02T11:28:26.170+0530] {processor.py:161} INFO - Started process (PID=12928) to work on /home/logi/txtai/venv/lib/python3.10/site-packages/airflow/example_dags/example_short_circuit_operator.py
[2025-11-02T11:28:26.173+0530] {processor.py:830} INFO - Processing file /home/logi/txtai/venv/lib/python3.10/site-packages/airflow/example_dags/example_short_circuit_operator.py for tasks to queue
[2025-11-02T11:28:26.176+0530] {logging_mixin.py:188} INFO - [2025-11-02T11:28:26.175+0530] {dagbag.py:545} INFO - Filling up the DagBag from /home/logi/txtai/venv/lib/python3.10/site-packages/airflow/example_dags/example_short_circuit_operator.py
[2025-11-02T11:28:26.188+0530] {processor.py:840} INFO - DAG(s) 'example_short_circuit_operator' retrieved from /home/logi/txtai/venv/lib/python3.10/site-packages/airflow/example_dags/example_short_circuit_operator.py
[2025-11-02T11:28:26.224+0530] {logging_mixin.py:188} INFO - [2025-11-02T11:28:26.223+0530] {dag.py:3089} INFO - Sync 1 DAGs
[2025-11-02T11:28:26.252+0530] {logging_mixin.py:188} INFO - [2025-11-02T11:28:26.251+0530] {dag.py:3947} INFO - Setting next_dagrun for example_short_circuit_operator to 2025-11-01 00:00:00+00:00, run_after=2025-11-02 00:00:00+00:00
[2025-11-02T11:28:26.276+0530] {processor.py:183} INFO - Processing /home/logi/txtai/venv/lib/python3.10/site-packages/airflow/example_dags/example_short_circuit_operator.py took 0.120 seconds
[2025-11-02T11:29:15.648+0530] {processor.py:161} INFO - Started process (PID=12999) to work on /home/logi/txtai/venv/lib/python3.10/site-packages/airflow/example_dags/example_short_circuit_operator.py
[2025-11-02T11:29:15.661+0530] {processor.py:830} INFO - Processing file /home/logi/txtai/venv/lib/python3.10/site-packages/airflow/example_dags/example_short_circuit_operator.py for tasks to queue
[2025-11-02T11:29:15.664+0530] {logging_mixin.py:188} INFO - [2025-11-02T11:29:15.664+0530] {dagbag.py:545} INFO - Filling up the DagBag from /home/logi/txtai/venv/lib/python3.10/site-packages/airflow/example_dags/example_short_circuit_operator.py
[2025-11-02T11:29:15.671+0530] {processor.py:840} INFO - DAG(s) 'example_short_circuit_operator' retrieved from /home/logi/txtai/venv/lib/python3.10/site-packages/airflow/example_dags/example_short_circuit_operator.py
[2025-11-02T11:29:15.689+0530] {logging_mixin.py:188} INFO - [2025-11-02T11:29:15.689+0530] {dag.py:3089} INFO - Sync 1 DAGs
[2025-11-02T11:29:15.707+0530] {logging_mixin.py:188} INFO - [2025-11-02T11:29:15.707+0530] {dag.py:3947} INFO - Setting next_dagrun for example_short_circuit_operator to 2025-11-01 00:00:00+00:00, run_after=2025-11-02 00:00:00+00:00
[2025-11-02T11:29:15.729+0530] {processor.py:183} INFO - Processing /home/logi/txtai/venv/lib/python3.10/site-packages/airflow/example_dags/example_short_circuit_operator.py took 0.087 seconds
[2025-11-02T11:30:12.743+0530] {processor.py:161} INFO - Started process (PID=13189) to work on /home/logi/txtai/venv/lib/python3.10/site-packages/airflow/example_dags/example_short_circuit_operator.py
[2025-11-02T11:30:12.756+0530] {processor.py:830} INFO - Processing file /home/logi/txtai/venv/lib/python3.10/site-packages/airflow/example_dags/example_short_circuit_operator.py for tasks to queue
[2025-11-02T11:30:12.759+0530] {logging_mixin.py:188} INFO - [2025-11-02T11:30:12.758+0530] {dagbag.py:545} INFO - Filling up the DagBag from /home/logi/txtai/venv/lib/python3.10/site-packages/airflow/example_dags/example_short_circuit_operator.py
[2025-11-02T11:30:12.766+0530] {processor.py:840} INFO - DAG(s) 'example_short_circuit_operator' retrieved from /home/logi/txtai/venv/lib/python3.10/site-packages/airflow/example_dags/example_short_circuit_operator.py
[2025-11-02T11:30:12.783+0530] {logging_mixin.py:188} INFO - [2025-11-02T11:30:12.783+0530] {dag.py:3089} INFO - Sync 1 DAGs
[2025-11-02T11:30:12.799+0530] {logging_mixin.py:188} INFO - [2025-11-02T11:30:12.799+0530] {dag.py:3947} INFO - Setting next_dagrun for example_short_circuit_operator to 2025-11-01 00:00:00+00:00, run_after=2025-11-02 00:00:00+00:00
[2025-11-02T11:30:12.821+0530] {processor.py:183} INFO - Processing /home/logi/txtai/venv/lib/python3.10/site-packages/airflow/example_dags/example_short_circuit_operator.py took 0.085 seconds
[2025-11-02T11:31:07.324+0530] {processor.py:161} INFO - Started process (PID=13307) to work on /home/logi/txtai/venv/lib/python3.10/site-packages/airflow/example_dags/example_short_circuit_operator.py
[2025-11-02T11:31:07.337+0530] {processor.py:830} INFO - Processing file /home/logi/txtai/venv/lib/python3.10/site-packages/airflow/example_dags/example_short_circuit_operator.py for tasks to queue
[2025-11-02T11:31:07.339+0530] {logging_mixin.py:188} INFO - [2025-11-02T11:31:07.339+0530] {dagbag.py:545} INFO - Filling up the DagBag from /home/logi/txtai/venv/lib/python3.10/site-packages/airflow/example_dags/example_short_circuit_operator.py
[2025-11-02T11:31:07.347+0530] {processor.py:840} INFO - DAG(s) 'example_short_circuit_operator' retrieved from /home/logi/txtai/venv/lib/python3.10/site-packages/airflow/example_dags/example_short_circuit_operator.py
[2025-11-02T11:31:07.364+0530] {logging_mixin.py:188} INFO - [2025-11-02T11:31:07.364+0530] {dag.py:3089} INFO - Sync 1 DAGs
[2025-11-02T11:31:07.379+0530] {logging_mixin.py:188} INFO - [2025-11-02T11:31:07.379+0530] {dag.py:3947} INFO - Setting next_dagrun for example_short_circuit_operator to 2025-11-01 00:00:00+00:00, run_after=2025-11-02 00:00:00+00:00
[2025-11-02T11:31:07.401+0530] {processor.py:183} INFO - Processing /home/logi/txtai/venv/lib/python3.10/site-packages/airflow/example_dags/example_short_circuit_operator.py took 0.082 seconds
[2025-11-02T11:32:00.358+0530] {processor.py:161} INFO - Started process (PID=13380) to work on /home/logi/txtai/venv/lib/python3.10/site-packages/airflow/example_dags/example_short_circuit_operator.py
[2025-11-02T11:32:00.371+0530] {processor.py:830} INFO - Processing file /home/logi/txtai/venv/lib/python3.10/site-packages/airflow/example_dags/example_short_circuit_operator.py for tasks to queue
[2025-11-02T11:32:00.375+0530] {logging_mixin.py:188} INFO - [2025-11-02T11:32:00.374+0530] {dagbag.py:545} INFO - Filling up the DagBag from /home/logi/txtai/venv/lib/python3.10/site-packages/airflow/example_dags/example_short_circuit_operator.py
[2025-11-02T11:32:00.387+0530] {processor.py:840} INFO - DAG(s) 'example_short_circuit_operator' retrieved from /home/logi/txtai/venv/lib/python3.10/site-packages/airflow/example_dags/example_short_circuit_operator.py
[2025-11-02T11:32:00.421+0530] {logging_mixin.py:188} INFO - [2025-11-02T11:32:00.420+0530] {dag.py:3089} INFO - Sync 1 DAGs
[2025-11-02T11:32:00.438+0530] {logging_mixin.py:188} INFO - [2025-11-02T11:32:00.438+0530] {dag.py:3947} INFO - Setting next_dagrun for example_short_circuit_operator to 2025-11-01 00:00:00+00:00, run_after=2025-11-02 00:00:00+00:00
[2025-11-02T11:32:00.460+0530] {processor.py:183} INFO - Processing /home/logi/txtai/venv/lib/python3.10/site-packages/airflow/example_dags/example_short_circuit_operator.py took 0.113 seconds
[2025-11-02T11:32:52.333+0530] {processor.py:161} INFO - Started process (PID=13455) to work on /home/logi/txtai/venv/lib/python3.10/site-packages/airflow/example_dags/example_short_circuit_operator.py
[2025-11-02T11:32:52.347+0530] {processor.py:830} INFO - Processing file /home/logi/txtai/venv/lib/python3.10/site-packages/airflow/example_dags/example_short_circuit_operator.py for tasks to queue
[2025-11-02T11:32:52.350+0530] {logging_mixin.py:188} INFO - [2025-11-02T11:32:52.350+0530] {dagbag.py:545} INFO - Filling up the DagBag from /home/logi/txtai/venv/lib/python3.10/site-packages/airflow/example_dags/example_short_circuit_operator.py
[2025-11-02T11:32:52.366+0530] {processor.py:840} INFO - DAG(s) 'example_short_circuit_operator' retrieved from /home/logi/txtai/venv/lib/python3.10/site-packages/airflow/example_dags/example_short_circuit_operator.py
[2025-11-02T11:32:52.400+0530] {logging_mixin.py:188} INFO - [2025-11-02T11:32:52.400+0530] {dag.py:3089} INFO - Sync 1 DAGs
[2025-11-02T11:32:52.439+0530] {logging_mixin.py:188} INFO - [2025-11-02T11:32:52.439+0530] {dag.py:3947} INFO - Setting next_dagrun for example_short_circuit_operator to 2025-11-01 00:00:00+00:00, run_after=2025-11-02 00:00:00+00:00
[2025-11-02T11:32:52.460+0530] {processor.py:183} INFO - Processing /home/logi/txtai/venv/lib/python3.10/site-packages/airflow/example_dags/example_short_circuit_operator.py took 0.139 seconds
[2025-11-02T11:33:39.631+0530] {processor.py:161} INFO - Started process (PID=13528) to work on /home/logi/txtai/venv/lib/python3.10/site-packages/airflow/example_dags/example_short_circuit_operator.py
[2025-11-02T11:33:39.644+0530] {processor.py:830} INFO - Processing file /home/logi/txtai/venv/lib/python3.10/site-packages/airflow/example_dags/example_short_circuit_operator.py for tasks to queue
[2025-11-02T11:33:39.647+0530] {logging_mixin.py:188} INFO - [2025-11-02T11:33:39.647+0530] {dagbag.py:545} INFO - Filling up the DagBag from /home/logi/txtai/venv/lib/python3.10/site-packages/airflow/example_dags/example_short_circuit_operator.py
[2025-11-02T11:33:39.663+0530] {processor.py:840} INFO - DAG(s) 'example_short_circuit_operator' retrieved from /home/logi/txtai/venv/lib/python3.10/site-packages/airflow/example_dags/example_short_circuit_operator.py
[2025-11-02T11:33:39.697+0530] {logging_mixin.py:188} INFO - [2025-11-02T11:33:39.697+0530] {dag.py:3089} INFO - Sync 1 DAGs
[2025-11-02T11:33:39.726+0530] {logging_mixin.py:188} INFO - [2025-11-02T11:33:39.725+0530] {dag.py:3947} INFO - Setting next_dagrun for example_short_circuit_operator to 2025-11-01 00:00:00+00:00, run_after=2025-11-02 00:00:00+00:00
[2025-11-02T11:33:39.745+0530] {processor.py:183} INFO - Processing /home/logi/txtai/venv/lib/python3.10/site-packages/airflow/example_dags/example_short_circuit_operator.py took 0.125 seconds
[2025-11-02T11:34:27.240+0530] {processor.py:161} INFO - Started process (PID=13600) to work on /home/logi/txtai/venv/lib/python3.10/site-packages/airflow/example_dags/example_short_circuit_operator.py
[2025-11-02T11:34:27.252+0530] {processor.py:830} INFO - Processing file /home/logi/txtai/venv/lib/python3.10/site-packages/airflow/example_dags/example_short_circuit_operator.py for tasks to queue
[2025-11-02T11:34:27.256+0530] {logging_mixin.py:188} INFO - [2025-11-02T11:34:27.255+0530] {dagbag.py:545} INFO - Filling up the DagBag from /home/logi/txtai/venv/lib/python3.10/site-packages/airflow/example_dags/example_short_circuit_operator.py
[2025-11-02T11:34:27.265+0530] {processor.py:840} INFO - DAG(s) 'example_short_circuit_operator' retrieved from /home/logi/txtai/venv/lib/python3.10/site-packages/airflow/example_dags/example_short_circuit_operator.py
[2025-11-02T11:34:27.284+0530] {logging_mixin.py:188} INFO - [2025-11-02T11:34:27.283+0530] {dag.py:3089} INFO - Sync 1 DAGs
[2025-11-02T11:34:27.305+0530] {logging_mixin.py:188} INFO - [2025-11-02T11:34:27.304+0530] {dag.py:3947} INFO - Setting next_dagrun for example_short_circuit_operator to 2025-11-01 00:00:00+00:00, run_after=2025-11-02 00:00:00+00:00
[2025-11-02T11:34:27.334+0530] {processor.py:183} INFO - Processing /home/logi/txtai/venv/lib/python3.10/site-packages/airflow/example_dags/example_short_circuit_operator.py took 0.106 seconds
[2025-11-02T11:35:18.741+0530] {processor.py:161} INFO - Started process (PID=13704) to work on /home/logi/txtai/venv/lib/python3.10/site-packages/airflow/example_dags/example_short_circuit_operator.py
[2025-11-02T11:35:18.754+0530] {processor.py:830} INFO - Processing file /home/logi/txtai/venv/lib/python3.10/site-packages/airflow/example_dags/example_short_circuit_operator.py for tasks to queue
[2025-11-02T11:35:18.757+0530] {logging_mixin.py:188} INFO - [2025-11-02T11:35:18.756+0530] {dagbag.py:545} INFO - Filling up the DagBag from /home/logi/txtai/venv/lib/python3.10/site-packages/airflow/example_dags/example_short_circuit_operator.py
[2025-11-02T11:35:18.770+0530] {processor.py:840} INFO - DAG(s) 'example_short_circuit_operator' retrieved from /home/logi/txtai/venv/lib/python3.10/site-packages/airflow/example_dags/example_short_circuit_operator.py
[2025-11-02T11:35:18.802+0530] {logging_mixin.py:188} INFO - [2025-11-02T11:35:18.802+0530] {dag.py:3089} INFO - Sync 1 DAGs
[2025-11-02T11:35:18.824+0530] {logging_mixin.py:188} INFO - [2025-11-02T11:35:18.824+0530] {dag.py:3947} INFO - Setting next_dagrun for example_short_circuit_operator to 2025-11-01 00:00:00+00:00, run_after=2025-11-02 00:00:00+00:00
[2025-11-02T11:35:18.843+0530] {processor.py:183} INFO - Processing /home/logi/txtai/venv/lib/python3.10/site-packages/airflow/example_dags/example_short_circuit_operator.py took 0.114 seconds
[2025-11-02T11:36:09.903+0530] {processor.py:161} INFO - Started process (PID=13797) to work on /home/logi/txtai/venv/lib/python3.10/site-packages/airflow/example_dags/example_short_circuit_operator.py
[2025-11-02T11:36:09.907+0530] {processor.py:830} INFO - Processing file /home/logi/txtai/venv/lib/python3.10/site-packages/airflow/example_dags/example_short_circuit_operator.py for tasks to queue
[2025-11-02T11:36:09.912+0530] {logging_mixin.py:188} INFO - [2025-11-02T11:36:09.910+0530] {dagbag.py:545} INFO - Filling up the DagBag from /home/logi/txtai/venv/lib/python3.10/site-packages/airflow/example_dags/example_short_circuit_operator.py
[2025-11-02T11:36:09.933+0530] {processor.py:840} INFO - DAG(s) 'example_short_circuit_operator' retrieved from /home/logi/txtai/venv/lib/python3.10/site-packages/airflow/example_dags/example_short_circuit_operator.py
[2025-11-02T11:36:09.953+0530] {logging_mixin.py:188} INFO - [2025-11-02T11:36:09.952+0530] {dag.py:3089} INFO - Sync 1 DAGs
[2025-11-02T11:36:09.976+0530] {logging_mixin.py:188} INFO - [2025-11-02T11:36:09.975+0530] {dag.py:3947} INFO - Setting next_dagrun for example_short_circuit_operator to 2025-11-01 00:00:00+00:00, run_after=2025-11-02 00:00:00+00:00
[2025-11-02T11:36:09.993+0530] {processor.py:183} INFO - Processing /home/logi/txtai/venv/lib/python3.10/site-packages/airflow/example_dags/example_short_circuit_operator.py took 0.106 seconds
[2025-11-02T11:37:02.760+0530] {processor.py:161} INFO - Started process (PID=13873) to work on /home/logi/txtai/venv/lib/python3.10/site-packages/airflow/example_dags/example_short_circuit_operator.py
[2025-11-02T11:37:02.773+0530] {processor.py:830} INFO - Processing file /home/logi/txtai/venv/lib/python3.10/site-packages/airflow/example_dags/example_short_circuit_operator.py for tasks to queue
[2025-11-02T11:37:02.776+0530] {logging_mixin.py:188} INFO - [2025-11-02T11:37:02.776+0530] {dagbag.py:545} INFO - Filling up the DagBag from /home/logi/txtai/venv/lib/python3.10/site-packages/airflow/example_dags/example_short_circuit_operator.py
[2025-11-02T11:37:02.789+0530] {processor.py:840} INFO - DAG(s) 'example_short_circuit_operator' retrieved from /home/logi/txtai/venv/lib/python3.10/site-packages/airflow/example_dags/example_short_circuit_operator.py
[2025-11-02T11:37:02.822+0530] {logging_mixin.py:188} INFO - [2025-11-02T11:37:02.822+0530] {dag.py:3089} INFO - Sync 1 DAGs
[2025-11-02T11:37:02.838+0530] {logging_mixin.py:188} INFO - [2025-11-02T11:37:02.838+0530] {dag.py:3947} INFO - Setting next_dagrun for example_short_circuit_operator to 2025-11-01 00:00:00+00:00, run_after=2025-11-02 00:00:00+00:00
[2025-11-02T11:37:02.865+0530] {processor.py:183} INFO - Processing /home/logi/txtai/venv/lib/python3.10/site-packages/airflow/example_dags/example_short_circuit_operator.py took 0.117 seconds
[2025-11-02T11:37:54.763+0530] {processor.py:161} INFO - Started process (PID=13947) to work on /home/logi/txtai/venv/lib/python3.10/site-packages/airflow/example_dags/example_short_circuit_operator.py
[2025-11-02T11:37:54.776+0530] {processor.py:830} INFO - Processing file /home/logi/txtai/venv/lib/python3.10/site-packages/airflow/example_dags/example_short_circuit_operator.py for tasks to queue
[2025-11-02T11:37:54.779+0530] {logging_mixin.py:188} INFO - [2025-11-02T11:37:54.778+0530] {dagbag.py:545} INFO - Filling up the DagBag from /home/logi/txtai/venv/lib/python3.10/site-packages/airflow/example_dags/example_short_circuit_operator.py
[2025-11-02T11:37:54.786+0530] {processor.py:840} INFO - DAG(s) 'example_short_circuit_operator' retrieved from /home/logi/txtai/venv/lib/python3.10/site-packages/airflow/example_dags/example_short_circuit_operator.py
[2025-11-02T11:37:54.809+0530] {logging_mixin.py:188} INFO - [2025-11-02T11:37:54.809+0530] {dag.py:3089} INFO - Sync 1 DAGs
[2025-11-02T11:37:54.832+0530] {logging_mixin.py:188} INFO - [2025-11-02T11:37:54.832+0530] {dag.py:3947} INFO - Setting next_dagrun for example_short_circuit_operator to 2025-11-01 00:00:00+00:00, run_after=2025-11-02 00:00:00+00:00
[2025-11-02T11:37:54.852+0530] {processor.py:183} INFO - Processing /home/logi/txtai/venv/lib/python3.10/site-packages/airflow/example_dags/example_short_circuit_operator.py took 0.095 seconds
[2025-11-02T11:38:46.831+0530] {processor.py:161} INFO - Started process (PID=14021) to work on /home/logi/txtai/venv/lib/python3.10/site-packages/airflow/example_dags/example_short_circuit_operator.py
[2025-11-02T11:38:46.844+0530] {processor.py:830} INFO - Processing file /home/logi/txtai/venv/lib/python3.10/site-packages/airflow/example_dags/example_short_circuit_operator.py for tasks to queue
[2025-11-02T11:38:46.846+0530] {logging_mixin.py:188} INFO - [2025-11-02T11:38:46.846+0530] {dagbag.py:545} INFO - Filling up the DagBag from /home/logi/txtai/venv/lib/python3.10/site-packages/airflow/example_dags/example_short_circuit_operator.py
[2025-11-02T11:38:46.856+0530] {processor.py:840} INFO - DAG(s) 'example_short_circuit_operator' retrieved from /home/logi/txtai/venv/lib/python3.10/site-packages/airflow/example_dags/example_short_circuit_operator.py
[2025-11-02T11:38:46.878+0530] {logging_mixin.py:188} INFO - [2025-11-02T11:38:46.878+0530] {dag.py:3089} INFO - Sync 1 DAGs
[2025-11-02T11:38:46.898+0530] {logging_mixin.py:188} INFO - [2025-11-02T11:38:46.898+0530] {dag.py:3947} INFO - Setting next_dagrun for example_short_circuit_operator to 2025-11-01 00:00:00+00:00, run_after=2025-11-02 00:00:00+00:00
[2025-11-02T11:38:46.921+0530] {processor.py:183} INFO - Processing /home/logi/txtai/venv/lib/python3.10/site-packages/airflow/example_dags/example_short_circuit_operator.py took 0.100 seconds
[2025-11-02T11:39:35.571+0530] {processor.py:161} INFO - Started process (PID=14093) to work on /home/logi/txtai/venv/lib/python3.10/site-packages/airflow/example_dags/example_short_circuit_operator.py
[2025-11-02T11:39:35.584+0530] {processor.py:830} INFO - Processing file /home/logi/txtai/venv/lib/python3.10/site-packages/airflow/example_dags/example_short_circuit_operator.py for tasks to queue
[2025-11-02T11:39:35.588+0530] {logging_mixin.py:188} INFO - [2025-11-02T11:39:35.587+0530] {dagbag.py:545} INFO - Filling up the DagBag from /home/logi/txtai/venv/lib/python3.10/site-packages/airflow/example_dags/example_short_circuit_operator.py
[2025-11-02T11:39:35.600+0530] {processor.py:840} INFO - DAG(s) 'example_short_circuit_operator' retrieved from /home/logi/txtai/venv/lib/python3.10/site-packages/airflow/example_dags/example_short_circuit_operator.py
[2025-11-02T11:39:35.632+0530] {logging_mixin.py:188} INFO - [2025-11-02T11:39:35.632+0530] {dag.py:3089} INFO - Sync 1 DAGs
[2025-11-02T11:39:35.650+0530] {logging_mixin.py:188} INFO - [2025-11-02T11:39:35.650+0530] {dag.py:3947} INFO - Setting next_dagrun for example_short_circuit_operator to 2025-11-01 00:00:00+00:00, run_after=2025-11-02 00:00:00+00:00
[2025-11-02T11:39:35.668+0530] {processor.py:183} INFO - Processing /home/logi/txtai/venv/lib/python3.10/site-packages/airflow/example_dags/example_short_circuit_operator.py took 0.108 seconds
[2025-11-02T11:40:26.307+0530] {processor.py:161} INFO - Started process (PID=14199) to work on /home/logi/txtai/venv/lib/python3.10/site-packages/airflow/example_dags/example_short_circuit_operator.py
[2025-11-02T11:40:26.320+0530] {processor.py:830} INFO - Processing file /home/logi/txtai/venv/lib/python3.10/site-packages/airflow/example_dags/example_short_circuit_operator.py for tasks to queue
[2025-11-02T11:40:26.323+0530] {logging_mixin.py:188} INFO - [2025-11-02T11:40:26.322+0530] {dagbag.py:545} INFO - Filling up the DagBag from /home/logi/txtai/venv/lib/python3.10/site-packages/airflow/example_dags/example_short_circuit_operator.py
[2025-11-02T11:40:26.331+0530] {processor.py:840} INFO - DAG(s) 'example_short_circuit_operator' retrieved from /home/logi/txtai/venv/lib/python3.10/site-packages/airflow/example_dags/example_short_circuit_operator.py
[2025-11-02T11:40:26.347+0530] {logging_mixin.py:188} INFO - [2025-11-02T11:40:26.347+0530] {dag.py:3089} INFO - Sync 1 DAGs
[2025-11-02T11:40:26.364+0530] {logging_mixin.py:188} INFO - [2025-11-02T11:40:26.364+0530] {dag.py:3947} INFO - Setting next_dagrun for example_short_circuit_operator to 2025-11-01 00:00:00+00:00, run_after=2025-11-02 00:00:00+00:00
[2025-11-02T11:40:26.384+0530] {processor.py:183} INFO - Processing /home/logi/txtai/venv/lib/python3.10/site-packages/airflow/example_dags/example_short_circuit_operator.py took 0.083 seconds
[2025-11-02T11:41:18.203+0530] {processor.py:161} INFO - Started process (PID=14272) to work on /home/logi/txtai/venv/lib/python3.10/site-packages/airflow/example_dags/example_short_circuit_operator.py
[2025-11-02T11:41:18.218+0530] {processor.py:830} INFO - Processing file /home/logi/txtai/venv/lib/python3.10/site-packages/airflow/example_dags/example_short_circuit_operator.py for tasks to queue
[2025-11-02T11:41:18.223+0530] {logging_mixin.py:188} INFO - [2025-11-02T11:41:18.222+0530] {dagbag.py:545} INFO - Filling up the DagBag from /home/logi/txtai/venv/lib/python3.10/site-packages/airflow/example_dags/example_short_circuit_operator.py
[2025-11-02T11:41:18.237+0530] {processor.py:840} INFO - DAG(s) 'example_short_circuit_operator' retrieved from /home/logi/txtai/venv/lib/python3.10/site-packages/airflow/example_dags/example_short_circuit_operator.py
[2025-11-02T11:41:18.269+0530] {logging_mixin.py:188} INFO - [2025-11-02T11:41:18.269+0530] {dag.py:3089} INFO - Sync 1 DAGs
[2025-11-02T11:41:18.285+0530] {logging_mixin.py:188} INFO - [2025-11-02T11:41:18.284+0530] {dag.py:3947} INFO - Setting next_dagrun for example_short_circuit_operator to 2025-11-01 00:00:00+00:00, run_after=2025-11-02 00:00:00+00:00
[2025-11-02T11:41:18.311+0530] {processor.py:183} INFO - Processing /home/logi/txtai/venv/lib/python3.10/site-packages/airflow/example_dags/example_short_circuit_operator.py took 0.121 seconds
[2025-11-02T11:42:09.783+0530] {processor.py:161} INFO - Started process (PID=14346) to work on /home/logi/txtai/venv/lib/python3.10/site-packages/airflow/example_dags/example_short_circuit_operator.py
[2025-11-02T11:42:09.796+0530] {processor.py:830} INFO - Processing file /home/logi/txtai/venv/lib/python3.10/site-packages/airflow/example_dags/example_short_circuit_operator.py for tasks to queue
[2025-11-02T11:42:09.799+0530] {logging_mixin.py:188} INFO - [2025-11-02T11:42:09.798+0530] {dagbag.py:545} INFO - Filling up the DagBag from /home/logi/txtai/venv/lib/python3.10/site-packages/airflow/example_dags/example_short_circuit_operator.py
[2025-11-02T11:42:09.807+0530] {processor.py:840} INFO - DAG(s) 'example_short_circuit_operator' retrieved from /home/logi/txtai/venv/lib/python3.10/site-packages/airflow/example_dags/example_short_circuit_operator.py
[2025-11-02T11:42:09.826+0530] {logging_mixin.py:188} INFO - [2025-11-02T11:42:09.826+0530] {dag.py:3089} INFO - Sync 1 DAGs
[2025-11-02T11:42:09.843+0530] {logging_mixin.py:188} INFO - [2025-11-02T11:42:09.843+0530] {dag.py:3947} INFO - Setting next_dagrun for example_short_circuit_operator to 2025-11-01 00:00:00+00:00, run_after=2025-11-02 00:00:00+00:00
[2025-11-02T11:42:09.866+0530] {processor.py:183} INFO - Processing /home/logi/txtai/venv/lib/python3.10/site-packages/airflow/example_dags/example_short_circuit_operator.py took 0.093 seconds
[2025-11-02T11:43:02.519+0530] {processor.py:161} INFO - Started process (PID=14420) to work on /home/logi/txtai/venv/lib/python3.10/site-packages/airflow/example_dags/example_short_circuit_operator.py
[2025-11-02T11:43:02.532+0530] {processor.py:830} INFO - Processing file /home/logi/txtai/venv/lib/python3.10/site-packages/airflow/example_dags/example_short_circuit_operator.py for tasks to queue
[2025-11-02T11:43:02.535+0530] {logging_mixin.py:188} INFO - [2025-11-02T11:43:02.534+0530] {dagbag.py:545} INFO - Filling up the DagBag from /home/logi/txtai/venv/lib/python3.10/site-packages/airflow/example_dags/example_short_circuit_operator.py
[2025-11-02T11:43:02.543+0530] {processor.py:840} INFO - DAG(s) 'example_short_circuit_operator' retrieved from /home/logi/txtai/venv/lib/python3.10/site-packages/airflow/example_dags/example_short_circuit_operator.py
[2025-11-02T11:43:02.563+0530] {logging_mixin.py:188} INFO - [2025-11-02T11:43:02.563+0530] {dag.py:3089} INFO - Sync 1 DAGs
[2025-11-02T11:43:02.580+0530] {logging_mixin.py:188} INFO - [2025-11-02T11:43:02.580+0530] {dag.py:3947} INFO - Setting next_dagrun for example_short_circuit_operator to 2025-11-01 00:00:00+00:00, run_after=2025-11-02 00:00:00+00:00
[2025-11-02T11:43:02.597+0530] {processor.py:183} INFO - Processing /home/logi/txtai/venv/lib/python3.10/site-packages/airflow/example_dags/example_short_circuit_operator.py took 0.090 seconds
[2025-11-02T11:43:46.934+0530] {processor.py:161} INFO - Started process (PID=14489) to work on /home/logi/txtai/venv/lib/python3.10/site-packages/airflow/example_dags/example_short_circuit_operator.py
[2025-11-02T11:43:46.948+0530] {processor.py:830} INFO - Processing file /home/logi/txtai/venv/lib/python3.10/site-packages/airflow/example_dags/example_short_circuit_operator.py for tasks to queue
[2025-11-02T11:43:46.951+0530] {logging_mixin.py:188} INFO - [2025-11-02T11:43:46.950+0530] {dagbag.py:545} INFO - Filling up the DagBag from /home/logi/txtai/venv/lib/python3.10/site-packages/airflow/example_dags/example_short_circuit_operator.py
[2025-11-02T11:43:46.957+0530] {processor.py:840} INFO - DAG(s) 'example_short_circuit_operator' retrieved from /home/logi/txtai/venv/lib/python3.10/site-packages/airflow/example_dags/example_short_circuit_operator.py
[2025-11-02T11:43:46.976+0530] {logging_mixin.py:188} INFO - [2025-11-02T11:43:46.976+0530] {dag.py:3089} INFO - Sync 1 DAGs
[2025-11-02T11:43:46.991+0530] {logging_mixin.py:188} INFO - [2025-11-02T11:43:46.991+0530] {dag.py:3947} INFO - Setting next_dagrun for example_short_circuit_operator to 2025-11-01 00:00:00+00:00, run_after=2025-11-02 00:00:00+00:00
[2025-11-02T11:43:47.010+0530] {processor.py:183} INFO - Processing /home/logi/txtai/venv/lib/python3.10/site-packages/airflow/example_dags/example_short_circuit_operator.py took 0.082 seconds
[2025-11-02T11:44:38.151+0530] {processor.py:161} INFO - Started process (PID=14561) to work on /home/logi/txtai/venv/lib/python3.10/site-packages/airflow/example_dags/example_short_circuit_operator.py
[2025-11-02T11:44:38.165+0530] {processor.py:830} INFO - Processing file /home/logi/txtai/venv/lib/python3.10/site-packages/airflow/example_dags/example_short_circuit_operator.py for tasks to queue
[2025-11-02T11:44:38.169+0530] {logging_mixin.py:188} INFO - [2025-11-02T11:44:38.168+0530] {dagbag.py:545} INFO - Filling up the DagBag from /home/logi/txtai/venv/lib/python3.10/site-packages/airflow/example_dags/example_short_circuit_operator.py
[2025-11-02T11:44:38.182+0530] {processor.py:840} INFO - DAG(s) 'example_short_circuit_operator' retrieved from /home/logi/txtai/venv/lib/python3.10/site-packages/airflow/example_dags/example_short_circuit_operator.py
[2025-11-02T11:44:38.213+0530] {logging_mixin.py:188} INFO - [2025-11-02T11:44:38.213+0530] {dag.py:3089} INFO - Sync 1 DAGs
[2025-11-02T11:44:38.231+0530] {logging_mixin.py:188} INFO - [2025-11-02T11:44:38.231+0530] {dag.py:3947} INFO - Setting next_dagrun for example_short_circuit_operator to 2025-11-01 00:00:00+00:00, run_after=2025-11-02 00:00:00+00:00
[2025-11-02T11:44:38.256+0530] {processor.py:183} INFO - Processing /home/logi/txtai/venv/lib/python3.10/site-packages/airflow/example_dags/example_short_circuit_operator.py took 0.116 seconds
[2025-11-02T11:45:28.887+0530] {processor.py:161} INFO - Started process (PID=14671) to work on /home/logi/txtai/venv/lib/python3.10/site-packages/airflow/example_dags/example_short_circuit_operator.py
[2025-11-02T11:45:28.900+0530] {processor.py:830} INFO - Processing file /home/logi/txtai/venv/lib/python3.10/site-packages/airflow/example_dags/example_short_circuit_operator.py for tasks to queue
[2025-11-02T11:45:28.904+0530] {logging_mixin.py:188} INFO - [2025-11-02T11:45:28.904+0530] {dagbag.py:545} INFO - Filling up the DagBag from /home/logi/txtai/venv/lib/python3.10/site-packages/airflow/example_dags/example_short_circuit_operator.py
[2025-11-02T11:45:28.919+0530] {processor.py:840} INFO - DAG(s) 'example_short_circuit_operator' retrieved from /home/logi/txtai/venv/lib/python3.10/site-packages/airflow/example_dags/example_short_circuit_operator.py
[2025-11-02T11:45:28.954+0530] {logging_mixin.py:188} INFO - [2025-11-02T11:45:28.954+0530] {dag.py:3089} INFO - Sync 1 DAGs
[2025-11-02T11:45:28.971+0530] {logging_mixin.py:188} INFO - [2025-11-02T11:45:28.971+0530] {dag.py:3947} INFO - Setting next_dagrun for example_short_circuit_operator to 2025-11-01 00:00:00+00:00, run_after=2025-11-02 00:00:00+00:00
[2025-11-02T11:45:29.136+0530] {processor.py:183} INFO - Processing /home/logi/txtai/venv/lib/python3.10/site-packages/airflow/example_dags/example_short_circuit_operator.py took 0.264 seconds
[2025-11-02T11:46:21.942+0530] {processor.py:161} INFO - Started process (PID=14746) to work on /home/logi/txtai/venv/lib/python3.10/site-packages/airflow/example_dags/example_short_circuit_operator.py
[2025-11-02T11:46:21.956+0530] {processor.py:830} INFO - Processing file /home/logi/txtai/venv/lib/python3.10/site-packages/airflow/example_dags/example_short_circuit_operator.py for tasks to queue
[2025-11-02T11:46:21.959+0530] {logging_mixin.py:188} INFO - [2025-11-02T11:46:21.958+0530] {dagbag.py:545} INFO - Filling up the DagBag from /home/logi/txtai/venv/lib/python3.10/site-packages/airflow/example_dags/example_short_circuit_operator.py
[2025-11-02T11:46:21.971+0530] {processor.py:840} INFO - DAG(s) 'example_short_circuit_operator' retrieved from /home/logi/txtai/venv/lib/python3.10/site-packages/airflow/example_dags/example_short_circuit_operator.py
[2025-11-02T11:46:21.996+0530] {logging_mixin.py:188} INFO - [2025-11-02T11:46:21.996+0530] {dag.py:3089} INFO - Sync 1 DAGs
[2025-11-02T11:46:22.012+0530] {logging_mixin.py:188} INFO - [2025-11-02T11:46:22.011+0530] {dag.py:3947} INFO - Setting next_dagrun for example_short_circuit_operator to 2025-11-01 00:00:00+00:00, run_after=2025-11-02 00:00:00+00:00
[2025-11-02T11:46:22.036+0530] {processor.py:183} INFO - Processing /home/logi/txtai/venv/lib/python3.10/site-packages/airflow/example_dags/example_short_circuit_operator.py took 0.105 seconds
[2025-11-02T11:47:14.171+0530] {processor.py:161} INFO - Started process (PID=14817) to work on /home/logi/txtai/venv/lib/python3.10/site-packages/airflow/example_dags/example_short_circuit_operator.py
[2025-11-02T11:47:14.184+0530] {processor.py:830} INFO - Processing file /home/logi/txtai/venv/lib/python3.10/site-packages/airflow/example_dags/example_short_circuit_operator.py for tasks to queue
[2025-11-02T11:47:14.187+0530] {logging_mixin.py:188} INFO - [2025-11-02T11:47:14.186+0530] {dagbag.py:545} INFO - Filling up the DagBag from /home/logi/txtai/venv/lib/python3.10/site-packages/airflow/example_dags/example_short_circuit_operator.py
[2025-11-02T11:47:14.194+0530] {processor.py:840} INFO - DAG(s) 'example_short_circuit_operator' retrieved from /home/logi/txtai/venv/lib/python3.10/site-packages/airflow/example_dags/example_short_circuit_operator.py
[2025-11-02T11:47:14.212+0530] {logging_mixin.py:188} INFO - [2025-11-02T11:47:14.212+0530] {dag.py:3089} INFO - Sync 1 DAGs
[2025-11-02T11:47:14.342+0530] {logging_mixin.py:188} INFO - [2025-11-02T11:47:14.342+0530] {dag.py:3947} INFO - Setting next_dagrun for example_short_circuit_operator to 2025-11-01 00:00:00+00:00, run_after=2025-11-02 00:00:00+00:00
[2025-11-02T11:47:14.370+0530] {processor.py:183} INFO - Processing /home/logi/txtai/venv/lib/python3.10/site-packages/airflow/example_dags/example_short_circuit_operator.py took 0.206 seconds
[2025-11-02T11:48:03.660+0530] {processor.py:161} INFO - Started process (PID=14900) to work on /home/logi/txtai/venv/lib/python3.10/site-packages/airflow/example_dags/example_short_circuit_operator.py
[2025-11-02T11:48:03.674+0530] {processor.py:830} INFO - Processing file /home/logi/txtai/venv/lib/python3.10/site-packages/airflow/example_dags/example_short_circuit_operator.py for tasks to queue
[2025-11-02T11:48:03.676+0530] {logging_mixin.py:188} INFO - [2025-11-02T11:48:03.675+0530] {dagbag.py:545} INFO - Filling up the DagBag from /home/logi/txtai/venv/lib/python3.10/site-packages/airflow/example_dags/example_short_circuit_operator.py
[2025-11-02T11:48:03.683+0530] {processor.py:840} INFO - DAG(s) 'example_short_circuit_operator' retrieved from /home/logi/txtai/venv/lib/python3.10/site-packages/airflow/example_dags/example_short_circuit_operator.py
[2025-11-02T11:48:03.702+0530] {logging_mixin.py:188} INFO - [2025-11-02T11:48:03.702+0530] {dag.py:3089} INFO - Sync 1 DAGs
[2025-11-02T11:48:03.718+0530] {logging_mixin.py:188} INFO - [2025-11-02T11:48:03.717+0530] {dag.py:3947} INFO - Setting next_dagrun for example_short_circuit_operator to 2025-11-01 00:00:00+00:00, run_after=2025-11-02 00:00:00+00:00
[2025-11-02T11:48:03.736+0530] {processor.py:183} INFO - Processing /home/logi/txtai/venv/lib/python3.10/site-packages/airflow/example_dags/example_short_circuit_operator.py took 0.081 seconds
[2025-11-02T11:48:57.337+0530] {processor.py:161} INFO - Started process (PID=14993) to work on /home/logi/txtai/venv/lib/python3.10/site-packages/airflow/example_dags/example_short_circuit_operator.py
[2025-11-02T11:48:57.350+0530] {processor.py:830} INFO - Processing file /home/logi/txtai/venv/lib/python3.10/site-packages/airflow/example_dags/example_short_circuit_operator.py for tasks to queue
[2025-11-02T11:48:57.352+0530] {logging_mixin.py:188} INFO - [2025-11-02T11:48:57.351+0530] {dagbag.py:545} INFO - Filling up the DagBag from /home/logi/txtai/venv/lib/python3.10/site-packages/airflow/example_dags/example_short_circuit_operator.py
[2025-11-02T11:48:57.359+0530] {processor.py:840} INFO - DAG(s) 'example_short_circuit_operator' retrieved from /home/logi/txtai/venv/lib/python3.10/site-packages/airflow/example_dags/example_short_circuit_operator.py
[2025-11-02T11:48:57.376+0530] {logging_mixin.py:188} INFO - [2025-11-02T11:48:57.375+0530] {dag.py:3089} INFO - Sync 1 DAGs
[2025-11-02T11:48:57.392+0530] {logging_mixin.py:188} INFO - [2025-11-02T11:48:57.392+0530] {dag.py:3947} INFO - Setting next_dagrun for example_short_circuit_operator to 2025-11-01 00:00:00+00:00, run_after=2025-11-02 00:00:00+00:00
[2025-11-02T11:48:57.412+0530] {processor.py:183} INFO - Processing /home/logi/txtai/venv/lib/python3.10/site-packages/airflow/example_dags/example_short_circuit_operator.py took 0.085 seconds
[2025-11-02T11:49:50.947+0530] {processor.py:161} INFO - Started process (PID=15076) to work on /home/logi/txtai/venv/lib/python3.10/site-packages/airflow/example_dags/example_short_circuit_operator.py
[2025-11-02T11:49:50.960+0530] {processor.py:830} INFO - Processing file /home/logi/txtai/venv/lib/python3.10/site-packages/airflow/example_dags/example_short_circuit_operator.py for tasks to queue
[2025-11-02T11:49:50.962+0530] {logging_mixin.py:188} INFO - [2025-11-02T11:49:50.962+0530] {dagbag.py:545} INFO - Filling up the DagBag from /home/logi/txtai/venv/lib/python3.10/site-packages/airflow/example_dags/example_short_circuit_operator.py
[2025-11-02T11:49:50.973+0530] {processor.py:840} INFO - DAG(s) 'example_short_circuit_operator' retrieved from /home/logi/txtai/venv/lib/python3.10/site-packages/airflow/example_dags/example_short_circuit_operator.py
[2025-11-02T11:49:50.990+0530] {logging_mixin.py:188} INFO - [2025-11-02T11:49:50.990+0530] {dag.py:3089} INFO - Sync 1 DAGs
[2025-11-02T11:49:51.007+0530] {logging_mixin.py:188} INFO - [2025-11-02T11:49:51.007+0530] {dag.py:3947} INFO - Setting next_dagrun for example_short_circuit_operator to 2025-11-01 00:00:00+00:00, run_after=2025-11-02 00:00:00+00:00
[2025-11-02T11:49:51.181+0530] {processor.py:183} INFO - Processing /home/logi/txtai/venv/lib/python3.10/site-packages/airflow/example_dags/example_short_circuit_operator.py took 0.243 seconds
[2025-11-02T11:50:45.807+0530] {processor.py:161} INFO - Started process (PID=15202) to work on /home/logi/txtai/venv/lib/python3.10/site-packages/airflow/example_dags/example_short_circuit_operator.py
[2025-11-02T11:50:45.820+0530] {processor.py:830} INFO - Processing file /home/logi/txtai/venv/lib/python3.10/site-packages/airflow/example_dags/example_short_circuit_operator.py for tasks to queue
[2025-11-02T11:50:45.823+0530] {logging_mixin.py:188} INFO - [2025-11-02T11:50:45.823+0530] {dagbag.py:545} INFO - Filling up the DagBag from /home/logi/txtai/venv/lib/python3.10/site-packages/airflow/example_dags/example_short_circuit_operator.py
[2025-11-02T11:50:45.838+0530] {processor.py:840} INFO - DAG(s) 'example_short_circuit_operator' retrieved from /home/logi/txtai/venv/lib/python3.10/site-packages/airflow/example_dags/example_short_circuit_operator.py
[2025-11-02T11:50:45.869+0530] {logging_mixin.py:188} INFO - [2025-11-02T11:50:45.868+0530] {dag.py:3089} INFO - Sync 1 DAGs
[2025-11-02T11:50:45.887+0530] {logging_mixin.py:188} INFO - [2025-11-02T11:50:45.887+0530] {dag.py:3947} INFO - Setting next_dagrun for example_short_circuit_operator to 2025-11-01 00:00:00+00:00, run_after=2025-11-02 00:00:00+00:00
[2025-11-02T11:50:45.906+0530] {processor.py:183} INFO - Processing /home/logi/txtai/venv/lib/python3.10/site-packages/airflow/example_dags/example_short_circuit_operator.py took 0.111 seconds
[2025-11-02T11:51:40.512+0530] {processor.py:161} INFO - Started process (PID=15292) to work on /home/logi/txtai/venv/lib/python3.10/site-packages/airflow/example_dags/example_short_circuit_operator.py
[2025-11-02T11:51:40.525+0530] {processor.py:830} INFO - Processing file /home/logi/txtai/venv/lib/python3.10/site-packages/airflow/example_dags/example_short_circuit_operator.py for tasks to queue
[2025-11-02T11:51:40.527+0530] {logging_mixin.py:188} INFO - [2025-11-02T11:51:40.527+0530] {dagbag.py:545} INFO - Filling up the DagBag from /home/logi/txtai/venv/lib/python3.10/site-packages/airflow/example_dags/example_short_circuit_operator.py
[2025-11-02T11:51:40.538+0530] {processor.py:840} INFO - DAG(s) 'example_short_circuit_operator' retrieved from /home/logi/txtai/venv/lib/python3.10/site-packages/airflow/example_dags/example_short_circuit_operator.py
[2025-11-02T11:51:40.556+0530] {logging_mixin.py:188} INFO - [2025-11-02T11:51:40.556+0530] {dag.py:3089} INFO - Sync 1 DAGs
[2025-11-02T11:51:40.673+0530] {logging_mixin.py:188} INFO - [2025-11-02T11:51:40.673+0530] {dag.py:3947} INFO - Setting next_dagrun for example_short_circuit_operator to 2025-11-01 00:00:00+00:00, run_after=2025-11-02 00:00:00+00:00
[2025-11-02T11:51:40.703+0530] {processor.py:183} INFO - Processing /home/logi/txtai/venv/lib/python3.10/site-packages/airflow/example_dags/example_short_circuit_operator.py took 0.199 seconds
[2025-11-02T11:52:33.622+0530] {processor.py:161} INFO - Started process (PID=15382) to work on /home/logi/txtai/venv/lib/python3.10/site-packages/airflow/example_dags/example_short_circuit_operator.py
[2025-11-02T11:52:33.638+0530] {processor.py:830} INFO - Processing file /home/logi/txtai/venv/lib/python3.10/site-packages/airflow/example_dags/example_short_circuit_operator.py for tasks to queue
[2025-11-02T11:52:33.642+0530] {logging_mixin.py:188} INFO - [2025-11-02T11:52:33.641+0530] {dagbag.py:545} INFO - Filling up the DagBag from /home/logi/txtai/venv/lib/python3.10/site-packages/airflow/example_dags/example_short_circuit_operator.py
[2025-11-02T11:52:33.656+0530] {processor.py:840} INFO - DAG(s) 'example_short_circuit_operator' retrieved from /home/logi/txtai/venv/lib/python3.10/site-packages/airflow/example_dags/example_short_circuit_operator.py
[2025-11-02T11:52:33.685+0530] {logging_mixin.py:188} INFO - [2025-11-02T11:52:33.684+0530] {dag.py:3089} INFO - Sync 1 DAGs
[2025-11-02T11:52:33.717+0530] {logging_mixin.py:188} INFO - [2025-11-02T11:52:33.716+0530] {dag.py:3947} INFO - Setting next_dagrun for example_short_circuit_operator to 2025-11-01 00:00:00+00:00, run_after=2025-11-02 00:00:00+00:00
[2025-11-02T11:52:33.907+0530] {processor.py:183} INFO - Processing /home/logi/txtai/venv/lib/python3.10/site-packages/airflow/example_dags/example_short_circuit_operator.py took 0.294 seconds
[2025-11-02T11:53:31.109+0530] {processor.py:161} INFO - Started process (PID=15470) to work on /home/logi/txtai/venv/lib/python3.10/site-packages/airflow/example_dags/example_short_circuit_operator.py
[2025-11-02T11:53:31.121+0530] {processor.py:830} INFO - Processing file /home/logi/txtai/venv/lib/python3.10/site-packages/airflow/example_dags/example_short_circuit_operator.py for tasks to queue
[2025-11-02T11:53:31.125+0530] {logging_mixin.py:188} INFO - [2025-11-02T11:53:31.124+0530] {dagbag.py:545} INFO - Filling up the DagBag from /home/logi/txtai/venv/lib/python3.10/site-packages/airflow/example_dags/example_short_circuit_operator.py
[2025-11-02T11:53:31.134+0530] {processor.py:840} INFO - DAG(s) 'example_short_circuit_operator' retrieved from /home/logi/txtai/venv/lib/python3.10/site-packages/airflow/example_dags/example_short_circuit_operator.py
[2025-11-02T11:53:31.150+0530] {logging_mixin.py:188} INFO - [2025-11-02T11:53:31.150+0530] {dag.py:3089} INFO - Sync 1 DAGs
[2025-11-02T11:53:31.165+0530] {logging_mixin.py:188} INFO - [2025-11-02T11:53:31.165+0530] {dag.py:3947} INFO - Setting next_dagrun for example_short_circuit_operator to 2025-11-01 00:00:00+00:00, run_after=2025-11-02 00:00:00+00:00
[2025-11-02T11:53:31.182+0530] {processor.py:183} INFO - Processing /home/logi/txtai/venv/lib/python3.10/site-packages/airflow/example_dags/example_short_circuit_operator.py took 0.079 seconds
[2025-11-02T11:54:24.279+0530] {processor.py:161} INFO - Started process (PID=15547) to work on /home/logi/txtai/venv/lib/python3.10/site-packages/airflow/example_dags/example_short_circuit_operator.py
[2025-11-02T11:54:24.283+0530] {processor.py:830} INFO - Processing file /home/logi/txtai/venv/lib/python3.10/site-packages/airflow/example_dags/example_short_circuit_operator.py for tasks to queue
[2025-11-02T11:54:24.287+0530] {logging_mixin.py:188} INFO - [2025-11-02T11:54:24.286+0530] {dagbag.py:545} INFO - Filling up the DagBag from /home/logi/txtai/venv/lib/python3.10/site-packages/airflow/example_dags/example_short_circuit_operator.py
[2025-11-02T11:54:24.302+0530] {processor.py:840} INFO - DAG(s) 'example_short_circuit_operator' retrieved from /home/logi/txtai/venv/lib/python3.10/site-packages/airflow/example_dags/example_short_circuit_operator.py
[2025-11-02T11:54:24.326+0530] {logging_mixin.py:188} INFO - [2025-11-02T11:54:24.325+0530] {dag.py:3089} INFO - Sync 1 DAGs
[2025-11-02T11:54:24.516+0530] {logging_mixin.py:188} INFO - [2025-11-02T11:54:24.516+0530] {dag.py:3947} INFO - Setting next_dagrun for example_short_circuit_operator to 2025-11-01 00:00:00+00:00, run_after=2025-11-02 00:00:00+00:00
[2025-11-02T11:54:24.547+0530] {processor.py:183} INFO - Processing /home/logi/txtai/venv/lib/python3.10/site-packages/airflow/example_dags/example_short_circuit_operator.py took 0.279 seconds
[2025-11-02T11:55:21.843+0530] {processor.py:161} INFO - Started process (PID=15670) to work on /home/logi/txtai/venv/lib/python3.10/site-packages/airflow/example_dags/example_short_circuit_operator.py
[2025-11-02T11:55:21.847+0530] {processor.py:830} INFO - Processing file /home/logi/txtai/venv/lib/python3.10/site-packages/airflow/example_dags/example_short_circuit_operator.py for tasks to queue
[2025-11-02T11:55:21.854+0530] {logging_mixin.py:188} INFO - [2025-11-02T11:55:21.852+0530] {dagbag.py:545} INFO - Filling up the DagBag from /home/logi/txtai/venv/lib/python3.10/site-packages/airflow/example_dags/example_short_circuit_operator.py
[2025-11-02T11:55:21.871+0530] {processor.py:840} INFO - DAG(s) 'example_short_circuit_operator' retrieved from /home/logi/txtai/venv/lib/python3.10/site-packages/airflow/example_dags/example_short_circuit_operator.py
[2025-11-02T11:55:21.901+0530] {logging_mixin.py:188} INFO - [2025-11-02T11:55:21.900+0530] {dag.py:3089} INFO - Sync 1 DAGs
[2025-11-02T11:55:21.933+0530] {logging_mixin.py:188} INFO - [2025-11-02T11:55:21.933+0530] {dag.py:3947} INFO - Setting next_dagrun for example_short_circuit_operator to 2025-11-01 00:00:00+00:00, run_after=2025-11-02 00:00:00+00:00
[2025-11-02T11:55:21.961+0530] {processor.py:183} INFO - Processing /home/logi/txtai/venv/lib/python3.10/site-packages/airflow/example_dags/example_short_circuit_operator.py took 0.135 seconds
[2025-11-02T11:56:16.009+0530] {processor.py:161} INFO - Started process (PID=15756) to work on /home/logi/txtai/venv/lib/python3.10/site-packages/airflow/example_dags/example_short_circuit_operator.py
[2025-11-02T11:56:16.010+0530] {processor.py:830} INFO - Processing file /home/logi/txtai/venv/lib/python3.10/site-packages/airflow/example_dags/example_short_circuit_operator.py for tasks to queue
[2025-11-02T11:56:16.012+0530] {logging_mixin.py:188} INFO - [2025-11-02T11:56:16.011+0530] {dagbag.py:545} INFO - Filling up the DagBag from /home/logi/txtai/venv/lib/python3.10/site-packages/airflow/example_dags/example_short_circuit_operator.py
[2025-11-02T11:56:16.023+0530] {processor.py:840} INFO - DAG(s) 'example_short_circuit_operator' retrieved from /home/logi/txtai/venv/lib/python3.10/site-packages/airflow/example_dags/example_short_circuit_operator.py
[2025-11-02T11:56:16.040+0530] {logging_mixin.py:188} INFO - [2025-11-02T11:56:16.040+0530] {dag.py:3089} INFO - Sync 1 DAGs
[2025-11-02T11:56:16.056+0530] {logging_mixin.py:188} INFO - [2025-11-02T11:56:16.056+0530] {dag.py:3947} INFO - Setting next_dagrun for example_short_circuit_operator to 2025-11-01 00:00:00+00:00, run_after=2025-11-02 00:00:00+00:00
[2025-11-02T11:56:16.073+0530] {processor.py:183} INFO - Processing /home/logi/txtai/venv/lib/python3.10/site-packages/airflow/example_dags/example_short_circuit_operator.py took 0.074 seconds
[2025-11-02T11:57:06.942+0530] {processor.py:161} INFO - Started process (PID=15855) to work on /home/logi/txtai/venv/lib/python3.10/site-packages/airflow/example_dags/example_short_circuit_operator.py
[2025-11-02T11:57:06.957+0530] {processor.py:830} INFO - Processing file /home/logi/txtai/venv/lib/python3.10/site-packages/airflow/example_dags/example_short_circuit_operator.py for tasks to queue
[2025-11-02T11:57:06.960+0530] {logging_mixin.py:188} INFO - [2025-11-02T11:57:06.959+0530] {dagbag.py:545} INFO - Filling up the DagBag from /home/logi/txtai/venv/lib/python3.10/site-packages/airflow/example_dags/example_short_circuit_operator.py
[2025-11-02T11:57:06.973+0530] {processor.py:840} INFO - DAG(s) 'example_short_circuit_operator' retrieved from /home/logi/txtai/venv/lib/python3.10/site-packages/airflow/example_dags/example_short_circuit_operator.py
[2025-11-02T11:57:07.005+0530] {logging_mixin.py:188} INFO - [2025-11-02T11:57:07.005+0530] {dag.py:3089} INFO - Sync 1 DAGs
[2025-11-02T11:57:07.023+0530] {logging_mixin.py:188} INFO - [2025-11-02T11:57:07.022+0530] {dag.py:3947} INFO - Setting next_dagrun for example_short_circuit_operator to 2025-11-01 00:00:00+00:00, run_after=2025-11-02 00:00:00+00:00
[2025-11-02T11:57:07.043+0530] {processor.py:183} INFO - Processing /home/logi/txtai/venv/lib/python3.10/site-packages/airflow/example_dags/example_short_circuit_operator.py took 0.113 seconds
[2025-11-02T11:57:58.432+0530] {processor.py:161} INFO - Started process (PID=15942) to work on /home/logi/txtai/venv/lib/python3.10/site-packages/airflow/example_dags/example_short_circuit_operator.py
[2025-11-02T11:57:58.444+0530] {processor.py:830} INFO - Processing file /home/logi/txtai/venv/lib/python3.10/site-packages/airflow/example_dags/example_short_circuit_operator.py for tasks to queue
[2025-11-02T11:57:58.447+0530] {logging_mixin.py:188} INFO - [2025-11-02T11:57:58.447+0530] {dagbag.py:545} INFO - Filling up the DagBag from /home/logi/txtai/venv/lib/python3.10/site-packages/airflow/example_dags/example_short_circuit_operator.py
[2025-11-02T11:57:58.457+0530] {processor.py:840} INFO - DAG(s) 'example_short_circuit_operator' retrieved from /home/logi/txtai/venv/lib/python3.10/site-packages/airflow/example_dags/example_short_circuit_operator.py
[2025-11-02T11:57:58.474+0530] {logging_mixin.py:188} INFO - [2025-11-02T11:57:58.474+0530] {dag.py:3089} INFO - Sync 1 DAGs
[2025-11-02T11:57:58.491+0530] {logging_mixin.py:188} INFO - [2025-11-02T11:57:58.491+0530] {dag.py:3947} INFO - Setting next_dagrun for example_short_circuit_operator to 2025-11-01 00:00:00+00:00, run_after=2025-11-02 00:00:00+00:00
[2025-11-02T11:57:58.511+0530] {processor.py:183} INFO - Processing /home/logi/txtai/venv/lib/python3.10/site-packages/airflow/example_dags/example_short_circuit_operator.py took 0.086 seconds
[2025-11-02T11:58:49.636+0530] {processor.py:161} INFO - Started process (PID=16016) to work on /home/logi/txtai/venv/lib/python3.10/site-packages/airflow/example_dags/example_short_circuit_operator.py
[2025-11-02T11:58:49.649+0530] {processor.py:830} INFO - Processing file /home/logi/txtai/venv/lib/python3.10/site-packages/airflow/example_dags/example_short_circuit_operator.py for tasks to queue
[2025-11-02T11:58:49.652+0530] {logging_mixin.py:188} INFO - [2025-11-02T11:58:49.652+0530] {dagbag.py:545} INFO - Filling up the DagBag from /home/logi/txtai/venv/lib/python3.10/site-packages/airflow/example_dags/example_short_circuit_operator.py
[2025-11-02T11:58:49.665+0530] {processor.py:840} INFO - DAG(s) 'example_short_circuit_operator' retrieved from /home/logi/txtai/venv/lib/python3.10/site-packages/airflow/example_dags/example_short_circuit_operator.py
[2025-11-02T11:58:49.697+0530] {logging_mixin.py:188} INFO - [2025-11-02T11:58:49.696+0530] {dag.py:3089} INFO - Sync 1 DAGs
[2025-11-02T11:58:49.714+0530] {logging_mixin.py:188} INFO - [2025-11-02T11:58:49.714+0530] {dag.py:3947} INFO - Setting next_dagrun for example_short_circuit_operator to 2025-11-01 00:00:00+00:00, run_after=2025-11-02 00:00:00+00:00
[2025-11-02T11:58:49.741+0530] {processor.py:183} INFO - Processing /home/logi/txtai/venv/lib/python3.10/site-packages/airflow/example_dags/example_short_circuit_operator.py took 0.117 seconds
[2025-11-02T11:59:40.604+0530] {processor.py:161} INFO - Started process (PID=16105) to work on /home/logi/txtai/venv/lib/python3.10/site-packages/airflow/example_dags/example_short_circuit_operator.py
[2025-11-02T11:59:40.617+0530] {processor.py:830} INFO - Processing file /home/logi/txtai/venv/lib/python3.10/site-packages/airflow/example_dags/example_short_circuit_operator.py for tasks to queue
[2025-11-02T11:59:40.620+0530] {logging_mixin.py:188} INFO - [2025-11-02T11:59:40.619+0530] {dagbag.py:545} INFO - Filling up the DagBag from /home/logi/txtai/venv/lib/python3.10/site-packages/airflow/example_dags/example_short_circuit_operator.py
[2025-11-02T11:59:40.633+0530] {processor.py:840} INFO - DAG(s) 'example_short_circuit_operator' retrieved from /home/logi/txtai/venv/lib/python3.10/site-packages/airflow/example_dags/example_short_circuit_operator.py
[2025-11-02T11:59:40.668+0530] {logging_mixin.py:188} INFO - [2025-11-02T11:59:40.668+0530] {dag.py:3089} INFO - Sync 1 DAGs
[2025-11-02T11:59:40.685+0530] {logging_mixin.py:188} INFO - [2025-11-02T11:59:40.685+0530] {dag.py:3947} INFO - Setting next_dagrun for example_short_circuit_operator to 2025-11-01 00:00:00+00:00, run_after=2025-11-02 00:00:00+00:00
[2025-11-02T11:59:40.705+0530] {processor.py:183} INFO - Processing /home/logi/txtai/venv/lib/python3.10/site-packages/airflow/example_dags/example_short_circuit_operator.py took 0.112 seconds
[2025-11-02T12:00:33.138+0530] {processor.py:161} INFO - Started process (PID=16234) to work on /home/logi/txtai/venv/lib/python3.10/site-packages/airflow/example_dags/example_short_circuit_operator.py
[2025-11-02T12:00:33.151+0530] {processor.py:830} INFO - Processing file /home/logi/txtai/venv/lib/python3.10/site-packages/airflow/example_dags/example_short_circuit_operator.py for tasks to queue
[2025-11-02T12:00:33.154+0530] {logging_mixin.py:188} INFO - [2025-11-02T12:00:33.154+0530] {dagbag.py:545} INFO - Filling up the DagBag from /home/logi/txtai/venv/lib/python3.10/site-packages/airflow/example_dags/example_short_circuit_operator.py
[2025-11-02T12:00:33.167+0530] {processor.py:840} INFO - DAG(s) 'example_short_circuit_operator' retrieved from /home/logi/txtai/venv/lib/python3.10/site-packages/airflow/example_dags/example_short_circuit_operator.py
[2025-11-02T12:00:33.198+0530] {logging_mixin.py:188} INFO - [2025-11-02T12:00:33.198+0530] {dag.py:3089} INFO - Sync 1 DAGs
[2025-11-02T12:00:33.216+0530] {logging_mixin.py:188} INFO - [2025-11-02T12:00:33.216+0530] {dag.py:3947} INFO - Setting next_dagrun for example_short_circuit_operator to 2025-11-01 00:00:00+00:00, run_after=2025-11-02 00:00:00+00:00
[2025-11-02T12:00:33.244+0530] {processor.py:183} INFO - Processing /home/logi/txtai/venv/lib/python3.10/site-packages/airflow/example_dags/example_short_circuit_operator.py took 0.118 seconds
[2025-11-02T12:01:27.471+0530] {processor.py:161} INFO - Started process (PID=16312) to work on /home/logi/txtai/venv/lib/python3.10/site-packages/airflow/example_dags/example_short_circuit_operator.py
[2025-11-02T12:01:27.485+0530] {processor.py:830} INFO - Processing file /home/logi/txtai/venv/lib/python3.10/site-packages/airflow/example_dags/example_short_circuit_operator.py for tasks to queue
[2025-11-02T12:01:27.488+0530] {logging_mixin.py:188} INFO - [2025-11-02T12:01:27.488+0530] {dagbag.py:545} INFO - Filling up the DagBag from /home/logi/txtai/venv/lib/python3.10/site-packages/airflow/example_dags/example_short_circuit_operator.py
[2025-11-02T12:01:27.502+0530] {processor.py:840} INFO - DAG(s) 'example_short_circuit_operator' retrieved from /home/logi/txtai/venv/lib/python3.10/site-packages/airflow/example_dags/example_short_circuit_operator.py
[2025-11-02T12:01:27.534+0530] {logging_mixin.py:188} INFO - [2025-11-02T12:01:27.534+0530] {dag.py:3089} INFO - Sync 1 DAGs
[2025-11-02T12:01:27.552+0530] {logging_mixin.py:188} INFO - [2025-11-02T12:01:27.551+0530] {dag.py:3947} INFO - Setting next_dagrun for example_short_circuit_operator to 2025-11-01 00:00:00+00:00, run_after=2025-11-02 00:00:00+00:00
[2025-11-02T12:01:27.579+0530] {processor.py:183} INFO - Processing /home/logi/txtai/venv/lib/python3.10/site-packages/airflow/example_dags/example_short_circuit_operator.py took 0.120 seconds
[2025-11-02T12:02:19.326+0530] {processor.py:161} INFO - Started process (PID=16392) to work on /home/logi/txtai/venv/lib/python3.10/site-packages/airflow/example_dags/example_short_circuit_operator.py
[2025-11-02T12:02:19.338+0530] {processor.py:830} INFO - Processing file /home/logi/txtai/venv/lib/python3.10/site-packages/airflow/example_dags/example_short_circuit_operator.py for tasks to queue
[2025-11-02T12:02:19.341+0530] {logging_mixin.py:188} INFO - [2025-11-02T12:02:19.340+0530] {dagbag.py:545} INFO - Filling up the DagBag from /home/logi/txtai/venv/lib/python3.10/site-packages/airflow/example_dags/example_short_circuit_operator.py
[2025-11-02T12:02:19.348+0530] {processor.py:840} INFO - DAG(s) 'example_short_circuit_operator' retrieved from /home/logi/txtai/venv/lib/python3.10/site-packages/airflow/example_dags/example_short_circuit_operator.py
[2025-11-02T12:02:19.366+0530] {logging_mixin.py:188} INFO - [2025-11-02T12:02:19.365+0530] {dag.py:3089} INFO - Sync 1 DAGs
[2025-11-02T12:02:19.382+0530] {logging_mixin.py:188} INFO - [2025-11-02T12:02:19.382+0530] {dag.py:3947} INFO - Setting next_dagrun for example_short_circuit_operator to 2025-11-01 00:00:00+00:00, run_after=2025-11-02 00:00:00+00:00
[2025-11-02T12:02:19.404+0530] {processor.py:183} INFO - Processing /home/logi/txtai/venv/lib/python3.10/site-packages/airflow/example_dags/example_short_circuit_operator.py took 0.085 seconds
[2025-11-02T12:03:06.256+0530] {processor.py:161} INFO - Started process (PID=16464) to work on /home/logi/txtai/venv/lib/python3.10/site-packages/airflow/example_dags/example_short_circuit_operator.py
[2025-11-02T12:03:06.269+0530] {processor.py:830} INFO - Processing file /home/logi/txtai/venv/lib/python3.10/site-packages/airflow/example_dags/example_short_circuit_operator.py for tasks to queue
[2025-11-02T12:03:06.272+0530] {logging_mixin.py:188} INFO - [2025-11-02T12:03:06.272+0530] {dagbag.py:545} INFO - Filling up the DagBag from /home/logi/txtai/venv/lib/python3.10/site-packages/airflow/example_dags/example_short_circuit_operator.py
[2025-11-02T12:03:06.287+0530] {processor.py:840} INFO - DAG(s) 'example_short_circuit_operator' retrieved from /home/logi/txtai/venv/lib/python3.10/site-packages/airflow/example_dags/example_short_circuit_operator.py
[2025-11-02T12:03:06.319+0530] {logging_mixin.py:188} INFO - [2025-11-02T12:03:06.318+0530] {dag.py:3089} INFO - Sync 1 DAGs
[2025-11-02T12:03:06.337+0530] {logging_mixin.py:188} INFO - [2025-11-02T12:03:06.336+0530] {dag.py:3947} INFO - Setting next_dagrun for example_short_circuit_operator to 2025-11-01 00:00:00+00:00, run_after=2025-11-02 00:00:00+00:00
[2025-11-02T12:03:06.357+0530] {processor.py:183} INFO - Processing /home/logi/txtai/venv/lib/python3.10/site-packages/airflow/example_dags/example_short_circuit_operator.py took 0.112 seconds
[2025-11-02T12:03:57.031+0530] {processor.py:161} INFO - Started process (PID=16535) to work on /home/logi/txtai/venv/lib/python3.10/site-packages/airflow/example_dags/example_short_circuit_operator.py
[2025-11-02T12:03:57.046+0530] {processor.py:830} INFO - Processing file /home/logi/txtai/venv/lib/python3.10/site-packages/airflow/example_dags/example_short_circuit_operator.py for tasks to queue
[2025-11-02T12:03:57.049+0530] {logging_mixin.py:188} INFO - [2025-11-02T12:03:57.048+0530] {dagbag.py:545} INFO - Filling up the DagBag from /home/logi/txtai/venv/lib/python3.10/site-packages/airflow/example_dags/example_short_circuit_operator.py
[2025-11-02T12:03:57.062+0530] {processor.py:840} INFO - DAG(s) 'example_short_circuit_operator' retrieved from /home/logi/txtai/venv/lib/python3.10/site-packages/airflow/example_dags/example_short_circuit_operator.py
[2025-11-02T12:03:57.095+0530] {logging_mixin.py:188} INFO - [2025-11-02T12:03:57.094+0530] {dag.py:3089} INFO - Sync 1 DAGs
[2025-11-02T12:03:57.126+0530] {logging_mixin.py:188} INFO - [2025-11-02T12:03:57.125+0530] {dag.py:3947} INFO - Setting next_dagrun for example_short_circuit_operator to 2025-11-01 00:00:00+00:00, run_after=2025-11-02 00:00:00+00:00
[2025-11-02T12:03:57.153+0530] {processor.py:183} INFO - Processing /home/logi/txtai/venv/lib/python3.10/site-packages/airflow/example_dags/example_short_circuit_operator.py took 0.133 seconds
[2025-11-02T12:04:50.604+0530] {processor.py:161} INFO - Started process (PID=16872) to work on /home/logi/txtai/venv/lib/python3.10/site-packages/airflow/example_dags/example_short_circuit_operator.py
[2025-11-02T12:04:50.619+0530] {processor.py:830} INFO - Processing file /home/logi/txtai/venv/lib/python3.10/site-packages/airflow/example_dags/example_short_circuit_operator.py for tasks to queue
[2025-11-02T12:04:50.623+0530] {logging_mixin.py:188} INFO - [2025-11-02T12:04:50.621+0530] {dagbag.py:545} INFO - Filling up the DagBag from /home/logi/txtai/venv/lib/python3.10/site-packages/airflow/example_dags/example_short_circuit_operator.py
[2025-11-02T12:04:50.640+0530] {processor.py:840} INFO - DAG(s) 'example_short_circuit_operator' retrieved from /home/logi/txtai/venv/lib/python3.10/site-packages/airflow/example_dags/example_short_circuit_operator.py
[2025-11-02T12:04:50.674+0530] {logging_mixin.py:188} INFO - [2025-11-02T12:04:50.673+0530] {dag.py:3089} INFO - Sync 1 DAGs
[2025-11-02T12:04:50.699+0530] {logging_mixin.py:188} INFO - [2025-11-02T12:04:50.699+0530] {dag.py:3947} INFO - Setting next_dagrun for example_short_circuit_operator to 2025-11-01 00:00:00+00:00, run_after=2025-11-02 00:00:00+00:00
[2025-11-02T12:04:50.729+0530] {processor.py:183} INFO - Processing /home/logi/txtai/venv/lib/python3.10/site-packages/airflow/example_dags/example_short_circuit_operator.py took 0.148 seconds
[2025-11-02T12:05:46.495+0530] {processor.py:161} INFO - Started process (PID=17219) to work on /home/logi/txtai/venv/lib/python3.10/site-packages/airflow/example_dags/example_short_circuit_operator.py
[2025-11-02T12:05:46.508+0530] {processor.py:830} INFO - Processing file /home/logi/txtai/venv/lib/python3.10/site-packages/airflow/example_dags/example_short_circuit_operator.py for tasks to queue
[2025-11-02T12:05:46.512+0530] {logging_mixin.py:188} INFO - [2025-11-02T12:05:46.511+0530] {dagbag.py:545} INFO - Filling up the DagBag from /home/logi/txtai/venv/lib/python3.10/site-packages/airflow/example_dags/example_short_circuit_operator.py
[2025-11-02T12:05:46.524+0530] {processor.py:840} INFO - DAG(s) 'example_short_circuit_operator' retrieved from /home/logi/txtai/venv/lib/python3.10/site-packages/airflow/example_dags/example_short_circuit_operator.py
[2025-11-02T12:05:46.556+0530] {logging_mixin.py:188} INFO - [2025-11-02T12:05:46.556+0530] {dag.py:3089} INFO - Sync 1 DAGs
[2025-11-02T12:05:46.574+0530] {logging_mixin.py:188} INFO - [2025-11-02T12:05:46.574+0530] {dag.py:3947} INFO - Setting next_dagrun for example_short_circuit_operator to 2025-11-01 00:00:00+00:00, run_after=2025-11-02 00:00:00+00:00
[2025-11-02T12:05:46.601+0530] {processor.py:183} INFO - Processing /home/logi/txtai/venv/lib/python3.10/site-packages/airflow/example_dags/example_short_circuit_operator.py took 0.118 seconds
