[2025-11-02T10:30:28.588+0530] {processor.py:161} INFO - Started process (PID=5927) to work on /home/logi/txtai/venv/lib/python3.10/site-packages/airflow/example_dags/example_trigger_target_dag.py
[2025-11-02T10:30:28.590+0530] {processor.py:830} INFO - Processing file /home/logi/txtai/venv/lib/python3.10/site-packages/airflow/example_dags/example_trigger_target_dag.py for tasks to queue
[2025-11-02T10:30:28.593+0530] {logging_mixin.py:188} INFO - [2025-11-02T10:30:28.592+0530] {dagbag.py:545} INFO - Filling up the DagBag from /home/logi/txtai/venv/lib/python3.10/site-packages/airflow/example_dags/example_trigger_target_dag.py
[2025-11-02T10:30:28.606+0530] {processor.py:840} INFO - DAG(s) 'example_trigger_target_dag' retrieved from /home/logi/txtai/venv/lib/python3.10/site-packages/airflow/example_dags/example_trigger_target_dag.py
[2025-11-02T10:30:28.623+0530] {logging_mixin.py:188} INFO - [2025-11-02T10:30:28.623+0530] {dag.py:3089} INFO - Sync 1 DAGs
[2025-11-02T10:30:28.631+0530] {logging_mixin.py:188} INFO - [2025-11-02T10:30:28.631+0530] {dag.py:3947} INFO - Setting next_dagrun for example_trigger_target_dag to None, run_after=None
[2025-11-02T10:30:28.649+0530] {processor.py:183} INFO - Processing /home/logi/txtai/venv/lib/python3.10/site-packages/airflow/example_dags/example_trigger_target_dag.py took 0.070 seconds
[2025-11-02T10:31:28.195+0530] {processor.py:161} INFO - Started process (PID=6108) to work on /home/logi/txtai/venv/lib/python3.10/site-packages/airflow/example_dags/example_trigger_target_dag.py
[2025-11-02T10:31:28.209+0530] {processor.py:830} INFO - Processing file /home/logi/txtai/venv/lib/python3.10/site-packages/airflow/example_dags/example_trigger_target_dag.py for tasks to queue
[2025-11-02T10:31:28.212+0530] {logging_mixin.py:188} INFO - [2025-11-02T10:31:28.211+0530] {dagbag.py:545} INFO - Filling up the DagBag from /home/logi/txtai/venv/lib/python3.10/site-packages/airflow/example_dags/example_trigger_target_dag.py
[2025-11-02T10:31:28.223+0530] {processor.py:840} INFO - DAG(s) 'example_trigger_target_dag' retrieved from /home/logi/txtai/venv/lib/python3.10/site-packages/airflow/example_dags/example_trigger_target_dag.py
[2025-11-02T10:31:28.251+0530] {logging_mixin.py:188} INFO - [2025-11-02T10:31:28.250+0530] {dag.py:3089} INFO - Sync 1 DAGs
[2025-11-02T10:31:28.265+0530] {logging_mixin.py:188} INFO - [2025-11-02T10:31:28.264+0530] {dag.py:3947} INFO - Setting next_dagrun for example_trigger_target_dag to None, run_after=None
[2025-11-02T10:31:28.294+0530] {processor.py:183} INFO - Processing /home/logi/txtai/venv/lib/python3.10/site-packages/airflow/example_dags/example_trigger_target_dag.py took 0.110 seconds
[2025-11-02T10:32:22.085+0530] {processor.py:161} INFO - Started process (PID=6319) to work on /home/logi/txtai/venv/lib/python3.10/site-packages/airflow/example_dags/example_trigger_target_dag.py
[2025-11-02T10:32:22.086+0530] {processor.py:830} INFO - Processing file /home/logi/txtai/venv/lib/python3.10/site-packages/airflow/example_dags/example_trigger_target_dag.py for tasks to queue
[2025-11-02T10:32:22.088+0530] {logging_mixin.py:188} INFO - [2025-11-02T10:32:22.087+0530] {dagbag.py:545} INFO - Filling up the DagBag from /home/logi/txtai/venv/lib/python3.10/site-packages/airflow/example_dags/example_trigger_target_dag.py
[2025-11-02T10:32:22.097+0530] {processor.py:840} INFO - DAG(s) 'example_trigger_target_dag' retrieved from /home/logi/txtai/venv/lib/python3.10/site-packages/airflow/example_dags/example_trigger_target_dag.py
[2025-11-02T10:32:22.113+0530] {logging_mixin.py:188} INFO - [2025-11-02T10:32:22.112+0530] {dag.py:3089} INFO - Sync 1 DAGs
[2025-11-02T10:32:22.123+0530] {logging_mixin.py:188} INFO - [2025-11-02T10:32:22.123+0530] {dag.py:3947} INFO - Setting next_dagrun for example_trigger_target_dag to None, run_after=None
[2025-11-02T10:32:22.143+0530] {processor.py:183} INFO - Processing /home/logi/txtai/venv/lib/python3.10/site-packages/airflow/example_dags/example_trigger_target_dag.py took 0.065 seconds
[2025-11-02T10:33:13.986+0530] {processor.py:161} INFO - Started process (PID=6400) to work on /home/logi/txtai/venv/lib/python3.10/site-packages/airflow/example_dags/example_trigger_target_dag.py
[2025-11-02T10:33:13.999+0530] {processor.py:830} INFO - Processing file /home/logi/txtai/venv/lib/python3.10/site-packages/airflow/example_dags/example_trigger_target_dag.py for tasks to queue
[2025-11-02T10:33:14.003+0530] {logging_mixin.py:188} INFO - [2025-11-02T10:33:14.002+0530] {dagbag.py:545} INFO - Filling up the DagBag from /home/logi/txtai/venv/lib/python3.10/site-packages/airflow/example_dags/example_trigger_target_dag.py
[2025-11-02T10:33:14.014+0530] {processor.py:840} INFO - DAG(s) 'example_trigger_target_dag' retrieved from /home/logi/txtai/venv/lib/python3.10/site-packages/airflow/example_dags/example_trigger_target_dag.py
[2025-11-02T10:33:14.041+0530] {logging_mixin.py:188} INFO - [2025-11-02T10:33:14.041+0530] {dag.py:3089} INFO - Sync 1 DAGs
[2025-11-02T10:33:14.055+0530] {logging_mixin.py:188} INFO - [2025-11-02T10:33:14.054+0530] {dag.py:3947} INFO - Setting next_dagrun for example_trigger_target_dag to None, run_after=None
[2025-11-02T10:33:14.081+0530] {processor.py:183} INFO - Processing /home/logi/txtai/venv/lib/python3.10/site-packages/airflow/example_dags/example_trigger_target_dag.py took 0.107 seconds
[2025-11-02T10:34:07.278+0530] {processor.py:161} INFO - Started process (PID=6495) to work on /home/logi/txtai/venv/lib/python3.10/site-packages/airflow/example_dags/example_trigger_target_dag.py
[2025-11-02T10:34:07.280+0530] {processor.py:830} INFO - Processing file /home/logi/txtai/venv/lib/python3.10/site-packages/airflow/example_dags/example_trigger_target_dag.py for tasks to queue
[2025-11-02T10:34:07.283+0530] {logging_mixin.py:188} INFO - [2025-11-02T10:34:07.283+0530] {dagbag.py:545} INFO - Filling up the DagBag from /home/logi/txtai/venv/lib/python3.10/site-packages/airflow/example_dags/example_trigger_target_dag.py
[2025-11-02T10:34:07.295+0530] {processor.py:840} INFO - DAG(s) 'example_trigger_target_dag' retrieved from /home/logi/txtai/venv/lib/python3.10/site-packages/airflow/example_dags/example_trigger_target_dag.py
[2025-11-02T10:34:07.323+0530] {logging_mixin.py:188} INFO - [2025-11-02T10:34:07.323+0530] {dag.py:3089} INFO - Sync 1 DAGs
[2025-11-02T10:34:07.338+0530] {logging_mixin.py:188} INFO - [2025-11-02T10:34:07.337+0530] {dag.py:3947} INFO - Setting next_dagrun for example_trigger_target_dag to None, run_after=None
[2025-11-02T10:34:07.363+0530] {processor.py:183} INFO - Processing /home/logi/txtai/venv/lib/python3.10/site-packages/airflow/example_dags/example_trigger_target_dag.py took 0.097 seconds
[2025-11-02T10:34:58.813+0530] {processor.py:161} INFO - Started process (PID=6644) to work on /home/logi/txtai/venv/lib/python3.10/site-packages/airflow/example_dags/example_trigger_target_dag.py
[2025-11-02T10:34:58.815+0530] {processor.py:830} INFO - Processing file /home/logi/txtai/venv/lib/python3.10/site-packages/airflow/example_dags/example_trigger_target_dag.py for tasks to queue
[2025-11-02T10:34:58.819+0530] {logging_mixin.py:188} INFO - [2025-11-02T10:34:58.818+0530] {dagbag.py:545} INFO - Filling up the DagBag from /home/logi/txtai/venv/lib/python3.10/site-packages/airflow/example_dags/example_trigger_target_dag.py
[2025-11-02T10:34:58.834+0530] {processor.py:840} INFO - DAG(s) 'example_trigger_target_dag' retrieved from /home/logi/txtai/venv/lib/python3.10/site-packages/airflow/example_dags/example_trigger_target_dag.py
[2025-11-02T10:34:58.862+0530] {logging_mixin.py:188} INFO - [2025-11-02T10:34:58.862+0530] {dag.py:3089} INFO - Sync 1 DAGs
[2025-11-02T10:34:58.873+0530] {logging_mixin.py:188} INFO - [2025-11-02T10:34:58.873+0530] {dag.py:3947} INFO - Setting next_dagrun for example_trigger_target_dag to None, run_after=None
[2025-11-02T10:34:58.900+0530] {processor.py:183} INFO - Processing /home/logi/txtai/venv/lib/python3.10/site-packages/airflow/example_dags/example_trigger_target_dag.py took 0.100 seconds
[2025-11-02T10:35:51.274+0530] {processor.py:161} INFO - Started process (PID=6846) to work on /home/logi/txtai/venv/lib/python3.10/site-packages/airflow/example_dags/example_trigger_target_dag.py
[2025-11-02T10:35:51.276+0530] {processor.py:830} INFO - Processing file /home/logi/txtai/venv/lib/python3.10/site-packages/airflow/example_dags/example_trigger_target_dag.py for tasks to queue
[2025-11-02T10:35:51.278+0530] {logging_mixin.py:188} INFO - [2025-11-02T10:35:51.278+0530] {dagbag.py:545} INFO - Filling up the DagBag from /home/logi/txtai/venv/lib/python3.10/site-packages/airflow/example_dags/example_trigger_target_dag.py
[2025-11-02T10:35:51.288+0530] {processor.py:840} INFO - DAG(s) 'example_trigger_target_dag' retrieved from /home/logi/txtai/venv/lib/python3.10/site-packages/airflow/example_dags/example_trigger_target_dag.py
[2025-11-02T10:35:51.310+0530] {logging_mixin.py:188} INFO - [2025-11-02T10:35:51.310+0530] {dag.py:3089} INFO - Sync 1 DAGs
[2025-11-02T10:35:51.319+0530] {logging_mixin.py:188} INFO - [2025-11-02T10:35:51.319+0530] {dag.py:3947} INFO - Setting next_dagrun for example_trigger_target_dag to None, run_after=None
[2025-11-02T10:35:51.344+0530] {processor.py:183} INFO - Processing /home/logi/txtai/venv/lib/python3.10/site-packages/airflow/example_dags/example_trigger_target_dag.py took 0.081 seconds
[2025-11-02T10:36:45.018+0530] {processor.py:161} INFO - Started process (PID=6928) to work on /home/logi/txtai/venv/lib/python3.10/site-packages/airflow/example_dags/example_trigger_target_dag.py
[2025-11-02T10:36:45.032+0530] {processor.py:830} INFO - Processing file /home/logi/txtai/venv/lib/python3.10/site-packages/airflow/example_dags/example_trigger_target_dag.py for tasks to queue
[2025-11-02T10:36:45.035+0530] {logging_mixin.py:188} INFO - [2025-11-02T10:36:45.034+0530] {dagbag.py:545} INFO - Filling up the DagBag from /home/logi/txtai/venv/lib/python3.10/site-packages/airflow/example_dags/example_trigger_target_dag.py
[2025-11-02T10:36:45.045+0530] {processor.py:840} INFO - DAG(s) 'example_trigger_target_dag' retrieved from /home/logi/txtai/venv/lib/python3.10/site-packages/airflow/example_dags/example_trigger_target_dag.py
[2025-11-02T10:36:45.070+0530] {logging_mixin.py:188} INFO - [2025-11-02T10:36:45.069+0530] {dag.py:3089} INFO - Sync 1 DAGs
[2025-11-02T10:36:45.086+0530] {logging_mixin.py:188} INFO - [2025-11-02T10:36:45.086+0530] {dag.py:3947} INFO - Setting next_dagrun for example_trigger_target_dag to None, run_after=None
[2025-11-02T10:36:45.104+0530] {processor.py:183} INFO - Processing /home/logi/txtai/venv/lib/python3.10/site-packages/airflow/example_dags/example_trigger_target_dag.py took 0.096 seconds
[2025-11-02T10:37:35.165+0530] {processor.py:161} INFO - Started process (PID=7020) to work on /home/logi/txtai/venv/lib/python3.10/site-packages/airflow/example_dags/example_trigger_target_dag.py
[2025-11-02T10:37:35.167+0530] {processor.py:830} INFO - Processing file /home/logi/txtai/venv/lib/python3.10/site-packages/airflow/example_dags/example_trigger_target_dag.py for tasks to queue
[2025-11-02T10:37:35.174+0530] {logging_mixin.py:188} INFO - [2025-11-02T10:37:35.173+0530] {dagbag.py:545} INFO - Filling up the DagBag from /home/logi/txtai/venv/lib/python3.10/site-packages/airflow/example_dags/example_trigger_target_dag.py
[2025-11-02T10:37:35.187+0530] {processor.py:840} INFO - DAG(s) 'example_trigger_target_dag' retrieved from /home/logi/txtai/venv/lib/python3.10/site-packages/airflow/example_dags/example_trigger_target_dag.py
[2025-11-02T10:37:35.228+0530] {logging_mixin.py:188} INFO - [2025-11-02T10:37:35.227+0530] {dag.py:3089} INFO - Sync 1 DAGs
[2025-11-02T10:37:35.251+0530] {logging_mixin.py:188} INFO - [2025-11-02T10:37:35.250+0530] {dag.py:3947} INFO - Setting next_dagrun for example_trigger_target_dag to None, run_after=None
[2025-11-02T10:37:35.297+0530] {processor.py:183} INFO - Processing /home/logi/txtai/venv/lib/python3.10/site-packages/airflow/example_dags/example_trigger_target_dag.py took 0.153 seconds
[2025-11-02T10:38:28.144+0530] {processor.py:161} INFO - Started process (PID=7095) to work on /home/logi/txtai/venv/lib/python3.10/site-packages/airflow/example_dags/example_trigger_target_dag.py
[2025-11-02T10:38:28.159+0530] {processor.py:830} INFO - Processing file /home/logi/txtai/venv/lib/python3.10/site-packages/airflow/example_dags/example_trigger_target_dag.py for tasks to queue
[2025-11-02T10:38:28.162+0530] {logging_mixin.py:188} INFO - [2025-11-02T10:38:28.161+0530] {dagbag.py:545} INFO - Filling up the DagBag from /home/logi/txtai/venv/lib/python3.10/site-packages/airflow/example_dags/example_trigger_target_dag.py
[2025-11-02T10:38:28.173+0530] {processor.py:840} INFO - DAG(s) 'example_trigger_target_dag' retrieved from /home/logi/txtai/venv/lib/python3.10/site-packages/airflow/example_dags/example_trigger_target_dag.py
[2025-11-02T10:38:28.199+0530] {logging_mixin.py:188} INFO - [2025-11-02T10:38:28.199+0530] {dag.py:3089} INFO - Sync 1 DAGs
[2025-11-02T10:38:28.214+0530] {logging_mixin.py:188} INFO - [2025-11-02T10:38:28.214+0530] {dag.py:3947} INFO - Setting next_dagrun for example_trigger_target_dag to None, run_after=None
[2025-11-02T10:38:28.235+0530] {processor.py:183} INFO - Processing /home/logi/txtai/venv/lib/python3.10/site-packages/airflow/example_dags/example_trigger_target_dag.py took 0.102 seconds
[2025-11-02T10:39:21.328+0530] {processor.py:161} INFO - Started process (PID=7187) to work on /home/logi/txtai/venv/lib/python3.10/site-packages/airflow/example_dags/example_trigger_target_dag.py
[2025-11-02T10:39:21.341+0530] {processor.py:830} INFO - Processing file /home/logi/txtai/venv/lib/python3.10/site-packages/airflow/example_dags/example_trigger_target_dag.py for tasks to queue
[2025-11-02T10:39:21.344+0530] {logging_mixin.py:188} INFO - [2025-11-02T10:39:21.344+0530] {dagbag.py:545} INFO - Filling up the DagBag from /home/logi/txtai/venv/lib/python3.10/site-packages/airflow/example_dags/example_trigger_target_dag.py
[2025-11-02T10:39:21.355+0530] {processor.py:840} INFO - DAG(s) 'example_trigger_target_dag' retrieved from /home/logi/txtai/venv/lib/python3.10/site-packages/airflow/example_dags/example_trigger_target_dag.py
[2025-11-02T10:39:21.382+0530] {logging_mixin.py:188} INFO - [2025-11-02T10:39:21.382+0530] {dag.py:3089} INFO - Sync 1 DAGs
[2025-11-02T10:39:21.396+0530] {logging_mixin.py:188} INFO - [2025-11-02T10:39:21.396+0530] {dag.py:3947} INFO - Setting next_dagrun for example_trigger_target_dag to None, run_after=None
[2025-11-02T10:39:21.415+0530] {processor.py:183} INFO - Processing /home/logi/txtai/venv/lib/python3.10/site-packages/airflow/example_dags/example_trigger_target_dag.py took 0.099 seconds
[2025-11-02T10:40:15.066+0530] {processor.py:161} INFO - Started process (PID=7312) to work on /home/logi/txtai/venv/lib/python3.10/site-packages/airflow/example_dags/example_trigger_target_dag.py
[2025-11-02T10:40:15.068+0530] {processor.py:830} INFO - Processing file /home/logi/txtai/venv/lib/python3.10/site-packages/airflow/example_dags/example_trigger_target_dag.py for tasks to queue
[2025-11-02T10:40:15.071+0530] {logging_mixin.py:188} INFO - [2025-11-02T10:40:15.070+0530] {dagbag.py:545} INFO - Filling up the DagBag from /home/logi/txtai/venv/lib/python3.10/site-packages/airflow/example_dags/example_trigger_target_dag.py
[2025-11-02T10:40:15.081+0530] {processor.py:840} INFO - DAG(s) 'example_trigger_target_dag' retrieved from /home/logi/txtai/venv/lib/python3.10/site-packages/airflow/example_dags/example_trigger_target_dag.py
[2025-11-02T10:40:15.103+0530] {logging_mixin.py:188} INFO - [2025-11-02T10:40:15.103+0530] {dag.py:3089} INFO - Sync 1 DAGs
[2025-11-02T10:40:15.113+0530] {logging_mixin.py:188} INFO - [2025-11-02T10:40:15.113+0530] {dag.py:3947} INFO - Setting next_dagrun for example_trigger_target_dag to None, run_after=None
[2025-11-02T10:40:15.133+0530] {processor.py:183} INFO - Processing /home/logi/txtai/venv/lib/python3.10/site-packages/airflow/example_dags/example_trigger_target_dag.py took 0.079 seconds
[2025-11-02T10:41:11.340+0530] {processor.py:161} INFO - Started process (PID=7411) to work on /home/logi/txtai/venv/lib/python3.10/site-packages/airflow/example_dags/example_trigger_target_dag.py
[2025-11-02T10:41:11.342+0530] {processor.py:830} INFO - Processing file /home/logi/txtai/venv/lib/python3.10/site-packages/airflow/example_dags/example_trigger_target_dag.py for tasks to queue
[2025-11-02T10:41:11.344+0530] {logging_mixin.py:188} INFO - [2025-11-02T10:41:11.344+0530] {dagbag.py:545} INFO - Filling up the DagBag from /home/logi/txtai/venv/lib/python3.10/site-packages/airflow/example_dags/example_trigger_target_dag.py
[2025-11-02T10:41:11.352+0530] {processor.py:840} INFO - DAG(s) 'example_trigger_target_dag' retrieved from /home/logi/txtai/venv/lib/python3.10/site-packages/airflow/example_dags/example_trigger_target_dag.py
[2025-11-02T10:41:11.368+0530] {logging_mixin.py:188} INFO - [2025-11-02T10:41:11.368+0530] {dag.py:3089} INFO - Sync 1 DAGs
[2025-11-02T10:41:11.379+0530] {logging_mixin.py:188} INFO - [2025-11-02T10:41:11.379+0530] {dag.py:3947} INFO - Setting next_dagrun for example_trigger_target_dag to None, run_after=None
[2025-11-02T10:41:11.401+0530] {processor.py:183} INFO - Processing /home/logi/txtai/venv/lib/python3.10/site-packages/airflow/example_dags/example_trigger_target_dag.py took 0.067 seconds
[2025-11-02T10:42:04.036+0530] {processor.py:161} INFO - Started process (PID=7486) to work on /home/logi/txtai/venv/lib/python3.10/site-packages/airflow/example_dags/example_trigger_target_dag.py
[2025-11-02T10:42:04.050+0530] {processor.py:830} INFO - Processing file /home/logi/txtai/venv/lib/python3.10/site-packages/airflow/example_dags/example_trigger_target_dag.py for tasks to queue
[2025-11-02T10:42:04.053+0530] {logging_mixin.py:188} INFO - [2025-11-02T10:42:04.052+0530] {dagbag.py:545} INFO - Filling up the DagBag from /home/logi/txtai/venv/lib/python3.10/site-packages/airflow/example_dags/example_trigger_target_dag.py
[2025-11-02T10:42:04.064+0530] {processor.py:840} INFO - DAG(s) 'example_trigger_target_dag' retrieved from /home/logi/txtai/venv/lib/python3.10/site-packages/airflow/example_dags/example_trigger_target_dag.py
[2025-11-02T10:42:04.090+0530] {logging_mixin.py:188} INFO - [2025-11-02T10:42:04.090+0530] {dag.py:3089} INFO - Sync 1 DAGs
[2025-11-02T10:42:04.105+0530] {logging_mixin.py:188} INFO - [2025-11-02T10:42:04.104+0530] {dag.py:3947} INFO - Setting next_dagrun for example_trigger_target_dag to None, run_after=None
[2025-11-02T10:42:04.125+0530] {processor.py:183} INFO - Processing /home/logi/txtai/venv/lib/python3.10/site-packages/airflow/example_dags/example_trigger_target_dag.py took 0.100 seconds
[2025-11-02T10:42:55.161+0530] {processor.py:161} INFO - Started process (PID=7702) to work on /home/logi/txtai/venv/lib/python3.10/site-packages/airflow/example_dags/example_trigger_target_dag.py
[2025-11-02T10:42:55.163+0530] {processor.py:830} INFO - Processing file /home/logi/txtai/venv/lib/python3.10/site-packages/airflow/example_dags/example_trigger_target_dag.py for tasks to queue
[2025-11-02T10:42:55.166+0530] {logging_mixin.py:188} INFO - [2025-11-02T10:42:55.165+0530] {dagbag.py:545} INFO - Filling up the DagBag from /home/logi/txtai/venv/lib/python3.10/site-packages/airflow/example_dags/example_trigger_target_dag.py
[2025-11-02T10:42:55.176+0530] {processor.py:840} INFO - DAG(s) 'example_trigger_target_dag' retrieved from /home/logi/txtai/venv/lib/python3.10/site-packages/airflow/example_dags/example_trigger_target_dag.py
[2025-11-02T10:42:55.201+0530] {logging_mixin.py:188} INFO - [2025-11-02T10:42:55.201+0530] {dag.py:3089} INFO - Sync 1 DAGs
[2025-11-02T10:42:55.212+0530] {logging_mixin.py:188} INFO - [2025-11-02T10:42:55.212+0530] {dag.py:3947} INFO - Setting next_dagrun for example_trigger_target_dag to None, run_after=None
[2025-11-02T10:42:55.240+0530] {processor.py:183} INFO - Processing /home/logi/txtai/venv/lib/python3.10/site-packages/airflow/example_dags/example_trigger_target_dag.py took 0.090 seconds
[2025-11-02T10:43:46.395+0530] {processor.py:161} INFO - Started process (PID=7788) to work on /home/logi/txtai/venv/lib/python3.10/site-packages/airflow/example_dags/example_trigger_target_dag.py
[2025-11-02T10:43:46.398+0530] {processor.py:830} INFO - Processing file /home/logi/txtai/venv/lib/python3.10/site-packages/airflow/example_dags/example_trigger_target_dag.py for tasks to queue
[2025-11-02T10:43:46.401+0530] {logging_mixin.py:188} INFO - [2025-11-02T10:43:46.400+0530] {dagbag.py:545} INFO - Filling up the DagBag from /home/logi/txtai/venv/lib/python3.10/site-packages/airflow/example_dags/example_trigger_target_dag.py
[2025-11-02T10:43:46.411+0530] {processor.py:840} INFO - DAG(s) 'example_trigger_target_dag' retrieved from /home/logi/txtai/venv/lib/python3.10/site-packages/airflow/example_dags/example_trigger_target_dag.py
[2025-11-02T10:43:46.433+0530] {logging_mixin.py:188} INFO - [2025-11-02T10:43:46.433+0530] {dag.py:3089} INFO - Sync 1 DAGs
[2025-11-02T10:43:46.443+0530] {logging_mixin.py:188} INFO - [2025-11-02T10:43:46.442+0530] {dag.py:3947} INFO - Setting next_dagrun for example_trigger_target_dag to None, run_after=None
[2025-11-02T10:43:46.463+0530] {processor.py:183} INFO - Processing /home/logi/txtai/venv/lib/python3.10/site-packages/airflow/example_dags/example_trigger_target_dag.py took 0.079 seconds
[2025-11-02T10:44:37.005+0530] {processor.py:161} INFO - Started process (PID=7926) to work on /home/logi/txtai/venv/lib/python3.10/site-packages/airflow/example_dags/example_trigger_target_dag.py
[2025-11-02T10:44:37.018+0530] {processor.py:830} INFO - Processing file /home/logi/txtai/venv/lib/python3.10/site-packages/airflow/example_dags/example_trigger_target_dag.py for tasks to queue
[2025-11-02T10:44:37.021+0530] {logging_mixin.py:188} INFO - [2025-11-02T10:44:37.020+0530] {dagbag.py:545} INFO - Filling up the DagBag from /home/logi/txtai/venv/lib/python3.10/site-packages/airflow/example_dags/example_trigger_target_dag.py
[2025-11-02T10:44:37.031+0530] {processor.py:840} INFO - DAG(s) 'example_trigger_target_dag' retrieved from /home/logi/txtai/venv/lib/python3.10/site-packages/airflow/example_dags/example_trigger_target_dag.py
[2025-11-02T10:44:37.056+0530] {logging_mixin.py:188} INFO - [2025-11-02T10:44:37.056+0530] {dag.py:3089} INFO - Sync 1 DAGs
[2025-11-02T10:44:37.070+0530] {logging_mixin.py:188} INFO - [2025-11-02T10:44:37.069+0530] {dag.py:3947} INFO - Setting next_dagrun for example_trigger_target_dag to None, run_after=None
[2025-11-02T10:44:37.097+0530] {processor.py:183} INFO - Processing /home/logi/txtai/venv/lib/python3.10/site-packages/airflow/example_dags/example_trigger_target_dag.py took 0.103 seconds
[2025-11-02T10:45:26.553+0530] {processor.py:161} INFO - Started process (PID=8033) to work on /home/logi/txtai/venv/lib/python3.10/site-packages/airflow/example_dags/example_trigger_target_dag.py
[2025-11-02T10:45:26.567+0530] {processor.py:830} INFO - Processing file /home/logi/txtai/venv/lib/python3.10/site-packages/airflow/example_dags/example_trigger_target_dag.py for tasks to queue
[2025-11-02T10:45:26.570+0530] {logging_mixin.py:188} INFO - [2025-11-02T10:45:26.569+0530] {dagbag.py:545} INFO - Filling up the DagBag from /home/logi/txtai/venv/lib/python3.10/site-packages/airflow/example_dags/example_trigger_target_dag.py
[2025-11-02T10:45:26.581+0530] {processor.py:840} INFO - DAG(s) 'example_trigger_target_dag' retrieved from /home/logi/txtai/venv/lib/python3.10/site-packages/airflow/example_dags/example_trigger_target_dag.py
[2025-11-02T10:45:26.607+0530] {logging_mixin.py:188} INFO - [2025-11-02T10:45:26.607+0530] {dag.py:3089} INFO - Sync 1 DAGs
[2025-11-02T10:45:26.622+0530] {logging_mixin.py:188} INFO - [2025-11-02T10:45:26.622+0530] {dag.py:3947} INFO - Setting next_dagrun for example_trigger_target_dag to None, run_after=None
[2025-11-02T10:45:26.650+0530] {processor.py:183} INFO - Processing /home/logi/txtai/venv/lib/python3.10/site-packages/airflow/example_dags/example_trigger_target_dag.py took 0.108 seconds
[2025-11-02T10:46:17.981+0530] {processor.py:161} INFO - Started process (PID=8107) to work on /home/logi/txtai/venv/lib/python3.10/site-packages/airflow/example_dags/example_trigger_target_dag.py
[2025-11-02T10:46:17.995+0530] {processor.py:830} INFO - Processing file /home/logi/txtai/venv/lib/python3.10/site-packages/airflow/example_dags/example_trigger_target_dag.py for tasks to queue
[2025-11-02T10:46:17.999+0530] {logging_mixin.py:188} INFO - [2025-11-02T10:46:17.998+0530] {dagbag.py:545} INFO - Filling up the DagBag from /home/logi/txtai/venv/lib/python3.10/site-packages/airflow/example_dags/example_trigger_target_dag.py
[2025-11-02T10:46:18.016+0530] {processor.py:840} INFO - DAG(s) 'example_trigger_target_dag' retrieved from /home/logi/txtai/venv/lib/python3.10/site-packages/airflow/example_dags/example_trigger_target_dag.py
[2025-11-02T10:46:18.047+0530] {logging_mixin.py:188} INFO - [2025-11-02T10:46:18.047+0530] {dag.py:3089} INFO - Sync 1 DAGs
[2025-11-02T10:46:18.066+0530] {logging_mixin.py:188} INFO - [2025-11-02T10:46:18.066+0530] {dag.py:3947} INFO - Setting next_dagrun for example_trigger_target_dag to None, run_after=None
[2025-11-02T10:46:18.109+0530] {processor.py:183} INFO - Processing /home/logi/txtai/venv/lib/python3.10/site-packages/airflow/example_dags/example_trigger_target_dag.py took 0.134 seconds
[2025-11-02T10:47:16.305+0530] {processor.py:161} INFO - Started process (PID=8190) to work on /home/logi/txtai/venv/lib/python3.10/site-packages/airflow/example_dags/example_trigger_target_dag.py
[2025-11-02T10:47:16.320+0530] {processor.py:830} INFO - Processing file /home/logi/txtai/venv/lib/python3.10/site-packages/airflow/example_dags/example_trigger_target_dag.py for tasks to queue
[2025-11-02T10:47:16.323+0530] {logging_mixin.py:188} INFO - [2025-11-02T10:47:16.323+0530] {dagbag.py:545} INFO - Filling up the DagBag from /home/logi/txtai/venv/lib/python3.10/site-packages/airflow/example_dags/example_trigger_target_dag.py
[2025-11-02T10:47:16.334+0530] {processor.py:840} INFO - DAG(s) 'example_trigger_target_dag' retrieved from /home/logi/txtai/venv/lib/python3.10/site-packages/airflow/example_dags/example_trigger_target_dag.py
[2025-11-02T10:47:16.361+0530] {logging_mixin.py:188} INFO - [2025-11-02T10:47:16.360+0530] {dag.py:3089} INFO - Sync 1 DAGs
[2025-11-02T10:47:16.376+0530] {logging_mixin.py:188} INFO - [2025-11-02T10:47:16.375+0530] {dag.py:3947} INFO - Setting next_dagrun for example_trigger_target_dag to None, run_after=None
[2025-11-02T10:47:16.403+0530] {processor.py:183} INFO - Processing /home/logi/txtai/venv/lib/python3.10/site-packages/airflow/example_dags/example_trigger_target_dag.py took 0.109 seconds
[2025-11-02T10:48:11.221+0530] {processor.py:161} INFO - Started process (PID=8269) to work on /home/logi/txtai/venv/lib/python3.10/site-packages/airflow/example_dags/example_trigger_target_dag.py
[2025-11-02T10:48:11.234+0530] {processor.py:830} INFO - Processing file /home/logi/txtai/venv/lib/python3.10/site-packages/airflow/example_dags/example_trigger_target_dag.py for tasks to queue
[2025-11-02T10:48:11.238+0530] {logging_mixin.py:188} INFO - [2025-11-02T10:48:11.237+0530] {dagbag.py:545} INFO - Filling up the DagBag from /home/logi/txtai/venv/lib/python3.10/site-packages/airflow/example_dags/example_trigger_target_dag.py
[2025-11-02T10:48:11.248+0530] {processor.py:840} INFO - DAG(s) 'example_trigger_target_dag' retrieved from /home/logi/txtai/venv/lib/python3.10/site-packages/airflow/example_dags/example_trigger_target_dag.py
[2025-11-02T10:48:11.275+0530] {logging_mixin.py:188} INFO - [2025-11-02T10:48:11.274+0530] {dag.py:3089} INFO - Sync 1 DAGs
[2025-11-02T10:48:11.290+0530] {logging_mixin.py:188} INFO - [2025-11-02T10:48:11.289+0530] {dag.py:3947} INFO - Setting next_dagrun for example_trigger_target_dag to None, run_after=None
[2025-11-02T10:48:11.316+0530] {processor.py:183} INFO - Processing /home/logi/txtai/venv/lib/python3.10/site-packages/airflow/example_dags/example_trigger_target_dag.py took 0.107 seconds
[2025-11-02T10:49:01.695+0530] {processor.py:161} INFO - Started process (PID=8346) to work on /home/logi/txtai/venv/lib/python3.10/site-packages/airflow/example_dags/example_trigger_target_dag.py
[2025-11-02T10:49:01.708+0530] {processor.py:830} INFO - Processing file /home/logi/txtai/venv/lib/python3.10/site-packages/airflow/example_dags/example_trigger_target_dag.py for tasks to queue
[2025-11-02T10:49:01.711+0530] {logging_mixin.py:188} INFO - [2025-11-02T10:49:01.711+0530] {dagbag.py:545} INFO - Filling up the DagBag from /home/logi/txtai/venv/lib/python3.10/site-packages/airflow/example_dags/example_trigger_target_dag.py
[2025-11-02T10:49:01.722+0530] {processor.py:840} INFO - DAG(s) 'example_trigger_target_dag' retrieved from /home/logi/txtai/venv/lib/python3.10/site-packages/airflow/example_dags/example_trigger_target_dag.py
[2025-11-02T10:49:01.749+0530] {logging_mixin.py:188} INFO - [2025-11-02T10:49:01.749+0530] {dag.py:3089} INFO - Sync 1 DAGs
[2025-11-02T10:49:01.763+0530] {logging_mixin.py:188} INFO - [2025-11-02T10:49:01.763+0530] {dag.py:3947} INFO - Setting next_dagrun for example_trigger_target_dag to None, run_after=None
[2025-11-02T10:49:01.789+0530] {processor.py:183} INFO - Processing /home/logi/txtai/venv/lib/python3.10/site-packages/airflow/example_dags/example_trigger_target_dag.py took 0.106 seconds
[2025-11-02T10:49:53.483+0530] {processor.py:161} INFO - Started process (PID=8433) to work on /home/logi/txtai/venv/lib/python3.10/site-packages/airflow/example_dags/example_trigger_target_dag.py
[2025-11-02T10:49:53.485+0530] {processor.py:830} INFO - Processing file /home/logi/txtai/venv/lib/python3.10/site-packages/airflow/example_dags/example_trigger_target_dag.py for tasks to queue
[2025-11-02T10:49:53.488+0530] {logging_mixin.py:188} INFO - [2025-11-02T10:49:53.487+0530] {dagbag.py:545} INFO - Filling up the DagBag from /home/logi/txtai/venv/lib/python3.10/site-packages/airflow/example_dags/example_trigger_target_dag.py
[2025-11-02T10:49:53.498+0530] {processor.py:840} INFO - DAG(s) 'example_trigger_target_dag' retrieved from /home/logi/txtai/venv/lib/python3.10/site-packages/airflow/example_dags/example_trigger_target_dag.py
[2025-11-02T10:49:53.521+0530] {logging_mixin.py:188} INFO - [2025-11-02T10:49:53.521+0530] {dag.py:3089} INFO - Sync 1 DAGs
[2025-11-02T10:49:53.531+0530] {logging_mixin.py:188} INFO - [2025-11-02T10:49:53.531+0530] {dag.py:3947} INFO - Setting next_dagrun for example_trigger_target_dag to None, run_after=None
[2025-11-02T10:49:53.558+0530] {processor.py:183} INFO - Processing /home/logi/txtai/venv/lib/python3.10/site-packages/airflow/example_dags/example_trigger_target_dag.py took 0.086 seconds
[2025-11-02T10:50:43.690+0530] {processor.py:161} INFO - Started process (PID=8540) to work on /home/logi/txtai/venv/lib/python3.10/site-packages/airflow/example_dags/example_trigger_target_dag.py
[2025-11-02T10:50:43.692+0530] {processor.py:830} INFO - Processing file /home/logi/txtai/venv/lib/python3.10/site-packages/airflow/example_dags/example_trigger_target_dag.py for tasks to queue
[2025-11-02T10:50:43.695+0530] {logging_mixin.py:188} INFO - [2025-11-02T10:50:43.694+0530] {dagbag.py:545} INFO - Filling up the DagBag from /home/logi/txtai/venv/lib/python3.10/site-packages/airflow/example_dags/example_trigger_target_dag.py
[2025-11-02T10:50:43.705+0530] {processor.py:840} INFO - DAG(s) 'example_trigger_target_dag' retrieved from /home/logi/txtai/venv/lib/python3.10/site-packages/airflow/example_dags/example_trigger_target_dag.py
[2025-11-02T10:50:43.730+0530] {logging_mixin.py:188} INFO - [2025-11-02T10:50:43.729+0530] {dag.py:3089} INFO - Sync 1 DAGs
[2025-11-02T10:50:43.740+0530] {logging_mixin.py:188} INFO - [2025-11-02T10:50:43.740+0530] {dag.py:3947} INFO - Setting next_dagrun for example_trigger_target_dag to None, run_after=None
[2025-11-02T10:50:43.767+0530] {processor.py:183} INFO - Processing /home/logi/txtai/venv/lib/python3.10/site-packages/airflow/example_dags/example_trigger_target_dag.py took 0.088 seconds
[2025-11-02T10:51:36.331+0530] {processor.py:161} INFO - Started process (PID=8633) to work on /home/logi/txtai/venv/lib/python3.10/site-packages/airflow/example_dags/example_trigger_target_dag.py
[2025-11-02T10:51:36.344+0530] {processor.py:830} INFO - Processing file /home/logi/txtai/venv/lib/python3.10/site-packages/airflow/example_dags/example_trigger_target_dag.py for tasks to queue
[2025-11-02T10:51:36.348+0530] {logging_mixin.py:188} INFO - [2025-11-02T10:51:36.347+0530] {dagbag.py:545} INFO - Filling up the DagBag from /home/logi/txtai/venv/lib/python3.10/site-packages/airflow/example_dags/example_trigger_target_dag.py
[2025-11-02T10:51:36.360+0530] {processor.py:840} INFO - DAG(s) 'example_trigger_target_dag' retrieved from /home/logi/txtai/venv/lib/python3.10/site-packages/airflow/example_dags/example_trigger_target_dag.py
[2025-11-02T10:51:36.389+0530] {logging_mixin.py:188} INFO - [2025-11-02T10:51:36.388+0530] {dag.py:3089} INFO - Sync 1 DAGs
[2025-11-02T10:51:36.403+0530] {logging_mixin.py:188} INFO - [2025-11-02T10:51:36.402+0530] {dag.py:3947} INFO - Setting next_dagrun for example_trigger_target_dag to None, run_after=None
[2025-11-02T10:51:36.432+0530] {processor.py:183} INFO - Processing /home/logi/txtai/venv/lib/python3.10/site-packages/airflow/example_dags/example_trigger_target_dag.py took 0.113 seconds
[2025-11-02T10:52:30.982+0530] {processor.py:161} INFO - Started process (PID=8746) to work on /home/logi/txtai/venv/lib/python3.10/site-packages/airflow/example_dags/example_trigger_target_dag.py
[2025-11-02T10:52:30.995+0530] {processor.py:830} INFO - Processing file /home/logi/txtai/venv/lib/python3.10/site-packages/airflow/example_dags/example_trigger_target_dag.py for tasks to queue
[2025-11-02T10:52:30.998+0530] {logging_mixin.py:188} INFO - [2025-11-02T10:52:30.997+0530] {dagbag.py:545} INFO - Filling up the DagBag from /home/logi/txtai/venv/lib/python3.10/site-packages/airflow/example_dags/example_trigger_target_dag.py
[2025-11-02T10:52:31.009+0530] {processor.py:840} INFO - DAG(s) 'example_trigger_target_dag' retrieved from /home/logi/txtai/venv/lib/python3.10/site-packages/airflow/example_dags/example_trigger_target_dag.py
[2025-11-02T10:52:31.034+0530] {logging_mixin.py:188} INFO - [2025-11-02T10:52:31.034+0530] {dag.py:3089} INFO - Sync 1 DAGs
[2025-11-02T10:52:31.046+0530] {logging_mixin.py:188} INFO - [2025-11-02T10:52:31.046+0530] {dag.py:3947} INFO - Setting next_dagrun for example_trigger_target_dag to None, run_after=None
[2025-11-02T10:52:31.066+0530] {processor.py:183} INFO - Processing /home/logi/txtai/venv/lib/python3.10/site-packages/airflow/example_dags/example_trigger_target_dag.py took 0.096 seconds
[2025-11-02T10:53:18.162+0530] {processor.py:161} INFO - Started process (PID=8820) to work on /home/logi/txtai/venv/lib/python3.10/site-packages/airflow/example_dags/example_trigger_target_dag.py
[2025-11-02T10:53:18.175+0530] {processor.py:830} INFO - Processing file /home/logi/txtai/venv/lib/python3.10/site-packages/airflow/example_dags/example_trigger_target_dag.py for tasks to queue
[2025-11-02T10:53:18.178+0530] {logging_mixin.py:188} INFO - [2025-11-02T10:53:18.177+0530] {dagbag.py:545} INFO - Filling up the DagBag from /home/logi/txtai/venv/lib/python3.10/site-packages/airflow/example_dags/example_trigger_target_dag.py
[2025-11-02T10:53:18.185+0530] {processor.py:840} INFO - DAG(s) 'example_trigger_target_dag' retrieved from /home/logi/txtai/venv/lib/python3.10/site-packages/airflow/example_dags/example_trigger_target_dag.py
[2025-11-02T10:53:18.206+0530] {logging_mixin.py:188} INFO - [2025-11-02T10:53:18.205+0530] {dag.py:3089} INFO - Sync 1 DAGs
[2025-11-02T10:53:18.215+0530] {logging_mixin.py:188} INFO - [2025-11-02T10:53:18.214+0530] {dag.py:3947} INFO - Setting next_dagrun for example_trigger_target_dag to None, run_after=None
[2025-11-02T10:53:18.231+0530] {processor.py:183} INFO - Processing /home/logi/txtai/venv/lib/python3.10/site-packages/airflow/example_dags/example_trigger_target_dag.py took 0.077 seconds
[2025-11-02T10:54:06.806+0530] {processor.py:161} INFO - Started process (PID=8892) to work on /home/logi/txtai/venv/lib/python3.10/site-packages/airflow/example_dags/example_trigger_target_dag.py
[2025-11-02T10:54:06.819+0530] {processor.py:830} INFO - Processing file /home/logi/txtai/venv/lib/python3.10/site-packages/airflow/example_dags/example_trigger_target_dag.py for tasks to queue
[2025-11-02T10:54:06.822+0530] {logging_mixin.py:188} INFO - [2025-11-02T10:54:06.821+0530] {dagbag.py:545} INFO - Filling up the DagBag from /home/logi/txtai/venv/lib/python3.10/site-packages/airflow/example_dags/example_trigger_target_dag.py
[2025-11-02T10:54:06.831+0530] {processor.py:840} INFO - DAG(s) 'example_trigger_target_dag' retrieved from /home/logi/txtai/venv/lib/python3.10/site-packages/airflow/example_dags/example_trigger_target_dag.py
[2025-11-02T10:54:06.855+0530] {logging_mixin.py:188} INFO - [2025-11-02T10:54:06.854+0530] {dag.py:3089} INFO - Sync 1 DAGs
[2025-11-02T10:54:06.871+0530] {logging_mixin.py:188} INFO - [2025-11-02T10:54:06.871+0530] {dag.py:3947} INFO - Setting next_dagrun for example_trigger_target_dag to None, run_after=None
[2025-11-02T10:54:06.895+0530] {processor.py:183} INFO - Processing /home/logi/txtai/venv/lib/python3.10/site-packages/airflow/example_dags/example_trigger_target_dag.py took 0.099 seconds
[2025-11-02T10:54:56.168+0530] {processor.py:161} INFO - Started process (PID=9045) to work on /home/logi/txtai/venv/lib/python3.10/site-packages/airflow/example_dags/example_trigger_target_dag.py
[2025-11-02T10:54:56.181+0530] {processor.py:830} INFO - Processing file /home/logi/txtai/venv/lib/python3.10/site-packages/airflow/example_dags/example_trigger_target_dag.py for tasks to queue
[2025-11-02T10:54:56.184+0530] {logging_mixin.py:188} INFO - [2025-11-02T10:54:56.183+0530] {dagbag.py:545} INFO - Filling up the DagBag from /home/logi/txtai/venv/lib/python3.10/site-packages/airflow/example_dags/example_trigger_target_dag.py
[2025-11-02T10:54:56.194+0530] {processor.py:840} INFO - DAG(s) 'example_trigger_target_dag' retrieved from /home/logi/txtai/venv/lib/python3.10/site-packages/airflow/example_dags/example_trigger_target_dag.py
[2025-11-02T10:54:56.213+0530] {logging_mixin.py:188} INFO - [2025-11-02T10:54:56.212+0530] {dag.py:3089} INFO - Sync 1 DAGs
[2025-11-02T10:54:56.222+0530] {logging_mixin.py:188} INFO - [2025-11-02T10:54:56.222+0530] {dag.py:3947} INFO - Setting next_dagrun for example_trigger_target_dag to None, run_after=None
[2025-11-02T10:54:56.245+0530] {processor.py:183} INFO - Processing /home/logi/txtai/venv/lib/python3.10/site-packages/airflow/example_dags/example_trigger_target_dag.py took 0.082 seconds
[2025-11-02T10:55:47.121+0530] {processor.py:161} INFO - Started process (PID=9168) to work on /home/logi/txtai/venv/lib/python3.10/site-packages/airflow/example_dags/example_trigger_target_dag.py
[2025-11-02T10:55:47.123+0530] {processor.py:830} INFO - Processing file /home/logi/txtai/venv/lib/python3.10/site-packages/airflow/example_dags/example_trigger_target_dag.py for tasks to queue
[2025-11-02T10:55:47.126+0530] {logging_mixin.py:188} INFO - [2025-11-02T10:55:47.125+0530] {dagbag.py:545} INFO - Filling up the DagBag from /home/logi/txtai/venv/lib/python3.10/site-packages/airflow/example_dags/example_trigger_target_dag.py
[2025-11-02T10:55:47.135+0530] {processor.py:840} INFO - DAG(s) 'example_trigger_target_dag' retrieved from /home/logi/txtai/venv/lib/python3.10/site-packages/airflow/example_dags/example_trigger_target_dag.py
[2025-11-02T10:55:47.157+0530] {logging_mixin.py:188} INFO - [2025-11-02T10:55:47.157+0530] {dag.py:3089} INFO - Sync 1 DAGs
[2025-11-02T10:55:47.167+0530] {logging_mixin.py:188} INFO - [2025-11-02T10:55:47.166+0530] {dag.py:3947} INFO - Setting next_dagrun for example_trigger_target_dag to None, run_after=None
[2025-11-02T10:55:47.184+0530] {processor.py:183} INFO - Processing /home/logi/txtai/venv/lib/python3.10/site-packages/airflow/example_dags/example_trigger_target_dag.py took 0.073 seconds
[2025-11-02T10:56:40.048+0530] {processor.py:161} INFO - Started process (PID=9288) to work on /home/logi/txtai/venv/lib/python3.10/site-packages/airflow/example_dags/example_trigger_target_dag.py
[2025-11-02T10:56:40.049+0530] {processor.py:830} INFO - Processing file /home/logi/txtai/venv/lib/python3.10/site-packages/airflow/example_dags/example_trigger_target_dag.py for tasks to queue
[2025-11-02T10:56:40.052+0530] {logging_mixin.py:188} INFO - [2025-11-02T10:56:40.051+0530] {dagbag.py:545} INFO - Filling up the DagBag from /home/logi/txtai/venv/lib/python3.10/site-packages/airflow/example_dags/example_trigger_target_dag.py
[2025-11-02T10:56:40.061+0530] {processor.py:840} INFO - DAG(s) 'example_trigger_target_dag' retrieved from /home/logi/txtai/venv/lib/python3.10/site-packages/airflow/example_dags/example_trigger_target_dag.py
[2025-11-02T10:56:40.084+0530] {logging_mixin.py:188} INFO - [2025-11-02T10:56:40.084+0530] {dag.py:3089} INFO - Sync 1 DAGs
[2025-11-02T10:56:40.093+0530] {logging_mixin.py:188} INFO - [2025-11-02T10:56:40.092+0530] {dag.py:3947} INFO - Setting next_dagrun for example_trigger_target_dag to None, run_after=None
[2025-11-02T10:56:40.111+0530] {processor.py:183} INFO - Processing /home/logi/txtai/venv/lib/python3.10/site-packages/airflow/example_dags/example_trigger_target_dag.py took 0.073 seconds
[2025-11-02T10:57:31.312+0530] {processor.py:161} INFO - Started process (PID=9418) to work on /home/logi/txtai/venv/lib/python3.10/site-packages/airflow/example_dags/example_trigger_target_dag.py
[2025-11-02T10:57:31.325+0530] {processor.py:830} INFO - Processing file /home/logi/txtai/venv/lib/python3.10/site-packages/airflow/example_dags/example_trigger_target_dag.py for tasks to queue
[2025-11-02T10:57:31.328+0530] {logging_mixin.py:188} INFO - [2025-11-02T10:57:31.327+0530] {dagbag.py:545} INFO - Filling up the DagBag from /home/logi/txtai/venv/lib/python3.10/site-packages/airflow/example_dags/example_trigger_target_dag.py
[2025-11-02T10:57:31.338+0530] {processor.py:840} INFO - DAG(s) 'example_trigger_target_dag' retrieved from /home/logi/txtai/venv/lib/python3.10/site-packages/airflow/example_dags/example_trigger_target_dag.py
[2025-11-02T10:57:31.362+0530] {logging_mixin.py:188} INFO - [2025-11-02T10:57:31.362+0530] {dag.py:3089} INFO - Sync 1 DAGs
[2025-11-02T10:57:31.377+0530] {logging_mixin.py:188} INFO - [2025-11-02T10:57:31.376+0530] {dag.py:3947} INFO - Setting next_dagrun for example_trigger_target_dag to None, run_after=None
[2025-11-02T10:57:31.394+0530] {processor.py:183} INFO - Processing /home/logi/txtai/venv/lib/python3.10/site-packages/airflow/example_dags/example_trigger_target_dag.py took 0.093 seconds
[2025-11-02T10:58:19.439+0530] {processor.py:161} INFO - Started process (PID=9495) to work on /home/logi/txtai/venv/lib/python3.10/site-packages/airflow/example_dags/example_trigger_target_dag.py
[2025-11-02T10:58:19.452+0530] {processor.py:830} INFO - Processing file /home/logi/txtai/venv/lib/python3.10/site-packages/airflow/example_dags/example_trigger_target_dag.py for tasks to queue
[2025-11-02T10:58:19.455+0530] {logging_mixin.py:188} INFO - [2025-11-02T10:58:19.454+0530] {dagbag.py:545} INFO - Filling up the DagBag from /home/logi/txtai/venv/lib/python3.10/site-packages/airflow/example_dags/example_trigger_target_dag.py
[2025-11-02T10:58:19.464+0530] {processor.py:840} INFO - DAG(s) 'example_trigger_target_dag' retrieved from /home/logi/txtai/venv/lib/python3.10/site-packages/airflow/example_dags/example_trigger_target_dag.py
[2025-11-02T10:58:19.487+0530] {logging_mixin.py:188} INFO - [2025-11-02T10:58:19.487+0530] {dag.py:3089} INFO - Sync 1 DAGs
[2025-11-02T10:58:19.503+0530] {logging_mixin.py:188} INFO - [2025-11-02T10:58:19.503+0530] {dag.py:3947} INFO - Setting next_dagrun for example_trigger_target_dag to None, run_after=None
[2025-11-02T10:58:19.529+0530] {processor.py:183} INFO - Processing /home/logi/txtai/venv/lib/python3.10/site-packages/airflow/example_dags/example_trigger_target_dag.py took 0.101 seconds
[2025-11-02T10:59:11.284+0530] {processor.py:161} INFO - Started process (PID=9606) to work on /home/logi/txtai/venv/lib/python3.10/site-packages/airflow/example_dags/example_trigger_target_dag.py
[2025-11-02T10:59:11.285+0530] {processor.py:830} INFO - Processing file /home/logi/txtai/venv/lib/python3.10/site-packages/airflow/example_dags/example_trigger_target_dag.py for tasks to queue
[2025-11-02T10:59:11.288+0530] {logging_mixin.py:188} INFO - [2025-11-02T10:59:11.287+0530] {dagbag.py:545} INFO - Filling up the DagBag from /home/logi/txtai/venv/lib/python3.10/site-packages/airflow/example_dags/example_trigger_target_dag.py
[2025-11-02T10:59:11.294+0530] {processor.py:840} INFO - DAG(s) 'example_trigger_target_dag' retrieved from /home/logi/txtai/venv/lib/python3.10/site-packages/airflow/example_dags/example_trigger_target_dag.py
[2025-11-02T10:59:11.308+0530] {logging_mixin.py:188} INFO - [2025-11-02T10:59:11.308+0530] {dag.py:3089} INFO - Sync 1 DAGs
[2025-11-02T10:59:11.317+0530] {logging_mixin.py:188} INFO - [2025-11-02T10:59:11.317+0530] {dag.py:3947} INFO - Setting next_dagrun for example_trigger_target_dag to None, run_after=None
[2025-11-02T10:59:11.334+0530] {processor.py:183} INFO - Processing /home/logi/txtai/venv/lib/python3.10/site-packages/airflow/example_dags/example_trigger_target_dag.py took 0.056 seconds
[2025-11-02T10:59:59.970+0530] {processor.py:161} INFO - Started process (PID=9855) to work on /home/logi/txtai/venv/lib/python3.10/site-packages/airflow/example_dags/example_trigger_target_dag.py
[2025-11-02T10:59:59.983+0530] {processor.py:830} INFO - Processing file /home/logi/txtai/venv/lib/python3.10/site-packages/airflow/example_dags/example_trigger_target_dag.py for tasks to queue
[2025-11-02T10:59:59.986+0530] {logging_mixin.py:188} INFO - [2025-11-02T10:59:59.986+0530] {dagbag.py:545} INFO - Filling up the DagBag from /home/logi/txtai/venv/lib/python3.10/site-packages/airflow/example_dags/example_trigger_target_dag.py
[2025-11-02T10:59:59.996+0530] {processor.py:840} INFO - DAG(s) 'example_trigger_target_dag' retrieved from /home/logi/txtai/venv/lib/python3.10/site-packages/airflow/example_dags/example_trigger_target_dag.py
[2025-11-02T11:00:00.024+0530] {logging_mixin.py:188} INFO - [2025-11-02T11:00:00.023+0530] {dag.py:3089} INFO - Sync 1 DAGs
[2025-11-02T11:00:00.037+0530] {logging_mixin.py:188} INFO - [2025-11-02T11:00:00.037+0530] {dag.py:3947} INFO - Setting next_dagrun for example_trigger_target_dag to None, run_after=None
[2025-11-02T11:00:00.065+0530] {processor.py:183} INFO - Processing /home/logi/txtai/venv/lib/python3.10/site-packages/airflow/example_dags/example_trigger_target_dag.py took 0.105 seconds
[2025-11-02T11:00:44.788+0530] {processor.py:161} INFO - Started process (PID=9978) to work on /home/logi/txtai/venv/lib/python3.10/site-packages/airflow/example_dags/example_trigger_target_dag.py
[2025-11-02T11:00:44.803+0530] {processor.py:830} INFO - Processing file /home/logi/txtai/venv/lib/python3.10/site-packages/airflow/example_dags/example_trigger_target_dag.py for tasks to queue
[2025-11-02T11:00:44.809+0530] {logging_mixin.py:188} INFO - [2025-11-02T11:00:44.807+0530] {dagbag.py:545} INFO - Filling up the DagBag from /home/logi/txtai/venv/lib/python3.10/site-packages/airflow/example_dags/example_trigger_target_dag.py
[2025-11-02T11:00:44.822+0530] {processor.py:840} INFO - DAG(s) 'example_trigger_target_dag' retrieved from /home/logi/txtai/venv/lib/python3.10/site-packages/airflow/example_dags/example_trigger_target_dag.py
[2025-11-02T11:00:44.851+0530] {logging_mixin.py:188} INFO - [2025-11-02T11:00:44.850+0530] {dag.py:3089} INFO - Sync 1 DAGs
[2025-11-02T11:00:44.877+0530] {logging_mixin.py:188} INFO - [2025-11-02T11:00:44.876+0530] {dag.py:3947} INFO - Setting next_dagrun for example_trigger_target_dag to None, run_after=None
[2025-11-02T11:00:44.932+0530] {processor.py:183} INFO - Processing /home/logi/txtai/venv/lib/python3.10/site-packages/airflow/example_dags/example_trigger_target_dag.py took 0.164 seconds
[2025-11-02T11:01:29.733+0530] {processor.py:161} INFO - Started process (PID=10074) to work on /home/logi/txtai/venv/lib/python3.10/site-packages/airflow/example_dags/example_trigger_target_dag.py
[2025-11-02T11:01:29.747+0530] {processor.py:830} INFO - Processing file /home/logi/txtai/venv/lib/python3.10/site-packages/airflow/example_dags/example_trigger_target_dag.py for tasks to queue
[2025-11-02T11:01:29.750+0530] {logging_mixin.py:188} INFO - [2025-11-02T11:01:29.750+0530] {dagbag.py:545} INFO - Filling up the DagBag from /home/logi/txtai/venv/lib/python3.10/site-packages/airflow/example_dags/example_trigger_target_dag.py
[2025-11-02T11:01:29.760+0530] {processor.py:840} INFO - DAG(s) 'example_trigger_target_dag' retrieved from /home/logi/txtai/venv/lib/python3.10/site-packages/airflow/example_dags/example_trigger_target_dag.py
[2025-11-02T11:01:29.778+0530] {logging_mixin.py:188} INFO - [2025-11-02T11:01:29.777+0530] {dag.py:3089} INFO - Sync 1 DAGs
[2025-11-02T11:01:29.790+0530] {logging_mixin.py:188} INFO - [2025-11-02T11:01:29.790+0530] {dag.py:3947} INFO - Setting next_dagrun for example_trigger_target_dag to None, run_after=None
[2025-11-02T11:01:29.815+0530] {processor.py:183} INFO - Processing /home/logi/txtai/venv/lib/python3.10/site-packages/airflow/example_dags/example_trigger_target_dag.py took 0.091 seconds
[2025-11-02T11:02:18.732+0530] {processor.py:161} INFO - Started process (PID=10205) to work on /home/logi/txtai/venv/lib/python3.10/site-packages/airflow/example_dags/example_trigger_target_dag.py
[2025-11-02T11:02:18.748+0530] {processor.py:830} INFO - Processing file /home/logi/txtai/venv/lib/python3.10/site-packages/airflow/example_dags/example_trigger_target_dag.py for tasks to queue
[2025-11-02T11:02:18.759+0530] {logging_mixin.py:188} INFO - [2025-11-02T11:02:18.756+0530] {dagbag.py:545} INFO - Filling up the DagBag from /home/logi/txtai/venv/lib/python3.10/site-packages/airflow/example_dags/example_trigger_target_dag.py
[2025-11-02T11:02:18.782+0530] {processor.py:840} INFO - DAG(s) 'example_trigger_target_dag' retrieved from /home/logi/txtai/venv/lib/python3.10/site-packages/airflow/example_dags/example_trigger_target_dag.py
[2025-11-02T11:02:18.829+0530] {logging_mixin.py:188} INFO - [2025-11-02T11:02:18.828+0530] {dag.py:3089} INFO - Sync 1 DAGs
[2025-11-02T11:02:18.866+0530] {logging_mixin.py:188} INFO - [2025-11-02T11:02:18.865+0530] {dag.py:3947} INFO - Setting next_dagrun for example_trigger_target_dag to None, run_after=None
[2025-11-02T11:02:18.964+0530] {processor.py:183} INFO - Processing /home/logi/txtai/venv/lib/python3.10/site-packages/airflow/example_dags/example_trigger_target_dag.py took 0.258 seconds
[2025-11-02T11:03:10.821+0530] {processor.py:161} INFO - Started process (PID=10283) to work on /home/logi/txtai/venv/lib/python3.10/site-packages/airflow/example_dags/example_trigger_target_dag.py
[2025-11-02T11:03:10.835+0530] {processor.py:830} INFO - Processing file /home/logi/txtai/venv/lib/python3.10/site-packages/airflow/example_dags/example_trigger_target_dag.py for tasks to queue
[2025-11-02T11:03:10.838+0530] {logging_mixin.py:188} INFO - [2025-11-02T11:03:10.837+0530] {dagbag.py:545} INFO - Filling up the DagBag from /home/logi/txtai/venv/lib/python3.10/site-packages/airflow/example_dags/example_trigger_target_dag.py
[2025-11-02T11:03:10.849+0530] {processor.py:840} INFO - DAG(s) 'example_trigger_target_dag' retrieved from /home/logi/txtai/venv/lib/python3.10/site-packages/airflow/example_dags/example_trigger_target_dag.py
[2025-11-02T11:03:10.866+0530] {logging_mixin.py:188} INFO - [2025-11-02T11:03:10.865+0530] {dag.py:3089} INFO - Sync 1 DAGs
[2025-11-02T11:03:10.879+0530] {logging_mixin.py:188} INFO - [2025-11-02T11:03:10.879+0530] {dag.py:3947} INFO - Setting next_dagrun for example_trigger_target_dag to None, run_after=None
[2025-11-02T11:03:10.901+0530] {processor.py:183} INFO - Processing /home/logi/txtai/venv/lib/python3.10/site-packages/airflow/example_dags/example_trigger_target_dag.py took 0.092 seconds
[2025-11-02T11:04:06.355+0530] {processor.py:161} INFO - Started process (PID=10372) to work on /home/logi/txtai/venv/lib/python3.10/site-packages/airflow/example_dags/example_trigger_target_dag.py
[2025-11-02T11:04:06.357+0530] {processor.py:830} INFO - Processing file /home/logi/txtai/venv/lib/python3.10/site-packages/airflow/example_dags/example_trigger_target_dag.py for tasks to queue
[2025-11-02T11:04:06.359+0530] {logging_mixin.py:188} INFO - [2025-11-02T11:04:06.358+0530] {dagbag.py:545} INFO - Filling up the DagBag from /home/logi/txtai/venv/lib/python3.10/site-packages/airflow/example_dags/example_trigger_target_dag.py
[2025-11-02T11:04:06.365+0530] {processor.py:840} INFO - DAG(s) 'example_trigger_target_dag' retrieved from /home/logi/txtai/venv/lib/python3.10/site-packages/airflow/example_dags/example_trigger_target_dag.py
[2025-11-02T11:04:06.381+0530] {logging_mixin.py:188} INFO - [2025-11-02T11:04:06.381+0530] {dag.py:3089} INFO - Sync 1 DAGs
[2025-11-02T11:04:06.391+0530] {logging_mixin.py:188} INFO - [2025-11-02T11:04:06.390+0530] {dag.py:3947} INFO - Setting next_dagrun for example_trigger_target_dag to None, run_after=None
[2025-11-02T11:04:06.419+0530] {processor.py:183} INFO - Processing /home/logi/txtai/venv/lib/python3.10/site-packages/airflow/example_dags/example_trigger_target_dag.py took 0.073 seconds
[2025-11-02T11:04:53.699+0530] {processor.py:161} INFO - Started process (PID=10463) to work on /home/logi/txtai/venv/lib/python3.10/site-packages/airflow/example_dags/example_trigger_target_dag.py
[2025-11-02T11:04:53.712+0530] {processor.py:830} INFO - Processing file /home/logi/txtai/venv/lib/python3.10/site-packages/airflow/example_dags/example_trigger_target_dag.py for tasks to queue
[2025-11-02T11:04:53.715+0530] {logging_mixin.py:188} INFO - [2025-11-02T11:04:53.714+0530] {dagbag.py:545} INFO - Filling up the DagBag from /home/logi/txtai/venv/lib/python3.10/site-packages/airflow/example_dags/example_trigger_target_dag.py
[2025-11-02T11:04:53.723+0530] {processor.py:840} INFO - DAG(s) 'example_trigger_target_dag' retrieved from /home/logi/txtai/venv/lib/python3.10/site-packages/airflow/example_dags/example_trigger_target_dag.py
[2025-11-02T11:04:53.738+0530] {logging_mixin.py:188} INFO - [2025-11-02T11:04:53.737+0530] {dag.py:3089} INFO - Sync 1 DAGs
[2025-11-02T11:04:53.748+0530] {logging_mixin.py:188} INFO - [2025-11-02T11:04:53.748+0530] {dag.py:3947} INFO - Setting next_dagrun for example_trigger_target_dag to None, run_after=None
[2025-11-02T11:04:53.769+0530] {processor.py:183} INFO - Processing /home/logi/txtai/venv/lib/python3.10/site-packages/airflow/example_dags/example_trigger_target_dag.py took 0.075 seconds
[2025-11-02T11:05:44.928+0530] {processor.py:161} INFO - Started process (PID=10573) to work on /home/logi/txtai/venv/lib/python3.10/site-packages/airflow/example_dags/example_trigger_target_dag.py
[2025-11-02T11:05:44.941+0530] {processor.py:830} INFO - Processing file /home/logi/txtai/venv/lib/python3.10/site-packages/airflow/example_dags/example_trigger_target_dag.py for tasks to queue
[2025-11-02T11:05:44.944+0530] {logging_mixin.py:188} INFO - [2025-11-02T11:05:44.944+0530] {dagbag.py:545} INFO - Filling up the DagBag from /home/logi/txtai/venv/lib/python3.10/site-packages/airflow/example_dags/example_trigger_target_dag.py
[2025-11-02T11:05:44.950+0530] {processor.py:840} INFO - DAG(s) 'example_trigger_target_dag' retrieved from /home/logi/txtai/venv/lib/python3.10/site-packages/airflow/example_dags/example_trigger_target_dag.py
[2025-11-02T11:05:44.966+0530] {logging_mixin.py:188} INFO - [2025-11-02T11:05:44.966+0530] {dag.py:3089} INFO - Sync 1 DAGs
[2025-11-02T11:05:44.976+0530] {logging_mixin.py:188} INFO - [2025-11-02T11:05:44.976+0530] {dag.py:3947} INFO - Setting next_dagrun for example_trigger_target_dag to None, run_after=None
[2025-11-02T11:05:44.994+0530] {processor.py:183} INFO - Processing /home/logi/txtai/venv/lib/python3.10/site-packages/airflow/example_dags/example_trigger_target_dag.py took 0.073 seconds
[2025-11-02T11:06:33.185+0530] {processor.py:161} INFO - Started process (PID=10645) to work on /home/logi/txtai/venv/lib/python3.10/site-packages/airflow/example_dags/example_trigger_target_dag.py
[2025-11-02T11:06:33.198+0530] {processor.py:830} INFO - Processing file /home/logi/txtai/venv/lib/python3.10/site-packages/airflow/example_dags/example_trigger_target_dag.py for tasks to queue
[2025-11-02T11:06:33.199+0530] {logging_mixin.py:188} INFO - [2025-11-02T11:06:33.199+0530] {dagbag.py:545} INFO - Filling up the DagBag from /home/logi/txtai/venv/lib/python3.10/site-packages/airflow/example_dags/example_trigger_target_dag.py
[2025-11-02T11:06:33.207+0530] {processor.py:840} INFO - DAG(s) 'example_trigger_target_dag' retrieved from /home/logi/txtai/venv/lib/python3.10/site-packages/airflow/example_dags/example_trigger_target_dag.py
[2025-11-02T11:06:33.224+0530] {logging_mixin.py:188} INFO - [2025-11-02T11:06:33.224+0530] {dag.py:3089} INFO - Sync 1 DAGs
[2025-11-02T11:06:33.234+0530] {logging_mixin.py:188} INFO - [2025-11-02T11:06:33.234+0530] {dag.py:3947} INFO - Setting next_dagrun for example_trigger_target_dag to None, run_after=None
[2025-11-02T11:06:33.253+0530] {processor.py:183} INFO - Processing /home/logi/txtai/venv/lib/python3.10/site-packages/airflow/example_dags/example_trigger_target_dag.py took 0.076 seconds
[2025-11-02T11:07:18.149+0530] {processor.py:161} INFO - Started process (PID=10716) to work on /home/logi/txtai/venv/lib/python3.10/site-packages/airflow/example_dags/example_trigger_target_dag.py
[2025-11-02T11:07:18.151+0530] {processor.py:830} INFO - Processing file /home/logi/txtai/venv/lib/python3.10/site-packages/airflow/example_dags/example_trigger_target_dag.py for tasks to queue
[2025-11-02T11:07:18.154+0530] {logging_mixin.py:188} INFO - [2025-11-02T11:07:18.153+0530] {dagbag.py:545} INFO - Filling up the DagBag from /home/logi/txtai/venv/lib/python3.10/site-packages/airflow/example_dags/example_trigger_target_dag.py
[2025-11-02T11:07:18.164+0530] {processor.py:840} INFO - DAG(s) 'example_trigger_target_dag' retrieved from /home/logi/txtai/venv/lib/python3.10/site-packages/airflow/example_dags/example_trigger_target_dag.py
[2025-11-02T11:07:18.189+0530] {logging_mixin.py:188} INFO - [2025-11-02T11:07:18.188+0530] {dag.py:3089} INFO - Sync 1 DAGs
[2025-11-02T11:07:18.198+0530] {logging_mixin.py:188} INFO - [2025-11-02T11:07:18.197+0530] {dag.py:3947} INFO - Setting next_dagrun for example_trigger_target_dag to None, run_after=None
[2025-11-02T11:07:18.218+0530] {processor.py:183} INFO - Processing /home/logi/txtai/venv/lib/python3.10/site-packages/airflow/example_dags/example_trigger_target_dag.py took 0.079 seconds
[2025-11-02T11:08:02.356+0530] {processor.py:161} INFO - Started process (PID=10787) to work on /home/logi/txtai/venv/lib/python3.10/site-packages/airflow/example_dags/example_trigger_target_dag.py
[2025-11-02T11:08:02.369+0530] {processor.py:830} INFO - Processing file /home/logi/txtai/venv/lib/python3.10/site-packages/airflow/example_dags/example_trigger_target_dag.py for tasks to queue
[2025-11-02T11:08:02.372+0530] {logging_mixin.py:188} INFO - [2025-11-02T11:08:02.371+0530] {dagbag.py:545} INFO - Filling up the DagBag from /home/logi/txtai/venv/lib/python3.10/site-packages/airflow/example_dags/example_trigger_target_dag.py
[2025-11-02T11:08:02.382+0530] {processor.py:840} INFO - DAG(s) 'example_trigger_target_dag' retrieved from /home/logi/txtai/venv/lib/python3.10/site-packages/airflow/example_dags/example_trigger_target_dag.py
[2025-11-02T11:08:02.400+0530] {logging_mixin.py:188} INFO - [2025-11-02T11:08:02.399+0530] {dag.py:3089} INFO - Sync 1 DAGs
[2025-11-02T11:08:02.411+0530] {logging_mixin.py:188} INFO - [2025-11-02T11:08:02.411+0530] {dag.py:3947} INFO - Setting next_dagrun for example_trigger_target_dag to None, run_after=None
[2025-11-02T11:08:02.438+0530] {processor.py:183} INFO - Processing /home/logi/txtai/venv/lib/python3.10/site-packages/airflow/example_dags/example_trigger_target_dag.py took 0.091 seconds
[2025-11-02T11:08:49.311+0530] {processor.py:161} INFO - Started process (PID=10859) to work on /home/logi/txtai/venv/lib/python3.10/site-packages/airflow/example_dags/example_trigger_target_dag.py
[2025-11-02T11:08:49.324+0530] {processor.py:830} INFO - Processing file /home/logi/txtai/venv/lib/python3.10/site-packages/airflow/example_dags/example_trigger_target_dag.py for tasks to queue
[2025-11-02T11:08:49.327+0530] {logging_mixin.py:188} INFO - [2025-11-02T11:08:49.327+0530] {dagbag.py:545} INFO - Filling up the DagBag from /home/logi/txtai/venv/lib/python3.10/site-packages/airflow/example_dags/example_trigger_target_dag.py
[2025-11-02T11:08:49.338+0530] {processor.py:840} INFO - DAG(s) 'example_trigger_target_dag' retrieved from /home/logi/txtai/venv/lib/python3.10/site-packages/airflow/example_dags/example_trigger_target_dag.py
[2025-11-02T11:08:49.363+0530] {logging_mixin.py:188} INFO - [2025-11-02T11:08:49.363+0530] {dag.py:3089} INFO - Sync 1 DAGs
[2025-11-02T11:08:49.378+0530] {logging_mixin.py:188} INFO - [2025-11-02T11:08:49.378+0530] {dag.py:3947} INFO - Setting next_dagrun for example_trigger_target_dag to None, run_after=None
[2025-11-02T11:08:49.396+0530] {processor.py:183} INFO - Processing /home/logi/txtai/venv/lib/python3.10/site-packages/airflow/example_dags/example_trigger_target_dag.py took 0.096 seconds
[2025-11-02T11:09:36.785+0530] {processor.py:161} INFO - Started process (PID=10931) to work on /home/logi/txtai/venv/lib/python3.10/site-packages/airflow/example_dags/example_trigger_target_dag.py
[2025-11-02T11:09:36.797+0530] {processor.py:830} INFO - Processing file /home/logi/txtai/venv/lib/python3.10/site-packages/airflow/example_dags/example_trigger_target_dag.py for tasks to queue
[2025-11-02T11:09:36.800+0530] {logging_mixin.py:188} INFO - [2025-11-02T11:09:36.799+0530] {dagbag.py:545} INFO - Filling up the DagBag from /home/logi/txtai/venv/lib/python3.10/site-packages/airflow/example_dags/example_trigger_target_dag.py
[2025-11-02T11:09:36.806+0530] {processor.py:840} INFO - DAG(s) 'example_trigger_target_dag' retrieved from /home/logi/txtai/venv/lib/python3.10/site-packages/airflow/example_dags/example_trigger_target_dag.py
[2025-11-02T11:09:36.820+0530] {logging_mixin.py:188} INFO - [2025-11-02T11:09:36.820+0530] {dag.py:3089} INFO - Sync 1 DAGs
[2025-11-02T11:09:36.829+0530] {logging_mixin.py:188} INFO - [2025-11-02T11:09:36.829+0530] {dag.py:3947} INFO - Setting next_dagrun for example_trigger_target_dag to None, run_after=None
[2025-11-02T11:09:36.847+0530] {processor.py:183} INFO - Processing /home/logi/txtai/venv/lib/python3.10/site-packages/airflow/example_dags/example_trigger_target_dag.py took 0.067 seconds
[2025-11-02T11:10:28.692+0530] {processor.py:161} INFO - Started process (PID=11035) to work on /home/logi/txtai/venv/lib/python3.10/site-packages/airflow/example_dags/example_trigger_target_dag.py
[2025-11-02T11:10:28.705+0530] {processor.py:830} INFO - Processing file /home/logi/txtai/venv/lib/python3.10/site-packages/airflow/example_dags/example_trigger_target_dag.py for tasks to queue
[2025-11-02T11:10:28.708+0530] {logging_mixin.py:188} INFO - [2025-11-02T11:10:28.707+0530] {dagbag.py:545} INFO - Filling up the DagBag from /home/logi/txtai/venv/lib/python3.10/site-packages/airflow/example_dags/example_trigger_target_dag.py
[2025-11-02T11:10:28.718+0530] {processor.py:840} INFO - DAG(s) 'example_trigger_target_dag' retrieved from /home/logi/txtai/venv/lib/python3.10/site-packages/airflow/example_dags/example_trigger_target_dag.py
[2025-11-02T11:10:28.742+0530] {logging_mixin.py:188} INFO - [2025-11-02T11:10:28.741+0530] {dag.py:3089} INFO - Sync 1 DAGs
[2025-11-02T11:10:28.757+0530] {logging_mixin.py:188} INFO - [2025-11-02T11:10:28.757+0530] {dag.py:3947} INFO - Setting next_dagrun for example_trigger_target_dag to None, run_after=None
[2025-11-02T11:10:28.782+0530] {processor.py:183} INFO - Processing /home/logi/txtai/venv/lib/python3.10/site-packages/airflow/example_dags/example_trigger_target_dag.py took 0.100 seconds
[2025-11-02T11:11:18.466+0530] {processor.py:161} INFO - Started process (PID=11106) to work on /home/logi/txtai/venv/lib/python3.10/site-packages/airflow/example_dags/example_trigger_target_dag.py
[2025-11-02T11:11:18.479+0530] {processor.py:830} INFO - Processing file /home/logi/txtai/venv/lib/python3.10/site-packages/airflow/example_dags/example_trigger_target_dag.py for tasks to queue
[2025-11-02T11:11:18.480+0530] {logging_mixin.py:188} INFO - [2025-11-02T11:11:18.480+0530] {dagbag.py:545} INFO - Filling up the DagBag from /home/logi/txtai/venv/lib/python3.10/site-packages/airflow/example_dags/example_trigger_target_dag.py
[2025-11-02T11:11:18.486+0530] {processor.py:840} INFO - DAG(s) 'example_trigger_target_dag' retrieved from /home/logi/txtai/venv/lib/python3.10/site-packages/airflow/example_dags/example_trigger_target_dag.py
[2025-11-02T11:11:18.502+0530] {logging_mixin.py:188} INFO - [2025-11-02T11:11:18.501+0530] {dag.py:3089} INFO - Sync 1 DAGs
[2025-11-02T11:11:18.511+0530] {logging_mixin.py:188} INFO - [2025-11-02T11:11:18.511+0530] {dag.py:3947} INFO - Setting next_dagrun for example_trigger_target_dag to None, run_after=None
[2025-11-02T11:11:18.531+0530] {processor.py:183} INFO - Processing /home/logi/txtai/venv/lib/python3.10/site-packages/airflow/example_dags/example_trigger_target_dag.py took 0.071 seconds
[2025-11-02T11:12:08.289+0530] {processor.py:161} INFO - Started process (PID=11180) to work on /home/logi/txtai/venv/lib/python3.10/site-packages/airflow/example_dags/example_trigger_target_dag.py
[2025-11-02T11:12:08.303+0530] {processor.py:830} INFO - Processing file /home/logi/txtai/venv/lib/python3.10/site-packages/airflow/example_dags/example_trigger_target_dag.py for tasks to queue
[2025-11-02T11:12:08.305+0530] {logging_mixin.py:188} INFO - [2025-11-02T11:12:08.305+0530] {dagbag.py:545} INFO - Filling up the DagBag from /home/logi/txtai/venv/lib/python3.10/site-packages/airflow/example_dags/example_trigger_target_dag.py
[2025-11-02T11:12:08.315+0530] {processor.py:840} INFO - DAG(s) 'example_trigger_target_dag' retrieved from /home/logi/txtai/venv/lib/python3.10/site-packages/airflow/example_dags/example_trigger_target_dag.py
[2025-11-02T11:12:08.339+0530] {logging_mixin.py:188} INFO - [2025-11-02T11:12:08.339+0530] {dag.py:3089} INFO - Sync 1 DAGs
[2025-11-02T11:12:08.355+0530] {logging_mixin.py:188} INFO - [2025-11-02T11:12:08.355+0530] {dag.py:3947} INFO - Setting next_dagrun for example_trigger_target_dag to None, run_after=None
[2025-11-02T11:12:08.384+0530] {processor.py:183} INFO - Processing /home/logi/txtai/venv/lib/python3.10/site-packages/airflow/example_dags/example_trigger_target_dag.py took 0.106 seconds
[2025-11-02T11:12:53.051+0530] {processor.py:161} INFO - Started process (PID=11249) to work on /home/logi/txtai/venv/lib/python3.10/site-packages/airflow/example_dags/example_trigger_target_dag.py
[2025-11-02T11:12:53.065+0530] {processor.py:830} INFO - Processing file /home/logi/txtai/venv/lib/python3.10/site-packages/airflow/example_dags/example_trigger_target_dag.py for tasks to queue
[2025-11-02T11:12:53.067+0530] {logging_mixin.py:188} INFO - [2025-11-02T11:12:53.067+0530] {dagbag.py:545} INFO - Filling up the DagBag from /home/logi/txtai/venv/lib/python3.10/site-packages/airflow/example_dags/example_trigger_target_dag.py
[2025-11-02T11:12:53.075+0530] {processor.py:840} INFO - DAG(s) 'example_trigger_target_dag' retrieved from /home/logi/txtai/venv/lib/python3.10/site-packages/airflow/example_dags/example_trigger_target_dag.py
[2025-11-02T11:12:53.089+0530] {logging_mixin.py:188} INFO - [2025-11-02T11:12:53.088+0530] {dag.py:3089} INFO - Sync 1 DAGs
[2025-11-02T11:12:53.097+0530] {logging_mixin.py:188} INFO - [2025-11-02T11:12:53.097+0530] {dag.py:3947} INFO - Setting next_dagrun for example_trigger_target_dag to None, run_after=None
[2025-11-02T11:12:53.116+0530] {processor.py:183} INFO - Processing /home/logi/txtai/venv/lib/python3.10/site-packages/airflow/example_dags/example_trigger_target_dag.py took 0.070 seconds
[2025-11-02T11:13:42.949+0530] {processor.py:161} INFO - Started process (PID=11392) to work on /home/logi/txtai/venv/lib/python3.10/site-packages/airflow/example_dags/example_trigger_target_dag.py
[2025-11-02T11:13:42.962+0530] {processor.py:830} INFO - Processing file /home/logi/txtai/venv/lib/python3.10/site-packages/airflow/example_dags/example_trigger_target_dag.py for tasks to queue
[2025-11-02T11:13:42.965+0530] {logging_mixin.py:188} INFO - [2025-11-02T11:13:42.964+0530] {dagbag.py:545} INFO - Filling up the DagBag from /home/logi/txtai/venv/lib/python3.10/site-packages/airflow/example_dags/example_trigger_target_dag.py
[2025-11-02T11:13:42.975+0530] {processor.py:840} INFO - DAG(s) 'example_trigger_target_dag' retrieved from /home/logi/txtai/venv/lib/python3.10/site-packages/airflow/example_dags/example_trigger_target_dag.py
[2025-11-02T11:13:43.001+0530] {logging_mixin.py:188} INFO - [2025-11-02T11:13:43.001+0530] {dag.py:3089} INFO - Sync 1 DAGs
[2025-11-02T11:13:43.016+0530] {logging_mixin.py:188} INFO - [2025-11-02T11:13:43.016+0530] {dag.py:3947} INFO - Setting next_dagrun for example_trigger_target_dag to None, run_after=None
[2025-11-02T11:13:43.034+0530] {processor.py:183} INFO - Processing /home/logi/txtai/venv/lib/python3.10/site-packages/airflow/example_dags/example_trigger_target_dag.py took 0.096 seconds
[2025-11-02T11:14:34.333+0530] {processor.py:161} INFO - Started process (PID=11468) to work on /home/logi/txtai/venv/lib/python3.10/site-packages/airflow/example_dags/example_trigger_target_dag.py
[2025-11-02T11:14:34.345+0530] {processor.py:830} INFO - Processing file /home/logi/txtai/venv/lib/python3.10/site-packages/airflow/example_dags/example_trigger_target_dag.py for tasks to queue
[2025-11-02T11:14:34.349+0530] {logging_mixin.py:188} INFO - [2025-11-02T11:14:34.348+0530] {dagbag.py:545} INFO - Filling up the DagBag from /home/logi/txtai/venv/lib/python3.10/site-packages/airflow/example_dags/example_trigger_target_dag.py
[2025-11-02T11:14:34.355+0530] {processor.py:840} INFO - DAG(s) 'example_trigger_target_dag' retrieved from /home/logi/txtai/venv/lib/python3.10/site-packages/airflow/example_dags/example_trigger_target_dag.py
[2025-11-02T11:14:34.369+0530] {logging_mixin.py:188} INFO - [2025-11-02T11:14:34.368+0530] {dag.py:3089} INFO - Sync 1 DAGs
[2025-11-02T11:14:34.378+0530] {logging_mixin.py:188} INFO - [2025-11-02T11:14:34.378+0530] {dag.py:3947} INFO - Setting next_dagrun for example_trigger_target_dag to None, run_after=None
[2025-11-02T11:14:34.396+0530] {processor.py:183} INFO - Processing /home/logi/txtai/venv/lib/python3.10/site-packages/airflow/example_dags/example_trigger_target_dag.py took 0.069 seconds
[2025-11-02T11:15:28.632+0530] {processor.py:161} INFO - Started process (PID=11675) to work on /home/logi/txtai/venv/lib/python3.10/site-packages/airflow/example_dags/example_trigger_target_dag.py
[2025-11-02T11:15:28.645+0530] {processor.py:830} INFO - Processing file /home/logi/txtai/venv/lib/python3.10/site-packages/airflow/example_dags/example_trigger_target_dag.py for tasks to queue
[2025-11-02T11:15:28.648+0530] {logging_mixin.py:188} INFO - [2025-11-02T11:15:28.647+0530] {dagbag.py:545} INFO - Filling up the DagBag from /home/logi/txtai/venv/lib/python3.10/site-packages/airflow/example_dags/example_trigger_target_dag.py
[2025-11-02T11:15:28.655+0530] {processor.py:840} INFO - DAG(s) 'example_trigger_target_dag' retrieved from /home/logi/txtai/venv/lib/python3.10/site-packages/airflow/example_dags/example_trigger_target_dag.py
[2025-11-02T11:15:28.672+0530] {logging_mixin.py:188} INFO - [2025-11-02T11:15:28.672+0530] {dag.py:3089} INFO - Sync 1 DAGs
[2025-11-02T11:15:28.681+0530] {logging_mixin.py:188} INFO - [2025-11-02T11:15:28.680+0530] {dag.py:3947} INFO - Setting next_dagrun for example_trigger_target_dag to None, run_after=None
[2025-11-02T11:15:28.699+0530] {processor.py:183} INFO - Processing /home/logi/txtai/venv/lib/python3.10/site-packages/airflow/example_dags/example_trigger_target_dag.py took 0.074 seconds
[2025-11-02T11:16:21.715+0530] {processor.py:161} INFO - Started process (PID=11752) to work on /home/logi/txtai/venv/lib/python3.10/site-packages/airflow/example_dags/example_trigger_target_dag.py
[2025-11-02T11:16:21.729+0530] {processor.py:830} INFO - Processing file /home/logi/txtai/venv/lib/python3.10/site-packages/airflow/example_dags/example_trigger_target_dag.py for tasks to queue
[2025-11-02T11:16:21.731+0530] {logging_mixin.py:188} INFO - [2025-11-02T11:16:21.731+0530] {dagbag.py:545} INFO - Filling up the DagBag from /home/logi/txtai/venv/lib/python3.10/site-packages/airflow/example_dags/example_trigger_target_dag.py
[2025-11-02T11:16:21.741+0530] {processor.py:840} INFO - DAG(s) 'example_trigger_target_dag' retrieved from /home/logi/txtai/venv/lib/python3.10/site-packages/airflow/example_dags/example_trigger_target_dag.py
[2025-11-02T11:16:21.764+0530] {logging_mixin.py:188} INFO - [2025-11-02T11:16:21.764+0530] {dag.py:3089} INFO - Sync 1 DAGs
[2025-11-02T11:16:21.778+0530] {logging_mixin.py:188} INFO - [2025-11-02T11:16:21.778+0530] {dag.py:3947} INFO - Setting next_dagrun for example_trigger_target_dag to None, run_after=None
[2025-11-02T11:16:21.803+0530] {processor.py:183} INFO - Processing /home/logi/txtai/venv/lib/python3.10/site-packages/airflow/example_dags/example_trigger_target_dag.py took 0.097 seconds
[2025-11-02T11:17:08.658+0530] {processor.py:161} INFO - Started process (PID=11825) to work on /home/logi/txtai/venv/lib/python3.10/site-packages/airflow/example_dags/example_trigger_target_dag.py
[2025-11-02T11:17:08.671+0530] {processor.py:830} INFO - Processing file /home/logi/txtai/venv/lib/python3.10/site-packages/airflow/example_dags/example_trigger_target_dag.py for tasks to queue
[2025-11-02T11:17:08.675+0530] {logging_mixin.py:188} INFO - [2025-11-02T11:17:08.674+0530] {dagbag.py:545} INFO - Filling up the DagBag from /home/logi/txtai/venv/lib/python3.10/site-packages/airflow/example_dags/example_trigger_target_dag.py
[2025-11-02T11:17:08.685+0530] {processor.py:840} INFO - DAG(s) 'example_trigger_target_dag' retrieved from /home/logi/txtai/venv/lib/python3.10/site-packages/airflow/example_dags/example_trigger_target_dag.py
[2025-11-02T11:17:08.708+0530] {logging_mixin.py:188} INFO - [2025-11-02T11:17:08.708+0530] {dag.py:3089} INFO - Sync 1 DAGs
[2025-11-02T11:17:08.723+0530] {logging_mixin.py:188} INFO - [2025-11-02T11:17:08.723+0530] {dag.py:3947} INFO - Setting next_dagrun for example_trigger_target_dag to None, run_after=None
[2025-11-02T11:17:08.741+0530] {processor.py:183} INFO - Processing /home/logi/txtai/venv/lib/python3.10/site-packages/airflow/example_dags/example_trigger_target_dag.py took 0.094 seconds
[2025-11-02T11:17:56.207+0530] {processor.py:161} INFO - Started process (PID=11896) to work on /home/logi/txtai/venv/lib/python3.10/site-packages/airflow/example_dags/example_trigger_target_dag.py
[2025-11-02T11:17:56.220+0530] {processor.py:830} INFO - Processing file /home/logi/txtai/venv/lib/python3.10/site-packages/airflow/example_dags/example_trigger_target_dag.py for tasks to queue
[2025-11-02T11:17:56.224+0530] {logging_mixin.py:188} INFO - [2025-11-02T11:17:56.223+0530] {dagbag.py:545} INFO - Filling up the DagBag from /home/logi/txtai/venv/lib/python3.10/site-packages/airflow/example_dags/example_trigger_target_dag.py
[2025-11-02T11:17:56.234+0530] {processor.py:840} INFO - DAG(s) 'example_trigger_target_dag' retrieved from /home/logi/txtai/venv/lib/python3.10/site-packages/airflow/example_dags/example_trigger_target_dag.py
[2025-11-02T11:17:56.259+0530] {logging_mixin.py:188} INFO - [2025-11-02T11:17:56.259+0530] {dag.py:3089} INFO - Sync 1 DAGs
[2025-11-02T11:17:56.273+0530] {logging_mixin.py:188} INFO - [2025-11-02T11:17:56.273+0530] {dag.py:3947} INFO - Setting next_dagrun for example_trigger_target_dag to None, run_after=None
[2025-11-02T11:17:56.300+0530] {processor.py:183} INFO - Processing /home/logi/txtai/venv/lib/python3.10/site-packages/airflow/example_dags/example_trigger_target_dag.py took 0.106 seconds
[2025-11-02T11:18:43.844+0530] {processor.py:161} INFO - Started process (PID=11971) to work on /home/logi/txtai/venv/lib/python3.10/site-packages/airflow/example_dags/example_trigger_target_dag.py
[2025-11-02T11:18:43.857+0530] {processor.py:830} INFO - Processing file /home/logi/txtai/venv/lib/python3.10/site-packages/airflow/example_dags/example_trigger_target_dag.py for tasks to queue
[2025-11-02T11:18:43.859+0530] {logging_mixin.py:188} INFO - [2025-11-02T11:18:43.858+0530] {dagbag.py:545} INFO - Filling up the DagBag from /home/logi/txtai/venv/lib/python3.10/site-packages/airflow/example_dags/example_trigger_target_dag.py
[2025-11-02T11:18:43.865+0530] {processor.py:840} INFO - DAG(s) 'example_trigger_target_dag' retrieved from /home/logi/txtai/venv/lib/python3.10/site-packages/airflow/example_dags/example_trigger_target_dag.py
[2025-11-02T11:18:43.880+0530] {logging_mixin.py:188} INFO - [2025-11-02T11:18:43.880+0530] {dag.py:3089} INFO - Sync 1 DAGs
[2025-11-02T11:18:43.890+0530] {logging_mixin.py:188} INFO - [2025-11-02T11:18:43.890+0530] {dag.py:3947} INFO - Setting next_dagrun for example_trigger_target_dag to None, run_after=None
[2025-11-02T11:18:43.908+0530] {processor.py:183} INFO - Processing /home/logi/txtai/venv/lib/python3.10/site-packages/airflow/example_dags/example_trigger_target_dag.py took 0.069 seconds
[2025-11-02T11:19:30.481+0530] {processor.py:161} INFO - Started process (PID=12042) to work on /home/logi/txtai/venv/lib/python3.10/site-packages/airflow/example_dags/example_trigger_target_dag.py
[2025-11-02T11:19:30.494+0530] {processor.py:830} INFO - Processing file /home/logi/txtai/venv/lib/python3.10/site-packages/airflow/example_dags/example_trigger_target_dag.py for tasks to queue
[2025-11-02T11:19:30.496+0530] {logging_mixin.py:188} INFO - [2025-11-02T11:19:30.496+0530] {dagbag.py:545} INFO - Filling up the DagBag from /home/logi/txtai/venv/lib/python3.10/site-packages/airflow/example_dags/example_trigger_target_dag.py
[2025-11-02T11:19:30.502+0530] {processor.py:840} INFO - DAG(s) 'example_trigger_target_dag' retrieved from /home/logi/txtai/venv/lib/python3.10/site-packages/airflow/example_dags/example_trigger_target_dag.py
[2025-11-02T11:19:30.518+0530] {logging_mixin.py:188} INFO - [2025-11-02T11:19:30.517+0530] {dag.py:3089} INFO - Sync 1 DAGs
[2025-11-02T11:19:30.527+0530] {logging_mixin.py:188} INFO - [2025-11-02T11:19:30.527+0530] {dag.py:3947} INFO - Setting next_dagrun for example_trigger_target_dag to None, run_after=None
[2025-11-02T11:19:30.547+0530] {processor.py:183} INFO - Processing /home/logi/txtai/venv/lib/python3.10/site-packages/airflow/example_dags/example_trigger_target_dag.py took 0.072 seconds
[2025-11-02T11:20:17.160+0530] {processor.py:161} INFO - Started process (PID=12138) to work on /home/logi/txtai/venv/lib/python3.10/site-packages/airflow/example_dags/example_trigger_target_dag.py
[2025-11-02T11:20:17.173+0530] {processor.py:830} INFO - Processing file /home/logi/txtai/venv/lib/python3.10/site-packages/airflow/example_dags/example_trigger_target_dag.py for tasks to queue
[2025-11-02T11:20:17.176+0530] {logging_mixin.py:188} INFO - [2025-11-02T11:20:17.175+0530] {dagbag.py:545} INFO - Filling up the DagBag from /home/logi/txtai/venv/lib/python3.10/site-packages/airflow/example_dags/example_trigger_target_dag.py
[2025-11-02T11:20:17.187+0530] {processor.py:840} INFO - DAG(s) 'example_trigger_target_dag' retrieved from /home/logi/txtai/venv/lib/python3.10/site-packages/airflow/example_dags/example_trigger_target_dag.py
[2025-11-02T11:20:17.213+0530] {logging_mixin.py:188} INFO - [2025-11-02T11:20:17.213+0530] {dag.py:3089} INFO - Sync 1 DAGs
[2025-11-02T11:20:17.229+0530] {logging_mixin.py:188} INFO - [2025-11-02T11:20:17.229+0530] {dag.py:3947} INFO - Setting next_dagrun for example_trigger_target_dag to None, run_after=None
[2025-11-02T11:20:17.246+0530] {processor.py:183} INFO - Processing /home/logi/txtai/venv/lib/python3.10/site-packages/airflow/example_dags/example_trigger_target_dag.py took 0.098 seconds
[2025-11-02T11:21:03.851+0530] {processor.py:161} INFO - Started process (PID=12211) to work on /home/logi/txtai/venv/lib/python3.10/site-packages/airflow/example_dags/example_trigger_target_dag.py
[2025-11-02T11:21:03.864+0530] {processor.py:830} INFO - Processing file /home/logi/txtai/venv/lib/python3.10/site-packages/airflow/example_dags/example_trigger_target_dag.py for tasks to queue
[2025-11-02T11:21:03.867+0530] {logging_mixin.py:188} INFO - [2025-11-02T11:21:03.866+0530] {dagbag.py:545} INFO - Filling up the DagBag from /home/logi/txtai/venv/lib/python3.10/site-packages/airflow/example_dags/example_trigger_target_dag.py
[2025-11-02T11:21:03.878+0530] {processor.py:840} INFO - DAG(s) 'example_trigger_target_dag' retrieved from /home/logi/txtai/venv/lib/python3.10/site-packages/airflow/example_dags/example_trigger_target_dag.py
[2025-11-02T11:21:03.902+0530] {logging_mixin.py:188} INFO - [2025-11-02T11:21:03.902+0530] {dag.py:3089} INFO - Sync 1 DAGs
[2025-11-02T11:21:03.917+0530] {logging_mixin.py:188} INFO - [2025-11-02T11:21:03.917+0530] {dag.py:3947} INFO - Setting next_dagrun for example_trigger_target_dag to None, run_after=None
[2025-11-02T11:21:03.944+0530] {processor.py:183} INFO - Processing /home/logi/txtai/venv/lib/python3.10/site-packages/airflow/example_dags/example_trigger_target_dag.py took 0.104 seconds
[2025-11-02T11:21:51.218+0530] {processor.py:161} INFO - Started process (PID=12282) to work on /home/logi/txtai/venv/lib/python3.10/site-packages/airflow/example_dags/example_trigger_target_dag.py
[2025-11-02T11:21:51.231+0530] {processor.py:830} INFO - Processing file /home/logi/txtai/venv/lib/python3.10/site-packages/airflow/example_dags/example_trigger_target_dag.py for tasks to queue
[2025-11-02T11:21:51.235+0530] {logging_mixin.py:188} INFO - [2025-11-02T11:21:51.234+0530] {dagbag.py:545} INFO - Filling up the DagBag from /home/logi/txtai/venv/lib/python3.10/site-packages/airflow/example_dags/example_trigger_target_dag.py
[2025-11-02T11:21:51.244+0530] {processor.py:840} INFO - DAG(s) 'example_trigger_target_dag' retrieved from /home/logi/txtai/venv/lib/python3.10/site-packages/airflow/example_dags/example_trigger_target_dag.py
[2025-11-02T11:21:51.268+0530] {logging_mixin.py:188} INFO - [2025-11-02T11:21:51.268+0530] {dag.py:3089} INFO - Sync 1 DAGs
[2025-11-02T11:21:51.283+0530] {logging_mixin.py:188} INFO - [2025-11-02T11:21:51.283+0530] {dag.py:3947} INFO - Setting next_dagrun for example_trigger_target_dag to None, run_after=None
[2025-11-02T11:21:51.307+0530] {processor.py:183} INFO - Processing /home/logi/txtai/venv/lib/python3.10/site-packages/airflow/example_dags/example_trigger_target_dag.py took 0.100 seconds
[2025-11-02T11:22:38.444+0530] {processor.py:161} INFO - Started process (PID=12358) to work on /home/logi/txtai/venv/lib/python3.10/site-packages/airflow/example_dags/example_trigger_target_dag.py
[2025-11-02T11:22:38.458+0530] {processor.py:830} INFO - Processing file /home/logi/txtai/venv/lib/python3.10/site-packages/airflow/example_dags/example_trigger_target_dag.py for tasks to queue
[2025-11-02T11:22:38.460+0530] {logging_mixin.py:188} INFO - [2025-11-02T11:22:38.460+0530] {dagbag.py:545} INFO - Filling up the DagBag from /home/logi/txtai/venv/lib/python3.10/site-packages/airflow/example_dags/example_trigger_target_dag.py
[2025-11-02T11:22:38.471+0530] {processor.py:840} INFO - DAG(s) 'example_trigger_target_dag' retrieved from /home/logi/txtai/venv/lib/python3.10/site-packages/airflow/example_dags/example_trigger_target_dag.py
[2025-11-02T11:22:38.501+0530] {logging_mixin.py:188} INFO - [2025-11-02T11:22:38.500+0530] {dag.py:3089} INFO - Sync 1 DAGs
[2025-11-02T11:22:38.514+0530] {logging_mixin.py:188} INFO - [2025-11-02T11:22:38.514+0530] {dag.py:3947} INFO - Setting next_dagrun for example_trigger_target_dag to None, run_after=None
[2025-11-02T11:22:38.535+0530] {processor.py:183} INFO - Processing /home/logi/txtai/venv/lib/python3.10/site-packages/airflow/example_dags/example_trigger_target_dag.py took 0.101 seconds
[2025-11-02T11:23:26.207+0530] {processor.py:161} INFO - Started process (PID=12433) to work on /home/logi/txtai/venv/lib/python3.10/site-packages/airflow/example_dags/example_trigger_target_dag.py
[2025-11-02T11:23:26.209+0530] {processor.py:830} INFO - Processing file /home/logi/txtai/venv/lib/python3.10/site-packages/airflow/example_dags/example_trigger_target_dag.py for tasks to queue
[2025-11-02T11:23:26.212+0530] {logging_mixin.py:188} INFO - [2025-11-02T11:23:26.211+0530] {dagbag.py:545} INFO - Filling up the DagBag from /home/logi/txtai/venv/lib/python3.10/site-packages/airflow/example_dags/example_trigger_target_dag.py
[2025-11-02T11:23:26.221+0530] {processor.py:840} INFO - DAG(s) 'example_trigger_target_dag' retrieved from /home/logi/txtai/venv/lib/python3.10/site-packages/airflow/example_dags/example_trigger_target_dag.py
[2025-11-02T11:23:26.245+0530] {logging_mixin.py:188} INFO - [2025-11-02T11:23:26.245+0530] {dag.py:3089} INFO - Sync 1 DAGs
[2025-11-02T11:23:26.255+0530] {logging_mixin.py:188} INFO - [2025-11-02T11:23:26.255+0530] {dag.py:3947} INFO - Setting next_dagrun for example_trigger_target_dag to None, run_after=None
[2025-11-02T11:23:26.282+0530] {processor.py:183} INFO - Processing /home/logi/txtai/venv/lib/python3.10/site-packages/airflow/example_dags/example_trigger_target_dag.py took 0.086 seconds
[2025-11-02T11:24:11.381+0530] {processor.py:161} INFO - Started process (PID=12503) to work on /home/logi/txtai/venv/lib/python3.10/site-packages/airflow/example_dags/example_trigger_target_dag.py
[2025-11-02T11:24:11.394+0530] {processor.py:830} INFO - Processing file /home/logi/txtai/venv/lib/python3.10/site-packages/airflow/example_dags/example_trigger_target_dag.py for tasks to queue
[2025-11-02T11:24:11.397+0530] {logging_mixin.py:188} INFO - [2025-11-02T11:24:11.397+0530] {dagbag.py:545} INFO - Filling up the DagBag from /home/logi/txtai/venv/lib/python3.10/site-packages/airflow/example_dags/example_trigger_target_dag.py
[2025-11-02T11:24:11.409+0530] {processor.py:840} INFO - DAG(s) 'example_trigger_target_dag' retrieved from /home/logi/txtai/venv/lib/python3.10/site-packages/airflow/example_dags/example_trigger_target_dag.py
[2025-11-02T11:24:11.432+0530] {logging_mixin.py:188} INFO - [2025-11-02T11:24:11.432+0530] {dag.py:3089} INFO - Sync 1 DAGs
[2025-11-02T11:24:11.447+0530] {logging_mixin.py:188} INFO - [2025-11-02T11:24:11.447+0530] {dag.py:3947} INFO - Setting next_dagrun for example_trigger_target_dag to None, run_after=None
[2025-11-02T11:24:11.473+0530] {processor.py:183} INFO - Processing /home/logi/txtai/venv/lib/python3.10/site-packages/airflow/example_dags/example_trigger_target_dag.py took 0.103 seconds
[2025-11-02T11:24:59.247+0530] {processor.py:161} INFO - Started process (PID=12573) to work on /home/logi/txtai/venv/lib/python3.10/site-packages/airflow/example_dags/example_trigger_target_dag.py
[2025-11-02T11:24:59.248+0530] {processor.py:830} INFO - Processing file /home/logi/txtai/venv/lib/python3.10/site-packages/airflow/example_dags/example_trigger_target_dag.py for tasks to queue
[2025-11-02T11:24:59.250+0530] {logging_mixin.py:188} INFO - [2025-11-02T11:24:59.249+0530] {dagbag.py:545} INFO - Filling up the DagBag from /home/logi/txtai/venv/lib/python3.10/site-packages/airflow/example_dags/example_trigger_target_dag.py
[2025-11-02T11:24:59.258+0530] {processor.py:840} INFO - DAG(s) 'example_trigger_target_dag' retrieved from /home/logi/txtai/venv/lib/python3.10/site-packages/airflow/example_dags/example_trigger_target_dag.py
[2025-11-02T11:24:59.271+0530] {logging_mixin.py:188} INFO - [2025-11-02T11:24:59.271+0530] {dag.py:3089} INFO - Sync 1 DAGs
[2025-11-02T11:24:59.280+0530] {logging_mixin.py:188} INFO - [2025-11-02T11:24:59.280+0530] {dag.py:3947} INFO - Setting next_dagrun for example_trigger_target_dag to None, run_after=None
[2025-11-02T11:24:59.298+0530] {processor.py:183} INFO - Processing /home/logi/txtai/venv/lib/python3.10/site-packages/airflow/example_dags/example_trigger_target_dag.py took 0.057 seconds
[2025-11-02T11:25:47.904+0530] {processor.py:161} INFO - Started process (PID=12692) to work on /home/logi/txtai/venv/lib/python3.10/site-packages/airflow/example_dags/example_trigger_target_dag.py
[2025-11-02T11:25:47.917+0530] {processor.py:830} INFO - Processing file /home/logi/txtai/venv/lib/python3.10/site-packages/airflow/example_dags/example_trigger_target_dag.py for tasks to queue
[2025-11-02T11:25:47.920+0530] {logging_mixin.py:188} INFO - [2025-11-02T11:25:47.919+0530] {dagbag.py:545} INFO - Filling up the DagBag from /home/logi/txtai/venv/lib/python3.10/site-packages/airflow/example_dags/example_trigger_target_dag.py
[2025-11-02T11:25:47.929+0530] {processor.py:840} INFO - DAG(s) 'example_trigger_target_dag' retrieved from /home/logi/txtai/venv/lib/python3.10/site-packages/airflow/example_dags/example_trigger_target_dag.py
[2025-11-02T11:25:47.954+0530] {logging_mixin.py:188} INFO - [2025-11-02T11:25:47.953+0530] {dag.py:3089} INFO - Sync 1 DAGs
[2025-11-02T11:25:47.971+0530] {logging_mixin.py:188} INFO - [2025-11-02T11:25:47.970+0530] {dag.py:3947} INFO - Setting next_dagrun for example_trigger_target_dag to None, run_after=None
[2025-11-02T11:25:47.995+0530] {processor.py:183} INFO - Processing /home/logi/txtai/venv/lib/python3.10/site-packages/airflow/example_dags/example_trigger_target_dag.py took 0.105 seconds
[2025-11-02T11:26:37.181+0530] {processor.py:161} INFO - Started process (PID=12766) to work on /home/logi/txtai/venv/lib/python3.10/site-packages/airflow/example_dags/example_trigger_target_dag.py
[2025-11-02T11:26:37.183+0530] {processor.py:830} INFO - Processing file /home/logi/txtai/venv/lib/python3.10/site-packages/airflow/example_dags/example_trigger_target_dag.py for tasks to queue
[2025-11-02T11:26:37.186+0530] {logging_mixin.py:188} INFO - [2025-11-02T11:26:37.185+0530] {dagbag.py:545} INFO - Filling up the DagBag from /home/logi/txtai/venv/lib/python3.10/site-packages/airflow/example_dags/example_trigger_target_dag.py
[2025-11-02T11:26:37.196+0530] {processor.py:840} INFO - DAG(s) 'example_trigger_target_dag' retrieved from /home/logi/txtai/venv/lib/python3.10/site-packages/airflow/example_dags/example_trigger_target_dag.py
[2025-11-02T11:26:37.219+0530] {logging_mixin.py:188} INFO - [2025-11-02T11:26:37.219+0530] {dag.py:3089} INFO - Sync 1 DAGs
[2025-11-02T11:26:37.228+0530] {logging_mixin.py:188} INFO - [2025-11-02T11:26:37.227+0530] {dag.py:3947} INFO - Setting next_dagrun for example_trigger_target_dag to None, run_after=None
[2025-11-02T11:26:37.254+0530] {processor.py:183} INFO - Processing /home/logi/txtai/venv/lib/python3.10/site-packages/airflow/example_dags/example_trigger_target_dag.py took 0.084 seconds
[2025-11-02T11:27:24.134+0530] {processor.py:161} INFO - Started process (PID=12839) to work on /home/logi/txtai/venv/lib/python3.10/site-packages/airflow/example_dags/example_trigger_target_dag.py
[2025-11-02T11:27:24.146+0530] {processor.py:830} INFO - Processing file /home/logi/txtai/venv/lib/python3.10/site-packages/airflow/example_dags/example_trigger_target_dag.py for tasks to queue
[2025-11-02T11:27:24.149+0530] {logging_mixin.py:188} INFO - [2025-11-02T11:27:24.149+0530] {dagbag.py:545} INFO - Filling up the DagBag from /home/logi/txtai/venv/lib/python3.10/site-packages/airflow/example_dags/example_trigger_target_dag.py
[2025-11-02T11:27:24.158+0530] {processor.py:840} INFO - DAG(s) 'example_trigger_target_dag' retrieved from /home/logi/txtai/venv/lib/python3.10/site-packages/airflow/example_dags/example_trigger_target_dag.py
[2025-11-02T11:27:24.174+0530] {logging_mixin.py:188} INFO - [2025-11-02T11:27:24.174+0530] {dag.py:3089} INFO - Sync 1 DAGs
[2025-11-02T11:27:24.183+0530] {logging_mixin.py:188} INFO - [2025-11-02T11:27:24.182+0530] {dag.py:3947} INFO - Setting next_dagrun for example_trigger_target_dag to None, run_after=None
[2025-11-02T11:27:24.201+0530] {processor.py:183} INFO - Processing /home/logi/txtai/venv/lib/python3.10/site-packages/airflow/example_dags/example_trigger_target_dag.py took 0.074 seconds
[2025-11-02T11:28:09.724+0530] {processor.py:161} INFO - Started process (PID=12912) to work on /home/logi/txtai/venv/lib/python3.10/site-packages/airflow/example_dags/example_trigger_target_dag.py
[2025-11-02T11:28:09.738+0530] {processor.py:830} INFO - Processing file /home/logi/txtai/venv/lib/python3.10/site-packages/airflow/example_dags/example_trigger_target_dag.py for tasks to queue
[2025-11-02T11:28:09.741+0530] {logging_mixin.py:188} INFO - [2025-11-02T11:28:09.741+0530] {dagbag.py:545} INFO - Filling up the DagBag from /home/logi/txtai/venv/lib/python3.10/site-packages/airflow/example_dags/example_trigger_target_dag.py
[2025-11-02T11:28:09.748+0530] {processor.py:840} INFO - DAG(s) 'example_trigger_target_dag' retrieved from /home/logi/txtai/venv/lib/python3.10/site-packages/airflow/example_dags/example_trigger_target_dag.py
[2025-11-02T11:28:09.762+0530] {logging_mixin.py:188} INFO - [2025-11-02T11:28:09.762+0530] {dag.py:3089} INFO - Sync 1 DAGs
[2025-11-02T11:28:09.771+0530] {logging_mixin.py:188} INFO - [2025-11-02T11:28:09.771+0530] {dag.py:3947} INFO - Setting next_dagrun for example_trigger_target_dag to None, run_after=None
[2025-11-02T11:28:09.790+0530] {processor.py:183} INFO - Processing /home/logi/txtai/venv/lib/python3.10/site-packages/airflow/example_dags/example_trigger_target_dag.py took 0.077 seconds
[2025-11-02T11:28:59.905+0530] {processor.py:161} INFO - Started process (PID=12983) to work on /home/logi/txtai/venv/lib/python3.10/site-packages/airflow/example_dags/example_trigger_target_dag.py
[2025-11-02T11:28:59.917+0530] {processor.py:830} INFO - Processing file /home/logi/txtai/venv/lib/python3.10/site-packages/airflow/example_dags/example_trigger_target_dag.py for tasks to queue
[2025-11-02T11:28:59.920+0530] {logging_mixin.py:188} INFO - [2025-11-02T11:28:59.920+0530] {dagbag.py:545} INFO - Filling up the DagBag from /home/logi/txtai/venv/lib/python3.10/site-packages/airflow/example_dags/example_trigger_target_dag.py
[2025-11-02T11:28:59.927+0530] {processor.py:840} INFO - DAG(s) 'example_trigger_target_dag' retrieved from /home/logi/txtai/venv/lib/python3.10/site-packages/airflow/example_dags/example_trigger_target_dag.py
[2025-11-02T11:28:59.943+0530] {logging_mixin.py:188} INFO - [2025-11-02T11:28:59.943+0530] {dag.py:3089} INFO - Sync 1 DAGs
[2025-11-02T11:28:59.953+0530] {logging_mixin.py:188} INFO - [2025-11-02T11:28:59.953+0530] {dag.py:3947} INFO - Setting next_dagrun for example_trigger_target_dag to None, run_after=None
[2025-11-02T11:28:59.974+0530] {processor.py:183} INFO - Processing /home/logi/txtai/venv/lib/python3.10/site-packages/airflow/example_dags/example_trigger_target_dag.py took 0.077 seconds
[2025-11-02T11:29:49.463+0530] {processor.py:161} INFO - Started process (PID=13055) to work on /home/logi/txtai/venv/lib/python3.10/site-packages/airflow/example_dags/example_trigger_target_dag.py
[2025-11-02T11:29:49.476+0530] {processor.py:830} INFO - Processing file /home/logi/txtai/venv/lib/python3.10/site-packages/airflow/example_dags/example_trigger_target_dag.py for tasks to queue
[2025-11-02T11:29:49.479+0530] {logging_mixin.py:188} INFO - [2025-11-02T11:29:49.479+0530] {dagbag.py:545} INFO - Filling up the DagBag from /home/logi/txtai/venv/lib/python3.10/site-packages/airflow/example_dags/example_trigger_target_dag.py
[2025-11-02T11:29:49.485+0530] {processor.py:840} INFO - DAG(s) 'example_trigger_target_dag' retrieved from /home/logi/txtai/venv/lib/python3.10/site-packages/airflow/example_dags/example_trigger_target_dag.py
[2025-11-02T11:29:49.499+0530] {logging_mixin.py:188} INFO - [2025-11-02T11:29:49.498+0530] {dag.py:3089} INFO - Sync 1 DAGs
[2025-11-02T11:29:49.508+0530] {logging_mixin.py:188} INFO - [2025-11-02T11:29:49.508+0530] {dag.py:3947} INFO - Setting next_dagrun for example_trigger_target_dag to None, run_after=None
[2025-11-02T11:29:49.526+0530] {processor.py:183} INFO - Processing /home/logi/txtai/venv/lib/python3.10/site-packages/airflow/example_dags/example_trigger_target_dag.py took 0.069 seconds
[2025-11-02T11:30:52.976+0530] {processor.py:161} INFO - Started process (PID=13291) to work on /home/logi/txtai/venv/lib/python3.10/site-packages/airflow/example_dags/example_trigger_target_dag.py
[2025-11-02T11:30:52.977+0530] {processor.py:830} INFO - Processing file /home/logi/txtai/venv/lib/python3.10/site-packages/airflow/example_dags/example_trigger_target_dag.py for tasks to queue
[2025-11-02T11:30:52.979+0530] {logging_mixin.py:188} INFO - [2025-11-02T11:30:52.979+0530] {dagbag.py:545} INFO - Filling up the DagBag from /home/logi/txtai/venv/lib/python3.10/site-packages/airflow/example_dags/example_trigger_target_dag.py
[2025-11-02T11:30:52.987+0530] {processor.py:840} INFO - DAG(s) 'example_trigger_target_dag' retrieved from /home/logi/txtai/venv/lib/python3.10/site-packages/airflow/example_dags/example_trigger_target_dag.py
[2025-11-02T11:30:53.006+0530] {logging_mixin.py:188} INFO - [2025-11-02T11:30:53.006+0530] {dag.py:3089} INFO - Sync 1 DAGs
[2025-11-02T11:30:53.016+0530] {logging_mixin.py:188} INFO - [2025-11-02T11:30:53.015+0530] {dag.py:3947} INFO - Setting next_dagrun for example_trigger_target_dag to None, run_after=None
[2025-11-02T11:30:53.034+0530] {processor.py:183} INFO - Processing /home/logi/txtai/venv/lib/python3.10/site-packages/airflow/example_dags/example_trigger_target_dag.py took 0.068 seconds
[2025-11-02T11:31:44.863+0530] {processor.py:161} INFO - Started process (PID=13365) to work on /home/logi/txtai/venv/lib/python3.10/site-packages/airflow/example_dags/example_trigger_target_dag.py
[2025-11-02T11:31:44.865+0530] {processor.py:830} INFO - Processing file /home/logi/txtai/venv/lib/python3.10/site-packages/airflow/example_dags/example_trigger_target_dag.py for tasks to queue
[2025-11-02T11:31:44.868+0530] {logging_mixin.py:188} INFO - [2025-11-02T11:31:44.867+0530] {dagbag.py:545} INFO - Filling up the DagBag from /home/logi/txtai/venv/lib/python3.10/site-packages/airflow/example_dags/example_trigger_target_dag.py
[2025-11-02T11:31:44.879+0530] {processor.py:840} INFO - DAG(s) 'example_trigger_target_dag' retrieved from /home/logi/txtai/venv/lib/python3.10/site-packages/airflow/example_dags/example_trigger_target_dag.py
[2025-11-02T11:31:44.903+0530] {logging_mixin.py:188} INFO - [2025-11-02T11:31:44.903+0530] {dag.py:3089} INFO - Sync 1 DAGs
[2025-11-02T11:31:44.913+0530] {logging_mixin.py:188} INFO - [2025-11-02T11:31:44.913+0530] {dag.py:3947} INFO - Setting next_dagrun for example_trigger_target_dag to None, run_after=None
[2025-11-02T11:31:44.930+0530] {processor.py:183} INFO - Processing /home/logi/txtai/venv/lib/python3.10/site-packages/airflow/example_dags/example_trigger_target_dag.py took 0.079 seconds
[2025-11-02T11:32:37.577+0530] {processor.py:161} INFO - Started process (PID=13438) to work on /home/logi/txtai/venv/lib/python3.10/site-packages/airflow/example_dags/example_trigger_target_dag.py
[2025-11-02T11:32:37.578+0530] {processor.py:830} INFO - Processing file /home/logi/txtai/venv/lib/python3.10/site-packages/airflow/example_dags/example_trigger_target_dag.py for tasks to queue
[2025-11-02T11:32:37.580+0530] {logging_mixin.py:188} INFO - [2025-11-02T11:32:37.579+0530] {dagbag.py:545} INFO - Filling up the DagBag from /home/logi/txtai/venv/lib/python3.10/site-packages/airflow/example_dags/example_trigger_target_dag.py
[2025-11-02T11:32:37.586+0530] {processor.py:840} INFO - DAG(s) 'example_trigger_target_dag' retrieved from /home/logi/txtai/venv/lib/python3.10/site-packages/airflow/example_dags/example_trigger_target_dag.py
[2025-11-02T11:32:37.601+0530] {logging_mixin.py:188} INFO - [2025-11-02T11:32:37.600+0530] {dag.py:3089} INFO - Sync 1 DAGs
[2025-11-02T11:32:37.610+0530] {logging_mixin.py:188} INFO - [2025-11-02T11:32:37.610+0530] {dag.py:3947} INFO - Setting next_dagrun for example_trigger_target_dag to None, run_after=None
[2025-11-02T11:32:37.633+0530] {processor.py:183} INFO - Processing /home/logi/txtai/venv/lib/python3.10/site-packages/airflow/example_dags/example_trigger_target_dag.py took 0.063 seconds
[2025-11-02T11:33:25.452+0530] {processor.py:161} INFO - Started process (PID=13515) to work on /home/logi/txtai/venv/lib/python3.10/site-packages/airflow/example_dags/example_trigger_target_dag.py
[2025-11-02T11:33:25.464+0530] {processor.py:830} INFO - Processing file /home/logi/txtai/venv/lib/python3.10/site-packages/airflow/example_dags/example_trigger_target_dag.py for tasks to queue
[2025-11-02T11:33:25.467+0530] {logging_mixin.py:188} INFO - [2025-11-02T11:33:25.467+0530] {dagbag.py:545} INFO - Filling up the DagBag from /home/logi/txtai/venv/lib/python3.10/site-packages/airflow/example_dags/example_trigger_target_dag.py
[2025-11-02T11:33:25.475+0530] {processor.py:840} INFO - DAG(s) 'example_trigger_target_dag' retrieved from /home/logi/txtai/venv/lib/python3.10/site-packages/airflow/example_dags/example_trigger_target_dag.py
[2025-11-02T11:33:25.492+0530] {logging_mixin.py:188} INFO - [2025-11-02T11:33:25.492+0530] {dag.py:3089} INFO - Sync 1 DAGs
[2025-11-02T11:33:25.505+0530] {logging_mixin.py:188} INFO - [2025-11-02T11:33:25.505+0530] {dag.py:3947} INFO - Setting next_dagrun for example_trigger_target_dag to None, run_after=None
[2025-11-02T11:33:25.530+0530] {processor.py:183} INFO - Processing /home/logi/txtai/venv/lib/python3.10/site-packages/airflow/example_dags/example_trigger_target_dag.py took 0.086 seconds
[2025-11-02T11:34:15.218+0530] {processor.py:161} INFO - Started process (PID=13586) to work on /home/logi/txtai/venv/lib/python3.10/site-packages/airflow/example_dags/example_trigger_target_dag.py
[2025-11-02T11:34:15.231+0530] {processor.py:830} INFO - Processing file /home/logi/txtai/venv/lib/python3.10/site-packages/airflow/example_dags/example_trigger_target_dag.py for tasks to queue
[2025-11-02T11:34:15.236+0530] {logging_mixin.py:188} INFO - [2025-11-02T11:34:15.235+0530] {dagbag.py:545} INFO - Filling up the DagBag from /home/logi/txtai/venv/lib/python3.10/site-packages/airflow/example_dags/example_trigger_target_dag.py
[2025-11-02T11:34:15.247+0530] {processor.py:840} INFO - DAG(s) 'example_trigger_target_dag' retrieved from /home/logi/txtai/venv/lib/python3.10/site-packages/airflow/example_dags/example_trigger_target_dag.py
[2025-11-02T11:34:15.272+0530] {logging_mixin.py:188} INFO - [2025-11-02T11:34:15.272+0530] {dag.py:3089} INFO - Sync 1 DAGs
[2025-11-02T11:34:15.284+0530] {logging_mixin.py:188} INFO - [2025-11-02T11:34:15.284+0530] {dag.py:3947} INFO - Setting next_dagrun for example_trigger_target_dag to None, run_after=None
[2025-11-02T11:34:15.308+0530] {processor.py:183} INFO - Processing /home/logi/txtai/venv/lib/python3.10/site-packages/airflow/example_dags/example_trigger_target_dag.py took 0.104 seconds
[2025-11-02T11:35:03.602+0530] {processor.py:161} INFO - Started process (PID=13662) to work on /home/logi/txtai/venv/lib/python3.10/site-packages/airflow/example_dags/example_trigger_target_dag.py
[2025-11-02T11:35:03.614+0530] {processor.py:830} INFO - Processing file /home/logi/txtai/venv/lib/python3.10/site-packages/airflow/example_dags/example_trigger_target_dag.py for tasks to queue
[2025-11-02T11:35:03.618+0530] {logging_mixin.py:188} INFO - [2025-11-02T11:35:03.617+0530] {dagbag.py:545} INFO - Filling up the DagBag from /home/logi/txtai/venv/lib/python3.10/site-packages/airflow/example_dags/example_trigger_target_dag.py
[2025-11-02T11:35:03.629+0530] {processor.py:840} INFO - DAG(s) 'example_trigger_target_dag' retrieved from /home/logi/txtai/venv/lib/python3.10/site-packages/airflow/example_dags/example_trigger_target_dag.py
[2025-11-02T11:35:03.646+0530] {logging_mixin.py:188} INFO - [2025-11-02T11:35:03.645+0530] {dag.py:3089} INFO - Sync 1 DAGs
[2025-11-02T11:35:03.655+0530] {logging_mixin.py:188} INFO - [2025-11-02T11:35:03.655+0530] {dag.py:3947} INFO - Setting next_dagrun for example_trigger_target_dag to None, run_after=None
[2025-11-02T11:35:03.675+0530] {processor.py:183} INFO - Processing /home/logi/txtai/venv/lib/python3.10/site-packages/airflow/example_dags/example_trigger_target_dag.py took 0.080 seconds
[2025-11-02T11:35:56.087+0530] {processor.py:161} INFO - Started process (PID=13778) to work on /home/logi/txtai/venv/lib/python3.10/site-packages/airflow/example_dags/example_trigger_target_dag.py
[2025-11-02T11:35:56.100+0530] {processor.py:830} INFO - Processing file /home/logi/txtai/venv/lib/python3.10/site-packages/airflow/example_dags/example_trigger_target_dag.py for tasks to queue
[2025-11-02T11:35:56.103+0530] {logging_mixin.py:188} INFO - [2025-11-02T11:35:56.103+0530] {dagbag.py:545} INFO - Filling up the DagBag from /home/logi/txtai/venv/lib/python3.10/site-packages/airflow/example_dags/example_trigger_target_dag.py
[2025-11-02T11:35:56.109+0530] {processor.py:840} INFO - DAG(s) 'example_trigger_target_dag' retrieved from /home/logi/txtai/venv/lib/python3.10/site-packages/airflow/example_dags/example_trigger_target_dag.py
[2025-11-02T11:35:56.123+0530] {logging_mixin.py:188} INFO - [2025-11-02T11:35:56.123+0530] {dag.py:3089} INFO - Sync 1 DAGs
[2025-11-02T11:35:56.132+0530] {logging_mixin.py:188} INFO - [2025-11-02T11:35:56.132+0530] {dag.py:3947} INFO - Setting next_dagrun for example_trigger_target_dag to None, run_after=None
[2025-11-02T11:35:56.150+0530] {processor.py:183} INFO - Processing /home/logi/txtai/venv/lib/python3.10/site-packages/airflow/example_dags/example_trigger_target_dag.py took 0.069 seconds
[2025-11-02T11:36:47.010+0530] {processor.py:161} INFO - Started process (PID=13857) to work on /home/logi/txtai/venv/lib/python3.10/site-packages/airflow/example_dags/example_trigger_target_dag.py
[2025-11-02T11:36:47.022+0530] {processor.py:830} INFO - Processing file /home/logi/txtai/venv/lib/python3.10/site-packages/airflow/example_dags/example_trigger_target_dag.py for tasks to queue
[2025-11-02T11:36:47.026+0530] {logging_mixin.py:188} INFO - [2025-11-02T11:36:47.025+0530] {dagbag.py:545} INFO - Filling up the DagBag from /home/logi/txtai/venv/lib/python3.10/site-packages/airflow/example_dags/example_trigger_target_dag.py
[2025-11-02T11:36:47.034+0530] {processor.py:840} INFO - DAG(s) 'example_trigger_target_dag' retrieved from /home/logi/txtai/venv/lib/python3.10/site-packages/airflow/example_dags/example_trigger_target_dag.py
[2025-11-02T11:36:47.054+0530] {logging_mixin.py:188} INFO - [2025-11-02T11:36:47.054+0530] {dag.py:3089} INFO - Sync 1 DAGs
[2025-11-02T11:36:47.066+0530] {logging_mixin.py:188} INFO - [2025-11-02T11:36:47.066+0530] {dag.py:3947} INFO - Setting next_dagrun for example_trigger_target_dag to None, run_after=None
[2025-11-02T11:36:47.086+0530] {processor.py:183} INFO - Processing /home/logi/txtai/venv/lib/python3.10/site-packages/airflow/example_dags/example_trigger_target_dag.py took 0.087 seconds
[2025-11-02T11:37:40.495+0530] {processor.py:161} INFO - Started process (PID=13932) to work on /home/logi/txtai/venv/lib/python3.10/site-packages/airflow/example_dags/example_trigger_target_dag.py
[2025-11-02T11:37:40.508+0530] {processor.py:830} INFO - Processing file /home/logi/txtai/venv/lib/python3.10/site-packages/airflow/example_dags/example_trigger_target_dag.py for tasks to queue
[2025-11-02T11:37:40.511+0530] {logging_mixin.py:188} INFO - [2025-11-02T11:37:40.510+0530] {dagbag.py:545} INFO - Filling up the DagBag from /home/logi/txtai/venv/lib/python3.10/site-packages/airflow/example_dags/example_trigger_target_dag.py
[2025-11-02T11:37:40.525+0530] {processor.py:840} INFO - DAG(s) 'example_trigger_target_dag' retrieved from /home/logi/txtai/venv/lib/python3.10/site-packages/airflow/example_dags/example_trigger_target_dag.py
[2025-11-02T11:37:40.558+0530] {logging_mixin.py:188} INFO - [2025-11-02T11:37:40.557+0530] {dag.py:3089} INFO - Sync 1 DAGs
[2025-11-02T11:37:40.568+0530] {logging_mixin.py:188} INFO - [2025-11-02T11:37:40.568+0530] {dag.py:3947} INFO - Setting next_dagrun for example_trigger_target_dag to None, run_after=None
[2025-11-02T11:37:40.592+0530] {processor.py:183} INFO - Processing /home/logi/txtai/venv/lib/python3.10/site-packages/airflow/example_dags/example_trigger_target_dag.py took 0.109 seconds
[2025-11-02T11:38:32.294+0530] {processor.py:161} INFO - Started process (PID=14006) to work on /home/logi/txtai/venv/lib/python3.10/site-packages/airflow/example_dags/example_trigger_target_dag.py
[2025-11-02T11:38:32.307+0530] {processor.py:830} INFO - Processing file /home/logi/txtai/venv/lib/python3.10/site-packages/airflow/example_dags/example_trigger_target_dag.py for tasks to queue
[2025-11-02T11:38:32.309+0530] {logging_mixin.py:188} INFO - [2025-11-02T11:38:32.309+0530] {dagbag.py:545} INFO - Filling up the DagBag from /home/logi/txtai/venv/lib/python3.10/site-packages/airflow/example_dags/example_trigger_target_dag.py
[2025-11-02T11:38:32.324+0530] {processor.py:840} INFO - DAG(s) 'example_trigger_target_dag' retrieved from /home/logi/txtai/venv/lib/python3.10/site-packages/airflow/example_dags/example_trigger_target_dag.py
[2025-11-02T11:38:32.341+0530] {logging_mixin.py:188} INFO - [2025-11-02T11:38:32.340+0530] {dag.py:3089} INFO - Sync 1 DAGs
[2025-11-02T11:38:32.353+0530] {logging_mixin.py:188} INFO - [2025-11-02T11:38:32.353+0530] {dag.py:3947} INFO - Setting next_dagrun for example_trigger_target_dag to None, run_after=None
[2025-11-02T11:38:32.374+0530] {processor.py:183} INFO - Processing /home/logi/txtai/venv/lib/python3.10/site-packages/airflow/example_dags/example_trigger_target_dag.py took 0.086 seconds
[2025-11-02T11:39:22.721+0530] {processor.py:161} INFO - Started process (PID=14080) to work on /home/logi/txtai/venv/lib/python3.10/site-packages/airflow/example_dags/example_trigger_target_dag.py
[2025-11-02T11:39:22.735+0530] {processor.py:830} INFO - Processing file /home/logi/txtai/venv/lib/python3.10/site-packages/airflow/example_dags/example_trigger_target_dag.py for tasks to queue
[2025-11-02T11:39:22.739+0530] {logging_mixin.py:188} INFO - [2025-11-02T11:39:22.738+0530] {dagbag.py:545} INFO - Filling up the DagBag from /home/logi/txtai/venv/lib/python3.10/site-packages/airflow/example_dags/example_trigger_target_dag.py
[2025-11-02T11:39:22.750+0530] {processor.py:840} INFO - DAG(s) 'example_trigger_target_dag' retrieved from /home/logi/txtai/venv/lib/python3.10/site-packages/airflow/example_dags/example_trigger_target_dag.py
[2025-11-02T11:39:22.778+0530] {logging_mixin.py:188} INFO - [2025-11-02T11:39:22.777+0530] {dag.py:3089} INFO - Sync 1 DAGs
[2025-11-02T11:39:22.791+0530] {logging_mixin.py:188} INFO - [2025-11-02T11:39:22.791+0530] {dag.py:3947} INFO - Setting next_dagrun for example_trigger_target_dag to None, run_after=None
[2025-11-02T11:39:22.811+0530] {processor.py:183} INFO - Processing /home/logi/txtai/venv/lib/python3.10/site-packages/airflow/example_dags/example_trigger_target_dag.py took 0.103 seconds
[2025-11-02T11:40:12.152+0530] {processor.py:161} INFO - Started process (PID=14183) to work on /home/logi/txtai/venv/lib/python3.10/site-packages/airflow/example_dags/example_trigger_target_dag.py
[2025-11-02T11:40:12.165+0530] {processor.py:830} INFO - Processing file /home/logi/txtai/venv/lib/python3.10/site-packages/airflow/example_dags/example_trigger_target_dag.py for tasks to queue
[2025-11-02T11:40:12.166+0530] {logging_mixin.py:188} INFO - [2025-11-02T11:40:12.166+0530] {dagbag.py:545} INFO - Filling up the DagBag from /home/logi/txtai/venv/lib/python3.10/site-packages/airflow/example_dags/example_trigger_target_dag.py
[2025-11-02T11:40:12.174+0530] {processor.py:840} INFO - DAG(s) 'example_trigger_target_dag' retrieved from /home/logi/txtai/venv/lib/python3.10/site-packages/airflow/example_dags/example_trigger_target_dag.py
[2025-11-02T11:40:12.191+0530] {logging_mixin.py:188} INFO - [2025-11-02T11:40:12.190+0530] {dag.py:3089} INFO - Sync 1 DAGs
[2025-11-02T11:40:12.201+0530] {logging_mixin.py:188} INFO - [2025-11-02T11:40:12.200+0530] {dag.py:3947} INFO - Setting next_dagrun for example_trigger_target_dag to None, run_after=None
[2025-11-02T11:40:12.221+0530] {processor.py:183} INFO - Processing /home/logi/txtai/venv/lib/python3.10/site-packages/airflow/example_dags/example_trigger_target_dag.py took 0.078 seconds
[2025-11-02T11:41:03.881+0530] {processor.py:161} INFO - Started process (PID=14257) to work on /home/logi/txtai/venv/lib/python3.10/site-packages/airflow/example_dags/example_trigger_target_dag.py
[2025-11-02T11:41:03.894+0530] {processor.py:830} INFO - Processing file /home/logi/txtai/venv/lib/python3.10/site-packages/airflow/example_dags/example_trigger_target_dag.py for tasks to queue
[2025-11-02T11:41:03.896+0530] {logging_mixin.py:188} INFO - [2025-11-02T11:41:03.895+0530] {dagbag.py:545} INFO - Filling up the DagBag from /home/logi/txtai/venv/lib/python3.10/site-packages/airflow/example_dags/example_trigger_target_dag.py
[2025-11-02T11:41:03.902+0530] {processor.py:840} INFO - DAG(s) 'example_trigger_target_dag' retrieved from /home/logi/txtai/venv/lib/python3.10/site-packages/airflow/example_dags/example_trigger_target_dag.py
[2025-11-02T11:41:03.918+0530] {logging_mixin.py:188} INFO - [2025-11-02T11:41:03.917+0530] {dag.py:3089} INFO - Sync 1 DAGs
[2025-11-02T11:41:03.928+0530] {logging_mixin.py:188} INFO - [2025-11-02T11:41:03.928+0530] {dag.py:3947} INFO - Setting next_dagrun for example_trigger_target_dag to None, run_after=None
[2025-11-02T11:41:03.945+0530] {processor.py:183} INFO - Processing /home/logi/txtai/venv/lib/python3.10/site-packages/airflow/example_dags/example_trigger_target_dag.py took 0.075 seconds
[2025-11-02T11:41:55.758+0530] {processor.py:161} INFO - Started process (PID=14331) to work on /home/logi/txtai/venv/lib/python3.10/site-packages/airflow/example_dags/example_trigger_target_dag.py
[2025-11-02T11:41:55.771+0530] {processor.py:830} INFO - Processing file /home/logi/txtai/venv/lib/python3.10/site-packages/airflow/example_dags/example_trigger_target_dag.py for tasks to queue
[2025-11-02T11:41:55.775+0530] {logging_mixin.py:188} INFO - [2025-11-02T11:41:55.774+0530] {dagbag.py:545} INFO - Filling up the DagBag from /home/logi/txtai/venv/lib/python3.10/site-packages/airflow/example_dags/example_trigger_target_dag.py
[2025-11-02T11:41:55.787+0530] {processor.py:840} INFO - DAG(s) 'example_trigger_target_dag' retrieved from /home/logi/txtai/venv/lib/python3.10/site-packages/airflow/example_dags/example_trigger_target_dag.py
[2025-11-02T11:41:55.815+0530] {logging_mixin.py:188} INFO - [2025-11-02T11:41:55.815+0530] {dag.py:3089} INFO - Sync 1 DAGs
[2025-11-02T11:41:55.827+0530] {logging_mixin.py:188} INFO - [2025-11-02T11:41:55.827+0530] {dag.py:3947} INFO - Setting next_dagrun for example_trigger_target_dag to None, run_after=None
[2025-11-02T11:41:55.860+0530] {processor.py:183} INFO - Processing /home/logi/txtai/venv/lib/python3.10/site-packages/airflow/example_dags/example_trigger_target_dag.py took 0.114 seconds
[2025-11-02T11:42:47.903+0530] {processor.py:161} INFO - Started process (PID=14405) to work on /home/logi/txtai/venv/lib/python3.10/site-packages/airflow/example_dags/example_trigger_target_dag.py
[2025-11-02T11:42:47.916+0530] {processor.py:830} INFO - Processing file /home/logi/txtai/venv/lib/python3.10/site-packages/airflow/example_dags/example_trigger_target_dag.py for tasks to queue
[2025-11-02T11:42:47.917+0530] {logging_mixin.py:188} INFO - [2025-11-02T11:42:47.917+0530] {dagbag.py:545} INFO - Filling up the DagBag from /home/logi/txtai/venv/lib/python3.10/site-packages/airflow/example_dags/example_trigger_target_dag.py
[2025-11-02T11:42:47.925+0530] {processor.py:840} INFO - DAG(s) 'example_trigger_target_dag' retrieved from /home/logi/txtai/venv/lib/python3.10/site-packages/airflow/example_dags/example_trigger_target_dag.py
[2025-11-02T11:42:47.944+0530] {logging_mixin.py:188} INFO - [2025-11-02T11:42:47.944+0530] {dag.py:3089} INFO - Sync 1 DAGs
[2025-11-02T11:42:47.955+0530] {logging_mixin.py:188} INFO - [2025-11-02T11:42:47.954+0530] {dag.py:3947} INFO - Setting next_dagrun for example_trigger_target_dag to None, run_after=None
[2025-11-02T11:42:47.974+0530] {processor.py:183} INFO - Processing /home/logi/txtai/venv/lib/python3.10/site-packages/airflow/example_dags/example_trigger_target_dag.py took 0.077 seconds
[2025-11-02T11:43:35.877+0530] {processor.py:161} INFO - Started process (PID=14477) to work on /home/logi/txtai/venv/lib/python3.10/site-packages/airflow/example_dags/example_trigger_target_dag.py
[2025-11-02T11:43:35.891+0530] {processor.py:830} INFO - Processing file /home/logi/txtai/venv/lib/python3.10/site-packages/airflow/example_dags/example_trigger_target_dag.py for tasks to queue
[2025-11-02T11:43:35.895+0530] {logging_mixin.py:188} INFO - [2025-11-02T11:43:35.895+0530] {dagbag.py:545} INFO - Filling up the DagBag from /home/logi/txtai/venv/lib/python3.10/site-packages/airflow/example_dags/example_trigger_target_dag.py
[2025-11-02T11:43:35.902+0530] {processor.py:840} INFO - DAG(s) 'example_trigger_target_dag' retrieved from /home/logi/txtai/venv/lib/python3.10/site-packages/airflow/example_dags/example_trigger_target_dag.py
[2025-11-02T11:43:35.919+0530] {logging_mixin.py:188} INFO - [2025-11-02T11:43:35.919+0530] {dag.py:3089} INFO - Sync 1 DAGs
[2025-11-02T11:43:35.929+0530] {logging_mixin.py:188} INFO - [2025-11-02T11:43:35.929+0530] {dag.py:3947} INFO - Setting next_dagrun for example_trigger_target_dag to None, run_after=None
[2025-11-02T11:43:35.948+0530] {processor.py:183} INFO - Processing /home/logi/txtai/venv/lib/python3.10/site-packages/airflow/example_dags/example_trigger_target_dag.py took 0.081 seconds
[2025-11-02T11:44:21.779+0530] {processor.py:161} INFO - Started process (PID=14546) to work on /home/logi/txtai/venv/lib/python3.10/site-packages/airflow/example_dags/example_trigger_target_dag.py
[2025-11-02T11:44:21.795+0530] {processor.py:830} INFO - Processing file /home/logi/txtai/venv/lib/python3.10/site-packages/airflow/example_dags/example_trigger_target_dag.py for tasks to queue
[2025-11-02T11:44:21.798+0530] {logging_mixin.py:188} INFO - [2025-11-02T11:44:21.797+0530] {dagbag.py:545} INFO - Filling up the DagBag from /home/logi/txtai/venv/lib/python3.10/site-packages/airflow/example_dags/example_trigger_target_dag.py
[2025-11-02T11:44:21.806+0530] {processor.py:840} INFO - DAG(s) 'example_trigger_target_dag' retrieved from /home/logi/txtai/venv/lib/python3.10/site-packages/airflow/example_dags/example_trigger_target_dag.py
[2025-11-02T11:44:21.828+0530] {logging_mixin.py:188} INFO - [2025-11-02T11:44:21.828+0530] {dag.py:3089} INFO - Sync 1 DAGs
[2025-11-02T11:44:21.839+0530] {logging_mixin.py:188} INFO - [2025-11-02T11:44:21.838+0530] {dag.py:3947} INFO - Setting next_dagrun for example_trigger_target_dag to None, run_after=None
[2025-11-02T11:44:21.857+0530] {processor.py:183} INFO - Processing /home/logi/txtai/venv/lib/python3.10/site-packages/airflow/example_dags/example_trigger_target_dag.py took 0.083 seconds
[2025-11-02T11:45:13.740+0530] {processor.py:161} INFO - Started process (PID=14654) to work on /home/logi/txtai/venv/lib/python3.10/site-packages/airflow/example_dags/example_trigger_target_dag.py
[2025-11-02T11:45:13.754+0530] {processor.py:830} INFO - Processing file /home/logi/txtai/venv/lib/python3.10/site-packages/airflow/example_dags/example_trigger_target_dag.py for tasks to queue
[2025-11-02T11:45:13.757+0530] {logging_mixin.py:188} INFO - [2025-11-02T11:45:13.756+0530] {dagbag.py:545} INFO - Filling up the DagBag from /home/logi/txtai/venv/lib/python3.10/site-packages/airflow/example_dags/example_trigger_target_dag.py
[2025-11-02T11:45:13.763+0530] {processor.py:840} INFO - DAG(s) 'example_trigger_target_dag' retrieved from /home/logi/txtai/venv/lib/python3.10/site-packages/airflow/example_dags/example_trigger_target_dag.py
[2025-11-02T11:45:13.776+0530] {logging_mixin.py:188} INFO - [2025-11-02T11:45:13.776+0530] {dag.py:3089} INFO - Sync 1 DAGs
[2025-11-02T11:45:13.788+0530] {logging_mixin.py:188} INFO - [2025-11-02T11:45:13.788+0530] {dag.py:3947} INFO - Setting next_dagrun for example_trigger_target_dag to None, run_after=None
[2025-11-02T11:45:13.808+0530] {processor.py:183} INFO - Processing /home/logi/txtai/venv/lib/python3.10/site-packages/airflow/example_dags/example_trigger_target_dag.py took 0.077 seconds
[2025-11-02T11:46:06.510+0530] {processor.py:161} INFO - Started process (PID=14729) to work on /home/logi/txtai/venv/lib/python3.10/site-packages/airflow/example_dags/example_trigger_target_dag.py
[2025-11-02T11:46:06.511+0530] {processor.py:830} INFO - Processing file /home/logi/txtai/venv/lib/python3.10/site-packages/airflow/example_dags/example_trigger_target_dag.py for tasks to queue
[2025-11-02T11:46:06.514+0530] {logging_mixin.py:188} INFO - [2025-11-02T11:46:06.513+0530] {dagbag.py:545} INFO - Filling up the DagBag from /home/logi/txtai/venv/lib/python3.10/site-packages/airflow/example_dags/example_trigger_target_dag.py
[2025-11-02T11:46:06.521+0530] {processor.py:840} INFO - DAG(s) 'example_trigger_target_dag' retrieved from /home/logi/txtai/venv/lib/python3.10/site-packages/airflow/example_dags/example_trigger_target_dag.py
[2025-11-02T11:46:06.537+0530] {logging_mixin.py:188} INFO - [2025-11-02T11:46:06.537+0530] {dag.py:3089} INFO - Sync 1 DAGs
[2025-11-02T11:46:06.546+0530] {logging_mixin.py:188} INFO - [2025-11-02T11:46:06.546+0530] {dag.py:3947} INFO - Setting next_dagrun for example_trigger_target_dag to None, run_after=None
[2025-11-02T11:46:06.564+0530] {processor.py:183} INFO - Processing /home/logi/txtai/venv/lib/python3.10/site-packages/airflow/example_dags/example_trigger_target_dag.py took 0.063 seconds
[2025-11-02T11:46:58.530+0530] {processor.py:161} INFO - Started process (PID=14803) to work on /home/logi/txtai/venv/lib/python3.10/site-packages/airflow/example_dags/example_trigger_target_dag.py
[2025-11-02T11:46:58.542+0530] {processor.py:830} INFO - Processing file /home/logi/txtai/venv/lib/python3.10/site-packages/airflow/example_dags/example_trigger_target_dag.py for tasks to queue
[2025-11-02T11:46:58.546+0530] {logging_mixin.py:188} INFO - [2025-11-02T11:46:58.545+0530] {dagbag.py:545} INFO - Filling up the DagBag from /home/logi/txtai/venv/lib/python3.10/site-packages/airflow/example_dags/example_trigger_target_dag.py
[2025-11-02T11:46:58.552+0530] {processor.py:840} INFO - DAG(s) 'example_trigger_target_dag' retrieved from /home/logi/txtai/venv/lib/python3.10/site-packages/airflow/example_dags/example_trigger_target_dag.py
[2025-11-02T11:46:58.565+0530] {logging_mixin.py:188} INFO - [2025-11-02T11:46:58.565+0530] {dag.py:3089} INFO - Sync 1 DAGs
[2025-11-02T11:46:58.574+0530] {logging_mixin.py:188} INFO - [2025-11-02T11:46:58.574+0530] {dag.py:3947} INFO - Setting next_dagrun for example_trigger_target_dag to None, run_after=None
[2025-11-02T11:46:58.592+0530] {processor.py:183} INFO - Processing /home/logi/txtai/venv/lib/python3.10/site-packages/airflow/example_dags/example_trigger_target_dag.py took 0.069 seconds
[2025-11-02T11:47:57.112+0530] {processor.py:161} INFO - Started process (PID=14879) to work on /home/logi/txtai/venv/lib/python3.10/site-packages/airflow/example_dags/example_trigger_target_dag.py
[2025-11-02T11:47:57.125+0530] {processor.py:830} INFO - Processing file /home/logi/txtai/venv/lib/python3.10/site-packages/airflow/example_dags/example_trigger_target_dag.py for tasks to queue
[2025-11-02T11:47:57.128+0530] {logging_mixin.py:188} INFO - [2025-11-02T11:47:57.128+0530] {dagbag.py:545} INFO - Filling up the DagBag from /home/logi/txtai/venv/lib/python3.10/site-packages/airflow/example_dags/example_trigger_target_dag.py
[2025-11-02T11:47:57.140+0530] {processor.py:840} INFO - DAG(s) 'example_trigger_target_dag' retrieved from /home/logi/txtai/venv/lib/python3.10/site-packages/airflow/example_dags/example_trigger_target_dag.py
[2025-11-02T11:47:57.173+0530] {logging_mixin.py:188} INFO - [2025-11-02T11:47:57.172+0530] {dag.py:3089} INFO - Sync 1 DAGs
[2025-11-02T11:47:57.186+0530] {logging_mixin.py:188} INFO - [2025-11-02T11:47:57.185+0530] {dag.py:3947} INFO - Setting next_dagrun for example_trigger_target_dag to None, run_after=None
[2025-11-02T11:47:57.207+0530] {processor.py:183} INFO - Processing /home/logi/txtai/venv/lib/python3.10/site-packages/airflow/example_dags/example_trigger_target_dag.py took 0.107 seconds
[2025-11-02T11:48:51.096+0530] {processor.py:161} INFO - Started process (PID=14969) to work on /home/logi/txtai/venv/lib/python3.10/site-packages/airflow/example_dags/example_trigger_target_dag.py
[2025-11-02T11:48:51.108+0530] {processor.py:830} INFO - Processing file /home/logi/txtai/venv/lib/python3.10/site-packages/airflow/example_dags/example_trigger_target_dag.py for tasks to queue
[2025-11-02T11:48:51.111+0530] {logging_mixin.py:188} INFO - [2025-11-02T11:48:51.111+0530] {dagbag.py:545} INFO - Filling up the DagBag from /home/logi/txtai/venv/lib/python3.10/site-packages/airflow/example_dags/example_trigger_target_dag.py
[2025-11-02T11:48:51.118+0530] {processor.py:840} INFO - DAG(s) 'example_trigger_target_dag' retrieved from /home/logi/txtai/venv/lib/python3.10/site-packages/airflow/example_dags/example_trigger_target_dag.py
[2025-11-02T11:48:51.131+0530] {logging_mixin.py:188} INFO - [2025-11-02T11:48:51.131+0530] {dag.py:3089} INFO - Sync 1 DAGs
[2025-11-02T11:48:51.140+0530] {logging_mixin.py:188} INFO - [2025-11-02T11:48:51.140+0530] {dag.py:3947} INFO - Setting next_dagrun for example_trigger_target_dag to None, run_after=None
[2025-11-02T11:48:51.158+0530] {processor.py:183} INFO - Processing /home/logi/txtai/venv/lib/python3.10/site-packages/airflow/example_dags/example_trigger_target_dag.py took 0.068 seconds
[2025-11-02T11:49:44.197+0530] {processor.py:161} INFO - Started process (PID=15070) to work on /home/logi/txtai/venv/lib/python3.10/site-packages/airflow/example_dags/example_trigger_target_dag.py
[2025-11-02T11:49:44.210+0530] {processor.py:830} INFO - Processing file /home/logi/txtai/venv/lib/python3.10/site-packages/airflow/example_dags/example_trigger_target_dag.py for tasks to queue
[2025-11-02T11:49:44.212+0530] {logging_mixin.py:188} INFO - [2025-11-02T11:49:44.212+0530] {dagbag.py:545} INFO - Filling up the DagBag from /home/logi/txtai/venv/lib/python3.10/site-packages/airflow/example_dags/example_trigger_target_dag.py
[2025-11-02T11:49:44.219+0530] {processor.py:840} INFO - DAG(s) 'example_trigger_target_dag' retrieved from /home/logi/txtai/venv/lib/python3.10/site-packages/airflow/example_dags/example_trigger_target_dag.py
[2025-11-02T11:49:44.232+0530] {logging_mixin.py:188} INFO - [2025-11-02T11:49:44.232+0530] {dag.py:3089} INFO - Sync 1 DAGs
[2025-11-02T11:49:44.241+0530] {logging_mixin.py:188} INFO - [2025-11-02T11:49:44.241+0530] {dag.py:3947} INFO - Setting next_dagrun for example_trigger_target_dag to None, run_after=None
[2025-11-02T11:49:44.259+0530] {processor.py:183} INFO - Processing /home/logi/txtai/venv/lib/python3.10/site-packages/airflow/example_dags/example_trigger_target_dag.py took 0.068 seconds
[2025-11-02T11:50:39.993+0530] {processor.py:161} INFO - Started process (PID=15193) to work on /home/logi/txtai/venv/lib/python3.10/site-packages/airflow/example_dags/example_trigger_target_dag.py
[2025-11-02T11:50:40.006+0530] {processor.py:830} INFO - Processing file /home/logi/txtai/venv/lib/python3.10/site-packages/airflow/example_dags/example_trigger_target_dag.py for tasks to queue
[2025-11-02T11:50:40.009+0530] {logging_mixin.py:188} INFO - [2025-11-02T11:50:40.008+0530] {dagbag.py:545} INFO - Filling up the DagBag from /home/logi/txtai/venv/lib/python3.10/site-packages/airflow/example_dags/example_trigger_target_dag.py
[2025-11-02T11:50:40.021+0530] {processor.py:840} INFO - DAG(s) 'example_trigger_target_dag' retrieved from /home/logi/txtai/venv/lib/python3.10/site-packages/airflow/example_dags/example_trigger_target_dag.py
[2025-11-02T11:50:40.038+0530] {logging_mixin.py:188} INFO - [2025-11-02T11:50:40.038+0530] {dag.py:3089} INFO - Sync 1 DAGs
[2025-11-02T11:50:40.047+0530] {logging_mixin.py:188} INFO - [2025-11-02T11:50:40.047+0530] {dag.py:3947} INFO - Setting next_dagrun for example_trigger_target_dag to None, run_after=None
[2025-11-02T11:50:40.065+0530] {processor.py:183} INFO - Processing /home/logi/txtai/venv/lib/python3.10/site-packages/airflow/example_dags/example_trigger_target_dag.py took 0.077 seconds
[2025-11-02T11:51:33.003+0530] {processor.py:161} INFO - Started process (PID=15286) to work on /home/logi/txtai/venv/lib/python3.10/site-packages/airflow/example_dags/example_trigger_target_dag.py
[2025-11-02T11:51:33.016+0530] {processor.py:830} INFO - Processing file /home/logi/txtai/venv/lib/python3.10/site-packages/airflow/example_dags/example_trigger_target_dag.py for tasks to queue
[2025-11-02T11:51:33.019+0530] {logging_mixin.py:188} INFO - [2025-11-02T11:51:33.018+0530] {dagbag.py:545} INFO - Filling up the DagBag from /home/logi/txtai/venv/lib/python3.10/site-packages/airflow/example_dags/example_trigger_target_dag.py
[2025-11-02T11:51:33.028+0530] {processor.py:840} INFO - DAG(s) 'example_trigger_target_dag' retrieved from /home/logi/txtai/venv/lib/python3.10/site-packages/airflow/example_dags/example_trigger_target_dag.py
[2025-11-02T11:51:33.043+0530] {logging_mixin.py:188} INFO - [2025-11-02T11:51:33.042+0530] {dag.py:3089} INFO - Sync 1 DAGs
[2025-11-02T11:51:33.161+0530] {logging_mixin.py:188} INFO - [2025-11-02T11:51:33.161+0530] {dag.py:3947} INFO - Setting next_dagrun for example_trigger_target_dag to None, run_after=None
[2025-11-02T11:51:33.189+0530] {processor.py:183} INFO - Processing /home/logi/txtai/venv/lib/python3.10/site-packages/airflow/example_dags/example_trigger_target_dag.py took 0.193 seconds
[2025-11-02T11:52:27.444+0530] {processor.py:161} INFO - Started process (PID=15376) to work on /home/logi/txtai/venv/lib/python3.10/site-packages/airflow/example_dags/example_trigger_target_dag.py
[2025-11-02T11:52:27.445+0530] {processor.py:830} INFO - Processing file /home/logi/txtai/venv/lib/python3.10/site-packages/airflow/example_dags/example_trigger_target_dag.py for tasks to queue
[2025-11-02T11:52:27.448+0530] {logging_mixin.py:188} INFO - [2025-11-02T11:52:27.447+0530] {dagbag.py:545} INFO - Filling up the DagBag from /home/logi/txtai/venv/lib/python3.10/site-packages/airflow/example_dags/example_trigger_target_dag.py
[2025-11-02T11:52:27.455+0530] {processor.py:840} INFO - DAG(s) 'example_trigger_target_dag' retrieved from /home/logi/txtai/venv/lib/python3.10/site-packages/airflow/example_dags/example_trigger_target_dag.py
[2025-11-02T11:52:27.470+0530] {logging_mixin.py:188} INFO - [2025-11-02T11:52:27.470+0530] {dag.py:3089} INFO - Sync 1 DAGs
[2025-11-02T11:52:27.479+0530] {logging_mixin.py:188} INFO - [2025-11-02T11:52:27.479+0530] {dag.py:3947} INFO - Setting next_dagrun for example_trigger_target_dag to None, run_after=None
[2025-11-02T11:52:27.498+0530] {processor.py:183} INFO - Processing /home/logi/txtai/venv/lib/python3.10/site-packages/airflow/example_dags/example_trigger_target_dag.py took 0.060 seconds
[2025-11-02T11:53:24.724+0530] {processor.py:161} INFO - Started process (PID=15464) to work on /home/logi/txtai/venv/lib/python3.10/site-packages/airflow/example_dags/example_trigger_target_dag.py
[2025-11-02T11:53:24.737+0530] {processor.py:830} INFO - Processing file /home/logi/txtai/venv/lib/python3.10/site-packages/airflow/example_dags/example_trigger_target_dag.py for tasks to queue
[2025-11-02T11:53:24.740+0530] {logging_mixin.py:188} INFO - [2025-11-02T11:53:24.739+0530] {dagbag.py:545} INFO - Filling up the DagBag from /home/logi/txtai/venv/lib/python3.10/site-packages/airflow/example_dags/example_trigger_target_dag.py
[2025-11-02T11:53:24.751+0530] {processor.py:840} INFO - DAG(s) 'example_trigger_target_dag' retrieved from /home/logi/txtai/venv/lib/python3.10/site-packages/airflow/example_dags/example_trigger_target_dag.py
[2025-11-02T11:53:24.775+0530] {logging_mixin.py:188} INFO - [2025-11-02T11:53:24.775+0530] {dag.py:3089} INFO - Sync 1 DAGs
[2025-11-02T11:53:24.790+0530] {logging_mixin.py:188} INFO - [2025-11-02T11:53:24.790+0530] {dag.py:3947} INFO - Setting next_dagrun for example_trigger_target_dag to None, run_after=None
[2025-11-02T11:53:24.814+0530] {processor.py:183} INFO - Processing /home/logi/txtai/venv/lib/python3.10/site-packages/airflow/example_dags/example_trigger_target_dag.py took 0.103 seconds
[2025-11-02T11:54:18.289+0530] {processor.py:161} INFO - Started process (PID=15540) to work on /home/logi/txtai/venv/lib/python3.10/site-packages/airflow/example_dags/example_trigger_target_dag.py
[2025-11-02T11:54:18.302+0530] {processor.py:830} INFO - Processing file /home/logi/txtai/venv/lib/python3.10/site-packages/airflow/example_dags/example_trigger_target_dag.py for tasks to queue
[2025-11-02T11:54:18.305+0530] {logging_mixin.py:188} INFO - [2025-11-02T11:54:18.304+0530] {dagbag.py:545} INFO - Filling up the DagBag from /home/logi/txtai/venv/lib/python3.10/site-packages/airflow/example_dags/example_trigger_target_dag.py
[2025-11-02T11:54:18.316+0530] {processor.py:840} INFO - DAG(s) 'example_trigger_target_dag' retrieved from /home/logi/txtai/venv/lib/python3.10/site-packages/airflow/example_dags/example_trigger_target_dag.py
[2025-11-02T11:54:18.339+0530] {logging_mixin.py:188} INFO - [2025-11-02T11:54:18.339+0530] {dag.py:3089} INFO - Sync 1 DAGs
[2025-11-02T11:54:18.350+0530] {logging_mixin.py:188} INFO - [2025-11-02T11:54:18.350+0530] {dag.py:3947} INFO - Setting next_dagrun for example_trigger_target_dag to None, run_after=None
[2025-11-02T11:54:18.472+0530] {processor.py:183} INFO - Processing /home/logi/txtai/venv/lib/python3.10/site-packages/airflow/example_dags/example_trigger_target_dag.py took 0.189 seconds
[2025-11-02T11:55:15.359+0530] {processor.py:161} INFO - Started process (PID=15652) to work on /home/logi/txtai/venv/lib/python3.10/site-packages/airflow/example_dags/example_trigger_target_dag.py
[2025-11-02T11:55:15.362+0530] {processor.py:830} INFO - Processing file /home/logi/txtai/venv/lib/python3.10/site-packages/airflow/example_dags/example_trigger_target_dag.py for tasks to queue
[2025-11-02T11:55:15.365+0530] {logging_mixin.py:188} INFO - [2025-11-02T11:55:15.365+0530] {dagbag.py:545} INFO - Filling up the DagBag from /home/logi/txtai/venv/lib/python3.10/site-packages/airflow/example_dags/example_trigger_target_dag.py
[2025-11-02T11:55:15.378+0530] {processor.py:840} INFO - DAG(s) 'example_trigger_target_dag' retrieved from /home/logi/txtai/venv/lib/python3.10/site-packages/airflow/example_dags/example_trigger_target_dag.py
[2025-11-02T11:55:15.404+0530] {logging_mixin.py:188} INFO - [2025-11-02T11:55:15.404+0530] {dag.py:3089} INFO - Sync 1 DAGs
[2025-11-02T11:55:15.417+0530] {logging_mixin.py:188} INFO - [2025-11-02T11:55:15.416+0530] {dag.py:3947} INFO - Setting next_dagrun for example_trigger_target_dag to None, run_after=None
[2025-11-02T11:55:15.448+0530] {processor.py:183} INFO - Processing /home/logi/txtai/venv/lib/python3.10/site-packages/airflow/example_dags/example_trigger_target_dag.py took 0.102 seconds
[2025-11-02T11:56:09.082+0530] {processor.py:161} INFO - Started process (PID=15750) to work on /home/logi/txtai/venv/lib/python3.10/site-packages/airflow/example_dags/example_trigger_target_dag.py
[2025-11-02T11:56:09.095+0530] {processor.py:830} INFO - Processing file /home/logi/txtai/venv/lib/python3.10/site-packages/airflow/example_dags/example_trigger_target_dag.py for tasks to queue
[2025-11-02T11:56:09.097+0530] {logging_mixin.py:188} INFO - [2025-11-02T11:56:09.096+0530] {dagbag.py:545} INFO - Filling up the DagBag from /home/logi/txtai/venv/lib/python3.10/site-packages/airflow/example_dags/example_trigger_target_dag.py
[2025-11-02T11:56:09.103+0530] {processor.py:840} INFO - DAG(s) 'example_trigger_target_dag' retrieved from /home/logi/txtai/venv/lib/python3.10/site-packages/airflow/example_dags/example_trigger_target_dag.py
[2025-11-02T11:56:09.118+0530] {logging_mixin.py:188} INFO - [2025-11-02T11:56:09.118+0530] {dag.py:3089} INFO - Sync 1 DAGs
[2025-11-02T11:56:09.128+0530] {logging_mixin.py:188} INFO - [2025-11-02T11:56:09.128+0530] {dag.py:3947} INFO - Setting next_dagrun for example_trigger_target_dag to None, run_after=None
[2025-11-02T11:56:09.148+0530] {processor.py:183} INFO - Processing /home/logi/txtai/venv/lib/python3.10/site-packages/airflow/example_dags/example_trigger_target_dag.py took 0.073 seconds
[2025-11-02T11:56:59.297+0530] {processor.py:161} INFO - Started process (PID=15844) to work on /home/logi/txtai/venv/lib/python3.10/site-packages/airflow/example_dags/example_trigger_target_dag.py
[2025-11-02T11:56:59.307+0530] {processor.py:830} INFO - Processing file /home/logi/txtai/venv/lib/python3.10/site-packages/airflow/example_dags/example_trigger_target_dag.py for tasks to queue
[2025-11-02T11:56:59.310+0530] {logging_mixin.py:188} INFO - [2025-11-02T11:56:59.309+0530] {dagbag.py:545} INFO - Filling up the DagBag from /home/logi/txtai/venv/lib/python3.10/site-packages/airflow/example_dags/example_trigger_target_dag.py
[2025-11-02T11:56:59.321+0530] {processor.py:840} INFO - DAG(s) 'example_trigger_target_dag' retrieved from /home/logi/txtai/venv/lib/python3.10/site-packages/airflow/example_dags/example_trigger_target_dag.py
[2025-11-02T11:56:59.346+0530] {logging_mixin.py:188} INFO - [2025-11-02T11:56:59.345+0530] {dag.py:3089} INFO - Sync 1 DAGs
[2025-11-02T11:56:59.359+0530] {logging_mixin.py:188} INFO - [2025-11-02T11:56:59.358+0530] {dag.py:3947} INFO - Setting next_dagrun for example_trigger_target_dag to None, run_after=None
[2025-11-02T11:56:59.386+0530] {processor.py:183} INFO - Processing /home/logi/txtai/venv/lib/python3.10/site-packages/airflow/example_dags/example_trigger_target_dag.py took 0.100 seconds
[2025-11-02T11:57:51.968+0530] {processor.py:161} INFO - Started process (PID=15934) to work on /home/logi/txtai/venv/lib/python3.10/site-packages/airflow/example_dags/example_trigger_target_dag.py
[2025-11-02T11:57:51.982+0530] {processor.py:830} INFO - Processing file /home/logi/txtai/venv/lib/python3.10/site-packages/airflow/example_dags/example_trigger_target_dag.py for tasks to queue
[2025-11-02T11:57:51.984+0530] {logging_mixin.py:188} INFO - [2025-11-02T11:57:51.984+0530] {dagbag.py:545} INFO - Filling up the DagBag from /home/logi/txtai/venv/lib/python3.10/site-packages/airflow/example_dags/example_trigger_target_dag.py
[2025-11-02T11:57:51.992+0530] {processor.py:840} INFO - DAG(s) 'example_trigger_target_dag' retrieved from /home/logi/txtai/venv/lib/python3.10/site-packages/airflow/example_dags/example_trigger_target_dag.py
[2025-11-02T11:57:52.012+0530] {logging_mixin.py:188} INFO - [2025-11-02T11:57:52.012+0530] {dag.py:3089} INFO - Sync 1 DAGs
[2025-11-02T11:57:52.023+0530] {logging_mixin.py:188} INFO - [2025-11-02T11:57:52.022+0530] {dag.py:3947} INFO - Setting next_dagrun for example_trigger_target_dag to None, run_after=None
[2025-11-02T11:57:52.045+0530] {processor.py:183} INFO - Processing /home/logi/txtai/venv/lib/python3.10/site-packages/airflow/example_dags/example_trigger_target_dag.py took 0.088 seconds
[2025-11-02T11:58:44.001+0530] {processor.py:161} INFO - Started process (PID=16010) to work on /home/logi/txtai/venv/lib/python3.10/site-packages/airflow/example_dags/example_trigger_target_dag.py
[2025-11-02T11:58:44.004+0530] {processor.py:830} INFO - Processing file /home/logi/txtai/venv/lib/python3.10/site-packages/airflow/example_dags/example_trigger_target_dag.py for tasks to queue
[2025-11-02T11:58:44.007+0530] {logging_mixin.py:188} INFO - [2025-11-02T11:58:44.007+0530] {dagbag.py:545} INFO - Filling up the DagBag from /home/logi/txtai/venv/lib/python3.10/site-packages/airflow/example_dags/example_trigger_target_dag.py
[2025-11-02T11:58:44.018+0530] {processor.py:840} INFO - DAG(s) 'example_trigger_target_dag' retrieved from /home/logi/txtai/venv/lib/python3.10/site-packages/airflow/example_dags/example_trigger_target_dag.py
[2025-11-02T11:58:44.043+0530] {logging_mixin.py:188} INFO - [2025-11-02T11:58:44.042+0530] {dag.py:3089} INFO - Sync 1 DAGs
[2025-11-02T11:58:44.053+0530] {logging_mixin.py:188} INFO - [2025-11-02T11:58:44.052+0530] {dag.py:3947} INFO - Setting next_dagrun for example_trigger_target_dag to None, run_after=None
[2025-11-02T11:58:44.073+0530] {processor.py:183} INFO - Processing /home/logi/txtai/venv/lib/python3.10/site-packages/airflow/example_dags/example_trigger_target_dag.py took 0.084 seconds
[2025-11-02T11:59:33.558+0530] {processor.py:161} INFO - Started process (PID=16094) to work on /home/logi/txtai/venv/lib/python3.10/site-packages/airflow/example_dags/example_trigger_target_dag.py
[2025-11-02T11:59:33.572+0530] {processor.py:830} INFO - Processing file /home/logi/txtai/venv/lib/python3.10/site-packages/airflow/example_dags/example_trigger_target_dag.py for tasks to queue
[2025-11-02T11:59:33.574+0530] {logging_mixin.py:188} INFO - [2025-11-02T11:59:33.574+0530] {dagbag.py:545} INFO - Filling up the DagBag from /home/logi/txtai/venv/lib/python3.10/site-packages/airflow/example_dags/example_trigger_target_dag.py
[2025-11-02T11:59:33.585+0530] {processor.py:840} INFO - DAG(s) 'example_trigger_target_dag' retrieved from /home/logi/txtai/venv/lib/python3.10/site-packages/airflow/example_dags/example_trigger_target_dag.py
[2025-11-02T11:59:33.612+0530] {logging_mixin.py:188} INFO - [2025-11-02T11:59:33.611+0530] {dag.py:3089} INFO - Sync 1 DAGs
[2025-11-02T11:59:33.628+0530] {logging_mixin.py:188} INFO - [2025-11-02T11:59:33.627+0530] {dag.py:3947} INFO - Setting next_dagrun for example_trigger_target_dag to None, run_after=None
[2025-11-02T11:59:33.657+0530] {processor.py:183} INFO - Processing /home/logi/txtai/venv/lib/python3.10/site-packages/airflow/example_dags/example_trigger_target_dag.py took 0.111 seconds
[2025-11-02T12:00:26.591+0530] {processor.py:161} INFO - Started process (PID=16228) to work on /home/logi/txtai/venv/lib/python3.10/site-packages/airflow/example_dags/example_trigger_target_dag.py
[2025-11-02T12:00:26.604+0530] {processor.py:830} INFO - Processing file /home/logi/txtai/venv/lib/python3.10/site-packages/airflow/example_dags/example_trigger_target_dag.py for tasks to queue
[2025-11-02T12:00:26.606+0530] {logging_mixin.py:188} INFO - [2025-11-02T12:00:26.606+0530] {dagbag.py:545} INFO - Filling up the DagBag from /home/logi/txtai/venv/lib/python3.10/site-packages/airflow/example_dags/example_trigger_target_dag.py
[2025-11-02T12:00:26.611+0530] {processor.py:840} INFO - DAG(s) 'example_trigger_target_dag' retrieved from /home/logi/txtai/venv/lib/python3.10/site-packages/airflow/example_dags/example_trigger_target_dag.py
[2025-11-02T12:00:26.628+0530] {logging_mixin.py:188} INFO - [2025-11-02T12:00:26.628+0530] {dag.py:3089} INFO - Sync 1 DAGs
[2025-11-02T12:00:26.637+0530] {logging_mixin.py:188} INFO - [2025-11-02T12:00:26.636+0530] {dag.py:3947} INFO - Setting next_dagrun for example_trigger_target_dag to None, run_after=None
[2025-11-02T12:00:26.654+0530] {processor.py:183} INFO - Processing /home/logi/txtai/venv/lib/python3.10/site-packages/airflow/example_dags/example_trigger_target_dag.py took 0.072 seconds
[2025-11-02T12:01:21.594+0530] {processor.py:161} INFO - Started process (PID=16306) to work on /home/logi/txtai/venv/lib/python3.10/site-packages/airflow/example_dags/example_trigger_target_dag.py
[2025-11-02T12:01:21.595+0530] {processor.py:830} INFO - Processing file /home/logi/txtai/venv/lib/python3.10/site-packages/airflow/example_dags/example_trigger_target_dag.py for tasks to queue
[2025-11-02T12:01:21.598+0530] {logging_mixin.py:188} INFO - [2025-11-02T12:01:21.598+0530] {dagbag.py:545} INFO - Filling up the DagBag from /home/logi/txtai/venv/lib/python3.10/site-packages/airflow/example_dags/example_trigger_target_dag.py
[2025-11-02T12:01:21.609+0530] {processor.py:840} INFO - DAG(s) 'example_trigger_target_dag' retrieved from /home/logi/txtai/venv/lib/python3.10/site-packages/airflow/example_dags/example_trigger_target_dag.py
[2025-11-02T12:01:21.634+0530] {logging_mixin.py:188} INFO - [2025-11-02T12:01:21.633+0530] {dag.py:3089} INFO - Sync 1 DAGs
[2025-11-02T12:01:21.644+0530] {logging_mixin.py:188} INFO - [2025-11-02T12:01:21.644+0530] {dag.py:3947} INFO - Setting next_dagrun for example_trigger_target_dag to None, run_after=None
[2025-11-02T12:01:21.677+0530] {processor.py:183} INFO - Processing /home/logi/txtai/venv/lib/python3.10/site-packages/airflow/example_dags/example_trigger_target_dag.py took 0.095 seconds
[2025-11-02T12:02:13.188+0530] {processor.py:161} INFO - Started process (PID=16386) to work on /home/logi/txtai/venv/lib/python3.10/site-packages/airflow/example_dags/example_trigger_target_dag.py
[2025-11-02T12:02:13.189+0530] {processor.py:830} INFO - Processing file /home/logi/txtai/venv/lib/python3.10/site-packages/airflow/example_dags/example_trigger_target_dag.py for tasks to queue
[2025-11-02T12:02:13.192+0530] {logging_mixin.py:188} INFO - [2025-11-02T12:02:13.192+0530] {dagbag.py:545} INFO - Filling up the DagBag from /home/logi/txtai/venv/lib/python3.10/site-packages/airflow/example_dags/example_trigger_target_dag.py
[2025-11-02T12:02:13.201+0530] {processor.py:840} INFO - DAG(s) 'example_trigger_target_dag' retrieved from /home/logi/txtai/venv/lib/python3.10/site-packages/airflow/example_dags/example_trigger_target_dag.py
[2025-11-02T12:02:13.220+0530] {logging_mixin.py:188} INFO - [2025-11-02T12:02:13.220+0530] {dag.py:3089} INFO - Sync 1 DAGs
[2025-11-02T12:02:13.235+0530] {logging_mixin.py:188} INFO - [2025-11-02T12:02:13.235+0530] {dag.py:3947} INFO - Setting next_dagrun for example_trigger_target_dag to None, run_after=None
[2025-11-02T12:02:13.257+0530] {processor.py:183} INFO - Processing /home/logi/txtai/venv/lib/python3.10/site-packages/airflow/example_dags/example_trigger_target_dag.py took 0.078 seconds
[2025-11-02T12:03:00.167+0530] {processor.py:161} INFO - Started process (PID=16457) to work on /home/logi/txtai/venv/lib/python3.10/site-packages/airflow/example_dags/example_trigger_target_dag.py
[2025-11-02T12:03:00.181+0530] {processor.py:830} INFO - Processing file /home/logi/txtai/venv/lib/python3.10/site-packages/airflow/example_dags/example_trigger_target_dag.py for tasks to queue
[2025-11-02T12:03:00.184+0530] {logging_mixin.py:188} INFO - [2025-11-02T12:03:00.184+0530] {dagbag.py:545} INFO - Filling up the DagBag from /home/logi/txtai/venv/lib/python3.10/site-packages/airflow/example_dags/example_trigger_target_dag.py
[2025-11-02T12:03:00.196+0530] {processor.py:840} INFO - DAG(s) 'example_trigger_target_dag' retrieved from /home/logi/txtai/venv/lib/python3.10/site-packages/airflow/example_dags/example_trigger_target_dag.py
[2025-11-02T12:03:00.223+0530] {logging_mixin.py:188} INFO - [2025-11-02T12:03:00.223+0530] {dag.py:3089} INFO - Sync 1 DAGs
[2025-11-02T12:03:00.234+0530] {logging_mixin.py:188} INFO - [2025-11-02T12:03:00.234+0530] {dag.py:3947} INFO - Setting next_dagrun for example_trigger_target_dag to None, run_after=None
[2025-11-02T12:03:00.262+0530] {processor.py:183} INFO - Processing /home/logi/txtai/venv/lib/python3.10/site-packages/airflow/example_dags/example_trigger_target_dag.py took 0.104 seconds
[2025-11-02T12:03:50.810+0530] {processor.py:161} INFO - Started process (PID=16529) to work on /home/logi/txtai/venv/lib/python3.10/site-packages/airflow/example_dags/example_trigger_target_dag.py
[2025-11-02T12:03:50.824+0530] {processor.py:830} INFO - Processing file /home/logi/txtai/venv/lib/python3.10/site-packages/airflow/example_dags/example_trigger_target_dag.py for tasks to queue
[2025-11-02T12:03:50.827+0530] {logging_mixin.py:188} INFO - [2025-11-02T12:03:50.826+0530] {dagbag.py:545} INFO - Filling up the DagBag from /home/logi/txtai/venv/lib/python3.10/site-packages/airflow/example_dags/example_trigger_target_dag.py
[2025-11-02T12:03:50.838+0530] {processor.py:840} INFO - DAG(s) 'example_trigger_target_dag' retrieved from /home/logi/txtai/venv/lib/python3.10/site-packages/airflow/example_dags/example_trigger_target_dag.py
[2025-11-02T12:03:50.865+0530] {logging_mixin.py:188} INFO - [2025-11-02T12:03:50.864+0530] {dag.py:3089} INFO - Sync 1 DAGs
[2025-11-02T12:03:50.880+0530] {logging_mixin.py:188} INFO - [2025-11-02T12:03:50.880+0530] {dag.py:3947} INFO - Setting next_dagrun for example_trigger_target_dag to None, run_after=None
[2025-11-02T12:03:50.910+0530] {processor.py:183} INFO - Processing /home/logi/txtai/venv/lib/python3.10/site-packages/airflow/example_dags/example_trigger_target_dag.py took 0.111 seconds
[2025-11-02T12:04:44.714+0530] {processor.py:161} INFO - Started process (PID=16792) to work on /home/logi/txtai/venv/lib/python3.10/site-packages/airflow/example_dags/example_trigger_target_dag.py
[2025-11-02T12:04:44.727+0530] {processor.py:830} INFO - Processing file /home/logi/txtai/venv/lib/python3.10/site-packages/airflow/example_dags/example_trigger_target_dag.py for tasks to queue
[2025-11-02T12:04:44.730+0530] {logging_mixin.py:188} INFO - [2025-11-02T12:04:44.729+0530] {dagbag.py:545} INFO - Filling up the DagBag from /home/logi/txtai/venv/lib/python3.10/site-packages/airflow/example_dags/example_trigger_target_dag.py
[2025-11-02T12:04:44.741+0530] {processor.py:840} INFO - DAG(s) 'example_trigger_target_dag' retrieved from /home/logi/txtai/venv/lib/python3.10/site-packages/airflow/example_dags/example_trigger_target_dag.py
[2025-11-02T12:04:44.766+0530] {logging_mixin.py:188} INFO - [2025-11-02T12:04:44.766+0530] {dag.py:3089} INFO - Sync 1 DAGs
[2025-11-02T12:04:44.781+0530] {logging_mixin.py:188} INFO - [2025-11-02T12:04:44.781+0530] {dag.py:3947} INFO - Setting next_dagrun for example_trigger_target_dag to None, run_after=None
[2025-11-02T12:04:44.808+0530] {processor.py:183} INFO - Processing /home/logi/txtai/venv/lib/python3.10/site-packages/airflow/example_dags/example_trigger_target_dag.py took 0.106 seconds
[2025-11-02T12:05:39.817+0530] {processor.py:161} INFO - Started process (PID=17183) to work on /home/logi/txtai/venv/lib/python3.10/site-packages/airflow/example_dags/example_trigger_target_dag.py
[2025-11-02T12:05:39.830+0530] {processor.py:830} INFO - Processing file /home/logi/txtai/venv/lib/python3.10/site-packages/airflow/example_dags/example_trigger_target_dag.py for tasks to queue
[2025-11-02T12:05:39.834+0530] {logging_mixin.py:188} INFO - [2025-11-02T12:05:39.833+0530] {dagbag.py:545} INFO - Filling up the DagBag from /home/logi/txtai/venv/lib/python3.10/site-packages/airflow/example_dags/example_trigger_target_dag.py
[2025-11-02T12:05:39.844+0530] {processor.py:840} INFO - DAG(s) 'example_trigger_target_dag' retrieved from /home/logi/txtai/venv/lib/python3.10/site-packages/airflow/example_dags/example_trigger_target_dag.py
[2025-11-02T12:05:39.869+0530] {logging_mixin.py:188} INFO - [2025-11-02T12:05:39.869+0530] {dag.py:3089} INFO - Sync 1 DAGs
[2025-11-02T12:05:39.884+0530] {logging_mixin.py:188} INFO - [2025-11-02T12:05:39.884+0530] {dag.py:3947} INFO - Setting next_dagrun for example_trigger_target_dag to None, run_after=None
[2025-11-02T12:05:39.910+0530] {processor.py:183} INFO - Processing /home/logi/txtai/venv/lib/python3.10/site-packages/airflow/example_dags/example_trigger_target_dag.py took 0.105 seconds
