[2025-11-02T10:30:38.963+0530] {processor.py:161} INFO - Started process (PID=5953) to work on /home/logi/txtai/venv/lib/python3.10/site-packages/airflow/example_dags/example_time_delta_sensor_async.py
[2025-11-02T10:30:38.967+0530] {processor.py:830} INFO - Processing file /home/logi/txtai/venv/lib/python3.10/site-packages/airflow/example_dags/example_time_delta_sensor_async.py for tasks to queue
[2025-11-02T10:30:38.973+0530] {logging_mixin.py:188} INFO - [2025-11-02T10:30:38.972+0530] {dagbag.py:545} INFO - Filling up the DagBag from /home/logi/txtai/venv/lib/python3.10/site-packages/airflow/example_dags/example_time_delta_sensor_async.py
[2025-11-02T10:30:39.000+0530] {processor.py:840} INFO - DAG(s) 'example_time_delta_sensor_async' retrieved from /home/logi/txtai/venv/lib/python3.10/site-packages/airflow/example_dags/example_time_delta_sensor_async.py
[2025-11-02T10:30:39.053+0530] {logging_mixin.py:188} INFO - [2025-11-02T10:30:39.052+0530] {dag.py:3089} INFO - Sync 1 DAGs
[2025-11-02T10:30:39.073+0530] {logging_mixin.py:188} INFO - [2025-11-02T10:30:39.073+0530] {dag.py:3947} INFO - Setting next_dagrun for example_time_delta_sensor_async to None, run_after=None
[2025-11-02T10:30:39.114+0530] {processor.py:183} INFO - Processing /home/logi/txtai/venv/lib/python3.10/site-packages/airflow/example_dags/example_time_delta_sensor_async.py took 0.176 seconds
[2025-11-02T10:31:37.634+0530] {processor.py:161} INFO - Started process (PID=6132) to work on /home/logi/txtai/venv/lib/python3.10/site-packages/airflow/example_dags/example_time_delta_sensor_async.py
[2025-11-02T10:31:37.648+0530] {processor.py:830} INFO - Processing file /home/logi/txtai/venv/lib/python3.10/site-packages/airflow/example_dags/example_time_delta_sensor_async.py for tasks to queue
[2025-11-02T10:31:37.651+0530] {logging_mixin.py:188} INFO - [2025-11-02T10:31:37.650+0530] {dagbag.py:545} INFO - Filling up the DagBag from /home/logi/txtai/venv/lib/python3.10/site-packages/airflow/example_dags/example_time_delta_sensor_async.py
[2025-11-02T10:31:37.659+0530] {processor.py:840} INFO - DAG(s) 'example_time_delta_sensor_async' retrieved from /home/logi/txtai/venv/lib/python3.10/site-packages/airflow/example_dags/example_time_delta_sensor_async.py
[2025-11-02T10:31:37.685+0530] {logging_mixin.py:188} INFO - [2025-11-02T10:31:37.685+0530] {dag.py:3089} INFO - Sync 1 DAGs
[2025-11-02T10:31:37.699+0530] {logging_mixin.py:188} INFO - [2025-11-02T10:31:37.699+0530] {dag.py:3947} INFO - Setting next_dagrun for example_time_delta_sensor_async to None, run_after=None
[2025-11-02T10:31:37.735+0530] {processor.py:183} INFO - Processing /home/logi/txtai/venv/lib/python3.10/site-packages/airflow/example_dags/example_time_delta_sensor_async.py took 0.113 seconds
[2025-11-02T10:32:31.757+0530] {processor.py:161} INFO - Started process (PID=6335) to work on /home/logi/txtai/venv/lib/python3.10/site-packages/airflow/example_dags/example_time_delta_sensor_async.py
[2025-11-02T10:32:31.759+0530] {processor.py:830} INFO - Processing file /home/logi/txtai/venv/lib/python3.10/site-packages/airflow/example_dags/example_time_delta_sensor_async.py for tasks to queue
[2025-11-02T10:32:31.763+0530] {logging_mixin.py:188} INFO - [2025-11-02T10:32:31.763+0530] {dagbag.py:545} INFO - Filling up the DagBag from /home/logi/txtai/venv/lib/python3.10/site-packages/airflow/example_dags/example_time_delta_sensor_async.py
[2025-11-02T10:32:31.772+0530] {processor.py:840} INFO - DAG(s) 'example_time_delta_sensor_async' retrieved from /home/logi/txtai/venv/lib/python3.10/site-packages/airflow/example_dags/example_time_delta_sensor_async.py
[2025-11-02T10:32:31.800+0530] {logging_mixin.py:188} INFO - [2025-11-02T10:32:31.799+0530] {dag.py:3089} INFO - Sync 1 DAGs
[2025-11-02T10:32:31.812+0530] {logging_mixin.py:188} INFO - [2025-11-02T10:32:31.812+0530] {dag.py:3947} INFO - Setting next_dagrun for example_time_delta_sensor_async to None, run_after=None
[2025-11-02T10:32:31.835+0530] {processor.py:183} INFO - Processing /home/logi/txtai/venv/lib/python3.10/site-packages/airflow/example_dags/example_time_delta_sensor_async.py took 0.090 seconds
[2025-11-02T10:33:24.062+0530] {processor.py:161} INFO - Started process (PID=6411) to work on /home/logi/txtai/venv/lib/python3.10/site-packages/airflow/example_dags/example_time_delta_sensor_async.py
[2025-11-02T10:33:24.065+0530] {processor.py:830} INFO - Processing file /home/logi/txtai/venv/lib/python3.10/site-packages/airflow/example_dags/example_time_delta_sensor_async.py for tasks to queue
[2025-11-02T10:33:24.070+0530] {logging_mixin.py:188} INFO - [2025-11-02T10:33:24.069+0530] {dagbag.py:545} INFO - Filling up the DagBag from /home/logi/txtai/venv/lib/python3.10/site-packages/airflow/example_dags/example_time_delta_sensor_async.py
[2025-11-02T10:33:24.079+0530] {processor.py:840} INFO - DAG(s) 'example_time_delta_sensor_async' retrieved from /home/logi/txtai/venv/lib/python3.10/site-packages/airflow/example_dags/example_time_delta_sensor_async.py
[2025-11-02T10:33:24.102+0530] {logging_mixin.py:188} INFO - [2025-11-02T10:33:24.102+0530] {dag.py:3089} INFO - Sync 1 DAGs
[2025-11-02T10:33:24.112+0530] {logging_mixin.py:188} INFO - [2025-11-02T10:33:24.112+0530] {dag.py:3947} INFO - Setting next_dagrun for example_time_delta_sensor_async to None, run_after=None
[2025-11-02T10:33:24.134+0530] {processor.py:183} INFO - Processing /home/logi/txtai/venv/lib/python3.10/site-packages/airflow/example_dags/example_time_delta_sensor_async.py took 0.084 seconds
[2025-11-02T10:34:17.718+0530] {processor.py:161} INFO - Started process (PID=6519) to work on /home/logi/txtai/venv/lib/python3.10/site-packages/airflow/example_dags/example_time_delta_sensor_async.py
[2025-11-02T10:34:17.731+0530] {processor.py:830} INFO - Processing file /home/logi/txtai/venv/lib/python3.10/site-packages/airflow/example_dags/example_time_delta_sensor_async.py for tasks to queue
[2025-11-02T10:34:17.736+0530] {logging_mixin.py:188} INFO - [2025-11-02T10:34:17.735+0530] {dagbag.py:545} INFO - Filling up the DagBag from /home/logi/txtai/venv/lib/python3.10/site-packages/airflow/example_dags/example_time_delta_sensor_async.py
[2025-11-02T10:34:17.744+0530] {processor.py:840} INFO - DAG(s) 'example_time_delta_sensor_async' retrieved from /home/logi/txtai/venv/lib/python3.10/site-packages/airflow/example_dags/example_time_delta_sensor_async.py
[2025-11-02T10:34:17.771+0530] {logging_mixin.py:188} INFO - [2025-11-02T10:34:17.771+0530] {dag.py:3089} INFO - Sync 1 DAGs
[2025-11-02T10:34:17.787+0530] {logging_mixin.py:188} INFO - [2025-11-02T10:34:17.786+0530] {dag.py:3947} INFO - Setting next_dagrun for example_time_delta_sensor_async to None, run_after=None
[2025-11-02T10:34:17.809+0530] {processor.py:183} INFO - Processing /home/logi/txtai/venv/lib/python3.10/site-packages/airflow/example_dags/example_time_delta_sensor_async.py took 0.103 seconds
[2025-11-02T10:35:11.877+0530] {processor.py:161} INFO - Started process (PID=6750) to work on /home/logi/txtai/venv/lib/python3.10/site-packages/airflow/example_dags/example_time_delta_sensor_async.py
[2025-11-02T10:35:11.887+0530] {processor.py:830} INFO - Processing file /home/logi/txtai/venv/lib/python3.10/site-packages/airflow/example_dags/example_time_delta_sensor_async.py for tasks to queue
[2025-11-02T10:35:11.890+0530] {logging_mixin.py:188} INFO - [2025-11-02T10:35:11.890+0530] {dagbag.py:545} INFO - Filling up the DagBag from /home/logi/txtai/venv/lib/python3.10/site-packages/airflow/example_dags/example_time_delta_sensor_async.py
[2025-11-02T10:35:11.899+0530] {processor.py:840} INFO - DAG(s) 'example_time_delta_sensor_async' retrieved from /home/logi/txtai/venv/lib/python3.10/site-packages/airflow/example_dags/example_time_delta_sensor_async.py
[2025-11-02T10:35:11.927+0530] {logging_mixin.py:188} INFO - [2025-11-02T10:35:11.926+0530] {dag.py:3089} INFO - Sync 1 DAGs
[2025-11-02T10:35:11.947+0530] {logging_mixin.py:188} INFO - [2025-11-02T10:35:11.947+0530] {dag.py:3947} INFO - Setting next_dagrun for example_time_delta_sensor_async to None, run_after=None
[2025-11-02T10:35:11.979+0530] {processor.py:183} INFO - Processing /home/logi/txtai/venv/lib/python3.10/site-packages/airflow/example_dags/example_time_delta_sensor_async.py took 0.114 seconds
[2025-11-02T10:36:08.065+0530] {processor.py:161} INFO - Started process (PID=6869) to work on /home/logi/txtai/venv/lib/python3.10/site-packages/airflow/example_dags/example_time_delta_sensor_async.py
[2025-11-02T10:36:08.078+0530] {processor.py:830} INFO - Processing file /home/logi/txtai/venv/lib/python3.10/site-packages/airflow/example_dags/example_time_delta_sensor_async.py for tasks to queue
[2025-11-02T10:36:08.081+0530] {logging_mixin.py:188} INFO - [2025-11-02T10:36:08.080+0530] {dagbag.py:545} INFO - Filling up the DagBag from /home/logi/txtai/venv/lib/python3.10/site-packages/airflow/example_dags/example_time_delta_sensor_async.py
[2025-11-02T10:36:08.089+0530] {processor.py:840} INFO - DAG(s) 'example_time_delta_sensor_async' retrieved from /home/logi/txtai/venv/lib/python3.10/site-packages/airflow/example_dags/example_time_delta_sensor_async.py
[2025-11-02T10:36:08.114+0530] {logging_mixin.py:188} INFO - [2025-11-02T10:36:08.114+0530] {dag.py:3089} INFO - Sync 1 DAGs
[2025-11-02T10:36:08.132+0530] {logging_mixin.py:188} INFO - [2025-11-02T10:36:08.131+0530] {dag.py:3947} INFO - Setting next_dagrun for example_time_delta_sensor_async to None, run_after=None
[2025-11-02T10:36:08.149+0530] {processor.py:183} INFO - Processing /home/logi/txtai/venv/lib/python3.10/site-packages/airflow/example_dags/example_time_delta_sensor_async.py took 0.095 seconds
[2025-11-02T10:36:58.937+0530] {processor.py:161} INFO - Started process (PID=6955) to work on /home/logi/txtai/venv/lib/python3.10/site-packages/airflow/example_dags/example_time_delta_sensor_async.py
[2025-11-02T10:36:58.939+0530] {processor.py:830} INFO - Processing file /home/logi/txtai/venv/lib/python3.10/site-packages/airflow/example_dags/example_time_delta_sensor_async.py for tasks to queue
[2025-11-02T10:36:58.942+0530] {logging_mixin.py:188} INFO - [2025-11-02T10:36:58.941+0530] {dagbag.py:545} INFO - Filling up the DagBag from /home/logi/txtai/venv/lib/python3.10/site-packages/airflow/example_dags/example_time_delta_sensor_async.py
[2025-11-02T10:36:58.950+0530] {processor.py:840} INFO - DAG(s) 'example_time_delta_sensor_async' retrieved from /home/logi/txtai/venv/lib/python3.10/site-packages/airflow/example_dags/example_time_delta_sensor_async.py
[2025-11-02T10:36:58.971+0530] {logging_mixin.py:188} INFO - [2025-11-02T10:36:58.970+0530] {dag.py:3089} INFO - Sync 1 DAGs
[2025-11-02T10:36:58.979+0530] {logging_mixin.py:188} INFO - [2025-11-02T10:36:58.979+0530] {dag.py:3947} INFO - Setting next_dagrun for example_time_delta_sensor_async to None, run_after=None
[2025-11-02T10:36:58.998+0530] {processor.py:183} INFO - Processing /home/logi/txtai/venv/lib/python3.10/site-packages/airflow/example_dags/example_time_delta_sensor_async.py took 0.071 seconds
[2025-11-02T10:37:49.889+0530] {processor.py:161} INFO - Started process (PID=7035) to work on /home/logi/txtai/venv/lib/python3.10/site-packages/airflow/example_dags/example_time_delta_sensor_async.py
[2025-11-02T10:37:49.902+0530] {processor.py:830} INFO - Processing file /home/logi/txtai/venv/lib/python3.10/site-packages/airflow/example_dags/example_time_delta_sensor_async.py for tasks to queue
[2025-11-02T10:37:49.905+0530] {logging_mixin.py:188} INFO - [2025-11-02T10:37:49.905+0530] {dagbag.py:545} INFO - Filling up the DagBag from /home/logi/txtai/venv/lib/python3.10/site-packages/airflow/example_dags/example_time_delta_sensor_async.py
[2025-11-02T10:37:49.913+0530] {processor.py:840} INFO - DAG(s) 'example_time_delta_sensor_async' retrieved from /home/logi/txtai/venv/lib/python3.10/site-packages/airflow/example_dags/example_time_delta_sensor_async.py
[2025-11-02T10:37:49.938+0530] {logging_mixin.py:188} INFO - [2025-11-02T10:37:49.938+0530] {dag.py:3089} INFO - Sync 1 DAGs
[2025-11-02T10:37:49.955+0530] {logging_mixin.py:188} INFO - [2025-11-02T10:37:49.955+0530] {dag.py:3947} INFO - Setting next_dagrun for example_time_delta_sensor_async to None, run_after=None
[2025-11-02T10:37:49.974+0530] {processor.py:183} INFO - Processing /home/logi/txtai/venv/lib/python3.10/site-packages/airflow/example_dags/example_time_delta_sensor_async.py took 0.096 seconds
[2025-11-02T10:38:43.626+0530] {processor.py:161} INFO - Started process (PID=7112) to work on /home/logi/txtai/venv/lib/python3.10/site-packages/airflow/example_dags/example_time_delta_sensor_async.py
[2025-11-02T10:38:43.640+0530] {processor.py:830} INFO - Processing file /home/logi/txtai/venv/lib/python3.10/site-packages/airflow/example_dags/example_time_delta_sensor_async.py for tasks to queue
[2025-11-02T10:38:43.643+0530] {logging_mixin.py:188} INFO - [2025-11-02T10:38:43.642+0530] {dagbag.py:545} INFO - Filling up the DagBag from /home/logi/txtai/venv/lib/python3.10/site-packages/airflow/example_dags/example_time_delta_sensor_async.py
[2025-11-02T10:38:43.652+0530] {processor.py:840} INFO - DAG(s) 'example_time_delta_sensor_async' retrieved from /home/logi/txtai/venv/lib/python3.10/site-packages/airflow/example_dags/example_time_delta_sensor_async.py
[2025-11-02T10:38:43.679+0530] {logging_mixin.py:188} INFO - [2025-11-02T10:38:43.679+0530] {dag.py:3089} INFO - Sync 1 DAGs
[2025-11-02T10:38:43.695+0530] {logging_mixin.py:188} INFO - [2025-11-02T10:38:43.694+0530] {dag.py:3947} INFO - Setting next_dagrun for example_time_delta_sensor_async to None, run_after=None
[2025-11-02T10:38:43.715+0530] {processor.py:183} INFO - Processing /home/logi/txtai/venv/lib/python3.10/site-packages/airflow/example_dags/example_time_delta_sensor_async.py took 0.100 seconds
[2025-11-02T10:39:36.680+0530] {processor.py:161} INFO - Started process (PID=7208) to work on /home/logi/txtai/venv/lib/python3.10/site-packages/airflow/example_dags/example_time_delta_sensor_async.py
[2025-11-02T10:39:36.693+0530] {processor.py:830} INFO - Processing file /home/logi/txtai/venv/lib/python3.10/site-packages/airflow/example_dags/example_time_delta_sensor_async.py for tasks to queue
[2025-11-02T10:39:36.696+0530] {logging_mixin.py:188} INFO - [2025-11-02T10:39:36.696+0530] {dagbag.py:545} INFO - Filling up the DagBag from /home/logi/txtai/venv/lib/python3.10/site-packages/airflow/example_dags/example_time_delta_sensor_async.py
[2025-11-02T10:39:36.705+0530] {processor.py:840} INFO - DAG(s) 'example_time_delta_sensor_async' retrieved from /home/logi/txtai/venv/lib/python3.10/site-packages/airflow/example_dags/example_time_delta_sensor_async.py
[2025-11-02T10:39:36.734+0530] {logging_mixin.py:188} INFO - [2025-11-02T10:39:36.733+0530] {dag.py:3089} INFO - Sync 1 DAGs
[2025-11-02T10:39:36.749+0530] {logging_mixin.py:188} INFO - [2025-11-02T10:39:36.748+0530] {dag.py:3947} INFO - Setting next_dagrun for example_time_delta_sensor_async to None, run_after=None
[2025-11-02T10:39:36.768+0530] {processor.py:183} INFO - Processing /home/logi/txtai/venv/lib/python3.10/site-packages/airflow/example_dags/example_time_delta_sensor_async.py took 0.100 seconds
[2025-11-02T10:40:32.785+0530] {processor.py:161} INFO - Started process (PID=7338) to work on /home/logi/txtai/venv/lib/python3.10/site-packages/airflow/example_dags/example_time_delta_sensor_async.py
[2025-11-02T10:40:32.798+0530] {processor.py:830} INFO - Processing file /home/logi/txtai/venv/lib/python3.10/site-packages/airflow/example_dags/example_time_delta_sensor_async.py for tasks to queue
[2025-11-02T10:40:32.802+0530] {logging_mixin.py:188} INFO - [2025-11-02T10:40:32.801+0530] {dagbag.py:545} INFO - Filling up the DagBag from /home/logi/txtai/venv/lib/python3.10/site-packages/airflow/example_dags/example_time_delta_sensor_async.py
[2025-11-02T10:40:32.810+0530] {processor.py:840} INFO - DAG(s) 'example_time_delta_sensor_async' retrieved from /home/logi/txtai/venv/lib/python3.10/site-packages/airflow/example_dags/example_time_delta_sensor_async.py
[2025-11-02T10:40:32.838+0530] {logging_mixin.py:188} INFO - [2025-11-02T10:40:32.838+0530] {dag.py:3089} INFO - Sync 1 DAGs
[2025-11-02T10:40:32.853+0530] {logging_mixin.py:188} INFO - [2025-11-02T10:40:32.853+0530] {dag.py:3947} INFO - Setting next_dagrun for example_time_delta_sensor_async to None, run_after=None
[2025-11-02T10:40:32.874+0530] {processor.py:183} INFO - Processing /home/logi/txtai/venv/lib/python3.10/site-packages/airflow/example_dags/example_time_delta_sensor_async.py took 0.100 seconds
[2025-11-02T10:41:26.797+0530] {processor.py:161} INFO - Started process (PID=7427) to work on /home/logi/txtai/venv/lib/python3.10/site-packages/airflow/example_dags/example_time_delta_sensor_async.py
[2025-11-02T10:41:26.810+0530] {processor.py:830} INFO - Processing file /home/logi/txtai/venv/lib/python3.10/site-packages/airflow/example_dags/example_time_delta_sensor_async.py for tasks to queue
[2025-11-02T10:41:26.813+0530] {logging_mixin.py:188} INFO - [2025-11-02T10:41:26.813+0530] {dagbag.py:545} INFO - Filling up the DagBag from /home/logi/txtai/venv/lib/python3.10/site-packages/airflow/example_dags/example_time_delta_sensor_async.py
[2025-11-02T10:41:26.821+0530] {processor.py:840} INFO - DAG(s) 'example_time_delta_sensor_async' retrieved from /home/logi/txtai/venv/lib/python3.10/site-packages/airflow/example_dags/example_time_delta_sensor_async.py
[2025-11-02T10:41:26.847+0530] {logging_mixin.py:188} INFO - [2025-11-02T10:41:26.847+0530] {dag.py:3089} INFO - Sync 1 DAGs
[2025-11-02T10:41:26.862+0530] {logging_mixin.py:188} INFO - [2025-11-02T10:41:26.862+0530] {dag.py:3947} INFO - Setting next_dagrun for example_time_delta_sensor_async to None, run_after=None
[2025-11-02T10:41:26.882+0530] {processor.py:183} INFO - Processing /home/logi/txtai/venv/lib/python3.10/site-packages/airflow/example_dags/example_time_delta_sensor_async.py took 0.096 seconds
[2025-11-02T10:42:18.168+0530] {processor.py:161} INFO - Started process (PID=7512) to work on /home/logi/txtai/venv/lib/python3.10/site-packages/airflow/example_dags/example_time_delta_sensor_async.py
[2025-11-02T10:42:18.181+0530] {processor.py:830} INFO - Processing file /home/logi/txtai/venv/lib/python3.10/site-packages/airflow/example_dags/example_time_delta_sensor_async.py for tasks to queue
[2025-11-02T10:42:18.184+0530] {logging_mixin.py:188} INFO - [2025-11-02T10:42:18.184+0530] {dagbag.py:545} INFO - Filling up the DagBag from /home/logi/txtai/venv/lib/python3.10/site-packages/airflow/example_dags/example_time_delta_sensor_async.py
[2025-11-02T10:42:18.192+0530] {processor.py:840} INFO - DAG(s) 'example_time_delta_sensor_async' retrieved from /home/logi/txtai/venv/lib/python3.10/site-packages/airflow/example_dags/example_time_delta_sensor_async.py
[2025-11-02T10:42:18.218+0530] {logging_mixin.py:188} INFO - [2025-11-02T10:42:18.217+0530] {dag.py:3089} INFO - Sync 1 DAGs
[2025-11-02T10:42:18.234+0530] {logging_mixin.py:188} INFO - [2025-11-02T10:42:18.234+0530] {dag.py:3947} INFO - Setting next_dagrun for example_time_delta_sensor_async to None, run_after=None
[2025-11-02T10:42:18.254+0530] {processor.py:183} INFO - Processing /home/logi/txtai/venv/lib/python3.10/site-packages/airflow/example_dags/example_time_delta_sensor_async.py took 0.096 seconds
[2025-11-02T10:43:09.026+0530] {processor.py:161} INFO - Started process (PID=7717) to work on /home/logi/txtai/venv/lib/python3.10/site-packages/airflow/example_dags/example_time_delta_sensor_async.py
[2025-11-02T10:43:09.028+0530] {processor.py:830} INFO - Processing file /home/logi/txtai/venv/lib/python3.10/site-packages/airflow/example_dags/example_time_delta_sensor_async.py for tasks to queue
[2025-11-02T10:43:09.031+0530] {logging_mixin.py:188} INFO - [2025-11-02T10:43:09.030+0530] {dagbag.py:545} INFO - Filling up the DagBag from /home/logi/txtai/venv/lib/python3.10/site-packages/airflow/example_dags/example_time_delta_sensor_async.py
[2025-11-02T10:43:09.039+0530] {processor.py:840} INFO - DAG(s) 'example_time_delta_sensor_async' retrieved from /home/logi/txtai/venv/lib/python3.10/site-packages/airflow/example_dags/example_time_delta_sensor_async.py
[2025-11-02T10:43:09.065+0530] {logging_mixin.py:188} INFO - [2025-11-02T10:43:09.065+0530] {dag.py:3089} INFO - Sync 1 DAGs
[2025-11-02T10:43:09.075+0530] {logging_mixin.py:188} INFO - [2025-11-02T10:43:09.075+0530] {dag.py:3947} INFO - Setting next_dagrun for example_time_delta_sensor_async to None, run_after=None
[2025-11-02T10:43:09.096+0530] {processor.py:183} INFO - Processing /home/logi/txtai/venv/lib/python3.10/site-packages/airflow/example_dags/example_time_delta_sensor_async.py took 0.082 seconds
[2025-11-02T10:44:00.898+0530] {processor.py:161} INFO - Started process (PID=7803) to work on /home/logi/txtai/venv/lib/python3.10/site-packages/airflow/example_dags/example_time_delta_sensor_async.py
[2025-11-02T10:44:00.911+0530] {processor.py:830} INFO - Processing file /home/logi/txtai/venv/lib/python3.10/site-packages/airflow/example_dags/example_time_delta_sensor_async.py for tasks to queue
[2025-11-02T10:44:00.914+0530] {logging_mixin.py:188} INFO - [2025-11-02T10:44:00.913+0530] {dagbag.py:545} INFO - Filling up the DagBag from /home/logi/txtai/venv/lib/python3.10/site-packages/airflow/example_dags/example_time_delta_sensor_async.py
[2025-11-02T10:44:00.922+0530] {processor.py:840} INFO - DAG(s) 'example_time_delta_sensor_async' retrieved from /home/logi/txtai/venv/lib/python3.10/site-packages/airflow/example_dags/example_time_delta_sensor_async.py
[2025-11-02T10:44:00.948+0530] {logging_mixin.py:188} INFO - [2025-11-02T10:44:00.947+0530] {dag.py:3089} INFO - Sync 1 DAGs
[2025-11-02T10:44:00.966+0530] {logging_mixin.py:188} INFO - [2025-11-02T10:44:00.966+0530] {dag.py:3947} INFO - Setting next_dagrun for example_time_delta_sensor_async to None, run_after=None
[2025-11-02T10:44:00.990+0530] {processor.py:183} INFO - Processing /home/logi/txtai/venv/lib/python3.10/site-packages/airflow/example_dags/example_time_delta_sensor_async.py took 0.103 seconds
[2025-11-02T10:44:51.572+0530] {processor.py:161} INFO - Started process (PID=7941) to work on /home/logi/txtai/venv/lib/python3.10/site-packages/airflow/example_dags/example_time_delta_sensor_async.py
[2025-11-02T10:44:51.577+0530] {processor.py:830} INFO - Processing file /home/logi/txtai/venv/lib/python3.10/site-packages/airflow/example_dags/example_time_delta_sensor_async.py for tasks to queue
[2025-11-02T10:44:51.580+0530] {logging_mixin.py:188} INFO - [2025-11-02T10:44:51.579+0530] {dagbag.py:545} INFO - Filling up the DagBag from /home/logi/txtai/venv/lib/python3.10/site-packages/airflow/example_dags/example_time_delta_sensor_async.py
[2025-11-02T10:44:51.588+0530] {processor.py:840} INFO - DAG(s) 'example_time_delta_sensor_async' retrieved from /home/logi/txtai/venv/lib/python3.10/site-packages/airflow/example_dags/example_time_delta_sensor_async.py
[2025-11-02T10:44:51.616+0530] {logging_mixin.py:188} INFO - [2025-11-02T10:44:51.615+0530] {dag.py:3089} INFO - Sync 1 DAGs
[2025-11-02T10:44:51.627+0530] {logging_mixin.py:188} INFO - [2025-11-02T10:44:51.627+0530] {dag.py:3947} INFO - Setting next_dagrun for example_time_delta_sensor_async to None, run_after=None
[2025-11-02T10:44:51.648+0530] {processor.py:183} INFO - Processing /home/logi/txtai/venv/lib/python3.10/site-packages/airflow/example_dags/example_time_delta_sensor_async.py took 0.088 seconds
[2025-11-02T10:45:39.962+0530] {processor.py:161} INFO - Started process (PID=8047) to work on /home/logi/txtai/venv/lib/python3.10/site-packages/airflow/example_dags/example_time_delta_sensor_async.py
[2025-11-02T10:45:39.975+0530] {processor.py:830} INFO - Processing file /home/logi/txtai/venv/lib/python3.10/site-packages/airflow/example_dags/example_time_delta_sensor_async.py for tasks to queue
[2025-11-02T10:45:39.978+0530] {logging_mixin.py:188} INFO - [2025-11-02T10:45:39.977+0530] {dagbag.py:545} INFO - Filling up the DagBag from /home/logi/txtai/venv/lib/python3.10/site-packages/airflow/example_dags/example_time_delta_sensor_async.py
[2025-11-02T10:45:39.985+0530] {processor.py:840} INFO - DAG(s) 'example_time_delta_sensor_async' retrieved from /home/logi/txtai/venv/lib/python3.10/site-packages/airflow/example_dags/example_time_delta_sensor_async.py
[2025-11-02T10:45:40.012+0530] {logging_mixin.py:188} INFO - [2025-11-02T10:45:40.011+0530] {dag.py:3089} INFO - Sync 1 DAGs
[2025-11-02T10:45:40.027+0530] {logging_mixin.py:188} INFO - [2025-11-02T10:45:40.027+0530] {dag.py:3947} INFO - Setting next_dagrun for example_time_delta_sensor_async to None, run_after=None
[2025-11-02T10:45:40.053+0530] {processor.py:183} INFO - Processing /home/logi/txtai/venv/lib/python3.10/site-packages/airflow/example_dags/example_time_delta_sensor_async.py took 0.103 seconds
[2025-11-02T10:46:36.930+0530] {processor.py:161} INFO - Started process (PID=8125) to work on /home/logi/txtai/venv/lib/python3.10/site-packages/airflow/example_dags/example_time_delta_sensor_async.py
[2025-11-02T10:46:36.933+0530] {processor.py:830} INFO - Processing file /home/logi/txtai/venv/lib/python3.10/site-packages/airflow/example_dags/example_time_delta_sensor_async.py for tasks to queue
[2025-11-02T10:46:36.936+0530] {logging_mixin.py:188} INFO - [2025-11-02T10:46:36.935+0530] {dagbag.py:545} INFO - Filling up the DagBag from /home/logi/txtai/venv/lib/python3.10/site-packages/airflow/example_dags/example_time_delta_sensor_async.py
[2025-11-02T10:46:36.944+0530] {processor.py:840} INFO - DAG(s) 'example_time_delta_sensor_async' retrieved from /home/logi/txtai/venv/lib/python3.10/site-packages/airflow/example_dags/example_time_delta_sensor_async.py
[2025-11-02T10:46:36.971+0530] {logging_mixin.py:188} INFO - [2025-11-02T10:46:36.971+0530] {dag.py:3089} INFO - Sync 1 DAGs
[2025-11-02T10:46:36.981+0530] {logging_mixin.py:188} INFO - [2025-11-02T10:46:36.981+0530] {dag.py:3947} INFO - Setting next_dagrun for example_time_delta_sensor_async to None, run_after=None
[2025-11-02T10:46:37.003+0530] {processor.py:183} INFO - Processing /home/logi/txtai/venv/lib/python3.10/site-packages/airflow/example_dags/example_time_delta_sensor_async.py took 0.084 seconds
[2025-11-02T10:47:33.112+0530] {processor.py:161} INFO - Started process (PID=8206) to work on /home/logi/txtai/venv/lib/python3.10/site-packages/airflow/example_dags/example_time_delta_sensor_async.py
[2025-11-02T10:47:33.125+0530] {processor.py:830} INFO - Processing file /home/logi/txtai/venv/lib/python3.10/site-packages/airflow/example_dags/example_time_delta_sensor_async.py for tasks to queue
[2025-11-02T10:47:33.128+0530] {logging_mixin.py:188} INFO - [2025-11-02T10:47:33.128+0530] {dagbag.py:545} INFO - Filling up the DagBag from /home/logi/txtai/venv/lib/python3.10/site-packages/airflow/example_dags/example_time_delta_sensor_async.py
[2025-11-02T10:47:33.136+0530] {processor.py:840} INFO - DAG(s) 'example_time_delta_sensor_async' retrieved from /home/logi/txtai/venv/lib/python3.10/site-packages/airflow/example_dags/example_time_delta_sensor_async.py
[2025-11-02T10:47:33.163+0530] {logging_mixin.py:188} INFO - [2025-11-02T10:47:33.162+0530] {dag.py:3089} INFO - Sync 1 DAGs
[2025-11-02T10:47:33.179+0530] {logging_mixin.py:188} INFO - [2025-11-02T10:47:33.179+0530] {dag.py:3947} INFO - Setting next_dagrun for example_time_delta_sensor_async to None, run_after=None
[2025-11-02T10:47:33.205+0530] {processor.py:183} INFO - Processing /home/logi/txtai/venv/lib/python3.10/site-packages/airflow/example_dags/example_time_delta_sensor_async.py took 0.105 seconds
[2025-11-02T10:48:25.695+0530] {processor.py:161} INFO - Started process (PID=8284) to work on /home/logi/txtai/venv/lib/python3.10/site-packages/airflow/example_dags/example_time_delta_sensor_async.py
[2025-11-02T10:48:25.709+0530] {processor.py:830} INFO - Processing file /home/logi/txtai/venv/lib/python3.10/site-packages/airflow/example_dags/example_time_delta_sensor_async.py for tasks to queue
[2025-11-02T10:48:25.712+0530] {logging_mixin.py:188} INFO - [2025-11-02T10:48:25.711+0530] {dagbag.py:545} INFO - Filling up the DagBag from /home/logi/txtai/venv/lib/python3.10/site-packages/airflow/example_dags/example_time_delta_sensor_async.py
[2025-11-02T10:48:25.720+0530] {processor.py:840} INFO - DAG(s) 'example_time_delta_sensor_async' retrieved from /home/logi/txtai/venv/lib/python3.10/site-packages/airflow/example_dags/example_time_delta_sensor_async.py
[2025-11-02T10:48:25.748+0530] {logging_mixin.py:188} INFO - [2025-11-02T10:48:25.748+0530] {dag.py:3089} INFO - Sync 1 DAGs
[2025-11-02T10:48:25.763+0530] {logging_mixin.py:188} INFO - [2025-11-02T10:48:25.763+0530] {dag.py:3947} INFO - Setting next_dagrun for example_time_delta_sensor_async to None, run_after=None
[2025-11-02T10:48:25.790+0530] {processor.py:183} INFO - Processing /home/logi/txtai/venv/lib/python3.10/site-packages/airflow/example_dags/example_time_delta_sensor_async.py took 0.106 seconds
[2025-11-02T10:49:16.705+0530] {processor.py:161} INFO - Started process (PID=8361) to work on /home/logi/txtai/venv/lib/python3.10/site-packages/airflow/example_dags/example_time_delta_sensor_async.py
[2025-11-02T10:49:16.719+0530] {processor.py:830} INFO - Processing file /home/logi/txtai/venv/lib/python3.10/site-packages/airflow/example_dags/example_time_delta_sensor_async.py for tasks to queue
[2025-11-02T10:49:16.722+0530] {logging_mixin.py:188} INFO - [2025-11-02T10:49:16.722+0530] {dagbag.py:545} INFO - Filling up the DagBag from /home/logi/txtai/venv/lib/python3.10/site-packages/airflow/example_dags/example_time_delta_sensor_async.py
[2025-11-02T10:49:16.730+0530] {processor.py:840} INFO - DAG(s) 'example_time_delta_sensor_async' retrieved from /home/logi/txtai/venv/lib/python3.10/site-packages/airflow/example_dags/example_time_delta_sensor_async.py
[2025-11-02T10:49:16.757+0530] {logging_mixin.py:188} INFO - [2025-11-02T10:49:16.756+0530] {dag.py:3089} INFO - Sync 1 DAGs
[2025-11-02T10:49:16.773+0530] {logging_mixin.py:188} INFO - [2025-11-02T10:49:16.773+0530] {dag.py:3947} INFO - Setting next_dagrun for example_time_delta_sensor_async to None, run_after=None
[2025-11-02T10:49:16.801+0530] {processor.py:183} INFO - Processing /home/logi/txtai/venv/lib/python3.10/site-packages/airflow/example_dags/example_time_delta_sensor_async.py took 0.108 seconds
[2025-11-02T10:50:08.115+0530] {processor.py:161} INFO - Started process (PID=8482) to work on /home/logi/txtai/venv/lib/python3.10/site-packages/airflow/example_dags/example_time_delta_sensor_async.py
[2025-11-02T10:50:08.129+0530] {processor.py:830} INFO - Processing file /home/logi/txtai/venv/lib/python3.10/site-packages/airflow/example_dags/example_time_delta_sensor_async.py for tasks to queue
[2025-11-02T10:50:08.132+0530] {logging_mixin.py:188} INFO - [2025-11-02T10:50:08.131+0530] {dagbag.py:545} INFO - Filling up the DagBag from /home/logi/txtai/venv/lib/python3.10/site-packages/airflow/example_dags/example_time_delta_sensor_async.py
[2025-11-02T10:50:08.140+0530] {processor.py:840} INFO - DAG(s) 'example_time_delta_sensor_async' retrieved from /home/logi/txtai/venv/lib/python3.10/site-packages/airflow/example_dags/example_time_delta_sensor_async.py
[2025-11-02T10:50:08.168+0530] {logging_mixin.py:188} INFO - [2025-11-02T10:50:08.168+0530] {dag.py:3089} INFO - Sync 1 DAGs
[2025-11-02T10:50:08.181+0530] {logging_mixin.py:188} INFO - [2025-11-02T10:50:08.181+0530] {dag.py:3947} INFO - Setting next_dagrun for example_time_delta_sensor_async to None, run_after=None
[2025-11-02T10:50:08.209+0530] {processor.py:183} INFO - Processing /home/logi/txtai/venv/lib/python3.10/site-packages/airflow/example_dags/example_time_delta_sensor_async.py took 0.105 seconds
[2025-11-02T10:50:57.527+0530] {processor.py:161} INFO - Started process (PID=8565) to work on /home/logi/txtai/venv/lib/python3.10/site-packages/airflow/example_dags/example_time_delta_sensor_async.py
[2025-11-02T10:50:57.544+0530] {processor.py:830} INFO - Processing file /home/logi/txtai/venv/lib/python3.10/site-packages/airflow/example_dags/example_time_delta_sensor_async.py for tasks to queue
[2025-11-02T10:50:57.547+0530] {logging_mixin.py:188} INFO - [2025-11-02T10:50:57.547+0530] {dagbag.py:545} INFO - Filling up the DagBag from /home/logi/txtai/venv/lib/python3.10/site-packages/airflow/example_dags/example_time_delta_sensor_async.py
[2025-11-02T10:50:57.558+0530] {processor.py:840} INFO - DAG(s) 'example_time_delta_sensor_async' retrieved from /home/logi/txtai/venv/lib/python3.10/site-packages/airflow/example_dags/example_time_delta_sensor_async.py
[2025-11-02T10:50:57.608+0530] {logging_mixin.py:188} INFO - [2025-11-02T10:50:57.608+0530] {dag.py:3089} INFO - Sync 1 DAGs
[2025-11-02T10:50:57.635+0530] {logging_mixin.py:188} INFO - [2025-11-02T10:50:57.634+0530] {dag.py:3947} INFO - Setting next_dagrun for example_time_delta_sensor_async to None, run_after=None
[2025-11-02T10:50:57.682+0530] {processor.py:183} INFO - Processing /home/logi/txtai/venv/lib/python3.10/site-packages/airflow/example_dags/example_time_delta_sensor_async.py took 0.175 seconds
[2025-11-02T10:51:54.329+0530] {processor.py:161} INFO - Started process (PID=8675) to work on /home/logi/txtai/venv/lib/python3.10/site-packages/airflow/example_dags/example_time_delta_sensor_async.py
[2025-11-02T10:51:54.331+0530] {processor.py:830} INFO - Processing file /home/logi/txtai/venv/lib/python3.10/site-packages/airflow/example_dags/example_time_delta_sensor_async.py for tasks to queue
[2025-11-02T10:51:54.334+0530] {logging_mixin.py:188} INFO - [2025-11-02T10:51:54.333+0530] {dagbag.py:545} INFO - Filling up the DagBag from /home/logi/txtai/venv/lib/python3.10/site-packages/airflow/example_dags/example_time_delta_sensor_async.py
[2025-11-02T10:51:54.339+0530] {processor.py:840} INFO - DAG(s) 'example_time_delta_sensor_async' retrieved from /home/logi/txtai/venv/lib/python3.10/site-packages/airflow/example_dags/example_time_delta_sensor_async.py
[2025-11-02T10:51:54.353+0530] {logging_mixin.py:188} INFO - [2025-11-02T10:51:54.353+0530] {dag.py:3089} INFO - Sync 1 DAGs
[2025-11-02T10:51:54.362+0530] {logging_mixin.py:188} INFO - [2025-11-02T10:51:54.362+0530] {dag.py:3947} INFO - Setting next_dagrun for example_time_delta_sensor_async to None, run_after=None
[2025-11-02T10:51:54.381+0530] {processor.py:183} INFO - Processing /home/logi/txtai/venv/lib/python3.10/site-packages/airflow/example_dags/example_time_delta_sensor_async.py took 0.063 seconds
[2025-11-02T10:52:44.049+0530] {processor.py:161} INFO - Started process (PID=8761) to work on /home/logi/txtai/venv/lib/python3.10/site-packages/airflow/example_dags/example_time_delta_sensor_async.py
[2025-11-02T10:52:44.050+0530] {processor.py:830} INFO - Processing file /home/logi/txtai/venv/lib/python3.10/site-packages/airflow/example_dags/example_time_delta_sensor_async.py for tasks to queue
[2025-11-02T10:52:44.052+0530] {logging_mixin.py:188} INFO - [2025-11-02T10:52:44.052+0530] {dagbag.py:545} INFO - Filling up the DagBag from /home/logi/txtai/venv/lib/python3.10/site-packages/airflow/example_dags/example_time_delta_sensor_async.py
[2025-11-02T10:52:44.057+0530] {processor.py:840} INFO - DAG(s) 'example_time_delta_sensor_async' retrieved from /home/logi/txtai/venv/lib/python3.10/site-packages/airflow/example_dags/example_time_delta_sensor_async.py
[2025-11-02T10:52:44.073+0530] {logging_mixin.py:188} INFO - [2025-11-02T10:52:44.072+0530] {dag.py:3089} INFO - Sync 1 DAGs
[2025-11-02T10:52:44.083+0530] {logging_mixin.py:188} INFO - [2025-11-02T10:52:44.083+0530] {dag.py:3947} INFO - Setting next_dagrun for example_time_delta_sensor_async to None, run_after=None
[2025-11-02T10:52:44.102+0530] {processor.py:183} INFO - Processing /home/logi/txtai/venv/lib/python3.10/site-packages/airflow/example_dags/example_time_delta_sensor_async.py took 0.060 seconds
[2025-11-02T10:53:34.182+0530] {processor.py:161} INFO - Started process (PID=8836) to work on /home/logi/txtai/venv/lib/python3.10/site-packages/airflow/example_dags/example_time_delta_sensor_async.py
[2025-11-02T10:53:34.183+0530] {processor.py:830} INFO - Processing file /home/logi/txtai/venv/lib/python3.10/site-packages/airflow/example_dags/example_time_delta_sensor_async.py for tasks to queue
[2025-11-02T10:53:34.184+0530] {logging_mixin.py:188} INFO - [2025-11-02T10:53:34.184+0530] {dagbag.py:545} INFO - Filling up the DagBag from /home/logi/txtai/venv/lib/python3.10/site-packages/airflow/example_dags/example_time_delta_sensor_async.py
[2025-11-02T10:53:34.189+0530] {processor.py:840} INFO - DAG(s) 'example_time_delta_sensor_async' retrieved from /home/logi/txtai/venv/lib/python3.10/site-packages/airflow/example_dags/example_time_delta_sensor_async.py
[2025-11-02T10:53:34.203+0530] {logging_mixin.py:188} INFO - [2025-11-02T10:53:34.202+0530] {dag.py:3089} INFO - Sync 1 DAGs
[2025-11-02T10:53:34.212+0530] {logging_mixin.py:188} INFO - [2025-11-02T10:53:34.212+0530] {dag.py:3947} INFO - Setting next_dagrun for example_time_delta_sensor_async to None, run_after=None
[2025-11-02T10:53:34.230+0530] {processor.py:183} INFO - Processing /home/logi/txtai/venv/lib/python3.10/site-packages/airflow/example_dags/example_time_delta_sensor_async.py took 0.054 seconds
[2025-11-02T10:54:22.396+0530] {processor.py:161} INFO - Started process (PID=8909) to work on /home/logi/txtai/venv/lib/python3.10/site-packages/airflow/example_dags/example_time_delta_sensor_async.py
[2025-11-02T10:54:22.408+0530] {processor.py:830} INFO - Processing file /home/logi/txtai/venv/lib/python3.10/site-packages/airflow/example_dags/example_time_delta_sensor_async.py for tasks to queue
[2025-11-02T10:54:22.411+0530] {logging_mixin.py:188} INFO - [2025-11-02T10:54:22.410+0530] {dagbag.py:545} INFO - Filling up the DagBag from /home/logi/txtai/venv/lib/python3.10/site-packages/airflow/example_dags/example_time_delta_sensor_async.py
[2025-11-02T10:54:22.416+0530] {processor.py:840} INFO - DAG(s) 'example_time_delta_sensor_async' retrieved from /home/logi/txtai/venv/lib/python3.10/site-packages/airflow/example_dags/example_time_delta_sensor_async.py
[2025-11-02T10:54:22.430+0530] {logging_mixin.py:188} INFO - [2025-11-02T10:54:22.430+0530] {dag.py:3089} INFO - Sync 1 DAGs
[2025-11-02T10:54:22.439+0530] {logging_mixin.py:188} INFO - [2025-11-02T10:54:22.439+0530] {dag.py:3947} INFO - Setting next_dagrun for example_time_delta_sensor_async to None, run_after=None
[2025-11-02T10:54:22.456+0530] {processor.py:183} INFO - Processing /home/logi/txtai/venv/lib/python3.10/site-packages/airflow/example_dags/example_time_delta_sensor_async.py took 0.067 seconds
[2025-11-02T10:55:12.264+0530] {processor.py:161} INFO - Started process (PID=9094) to work on /home/logi/txtai/venv/lib/python3.10/site-packages/airflow/example_dags/example_time_delta_sensor_async.py
[2025-11-02T10:55:12.277+0530] {processor.py:830} INFO - Processing file /home/logi/txtai/venv/lib/python3.10/site-packages/airflow/example_dags/example_time_delta_sensor_async.py for tasks to queue
[2025-11-02T10:55:12.281+0530] {logging_mixin.py:188} INFO - [2025-11-02T10:55:12.280+0530] {dagbag.py:545} INFO - Filling up the DagBag from /home/logi/txtai/venv/lib/python3.10/site-packages/airflow/example_dags/example_time_delta_sensor_async.py
[2025-11-02T10:55:12.290+0530] {processor.py:840} INFO - DAG(s) 'example_time_delta_sensor_async' retrieved from /home/logi/txtai/venv/lib/python3.10/site-packages/airflow/example_dags/example_time_delta_sensor_async.py
[2025-11-02T10:55:12.305+0530] {logging_mixin.py:188} INFO - [2025-11-02T10:55:12.305+0530] {dag.py:3089} INFO - Sync 1 DAGs
[2025-11-02T10:55:12.315+0530] {logging_mixin.py:188} INFO - [2025-11-02T10:55:12.315+0530] {dag.py:3947} INFO - Setting next_dagrun for example_time_delta_sensor_async to None, run_after=None
[2025-11-02T10:55:12.333+0530] {processor.py:183} INFO - Processing /home/logi/txtai/venv/lib/python3.10/site-packages/airflow/example_dags/example_time_delta_sensor_async.py took 0.075 seconds
[2025-11-02T10:56:03.978+0530] {processor.py:161} INFO - Started process (PID=9191) to work on /home/logi/txtai/venv/lib/python3.10/site-packages/airflow/example_dags/example_time_delta_sensor_async.py
[2025-11-02T10:56:03.991+0530] {processor.py:830} INFO - Processing file /home/logi/txtai/venv/lib/python3.10/site-packages/airflow/example_dags/example_time_delta_sensor_async.py for tasks to queue
[2025-11-02T10:56:03.994+0530] {logging_mixin.py:188} INFO - [2025-11-02T10:56:03.993+0530] {dagbag.py:545} INFO - Filling up the DagBag from /home/logi/txtai/venv/lib/python3.10/site-packages/airflow/example_dags/example_time_delta_sensor_async.py
[2025-11-02T10:56:04.000+0530] {processor.py:840} INFO - DAG(s) 'example_time_delta_sensor_async' retrieved from /home/logi/txtai/venv/lib/python3.10/site-packages/airflow/example_dags/example_time_delta_sensor_async.py
[2025-11-02T10:56:04.035+0530] {logging_mixin.py:188} INFO - [2025-11-02T10:56:04.035+0530] {dag.py:3089} INFO - Sync 1 DAGs
[2025-11-02T10:56:04.053+0530] {logging_mixin.py:188} INFO - [2025-11-02T10:56:04.053+0530] {dag.py:3947} INFO - Setting next_dagrun for example_time_delta_sensor_async to None, run_after=None
[2025-11-02T10:56:04.086+0530] {processor.py:183} INFO - Processing /home/logi/txtai/venv/lib/python3.10/site-packages/airflow/example_dags/example_time_delta_sensor_async.py took 0.118 seconds
[2025-11-02T10:56:58.640+0530] {processor.py:161} INFO - Started process (PID=9347) to work on /home/logi/txtai/venv/lib/python3.10/site-packages/airflow/example_dags/example_time_delta_sensor_async.py
[2025-11-02T10:56:58.642+0530] {processor.py:830} INFO - Processing file /home/logi/txtai/venv/lib/python3.10/site-packages/airflow/example_dags/example_time_delta_sensor_async.py for tasks to queue
[2025-11-02T10:56:58.645+0530] {logging_mixin.py:188} INFO - [2025-11-02T10:56:58.644+0530] {dagbag.py:545} INFO - Filling up the DagBag from /home/logi/txtai/venv/lib/python3.10/site-packages/airflow/example_dags/example_time_delta_sensor_async.py
[2025-11-02T10:56:58.664+0530] {processor.py:840} INFO - DAG(s) 'example_time_delta_sensor_async' retrieved from /home/logi/txtai/venv/lib/python3.10/site-packages/airflow/example_dags/example_time_delta_sensor_async.py
[2025-11-02T10:56:58.693+0530] {logging_mixin.py:188} INFO - [2025-11-02T10:56:58.692+0530] {dag.py:3089} INFO - Sync 1 DAGs
[2025-11-02T10:56:58.713+0530] {logging_mixin.py:188} INFO - [2025-11-02T10:56:58.712+0530] {dag.py:3947} INFO - Setting next_dagrun for example_time_delta_sensor_async to None, run_after=None
[2025-11-02T10:56:58.751+0530] {processor.py:183} INFO - Processing /home/logi/txtai/venv/lib/python3.10/site-packages/airflow/example_dags/example_time_delta_sensor_async.py took 0.125 seconds
[2025-11-02T10:57:45.763+0530] {processor.py:161} INFO - Started process (PID=9434) to work on /home/logi/txtai/venv/lib/python3.10/site-packages/airflow/example_dags/example_time_delta_sensor_async.py
[2025-11-02T10:57:45.764+0530] {processor.py:830} INFO - Processing file /home/logi/txtai/venv/lib/python3.10/site-packages/airflow/example_dags/example_time_delta_sensor_async.py for tasks to queue
[2025-11-02T10:57:45.765+0530] {logging_mixin.py:188} INFO - [2025-11-02T10:57:45.765+0530] {dagbag.py:545} INFO - Filling up the DagBag from /home/logi/txtai/venv/lib/python3.10/site-packages/airflow/example_dags/example_time_delta_sensor_async.py
[2025-11-02T10:57:45.769+0530] {processor.py:840} INFO - DAG(s) 'example_time_delta_sensor_async' retrieved from /home/logi/txtai/venv/lib/python3.10/site-packages/airflow/example_dags/example_time_delta_sensor_async.py
[2025-11-02T10:57:45.783+0530] {logging_mixin.py:188} INFO - [2025-11-02T10:57:45.783+0530] {dag.py:3089} INFO - Sync 1 DAGs
[2025-11-02T10:57:45.793+0530] {logging_mixin.py:188} INFO - [2025-11-02T10:57:45.793+0530] {dag.py:3947} INFO - Setting next_dagrun for example_time_delta_sensor_async to None, run_after=None
[2025-11-02T10:57:45.810+0530] {processor.py:183} INFO - Processing /home/logi/txtai/venv/lib/python3.10/site-packages/airflow/example_dags/example_time_delta_sensor_async.py took 0.053 seconds
[2025-11-02T10:58:37.718+0530] {processor.py:161} INFO - Started process (PID=9532) to work on /home/logi/txtai/venv/lib/python3.10/site-packages/airflow/example_dags/example_time_delta_sensor_async.py
[2025-11-02T10:58:37.731+0530] {processor.py:830} INFO - Processing file /home/logi/txtai/venv/lib/python3.10/site-packages/airflow/example_dags/example_time_delta_sensor_async.py for tasks to queue
[2025-11-02T10:58:37.734+0530] {logging_mixin.py:188} INFO - [2025-11-02T10:58:37.733+0530] {dagbag.py:545} INFO - Filling up the DagBag from /home/logi/txtai/venv/lib/python3.10/site-packages/airflow/example_dags/example_time_delta_sensor_async.py
[2025-11-02T10:58:37.744+0530] {processor.py:840} INFO - DAG(s) 'example_time_delta_sensor_async' retrieved from /home/logi/txtai/venv/lib/python3.10/site-packages/airflow/example_dags/example_time_delta_sensor_async.py
[2025-11-02T10:58:37.773+0530] {logging_mixin.py:188} INFO - [2025-11-02T10:58:37.772+0530] {dag.py:3089} INFO - Sync 1 DAGs
[2025-11-02T10:58:37.786+0530] {logging_mixin.py:188} INFO - [2025-11-02T10:58:37.786+0530] {dag.py:3947} INFO - Setting next_dagrun for example_time_delta_sensor_async to None, run_after=None
[2025-11-02T10:58:37.806+0530] {processor.py:183} INFO - Processing /home/logi/txtai/venv/lib/python3.10/site-packages/airflow/example_dags/example_time_delta_sensor_async.py took 0.099 seconds
[2025-11-02T10:59:28.047+0530] {processor.py:161} INFO - Started process (PID=9713) to work on /home/logi/txtai/venv/lib/python3.10/site-packages/airflow/example_dags/example_time_delta_sensor_async.py
[2025-11-02T10:59:28.061+0530] {processor.py:830} INFO - Processing file /home/logi/txtai/venv/lib/python3.10/site-packages/airflow/example_dags/example_time_delta_sensor_async.py for tasks to queue
[2025-11-02T10:59:28.063+0530] {logging_mixin.py:188} INFO - [2025-11-02T10:59:28.063+0530] {dagbag.py:545} INFO - Filling up the DagBag from /home/logi/txtai/venv/lib/python3.10/site-packages/airflow/example_dags/example_time_delta_sensor_async.py
[2025-11-02T10:59:28.067+0530] {processor.py:840} INFO - DAG(s) 'example_time_delta_sensor_async' retrieved from /home/logi/txtai/venv/lib/python3.10/site-packages/airflow/example_dags/example_time_delta_sensor_async.py
[2025-11-02T10:59:28.087+0530] {logging_mixin.py:188} INFO - [2025-11-02T10:59:28.086+0530] {dag.py:3089} INFO - Sync 1 DAGs
[2025-11-02T10:59:28.096+0530] {logging_mixin.py:188} INFO - [2025-11-02T10:59:28.096+0530] {dag.py:3947} INFO - Setting next_dagrun for example_time_delta_sensor_async to None, run_after=None
[2025-11-02T10:59:28.123+0530] {processor.py:183} INFO - Processing /home/logi/txtai/venv/lib/python3.10/site-packages/airflow/example_dags/example_time_delta_sensor_async.py took 0.087 seconds
[2025-11-02T11:00:16.083+0530] {processor.py:161} INFO - Started process (PID=9900) to work on /home/logi/txtai/venv/lib/python3.10/site-packages/airflow/example_dags/example_time_delta_sensor_async.py
[2025-11-02T11:00:16.096+0530] {processor.py:830} INFO - Processing file /home/logi/txtai/venv/lib/python3.10/site-packages/airflow/example_dags/example_time_delta_sensor_async.py for tasks to queue
[2025-11-02T11:00:16.099+0530] {logging_mixin.py:188} INFO - [2025-11-02T11:00:16.099+0530] {dagbag.py:545} INFO - Filling up the DagBag from /home/logi/txtai/venv/lib/python3.10/site-packages/airflow/example_dags/example_time_delta_sensor_async.py
[2025-11-02T11:00:16.107+0530] {processor.py:840} INFO - DAG(s) 'example_time_delta_sensor_async' retrieved from /home/logi/txtai/venv/lib/python3.10/site-packages/airflow/example_dags/example_time_delta_sensor_async.py
[2025-11-02T11:00:16.132+0530] {logging_mixin.py:188} INFO - [2025-11-02T11:00:16.131+0530] {dag.py:3089} INFO - Sync 1 DAGs
[2025-11-02T11:00:16.149+0530] {logging_mixin.py:188} INFO - [2025-11-02T11:00:16.149+0530] {dag.py:3947} INFO - Setting next_dagrun for example_time_delta_sensor_async to None, run_after=None
[2025-11-02T11:00:16.175+0530] {processor.py:183} INFO - Processing /home/logi/txtai/venv/lib/python3.10/site-packages/airflow/example_dags/example_time_delta_sensor_async.py took 0.103 seconds
[2025-11-02T11:01:00.542+0530] {processor.py:161} INFO - Started process (PID=10023) to work on /home/logi/txtai/venv/lib/python3.10/site-packages/airflow/example_dags/example_time_delta_sensor_async.py
[2025-11-02T11:01:00.556+0530] {processor.py:830} INFO - Processing file /home/logi/txtai/venv/lib/python3.10/site-packages/airflow/example_dags/example_time_delta_sensor_async.py for tasks to queue
[2025-11-02T11:01:00.559+0530] {logging_mixin.py:188} INFO - [2025-11-02T11:01:00.558+0530] {dagbag.py:545} INFO - Filling up the DagBag from /home/logi/txtai/venv/lib/python3.10/site-packages/airflow/example_dags/example_time_delta_sensor_async.py
[2025-11-02T11:01:00.565+0530] {processor.py:840} INFO - DAG(s) 'example_time_delta_sensor_async' retrieved from /home/logi/txtai/venv/lib/python3.10/site-packages/airflow/example_dags/example_time_delta_sensor_async.py
[2025-11-02T11:01:00.578+0530] {logging_mixin.py:188} INFO - [2025-11-02T11:01:00.578+0530] {dag.py:3089} INFO - Sync 1 DAGs
[2025-11-02T11:01:00.587+0530] {logging_mixin.py:188} INFO - [2025-11-02T11:01:00.587+0530] {dag.py:3947} INFO - Setting next_dagrun for example_time_delta_sensor_async to None, run_after=None
[2025-11-02T11:01:00.604+0530] {processor.py:183} INFO - Processing /home/logi/txtai/venv/lib/python3.10/site-packages/airflow/example_dags/example_time_delta_sensor_async.py took 0.067 seconds
[2025-11-02T11:01:48.303+0530] {processor.py:161} INFO - Started process (PID=10093) to work on /home/logi/txtai/venv/lib/python3.10/site-packages/airflow/example_dags/example_time_delta_sensor_async.py
[2025-11-02T11:01:48.316+0530] {processor.py:830} INFO - Processing file /home/logi/txtai/venv/lib/python3.10/site-packages/airflow/example_dags/example_time_delta_sensor_async.py for tasks to queue
[2025-11-02T11:01:48.319+0530] {logging_mixin.py:188} INFO - [2025-11-02T11:01:48.318+0530] {dagbag.py:545} INFO - Filling up the DagBag from /home/logi/txtai/venv/lib/python3.10/site-packages/airflow/example_dags/example_time_delta_sensor_async.py
[2025-11-02T11:01:48.328+0530] {processor.py:840} INFO - DAG(s) 'example_time_delta_sensor_async' retrieved from /home/logi/txtai/venv/lib/python3.10/site-packages/airflow/example_dags/example_time_delta_sensor_async.py
[2025-11-02T11:01:48.347+0530] {logging_mixin.py:188} INFO - [2025-11-02T11:01:48.347+0530] {dag.py:3089} INFO - Sync 1 DAGs
[2025-11-02T11:01:48.359+0530] {logging_mixin.py:188} INFO - [2025-11-02T11:01:48.358+0530] {dag.py:3947} INFO - Setting next_dagrun for example_time_delta_sensor_async to None, run_after=None
[2025-11-02T11:01:48.380+0530] {processor.py:183} INFO - Processing /home/logi/txtai/venv/lib/python3.10/site-packages/airflow/example_dags/example_time_delta_sensor_async.py took 0.086 seconds
[2025-11-02T11:02:36.828+0530] {processor.py:161} INFO - Started process (PID=10230) to work on /home/logi/txtai/venv/lib/python3.10/site-packages/airflow/example_dags/example_time_delta_sensor_async.py
[2025-11-02T11:02:36.844+0530] {processor.py:830} INFO - Processing file /home/logi/txtai/venv/lib/python3.10/site-packages/airflow/example_dags/example_time_delta_sensor_async.py for tasks to queue
[2025-11-02T11:02:36.852+0530] {logging_mixin.py:188} INFO - [2025-11-02T11:02:36.850+0530] {dagbag.py:545} INFO - Filling up the DagBag from /home/logi/txtai/venv/lib/python3.10/site-packages/airflow/example_dags/example_time_delta_sensor_async.py
[2025-11-02T11:02:36.858+0530] {processor.py:840} INFO - DAG(s) 'example_time_delta_sensor_async' retrieved from /home/logi/txtai/venv/lib/python3.10/site-packages/airflow/example_dags/example_time_delta_sensor_async.py
[2025-11-02T11:02:36.899+0530] {logging_mixin.py:188} INFO - [2025-11-02T11:02:36.897+0530] {dag.py:3089} INFO - Sync 1 DAGs
[2025-11-02T11:02:36.924+0530] {logging_mixin.py:188} INFO - [2025-11-02T11:02:36.923+0530] {dag.py:3947} INFO - Setting next_dagrun for example_time_delta_sensor_async to None, run_after=None
[2025-11-02T11:02:36.969+0530] {processor.py:183} INFO - Processing /home/logi/txtai/venv/lib/python3.10/site-packages/airflow/example_dags/example_time_delta_sensor_async.py took 0.154 seconds
[2025-11-02T11:03:34.003+0530] {processor.py:161} INFO - Started process (PID=10305) to work on /home/logi/txtai/venv/lib/python3.10/site-packages/airflow/example_dags/example_time_delta_sensor_async.py
[2025-11-02T11:03:34.017+0530] {processor.py:830} INFO - Processing file /home/logi/txtai/venv/lib/python3.10/site-packages/airflow/example_dags/example_time_delta_sensor_async.py for tasks to queue
[2025-11-02T11:03:34.020+0530] {logging_mixin.py:188} INFO - [2025-11-02T11:03:34.019+0530] {dagbag.py:545} INFO - Filling up the DagBag from /home/logi/txtai/venv/lib/python3.10/site-packages/airflow/example_dags/example_time_delta_sensor_async.py
[2025-11-02T11:03:34.031+0530] {processor.py:840} INFO - DAG(s) 'example_time_delta_sensor_async' retrieved from /home/logi/txtai/venv/lib/python3.10/site-packages/airflow/example_dags/example_time_delta_sensor_async.py
[2025-11-02T11:03:34.059+0530] {logging_mixin.py:188} INFO - [2025-11-02T11:03:34.059+0530] {dag.py:3089} INFO - Sync 1 DAGs
[2025-11-02T11:03:34.076+0530] {logging_mixin.py:188} INFO - [2025-11-02T11:03:34.076+0530] {dag.py:3947} INFO - Setting next_dagrun for example_time_delta_sensor_async to None, run_after=None
[2025-11-02T11:03:34.095+0530] {processor.py:183} INFO - Processing /home/logi/txtai/venv/lib/python3.10/site-packages/airflow/example_dags/example_time_delta_sensor_async.py took 0.105 seconds
[2025-11-02T11:04:23.772+0530] {processor.py:161} INFO - Started process (PID=10398) to work on /home/logi/txtai/venv/lib/python3.10/site-packages/airflow/example_dags/example_time_delta_sensor_async.py
[2025-11-02T11:04:23.785+0530] {processor.py:830} INFO - Processing file /home/logi/txtai/venv/lib/python3.10/site-packages/airflow/example_dags/example_time_delta_sensor_async.py for tasks to queue
[2025-11-02T11:04:23.787+0530] {logging_mixin.py:188} INFO - [2025-11-02T11:04:23.786+0530] {dagbag.py:545} INFO - Filling up the DagBag from /home/logi/txtai/venv/lib/python3.10/site-packages/airflow/example_dags/example_time_delta_sensor_async.py
[2025-11-02T11:04:23.792+0530] {processor.py:840} INFO - DAG(s) 'example_time_delta_sensor_async' retrieved from /home/logi/txtai/venv/lib/python3.10/site-packages/airflow/example_dags/example_time_delta_sensor_async.py
[2025-11-02T11:04:23.809+0530] {logging_mixin.py:188} INFO - [2025-11-02T11:04:23.809+0530] {dag.py:3089} INFO - Sync 1 DAGs
[2025-11-02T11:04:23.821+0530] {logging_mixin.py:188} INFO - [2025-11-02T11:04:23.820+0530] {dag.py:3947} INFO - Setting next_dagrun for example_time_delta_sensor_async to None, run_after=None
[2025-11-02T11:04:23.843+0530] {processor.py:183} INFO - Processing /home/logi/txtai/venv/lib/python3.10/site-packages/airflow/example_dags/example_time_delta_sensor_async.py took 0.078 seconds
[2025-11-02T11:05:12.255+0530] {processor.py:161} INFO - Started process (PID=10516) to work on /home/logi/txtai/venv/lib/python3.10/site-packages/airflow/example_dags/example_time_delta_sensor_async.py
[2025-11-02T11:05:12.268+0530] {processor.py:830} INFO - Processing file /home/logi/txtai/venv/lib/python3.10/site-packages/airflow/example_dags/example_time_delta_sensor_async.py for tasks to queue
[2025-11-02T11:05:12.271+0530] {logging_mixin.py:188} INFO - [2025-11-02T11:05:12.271+0530] {dagbag.py:545} INFO - Filling up the DagBag from /home/logi/txtai/venv/lib/python3.10/site-packages/airflow/example_dags/example_time_delta_sensor_async.py
[2025-11-02T11:05:12.279+0530] {processor.py:840} INFO - DAG(s) 'example_time_delta_sensor_async' retrieved from /home/logi/txtai/venv/lib/python3.10/site-packages/airflow/example_dags/example_time_delta_sensor_async.py
[2025-11-02T11:05:12.308+0530] {logging_mixin.py:188} INFO - [2025-11-02T11:05:12.308+0530] {dag.py:3089} INFO - Sync 1 DAGs
[2025-11-02T11:05:12.325+0530] {logging_mixin.py:188} INFO - [2025-11-02T11:05:12.325+0530] {dag.py:3947} INFO - Setting next_dagrun for example_time_delta_sensor_async to None, run_after=None
[2025-11-02T11:05:12.356+0530] {processor.py:183} INFO - Processing /home/logi/txtai/venv/lib/python3.10/site-packages/airflow/example_dags/example_time_delta_sensor_async.py took 0.112 seconds
[2025-11-02T11:06:02.934+0530] {processor.py:161} INFO - Started process (PID=10592) to work on /home/logi/txtai/venv/lib/python3.10/site-packages/airflow/example_dags/example_time_delta_sensor_async.py
[2025-11-02T11:06:02.947+0530] {processor.py:830} INFO - Processing file /home/logi/txtai/venv/lib/python3.10/site-packages/airflow/example_dags/example_time_delta_sensor_async.py for tasks to queue
[2025-11-02T11:06:02.950+0530] {logging_mixin.py:188} INFO - [2025-11-02T11:06:02.949+0530] {dagbag.py:545} INFO - Filling up the DagBag from /home/logi/txtai/venv/lib/python3.10/site-packages/airflow/example_dags/example_time_delta_sensor_async.py
[2025-11-02T11:06:02.958+0530] {processor.py:840} INFO - DAG(s) 'example_time_delta_sensor_async' retrieved from /home/logi/txtai/venv/lib/python3.10/site-packages/airflow/example_dags/example_time_delta_sensor_async.py
[2025-11-02T11:06:02.982+0530] {logging_mixin.py:188} INFO - [2025-11-02T11:06:02.982+0530] {dag.py:3089} INFO - Sync 1 DAGs
[2025-11-02T11:06:02.999+0530] {logging_mixin.py:188} INFO - [2025-11-02T11:06:02.999+0530] {dag.py:3947} INFO - Setting next_dagrun for example_time_delta_sensor_async to None, run_after=None
[2025-11-02T11:06:03.025+0530] {processor.py:183} INFO - Processing /home/logi/txtai/venv/lib/python3.10/site-packages/airflow/example_dags/example_time_delta_sensor_async.py took 0.102 seconds
[2025-11-02T11:06:51.248+0530] {processor.py:161} INFO - Started process (PID=10664) to work on /home/logi/txtai/venv/lib/python3.10/site-packages/airflow/example_dags/example_time_delta_sensor_async.py
[2025-11-02T11:06:51.261+0530] {processor.py:830} INFO - Processing file /home/logi/txtai/venv/lib/python3.10/site-packages/airflow/example_dags/example_time_delta_sensor_async.py for tasks to queue
[2025-11-02T11:06:51.264+0530] {logging_mixin.py:188} INFO - [2025-11-02T11:06:51.264+0530] {dagbag.py:545} INFO - Filling up the DagBag from /home/logi/txtai/venv/lib/python3.10/site-packages/airflow/example_dags/example_time_delta_sensor_async.py
[2025-11-02T11:06:51.273+0530] {processor.py:840} INFO - DAG(s) 'example_time_delta_sensor_async' retrieved from /home/logi/txtai/venv/lib/python3.10/site-packages/airflow/example_dags/example_time_delta_sensor_async.py
[2025-11-02T11:06:51.300+0530] {logging_mixin.py:188} INFO - [2025-11-02T11:06:51.299+0530] {dag.py:3089} INFO - Sync 1 DAGs
[2025-11-02T11:06:51.316+0530] {logging_mixin.py:188} INFO - [2025-11-02T11:06:51.316+0530] {dag.py:3947} INFO - Setting next_dagrun for example_time_delta_sensor_async to None, run_after=None
[2025-11-02T11:06:51.335+0530] {processor.py:183} INFO - Processing /home/logi/txtai/venv/lib/python3.10/site-packages/airflow/example_dags/example_time_delta_sensor_async.py took 0.098 seconds
[2025-11-02T11:07:35.459+0530] {processor.py:161} INFO - Started process (PID=10737) to work on /home/logi/txtai/venv/lib/python3.10/site-packages/airflow/example_dags/example_time_delta_sensor_async.py
[2025-11-02T11:07:35.472+0530] {processor.py:830} INFO - Processing file /home/logi/txtai/venv/lib/python3.10/site-packages/airflow/example_dags/example_time_delta_sensor_async.py for tasks to queue
[2025-11-02T11:07:35.475+0530] {logging_mixin.py:188} INFO - [2025-11-02T11:07:35.474+0530] {dagbag.py:545} INFO - Filling up the DagBag from /home/logi/txtai/venv/lib/python3.10/site-packages/airflow/example_dags/example_time_delta_sensor_async.py
[2025-11-02T11:07:35.483+0530] {processor.py:840} INFO - DAG(s) 'example_time_delta_sensor_async' retrieved from /home/logi/txtai/venv/lib/python3.10/site-packages/airflow/example_dags/example_time_delta_sensor_async.py
[2025-11-02T11:07:35.507+0530] {logging_mixin.py:188} INFO - [2025-11-02T11:07:35.507+0530] {dag.py:3089} INFO - Sync 1 DAGs
[2025-11-02T11:07:35.524+0530] {logging_mixin.py:188} INFO - [2025-11-02T11:07:35.523+0530] {dag.py:3947} INFO - Setting next_dagrun for example_time_delta_sensor_async to None, run_after=None
[2025-11-02T11:07:35.548+0530] {processor.py:183} INFO - Processing /home/logi/txtai/venv/lib/python3.10/site-packages/airflow/example_dags/example_time_delta_sensor_async.py took 0.100 seconds
[2025-11-02T11:08:21.413+0530] {processor.py:161} INFO - Started process (PID=10806) to work on /home/logi/txtai/venv/lib/python3.10/site-packages/airflow/example_dags/example_time_delta_sensor_async.py
[2025-11-02T11:08:21.419+0530] {processor.py:830} INFO - Processing file /home/logi/txtai/venv/lib/python3.10/site-packages/airflow/example_dags/example_time_delta_sensor_async.py for tasks to queue
[2025-11-02T11:08:21.422+0530] {logging_mixin.py:188} INFO - [2025-11-02T11:08:21.421+0530] {dagbag.py:545} INFO - Filling up the DagBag from /home/logi/txtai/venv/lib/python3.10/site-packages/airflow/example_dags/example_time_delta_sensor_async.py
[2025-11-02T11:08:21.430+0530] {processor.py:840} INFO - DAG(s) 'example_time_delta_sensor_async' retrieved from /home/logi/txtai/venv/lib/python3.10/site-packages/airflow/example_dags/example_time_delta_sensor_async.py
[2025-11-02T11:08:21.455+0530] {logging_mixin.py:188} INFO - [2025-11-02T11:08:21.454+0530] {dag.py:3089} INFO - Sync 1 DAGs
[2025-11-02T11:08:21.466+0530] {logging_mixin.py:188} INFO - [2025-11-02T11:08:21.465+0530] {dag.py:3947} INFO - Setting next_dagrun for example_time_delta_sensor_async to None, run_after=None
[2025-11-02T11:08:21.486+0530] {processor.py:183} INFO - Processing /home/logi/txtai/venv/lib/python3.10/site-packages/airflow/example_dags/example_time_delta_sensor_async.py took 0.083 seconds
[2025-11-02T11:09:08.653+0530] {processor.py:161} INFO - Started process (PID=10879) to work on /home/logi/txtai/venv/lib/python3.10/site-packages/airflow/example_dags/example_time_delta_sensor_async.py
[2025-11-02T11:09:08.666+0530] {processor.py:830} INFO - Processing file /home/logi/txtai/venv/lib/python3.10/site-packages/airflow/example_dags/example_time_delta_sensor_async.py for tasks to queue
[2025-11-02T11:09:08.668+0530] {logging_mixin.py:188} INFO - [2025-11-02T11:09:08.668+0530] {dagbag.py:545} INFO - Filling up the DagBag from /home/logi/txtai/venv/lib/python3.10/site-packages/airflow/example_dags/example_time_delta_sensor_async.py
[2025-11-02T11:09:08.672+0530] {processor.py:840} INFO - DAG(s) 'example_time_delta_sensor_async' retrieved from /home/logi/txtai/venv/lib/python3.10/site-packages/airflow/example_dags/example_time_delta_sensor_async.py
[2025-11-02T11:09:08.696+0530] {logging_mixin.py:188} INFO - [2025-11-02T11:09:08.696+0530] {dag.py:3089} INFO - Sync 1 DAGs
[2025-11-02T11:09:08.706+0530] {logging_mixin.py:188} INFO - [2025-11-02T11:09:08.706+0530] {dag.py:3947} INFO - Setting next_dagrun for example_time_delta_sensor_async to None, run_after=None
[2025-11-02T11:09:08.727+0530] {processor.py:183} INFO - Processing /home/logi/txtai/venv/lib/python3.10/site-packages/airflow/example_dags/example_time_delta_sensor_async.py took 0.081 seconds
[2025-11-02T11:09:58.446+0530] {processor.py:161} INFO - Started process (PID=10952) to work on /home/logi/txtai/venv/lib/python3.10/site-packages/airflow/example_dags/example_time_delta_sensor_async.py
[2025-11-02T11:09:58.458+0530] {processor.py:830} INFO - Processing file /home/logi/txtai/venv/lib/python3.10/site-packages/airflow/example_dags/example_time_delta_sensor_async.py for tasks to queue
[2025-11-02T11:09:58.460+0530] {logging_mixin.py:188} INFO - [2025-11-02T11:09:58.459+0530] {dagbag.py:545} INFO - Filling up the DagBag from /home/logi/txtai/venv/lib/python3.10/site-packages/airflow/example_dags/example_time_delta_sensor_async.py
[2025-11-02T11:09:58.464+0530] {processor.py:840} INFO - DAG(s) 'example_time_delta_sensor_async' retrieved from /home/logi/txtai/venv/lib/python3.10/site-packages/airflow/example_dags/example_time_delta_sensor_async.py
[2025-11-02T11:09:58.481+0530] {logging_mixin.py:188} INFO - [2025-11-02T11:09:58.480+0530] {dag.py:3089} INFO - Sync 1 DAGs
[2025-11-02T11:09:58.489+0530] {logging_mixin.py:188} INFO - [2025-11-02T11:09:58.489+0530] {dag.py:3947} INFO - Setting next_dagrun for example_time_delta_sensor_async to None, run_after=None
[2025-11-02T11:09:58.507+0530] {processor.py:183} INFO - Processing /home/logi/txtai/venv/lib/python3.10/site-packages/airflow/example_dags/example_time_delta_sensor_async.py took 0.067 seconds
[2025-11-02T11:10:49.023+0530] {processor.py:161} INFO - Started process (PID=11056) to work on /home/logi/txtai/venv/lib/python3.10/site-packages/airflow/example_dags/example_time_delta_sensor_async.py
[2025-11-02T11:10:49.036+0530] {processor.py:830} INFO - Processing file /home/logi/txtai/venv/lib/python3.10/site-packages/airflow/example_dags/example_time_delta_sensor_async.py for tasks to queue
[2025-11-02T11:10:49.039+0530] {logging_mixin.py:188} INFO - [2025-11-02T11:10:49.038+0530] {dagbag.py:545} INFO - Filling up the DagBag from /home/logi/txtai/venv/lib/python3.10/site-packages/airflow/example_dags/example_time_delta_sensor_async.py
[2025-11-02T11:10:49.048+0530] {processor.py:840} INFO - DAG(s) 'example_time_delta_sensor_async' retrieved from /home/logi/txtai/venv/lib/python3.10/site-packages/airflow/example_dags/example_time_delta_sensor_async.py
[2025-11-02T11:10:49.080+0530] {logging_mixin.py:188} INFO - [2025-11-02T11:10:49.080+0530] {dag.py:3089} INFO - Sync 1 DAGs
[2025-11-02T11:10:49.094+0530] {logging_mixin.py:188} INFO - [2025-11-02T11:10:49.094+0530] {dag.py:3947} INFO - Setting next_dagrun for example_time_delta_sensor_async to None, run_after=None
[2025-11-02T11:10:49.126+0530] {processor.py:183} INFO - Processing /home/logi/txtai/venv/lib/python3.10/site-packages/airflow/example_dags/example_time_delta_sensor_async.py took 0.116 seconds
[2025-11-02T11:11:40.379+0530] {processor.py:161} INFO - Started process (PID=11129) to work on /home/logi/txtai/venv/lib/python3.10/site-packages/airflow/example_dags/example_time_delta_sensor_async.py
[2025-11-02T11:11:40.391+0530] {processor.py:830} INFO - Processing file /home/logi/txtai/venv/lib/python3.10/site-packages/airflow/example_dags/example_time_delta_sensor_async.py for tasks to queue
[2025-11-02T11:11:40.394+0530] {logging_mixin.py:188} INFO - [2025-11-02T11:11:40.394+0530] {dagbag.py:545} INFO - Filling up the DagBag from /home/logi/txtai/venv/lib/python3.10/site-packages/airflow/example_dags/example_time_delta_sensor_async.py
[2025-11-02T11:11:40.398+0530] {processor.py:840} INFO - DAG(s) 'example_time_delta_sensor_async' retrieved from /home/logi/txtai/venv/lib/python3.10/site-packages/airflow/example_dags/example_time_delta_sensor_async.py
[2025-11-02T11:11:40.412+0530] {logging_mixin.py:188} INFO - [2025-11-02T11:11:40.412+0530] {dag.py:3089} INFO - Sync 1 DAGs
[2025-11-02T11:11:40.422+0530] {logging_mixin.py:188} INFO - [2025-11-02T11:11:40.422+0530] {dag.py:3947} INFO - Setting next_dagrun for example_time_delta_sensor_async to None, run_after=None
[2025-11-02T11:11:40.440+0530] {processor.py:183} INFO - Processing /home/logi/txtai/venv/lib/python3.10/site-packages/airflow/example_dags/example_time_delta_sensor_async.py took 0.067 seconds
[2025-11-02T11:12:26.414+0530] {processor.py:161} INFO - Started process (PID=11200) to work on /home/logi/txtai/venv/lib/python3.10/site-packages/airflow/example_dags/example_time_delta_sensor_async.py
[2025-11-02T11:12:26.427+0530] {processor.py:830} INFO - Processing file /home/logi/txtai/venv/lib/python3.10/site-packages/airflow/example_dags/example_time_delta_sensor_async.py for tasks to queue
[2025-11-02T11:12:26.430+0530] {logging_mixin.py:188} INFO - [2025-11-02T11:12:26.429+0530] {dagbag.py:545} INFO - Filling up the DagBag from /home/logi/txtai/venv/lib/python3.10/site-packages/airflow/example_dags/example_time_delta_sensor_async.py
[2025-11-02T11:12:26.437+0530] {processor.py:840} INFO - DAG(s) 'example_time_delta_sensor_async' retrieved from /home/logi/txtai/venv/lib/python3.10/site-packages/airflow/example_dags/example_time_delta_sensor_async.py
[2025-11-02T11:12:26.457+0530] {logging_mixin.py:188} INFO - [2025-11-02T11:12:26.456+0530] {dag.py:3089} INFO - Sync 1 DAGs
[2025-11-02T11:12:26.468+0530] {logging_mixin.py:188} INFO - [2025-11-02T11:12:26.468+0530] {dag.py:3947} INFO - Setting next_dagrun for example_time_delta_sensor_async to None, run_after=None
[2025-11-02T11:12:26.487+0530] {processor.py:183} INFO - Processing /home/logi/txtai/venv/lib/python3.10/site-packages/airflow/example_dags/example_time_delta_sensor_async.py took 0.083 seconds
[2025-11-02T11:13:13.427+0530] {processor.py:161} INFO - Started process (PID=11337) to work on /home/logi/txtai/venv/lib/python3.10/site-packages/airflow/example_dags/example_time_delta_sensor_async.py
[2025-11-02T11:13:13.442+0530] {processor.py:830} INFO - Processing file /home/logi/txtai/venv/lib/python3.10/site-packages/airflow/example_dags/example_time_delta_sensor_async.py for tasks to queue
[2025-11-02T11:13:13.448+0530] {logging_mixin.py:188} INFO - [2025-11-02T11:13:13.446+0530] {dagbag.py:545} INFO - Filling up the DagBag from /home/logi/txtai/venv/lib/python3.10/site-packages/airflow/example_dags/example_time_delta_sensor_async.py
[2025-11-02T11:13:13.465+0530] {processor.py:840} INFO - DAG(s) 'example_time_delta_sensor_async' retrieved from /home/logi/txtai/venv/lib/python3.10/site-packages/airflow/example_dags/example_time_delta_sensor_async.py
[2025-11-02T11:13:13.517+0530] {logging_mixin.py:188} INFO - [2025-11-02T11:13:13.516+0530] {dag.py:3089} INFO - Sync 1 DAGs
[2025-11-02T11:13:13.544+0530] {logging_mixin.py:188} INFO - [2025-11-02T11:13:13.544+0530] {dag.py:3947} INFO - Setting next_dagrun for example_time_delta_sensor_async to None, run_after=None
[2025-11-02T11:13:13.591+0530] {processor.py:183} INFO - Processing /home/logi/txtai/venv/lib/python3.10/site-packages/airflow/example_dags/example_time_delta_sensor_async.py took 0.179 seconds
[2025-11-02T11:14:05.905+0530] {processor.py:161} INFO - Started process (PID=11417) to work on /home/logi/txtai/venv/lib/python3.10/site-packages/airflow/example_dags/example_time_delta_sensor_async.py
[2025-11-02T11:14:05.919+0530] {processor.py:830} INFO - Processing file /home/logi/txtai/venv/lib/python3.10/site-packages/airflow/example_dags/example_time_delta_sensor_async.py for tasks to queue
[2025-11-02T11:14:05.922+0530] {logging_mixin.py:188} INFO - [2025-11-02T11:14:05.921+0530] {dagbag.py:545} INFO - Filling up the DagBag from /home/logi/txtai/venv/lib/python3.10/site-packages/airflow/example_dags/example_time_delta_sensor_async.py
[2025-11-02T11:14:05.927+0530] {processor.py:840} INFO - DAG(s) 'example_time_delta_sensor_async' retrieved from /home/logi/txtai/venv/lib/python3.10/site-packages/airflow/example_dags/example_time_delta_sensor_async.py
[2025-11-02T11:14:05.946+0530] {logging_mixin.py:188} INFO - [2025-11-02T11:14:05.945+0530] {dag.py:3089} INFO - Sync 1 DAGs
[2025-11-02T11:14:05.960+0530] {logging_mixin.py:188} INFO - [2025-11-02T11:14:05.959+0530] {dag.py:3947} INFO - Setting next_dagrun for example_time_delta_sensor_async to None, run_after=None
[2025-11-02T11:14:05.986+0530] {processor.py:183} INFO - Processing /home/logi/txtai/venv/lib/python3.10/site-packages/airflow/example_dags/example_time_delta_sensor_async.py took 0.092 seconds
[2025-11-02T11:14:52.536+0530] {processor.py:161} INFO - Started process (PID=11490) to work on /home/logi/txtai/venv/lib/python3.10/site-packages/airflow/example_dags/example_time_delta_sensor_async.py
[2025-11-02T11:14:52.538+0530] {processor.py:830} INFO - Processing file /home/logi/txtai/venv/lib/python3.10/site-packages/airflow/example_dags/example_time_delta_sensor_async.py for tasks to queue
[2025-11-02T11:14:52.539+0530] {logging_mixin.py:188} INFO - [2025-11-02T11:14:52.539+0530] {dagbag.py:545} INFO - Filling up the DagBag from /home/logi/txtai/venv/lib/python3.10/site-packages/airflow/example_dags/example_time_delta_sensor_async.py
[2025-11-02T11:14:52.545+0530] {processor.py:840} INFO - DAG(s) 'example_time_delta_sensor_async' retrieved from /home/logi/txtai/venv/lib/python3.10/site-packages/airflow/example_dags/example_time_delta_sensor_async.py
[2025-11-02T11:14:52.560+0530] {logging_mixin.py:188} INFO - [2025-11-02T11:14:52.560+0530] {dag.py:3089} INFO - Sync 1 DAGs
[2025-11-02T11:14:52.569+0530] {logging_mixin.py:188} INFO - [2025-11-02T11:14:52.569+0530] {dag.py:3947} INFO - Setting next_dagrun for example_time_delta_sensor_async to None, run_after=None
[2025-11-02T11:14:52.587+0530] {processor.py:183} INFO - Processing /home/logi/txtai/venv/lib/python3.10/site-packages/airflow/example_dags/example_time_delta_sensor_async.py took 0.061 seconds
[2025-11-02T11:15:52.030+0530] {processor.py:161} INFO - Started process (PID=11700) to work on /home/logi/txtai/venv/lib/python3.10/site-packages/airflow/example_dags/example_time_delta_sensor_async.py
[2025-11-02T11:15:52.032+0530] {processor.py:830} INFO - Processing file /home/logi/txtai/venv/lib/python3.10/site-packages/airflow/example_dags/example_time_delta_sensor_async.py for tasks to queue
[2025-11-02T11:15:52.035+0530] {logging_mixin.py:188} INFO - [2025-11-02T11:15:52.034+0530] {dagbag.py:545} INFO - Filling up the DagBag from /home/logi/txtai/venv/lib/python3.10/site-packages/airflow/example_dags/example_time_delta_sensor_async.py
[2025-11-02T11:15:52.043+0530] {processor.py:840} INFO - DAG(s) 'example_time_delta_sensor_async' retrieved from /home/logi/txtai/venv/lib/python3.10/site-packages/airflow/example_dags/example_time_delta_sensor_async.py
[2025-11-02T11:15:52.060+0530] {logging_mixin.py:188} INFO - [2025-11-02T11:15:52.059+0530] {dag.py:3089} INFO - Sync 1 DAGs
[2025-11-02T11:15:52.069+0530] {logging_mixin.py:188} INFO - [2025-11-02T11:15:52.069+0530] {dag.py:3947} INFO - Setting next_dagrun for example_time_delta_sensor_async to None, run_after=None
[2025-11-02T11:15:52.091+0530] {processor.py:183} INFO - Processing /home/logi/txtai/venv/lib/python3.10/site-packages/airflow/example_dags/example_time_delta_sensor_async.py took 0.074 seconds
[2025-11-02T11:16:38.665+0530] {processor.py:161} INFO - Started process (PID=11769) to work on /home/logi/txtai/venv/lib/python3.10/site-packages/airflow/example_dags/example_time_delta_sensor_async.py
[2025-11-02T11:16:38.678+0530] {processor.py:830} INFO - Processing file /home/logi/txtai/venv/lib/python3.10/site-packages/airflow/example_dags/example_time_delta_sensor_async.py for tasks to queue
[2025-11-02T11:16:38.681+0530] {logging_mixin.py:188} INFO - [2025-11-02T11:16:38.680+0530] {dagbag.py:545} INFO - Filling up the DagBag from /home/logi/txtai/venv/lib/python3.10/site-packages/airflow/example_dags/example_time_delta_sensor_async.py
[2025-11-02T11:16:38.686+0530] {processor.py:840} INFO - DAG(s) 'example_time_delta_sensor_async' retrieved from /home/logi/txtai/venv/lib/python3.10/site-packages/airflow/example_dags/example_time_delta_sensor_async.py
[2025-11-02T11:16:38.699+0530] {logging_mixin.py:188} INFO - [2025-11-02T11:16:38.699+0530] {dag.py:3089} INFO - Sync 1 DAGs
[2025-11-02T11:16:38.708+0530] {logging_mixin.py:188} INFO - [2025-11-02T11:16:38.708+0530] {dag.py:3947} INFO - Setting next_dagrun for example_time_delta_sensor_async to None, run_after=None
[2025-11-02T11:16:38.726+0530] {processor.py:183} INFO - Processing /home/logi/txtai/venv/lib/python3.10/site-packages/airflow/example_dags/example_time_delta_sensor_async.py took 0.066 seconds
[2025-11-02T11:17:25.687+0530] {processor.py:161} INFO - Started process (PID=11845) to work on /home/logi/txtai/venv/lib/python3.10/site-packages/airflow/example_dags/example_time_delta_sensor_async.py
[2025-11-02T11:17:25.689+0530] {processor.py:830} INFO - Processing file /home/logi/txtai/venv/lib/python3.10/site-packages/airflow/example_dags/example_time_delta_sensor_async.py for tasks to queue
[2025-11-02T11:17:25.691+0530] {logging_mixin.py:188} INFO - [2025-11-02T11:17:25.691+0530] {dagbag.py:545} INFO - Filling up the DagBag from /home/logi/txtai/venv/lib/python3.10/site-packages/airflow/example_dags/example_time_delta_sensor_async.py
[2025-11-02T11:17:25.699+0530] {processor.py:840} INFO - DAG(s) 'example_time_delta_sensor_async' retrieved from /home/logi/txtai/venv/lib/python3.10/site-packages/airflow/example_dags/example_time_delta_sensor_async.py
[2025-11-02T11:17:25.723+0530] {logging_mixin.py:188} INFO - [2025-11-02T11:17:25.722+0530] {dag.py:3089} INFO - Sync 1 DAGs
[2025-11-02T11:17:25.732+0530] {logging_mixin.py:188} INFO - [2025-11-02T11:17:25.731+0530] {dag.py:3947} INFO - Setting next_dagrun for example_time_delta_sensor_async to None, run_after=None
[2025-11-02T11:17:25.750+0530] {processor.py:183} INFO - Processing /home/logi/txtai/venv/lib/python3.10/site-packages/airflow/example_dags/example_time_delta_sensor_async.py took 0.074 seconds
[2025-11-02T11:18:13.607+0530] {processor.py:161} INFO - Started process (PID=11918) to work on /home/logi/txtai/venv/lib/python3.10/site-packages/airflow/example_dags/example_time_delta_sensor_async.py
[2025-11-02T11:18:13.620+0530] {processor.py:830} INFO - Processing file /home/logi/txtai/venv/lib/python3.10/site-packages/airflow/example_dags/example_time_delta_sensor_async.py for tasks to queue
[2025-11-02T11:18:13.621+0530] {logging_mixin.py:188} INFO - [2025-11-02T11:18:13.621+0530] {dagbag.py:545} INFO - Filling up the DagBag from /home/logi/txtai/venv/lib/python3.10/site-packages/airflow/example_dags/example_time_delta_sensor_async.py
[2025-11-02T11:18:13.626+0530] {processor.py:840} INFO - DAG(s) 'example_time_delta_sensor_async' retrieved from /home/logi/txtai/venv/lib/python3.10/site-packages/airflow/example_dags/example_time_delta_sensor_async.py
[2025-11-02T11:18:13.643+0530] {logging_mixin.py:188} INFO - [2025-11-02T11:18:13.643+0530] {dag.py:3089} INFO - Sync 1 DAGs
[2025-11-02T11:18:13.656+0530] {logging_mixin.py:188} INFO - [2025-11-02T11:18:13.656+0530] {dag.py:3947} INFO - Setting next_dagrun for example_time_delta_sensor_async to None, run_after=None
[2025-11-02T11:18:13.674+0530] {processor.py:183} INFO - Processing /home/logi/txtai/venv/lib/python3.10/site-packages/airflow/example_dags/example_time_delta_sensor_async.py took 0.077 seconds
[2025-11-02T11:19:01.692+0530] {processor.py:161} INFO - Started process (PID=11991) to work on /home/logi/txtai/venv/lib/python3.10/site-packages/airflow/example_dags/example_time_delta_sensor_async.py
[2025-11-02T11:19:01.706+0530] {processor.py:830} INFO - Processing file /home/logi/txtai/venv/lib/python3.10/site-packages/airflow/example_dags/example_time_delta_sensor_async.py for tasks to queue
[2025-11-02T11:19:01.709+0530] {logging_mixin.py:188} INFO - [2025-11-02T11:19:01.708+0530] {dagbag.py:545} INFO - Filling up the DagBag from /home/logi/txtai/venv/lib/python3.10/site-packages/airflow/example_dags/example_time_delta_sensor_async.py
[2025-11-02T11:19:01.718+0530] {processor.py:840} INFO - DAG(s) 'example_time_delta_sensor_async' retrieved from /home/logi/txtai/venv/lib/python3.10/site-packages/airflow/example_dags/example_time_delta_sensor_async.py
[2025-11-02T11:19:01.744+0530] {logging_mixin.py:188} INFO - [2025-11-02T11:19:01.743+0530] {dag.py:3089} INFO - Sync 1 DAGs
[2025-11-02T11:19:01.758+0530] {logging_mixin.py:188} INFO - [2025-11-02T11:19:01.758+0530] {dag.py:3947} INFO - Setting next_dagrun for example_time_delta_sensor_async to None, run_after=None
[2025-11-02T11:19:01.776+0530] {processor.py:183} INFO - Processing /home/logi/txtai/venv/lib/python3.10/site-packages/airflow/example_dags/example_time_delta_sensor_async.py took 0.095 seconds
[2025-11-02T11:19:47.887+0530] {processor.py:161} INFO - Started process (PID=12061) to work on /home/logi/txtai/venv/lib/python3.10/site-packages/airflow/example_dags/example_time_delta_sensor_async.py
[2025-11-02T11:19:47.900+0530] {processor.py:830} INFO - Processing file /home/logi/txtai/venv/lib/python3.10/site-packages/airflow/example_dags/example_time_delta_sensor_async.py for tasks to queue
[2025-11-02T11:19:47.902+0530] {logging_mixin.py:188} INFO - [2025-11-02T11:19:47.902+0530] {dagbag.py:545} INFO - Filling up the DagBag from /home/logi/txtai/venv/lib/python3.10/site-packages/airflow/example_dags/example_time_delta_sensor_async.py
[2025-11-02T11:19:47.911+0530] {processor.py:840} INFO - DAG(s) 'example_time_delta_sensor_async' retrieved from /home/logi/txtai/venv/lib/python3.10/site-packages/airflow/example_dags/example_time_delta_sensor_async.py
[2025-11-02T11:19:47.939+0530] {logging_mixin.py:188} INFO - [2025-11-02T11:19:47.939+0530] {dag.py:3089} INFO - Sync 1 DAGs
[2025-11-02T11:19:47.952+0530] {logging_mixin.py:188} INFO - [2025-11-02T11:19:47.952+0530] {dag.py:3947} INFO - Setting next_dagrun for example_time_delta_sensor_async to None, run_after=None
[2025-11-02T11:19:47.978+0530] {processor.py:183} INFO - Processing /home/logi/txtai/venv/lib/python3.10/site-packages/airflow/example_dags/example_time_delta_sensor_async.py took 0.101 seconds
[2025-11-02T11:20:33.541+0530] {processor.py:161} INFO - Started process (PID=12158) to work on /home/logi/txtai/venv/lib/python3.10/site-packages/airflow/example_dags/example_time_delta_sensor_async.py
[2025-11-02T11:20:33.543+0530] {processor.py:830} INFO - Processing file /home/logi/txtai/venv/lib/python3.10/site-packages/airflow/example_dags/example_time_delta_sensor_async.py for tasks to queue
[2025-11-02T11:20:33.544+0530] {logging_mixin.py:188} INFO - [2025-11-02T11:20:33.544+0530] {dagbag.py:545} INFO - Filling up the DagBag from /home/logi/txtai/venv/lib/python3.10/site-packages/airflow/example_dags/example_time_delta_sensor_async.py
[2025-11-02T11:20:33.549+0530] {processor.py:840} INFO - DAG(s) 'example_time_delta_sensor_async' retrieved from /home/logi/txtai/venv/lib/python3.10/site-packages/airflow/example_dags/example_time_delta_sensor_async.py
[2025-11-02T11:20:33.564+0530] {logging_mixin.py:188} INFO - [2025-11-02T11:20:33.564+0530] {dag.py:3089} INFO - Sync 1 DAGs
[2025-11-02T11:20:33.573+0530] {logging_mixin.py:188} INFO - [2025-11-02T11:20:33.573+0530] {dag.py:3947} INFO - Setting next_dagrun for example_time_delta_sensor_async to None, run_after=None
[2025-11-02T11:20:33.593+0530] {processor.py:183} INFO - Processing /home/logi/txtai/venv/lib/python3.10/site-packages/airflow/example_dags/example_time_delta_sensor_async.py took 0.058 seconds
[2025-11-02T11:21:22.570+0530] {processor.py:161} INFO - Started process (PID=12231) to work on /home/logi/txtai/venv/lib/python3.10/site-packages/airflow/example_dags/example_time_delta_sensor_async.py
[2025-11-02T11:21:22.572+0530] {processor.py:830} INFO - Processing file /home/logi/txtai/venv/lib/python3.10/site-packages/airflow/example_dags/example_time_delta_sensor_async.py for tasks to queue
[2025-11-02T11:21:22.574+0530] {logging_mixin.py:188} INFO - [2025-11-02T11:21:22.574+0530] {dagbag.py:545} INFO - Filling up the DagBag from /home/logi/txtai/venv/lib/python3.10/site-packages/airflow/example_dags/example_time_delta_sensor_async.py
[2025-11-02T11:21:22.583+0530] {processor.py:840} INFO - DAG(s) 'example_time_delta_sensor_async' retrieved from /home/logi/txtai/venv/lib/python3.10/site-packages/airflow/example_dags/example_time_delta_sensor_async.py
[2025-11-02T11:21:22.607+0530] {logging_mixin.py:188} INFO - [2025-11-02T11:21:22.607+0530] {dag.py:3089} INFO - Sync 1 DAGs
[2025-11-02T11:21:22.617+0530] {logging_mixin.py:188} INFO - [2025-11-02T11:21:22.617+0530] {dag.py:3947} INFO - Setting next_dagrun for example_time_delta_sensor_async to None, run_after=None
[2025-11-02T11:21:22.635+0530] {processor.py:183} INFO - Processing /home/logi/txtai/venv/lib/python3.10/site-packages/airflow/example_dags/example_time_delta_sensor_async.py took 0.076 seconds
[2025-11-02T11:22:08.828+0530] {processor.py:161} INFO - Started process (PID=12300) to work on /home/logi/txtai/venv/lib/python3.10/site-packages/airflow/example_dags/example_time_delta_sensor_async.py
[2025-11-02T11:22:08.829+0530] {processor.py:830} INFO - Processing file /home/logi/txtai/venv/lib/python3.10/site-packages/airflow/example_dags/example_time_delta_sensor_async.py for tasks to queue
[2025-11-02T11:22:08.831+0530] {logging_mixin.py:188} INFO - [2025-11-02T11:22:08.831+0530] {dagbag.py:545} INFO - Filling up the DagBag from /home/logi/txtai/venv/lib/python3.10/site-packages/airflow/example_dags/example_time_delta_sensor_async.py
[2025-11-02T11:22:08.837+0530] {processor.py:840} INFO - DAG(s) 'example_time_delta_sensor_async' retrieved from /home/logi/txtai/venv/lib/python3.10/site-packages/airflow/example_dags/example_time_delta_sensor_async.py
[2025-11-02T11:22:08.854+0530] {logging_mixin.py:188} INFO - [2025-11-02T11:22:08.854+0530] {dag.py:3089} INFO - Sync 1 DAGs
[2025-11-02T11:22:08.863+0530] {logging_mixin.py:188} INFO - [2025-11-02T11:22:08.863+0530] {dag.py:3947} INFO - Setting next_dagrun for example_time_delta_sensor_async to None, run_after=None
[2025-11-02T11:22:08.883+0530] {processor.py:183} INFO - Processing /home/logi/txtai/venv/lib/python3.10/site-packages/airflow/example_dags/example_time_delta_sensor_async.py took 0.063 seconds
[2025-11-02T11:22:56.863+0530] {processor.py:161} INFO - Started process (PID=12379) to work on /home/logi/txtai/venv/lib/python3.10/site-packages/airflow/example_dags/example_time_delta_sensor_async.py
[2025-11-02T11:22:56.876+0530] {processor.py:830} INFO - Processing file /home/logi/txtai/venv/lib/python3.10/site-packages/airflow/example_dags/example_time_delta_sensor_async.py for tasks to queue
[2025-11-02T11:22:56.879+0530] {logging_mixin.py:188} INFO - [2025-11-02T11:22:56.878+0530] {dagbag.py:545} INFO - Filling up the DagBag from /home/logi/txtai/venv/lib/python3.10/site-packages/airflow/example_dags/example_time_delta_sensor_async.py
[2025-11-02T11:22:56.887+0530] {processor.py:840} INFO - DAG(s) 'example_time_delta_sensor_async' retrieved from /home/logi/txtai/venv/lib/python3.10/site-packages/airflow/example_dags/example_time_delta_sensor_async.py
[2025-11-02T11:22:56.912+0530] {logging_mixin.py:188} INFO - [2025-11-02T11:22:56.912+0530] {dag.py:3089} INFO - Sync 1 DAGs
[2025-11-02T11:22:56.928+0530] {logging_mixin.py:188} INFO - [2025-11-02T11:22:56.928+0530] {dag.py:3947} INFO - Setting next_dagrun for example_time_delta_sensor_async to None, run_after=None
[2025-11-02T11:22:56.947+0530] {processor.py:183} INFO - Processing /home/logi/txtai/venv/lib/python3.10/site-packages/airflow/example_dags/example_time_delta_sensor_async.py took 0.097 seconds
[2025-11-02T11:23:43.874+0530] {processor.py:161} INFO - Started process (PID=12451) to work on /home/logi/txtai/venv/lib/python3.10/site-packages/airflow/example_dags/example_time_delta_sensor_async.py
[2025-11-02T11:23:43.887+0530] {processor.py:830} INFO - Processing file /home/logi/txtai/venv/lib/python3.10/site-packages/airflow/example_dags/example_time_delta_sensor_async.py for tasks to queue
[2025-11-02T11:23:43.891+0530] {logging_mixin.py:188} INFO - [2025-11-02T11:23:43.890+0530] {dagbag.py:545} INFO - Filling up the DagBag from /home/logi/txtai/venv/lib/python3.10/site-packages/airflow/example_dags/example_time_delta_sensor_async.py
[2025-11-02T11:23:43.897+0530] {processor.py:840} INFO - DAG(s) 'example_time_delta_sensor_async' retrieved from /home/logi/txtai/venv/lib/python3.10/site-packages/airflow/example_dags/example_time_delta_sensor_async.py
[2025-11-02T11:23:43.918+0530] {logging_mixin.py:188} INFO - [2025-11-02T11:23:43.918+0530] {dag.py:3089} INFO - Sync 1 DAGs
[2025-11-02T11:23:43.929+0530] {logging_mixin.py:188} INFO - [2025-11-02T11:23:43.929+0530] {dag.py:3947} INFO - Setting next_dagrun for example_time_delta_sensor_async to None, run_after=None
[2025-11-02T11:23:43.952+0530] {processor.py:183} INFO - Processing /home/logi/txtai/venv/lib/python3.10/site-packages/airflow/example_dags/example_time_delta_sensor_async.py took 0.085 seconds
[2025-11-02T11:24:30.806+0530] {processor.py:161} INFO - Started process (PID=12522) to work on /home/logi/txtai/venv/lib/python3.10/site-packages/airflow/example_dags/example_time_delta_sensor_async.py
[2025-11-02T11:24:30.820+0530] {processor.py:830} INFO - Processing file /home/logi/txtai/venv/lib/python3.10/site-packages/airflow/example_dags/example_time_delta_sensor_async.py for tasks to queue
[2025-11-02T11:24:30.823+0530] {logging_mixin.py:188} INFO - [2025-11-02T11:24:30.822+0530] {dagbag.py:545} INFO - Filling up the DagBag from /home/logi/txtai/venv/lib/python3.10/site-packages/airflow/example_dags/example_time_delta_sensor_async.py
[2025-11-02T11:24:30.831+0530] {processor.py:840} INFO - DAG(s) 'example_time_delta_sensor_async' retrieved from /home/logi/txtai/venv/lib/python3.10/site-packages/airflow/example_dags/example_time_delta_sensor_async.py
[2025-11-02T11:24:30.855+0530] {logging_mixin.py:188} INFO - [2025-11-02T11:24:30.854+0530] {dag.py:3089} INFO - Sync 1 DAGs
[2025-11-02T11:24:30.872+0530] {logging_mixin.py:188} INFO - [2025-11-02T11:24:30.871+0530] {dag.py:3947} INFO - Setting next_dagrun for example_time_delta_sensor_async to None, run_after=None
[2025-11-02T11:24:30.897+0530] {processor.py:183} INFO - Processing /home/logi/txtai/venv/lib/python3.10/site-packages/airflow/example_dags/example_time_delta_sensor_async.py took 0.101 seconds
[2025-11-02T11:25:18.138+0530] {processor.py:161} INFO - Started process (PID=12639) to work on /home/logi/txtai/venv/lib/python3.10/site-packages/airflow/example_dags/example_time_delta_sensor_async.py
[2025-11-02T11:25:18.151+0530] {processor.py:830} INFO - Processing file /home/logi/txtai/venv/lib/python3.10/site-packages/airflow/example_dags/example_time_delta_sensor_async.py for tasks to queue
[2025-11-02T11:25:18.153+0530] {logging_mixin.py:188} INFO - [2025-11-02T11:25:18.153+0530] {dagbag.py:545} INFO - Filling up the DagBag from /home/logi/txtai/venv/lib/python3.10/site-packages/airflow/example_dags/example_time_delta_sensor_async.py
[2025-11-02T11:25:18.158+0530] {processor.py:840} INFO - DAG(s) 'example_time_delta_sensor_async' retrieved from /home/logi/txtai/venv/lib/python3.10/site-packages/airflow/example_dags/example_time_delta_sensor_async.py
[2025-11-02T11:25:18.171+0530] {logging_mixin.py:188} INFO - [2025-11-02T11:25:18.171+0530] {dag.py:3089} INFO - Sync 1 DAGs
[2025-11-02T11:25:18.180+0530] {logging_mixin.py:188} INFO - [2025-11-02T11:25:18.180+0530] {dag.py:3947} INFO - Setting next_dagrun for example_time_delta_sensor_async to None, run_after=None
[2025-11-02T11:25:18.198+0530] {processor.py:183} INFO - Processing /home/logi/txtai/venv/lib/python3.10/site-packages/airflow/example_dags/example_time_delta_sensor_async.py took 0.066 seconds
[2025-11-02T11:26:08.027+0530] {processor.py:161} INFO - Started process (PID=12712) to work on /home/logi/txtai/venv/lib/python3.10/site-packages/airflow/example_dags/example_time_delta_sensor_async.py
[2025-11-02T11:26:08.040+0530] {processor.py:830} INFO - Processing file /home/logi/txtai/venv/lib/python3.10/site-packages/airflow/example_dags/example_time_delta_sensor_async.py for tasks to queue
[2025-11-02T11:26:08.042+0530] {logging_mixin.py:188} INFO - [2025-11-02T11:26:08.042+0530] {dagbag.py:545} INFO - Filling up the DagBag from /home/logi/txtai/venv/lib/python3.10/site-packages/airflow/example_dags/example_time_delta_sensor_async.py
[2025-11-02T11:26:08.049+0530] {processor.py:840} INFO - DAG(s) 'example_time_delta_sensor_async' retrieved from /home/logi/txtai/venv/lib/python3.10/site-packages/airflow/example_dags/example_time_delta_sensor_async.py
[2025-11-02T11:26:08.063+0530] {logging_mixin.py:188} INFO - [2025-11-02T11:26:08.063+0530] {dag.py:3089} INFO - Sync 1 DAGs
[2025-11-02T11:26:08.072+0530] {logging_mixin.py:188} INFO - [2025-11-02T11:26:08.072+0530] {dag.py:3947} INFO - Setting next_dagrun for example_time_delta_sensor_async to None, run_after=None
[2025-11-02T11:26:08.090+0530] {processor.py:183} INFO - Processing /home/logi/txtai/venv/lib/python3.10/site-packages/airflow/example_dags/example_time_delta_sensor_async.py took 0.068 seconds
[2025-11-02T11:26:54.866+0530] {processor.py:161} INFO - Started process (PID=12785) to work on /home/logi/txtai/venv/lib/python3.10/site-packages/airflow/example_dags/example_time_delta_sensor_async.py
[2025-11-02T11:26:54.879+0530] {processor.py:830} INFO - Processing file /home/logi/txtai/venv/lib/python3.10/site-packages/airflow/example_dags/example_time_delta_sensor_async.py for tasks to queue
[2025-11-02T11:26:54.880+0530] {logging_mixin.py:188} INFO - [2025-11-02T11:26:54.880+0530] {dagbag.py:545} INFO - Filling up the DagBag from /home/logi/txtai/venv/lib/python3.10/site-packages/airflow/example_dags/example_time_delta_sensor_async.py
[2025-11-02T11:26:54.885+0530] {processor.py:840} INFO - DAG(s) 'example_time_delta_sensor_async' retrieved from /home/logi/txtai/venv/lib/python3.10/site-packages/airflow/example_dags/example_time_delta_sensor_async.py
[2025-11-02T11:26:54.899+0530] {logging_mixin.py:188} INFO - [2025-11-02T11:26:54.899+0530] {dag.py:3089} INFO - Sync 1 DAGs
[2025-11-02T11:26:54.908+0530] {logging_mixin.py:188} INFO - [2025-11-02T11:26:54.908+0530] {dag.py:3947} INFO - Setting next_dagrun for example_time_delta_sensor_async to None, run_after=None
[2025-11-02T11:26:54.927+0530] {processor.py:183} INFO - Processing /home/logi/txtai/venv/lib/python3.10/site-packages/airflow/example_dags/example_time_delta_sensor_async.py took 0.067 seconds
[2025-11-02T11:27:41.826+0530] {processor.py:161} INFO - Started process (PID=12862) to work on /home/logi/txtai/venv/lib/python3.10/site-packages/airflow/example_dags/example_time_delta_sensor_async.py
[2025-11-02T11:27:41.833+0530] {processor.py:830} INFO - Processing file /home/logi/txtai/venv/lib/python3.10/site-packages/airflow/example_dags/example_time_delta_sensor_async.py for tasks to queue
[2025-11-02T11:27:41.836+0530] {logging_mixin.py:188} INFO - [2025-11-02T11:27:41.836+0530] {dagbag.py:545} INFO - Filling up the DagBag from /home/logi/txtai/venv/lib/python3.10/site-packages/airflow/example_dags/example_time_delta_sensor_async.py
[2025-11-02T11:27:41.845+0530] {processor.py:840} INFO - DAG(s) 'example_time_delta_sensor_async' retrieved from /home/logi/txtai/venv/lib/python3.10/site-packages/airflow/example_dags/example_time_delta_sensor_async.py
[2025-11-02T11:27:41.871+0530] {logging_mixin.py:188} INFO - [2025-11-02T11:27:41.870+0530] {dag.py:3089} INFO - Sync 1 DAGs
[2025-11-02T11:27:41.884+0530] {logging_mixin.py:188} INFO - [2025-11-02T11:27:41.883+0530] {dag.py:3947} INFO - Setting next_dagrun for example_time_delta_sensor_async to None, run_after=None
[2025-11-02T11:27:41.902+0530] {processor.py:183} INFO - Processing /home/logi/txtai/venv/lib/python3.10/site-packages/airflow/example_dags/example_time_delta_sensor_async.py took 0.087 seconds
[2025-11-02T11:28:29.117+0530] {processor.py:161} INFO - Started process (PID=12931) to work on /home/logi/txtai/venv/lib/python3.10/site-packages/airflow/example_dags/example_time_delta_sensor_async.py
[2025-11-02T11:28:29.130+0530] {processor.py:830} INFO - Processing file /home/logi/txtai/venv/lib/python3.10/site-packages/airflow/example_dags/example_time_delta_sensor_async.py for tasks to queue
[2025-11-02T11:28:29.132+0530] {logging_mixin.py:188} INFO - [2025-11-02T11:28:29.132+0530] {dagbag.py:545} INFO - Filling up the DagBag from /home/logi/txtai/venv/lib/python3.10/site-packages/airflow/example_dags/example_time_delta_sensor_async.py
[2025-11-02T11:28:29.139+0530] {processor.py:840} INFO - DAG(s) 'example_time_delta_sensor_async' retrieved from /home/logi/txtai/venv/lib/python3.10/site-packages/airflow/example_dags/example_time_delta_sensor_async.py
[2025-11-02T11:28:29.159+0530] {logging_mixin.py:188} INFO - [2025-11-02T11:28:29.159+0530] {dag.py:3089} INFO - Sync 1 DAGs
[2025-11-02T11:28:29.173+0530] {logging_mixin.py:188} INFO - [2025-11-02T11:28:29.173+0530] {dag.py:3947} INFO - Setting next_dagrun for example_time_delta_sensor_async to None, run_after=None
[2025-11-02T11:28:29.208+0530] {processor.py:183} INFO - Processing /home/logi/txtai/venv/lib/python3.10/site-packages/airflow/example_dags/example_time_delta_sensor_async.py took 0.107 seconds
[2025-11-02T11:29:18.468+0530] {processor.py:161} INFO - Started process (PID=13002) to work on /home/logi/txtai/venv/lib/python3.10/site-packages/airflow/example_dags/example_time_delta_sensor_async.py
[2025-11-02T11:29:18.481+0530] {processor.py:830} INFO - Processing file /home/logi/txtai/venv/lib/python3.10/site-packages/airflow/example_dags/example_time_delta_sensor_async.py for tasks to queue
[2025-11-02T11:29:18.484+0530] {logging_mixin.py:188} INFO - [2025-11-02T11:29:18.484+0530] {dagbag.py:545} INFO - Filling up the DagBag from /home/logi/txtai/venv/lib/python3.10/site-packages/airflow/example_dags/example_time_delta_sensor_async.py
[2025-11-02T11:29:18.489+0530] {processor.py:840} INFO - DAG(s) 'example_time_delta_sensor_async' retrieved from /home/logi/txtai/venv/lib/python3.10/site-packages/airflow/example_dags/example_time_delta_sensor_async.py
[2025-11-02T11:29:18.507+0530] {logging_mixin.py:188} INFO - [2025-11-02T11:29:18.507+0530] {dag.py:3089} INFO - Sync 1 DAGs
[2025-11-02T11:29:18.518+0530] {logging_mixin.py:188} INFO - [2025-11-02T11:29:18.518+0530] {dag.py:3947} INFO - Setting next_dagrun for example_time_delta_sensor_async to None, run_after=None
[2025-11-02T11:29:18.537+0530] {processor.py:183} INFO - Processing /home/logi/txtai/venv/lib/python3.10/site-packages/airflow/example_dags/example_time_delta_sensor_async.py took 0.078 seconds
[2025-11-02T11:30:16.286+0530] {processor.py:161} INFO - Started process (PID=13205) to work on /home/logi/txtai/venv/lib/python3.10/site-packages/airflow/example_dags/example_time_delta_sensor_async.py
[2025-11-02T11:30:16.300+0530] {processor.py:830} INFO - Processing file /home/logi/txtai/venv/lib/python3.10/site-packages/airflow/example_dags/example_time_delta_sensor_async.py for tasks to queue
[2025-11-02T11:30:16.302+0530] {logging_mixin.py:188} INFO - [2025-11-02T11:30:16.302+0530] {dagbag.py:545} INFO - Filling up the DagBag from /home/logi/txtai/venv/lib/python3.10/site-packages/airflow/example_dags/example_time_delta_sensor_async.py
[2025-11-02T11:30:16.310+0530] {processor.py:840} INFO - DAG(s) 'example_time_delta_sensor_async' retrieved from /home/logi/txtai/venv/lib/python3.10/site-packages/airflow/example_dags/example_time_delta_sensor_async.py
[2025-11-02T11:30:16.338+0530] {logging_mixin.py:188} INFO - [2025-11-02T11:30:16.338+0530] {dag.py:3089} INFO - Sync 1 DAGs
[2025-11-02T11:30:16.352+0530] {logging_mixin.py:188} INFO - [2025-11-02T11:30:16.351+0530] {dag.py:3947} INFO - Setting next_dagrun for example_time_delta_sensor_async to None, run_after=None
[2025-11-02T11:30:16.381+0530] {processor.py:183} INFO - Processing /home/logi/txtai/venv/lib/python3.10/site-packages/airflow/example_dags/example_time_delta_sensor_async.py took 0.107 seconds
[2025-11-02T11:31:10.996+0530] {processor.py:161} INFO - Started process (PID=13310) to work on /home/logi/txtai/venv/lib/python3.10/site-packages/airflow/example_dags/example_time_delta_sensor_async.py
[2025-11-02T11:31:11.011+0530] {processor.py:830} INFO - Processing file /home/logi/txtai/venv/lib/python3.10/site-packages/airflow/example_dags/example_time_delta_sensor_async.py for tasks to queue
[2025-11-02T11:31:11.014+0530] {logging_mixin.py:188} INFO - [2025-11-02T11:31:11.013+0530] {dagbag.py:545} INFO - Filling up the DagBag from /home/logi/txtai/venv/lib/python3.10/site-packages/airflow/example_dags/example_time_delta_sensor_async.py
[2025-11-02T11:31:11.024+0530] {processor.py:840} INFO - DAG(s) 'example_time_delta_sensor_async' retrieved from /home/logi/txtai/venv/lib/python3.10/site-packages/airflow/example_dags/example_time_delta_sensor_async.py
[2025-11-02T11:31:11.052+0530] {logging_mixin.py:188} INFO - [2025-11-02T11:31:11.052+0530] {dag.py:3089} INFO - Sync 1 DAGs
[2025-11-02T11:31:11.065+0530] {logging_mixin.py:188} INFO - [2025-11-02T11:31:11.065+0530] {dag.py:3947} INFO - Setting next_dagrun for example_time_delta_sensor_async to None, run_after=None
[2025-11-02T11:31:11.091+0530] {processor.py:183} INFO - Processing /home/logi/txtai/venv/lib/python3.10/site-packages/airflow/example_dags/example_time_delta_sensor_async.py took 0.106 seconds
[2025-11-02T11:32:04.136+0530] {processor.py:161} INFO - Started process (PID=13384) to work on /home/logi/txtai/venv/lib/python3.10/site-packages/airflow/example_dags/example_time_delta_sensor_async.py
[2025-11-02T11:32:04.149+0530] {processor.py:830} INFO - Processing file /home/logi/txtai/venv/lib/python3.10/site-packages/airflow/example_dags/example_time_delta_sensor_async.py for tasks to queue
[2025-11-02T11:32:04.153+0530] {logging_mixin.py:188} INFO - [2025-11-02T11:32:04.152+0530] {dagbag.py:545} INFO - Filling up the DagBag from /home/logi/txtai/venv/lib/python3.10/site-packages/airflow/example_dags/example_time_delta_sensor_async.py
[2025-11-02T11:32:04.162+0530] {processor.py:840} INFO - DAG(s) 'example_time_delta_sensor_async' retrieved from /home/logi/txtai/venv/lib/python3.10/site-packages/airflow/example_dags/example_time_delta_sensor_async.py
[2025-11-02T11:32:04.187+0530] {logging_mixin.py:188} INFO - [2025-11-02T11:32:04.187+0530] {dag.py:3089} INFO - Sync 1 DAGs
[2025-11-02T11:32:04.203+0530] {logging_mixin.py:188} INFO - [2025-11-02T11:32:04.203+0530] {dag.py:3947} INFO - Setting next_dagrun for example_time_delta_sensor_async to None, run_after=None
[2025-11-02T11:32:04.234+0530] {processor.py:183} INFO - Processing /home/logi/txtai/venv/lib/python3.10/site-packages/airflow/example_dags/example_time_delta_sensor_async.py took 0.112 seconds
[2025-11-02T11:32:55.476+0530] {processor.py:161} INFO - Started process (PID=13458) to work on /home/logi/txtai/venv/lib/python3.10/site-packages/airflow/example_dags/example_time_delta_sensor_async.py
[2025-11-02T11:32:55.489+0530] {processor.py:830} INFO - Processing file /home/logi/txtai/venv/lib/python3.10/site-packages/airflow/example_dags/example_time_delta_sensor_async.py for tasks to queue
[2025-11-02T11:32:55.493+0530] {logging_mixin.py:188} INFO - [2025-11-02T11:32:55.492+0530] {dagbag.py:545} INFO - Filling up the DagBag from /home/logi/txtai/venv/lib/python3.10/site-packages/airflow/example_dags/example_time_delta_sensor_async.py
[2025-11-02T11:32:55.503+0530] {processor.py:840} INFO - DAG(s) 'example_time_delta_sensor_async' retrieved from /home/logi/txtai/venv/lib/python3.10/site-packages/airflow/example_dags/example_time_delta_sensor_async.py
[2025-11-02T11:32:55.533+0530] {logging_mixin.py:188} INFO - [2025-11-02T11:32:55.533+0530] {dag.py:3089} INFO - Sync 1 DAGs
[2025-11-02T11:32:55.545+0530] {logging_mixin.py:188} INFO - [2025-11-02T11:32:55.545+0530] {dag.py:3947} INFO - Setting next_dagrun for example_time_delta_sensor_async to None, run_after=None
[2025-11-02T11:32:55.570+0530] {processor.py:183} INFO - Processing /home/logi/txtai/venv/lib/python3.10/site-packages/airflow/example_dags/example_time_delta_sensor_async.py took 0.106 seconds
[2025-11-02T11:33:42.243+0530] {processor.py:161} INFO - Started process (PID=13532) to work on /home/logi/txtai/venv/lib/python3.10/site-packages/airflow/example_dags/example_time_delta_sensor_async.py
[2025-11-02T11:33:42.256+0530] {processor.py:830} INFO - Processing file /home/logi/txtai/venv/lib/python3.10/site-packages/airflow/example_dags/example_time_delta_sensor_async.py for tasks to queue
[2025-11-02T11:33:42.259+0530] {logging_mixin.py:188} INFO - [2025-11-02T11:33:42.258+0530] {dagbag.py:545} INFO - Filling up the DagBag from /home/logi/txtai/venv/lib/python3.10/site-packages/airflow/example_dags/example_time_delta_sensor_async.py
[2025-11-02T11:33:42.271+0530] {processor.py:840} INFO - DAG(s) 'example_time_delta_sensor_async' retrieved from /home/logi/txtai/venv/lib/python3.10/site-packages/airflow/example_dags/example_time_delta_sensor_async.py
[2025-11-02T11:33:42.298+0530] {logging_mixin.py:188} INFO - [2025-11-02T11:33:42.297+0530] {dag.py:3089} INFO - Sync 1 DAGs
[2025-11-02T11:33:42.311+0530] {logging_mixin.py:188} INFO - [2025-11-02T11:33:42.311+0530] {dag.py:3947} INFO - Setting next_dagrun for example_time_delta_sensor_async to None, run_after=None
[2025-11-02T11:33:42.337+0530] {processor.py:183} INFO - Processing /home/logi/txtai/venv/lib/python3.10/site-packages/airflow/example_dags/example_time_delta_sensor_async.py took 0.106 seconds
[2025-11-02T11:34:30.504+0530] {processor.py:161} INFO - Started process (PID=13603) to work on /home/logi/txtai/venv/lib/python3.10/site-packages/airflow/example_dags/example_time_delta_sensor_async.py
[2025-11-02T11:34:30.505+0530] {processor.py:830} INFO - Processing file /home/logi/txtai/venv/lib/python3.10/site-packages/airflow/example_dags/example_time_delta_sensor_async.py for tasks to queue
[2025-11-02T11:34:30.507+0530] {logging_mixin.py:188} INFO - [2025-11-02T11:34:30.507+0530] {dagbag.py:545} INFO - Filling up the DagBag from /home/logi/txtai/venv/lib/python3.10/site-packages/airflow/example_dags/example_time_delta_sensor_async.py
[2025-11-02T11:34:30.513+0530] {processor.py:840} INFO - DAG(s) 'example_time_delta_sensor_async' retrieved from /home/logi/txtai/venv/lib/python3.10/site-packages/airflow/example_dags/example_time_delta_sensor_async.py
[2025-11-02T11:34:30.529+0530] {logging_mixin.py:188} INFO - [2025-11-02T11:34:30.529+0530] {dag.py:3089} INFO - Sync 1 DAGs
[2025-11-02T11:34:30.539+0530] {logging_mixin.py:188} INFO - [2025-11-02T11:34:30.538+0530] {dag.py:3947} INFO - Setting next_dagrun for example_time_delta_sensor_async to None, run_after=None
[2025-11-02T11:34:30.559+0530] {processor.py:183} INFO - Processing /home/logi/txtai/venv/lib/python3.10/site-packages/airflow/example_dags/example_time_delta_sensor_async.py took 0.063 seconds
[2025-11-02T11:35:21.182+0530] {processor.py:161} INFO - Started process (PID=13708) to work on /home/logi/txtai/venv/lib/python3.10/site-packages/airflow/example_dags/example_time_delta_sensor_async.py
[2025-11-02T11:35:21.190+0530] {processor.py:830} INFO - Processing file /home/logi/txtai/venv/lib/python3.10/site-packages/airflow/example_dags/example_time_delta_sensor_async.py for tasks to queue
[2025-11-02T11:35:21.191+0530] {logging_mixin.py:188} INFO - [2025-11-02T11:35:21.191+0530] {dagbag.py:545} INFO - Filling up the DagBag from /home/logi/txtai/venv/lib/python3.10/site-packages/airflow/example_dags/example_time_delta_sensor_async.py
[2025-11-02T11:35:21.196+0530] {processor.py:840} INFO - DAG(s) 'example_time_delta_sensor_async' retrieved from /home/logi/txtai/venv/lib/python3.10/site-packages/airflow/example_dags/example_time_delta_sensor_async.py
[2025-11-02T11:35:21.211+0530] {logging_mixin.py:188} INFO - [2025-11-02T11:35:21.211+0530] {dag.py:3089} INFO - Sync 1 DAGs
[2025-11-02T11:35:21.222+0530] {logging_mixin.py:188} INFO - [2025-11-02T11:35:21.221+0530] {dag.py:3947} INFO - Setting next_dagrun for example_time_delta_sensor_async to None, run_after=None
[2025-11-02T11:35:21.240+0530] {processor.py:183} INFO - Processing /home/logi/txtai/venv/lib/python3.10/site-packages/airflow/example_dags/example_time_delta_sensor_async.py took 0.066 seconds
[2025-11-02T11:36:11.894+0530] {processor.py:161} INFO - Started process (PID=13800) to work on /home/logi/txtai/venv/lib/python3.10/site-packages/airflow/example_dags/example_time_delta_sensor_async.py
[2025-11-02T11:36:11.907+0530] {processor.py:830} INFO - Processing file /home/logi/txtai/venv/lib/python3.10/site-packages/airflow/example_dags/example_time_delta_sensor_async.py for tasks to queue
[2025-11-02T11:36:11.911+0530] {logging_mixin.py:188} INFO - [2025-11-02T11:36:11.910+0530] {dagbag.py:545} INFO - Filling up the DagBag from /home/logi/txtai/venv/lib/python3.10/site-packages/airflow/example_dags/example_time_delta_sensor_async.py
[2025-11-02T11:36:11.923+0530] {processor.py:840} INFO - DAG(s) 'example_time_delta_sensor_async' retrieved from /home/logi/txtai/venv/lib/python3.10/site-packages/airflow/example_dags/example_time_delta_sensor_async.py
[2025-11-02T11:36:11.953+0530] {logging_mixin.py:188} INFO - [2025-11-02T11:36:11.953+0530] {dag.py:3089} INFO - Sync 1 DAGs
[2025-11-02T11:36:11.983+0530] {logging_mixin.py:188} INFO - [2025-11-02T11:36:11.983+0530] {dag.py:3947} INFO - Setting next_dagrun for example_time_delta_sensor_async to None, run_after=None
[2025-11-02T11:36:12.015+0530] {processor.py:183} INFO - Processing /home/logi/txtai/venv/lib/python3.10/site-packages/airflow/example_dags/example_time_delta_sensor_async.py took 0.136 seconds
[2025-11-02T11:37:05.521+0530] {processor.py:161} INFO - Started process (PID=13877) to work on /home/logi/txtai/venv/lib/python3.10/site-packages/airflow/example_dags/example_time_delta_sensor_async.py
[2025-11-02T11:37:05.534+0530] {processor.py:830} INFO - Processing file /home/logi/txtai/venv/lib/python3.10/site-packages/airflow/example_dags/example_time_delta_sensor_async.py for tasks to queue
[2025-11-02T11:37:05.537+0530] {logging_mixin.py:188} INFO - [2025-11-02T11:37:05.536+0530] {dagbag.py:545} INFO - Filling up the DagBag from /home/logi/txtai/venv/lib/python3.10/site-packages/airflow/example_dags/example_time_delta_sensor_async.py
[2025-11-02T11:37:05.547+0530] {processor.py:840} INFO - DAG(s) 'example_time_delta_sensor_async' retrieved from /home/logi/txtai/venv/lib/python3.10/site-packages/airflow/example_dags/example_time_delta_sensor_async.py
[2025-11-02T11:37:05.575+0530] {logging_mixin.py:188} INFO - [2025-11-02T11:37:05.575+0530] {dag.py:3089} INFO - Sync 1 DAGs
[2025-11-02T11:37:05.588+0530] {logging_mixin.py:188} INFO - [2025-11-02T11:37:05.588+0530] {dag.py:3947} INFO - Setting next_dagrun for example_time_delta_sensor_async to None, run_after=None
[2025-11-02T11:37:05.618+0530] {processor.py:183} INFO - Processing /home/logi/txtai/venv/lib/python3.10/site-packages/airflow/example_dags/example_time_delta_sensor_async.py took 0.110 seconds
[2025-11-02T11:37:57.740+0530] {processor.py:161} INFO - Started process (PID=13950) to work on /home/logi/txtai/venv/lib/python3.10/site-packages/airflow/example_dags/example_time_delta_sensor_async.py
[2025-11-02T11:37:57.753+0530] {processor.py:830} INFO - Processing file /home/logi/txtai/venv/lib/python3.10/site-packages/airflow/example_dags/example_time_delta_sensor_async.py for tasks to queue
[2025-11-02T11:37:57.756+0530] {logging_mixin.py:188} INFO - [2025-11-02T11:37:57.756+0530] {dagbag.py:545} INFO - Filling up the DagBag from /home/logi/txtai/venv/lib/python3.10/site-packages/airflow/example_dags/example_time_delta_sensor_async.py
[2025-11-02T11:37:57.762+0530] {processor.py:840} INFO - DAG(s) 'example_time_delta_sensor_async' retrieved from /home/logi/txtai/venv/lib/python3.10/site-packages/airflow/example_dags/example_time_delta_sensor_async.py
[2025-11-02T11:37:57.788+0530] {logging_mixin.py:188} INFO - [2025-11-02T11:37:57.788+0530] {dag.py:3089} INFO - Sync 1 DAGs
[2025-11-02T11:37:57.800+0530] {logging_mixin.py:188} INFO - [2025-11-02T11:37:57.800+0530] {dag.py:3947} INFO - Setting next_dagrun for example_time_delta_sensor_async to None, run_after=None
[2025-11-02T11:37:57.819+0530] {processor.py:183} INFO - Processing /home/logi/txtai/venv/lib/python3.10/site-packages/airflow/example_dags/example_time_delta_sensor_async.py took 0.093 seconds
[2025-11-02T11:38:49.607+0530] {processor.py:161} INFO - Started process (PID=14024) to work on /home/logi/txtai/venv/lib/python3.10/site-packages/airflow/example_dags/example_time_delta_sensor_async.py
[2025-11-02T11:38:49.620+0530] {processor.py:830} INFO - Processing file /home/logi/txtai/venv/lib/python3.10/site-packages/airflow/example_dags/example_time_delta_sensor_async.py for tasks to queue
[2025-11-02T11:38:49.623+0530] {logging_mixin.py:188} INFO - [2025-11-02T11:38:49.623+0530] {dagbag.py:545} INFO - Filling up the DagBag from /home/logi/txtai/venv/lib/python3.10/site-packages/airflow/example_dags/example_time_delta_sensor_async.py
[2025-11-02T11:38:49.629+0530] {processor.py:840} INFO - DAG(s) 'example_time_delta_sensor_async' retrieved from /home/logi/txtai/venv/lib/python3.10/site-packages/airflow/example_dags/example_time_delta_sensor_async.py
[2025-11-02T11:38:49.653+0530] {logging_mixin.py:188} INFO - [2025-11-02T11:38:49.652+0530] {dag.py:3089} INFO - Sync 1 DAGs
[2025-11-02T11:38:49.666+0530] {logging_mixin.py:188} INFO - [2025-11-02T11:38:49.666+0530] {dag.py:3947} INFO - Setting next_dagrun for example_time_delta_sensor_async to None, run_after=None
[2025-11-02T11:38:49.694+0530] {processor.py:183} INFO - Processing /home/logi/txtai/venv/lib/python3.10/site-packages/airflow/example_dags/example_time_delta_sensor_async.py took 0.096 seconds
[2025-11-02T11:39:39.323+0530] {processor.py:161} INFO - Started process (PID=14096) to work on /home/logi/txtai/venv/lib/python3.10/site-packages/airflow/example_dags/example_time_delta_sensor_async.py
[2025-11-02T11:39:39.325+0530] {processor.py:830} INFO - Processing file /home/logi/txtai/venv/lib/python3.10/site-packages/airflow/example_dags/example_time_delta_sensor_async.py for tasks to queue
[2025-11-02T11:39:39.328+0530] {logging_mixin.py:188} INFO - [2025-11-02T11:39:39.327+0530] {dagbag.py:545} INFO - Filling up the DagBag from /home/logi/txtai/venv/lib/python3.10/site-packages/airflow/example_dags/example_time_delta_sensor_async.py
[2025-11-02T11:39:39.338+0530] {processor.py:840} INFO - DAG(s) 'example_time_delta_sensor_async' retrieved from /home/logi/txtai/venv/lib/python3.10/site-packages/airflow/example_dags/example_time_delta_sensor_async.py
[2025-11-02T11:39:39.363+0530] {logging_mixin.py:188} INFO - [2025-11-02T11:39:39.363+0530] {dag.py:3089} INFO - Sync 1 DAGs
[2025-11-02T11:39:39.373+0530] {logging_mixin.py:188} INFO - [2025-11-02T11:39:39.372+0530] {dag.py:3947} INFO - Setting next_dagrun for example_time_delta_sensor_async to None, run_after=None
[2025-11-02T11:39:39.390+0530] {processor.py:183} INFO - Processing /home/logi/txtai/venv/lib/python3.10/site-packages/airflow/example_dags/example_time_delta_sensor_async.py took 0.081 seconds
[2025-11-02T11:40:29.963+0530] {processor.py:161} INFO - Started process (PID=14202) to work on /home/logi/txtai/venv/lib/python3.10/site-packages/airflow/example_dags/example_time_delta_sensor_async.py
[2025-11-02T11:40:29.976+0530] {processor.py:830} INFO - Processing file /home/logi/txtai/venv/lib/python3.10/site-packages/airflow/example_dags/example_time_delta_sensor_async.py for tasks to queue
[2025-11-02T11:40:29.979+0530] {logging_mixin.py:188} INFO - [2025-11-02T11:40:29.978+0530] {dagbag.py:545} INFO - Filling up the DagBag from /home/logi/txtai/venv/lib/python3.10/site-packages/airflow/example_dags/example_time_delta_sensor_async.py
[2025-11-02T11:40:29.986+0530] {processor.py:840} INFO - DAG(s) 'example_time_delta_sensor_async' retrieved from /home/logi/txtai/venv/lib/python3.10/site-packages/airflow/example_dags/example_time_delta_sensor_async.py
[2025-11-02T11:40:30.002+0530] {logging_mixin.py:188} INFO - [2025-11-02T11:40:30.002+0530] {dag.py:3089} INFO - Sync 1 DAGs
[2025-11-02T11:40:30.013+0530] {logging_mixin.py:188} INFO - [2025-11-02T11:40:30.013+0530] {dag.py:3947} INFO - Setting next_dagrun for example_time_delta_sensor_async to None, run_after=None
[2025-11-02T11:40:30.033+0530] {processor.py:183} INFO - Processing /home/logi/txtai/venv/lib/python3.10/site-packages/airflow/example_dags/example_time_delta_sensor_async.py took 0.077 seconds
[2025-11-02T11:41:21.040+0530] {processor.py:161} INFO - Started process (PID=14276) to work on /home/logi/txtai/venv/lib/python3.10/site-packages/airflow/example_dags/example_time_delta_sensor_async.py
[2025-11-02T11:41:21.054+0530] {processor.py:830} INFO - Processing file /home/logi/txtai/venv/lib/python3.10/site-packages/airflow/example_dags/example_time_delta_sensor_async.py for tasks to queue
[2025-11-02T11:41:21.056+0530] {logging_mixin.py:188} INFO - [2025-11-02T11:41:21.055+0530] {dagbag.py:545} INFO - Filling up the DagBag from /home/logi/txtai/venv/lib/python3.10/site-packages/airflow/example_dags/example_time_delta_sensor_async.py
[2025-11-02T11:41:21.066+0530] {processor.py:840} INFO - DAG(s) 'example_time_delta_sensor_async' retrieved from /home/logi/txtai/venv/lib/python3.10/site-packages/airflow/example_dags/example_time_delta_sensor_async.py
[2025-11-02T11:41:21.086+0530] {logging_mixin.py:188} INFO - [2025-11-02T11:41:21.086+0530] {dag.py:3089} INFO - Sync 1 DAGs
[2025-11-02T11:41:21.098+0530] {logging_mixin.py:188} INFO - [2025-11-02T11:41:21.097+0530] {dag.py:3947} INFO - Setting next_dagrun for example_time_delta_sensor_async to None, run_after=None
[2025-11-02T11:41:21.118+0530] {processor.py:183} INFO - Processing /home/logi/txtai/venv/lib/python3.10/site-packages/airflow/example_dags/example_time_delta_sensor_async.py took 0.090 seconds
[2025-11-02T11:42:13.057+0530] {processor.py:161} INFO - Started process (PID=14349) to work on /home/logi/txtai/venv/lib/python3.10/site-packages/airflow/example_dags/example_time_delta_sensor_async.py
[2025-11-02T11:42:13.059+0530] {processor.py:830} INFO - Processing file /home/logi/txtai/venv/lib/python3.10/site-packages/airflow/example_dags/example_time_delta_sensor_async.py for tasks to queue
[2025-11-02T11:42:13.062+0530] {logging_mixin.py:188} INFO - [2025-11-02T11:42:13.062+0530] {dagbag.py:545} INFO - Filling up the DagBag from /home/logi/txtai/venv/lib/python3.10/site-packages/airflow/example_dags/example_time_delta_sensor_async.py
[2025-11-02T11:42:13.071+0530] {processor.py:840} INFO - DAG(s) 'example_time_delta_sensor_async' retrieved from /home/logi/txtai/venv/lib/python3.10/site-packages/airflow/example_dags/example_time_delta_sensor_async.py
[2025-11-02T11:42:13.099+0530] {logging_mixin.py:188} INFO - [2025-11-02T11:42:13.098+0530] {dag.py:3089} INFO - Sync 1 DAGs
[2025-11-02T11:42:13.110+0530] {logging_mixin.py:188} INFO - [2025-11-02T11:42:13.109+0530] {dag.py:3947} INFO - Setting next_dagrun for example_time_delta_sensor_async to None, run_after=None
[2025-11-02T11:42:13.129+0530] {processor.py:183} INFO - Processing /home/logi/txtai/venv/lib/python3.10/site-packages/airflow/example_dags/example_time_delta_sensor_async.py took 0.085 seconds
[2025-11-02T11:43:05.360+0530] {processor.py:161} INFO - Started process (PID=14423) to work on /home/logi/txtai/venv/lib/python3.10/site-packages/airflow/example_dags/example_time_delta_sensor_async.py
[2025-11-02T11:43:05.373+0530] {processor.py:830} INFO - Processing file /home/logi/txtai/venv/lib/python3.10/site-packages/airflow/example_dags/example_time_delta_sensor_async.py for tasks to queue
[2025-11-02T11:43:05.376+0530] {logging_mixin.py:188} INFO - [2025-11-02T11:43:05.375+0530] {dagbag.py:545} INFO - Filling up the DagBag from /home/logi/txtai/venv/lib/python3.10/site-packages/airflow/example_dags/example_time_delta_sensor_async.py
[2025-11-02T11:43:05.386+0530] {processor.py:840} INFO - DAG(s) 'example_time_delta_sensor_async' retrieved from /home/logi/txtai/venv/lib/python3.10/site-packages/airflow/example_dags/example_time_delta_sensor_async.py
[2025-11-02T11:43:05.413+0530] {logging_mixin.py:188} INFO - [2025-11-02T11:43:05.413+0530] {dag.py:3089} INFO - Sync 1 DAGs
[2025-11-02T11:43:05.423+0530] {logging_mixin.py:188} INFO - [2025-11-02T11:43:05.423+0530] {dag.py:3947} INFO - Setting next_dagrun for example_time_delta_sensor_async to None, run_after=None
[2025-11-02T11:43:05.442+0530] {processor.py:183} INFO - Processing /home/logi/txtai/venv/lib/python3.10/site-packages/airflow/example_dags/example_time_delta_sensor_async.py took 0.087 seconds
[2025-11-02T11:43:50.043+0530] {processor.py:161} INFO - Started process (PID=14492) to work on /home/logi/txtai/venv/lib/python3.10/site-packages/airflow/example_dags/example_time_delta_sensor_async.py
[2025-11-02T11:43:50.056+0530] {processor.py:830} INFO - Processing file /home/logi/txtai/venv/lib/python3.10/site-packages/airflow/example_dags/example_time_delta_sensor_async.py for tasks to queue
[2025-11-02T11:43:50.059+0530] {logging_mixin.py:188} INFO - [2025-11-02T11:43:50.059+0530] {dagbag.py:545} INFO - Filling up the DagBag from /home/logi/txtai/venv/lib/python3.10/site-packages/airflow/example_dags/example_time_delta_sensor_async.py
[2025-11-02T11:43:50.064+0530] {processor.py:840} INFO - DAG(s) 'example_time_delta_sensor_async' retrieved from /home/logi/txtai/venv/lib/python3.10/site-packages/airflow/example_dags/example_time_delta_sensor_async.py
[2025-11-02T11:43:50.078+0530] {logging_mixin.py:188} INFO - [2025-11-02T11:43:50.078+0530] {dag.py:3089} INFO - Sync 1 DAGs
[2025-11-02T11:43:50.087+0530] {logging_mixin.py:188} INFO - [2025-11-02T11:43:50.087+0530] {dag.py:3947} INFO - Setting next_dagrun for example_time_delta_sensor_async to None, run_after=None
[2025-11-02T11:43:50.106+0530] {processor.py:183} INFO - Processing /home/logi/txtai/venv/lib/python3.10/site-packages/airflow/example_dags/example_time_delta_sensor_async.py took 0.068 seconds
[2025-11-02T11:44:40.814+0530] {processor.py:161} INFO - Started process (PID=14564) to work on /home/logi/txtai/venv/lib/python3.10/site-packages/airflow/example_dags/example_time_delta_sensor_async.py
[2025-11-02T11:44:40.827+0530] {processor.py:830} INFO - Processing file /home/logi/txtai/venv/lib/python3.10/site-packages/airflow/example_dags/example_time_delta_sensor_async.py for tasks to queue
[2025-11-02T11:44:40.831+0530] {logging_mixin.py:188} INFO - [2025-11-02T11:44:40.830+0530] {dagbag.py:545} INFO - Filling up the DagBag from /home/logi/txtai/venv/lib/python3.10/site-packages/airflow/example_dags/example_time_delta_sensor_async.py
[2025-11-02T11:44:40.840+0530] {processor.py:840} INFO - DAG(s) 'example_time_delta_sensor_async' retrieved from /home/logi/txtai/venv/lib/python3.10/site-packages/airflow/example_dags/example_time_delta_sensor_async.py
[2025-11-02T11:44:40.865+0530] {logging_mixin.py:188} INFO - [2025-11-02T11:44:40.865+0530] {dag.py:3089} INFO - Sync 1 DAGs
[2025-11-02T11:44:40.881+0530] {logging_mixin.py:188} INFO - [2025-11-02T11:44:40.881+0530] {dag.py:3947} INFO - Setting next_dagrun for example_time_delta_sensor_async to None, run_after=None
[2025-11-02T11:44:40.901+0530] {processor.py:183} INFO - Processing /home/logi/txtai/venv/lib/python3.10/site-packages/airflow/example_dags/example_time_delta_sensor_async.py took 0.099 seconds
[2025-11-02T11:45:32.202+0530] {processor.py:161} INFO - Started process (PID=14674) to work on /home/logi/txtai/venv/lib/python3.10/site-packages/airflow/example_dags/example_time_delta_sensor_async.py
[2025-11-02T11:45:32.204+0530] {processor.py:830} INFO - Processing file /home/logi/txtai/venv/lib/python3.10/site-packages/airflow/example_dags/example_time_delta_sensor_async.py for tasks to queue
[2025-11-02T11:45:32.207+0530] {logging_mixin.py:188} INFO - [2025-11-02T11:45:32.206+0530] {dagbag.py:545} INFO - Filling up the DagBag from /home/logi/txtai/venv/lib/python3.10/site-packages/airflow/example_dags/example_time_delta_sensor_async.py
[2025-11-02T11:45:32.215+0530] {processor.py:840} INFO - DAG(s) 'example_time_delta_sensor_async' retrieved from /home/logi/txtai/venv/lib/python3.10/site-packages/airflow/example_dags/example_time_delta_sensor_async.py
[2025-11-02T11:45:32.237+0530] {logging_mixin.py:188} INFO - [2025-11-02T11:45:32.236+0530] {dag.py:3089} INFO - Sync 1 DAGs
[2025-11-02T11:45:32.245+0530] {logging_mixin.py:188} INFO - [2025-11-02T11:45:32.245+0530] {dag.py:3947} INFO - Setting next_dagrun for example_time_delta_sensor_async to None, run_after=None
[2025-11-02T11:45:32.272+0530] {processor.py:183} INFO - Processing /home/logi/txtai/venv/lib/python3.10/site-packages/airflow/example_dags/example_time_delta_sensor_async.py took 0.082 seconds
[2025-11-02T11:46:25.674+0530] {processor.py:161} INFO - Started process (PID=14749) to work on /home/logi/txtai/venv/lib/python3.10/site-packages/airflow/example_dags/example_time_delta_sensor_async.py
[2025-11-02T11:46:25.687+0530] {processor.py:830} INFO - Processing file /home/logi/txtai/venv/lib/python3.10/site-packages/airflow/example_dags/example_time_delta_sensor_async.py for tasks to queue
[2025-11-02T11:46:25.689+0530] {logging_mixin.py:188} INFO - [2025-11-02T11:46:25.689+0530] {dagbag.py:545} INFO - Filling up the DagBag from /home/logi/txtai/venv/lib/python3.10/site-packages/airflow/example_dags/example_time_delta_sensor_async.py
[2025-11-02T11:46:25.697+0530] {processor.py:840} INFO - DAG(s) 'example_time_delta_sensor_async' retrieved from /home/logi/txtai/venv/lib/python3.10/site-packages/airflow/example_dags/example_time_delta_sensor_async.py
[2025-11-02T11:46:25.716+0530] {logging_mixin.py:188} INFO - [2025-11-02T11:46:25.716+0530] {dag.py:3089} INFO - Sync 1 DAGs
[2025-11-02T11:46:25.728+0530] {logging_mixin.py:188} INFO - [2025-11-02T11:46:25.728+0530] {dag.py:3947} INFO - Setting next_dagrun for example_time_delta_sensor_async to None, run_after=None
[2025-11-02T11:46:25.746+0530] {processor.py:183} INFO - Processing /home/logi/txtai/venv/lib/python3.10/site-packages/airflow/example_dags/example_time_delta_sensor_async.py took 0.083 seconds
[2025-11-02T11:47:18.189+0530] {processor.py:161} INFO - Started process (PID=14820) to work on /home/logi/txtai/venv/lib/python3.10/site-packages/airflow/example_dags/example_time_delta_sensor_async.py
[2025-11-02T11:47:18.202+0530] {processor.py:830} INFO - Processing file /home/logi/txtai/venv/lib/python3.10/site-packages/airflow/example_dags/example_time_delta_sensor_async.py for tasks to queue
[2025-11-02T11:47:18.206+0530] {logging_mixin.py:188} INFO - [2025-11-02T11:47:18.205+0530] {dagbag.py:545} INFO - Filling up the DagBag from /home/logi/txtai/venv/lib/python3.10/site-packages/airflow/example_dags/example_time_delta_sensor_async.py
[2025-11-02T11:47:18.214+0530] {processor.py:840} INFO - DAG(s) 'example_time_delta_sensor_async' retrieved from /home/logi/txtai/venv/lib/python3.10/site-packages/airflow/example_dags/example_time_delta_sensor_async.py
[2025-11-02T11:47:18.230+0530] {logging_mixin.py:188} INFO - [2025-11-02T11:47:18.230+0530] {dag.py:3089} INFO - Sync 1 DAGs
[2025-11-02T11:47:18.240+0530] {logging_mixin.py:188} INFO - [2025-11-02T11:47:18.239+0530] {dag.py:3947} INFO - Setting next_dagrun for example_time_delta_sensor_async to None, run_after=None
[2025-11-02T11:47:18.368+0530] {processor.py:183} INFO - Processing /home/logi/txtai/venv/lib/python3.10/site-packages/airflow/example_dags/example_time_delta_sensor_async.py took 0.185 seconds
[2025-11-02T11:48:15.224+0530] {processor.py:161} INFO - Started process (PID=14911) to work on /home/logi/txtai/venv/lib/python3.10/site-packages/airflow/example_dags/example_time_delta_sensor_async.py
[2025-11-02T11:48:15.238+0530] {processor.py:830} INFO - Processing file /home/logi/txtai/venv/lib/python3.10/site-packages/airflow/example_dags/example_time_delta_sensor_async.py for tasks to queue
[2025-11-02T11:48:15.241+0530] {logging_mixin.py:188} INFO - [2025-11-02T11:48:15.240+0530] {dagbag.py:545} INFO - Filling up the DagBag from /home/logi/txtai/venv/lib/python3.10/site-packages/airflow/example_dags/example_time_delta_sensor_async.py
[2025-11-02T11:48:15.249+0530] {processor.py:840} INFO - DAG(s) 'example_time_delta_sensor_async' retrieved from /home/logi/txtai/venv/lib/python3.10/site-packages/airflow/example_dags/example_time_delta_sensor_async.py
[2025-11-02T11:48:15.275+0530] {logging_mixin.py:188} INFO - [2025-11-02T11:48:15.275+0530] {dag.py:3089} INFO - Sync 1 DAGs
[2025-11-02T11:48:15.292+0530] {logging_mixin.py:188} INFO - [2025-11-02T11:48:15.292+0530] {dag.py:3947} INFO - Setting next_dagrun for example_time_delta_sensor_async to None, run_after=None
[2025-11-02T11:48:15.310+0530] {processor.py:183} INFO - Processing /home/logi/txtai/venv/lib/python3.10/site-packages/airflow/example_dags/example_time_delta_sensor_async.py took 0.098 seconds
[2025-11-02T11:49:08.746+0530] {processor.py:161} INFO - Started process (PID=15013) to work on /home/logi/txtai/venv/lib/python3.10/site-packages/airflow/example_dags/example_time_delta_sensor_async.py
[2025-11-02T11:49:08.758+0530] {processor.py:830} INFO - Processing file /home/logi/txtai/venv/lib/python3.10/site-packages/airflow/example_dags/example_time_delta_sensor_async.py for tasks to queue
[2025-11-02T11:49:08.760+0530] {logging_mixin.py:188} INFO - [2025-11-02T11:49:08.760+0530] {dagbag.py:545} INFO - Filling up the DagBag from /home/logi/txtai/venv/lib/python3.10/site-packages/airflow/example_dags/example_time_delta_sensor_async.py
[2025-11-02T11:49:08.765+0530] {processor.py:840} INFO - DAG(s) 'example_time_delta_sensor_async' retrieved from /home/logi/txtai/venv/lib/python3.10/site-packages/airflow/example_dags/example_time_delta_sensor_async.py
[2025-11-02T11:49:08.788+0530] {logging_mixin.py:188} INFO - [2025-11-02T11:49:08.787+0530] {dag.py:3089} INFO - Sync 1 DAGs
[2025-11-02T11:49:08.797+0530] {logging_mixin.py:188} INFO - [2025-11-02T11:49:08.797+0530] {dag.py:3947} INFO - Setting next_dagrun for example_time_delta_sensor_async to None, run_after=None
[2025-11-02T11:49:08.819+0530] {processor.py:183} INFO - Processing /home/logi/txtai/venv/lib/python3.10/site-packages/airflow/example_dags/example_time_delta_sensor_async.py took 0.079 seconds
[2025-11-02T11:50:03.044+0530] {processor.py:161} INFO - Started process (PID=15101) to work on /home/logi/txtai/venv/lib/python3.10/site-packages/airflow/example_dags/example_time_delta_sensor_async.py
[2025-11-02T11:50:03.056+0530] {processor.py:830} INFO - Processing file /home/logi/txtai/venv/lib/python3.10/site-packages/airflow/example_dags/example_time_delta_sensor_async.py for tasks to queue
[2025-11-02T11:50:03.059+0530] {logging_mixin.py:188} INFO - [2025-11-02T11:50:03.059+0530] {dagbag.py:545} INFO - Filling up the DagBag from /home/logi/txtai/venv/lib/python3.10/site-packages/airflow/example_dags/example_time_delta_sensor_async.py
[2025-11-02T11:50:03.066+0530] {processor.py:840} INFO - DAG(s) 'example_time_delta_sensor_async' retrieved from /home/logi/txtai/venv/lib/python3.10/site-packages/airflow/example_dags/example_time_delta_sensor_async.py
[2025-11-02T11:50:03.083+0530] {logging_mixin.py:188} INFO - [2025-11-02T11:50:03.083+0530] {dag.py:3089} INFO - Sync 1 DAGs
[2025-11-02T11:50:03.093+0530] {logging_mixin.py:188} INFO - [2025-11-02T11:50:03.093+0530] {dag.py:3947} INFO - Setting next_dagrun for example_time_delta_sensor_async to None, run_after=None
[2025-11-02T11:50:03.235+0530] {processor.py:183} INFO - Processing /home/logi/txtai/venv/lib/python3.10/site-packages/airflow/example_dags/example_time_delta_sensor_async.py took 0.198 seconds
[2025-11-02T11:50:56.255+0530] {processor.py:161} INFO - Started process (PID=15225) to work on /home/logi/txtai/venv/lib/python3.10/site-packages/airflow/example_dags/example_time_delta_sensor_async.py
[2025-11-02T11:50:56.269+0530] {processor.py:830} INFO - Processing file /home/logi/txtai/venv/lib/python3.10/site-packages/airflow/example_dags/example_time_delta_sensor_async.py for tasks to queue
[2025-11-02T11:50:56.273+0530] {logging_mixin.py:188} INFO - [2025-11-02T11:50:56.272+0530] {dagbag.py:545} INFO - Filling up the DagBag from /home/logi/txtai/venv/lib/python3.10/site-packages/airflow/example_dags/example_time_delta_sensor_async.py
[2025-11-02T11:50:56.282+0530] {processor.py:840} INFO - DAG(s) 'example_time_delta_sensor_async' retrieved from /home/logi/txtai/venv/lib/python3.10/site-packages/airflow/example_dags/example_time_delta_sensor_async.py
[2025-11-02T11:50:56.308+0530] {logging_mixin.py:188} INFO - [2025-11-02T11:50:56.307+0530] {dag.py:3089} INFO - Sync 1 DAGs
[2025-11-02T11:50:56.325+0530] {logging_mixin.py:188} INFO - [2025-11-02T11:50:56.325+0530] {dag.py:3947} INFO - Setting next_dagrun for example_time_delta_sensor_async to None, run_after=None
[2025-11-02T11:50:56.343+0530] {processor.py:183} INFO - Processing /home/logi/txtai/venv/lib/python3.10/site-packages/airflow/example_dags/example_time_delta_sensor_async.py took 0.100 seconds
[2025-11-02T11:51:53.544+0530] {processor.py:161} INFO - Started process (PID=15305) to work on /home/logi/txtai/venv/lib/python3.10/site-packages/airflow/example_dags/example_time_delta_sensor_async.py
[2025-11-02T11:51:53.556+0530] {processor.py:830} INFO - Processing file /home/logi/txtai/venv/lib/python3.10/site-packages/airflow/example_dags/example_time_delta_sensor_async.py for tasks to queue
[2025-11-02T11:51:53.559+0530] {logging_mixin.py:188} INFO - [2025-11-02T11:51:53.559+0530] {dagbag.py:545} INFO - Filling up the DagBag from /home/logi/txtai/venv/lib/python3.10/site-packages/airflow/example_dags/example_time_delta_sensor_async.py
[2025-11-02T11:51:53.564+0530] {processor.py:840} INFO - DAG(s) 'example_time_delta_sensor_async' retrieved from /home/logi/txtai/venv/lib/python3.10/site-packages/airflow/example_dags/example_time_delta_sensor_async.py
[2025-11-02T11:51:53.579+0530] {logging_mixin.py:188} INFO - [2025-11-02T11:51:53.579+0530] {dag.py:3089} INFO - Sync 1 DAGs
[2025-11-02T11:51:53.589+0530] {logging_mixin.py:188} INFO - [2025-11-02T11:51:53.588+0530] {dag.py:3947} INFO - Setting next_dagrun for example_time_delta_sensor_async to None, run_after=None
[2025-11-02T11:51:53.608+0530] {processor.py:183} INFO - Processing /home/logi/txtai/venv/lib/python3.10/site-packages/airflow/example_dags/example_time_delta_sensor_async.py took 0.071 seconds
[2025-11-02T11:52:45.133+0530] {processor.py:161} INFO - Started process (PID=15392) to work on /home/logi/txtai/venv/lib/python3.10/site-packages/airflow/example_dags/example_time_delta_sensor_async.py
[2025-11-02T11:52:45.147+0530] {processor.py:830} INFO - Processing file /home/logi/txtai/venv/lib/python3.10/site-packages/airflow/example_dags/example_time_delta_sensor_async.py for tasks to queue
[2025-11-02T11:52:45.150+0530] {logging_mixin.py:188} INFO - [2025-11-02T11:52:45.149+0530] {dagbag.py:545} INFO - Filling up the DagBag from /home/logi/txtai/venv/lib/python3.10/site-packages/airflow/example_dags/example_time_delta_sensor_async.py
[2025-11-02T11:52:45.158+0530] {processor.py:840} INFO - DAG(s) 'example_time_delta_sensor_async' retrieved from /home/logi/txtai/venv/lib/python3.10/site-packages/airflow/example_dags/example_time_delta_sensor_async.py
[2025-11-02T11:52:45.184+0530] {logging_mixin.py:188} INFO - [2025-11-02T11:52:45.184+0530] {dag.py:3089} INFO - Sync 1 DAGs
[2025-11-02T11:52:45.200+0530] {logging_mixin.py:188} INFO - [2025-11-02T11:52:45.200+0530] {dag.py:3947} INFO - Setting next_dagrun for example_time_delta_sensor_async to None, run_after=None
[2025-11-02T11:52:45.339+0530] {processor.py:183} INFO - Processing /home/logi/txtai/venv/lib/python3.10/site-packages/airflow/example_dags/example_time_delta_sensor_async.py took 0.217 seconds
[2025-11-02T11:53:43.861+0530] {processor.py:161} INFO - Started process (PID=15484) to work on /home/logi/txtai/venv/lib/python3.10/site-packages/airflow/example_dags/example_time_delta_sensor_async.py
[2025-11-02T11:53:43.869+0530] {processor.py:830} INFO - Processing file /home/logi/txtai/venv/lib/python3.10/site-packages/airflow/example_dags/example_time_delta_sensor_async.py for tasks to queue
[2025-11-02T11:53:43.872+0530] {logging_mixin.py:188} INFO - [2025-11-02T11:53:43.871+0530] {dagbag.py:545} INFO - Filling up the DagBag from /home/logi/txtai/venv/lib/python3.10/site-packages/airflow/example_dags/example_time_delta_sensor_async.py
[2025-11-02T11:53:43.880+0530] {processor.py:840} INFO - DAG(s) 'example_time_delta_sensor_async' retrieved from /home/logi/txtai/venv/lib/python3.10/site-packages/airflow/example_dags/example_time_delta_sensor_async.py
[2025-11-02T11:53:43.906+0530] {logging_mixin.py:188} INFO - [2025-11-02T11:53:43.906+0530] {dag.py:3089} INFO - Sync 1 DAGs
[2025-11-02T11:53:43.917+0530] {logging_mixin.py:188} INFO - [2025-11-02T11:53:43.917+0530] {dag.py:3947} INFO - Setting next_dagrun for example_time_delta_sensor_async to None, run_after=None
[2025-11-02T11:53:43.941+0530] {processor.py:183} INFO - Processing /home/logi/txtai/venv/lib/python3.10/site-packages/airflow/example_dags/example_time_delta_sensor_async.py took 0.091 seconds
[2025-11-02T11:54:35.972+0530] {processor.py:161} INFO - Started process (PID=15557) to work on /home/logi/txtai/venv/lib/python3.10/site-packages/airflow/example_dags/example_time_delta_sensor_async.py
[2025-11-02T11:54:35.974+0530] {processor.py:830} INFO - Processing file /home/logi/txtai/venv/lib/python3.10/site-packages/airflow/example_dags/example_time_delta_sensor_async.py for tasks to queue
[2025-11-02T11:54:35.977+0530] {logging_mixin.py:188} INFO - [2025-11-02T11:54:35.976+0530] {dagbag.py:545} INFO - Filling up the DagBag from /home/logi/txtai/venv/lib/python3.10/site-packages/airflow/example_dags/example_time_delta_sensor_async.py
[2025-11-02T11:54:35.986+0530] {processor.py:840} INFO - DAG(s) 'example_time_delta_sensor_async' retrieved from /home/logi/txtai/venv/lib/python3.10/site-packages/airflow/example_dags/example_time_delta_sensor_async.py
[2025-11-02T11:54:36.013+0530] {logging_mixin.py:188} INFO - [2025-11-02T11:54:36.013+0530] {dag.py:3089} INFO - Sync 1 DAGs
[2025-11-02T11:54:36.196+0530] {logging_mixin.py:188} INFO - [2025-11-02T11:54:36.196+0530] {dag.py:3947} INFO - Setting next_dagrun for example_time_delta_sensor_async to None, run_after=None
[2025-11-02T11:54:36.226+0530] {processor.py:183} INFO - Processing /home/logi/txtai/venv/lib/python3.10/site-packages/airflow/example_dags/example_time_delta_sensor_async.py took 0.266 seconds
[2025-11-02T11:55:34.945+0530] {processor.py:161} INFO - Started process (PID=15685) to work on /home/logi/txtai/venv/lib/python3.10/site-packages/airflow/example_dags/example_time_delta_sensor_async.py
[2025-11-02T11:55:34.959+0530] {processor.py:830} INFO - Processing file /home/logi/txtai/venv/lib/python3.10/site-packages/airflow/example_dags/example_time_delta_sensor_async.py for tasks to queue
[2025-11-02T11:55:34.962+0530] {logging_mixin.py:188} INFO - [2025-11-02T11:55:34.961+0530] {dagbag.py:545} INFO - Filling up the DagBag from /home/logi/txtai/venv/lib/python3.10/site-packages/airflow/example_dags/example_time_delta_sensor_async.py
[2025-11-02T11:55:34.972+0530] {processor.py:840} INFO - DAG(s) 'example_time_delta_sensor_async' retrieved from /home/logi/txtai/venv/lib/python3.10/site-packages/airflow/example_dags/example_time_delta_sensor_async.py
[2025-11-02T11:55:34.999+0530] {logging_mixin.py:188} INFO - [2025-11-02T11:55:34.999+0530] {dag.py:3089} INFO - Sync 1 DAGs
[2025-11-02T11:55:35.015+0530] {logging_mixin.py:188} INFO - [2025-11-02T11:55:35.015+0530] {dag.py:3947} INFO - Setting next_dagrun for example_time_delta_sensor_async to None, run_after=None
[2025-11-02T11:55:35.043+0530] {processor.py:183} INFO - Processing /home/logi/txtai/venv/lib/python3.10/site-packages/airflow/example_dags/example_time_delta_sensor_async.py took 0.110 seconds
[2025-11-02T11:56:24.705+0530] {processor.py:161} INFO - Started process (PID=15773) to work on /home/logi/txtai/venv/lib/python3.10/site-packages/airflow/example_dags/example_time_delta_sensor_async.py
[2025-11-02T11:56:24.718+0530] {processor.py:830} INFO - Processing file /home/logi/txtai/venv/lib/python3.10/site-packages/airflow/example_dags/example_time_delta_sensor_async.py for tasks to queue
[2025-11-02T11:56:24.720+0530] {logging_mixin.py:188} INFO - [2025-11-02T11:56:24.720+0530] {dagbag.py:545} INFO - Filling up the DagBag from /home/logi/txtai/venv/lib/python3.10/site-packages/airflow/example_dags/example_time_delta_sensor_async.py
[2025-11-02T11:56:24.724+0530] {processor.py:840} INFO - DAG(s) 'example_time_delta_sensor_async' retrieved from /home/logi/txtai/venv/lib/python3.10/site-packages/airflow/example_dags/example_time_delta_sensor_async.py
[2025-11-02T11:56:24.742+0530] {logging_mixin.py:188} INFO - [2025-11-02T11:56:24.742+0530] {dag.py:3089} INFO - Sync 1 DAGs
[2025-11-02T11:56:24.750+0530] {logging_mixin.py:188} INFO - [2025-11-02T11:56:24.750+0530] {dag.py:3947} INFO - Setting next_dagrun for example_time_delta_sensor_async to None, run_after=None
[2025-11-02T11:56:24.767+0530] {processor.py:183} INFO - Processing /home/logi/txtai/venv/lib/python3.10/site-packages/airflow/example_dags/example_time_delta_sensor_async.py took 0.068 seconds
[2025-11-02T11:57:16.164+0530] {processor.py:161} INFO - Started process (PID=15866) to work on /home/logi/txtai/venv/lib/python3.10/site-packages/airflow/example_dags/example_time_delta_sensor_async.py
[2025-11-02T11:57:16.177+0530] {processor.py:830} INFO - Processing file /home/logi/txtai/venv/lib/python3.10/site-packages/airflow/example_dags/example_time_delta_sensor_async.py for tasks to queue
[2025-11-02T11:57:16.180+0530] {logging_mixin.py:188} INFO - [2025-11-02T11:57:16.179+0530] {dagbag.py:545} INFO - Filling up the DagBag from /home/logi/txtai/venv/lib/python3.10/site-packages/airflow/example_dags/example_time_delta_sensor_async.py
[2025-11-02T11:57:16.188+0530] {processor.py:840} INFO - DAG(s) 'example_time_delta_sensor_async' retrieved from /home/logi/txtai/venv/lib/python3.10/site-packages/airflow/example_dags/example_time_delta_sensor_async.py
[2025-11-02T11:57:16.215+0530] {logging_mixin.py:188} INFO - [2025-11-02T11:57:16.215+0530] {dag.py:3089} INFO - Sync 1 DAGs
[2025-11-02T11:57:16.230+0530] {logging_mixin.py:188} INFO - [2025-11-02T11:57:16.230+0530] {dag.py:3947} INFO - Setting next_dagrun for example_time_delta_sensor_async to None, run_after=None
[2025-11-02T11:57:16.257+0530] {processor.py:183} INFO - Processing /home/logi/txtai/venv/lib/python3.10/site-packages/airflow/example_dags/example_time_delta_sensor_async.py took 0.105 seconds
[2025-11-02T11:58:07.634+0530] {processor.py:161} INFO - Started process (PID=15952) to work on /home/logi/txtai/venv/lib/python3.10/site-packages/airflow/example_dags/example_time_delta_sensor_async.py
[2025-11-02T11:58:07.648+0530] {processor.py:830} INFO - Processing file /home/logi/txtai/venv/lib/python3.10/site-packages/airflow/example_dags/example_time_delta_sensor_async.py for tasks to queue
[2025-11-02T11:58:07.651+0530] {logging_mixin.py:188} INFO - [2025-11-02T11:58:07.650+0530] {dagbag.py:545} INFO - Filling up the DagBag from /home/logi/txtai/venv/lib/python3.10/site-packages/airflow/example_dags/example_time_delta_sensor_async.py
[2025-11-02T11:58:07.660+0530] {processor.py:840} INFO - DAG(s) 'example_time_delta_sensor_async' retrieved from /home/logi/txtai/venv/lib/python3.10/site-packages/airflow/example_dags/example_time_delta_sensor_async.py
[2025-11-02T11:58:07.687+0530] {logging_mixin.py:188} INFO - [2025-11-02T11:58:07.686+0530] {dag.py:3089} INFO - Sync 1 DAGs
[2025-11-02T11:58:07.702+0530] {logging_mixin.py:188} INFO - [2025-11-02T11:58:07.702+0530] {dag.py:3947} INFO - Setting next_dagrun for example_time_delta_sensor_async to None, run_after=None
[2025-11-02T11:58:07.730+0530] {processor.py:183} INFO - Processing /home/logi/txtai/venv/lib/python3.10/site-packages/airflow/example_dags/example_time_delta_sensor_async.py took 0.107 seconds
[2025-11-02T11:58:57.665+0530] {processor.py:161} INFO - Started process (PID=16024) to work on /home/logi/txtai/venv/lib/python3.10/site-packages/airflow/example_dags/example_time_delta_sensor_async.py
[2025-11-02T11:58:57.678+0530] {processor.py:830} INFO - Processing file /home/logi/txtai/venv/lib/python3.10/site-packages/airflow/example_dags/example_time_delta_sensor_async.py for tasks to queue
[2025-11-02T11:58:57.681+0530] {logging_mixin.py:188} INFO - [2025-11-02T11:58:57.680+0530] {dagbag.py:545} INFO - Filling up the DagBag from /home/logi/txtai/venv/lib/python3.10/site-packages/airflow/example_dags/example_time_delta_sensor_async.py
[2025-11-02T11:58:57.689+0530] {processor.py:840} INFO - DAG(s) 'example_time_delta_sensor_async' retrieved from /home/logi/txtai/venv/lib/python3.10/site-packages/airflow/example_dags/example_time_delta_sensor_async.py
[2025-11-02T11:58:57.716+0530] {logging_mixin.py:188} INFO - [2025-11-02T11:58:57.715+0530] {dag.py:3089} INFO - Sync 1 DAGs
[2025-11-02T11:58:57.730+0530] {logging_mixin.py:188} INFO - [2025-11-02T11:58:57.730+0530] {dag.py:3947} INFO - Setting next_dagrun for example_time_delta_sensor_async to None, run_after=None
[2025-11-02T11:58:57.757+0530] {processor.py:183} INFO - Processing /home/logi/txtai/venv/lib/python3.10/site-packages/airflow/example_dags/example_time_delta_sensor_async.py took 0.103 seconds
[2025-11-02T11:59:51.096+0530] {processor.py:161} INFO - Started process (PID=16132) to work on /home/logi/txtai/venv/lib/python3.10/site-packages/airflow/example_dags/example_time_delta_sensor_async.py
[2025-11-02T11:59:51.109+0530] {processor.py:830} INFO - Processing file /home/logi/txtai/venv/lib/python3.10/site-packages/airflow/example_dags/example_time_delta_sensor_async.py for tasks to queue
[2025-11-02T11:59:51.113+0530] {logging_mixin.py:188} INFO - [2025-11-02T11:59:51.112+0530] {dagbag.py:545} INFO - Filling up the DagBag from /home/logi/txtai/venv/lib/python3.10/site-packages/airflow/example_dags/example_time_delta_sensor_async.py
[2025-11-02T11:59:51.121+0530] {processor.py:840} INFO - DAG(s) 'example_time_delta_sensor_async' retrieved from /home/logi/txtai/venv/lib/python3.10/site-packages/airflow/example_dags/example_time_delta_sensor_async.py
[2025-11-02T11:59:51.151+0530] {logging_mixin.py:188} INFO - [2025-11-02T11:59:51.150+0530] {dag.py:3089} INFO - Sync 1 DAGs
[2025-11-02T11:59:51.163+0530] {logging_mixin.py:188} INFO - [2025-11-02T11:59:51.163+0530] {dag.py:3947} INFO - Setting next_dagrun for example_time_delta_sensor_async to None, run_after=None
[2025-11-02T11:59:51.187+0530] {processor.py:183} INFO - Processing /home/logi/txtai/venv/lib/python3.10/site-packages/airflow/example_dags/example_time_delta_sensor_async.py took 0.102 seconds
[2025-11-02T12:00:43.405+0530] {processor.py:161} INFO - Started process (PID=16245) to work on /home/logi/txtai/venv/lib/python3.10/site-packages/airflow/example_dags/example_time_delta_sensor_async.py
[2025-11-02T12:00:43.419+0530] {processor.py:830} INFO - Processing file /home/logi/txtai/venv/lib/python3.10/site-packages/airflow/example_dags/example_time_delta_sensor_async.py for tasks to queue
[2025-11-02T12:00:43.422+0530] {logging_mixin.py:188} INFO - [2025-11-02T12:00:43.421+0530] {dagbag.py:545} INFO - Filling up the DagBag from /home/logi/txtai/venv/lib/python3.10/site-packages/airflow/example_dags/example_time_delta_sensor_async.py
[2025-11-02T12:00:43.430+0530] {processor.py:840} INFO - DAG(s) 'example_time_delta_sensor_async' retrieved from /home/logi/txtai/venv/lib/python3.10/site-packages/airflow/example_dags/example_time_delta_sensor_async.py
[2025-11-02T12:00:43.456+0530] {logging_mixin.py:188} INFO - [2025-11-02T12:00:43.456+0530] {dag.py:3089} INFO - Sync 1 DAGs
[2025-11-02T12:00:43.472+0530] {logging_mixin.py:188} INFO - [2025-11-02T12:00:43.472+0530] {dag.py:3947} INFO - Setting next_dagrun for example_time_delta_sensor_async to None, run_after=None
[2025-11-02T12:00:43.499+0530] {processor.py:183} INFO - Processing /home/logi/txtai/venv/lib/python3.10/site-packages/airflow/example_dags/example_time_delta_sensor_async.py took 0.105 seconds
[2025-11-02T12:01:38.740+0530] {processor.py:161} INFO - Started process (PID=16322) to work on /home/logi/txtai/venv/lib/python3.10/site-packages/airflow/example_dags/example_time_delta_sensor_async.py
[2025-11-02T12:01:38.742+0530] {processor.py:830} INFO - Processing file /home/logi/txtai/venv/lib/python3.10/site-packages/airflow/example_dags/example_time_delta_sensor_async.py for tasks to queue
[2025-11-02T12:01:38.745+0530] {logging_mixin.py:188} INFO - [2025-11-02T12:01:38.744+0530] {dagbag.py:545} INFO - Filling up the DagBag from /home/logi/txtai/venv/lib/python3.10/site-packages/airflow/example_dags/example_time_delta_sensor_async.py
[2025-11-02T12:01:38.754+0530] {processor.py:840} INFO - DAG(s) 'example_time_delta_sensor_async' retrieved from /home/logi/txtai/venv/lib/python3.10/site-packages/airflow/example_dags/example_time_delta_sensor_async.py
[2025-11-02T12:01:38.781+0530] {logging_mixin.py:188} INFO - [2025-11-02T12:01:38.781+0530] {dag.py:3089} INFO - Sync 1 DAGs
[2025-11-02T12:01:38.791+0530] {logging_mixin.py:188} INFO - [2025-11-02T12:01:38.791+0530] {dag.py:3947} INFO - Setting next_dagrun for example_time_delta_sensor_async to None, run_after=None
[2025-11-02T12:01:38.820+0530] {processor.py:183} INFO - Processing /home/logi/txtai/venv/lib/python3.10/site-packages/airflow/example_dags/example_time_delta_sensor_async.py took 0.092 seconds
[2025-11-02T12:02:26.780+0530] {processor.py:161} INFO - Started process (PID=16401) to work on /home/logi/txtai/venv/lib/python3.10/site-packages/airflow/example_dags/example_time_delta_sensor_async.py
[2025-11-02T12:02:26.793+0530] {processor.py:830} INFO - Processing file /home/logi/txtai/venv/lib/python3.10/site-packages/airflow/example_dags/example_time_delta_sensor_async.py for tasks to queue
[2025-11-02T12:02:26.796+0530] {logging_mixin.py:188} INFO - [2025-11-02T12:02:26.796+0530] {dagbag.py:545} INFO - Filling up the DagBag from /home/logi/txtai/venv/lib/python3.10/site-packages/airflow/example_dags/example_time_delta_sensor_async.py
[2025-11-02T12:02:26.805+0530] {processor.py:840} INFO - DAG(s) 'example_time_delta_sensor_async' retrieved from /home/logi/txtai/venv/lib/python3.10/site-packages/airflow/example_dags/example_time_delta_sensor_async.py
[2025-11-02T12:02:26.832+0530] {logging_mixin.py:188} INFO - [2025-11-02T12:02:26.832+0530] {dag.py:3089} INFO - Sync 1 DAGs
[2025-11-02T12:02:26.849+0530] {logging_mixin.py:188} INFO - [2025-11-02T12:02:26.849+0530] {dag.py:3947} INFO - Setting next_dagrun for example_time_delta_sensor_async to None, run_after=None
[2025-11-02T12:02:26.877+0530] {processor.py:183} INFO - Processing /home/logi/txtai/venv/lib/python3.10/site-packages/airflow/example_dags/example_time_delta_sensor_async.py took 0.109 seconds
[2025-11-02T12:03:16.447+0530] {processor.py:161} INFO - Started process (PID=16473) to work on /home/logi/txtai/venv/lib/python3.10/site-packages/airflow/example_dags/example_time_delta_sensor_async.py
[2025-11-02T12:03:16.461+0530] {processor.py:830} INFO - Processing file /home/logi/txtai/venv/lib/python3.10/site-packages/airflow/example_dags/example_time_delta_sensor_async.py for tasks to queue
[2025-11-02T12:03:16.464+0530] {logging_mixin.py:188} INFO - [2025-11-02T12:03:16.463+0530] {dagbag.py:545} INFO - Filling up the DagBag from /home/logi/txtai/venv/lib/python3.10/site-packages/airflow/example_dags/example_time_delta_sensor_async.py
[2025-11-02T12:03:16.472+0530] {processor.py:840} INFO - DAG(s) 'example_time_delta_sensor_async' retrieved from /home/logi/txtai/venv/lib/python3.10/site-packages/airflow/example_dags/example_time_delta_sensor_async.py
[2025-11-02T12:03:16.498+0530] {logging_mixin.py:188} INFO - [2025-11-02T12:03:16.498+0530] {dag.py:3089} INFO - Sync 1 DAGs
[2025-11-02T12:03:16.514+0530] {logging_mixin.py:188} INFO - [2025-11-02T12:03:16.514+0530] {dag.py:3947} INFO - Setting next_dagrun for example_time_delta_sensor_async to None, run_after=None
[2025-11-02T12:03:16.541+0530] {processor.py:183} INFO - Processing /home/logi/txtai/venv/lib/python3.10/site-packages/airflow/example_dags/example_time_delta_sensor_async.py took 0.106 seconds
[2025-11-02T12:04:07.289+0530] {processor.py:161} INFO - Started process (PID=16546) to work on /home/logi/txtai/venv/lib/python3.10/site-packages/airflow/example_dags/example_time_delta_sensor_async.py
[2025-11-02T12:04:07.302+0530] {processor.py:830} INFO - Processing file /home/logi/txtai/venv/lib/python3.10/site-packages/airflow/example_dags/example_time_delta_sensor_async.py for tasks to queue
[2025-11-02T12:04:07.305+0530] {logging_mixin.py:188} INFO - [2025-11-02T12:04:07.305+0530] {dagbag.py:545} INFO - Filling up the DagBag from /home/logi/txtai/venv/lib/python3.10/site-packages/airflow/example_dags/example_time_delta_sensor_async.py
[2025-11-02T12:04:07.315+0530] {processor.py:840} INFO - DAG(s) 'example_time_delta_sensor_async' retrieved from /home/logi/txtai/venv/lib/python3.10/site-packages/airflow/example_dags/example_time_delta_sensor_async.py
[2025-11-02T12:04:07.343+0530] {logging_mixin.py:188} INFO - [2025-11-02T12:04:07.342+0530] {dag.py:3089} INFO - Sync 1 DAGs
[2025-11-02T12:04:07.359+0530] {logging_mixin.py:188} INFO - [2025-11-02T12:04:07.358+0530] {dag.py:3947} INFO - Setting next_dagrun for example_time_delta_sensor_async to None, run_after=None
[2025-11-02T12:04:07.376+0530] {processor.py:183} INFO - Processing /home/logi/txtai/venv/lib/python3.10/site-packages/airflow/example_dags/example_time_delta_sensor_async.py took 0.101 seconds
[2025-11-02T12:05:04.394+0530] {processor.py:161} INFO - Started process (PID=16943) to work on /home/logi/txtai/venv/lib/python3.10/site-packages/airflow/example_dags/example_time_delta_sensor_async.py
[2025-11-02T12:05:04.396+0530] {processor.py:830} INFO - Processing file /home/logi/txtai/venv/lib/python3.10/site-packages/airflow/example_dags/example_time_delta_sensor_async.py for tasks to queue
[2025-11-02T12:05:04.399+0530] {logging_mixin.py:188} INFO - [2025-11-02T12:05:04.399+0530] {dagbag.py:545} INFO - Filling up the DagBag from /home/logi/txtai/venv/lib/python3.10/site-packages/airflow/example_dags/example_time_delta_sensor_async.py
[2025-11-02T12:05:04.408+0530] {processor.py:840} INFO - DAG(s) 'example_time_delta_sensor_async' retrieved from /home/logi/txtai/venv/lib/python3.10/site-packages/airflow/example_dags/example_time_delta_sensor_async.py
[2025-11-02T12:05:04.430+0530] {logging_mixin.py:188} INFO - [2025-11-02T12:05:04.430+0530] {dag.py:3089} INFO - Sync 1 DAGs
[2025-11-02T12:05:04.441+0530] {logging_mixin.py:188} INFO - [2025-11-02T12:05:04.440+0530] {dag.py:3947} INFO - Setting next_dagrun for example_time_delta_sensor_async to None, run_after=None
[2025-11-02T12:05:04.462+0530] {processor.py:183} INFO - Processing /home/logi/txtai/venv/lib/python3.10/site-packages/airflow/example_dags/example_time_delta_sensor_async.py took 0.079 seconds
[2025-11-02T12:05:57.897+0530] {processor.py:161} INFO - Started process (PID=17277) to work on /home/logi/txtai/venv/lib/python3.10/site-packages/airflow/example_dags/example_time_delta_sensor_async.py
[2025-11-02T12:05:57.911+0530] {processor.py:830} INFO - Processing file /home/logi/txtai/venv/lib/python3.10/site-packages/airflow/example_dags/example_time_delta_sensor_async.py for tasks to queue
[2025-11-02T12:05:57.914+0530] {logging_mixin.py:188} INFO - [2025-11-02T12:05:57.913+0530] {dagbag.py:545} INFO - Filling up the DagBag from /home/logi/txtai/venv/lib/python3.10/site-packages/airflow/example_dags/example_time_delta_sensor_async.py
[2025-11-02T12:05:57.914+0530] {processor.py:842} WARNING - No viable dags retrieved from /home/logi/txtai/venv/lib/python3.10/site-packages/airflow/example_dags/example_time_delta_sensor_async.py
[2025-11-02T12:05:57.926+0530] {processor.py:183} INFO - Processing /home/logi/txtai/venv/lib/python3.10/site-packages/airflow/example_dags/example_time_delta_sensor_async.py took 0.044 seconds
