[2025-11-02T10:30:27.141+0530] {processor.py:161} INFO - Started process (PID=5911) to work on /home/logi/txtai/venv/lib/python3.10/site-packages/airflow/example_dags/tutorial.py
[2025-11-02T10:30:27.143+0530] {processor.py:830} INFO - Processing file /home/logi/txtai/venv/lib/python3.10/site-packages/airflow/example_dags/tutorial.py for tasks to queue
[2025-11-02T10:30:27.150+0530] {logging_mixin.py:188} INFO - [2025-11-02T10:30:27.148+0530] {dagbag.py:545} INFO - Filling up the DagBag from /home/logi/txtai/venv/lib/python3.10/site-packages/airflow/example_dags/tutorial.py
[2025-11-02T10:30:27.186+0530] {processor.py:840} INFO - DAG(s) 'tutorial' retrieved from /home/logi/txtai/venv/lib/python3.10/site-packages/airflow/example_dags/tutorial.py
[2025-11-02T10:30:27.322+0530] {logging_mixin.py:188} INFO - [2025-11-02T10:30:27.320+0530] {dag.py:3089} INFO - Sync 1 DAGs
[2025-11-02T10:30:27.386+0530] {logging_mixin.py:188} INFO - [2025-11-02T10:30:27.386+0530] {dag.py:3947} INFO - Setting next_dagrun for tutorial to 2025-11-01 00:00:00+00:00, run_after=2025-11-02 00:00:00+00:00
[2025-11-02T10:30:27.422+0530] {processor.py:183} INFO - Processing /home/logi/txtai/venv/lib/python3.10/site-packages/airflow/example_dags/tutorial.py took 0.305 seconds
[2025-11-02T10:31:27.131+0530] {processor.py:161} INFO - Started process (PID=6092) to work on /home/logi/txtai/venv/lib/python3.10/site-packages/airflow/example_dags/tutorial.py
[2025-11-02T10:31:27.137+0530] {processor.py:830} INFO - Processing file /home/logi/txtai/venv/lib/python3.10/site-packages/airflow/example_dags/tutorial.py for tasks to queue
[2025-11-02T10:31:27.140+0530] {logging_mixin.py:188} INFO - [2025-11-02T10:31:27.140+0530] {dagbag.py:545} INFO - Filling up the DagBag from /home/logi/txtai/venv/lib/python3.10/site-packages/airflow/example_dags/tutorial.py
[2025-11-02T10:31:27.151+0530] {processor.py:840} INFO - DAG(s) 'tutorial' retrieved from /home/logi/txtai/venv/lib/python3.10/site-packages/airflow/example_dags/tutorial.py
[2025-11-02T10:31:27.175+0530] {logging_mixin.py:188} INFO - [2025-11-02T10:31:27.175+0530] {dag.py:3089} INFO - Sync 1 DAGs
[2025-11-02T10:31:27.192+0530] {logging_mixin.py:188} INFO - [2025-11-02T10:31:27.192+0530] {dag.py:3947} INFO - Setting next_dagrun for tutorial to 2025-11-01 00:00:00+00:00, run_after=2025-11-02 00:00:00+00:00
[2025-11-02T10:31:27.218+0530] {processor.py:183} INFO - Processing /home/logi/txtai/venv/lib/python3.10/site-packages/airflow/example_dags/tutorial.py took 0.098 seconds
[2025-11-02T10:32:21.189+0530] {processor.py:161} INFO - Started process (PID=6318) to work on /home/logi/txtai/venv/lib/python3.10/site-packages/airflow/example_dags/tutorial.py
[2025-11-02T10:32:21.202+0530] {processor.py:830} INFO - Processing file /home/logi/txtai/venv/lib/python3.10/site-packages/airflow/example_dags/tutorial.py for tasks to queue
[2025-11-02T10:32:21.205+0530] {logging_mixin.py:188} INFO - [2025-11-02T10:32:21.204+0530] {dagbag.py:545} INFO - Filling up the DagBag from /home/logi/txtai/venv/lib/python3.10/site-packages/airflow/example_dags/tutorial.py
[2025-11-02T10:32:21.215+0530] {processor.py:840} INFO - DAG(s) 'tutorial' retrieved from /home/logi/txtai/venv/lib/python3.10/site-packages/airflow/example_dags/tutorial.py
[2025-11-02T10:32:21.239+0530] {logging_mixin.py:188} INFO - [2025-11-02T10:32:21.239+0530] {dag.py:3089} INFO - Sync 1 DAGs
[2025-11-02T10:32:21.255+0530] {logging_mixin.py:188} INFO - [2025-11-02T10:32:21.255+0530] {dag.py:3947} INFO - Setting next_dagrun for tutorial to 2025-11-01 00:00:00+00:00, run_after=2025-11-02 00:00:00+00:00
[2025-11-02T10:32:21.282+0530] {processor.py:183} INFO - Processing /home/logi/txtai/venv/lib/python3.10/site-packages/airflow/example_dags/tutorial.py took 0.104 seconds
[2025-11-02T10:33:12.967+0530] {processor.py:161} INFO - Started process (PID=6399) to work on /home/logi/txtai/venv/lib/python3.10/site-packages/airflow/example_dags/tutorial.py
[2025-11-02T10:33:12.980+0530] {processor.py:830} INFO - Processing file /home/logi/txtai/venv/lib/python3.10/site-packages/airflow/example_dags/tutorial.py for tasks to queue
[2025-11-02T10:33:12.983+0530] {logging_mixin.py:188} INFO - [2025-11-02T10:33:12.983+0530] {dagbag.py:545} INFO - Filling up the DagBag from /home/logi/txtai/venv/lib/python3.10/site-packages/airflow/example_dags/tutorial.py
[2025-11-02T10:33:12.993+0530] {processor.py:840} INFO - DAG(s) 'tutorial' retrieved from /home/logi/txtai/venv/lib/python3.10/site-packages/airflow/example_dags/tutorial.py
[2025-11-02T10:33:13.020+0530] {logging_mixin.py:188} INFO - [2025-11-02T10:33:13.019+0530] {dag.py:3089} INFO - Sync 1 DAGs
[2025-11-02T10:33:13.038+0530] {logging_mixin.py:188} INFO - [2025-11-02T10:33:13.037+0530] {dag.py:3947} INFO - Setting next_dagrun for tutorial to 2025-11-01 00:00:00+00:00, run_after=2025-11-02 00:00:00+00:00
[2025-11-02T10:33:13.065+0530] {processor.py:183} INFO - Processing /home/logi/txtai/venv/lib/python3.10/site-packages/airflow/example_dags/tutorial.py took 0.109 seconds
[2025-11-02T10:34:05.959+0530] {processor.py:161} INFO - Started process (PID=6477) to work on /home/logi/txtai/venv/lib/python3.10/site-packages/airflow/example_dags/tutorial.py
[2025-11-02T10:34:05.973+0530] {processor.py:830} INFO - Processing file /home/logi/txtai/venv/lib/python3.10/site-packages/airflow/example_dags/tutorial.py for tasks to queue
[2025-11-02T10:34:05.976+0530] {logging_mixin.py:188} INFO - [2025-11-02T10:34:05.975+0530] {dagbag.py:545} INFO - Filling up the DagBag from /home/logi/txtai/venv/lib/python3.10/site-packages/airflow/example_dags/tutorial.py
[2025-11-02T10:34:05.987+0530] {processor.py:840} INFO - DAG(s) 'tutorial' retrieved from /home/logi/txtai/venv/lib/python3.10/site-packages/airflow/example_dags/tutorial.py
[2025-11-02T10:34:06.016+0530] {logging_mixin.py:188} INFO - [2025-11-02T10:34:06.016+0530] {dag.py:3089} INFO - Sync 1 DAGs
[2025-11-02T10:34:06.041+0530] {logging_mixin.py:188} INFO - [2025-11-02T10:34:06.040+0530] {dag.py:3947} INFO - Setting next_dagrun for tutorial to 2025-11-01 00:00:00+00:00, run_after=2025-11-02 00:00:00+00:00
[2025-11-02T10:34:06.093+0530] {processor.py:183} INFO - Processing /home/logi/txtai/venv/lib/python3.10/site-packages/airflow/example_dags/tutorial.py took 0.145 seconds
[2025-11-02T10:34:57.883+0530] {processor.py:161} INFO - Started process (PID=6643) to work on /home/logi/txtai/venv/lib/python3.10/site-packages/airflow/example_dags/tutorial.py
[2025-11-02T10:34:57.896+0530] {processor.py:830} INFO - Processing file /home/logi/txtai/venv/lib/python3.10/site-packages/airflow/example_dags/tutorial.py for tasks to queue
[2025-11-02T10:34:57.900+0530] {logging_mixin.py:188} INFO - [2025-11-02T10:34:57.899+0530] {dagbag.py:545} INFO - Filling up the DagBag from /home/logi/txtai/venv/lib/python3.10/site-packages/airflow/example_dags/tutorial.py
[2025-11-02T10:34:57.914+0530] {processor.py:840} INFO - DAG(s) 'tutorial' retrieved from /home/logi/txtai/venv/lib/python3.10/site-packages/airflow/example_dags/tutorial.py
[2025-11-02T10:34:57.947+0530] {logging_mixin.py:188} INFO - [2025-11-02T10:34:57.946+0530] {dag.py:3089} INFO - Sync 1 DAGs
[2025-11-02T10:34:57.969+0530] {logging_mixin.py:188} INFO - [2025-11-02T10:34:57.968+0530] {dag.py:3947} INFO - Setting next_dagrun for tutorial to 2025-11-01 00:00:00+00:00, run_after=2025-11-02 00:00:00+00:00
[2025-11-02T10:34:57.993+0530] {processor.py:183} INFO - Processing /home/logi/txtai/venv/lib/python3.10/site-packages/airflow/example_dags/tutorial.py took 0.123 seconds
[2025-11-02T10:35:50.806+0530] {processor.py:161} INFO - Started process (PID=6845) to work on /home/logi/txtai/venv/lib/python3.10/site-packages/airflow/example_dags/tutorial.py
[2025-11-02T10:35:50.809+0530] {processor.py:830} INFO - Processing file /home/logi/txtai/venv/lib/python3.10/site-packages/airflow/example_dags/tutorial.py for tasks to queue
[2025-11-02T10:35:50.812+0530] {logging_mixin.py:188} INFO - [2025-11-02T10:35:50.811+0530] {dagbag.py:545} INFO - Filling up the DagBag from /home/logi/txtai/venv/lib/python3.10/site-packages/airflow/example_dags/tutorial.py
[2025-11-02T10:35:50.822+0530] {processor.py:840} INFO - DAG(s) 'tutorial' retrieved from /home/logi/txtai/venv/lib/python3.10/site-packages/airflow/example_dags/tutorial.py
[2025-11-02T10:35:50.845+0530] {logging_mixin.py:188} INFO - [2025-11-02T10:35:50.845+0530] {dag.py:3089} INFO - Sync 1 DAGs
[2025-11-02T10:35:50.859+0530] {logging_mixin.py:188} INFO - [2025-11-02T10:35:50.859+0530] {dag.py:3947} INFO - Setting next_dagrun for tutorial to 2025-11-01 00:00:00+00:00, run_after=2025-11-02 00:00:00+00:00
[2025-11-02T10:35:50.876+0530] {processor.py:183} INFO - Processing /home/logi/txtai/venv/lib/python3.10/site-packages/airflow/example_dags/tutorial.py took 0.082 seconds
[2025-11-02T10:36:44.372+0530] {processor.py:161} INFO - Started process (PID=6927) to work on /home/logi/txtai/venv/lib/python3.10/site-packages/airflow/example_dags/tutorial.py
[2025-11-02T10:36:44.385+0530] {processor.py:830} INFO - Processing file /home/logi/txtai/venv/lib/python3.10/site-packages/airflow/example_dags/tutorial.py for tasks to queue
[2025-11-02T10:36:44.388+0530] {logging_mixin.py:188} INFO - [2025-11-02T10:36:44.388+0530] {dagbag.py:545} INFO - Filling up the DagBag from /home/logi/txtai/venv/lib/python3.10/site-packages/airflow/example_dags/tutorial.py
[2025-11-02T10:36:44.398+0530] {processor.py:840} INFO - DAG(s) 'tutorial' retrieved from /home/logi/txtai/venv/lib/python3.10/site-packages/airflow/example_dags/tutorial.py
[2025-11-02T10:36:44.423+0530] {logging_mixin.py:188} INFO - [2025-11-02T10:36:44.423+0530] {dag.py:3089} INFO - Sync 1 DAGs
[2025-11-02T10:36:44.446+0530] {logging_mixin.py:188} INFO - [2025-11-02T10:36:44.445+0530] {dag.py:3947} INFO - Setting next_dagrun for tutorial to 2025-11-01 00:00:00+00:00, run_after=2025-11-02 00:00:00+00:00
[2025-11-02T10:36:44.472+0530] {processor.py:183} INFO - Processing /home/logi/txtai/venv/lib/python3.10/site-packages/airflow/example_dags/tutorial.py took 0.110 seconds
[2025-11-02T10:37:33.892+0530] {processor.py:161} INFO - Started process (PID=7019) to work on /home/logi/txtai/venv/lib/python3.10/site-packages/airflow/example_dags/tutorial.py
[2025-11-02T10:37:33.906+0530] {processor.py:830} INFO - Processing file /home/logi/txtai/venv/lib/python3.10/site-packages/airflow/example_dags/tutorial.py for tasks to queue
[2025-11-02T10:37:33.909+0530] {logging_mixin.py:188} INFO - [2025-11-02T10:37:33.908+0530] {dagbag.py:545} INFO - Filling up the DagBag from /home/logi/txtai/venv/lib/python3.10/site-packages/airflow/example_dags/tutorial.py
[2025-11-02T10:37:33.922+0530] {processor.py:840} INFO - DAG(s) 'tutorial' retrieved from /home/logi/txtai/venv/lib/python3.10/site-packages/airflow/example_dags/tutorial.py
[2025-11-02T10:37:33.949+0530] {logging_mixin.py:188} INFO - [2025-11-02T10:37:33.948+0530] {dag.py:3089} INFO - Sync 1 DAGs
[2025-11-02T10:37:33.971+0530] {logging_mixin.py:188} INFO - [2025-11-02T10:37:33.970+0530] {dag.py:3947} INFO - Setting next_dagrun for tutorial to 2025-11-01 00:00:00+00:00, run_after=2025-11-02 00:00:00+00:00
[2025-11-02T10:37:33.996+0530] {processor.py:183} INFO - Processing /home/logi/txtai/venv/lib/python3.10/site-packages/airflow/example_dags/tutorial.py took 0.116 seconds
[2025-11-02T10:38:27.082+0530] {processor.py:161} INFO - Started process (PID=7094) to work on /home/logi/txtai/venv/lib/python3.10/site-packages/airflow/example_dags/tutorial.py
[2025-11-02T10:38:27.095+0530] {processor.py:830} INFO - Processing file /home/logi/txtai/venv/lib/python3.10/site-packages/airflow/example_dags/tutorial.py for tasks to queue
[2025-11-02T10:38:27.098+0530] {logging_mixin.py:188} INFO - [2025-11-02T10:38:27.098+0530] {dagbag.py:545} INFO - Filling up the DagBag from /home/logi/txtai/venv/lib/python3.10/site-packages/airflow/example_dags/tutorial.py
[2025-11-02T10:38:27.109+0530] {processor.py:840} INFO - DAG(s) 'tutorial' retrieved from /home/logi/txtai/venv/lib/python3.10/site-packages/airflow/example_dags/tutorial.py
[2025-11-02T10:38:27.137+0530] {logging_mixin.py:188} INFO - [2025-11-02T10:38:27.137+0530] {dag.py:3089} INFO - Sync 1 DAGs
[2025-11-02T10:38:27.157+0530] {logging_mixin.py:188} INFO - [2025-11-02T10:38:27.157+0530] {dag.py:3947} INFO - Setting next_dagrun for tutorial to 2025-11-01 00:00:00+00:00, run_after=2025-11-02 00:00:00+00:00
[2025-11-02T10:38:27.177+0530] {processor.py:183} INFO - Processing /home/logi/txtai/venv/lib/python3.10/site-packages/airflow/example_dags/tutorial.py took 0.106 seconds
[2025-11-02T10:39:20.398+0530] {processor.py:161} INFO - Started process (PID=7186) to work on /home/logi/txtai/venv/lib/python3.10/site-packages/airflow/example_dags/tutorial.py
[2025-11-02T10:39:20.410+0530] {processor.py:830} INFO - Processing file /home/logi/txtai/venv/lib/python3.10/site-packages/airflow/example_dags/tutorial.py for tasks to queue
[2025-11-02T10:39:20.413+0530] {logging_mixin.py:188} INFO - [2025-11-02T10:39:20.413+0530] {dagbag.py:545} INFO - Filling up the DagBag from /home/logi/txtai/venv/lib/python3.10/site-packages/airflow/example_dags/tutorial.py
[2025-11-02T10:39:20.419+0530] {processor.py:840} INFO - DAG(s) 'tutorial' retrieved from /home/logi/txtai/venv/lib/python3.10/site-packages/airflow/example_dags/tutorial.py
[2025-11-02T10:39:20.434+0530] {logging_mixin.py:188} INFO - [2025-11-02T10:39:20.433+0530] {dag.py:3089} INFO - Sync 1 DAGs
[2025-11-02T10:39:20.450+0530] {logging_mixin.py:188} INFO - [2025-11-02T10:39:20.450+0530] {dag.py:3947} INFO - Setting next_dagrun for tutorial to 2025-11-01 00:00:00+00:00, run_after=2025-11-02 00:00:00+00:00
[2025-11-02T10:39:20.470+0530] {processor.py:183} INFO - Processing /home/logi/txtai/venv/lib/python3.10/site-packages/airflow/example_dags/tutorial.py took 0.078 seconds
[2025-11-02T10:40:13.879+0530] {processor.py:161} INFO - Started process (PID=7311) to work on /home/logi/txtai/venv/lib/python3.10/site-packages/airflow/example_dags/tutorial.py
[2025-11-02T10:40:13.881+0530] {processor.py:830} INFO - Processing file /home/logi/txtai/venv/lib/python3.10/site-packages/airflow/example_dags/tutorial.py for tasks to queue
[2025-11-02T10:40:13.884+0530] {logging_mixin.py:188} INFO - [2025-11-02T10:40:13.883+0530] {dagbag.py:545} INFO - Filling up the DagBag from /home/logi/txtai/venv/lib/python3.10/site-packages/airflow/example_dags/tutorial.py
[2025-11-02T10:40:13.894+0530] {processor.py:840} INFO - DAG(s) 'tutorial' retrieved from /home/logi/txtai/venv/lib/python3.10/site-packages/airflow/example_dags/tutorial.py
[2025-11-02T10:40:13.919+0530] {logging_mixin.py:188} INFO - [2025-11-02T10:40:13.919+0530] {dag.py:3089} INFO - Sync 1 DAGs
[2025-11-02T10:40:13.935+0530] {logging_mixin.py:188} INFO - [2025-11-02T10:40:13.935+0530] {dag.py:3947} INFO - Setting next_dagrun for tutorial to 2025-11-01 00:00:00+00:00, run_after=2025-11-02 00:00:00+00:00
[2025-11-02T10:40:13.954+0530] {processor.py:183} INFO - Processing /home/logi/txtai/venv/lib/python3.10/site-packages/airflow/example_dags/tutorial.py took 0.088 seconds
[2025-11-02T10:41:10.656+0530] {processor.py:161} INFO - Started process (PID=7410) to work on /home/logi/txtai/venv/lib/python3.10/site-packages/airflow/example_dags/tutorial.py
[2025-11-02T10:41:10.669+0530] {processor.py:830} INFO - Processing file /home/logi/txtai/venv/lib/python3.10/site-packages/airflow/example_dags/tutorial.py for tasks to queue
[2025-11-02T10:41:10.672+0530] {logging_mixin.py:188} INFO - [2025-11-02T10:41:10.671+0530] {dagbag.py:545} INFO - Filling up the DagBag from /home/logi/txtai/venv/lib/python3.10/site-packages/airflow/example_dags/tutorial.py
[2025-11-02T10:41:10.677+0530] {processor.py:840} INFO - DAG(s) 'tutorial' retrieved from /home/logi/txtai/venv/lib/python3.10/site-packages/airflow/example_dags/tutorial.py
[2025-11-02T10:41:10.695+0530] {logging_mixin.py:188} INFO - [2025-11-02T10:41:10.694+0530] {dag.py:3089} INFO - Sync 1 DAGs
[2025-11-02T10:41:10.712+0530] {logging_mixin.py:188} INFO - [2025-11-02T10:41:10.712+0530] {dag.py:3947} INFO - Setting next_dagrun for tutorial to 2025-11-01 00:00:00+00:00, run_after=2025-11-02 00:00:00+00:00
[2025-11-02T10:41:10.732+0530] {processor.py:183} INFO - Processing /home/logi/txtai/venv/lib/python3.10/site-packages/airflow/example_dags/tutorial.py took 0.082 seconds
[2025-11-02T10:42:02.781+0530] {processor.py:161} INFO - Started process (PID=7485) to work on /home/logi/txtai/venv/lib/python3.10/site-packages/airflow/example_dags/tutorial.py
[2025-11-02T10:42:02.795+0530] {processor.py:830} INFO - Processing file /home/logi/txtai/venv/lib/python3.10/site-packages/airflow/example_dags/tutorial.py for tasks to queue
[2025-11-02T10:42:02.798+0530] {logging_mixin.py:188} INFO - [2025-11-02T10:42:02.797+0530] {dagbag.py:545} INFO - Filling up the DagBag from /home/logi/txtai/venv/lib/python3.10/site-packages/airflow/example_dags/tutorial.py
[2025-11-02T10:42:02.808+0530] {processor.py:840} INFO - DAG(s) 'tutorial' retrieved from /home/logi/txtai/venv/lib/python3.10/site-packages/airflow/example_dags/tutorial.py
[2025-11-02T10:42:02.834+0530] {logging_mixin.py:188} INFO - [2025-11-02T10:42:02.833+0530] {dag.py:3089} INFO - Sync 1 DAGs
[2025-11-02T10:42:02.855+0530] {logging_mixin.py:188} INFO - [2025-11-02T10:42:02.855+0530] {dag.py:3947} INFO - Setting next_dagrun for tutorial to 2025-11-01 00:00:00+00:00, run_after=2025-11-02 00:00:00+00:00
[2025-11-02T10:42:02.882+0530] {processor.py:183} INFO - Processing /home/logi/txtai/venv/lib/python3.10/site-packages/airflow/example_dags/tutorial.py took 0.113 seconds
[2025-11-02T10:42:53.900+0530] {processor.py:161} INFO - Started process (PID=7701) to work on /home/logi/txtai/venv/lib/python3.10/site-packages/airflow/example_dags/tutorial.py
[2025-11-02T10:42:53.906+0530] {processor.py:830} INFO - Processing file /home/logi/txtai/venv/lib/python3.10/site-packages/airflow/example_dags/tutorial.py for tasks to queue
[2025-11-02T10:42:53.909+0530] {logging_mixin.py:188} INFO - [2025-11-02T10:42:53.908+0530] {dagbag.py:545} INFO - Filling up the DagBag from /home/logi/txtai/venv/lib/python3.10/site-packages/airflow/example_dags/tutorial.py
[2025-11-02T10:42:53.920+0530] {processor.py:840} INFO - DAG(s) 'tutorial' retrieved from /home/logi/txtai/venv/lib/python3.10/site-packages/airflow/example_dags/tutorial.py
[2025-11-02T10:42:53.952+0530] {logging_mixin.py:188} INFO - [2025-11-02T10:42:53.952+0530] {dag.py:3089} INFO - Sync 1 DAGs
[2025-11-02T10:42:53.971+0530] {logging_mixin.py:188} INFO - [2025-11-02T10:42:53.971+0530] {dag.py:3947} INFO - Setting next_dagrun for tutorial to 2025-11-01 00:00:00+00:00, run_after=2025-11-02 00:00:00+00:00
[2025-11-02T10:42:54.000+0530] {processor.py:183} INFO - Processing /home/logi/txtai/venv/lib/python3.10/site-packages/airflow/example_dags/tutorial.py took 0.113 seconds
[2025-11-02T10:43:45.128+0530] {processor.py:161} INFO - Started process (PID=7787) to work on /home/logi/txtai/venv/lib/python3.10/site-packages/airflow/example_dags/tutorial.py
[2025-11-02T10:43:45.130+0530] {processor.py:830} INFO - Processing file /home/logi/txtai/venv/lib/python3.10/site-packages/airflow/example_dags/tutorial.py for tasks to queue
[2025-11-02T10:43:45.133+0530] {logging_mixin.py:188} INFO - [2025-11-02T10:43:45.133+0530] {dagbag.py:545} INFO - Filling up the DagBag from /home/logi/txtai/venv/lib/python3.10/site-packages/airflow/example_dags/tutorial.py
[2025-11-02T10:43:45.144+0530] {processor.py:840} INFO - DAG(s) 'tutorial' retrieved from /home/logi/txtai/venv/lib/python3.10/site-packages/airflow/example_dags/tutorial.py
[2025-11-02T10:43:45.170+0530] {logging_mixin.py:188} INFO - [2025-11-02T10:43:45.170+0530] {dag.py:3089} INFO - Sync 1 DAGs
[2025-11-02T10:43:45.190+0530] {logging_mixin.py:188} INFO - [2025-11-02T10:43:45.190+0530] {dag.py:3947} INFO - Setting next_dagrun for tutorial to 2025-11-01 00:00:00+00:00, run_after=2025-11-02 00:00:00+00:00
[2025-11-02T10:43:45.211+0530] {processor.py:183} INFO - Processing /home/logi/txtai/venv/lib/python3.10/site-packages/airflow/example_dags/tutorial.py took 0.094 seconds
[2025-11-02T10:44:36.215+0530] {processor.py:161} INFO - Started process (PID=7925) to work on /home/logi/txtai/venv/lib/python3.10/site-packages/airflow/example_dags/tutorial.py
[2025-11-02T10:44:36.228+0530] {processor.py:830} INFO - Processing file /home/logi/txtai/venv/lib/python3.10/site-packages/airflow/example_dags/tutorial.py for tasks to queue
[2025-11-02T10:44:36.231+0530] {logging_mixin.py:188} INFO - [2025-11-02T10:44:36.230+0530] {dagbag.py:545} INFO - Filling up the DagBag from /home/logi/txtai/venv/lib/python3.10/site-packages/airflow/example_dags/tutorial.py
[2025-11-02T10:44:36.242+0530] {processor.py:840} INFO - DAG(s) 'tutorial' retrieved from /home/logi/txtai/venv/lib/python3.10/site-packages/airflow/example_dags/tutorial.py
[2025-11-02T10:44:36.269+0530] {logging_mixin.py:188} INFO - [2025-11-02T10:44:36.268+0530] {dag.py:3089} INFO - Sync 1 DAGs
[2025-11-02T10:44:36.290+0530] {logging_mixin.py:188} INFO - [2025-11-02T10:44:36.290+0530] {dag.py:3947} INFO - Setting next_dagrun for tutorial to 2025-11-01 00:00:00+00:00, run_after=2025-11-02 00:00:00+00:00
[2025-11-02T10:44:36.316+0530] {processor.py:183} INFO - Processing /home/logi/txtai/venv/lib/python3.10/site-packages/airflow/example_dags/tutorial.py took 0.112 seconds
[2025-11-02T10:45:25.389+0530] {processor.py:161} INFO - Started process (PID=8030) to work on /home/logi/txtai/venv/lib/python3.10/site-packages/airflow/example_dags/tutorial.py
[2025-11-02T10:45:25.392+0530] {processor.py:830} INFO - Processing file /home/logi/txtai/venv/lib/python3.10/site-packages/airflow/example_dags/tutorial.py for tasks to queue
[2025-11-02T10:45:25.395+0530] {logging_mixin.py:188} INFO - [2025-11-02T10:45:25.394+0530] {dagbag.py:545} INFO - Filling up the DagBag from /home/logi/txtai/venv/lib/python3.10/site-packages/airflow/example_dags/tutorial.py
[2025-11-02T10:45:25.405+0530] {processor.py:840} INFO - DAG(s) 'tutorial' retrieved from /home/logi/txtai/venv/lib/python3.10/site-packages/airflow/example_dags/tutorial.py
[2025-11-02T10:45:25.430+0530] {logging_mixin.py:188} INFO - [2025-11-02T10:45:25.429+0530] {dag.py:3089} INFO - Sync 1 DAGs
[2025-11-02T10:45:25.447+0530] {logging_mixin.py:188} INFO - [2025-11-02T10:45:25.447+0530] {dag.py:3947} INFO - Setting next_dagrun for tutorial to 2025-11-01 00:00:00+00:00, run_after=2025-11-02 00:00:00+00:00
[2025-11-02T10:45:25.466+0530] {processor.py:183} INFO - Processing /home/logi/txtai/venv/lib/python3.10/site-packages/airflow/example_dags/tutorial.py took 0.088 seconds
[2025-11-02T10:46:17.517+0530] {processor.py:161} INFO - Started process (PID=8106) to work on /home/logi/txtai/venv/lib/python3.10/site-packages/airflow/example_dags/tutorial.py
[2025-11-02T10:46:17.530+0530] {processor.py:830} INFO - Processing file /home/logi/txtai/venv/lib/python3.10/site-packages/airflow/example_dags/tutorial.py for tasks to queue
[2025-11-02T10:46:17.534+0530] {logging_mixin.py:188} INFO - [2025-11-02T10:46:17.533+0530] {dagbag.py:545} INFO - Filling up the DagBag from /home/logi/txtai/venv/lib/python3.10/site-packages/airflow/example_dags/tutorial.py
[2025-11-02T10:46:17.545+0530] {processor.py:840} INFO - DAG(s) 'tutorial' retrieved from /home/logi/txtai/venv/lib/python3.10/site-packages/airflow/example_dags/tutorial.py
[2025-11-02T10:46:17.592+0530] {logging_mixin.py:188} INFO - [2025-11-02T10:46:17.591+0530] {dag.py:3089} INFO - Sync 1 DAGs
[2025-11-02T10:46:17.627+0530] {logging_mixin.py:188} INFO - [2025-11-02T10:46:17.626+0530] {dag.py:3947} INFO - Setting next_dagrun for tutorial to 2025-11-01 00:00:00+00:00, run_after=2025-11-02 00:00:00+00:00
[2025-11-02T10:46:17.647+0530] {processor.py:183} INFO - Processing /home/logi/txtai/venv/lib/python3.10/site-packages/airflow/example_dags/tutorial.py took 0.142 seconds
[2025-11-02T10:47:15.038+0530] {processor.py:161} INFO - Started process (PID=8189) to work on /home/logi/txtai/venv/lib/python3.10/site-packages/airflow/example_dags/tutorial.py
[2025-11-02T10:47:15.040+0530] {processor.py:830} INFO - Processing file /home/logi/txtai/venv/lib/python3.10/site-packages/airflow/example_dags/tutorial.py for tasks to queue
[2025-11-02T10:47:15.043+0530] {logging_mixin.py:188} INFO - [2025-11-02T10:47:15.042+0530] {dagbag.py:545} INFO - Filling up the DagBag from /home/logi/txtai/venv/lib/python3.10/site-packages/airflow/example_dags/tutorial.py
[2025-11-02T10:47:15.059+0530] {processor.py:840} INFO - DAG(s) 'tutorial' retrieved from /home/logi/txtai/venv/lib/python3.10/site-packages/airflow/example_dags/tutorial.py
[2025-11-02T10:47:15.084+0530] {logging_mixin.py:188} INFO - [2025-11-02T10:47:15.084+0530] {dag.py:3089} INFO - Sync 1 DAGs
[2025-11-02T10:47:15.104+0530] {logging_mixin.py:188} INFO - [2025-11-02T10:47:15.104+0530] {dag.py:3947} INFO - Setting next_dagrun for tutorial to 2025-11-01 00:00:00+00:00, run_after=2025-11-02 00:00:00+00:00
[2025-11-02T10:47:15.126+0530] {processor.py:183} INFO - Processing /home/logi/txtai/venv/lib/python3.10/site-packages/airflow/example_dags/tutorial.py took 0.101 seconds
[2025-11-02T10:48:10.051+0530] {processor.py:161} INFO - Started process (PID=8268) to work on /home/logi/txtai/venv/lib/python3.10/site-packages/airflow/example_dags/tutorial.py
[2025-11-02T10:48:10.053+0530] {processor.py:830} INFO - Processing file /home/logi/txtai/venv/lib/python3.10/site-packages/airflow/example_dags/tutorial.py for tasks to queue
[2025-11-02T10:48:10.056+0530] {logging_mixin.py:188} INFO - [2025-11-02T10:48:10.056+0530] {dagbag.py:545} INFO - Filling up the DagBag from /home/logi/txtai/venv/lib/python3.10/site-packages/airflow/example_dags/tutorial.py
[2025-11-02T10:48:10.067+0530] {processor.py:840} INFO - DAG(s) 'tutorial' retrieved from /home/logi/txtai/venv/lib/python3.10/site-packages/airflow/example_dags/tutorial.py
[2025-11-02T10:48:10.090+0530] {logging_mixin.py:188} INFO - [2025-11-02T10:48:10.089+0530] {dag.py:3089} INFO - Sync 1 DAGs
[2025-11-02T10:48:10.107+0530] {logging_mixin.py:188} INFO - [2025-11-02T10:48:10.107+0530] {dag.py:3947} INFO - Setting next_dagrun for tutorial to 2025-11-01 00:00:00+00:00, run_after=2025-11-02 00:00:00+00:00
[2025-11-02T10:48:10.128+0530] {processor.py:183} INFO - Processing /home/logi/txtai/venv/lib/python3.10/site-packages/airflow/example_dags/tutorial.py took 0.088 seconds
[2025-11-02T10:49:01.077+0530] {processor.py:161} INFO - Started process (PID=8345) to work on /home/logi/txtai/venv/lib/python3.10/site-packages/airflow/example_dags/tutorial.py
[2025-11-02T10:49:01.091+0530] {processor.py:830} INFO - Processing file /home/logi/txtai/venv/lib/python3.10/site-packages/airflow/example_dags/tutorial.py for tasks to queue
[2025-11-02T10:49:01.094+0530] {logging_mixin.py:188} INFO - [2025-11-02T10:49:01.093+0530] {dagbag.py:545} INFO - Filling up the DagBag from /home/logi/txtai/venv/lib/python3.10/site-packages/airflow/example_dags/tutorial.py
[2025-11-02T10:49:01.104+0530] {processor.py:840} INFO - DAG(s) 'tutorial' retrieved from /home/logi/txtai/venv/lib/python3.10/site-packages/airflow/example_dags/tutorial.py
[2025-11-02T10:49:01.131+0530] {logging_mixin.py:188} INFO - [2025-11-02T10:49:01.130+0530] {dag.py:3089} INFO - Sync 1 DAGs
[2025-11-02T10:49:01.151+0530] {logging_mixin.py:188} INFO - [2025-11-02T10:49:01.150+0530] {dag.py:3947} INFO - Setting next_dagrun for tutorial to 2025-11-01 00:00:00+00:00, run_after=2025-11-02 00:00:00+00:00
[2025-11-02T10:49:01.178+0530] {processor.py:183} INFO - Processing /home/logi/txtai/venv/lib/python3.10/site-packages/airflow/example_dags/tutorial.py took 0.112 seconds
[2025-11-02T10:49:52.887+0530] {processor.py:161} INFO - Started process (PID=8432) to work on /home/logi/txtai/venv/lib/python3.10/site-packages/airflow/example_dags/tutorial.py
[2025-11-02T10:49:52.900+0530] {processor.py:830} INFO - Processing file /home/logi/txtai/venv/lib/python3.10/site-packages/airflow/example_dags/tutorial.py for tasks to queue
[2025-11-02T10:49:52.902+0530] {logging_mixin.py:188} INFO - [2025-11-02T10:49:52.902+0530] {dagbag.py:545} INFO - Filling up the DagBag from /home/logi/txtai/venv/lib/python3.10/site-packages/airflow/example_dags/tutorial.py
[2025-11-02T10:49:52.908+0530] {processor.py:840} INFO - DAG(s) 'tutorial' retrieved from /home/logi/txtai/venv/lib/python3.10/site-packages/airflow/example_dags/tutorial.py
[2025-11-02T10:49:52.924+0530] {logging_mixin.py:188} INFO - [2025-11-02T10:49:52.923+0530] {dag.py:3089} INFO - Sync 1 DAGs
[2025-11-02T10:49:52.940+0530] {logging_mixin.py:188} INFO - [2025-11-02T10:49:52.939+0530] {dag.py:3947} INFO - Setting next_dagrun for tutorial to 2025-11-01 00:00:00+00:00, run_after=2025-11-02 00:00:00+00:00
[2025-11-02T10:49:52.959+0530] {processor.py:183} INFO - Processing /home/logi/txtai/venv/lib/python3.10/site-packages/airflow/example_dags/tutorial.py took 0.078 seconds
[2025-11-02T10:50:43.240+0530] {processor.py:161} INFO - Started process (PID=8539) to work on /home/logi/txtai/venv/lib/python3.10/site-packages/airflow/example_dags/tutorial.py
[2025-11-02T10:50:43.253+0530] {processor.py:830} INFO - Processing file /home/logi/txtai/venv/lib/python3.10/site-packages/airflow/example_dags/tutorial.py for tasks to queue
[2025-11-02T10:50:43.255+0530] {logging_mixin.py:188} INFO - [2025-11-02T10:50:43.255+0530] {dagbag.py:545} INFO - Filling up the DagBag from /home/logi/txtai/venv/lib/python3.10/site-packages/airflow/example_dags/tutorial.py
[2025-11-02T10:50:43.261+0530] {processor.py:840} INFO - DAG(s) 'tutorial' retrieved from /home/logi/txtai/venv/lib/python3.10/site-packages/airflow/example_dags/tutorial.py
[2025-11-02T10:50:43.276+0530] {logging_mixin.py:188} INFO - [2025-11-02T10:50:43.276+0530] {dag.py:3089} INFO - Sync 1 DAGs
[2025-11-02T10:50:43.293+0530] {logging_mixin.py:188} INFO - [2025-11-02T10:50:43.293+0530] {dag.py:3947} INFO - Setting next_dagrun for tutorial to 2025-11-01 00:00:00+00:00, run_after=2025-11-02 00:00:00+00:00
[2025-11-02T10:50:43.313+0530] {processor.py:183} INFO - Processing /home/logi/txtai/venv/lib/python3.10/site-packages/airflow/example_dags/tutorial.py took 0.079 seconds
[2025-11-02T10:51:35.910+0530] {processor.py:161} INFO - Started process (PID=8632) to work on /home/logi/txtai/venv/lib/python3.10/site-packages/airflow/example_dags/tutorial.py
[2025-11-02T10:51:35.923+0530] {processor.py:830} INFO - Processing file /home/logi/txtai/venv/lib/python3.10/site-packages/airflow/example_dags/tutorial.py for tasks to queue
[2025-11-02T10:51:35.927+0530] {logging_mixin.py:188} INFO - [2025-11-02T10:51:35.926+0530] {dagbag.py:545} INFO - Filling up the DagBag from /home/logi/txtai/venv/lib/python3.10/site-packages/airflow/example_dags/tutorial.py
[2025-11-02T10:51:35.935+0530] {processor.py:840} INFO - DAG(s) 'tutorial' retrieved from /home/logi/txtai/venv/lib/python3.10/site-packages/airflow/example_dags/tutorial.py
[2025-11-02T10:51:35.956+0530] {logging_mixin.py:188} INFO - [2025-11-02T10:51:35.956+0530] {dag.py:3089} INFO - Sync 1 DAGs
[2025-11-02T10:51:35.977+0530] {logging_mixin.py:188} INFO - [2025-11-02T10:51:35.976+0530] {dag.py:3947} INFO - Setting next_dagrun for tutorial to 2025-11-01 00:00:00+00:00, run_after=2025-11-02 00:00:00+00:00
[2025-11-02T10:51:36.004+0530] {processor.py:183} INFO - Processing /home/logi/txtai/venv/lib/python3.10/site-packages/airflow/example_dags/tutorial.py took 0.103 seconds
[2025-11-02T10:52:29.741+0530] {processor.py:161} INFO - Started process (PID=8745) to work on /home/logi/txtai/venv/lib/python3.10/site-packages/airflow/example_dags/tutorial.py
[2025-11-02T10:52:29.754+0530] {processor.py:830} INFO - Processing file /home/logi/txtai/venv/lib/python3.10/site-packages/airflow/example_dags/tutorial.py for tasks to queue
[2025-11-02T10:52:29.757+0530] {logging_mixin.py:188} INFO - [2025-11-02T10:52:29.756+0530] {dagbag.py:545} INFO - Filling up the DagBag from /home/logi/txtai/venv/lib/python3.10/site-packages/airflow/example_dags/tutorial.py
[2025-11-02T10:52:29.766+0530] {processor.py:840} INFO - DAG(s) 'tutorial' retrieved from /home/logi/txtai/venv/lib/python3.10/site-packages/airflow/example_dags/tutorial.py
[2025-11-02T10:52:29.792+0530] {logging_mixin.py:188} INFO - [2025-11-02T10:52:29.792+0530] {dag.py:3089} INFO - Sync 1 DAGs
[2025-11-02T10:52:29.814+0530] {logging_mixin.py:188} INFO - [2025-11-02T10:52:29.813+0530] {dag.py:3947} INFO - Setting next_dagrun for tutorial to 2025-11-01 00:00:00+00:00, run_after=2025-11-02 00:00:00+00:00
[2025-11-02T10:52:29.840+0530] {processor.py:183} INFO - Processing /home/logi/txtai/venv/lib/python3.10/site-packages/airflow/example_dags/tutorial.py took 0.110 seconds
[2025-11-02T10:53:17.394+0530] {processor.py:161} INFO - Started process (PID=8819) to work on /home/logi/txtai/venv/lib/python3.10/site-packages/airflow/example_dags/tutorial.py
[2025-11-02T10:53:17.408+0530] {processor.py:830} INFO - Processing file /home/logi/txtai/venv/lib/python3.10/site-packages/airflow/example_dags/tutorial.py for tasks to queue
[2025-11-02T10:53:17.411+0530] {logging_mixin.py:188} INFO - [2025-11-02T10:53:17.410+0530] {dagbag.py:545} INFO - Filling up the DagBag from /home/logi/txtai/venv/lib/python3.10/site-packages/airflow/example_dags/tutorial.py
[2025-11-02T10:53:17.419+0530] {processor.py:840} INFO - DAG(s) 'tutorial' retrieved from /home/logi/txtai/venv/lib/python3.10/site-packages/airflow/example_dags/tutorial.py
[2025-11-02T10:53:17.443+0530] {logging_mixin.py:188} INFO - [2025-11-02T10:53:17.443+0530] {dag.py:3089} INFO - Sync 1 DAGs
[2025-11-02T10:53:17.465+0530] {logging_mixin.py:188} INFO - [2025-11-02T10:53:17.465+0530] {dag.py:3947} INFO - Setting next_dagrun for tutorial to 2025-11-01 00:00:00+00:00, run_after=2025-11-02 00:00:00+00:00
[2025-11-02T10:53:17.488+0530] {processor.py:183} INFO - Processing /home/logi/txtai/venv/lib/python3.10/site-packages/airflow/example_dags/tutorial.py took 0.104 seconds
[2025-11-02T10:54:06.390+0530] {processor.py:161} INFO - Started process (PID=8891) to work on /home/logi/txtai/venv/lib/python3.10/site-packages/airflow/example_dags/tutorial.py
[2025-11-02T10:54:06.392+0530] {processor.py:830} INFO - Processing file /home/logi/txtai/venv/lib/python3.10/site-packages/airflow/example_dags/tutorial.py for tasks to queue
[2025-11-02T10:54:06.397+0530] {logging_mixin.py:188} INFO - [2025-11-02T10:54:06.395+0530] {dagbag.py:545} INFO - Filling up the DagBag from /home/logi/txtai/venv/lib/python3.10/site-packages/airflow/example_dags/tutorial.py
[2025-11-02T10:54:06.411+0530] {processor.py:840} INFO - DAG(s) 'tutorial' retrieved from /home/logi/txtai/venv/lib/python3.10/site-packages/airflow/example_dags/tutorial.py
[2025-11-02T10:54:06.436+0530] {logging_mixin.py:188} INFO - [2025-11-02T10:54:06.436+0530] {dag.py:3089} INFO - Sync 1 DAGs
[2025-11-02T10:54:06.454+0530] {logging_mixin.py:188} INFO - [2025-11-02T10:54:06.454+0530] {dag.py:3947} INFO - Setting next_dagrun for tutorial to 2025-11-01 00:00:00+00:00, run_after=2025-11-02 00:00:00+00:00
[2025-11-02T10:54:06.473+0530] {processor.py:183} INFO - Processing /home/logi/txtai/venv/lib/python3.10/site-packages/airflow/example_dags/tutorial.py took 0.099 seconds
[2025-11-02T10:54:55.018+0530] {processor.py:161} INFO - Started process (PID=9044) to work on /home/logi/txtai/venv/lib/python3.10/site-packages/airflow/example_dags/tutorial.py
[2025-11-02T10:54:55.019+0530] {processor.py:830} INFO - Processing file /home/logi/txtai/venv/lib/python3.10/site-packages/airflow/example_dags/tutorial.py for tasks to queue
[2025-11-02T10:54:55.022+0530] {logging_mixin.py:188} INFO - [2025-11-02T10:54:55.021+0530] {dagbag.py:545} INFO - Filling up the DagBag from /home/logi/txtai/venv/lib/python3.10/site-packages/airflow/example_dags/tutorial.py
[2025-11-02T10:54:55.033+0530] {processor.py:840} INFO - DAG(s) 'tutorial' retrieved from /home/logi/txtai/venv/lib/python3.10/site-packages/airflow/example_dags/tutorial.py
[2025-11-02T10:54:55.048+0530] {logging_mixin.py:188} INFO - [2025-11-02T10:54:55.047+0530] {dag.py:3089} INFO - Sync 1 DAGs
[2025-11-02T10:54:55.064+0530] {logging_mixin.py:188} INFO - [2025-11-02T10:54:55.064+0530] {dag.py:3947} INFO - Setting next_dagrun for tutorial to 2025-11-01 00:00:00+00:00, run_after=2025-11-02 00:00:00+00:00
[2025-11-02T10:54:55.086+0530] {processor.py:183} INFO - Processing /home/logi/txtai/venv/lib/python3.10/site-packages/airflow/example_dags/tutorial.py took 0.074 seconds
[2025-11-02T10:55:45.946+0530] {processor.py:161} INFO - Started process (PID=9160) to work on /home/logi/txtai/venv/lib/python3.10/site-packages/airflow/example_dags/tutorial.py
[2025-11-02T10:55:45.947+0530] {processor.py:830} INFO - Processing file /home/logi/txtai/venv/lib/python3.10/site-packages/airflow/example_dags/tutorial.py for tasks to queue
[2025-11-02T10:55:45.950+0530] {logging_mixin.py:188} INFO - [2025-11-02T10:55:45.949+0530] {dagbag.py:545} INFO - Filling up the DagBag from /home/logi/txtai/venv/lib/python3.10/site-packages/airflow/example_dags/tutorial.py
[2025-11-02T10:55:45.958+0530] {processor.py:840} INFO - DAG(s) 'tutorial' retrieved from /home/logi/txtai/venv/lib/python3.10/site-packages/airflow/example_dags/tutorial.py
[2025-11-02T10:55:45.976+0530] {logging_mixin.py:188} INFO - [2025-11-02T10:55:45.976+0530] {dag.py:3089} INFO - Sync 1 DAGs
[2025-11-02T10:55:45.997+0530] {logging_mixin.py:188} INFO - [2025-11-02T10:55:45.997+0530] {dag.py:3947} INFO - Setting next_dagrun for tutorial to 2025-11-01 00:00:00+00:00, run_after=2025-11-02 00:00:00+00:00
[2025-11-02T10:55:46.018+0530] {processor.py:183} INFO - Processing /home/logi/txtai/venv/lib/python3.10/site-packages/airflow/example_dags/tutorial.py took 0.081 seconds
[2025-11-02T10:56:38.809+0530] {processor.py:161} INFO - Started process (PID=9287) to work on /home/logi/txtai/venv/lib/python3.10/site-packages/airflow/example_dags/tutorial.py
[2025-11-02T10:56:38.823+0530] {processor.py:830} INFO - Processing file /home/logi/txtai/venv/lib/python3.10/site-packages/airflow/example_dags/tutorial.py for tasks to queue
[2025-11-02T10:56:38.827+0530] {logging_mixin.py:188} INFO - [2025-11-02T10:56:38.826+0530] {dagbag.py:545} INFO - Filling up the DagBag from /home/logi/txtai/venv/lib/python3.10/site-packages/airflow/example_dags/tutorial.py
[2025-11-02T10:56:38.840+0530] {processor.py:840} INFO - DAG(s) 'tutorial' retrieved from /home/logi/txtai/venv/lib/python3.10/site-packages/airflow/example_dags/tutorial.py
[2025-11-02T10:56:38.871+0530] {logging_mixin.py:188} INFO - [2025-11-02T10:56:38.870+0530] {dag.py:3089} INFO - Sync 1 DAGs
[2025-11-02T10:56:38.893+0530] {logging_mixin.py:188} INFO - [2025-11-02T10:56:38.893+0530] {dag.py:3947} INFO - Setting next_dagrun for tutorial to 2025-11-01 00:00:00+00:00, run_after=2025-11-02 00:00:00+00:00
[2025-11-02T10:56:38.923+0530] {processor.py:183} INFO - Processing /home/logi/txtai/venv/lib/python3.10/site-packages/airflow/example_dags/tutorial.py took 0.132 seconds
[2025-11-02T10:57:30.132+0530] {processor.py:161} INFO - Started process (PID=9416) to work on /home/logi/txtai/venv/lib/python3.10/site-packages/airflow/example_dags/tutorial.py
[2025-11-02T10:57:30.144+0530] {processor.py:830} INFO - Processing file /home/logi/txtai/venv/lib/python3.10/site-packages/airflow/example_dags/tutorial.py for tasks to queue
[2025-11-02T10:57:30.147+0530] {logging_mixin.py:188} INFO - [2025-11-02T10:57:30.146+0530] {dagbag.py:545} INFO - Filling up the DagBag from /home/logi/txtai/venv/lib/python3.10/site-packages/airflow/example_dags/tutorial.py
[2025-11-02T10:57:30.152+0530] {processor.py:840} INFO - DAG(s) 'tutorial' retrieved from /home/logi/txtai/venv/lib/python3.10/site-packages/airflow/example_dags/tutorial.py
[2025-11-02T10:57:30.164+0530] {logging_mixin.py:188} INFO - [2025-11-02T10:57:30.164+0530] {dag.py:3089} INFO - Sync 1 DAGs
[2025-11-02T10:57:30.179+0530] {logging_mixin.py:188} INFO - [2025-11-02T10:57:30.179+0530] {dag.py:3947} INFO - Setting next_dagrun for tutorial to 2025-11-01 00:00:00+00:00, run_after=2025-11-02 00:00:00+00:00
[2025-11-02T10:57:30.196+0530] {processor.py:183} INFO - Processing /home/logi/txtai/venv/lib/python3.10/site-packages/airflow/example_dags/tutorial.py took 0.070 seconds
[2025-11-02T10:58:18.179+0530] {processor.py:161} INFO - Started process (PID=9494) to work on /home/logi/txtai/venv/lib/python3.10/site-packages/airflow/example_dags/tutorial.py
[2025-11-02T10:58:18.194+0530] {processor.py:830} INFO - Processing file /home/logi/txtai/venv/lib/python3.10/site-packages/airflow/example_dags/tutorial.py for tasks to queue
[2025-11-02T10:58:18.197+0530] {logging_mixin.py:188} INFO - [2025-11-02T10:58:18.196+0530] {dagbag.py:545} INFO - Filling up the DagBag from /home/logi/txtai/venv/lib/python3.10/site-packages/airflow/example_dags/tutorial.py
[2025-11-02T10:58:18.209+0530] {processor.py:840} INFO - DAG(s) 'tutorial' retrieved from /home/logi/txtai/venv/lib/python3.10/site-packages/airflow/example_dags/tutorial.py
[2025-11-02T10:58:18.242+0530] {logging_mixin.py:188} INFO - [2025-11-02T10:58:18.241+0530] {dag.py:3089} INFO - Sync 1 DAGs
[2025-11-02T10:58:18.277+0530] {logging_mixin.py:188} INFO - [2025-11-02T10:58:18.277+0530] {dag.py:3947} INFO - Setting next_dagrun for tutorial to 2025-11-01 00:00:00+00:00, run_after=2025-11-02 00:00:00+00:00
[2025-11-02T10:58:18.305+0530] {processor.py:183} INFO - Processing /home/logi/txtai/venv/lib/python3.10/site-packages/airflow/example_dags/tutorial.py took 0.142 seconds
[2025-11-02T10:59:10.129+0530] {processor.py:161} INFO - Started process (PID=9603) to work on /home/logi/txtai/venv/lib/python3.10/site-packages/airflow/example_dags/tutorial.py
[2025-11-02T10:59:10.130+0530] {processor.py:830} INFO - Processing file /home/logi/txtai/venv/lib/python3.10/site-packages/airflow/example_dags/tutorial.py for tasks to queue
[2025-11-02T10:59:10.131+0530] {logging_mixin.py:188} INFO - [2025-11-02T10:59:10.131+0530] {dagbag.py:545} INFO - Filling up the DagBag from /home/logi/txtai/venv/lib/python3.10/site-packages/airflow/example_dags/tutorial.py
[2025-11-02T10:59:10.139+0530] {processor.py:840} INFO - DAG(s) 'tutorial' retrieved from /home/logi/txtai/venv/lib/python3.10/site-packages/airflow/example_dags/tutorial.py
[2025-11-02T10:59:10.156+0530] {logging_mixin.py:188} INFO - [2025-11-02T10:59:10.156+0530] {dag.py:3089} INFO - Sync 1 DAGs
[2025-11-02T10:59:10.171+0530] {logging_mixin.py:188} INFO - [2025-11-02T10:59:10.170+0530] {dag.py:3947} INFO - Setting next_dagrun for tutorial to 2025-11-01 00:00:00+00:00, run_after=2025-11-02 00:00:00+00:00
[2025-11-02T10:59:10.189+0530] {processor.py:183} INFO - Processing /home/logi/txtai/venv/lib/python3.10/site-packages/airflow/example_dags/tutorial.py took 0.068 seconds
[2025-11-02T10:59:58.719+0530] {processor.py:161} INFO - Started process (PID=9854) to work on /home/logi/txtai/venv/lib/python3.10/site-packages/airflow/example_dags/tutorial.py
[2025-11-02T10:59:58.732+0530] {processor.py:830} INFO - Processing file /home/logi/txtai/venv/lib/python3.10/site-packages/airflow/example_dags/tutorial.py for tasks to queue
[2025-11-02T10:59:58.735+0530] {logging_mixin.py:188} INFO - [2025-11-02T10:59:58.735+0530] {dagbag.py:545} INFO - Filling up the DagBag from /home/logi/txtai/venv/lib/python3.10/site-packages/airflow/example_dags/tutorial.py
[2025-11-02T10:59:58.744+0530] {processor.py:840} INFO - DAG(s) 'tutorial' retrieved from /home/logi/txtai/venv/lib/python3.10/site-packages/airflow/example_dags/tutorial.py
[2025-11-02T10:59:58.768+0530] {logging_mixin.py:188} INFO - [2025-11-02T10:59:58.767+0530] {dag.py:3089} INFO - Sync 1 DAGs
[2025-11-02T10:59:58.791+0530] {logging_mixin.py:188} INFO - [2025-11-02T10:59:58.790+0530] {dag.py:3947} INFO - Setting next_dagrun for tutorial to 2025-11-01 00:00:00+00:00, run_after=2025-11-02 00:00:00+00:00
[2025-11-02T10:59:58.815+0530] {processor.py:183} INFO - Processing /home/logi/txtai/venv/lib/python3.10/site-packages/airflow/example_dags/tutorial.py took 0.107 seconds
[2025-11-02T11:00:43.623+0530] {processor.py:161} INFO - Started process (PID=9970) to work on /home/logi/txtai/venv/lib/python3.10/site-packages/airflow/example_dags/tutorial.py
[2025-11-02T11:00:43.636+0530] {processor.py:830} INFO - Processing file /home/logi/txtai/venv/lib/python3.10/site-packages/airflow/example_dags/tutorial.py for tasks to queue
[2025-11-02T11:00:43.639+0530] {logging_mixin.py:188} INFO - [2025-11-02T11:00:43.638+0530] {dagbag.py:545} INFO - Filling up the DagBag from /home/logi/txtai/venv/lib/python3.10/site-packages/airflow/example_dags/tutorial.py
[2025-11-02T11:00:43.644+0530] {processor.py:840} INFO - DAG(s) 'tutorial' retrieved from /home/logi/txtai/venv/lib/python3.10/site-packages/airflow/example_dags/tutorial.py
[2025-11-02T11:00:43.657+0530] {logging_mixin.py:188} INFO - [2025-11-02T11:00:43.657+0530] {dag.py:3089} INFO - Sync 1 DAGs
[2025-11-02T11:00:43.671+0530] {logging_mixin.py:188} INFO - [2025-11-02T11:00:43.671+0530] {dag.py:3947} INFO - Setting next_dagrun for tutorial to 2025-11-01 00:00:00+00:00, run_after=2025-11-02 00:00:00+00:00
[2025-11-02T11:00:43.691+0530] {processor.py:183} INFO - Processing /home/logi/txtai/venv/lib/python3.10/site-packages/airflow/example_dags/tutorial.py took 0.073 seconds
[2025-11-02T11:01:29.197+0530] {processor.py:161} INFO - Started process (PID=10073) to work on /home/logi/txtai/venv/lib/python3.10/site-packages/airflow/example_dags/tutorial.py
[2025-11-02T11:01:29.209+0530] {processor.py:830} INFO - Processing file /home/logi/txtai/venv/lib/python3.10/site-packages/airflow/example_dags/tutorial.py for tasks to queue
[2025-11-02T11:01:29.211+0530] {logging_mixin.py:188} INFO - [2025-11-02T11:01:29.211+0530] {dagbag.py:545} INFO - Filling up the DagBag from /home/logi/txtai/venv/lib/python3.10/site-packages/airflow/example_dags/tutorial.py
[2025-11-02T11:01:29.216+0530] {processor.py:840} INFO - DAG(s) 'tutorial' retrieved from /home/logi/txtai/venv/lib/python3.10/site-packages/airflow/example_dags/tutorial.py
[2025-11-02T11:01:29.235+0530] {logging_mixin.py:188} INFO - [2025-11-02T11:01:29.234+0530] {dag.py:3089} INFO - Sync 1 DAGs
[2025-11-02T11:01:29.252+0530] {logging_mixin.py:188} INFO - [2025-11-02T11:01:29.251+0530] {dag.py:3947} INFO - Setting next_dagrun for tutorial to 2025-11-01 00:00:00+00:00, run_after=2025-11-02 00:00:00+00:00
[2025-11-02T11:01:29.272+0530] {processor.py:183} INFO - Processing /home/logi/txtai/venv/lib/python3.10/site-packages/airflow/example_dags/tutorial.py took 0.081 seconds
[2025-11-02T11:02:17.754+0530] {processor.py:161} INFO - Started process (PID=10181) to work on /home/logi/txtai/venv/lib/python3.10/site-packages/airflow/example_dags/tutorial.py
[2025-11-02T11:02:17.769+0530] {processor.py:830} INFO - Processing file /home/logi/txtai/venv/lib/python3.10/site-packages/airflow/example_dags/tutorial.py for tasks to queue
[2025-11-02T11:02:17.771+0530] {logging_mixin.py:188} INFO - [2025-11-02T11:02:17.770+0530] {dagbag.py:545} INFO - Filling up the DagBag from /home/logi/txtai/venv/lib/python3.10/site-packages/airflow/example_dags/tutorial.py
[2025-11-02T11:02:17.785+0530] {processor.py:840} INFO - DAG(s) 'tutorial' retrieved from /home/logi/txtai/venv/lib/python3.10/site-packages/airflow/example_dags/tutorial.py
[2025-11-02T11:02:17.806+0530] {logging_mixin.py:188} INFO - [2025-11-02T11:02:17.805+0530] {dag.py:3089} INFO - Sync 1 DAGs
[2025-11-02T11:02:17.831+0530] {logging_mixin.py:188} INFO - [2025-11-02T11:02:17.830+0530] {dag.py:3947} INFO - Setting next_dagrun for tutorial to 2025-11-01 00:00:00+00:00, run_after=2025-11-02 00:00:00+00:00
[2025-11-02T11:02:17.866+0530] {processor.py:183} INFO - Processing /home/logi/txtai/venv/lib/python3.10/site-packages/airflow/example_dags/tutorial.py took 0.125 seconds
[2025-11-02T11:03:09.648+0530] {processor.py:161} INFO - Started process (PID=10282) to work on /home/logi/txtai/venv/lib/python3.10/site-packages/airflow/example_dags/tutorial.py
[2025-11-02T11:03:09.650+0530] {processor.py:830} INFO - Processing file /home/logi/txtai/venv/lib/python3.10/site-packages/airflow/example_dags/tutorial.py for tasks to queue
[2025-11-02T11:03:09.654+0530] {logging_mixin.py:188} INFO - [2025-11-02T11:03:09.653+0530] {dagbag.py:545} INFO - Filling up the DagBag from /home/logi/txtai/venv/lib/python3.10/site-packages/airflow/example_dags/tutorial.py
[2025-11-02T11:03:09.665+0530] {processor.py:840} INFO - DAG(s) 'tutorial' retrieved from /home/logi/txtai/venv/lib/python3.10/site-packages/airflow/example_dags/tutorial.py
[2025-11-02T11:03:09.688+0530] {logging_mixin.py:188} INFO - [2025-11-02T11:03:09.688+0530] {dag.py:3089} INFO - Sync 1 DAGs
[2025-11-02T11:03:09.708+0530] {logging_mixin.py:188} INFO - [2025-11-02T11:03:09.708+0530] {dag.py:3947} INFO - Setting next_dagrun for tutorial to 2025-11-01 00:00:00+00:00, run_after=2025-11-02 00:00:00+00:00
[2025-11-02T11:03:09.730+0530] {processor.py:183} INFO - Processing /home/logi/txtai/venv/lib/python3.10/site-packages/airflow/example_dags/tutorial.py took 0.092 seconds
[2025-11-02T11:04:05.109+0530] {processor.py:161} INFO - Started process (PID=10361) to work on /home/logi/txtai/venv/lib/python3.10/site-packages/airflow/example_dags/tutorial.py
[2025-11-02T11:04:05.123+0530] {processor.py:830} INFO - Processing file /home/logi/txtai/venv/lib/python3.10/site-packages/airflow/example_dags/tutorial.py for tasks to queue
[2025-11-02T11:04:05.125+0530] {logging_mixin.py:188} INFO - [2025-11-02T11:04:05.125+0530] {dagbag.py:545} INFO - Filling up the DagBag from /home/logi/txtai/venv/lib/python3.10/site-packages/airflow/example_dags/tutorial.py
[2025-11-02T11:04:05.135+0530] {processor.py:840} INFO - DAG(s) 'tutorial' retrieved from /home/logi/txtai/venv/lib/python3.10/site-packages/airflow/example_dags/tutorial.py
[2025-11-02T11:04:05.160+0530] {logging_mixin.py:188} INFO - [2025-11-02T11:04:05.160+0530] {dag.py:3089} INFO - Sync 1 DAGs
[2025-11-02T11:04:05.182+0530] {logging_mixin.py:188} INFO - [2025-11-02T11:04:05.182+0530] {dag.py:3947} INFO - Setting next_dagrun for tutorial to 2025-11-01 00:00:00+00:00, run_after=2025-11-02 00:00:00+00:00
[2025-11-02T11:04:05.208+0530] {processor.py:183} INFO - Processing /home/logi/txtai/venv/lib/python3.10/site-packages/airflow/example_dags/tutorial.py took 0.109 seconds
[2025-11-02T11:04:52.924+0530] {processor.py:161} INFO - Started process (PID=10462) to work on /home/logi/txtai/venv/lib/python3.10/site-packages/airflow/example_dags/tutorial.py
[2025-11-02T11:04:52.937+0530] {processor.py:830} INFO - Processing file /home/logi/txtai/venv/lib/python3.10/site-packages/airflow/example_dags/tutorial.py for tasks to queue
[2025-11-02T11:04:52.939+0530] {logging_mixin.py:188} INFO - [2025-11-02T11:04:52.938+0530] {dagbag.py:545} INFO - Filling up the DagBag from /home/logi/txtai/venv/lib/python3.10/site-packages/airflow/example_dags/tutorial.py
[2025-11-02T11:04:52.944+0530] {processor.py:840} INFO - DAG(s) 'tutorial' retrieved from /home/logi/txtai/venv/lib/python3.10/site-packages/airflow/example_dags/tutorial.py
[2025-11-02T11:04:52.965+0530] {logging_mixin.py:188} INFO - [2025-11-02T11:04:52.965+0530] {dag.py:3089} INFO - Sync 1 DAGs
[2025-11-02T11:04:52.982+0530] {logging_mixin.py:188} INFO - [2025-11-02T11:04:52.982+0530] {dag.py:3947} INFO - Setting next_dagrun for tutorial to 2025-11-01 00:00:00+00:00, run_after=2025-11-02 00:00:00+00:00
[2025-11-02T11:04:53.001+0530] {processor.py:183} INFO - Processing /home/logi/txtai/venv/lib/python3.10/site-packages/airflow/example_dags/tutorial.py took 0.083 seconds
[2025-11-02T11:05:43.770+0530] {processor.py:161} INFO - Started process (PID=10572) to work on /home/logi/txtai/venv/lib/python3.10/site-packages/airflow/example_dags/tutorial.py
[2025-11-02T11:05:43.771+0530] {processor.py:830} INFO - Processing file /home/logi/txtai/venv/lib/python3.10/site-packages/airflow/example_dags/tutorial.py for tasks to queue
[2025-11-02T11:05:43.773+0530] {logging_mixin.py:188} INFO - [2025-11-02T11:05:43.772+0530] {dagbag.py:545} INFO - Filling up the DagBag from /home/logi/txtai/venv/lib/python3.10/site-packages/airflow/example_dags/tutorial.py
[2025-11-02T11:05:43.778+0530] {processor.py:840} INFO - DAG(s) 'tutorial' retrieved from /home/logi/txtai/venv/lib/python3.10/site-packages/airflow/example_dags/tutorial.py
[2025-11-02T11:05:43.793+0530] {logging_mixin.py:188} INFO - [2025-11-02T11:05:43.793+0530] {dag.py:3089} INFO - Sync 1 DAGs
[2025-11-02T11:05:43.808+0530] {logging_mixin.py:188} INFO - [2025-11-02T11:05:43.808+0530] {dag.py:3947} INFO - Setting next_dagrun for tutorial to 2025-11-01 00:00:00+00:00, run_after=2025-11-02 00:00:00+00:00
[2025-11-02T11:05:43.827+0530] {processor.py:183} INFO - Processing /home/logi/txtai/venv/lib/python3.10/site-packages/airflow/example_dags/tutorial.py took 0.063 seconds
[2025-11-02T11:06:32.743+0530] {processor.py:161} INFO - Started process (PID=10644) to work on /home/logi/txtai/venv/lib/python3.10/site-packages/airflow/example_dags/tutorial.py
[2025-11-02T11:06:32.756+0530] {processor.py:830} INFO - Processing file /home/logi/txtai/venv/lib/python3.10/site-packages/airflow/example_dags/tutorial.py for tasks to queue
[2025-11-02T11:06:32.759+0530] {logging_mixin.py:188} INFO - [2025-11-02T11:06:32.758+0530] {dagbag.py:545} INFO - Filling up the DagBag from /home/logi/txtai/venv/lib/python3.10/site-packages/airflow/example_dags/tutorial.py
[2025-11-02T11:06:32.767+0530] {processor.py:840} INFO - DAG(s) 'tutorial' retrieved from /home/logi/txtai/venv/lib/python3.10/site-packages/airflow/example_dags/tutorial.py
[2025-11-02T11:06:32.784+0530] {logging_mixin.py:188} INFO - [2025-11-02T11:06:32.784+0530] {dag.py:3089} INFO - Sync 1 DAGs
[2025-11-02T11:06:32.801+0530] {logging_mixin.py:188} INFO - [2025-11-02T11:06:32.801+0530] {dag.py:3947} INFO - Setting next_dagrun for tutorial to 2025-11-01 00:00:00+00:00, run_after=2025-11-02 00:00:00+00:00
[2025-11-02T11:06:32.821+0530] {processor.py:183} INFO - Processing /home/logi/txtai/venv/lib/python3.10/site-packages/airflow/example_dags/tutorial.py took 0.088 seconds
[2025-11-02T11:07:16.996+0530] {processor.py:161} INFO - Started process (PID=10715) to work on /home/logi/txtai/venv/lib/python3.10/site-packages/airflow/example_dags/tutorial.py
[2025-11-02T11:07:16.998+0530] {processor.py:830} INFO - Processing file /home/logi/txtai/venv/lib/python3.10/site-packages/airflow/example_dags/tutorial.py for tasks to queue
[2025-11-02T11:07:17.000+0530] {logging_mixin.py:188} INFO - [2025-11-02T11:07:16.999+0530] {dagbag.py:545} INFO - Filling up the DagBag from /home/logi/txtai/venv/lib/python3.10/site-packages/airflow/example_dags/tutorial.py
[2025-11-02T11:07:17.006+0530] {processor.py:840} INFO - DAG(s) 'tutorial' retrieved from /home/logi/txtai/venv/lib/python3.10/site-packages/airflow/example_dags/tutorial.py
[2025-11-02T11:07:17.022+0530] {logging_mixin.py:188} INFO - [2025-11-02T11:07:17.022+0530] {dag.py:3089} INFO - Sync 1 DAGs
[2025-11-02T11:07:17.037+0530] {logging_mixin.py:188} INFO - [2025-11-02T11:07:17.036+0530] {dag.py:3947} INFO - Setting next_dagrun for tutorial to 2025-11-01 00:00:00+00:00, run_after=2025-11-02 00:00:00+00:00
[2025-11-02T11:07:17.054+0530] {processor.py:183} INFO - Processing /home/logi/txtai/venv/lib/python3.10/site-packages/airflow/example_dags/tutorial.py took 0.063 seconds
[2025-11-02T11:08:01.969+0530] {processor.py:161} INFO - Started process (PID=10786) to work on /home/logi/txtai/venv/lib/python3.10/site-packages/airflow/example_dags/tutorial.py
[2025-11-02T11:08:01.972+0530] {processor.py:830} INFO - Processing file /home/logi/txtai/venv/lib/python3.10/site-packages/airflow/example_dags/tutorial.py for tasks to queue
[2025-11-02T11:08:01.975+0530] {logging_mixin.py:188} INFO - [2025-11-02T11:08:01.974+0530] {dagbag.py:545} INFO - Filling up the DagBag from /home/logi/txtai/venv/lib/python3.10/site-packages/airflow/example_dags/tutorial.py
[2025-11-02T11:08:01.990+0530] {processor.py:840} INFO - DAG(s) 'tutorial' retrieved from /home/logi/txtai/venv/lib/python3.10/site-packages/airflow/example_dags/tutorial.py
[2025-11-02T11:08:02.015+0530] {logging_mixin.py:188} INFO - [2025-11-02T11:08:02.014+0530] {dag.py:3089} INFO - Sync 1 DAGs
[2025-11-02T11:08:02.039+0530] {logging_mixin.py:188} INFO - [2025-11-02T11:08:02.039+0530] {dag.py:3947} INFO - Setting next_dagrun for tutorial to 2025-11-01 00:00:00+00:00, run_after=2025-11-02 00:00:00+00:00
[2025-11-02T11:08:02.068+0530] {processor.py:183} INFO - Processing /home/logi/txtai/venv/lib/python3.10/site-packages/airflow/example_dags/tutorial.py took 0.117 seconds
[2025-11-02T11:08:48.165+0530] {processor.py:161} INFO - Started process (PID=10858) to work on /home/logi/txtai/venv/lib/python3.10/site-packages/airflow/example_dags/tutorial.py
[2025-11-02T11:08:48.166+0530] {processor.py:830} INFO - Processing file /home/logi/txtai/venv/lib/python3.10/site-packages/airflow/example_dags/tutorial.py for tasks to queue
[2025-11-02T11:08:48.168+0530] {logging_mixin.py:188} INFO - [2025-11-02T11:08:48.167+0530] {dagbag.py:545} INFO - Filling up the DagBag from /home/logi/txtai/venv/lib/python3.10/site-packages/airflow/example_dags/tutorial.py
[2025-11-02T11:08:48.174+0530] {processor.py:840} INFO - DAG(s) 'tutorial' retrieved from /home/logi/txtai/venv/lib/python3.10/site-packages/airflow/example_dags/tutorial.py
[2025-11-02T11:08:48.190+0530] {logging_mixin.py:188} INFO - [2025-11-02T11:08:48.190+0530] {dag.py:3089} INFO - Sync 1 DAGs
[2025-11-02T11:08:48.206+0530] {logging_mixin.py:188} INFO - [2025-11-02T11:08:48.206+0530] {dag.py:3947} INFO - Setting next_dagrun for tutorial to 2025-11-01 00:00:00+00:00, run_after=2025-11-02 00:00:00+00:00
[2025-11-02T11:08:48.225+0530] {processor.py:183} INFO - Processing /home/logi/txtai/venv/lib/python3.10/site-packages/airflow/example_dags/tutorial.py took 0.066 seconds
[2025-11-02T11:09:36.301+0530] {processor.py:161} INFO - Started process (PID=10930) to work on /home/logi/txtai/venv/lib/python3.10/site-packages/airflow/example_dags/tutorial.py
[2025-11-02T11:09:36.313+0530] {processor.py:830} INFO - Processing file /home/logi/txtai/venv/lib/python3.10/site-packages/airflow/example_dags/tutorial.py for tasks to queue
[2025-11-02T11:09:36.315+0530] {logging_mixin.py:188} INFO - [2025-11-02T11:09:36.315+0530] {dagbag.py:545} INFO - Filling up the DagBag from /home/logi/txtai/venv/lib/python3.10/site-packages/airflow/example_dags/tutorial.py
[2025-11-02T11:09:36.322+0530] {processor.py:840} INFO - DAG(s) 'tutorial' retrieved from /home/logi/txtai/venv/lib/python3.10/site-packages/airflow/example_dags/tutorial.py
[2025-11-02T11:09:36.335+0530] {logging_mixin.py:188} INFO - [2025-11-02T11:09:36.335+0530] {dag.py:3089} INFO - Sync 1 DAGs
[2025-11-02T11:09:36.350+0530] {logging_mixin.py:188} INFO - [2025-11-02T11:09:36.350+0530] {dag.py:3947} INFO - Setting next_dagrun for tutorial to 2025-11-01 00:00:00+00:00, run_after=2025-11-02 00:00:00+00:00
[2025-11-02T11:09:36.367+0530] {processor.py:183} INFO - Processing /home/logi/txtai/venv/lib/python3.10/site-packages/airflow/example_dags/tutorial.py took 0.073 seconds
[2025-11-02T11:10:27.532+0530] {processor.py:161} INFO - Started process (PID=11034) to work on /home/logi/txtai/venv/lib/python3.10/site-packages/airflow/example_dags/tutorial.py
[2025-11-02T11:10:27.545+0530] {processor.py:830} INFO - Processing file /home/logi/txtai/venv/lib/python3.10/site-packages/airflow/example_dags/tutorial.py for tasks to queue
[2025-11-02T11:10:27.547+0530] {logging_mixin.py:188} INFO - [2025-11-02T11:10:27.547+0530] {dagbag.py:545} INFO - Filling up the DagBag from /home/logi/txtai/venv/lib/python3.10/site-packages/airflow/example_dags/tutorial.py
[2025-11-02T11:10:27.555+0530] {processor.py:840} INFO - DAG(s) 'tutorial' retrieved from /home/logi/txtai/venv/lib/python3.10/site-packages/airflow/example_dags/tutorial.py
[2025-11-02T11:10:27.573+0530] {logging_mixin.py:188} INFO - [2025-11-02T11:10:27.573+0530] {dag.py:3089} INFO - Sync 1 DAGs
[2025-11-02T11:10:27.591+0530] {logging_mixin.py:188} INFO - [2025-11-02T11:10:27.591+0530] {dag.py:3947} INFO - Setting next_dagrun for tutorial to 2025-11-01 00:00:00+00:00, run_after=2025-11-02 00:00:00+00:00
[2025-11-02T11:10:27.609+0530] {processor.py:183} INFO - Processing /home/logi/txtai/venv/lib/python3.10/site-packages/airflow/example_dags/tutorial.py took 0.086 seconds
[2025-11-02T11:11:17.214+0530] {processor.py:161} INFO - Started process (PID=11105) to work on /home/logi/txtai/venv/lib/python3.10/site-packages/airflow/example_dags/tutorial.py
[2025-11-02T11:11:17.228+0530] {processor.py:830} INFO - Processing file /home/logi/txtai/venv/lib/python3.10/site-packages/airflow/example_dags/tutorial.py for tasks to queue
[2025-11-02T11:11:17.230+0530] {logging_mixin.py:188} INFO - [2025-11-02T11:11:17.230+0530] {dagbag.py:545} INFO - Filling up the DagBag from /home/logi/txtai/venv/lib/python3.10/site-packages/airflow/example_dags/tutorial.py
[2025-11-02T11:11:17.240+0530] {processor.py:840} INFO - DAG(s) 'tutorial' retrieved from /home/logi/txtai/venv/lib/python3.10/site-packages/airflow/example_dags/tutorial.py
[2025-11-02T11:11:17.263+0530] {logging_mixin.py:188} INFO - [2025-11-02T11:11:17.263+0530] {dag.py:3089} INFO - Sync 1 DAGs
[2025-11-02T11:11:17.285+0530] {logging_mixin.py:188} INFO - [2025-11-02T11:11:17.285+0530] {dag.py:3947} INFO - Setting next_dagrun for tutorial to 2025-11-01 00:00:00+00:00, run_after=2025-11-02 00:00:00+00:00
[2025-11-02T11:11:17.309+0530] {processor.py:183} INFO - Processing /home/logi/txtai/venv/lib/python3.10/site-packages/airflow/example_dags/tutorial.py took 0.105 seconds
[2025-11-02T11:12:07.738+0530] {processor.py:161} INFO - Started process (PID=11179) to work on /home/logi/txtai/venv/lib/python3.10/site-packages/airflow/example_dags/tutorial.py
[2025-11-02T11:12:07.751+0530] {processor.py:830} INFO - Processing file /home/logi/txtai/venv/lib/python3.10/site-packages/airflow/example_dags/tutorial.py for tasks to queue
[2025-11-02T11:12:07.754+0530] {logging_mixin.py:188} INFO - [2025-11-02T11:12:07.753+0530] {dagbag.py:545} INFO - Filling up the DagBag from /home/logi/txtai/venv/lib/python3.10/site-packages/airflow/example_dags/tutorial.py
[2025-11-02T11:12:07.764+0530] {processor.py:840} INFO - DAG(s) 'tutorial' retrieved from /home/logi/txtai/venv/lib/python3.10/site-packages/airflow/example_dags/tutorial.py
[2025-11-02T11:12:07.788+0530] {logging_mixin.py:188} INFO - [2025-11-02T11:12:07.788+0530] {dag.py:3089} INFO - Sync 1 DAGs
[2025-11-02T11:12:07.811+0530] {logging_mixin.py:188} INFO - [2025-11-02T11:12:07.811+0530] {dag.py:3947} INFO - Setting next_dagrun for tutorial to 2025-11-01 00:00:00+00:00, run_after=2025-11-02 00:00:00+00:00
[2025-11-02T11:12:07.837+0530] {processor.py:183} INFO - Processing /home/logi/txtai/venv/lib/python3.10/site-packages/airflow/example_dags/tutorial.py took 0.109 seconds
[2025-11-02T11:12:51.906+0530] {processor.py:161} INFO - Started process (PID=11248) to work on /home/logi/txtai/venv/lib/python3.10/site-packages/airflow/example_dags/tutorial.py
[2025-11-02T11:12:51.919+0530] {processor.py:830} INFO - Processing file /home/logi/txtai/venv/lib/python3.10/site-packages/airflow/example_dags/tutorial.py for tasks to queue
[2025-11-02T11:12:51.921+0530] {logging_mixin.py:188} INFO - [2025-11-02T11:12:51.921+0530] {dagbag.py:545} INFO - Filling up the DagBag from /home/logi/txtai/venv/lib/python3.10/site-packages/airflow/example_dags/tutorial.py
[2025-11-02T11:12:51.926+0530] {processor.py:840} INFO - DAG(s) 'tutorial' retrieved from /home/logi/txtai/venv/lib/python3.10/site-packages/airflow/example_dags/tutorial.py
[2025-11-02T11:12:51.943+0530] {logging_mixin.py:188} INFO - [2025-11-02T11:12:51.943+0530] {dag.py:3089} INFO - Sync 1 DAGs
[2025-11-02T11:12:51.957+0530] {logging_mixin.py:188} INFO - [2025-11-02T11:12:51.957+0530] {dag.py:3947} INFO - Setting next_dagrun for tutorial to 2025-11-01 00:00:00+00:00, run_after=2025-11-02 00:00:00+00:00
[2025-11-02T11:12:51.976+0530] {processor.py:183} INFO - Processing /home/logi/txtai/venv/lib/python3.10/site-packages/airflow/example_dags/tutorial.py took 0.075 seconds
[2025-11-02T11:13:42.284+0530] {processor.py:161} INFO - Started process (PID=11391) to work on /home/logi/txtai/venv/lib/python3.10/site-packages/airflow/example_dags/tutorial.py
[2025-11-02T11:13:42.297+0530] {processor.py:830} INFO - Processing file /home/logi/txtai/venv/lib/python3.10/site-packages/airflow/example_dags/tutorial.py for tasks to queue
[2025-11-02T11:13:42.299+0530] {logging_mixin.py:188} INFO - [2025-11-02T11:13:42.298+0530] {dagbag.py:545} INFO - Filling up the DagBag from /home/logi/txtai/venv/lib/python3.10/site-packages/airflow/example_dags/tutorial.py
[2025-11-02T11:13:42.305+0530] {processor.py:840} INFO - DAG(s) 'tutorial' retrieved from /home/logi/txtai/venv/lib/python3.10/site-packages/airflow/example_dags/tutorial.py
[2025-11-02T11:13:42.322+0530] {logging_mixin.py:188} INFO - [2025-11-02T11:13:42.322+0530] {dag.py:3089} INFO - Sync 1 DAGs
[2025-11-02T11:13:42.337+0530] {logging_mixin.py:188} INFO - [2025-11-02T11:13:42.337+0530] {dag.py:3947} INFO - Setting next_dagrun for tutorial to 2025-11-01 00:00:00+00:00, run_after=2025-11-02 00:00:00+00:00
[2025-11-02T11:13:42.356+0530] {processor.py:183} INFO - Processing /home/logi/txtai/venv/lib/python3.10/site-packages/airflow/example_dags/tutorial.py took 0.081 seconds
[2025-11-02T11:14:33.096+0530] {processor.py:161} INFO - Started process (PID=11467) to work on /home/logi/txtai/venv/lib/python3.10/site-packages/airflow/example_dags/tutorial.py
[2025-11-02T11:14:33.110+0530] {processor.py:830} INFO - Processing file /home/logi/txtai/venv/lib/python3.10/site-packages/airflow/example_dags/tutorial.py for tasks to queue
[2025-11-02T11:14:33.112+0530] {logging_mixin.py:188} INFO - [2025-11-02T11:14:33.112+0530] {dagbag.py:545} INFO - Filling up the DagBag from /home/logi/txtai/venv/lib/python3.10/site-packages/airflow/example_dags/tutorial.py
[2025-11-02T11:14:33.122+0530] {processor.py:840} INFO - DAG(s) 'tutorial' retrieved from /home/logi/txtai/venv/lib/python3.10/site-packages/airflow/example_dags/tutorial.py
[2025-11-02T11:14:33.146+0530] {logging_mixin.py:188} INFO - [2025-11-02T11:14:33.146+0530] {dag.py:3089} INFO - Sync 1 DAGs
[2025-11-02T11:14:33.168+0530] {logging_mixin.py:188} INFO - [2025-11-02T11:14:33.168+0530] {dag.py:3947} INFO - Setting next_dagrun for tutorial to 2025-11-01 00:00:00+00:00, run_after=2025-11-02 00:00:00+00:00
[2025-11-02T11:14:33.194+0530] {processor.py:183} INFO - Processing /home/logi/txtai/venv/lib/python3.10/site-packages/airflow/example_dags/tutorial.py took 0.108 seconds
[2025-11-02T11:15:27.377+0530] {processor.py:161} INFO - Started process (PID=11674) to work on /home/logi/txtai/venv/lib/python3.10/site-packages/airflow/example_dags/tutorial.py
[2025-11-02T11:15:27.390+0530] {processor.py:830} INFO - Processing file /home/logi/txtai/venv/lib/python3.10/site-packages/airflow/example_dags/tutorial.py for tasks to queue
[2025-11-02T11:15:27.393+0530] {logging_mixin.py:188} INFO - [2025-11-02T11:15:27.392+0530] {dagbag.py:545} INFO - Filling up the DagBag from /home/logi/txtai/venv/lib/python3.10/site-packages/airflow/example_dags/tutorial.py
[2025-11-02T11:15:27.402+0530] {processor.py:840} INFO - DAG(s) 'tutorial' retrieved from /home/logi/txtai/venv/lib/python3.10/site-packages/airflow/example_dags/tutorial.py
[2025-11-02T11:15:27.428+0530] {logging_mixin.py:188} INFO - [2025-11-02T11:15:27.428+0530] {dag.py:3089} INFO - Sync 1 DAGs
[2025-11-02T11:15:27.449+0530] {logging_mixin.py:188} INFO - [2025-11-02T11:15:27.449+0530] {dag.py:3947} INFO - Setting next_dagrun for tutorial to 2025-11-01 00:00:00+00:00, run_after=2025-11-02 00:00:00+00:00
[2025-11-02T11:15:27.475+0530] {processor.py:183} INFO - Processing /home/logi/txtai/venv/lib/python3.10/site-packages/airflow/example_dags/tutorial.py took 0.109 seconds
[2025-11-02T11:16:20.552+0530] {processor.py:161} INFO - Started process (PID=11751) to work on /home/logi/txtai/venv/lib/python3.10/site-packages/airflow/example_dags/tutorial.py
[2025-11-02T11:16:20.564+0530] {processor.py:830} INFO - Processing file /home/logi/txtai/venv/lib/python3.10/site-packages/airflow/example_dags/tutorial.py for tasks to queue
[2025-11-02T11:16:20.567+0530] {logging_mixin.py:188} INFO - [2025-11-02T11:16:20.566+0530] {dagbag.py:545} INFO - Filling up the DagBag from /home/logi/txtai/venv/lib/python3.10/site-packages/airflow/example_dags/tutorial.py
[2025-11-02T11:16:20.575+0530] {processor.py:840} INFO - DAG(s) 'tutorial' retrieved from /home/logi/txtai/venv/lib/python3.10/site-packages/airflow/example_dags/tutorial.py
[2025-11-02T11:16:20.594+0530] {logging_mixin.py:188} INFO - [2025-11-02T11:16:20.594+0530] {dag.py:3089} INFO - Sync 1 DAGs
[2025-11-02T11:16:20.610+0530] {logging_mixin.py:188} INFO - [2025-11-02T11:16:20.609+0530] {dag.py:3947} INFO - Setting next_dagrun for tutorial to 2025-11-01 00:00:00+00:00, run_after=2025-11-02 00:00:00+00:00
[2025-11-02T11:16:20.628+0530] {processor.py:183} INFO - Processing /home/logi/txtai/venv/lib/python3.10/site-packages/airflow/example_dags/tutorial.py took 0.084 seconds
[2025-11-02T11:17:07.488+0530] {processor.py:161} INFO - Started process (PID=11824) to work on /home/logi/txtai/venv/lib/python3.10/site-packages/airflow/example_dags/tutorial.py
[2025-11-02T11:17:07.490+0530] {processor.py:830} INFO - Processing file /home/logi/txtai/venv/lib/python3.10/site-packages/airflow/example_dags/tutorial.py for tasks to queue
[2025-11-02T11:17:07.492+0530] {logging_mixin.py:188} INFO - [2025-11-02T11:17:07.492+0530] {dagbag.py:545} INFO - Filling up the DagBag from /home/logi/txtai/venv/lib/python3.10/site-packages/airflow/example_dags/tutorial.py
[2025-11-02T11:17:07.503+0530] {processor.py:840} INFO - DAG(s) 'tutorial' retrieved from /home/logi/txtai/venv/lib/python3.10/site-packages/airflow/example_dags/tutorial.py
[2025-11-02T11:17:07.518+0530] {logging_mixin.py:188} INFO - [2025-11-02T11:17:07.518+0530] {dag.py:3089} INFO - Sync 1 DAGs
[2025-11-02T11:17:07.534+0530] {logging_mixin.py:188} INFO - [2025-11-02T11:17:07.534+0530] {dag.py:3947} INFO - Setting next_dagrun for tutorial to 2025-11-01 00:00:00+00:00, run_after=2025-11-02 00:00:00+00:00
[2025-11-02T11:17:07.550+0530] {processor.py:183} INFO - Processing /home/logi/txtai/venv/lib/python3.10/site-packages/airflow/example_dags/tutorial.py took 0.067 seconds
[2025-11-02T11:17:55.044+0530] {processor.py:161} INFO - Started process (PID=11895) to work on /home/logi/txtai/venv/lib/python3.10/site-packages/airflow/example_dags/tutorial.py
[2025-11-02T11:17:55.056+0530] {processor.py:830} INFO - Processing file /home/logi/txtai/venv/lib/python3.10/site-packages/airflow/example_dags/tutorial.py for tasks to queue
[2025-11-02T11:17:55.058+0530] {logging_mixin.py:188} INFO - [2025-11-02T11:17:55.058+0530] {dagbag.py:545} INFO - Filling up the DagBag from /home/logi/txtai/venv/lib/python3.10/site-packages/airflow/example_dags/tutorial.py
[2025-11-02T11:17:55.067+0530] {processor.py:840} INFO - DAG(s) 'tutorial' retrieved from /home/logi/txtai/venv/lib/python3.10/site-packages/airflow/example_dags/tutorial.py
[2025-11-02T11:17:55.085+0530] {logging_mixin.py:188} INFO - [2025-11-02T11:17:55.085+0530] {dag.py:3089} INFO - Sync 1 DAGs
[2025-11-02T11:17:55.101+0530] {logging_mixin.py:188} INFO - [2025-11-02T11:17:55.101+0530] {dag.py:3947} INFO - Setting next_dagrun for tutorial to 2025-11-01 00:00:00+00:00, run_after=2025-11-02 00:00:00+00:00
[2025-11-02T11:17:55.124+0530] {processor.py:183} INFO - Processing /home/logi/txtai/venv/lib/python3.10/site-packages/airflow/example_dags/tutorial.py took 0.087 seconds
[2025-11-02T11:18:42.612+0530] {processor.py:161} INFO - Started process (PID=11970) to work on /home/logi/txtai/venv/lib/python3.10/site-packages/airflow/example_dags/tutorial.py
[2025-11-02T11:18:42.624+0530] {processor.py:830} INFO - Processing file /home/logi/txtai/venv/lib/python3.10/site-packages/airflow/example_dags/tutorial.py for tasks to queue
[2025-11-02T11:18:42.627+0530] {logging_mixin.py:188} INFO - [2025-11-02T11:18:42.626+0530] {dagbag.py:545} INFO - Filling up the DagBag from /home/logi/txtai/venv/lib/python3.10/site-packages/airflow/example_dags/tutorial.py
[2025-11-02T11:18:42.636+0530] {processor.py:840} INFO - DAG(s) 'tutorial' retrieved from /home/logi/txtai/venv/lib/python3.10/site-packages/airflow/example_dags/tutorial.py
[2025-11-02T11:18:42.661+0530] {logging_mixin.py:188} INFO - [2025-11-02T11:18:42.660+0530] {dag.py:3089} INFO - Sync 1 DAGs
[2025-11-02T11:18:42.682+0530] {logging_mixin.py:188} INFO - [2025-11-02T11:18:42.681+0530] {dag.py:3947} INFO - Setting next_dagrun for tutorial to 2025-11-01 00:00:00+00:00, run_after=2025-11-02 00:00:00+00:00
[2025-11-02T11:18:42.708+0530] {processor.py:183} INFO - Processing /home/logi/txtai/venv/lib/python3.10/site-packages/airflow/example_dags/tutorial.py took 0.106 seconds
[2025-11-02T11:19:30.233+0530] {processor.py:161} INFO - Started process (PID=12041) to work on /home/logi/txtai/venv/lib/python3.10/site-packages/airflow/example_dags/tutorial.py
[2025-11-02T11:19:30.247+0530] {processor.py:830} INFO - Processing file /home/logi/txtai/venv/lib/python3.10/site-packages/airflow/example_dags/tutorial.py for tasks to queue
[2025-11-02T11:19:30.249+0530] {logging_mixin.py:188} INFO - [2025-11-02T11:19:30.248+0530] {dagbag.py:545} INFO - Filling up the DagBag from /home/logi/txtai/venv/lib/python3.10/site-packages/airflow/example_dags/tutorial.py
[2025-11-02T11:19:30.259+0530] {processor.py:840} INFO - DAG(s) 'tutorial' retrieved from /home/logi/txtai/venv/lib/python3.10/site-packages/airflow/example_dags/tutorial.py
[2025-11-02T11:19:30.278+0530] {logging_mixin.py:188} INFO - [2025-11-02T11:19:30.278+0530] {dag.py:3089} INFO - Sync 1 DAGs
[2025-11-02T11:19:30.297+0530] {logging_mixin.py:188} INFO - [2025-11-02T11:19:30.297+0530] {dag.py:3947} INFO - Setting next_dagrun for tutorial to 2025-11-01 00:00:00+00:00, run_after=2025-11-02 00:00:00+00:00
[2025-11-02T11:19:30.320+0530] {processor.py:183} INFO - Processing /home/logi/txtai/venv/lib/python3.10/site-packages/airflow/example_dags/tutorial.py took 0.096 seconds
[2025-11-02T11:20:15.898+0530] {processor.py:161} INFO - Started process (PID=12137) to work on /home/logi/txtai/venv/lib/python3.10/site-packages/airflow/example_dags/tutorial.py
[2025-11-02T11:20:15.911+0530] {processor.py:830} INFO - Processing file /home/logi/txtai/venv/lib/python3.10/site-packages/airflow/example_dags/tutorial.py for tasks to queue
[2025-11-02T11:20:15.915+0530] {logging_mixin.py:188} INFO - [2025-11-02T11:20:15.914+0530] {dagbag.py:545} INFO - Filling up the DagBag from /home/logi/txtai/venv/lib/python3.10/site-packages/airflow/example_dags/tutorial.py
[2025-11-02T11:20:15.925+0530] {processor.py:840} INFO - DAG(s) 'tutorial' retrieved from /home/logi/txtai/venv/lib/python3.10/site-packages/airflow/example_dags/tutorial.py
[2025-11-02T11:20:15.949+0530] {logging_mixin.py:188} INFO - [2025-11-02T11:20:15.949+0530] {dag.py:3089} INFO - Sync 1 DAGs
[2025-11-02T11:20:15.969+0530] {logging_mixin.py:188} INFO - [2025-11-02T11:20:15.969+0530] {dag.py:3947} INFO - Setting next_dagrun for tutorial to 2025-11-01 00:00:00+00:00, run_after=2025-11-02 00:00:00+00:00
[2025-11-02T11:20:15.993+0530] {processor.py:183} INFO - Processing /home/logi/txtai/venv/lib/python3.10/site-packages/airflow/example_dags/tutorial.py took 0.105 seconds
[2025-11-02T11:21:03.316+0530] {processor.py:161} INFO - Started process (PID=12210) to work on /home/logi/txtai/venv/lib/python3.10/site-packages/airflow/example_dags/tutorial.py
[2025-11-02T11:21:03.329+0530] {processor.py:830} INFO - Processing file /home/logi/txtai/venv/lib/python3.10/site-packages/airflow/example_dags/tutorial.py for tasks to queue
[2025-11-02T11:21:03.331+0530] {logging_mixin.py:188} INFO - [2025-11-02T11:21:03.331+0530] {dagbag.py:545} INFO - Filling up the DagBag from /home/logi/txtai/venv/lib/python3.10/site-packages/airflow/example_dags/tutorial.py
[2025-11-02T11:21:03.336+0530] {processor.py:840} INFO - DAG(s) 'tutorial' retrieved from /home/logi/txtai/venv/lib/python3.10/site-packages/airflow/example_dags/tutorial.py
[2025-11-02T11:21:03.358+0530] {logging_mixin.py:188} INFO - [2025-11-02T11:21:03.358+0530] {dag.py:3089} INFO - Sync 1 DAGs
[2025-11-02T11:21:03.376+0530] {logging_mixin.py:188} INFO - [2025-11-02T11:21:03.376+0530] {dag.py:3947} INFO - Setting next_dagrun for tutorial to 2025-11-01 00:00:00+00:00, run_after=2025-11-02 00:00:00+00:00
[2025-11-02T11:21:03.396+0530] {processor.py:183} INFO - Processing /home/logi/txtai/venv/lib/python3.10/site-packages/airflow/example_dags/tutorial.py took 0.088 seconds
[2025-11-02T11:21:50.629+0530] {processor.py:161} INFO - Started process (PID=12281) to work on /home/logi/txtai/venv/lib/python3.10/site-packages/airflow/example_dags/tutorial.py
[2025-11-02T11:21:50.630+0530] {processor.py:830} INFO - Processing file /home/logi/txtai/venv/lib/python3.10/site-packages/airflow/example_dags/tutorial.py for tasks to queue
[2025-11-02T11:21:50.631+0530] {logging_mixin.py:188} INFO - [2025-11-02T11:21:50.631+0530] {dagbag.py:545} INFO - Filling up the DagBag from /home/logi/txtai/venv/lib/python3.10/site-packages/airflow/example_dags/tutorial.py
[2025-11-02T11:21:50.637+0530] {processor.py:840} INFO - DAG(s) 'tutorial' retrieved from /home/logi/txtai/venv/lib/python3.10/site-packages/airflow/example_dags/tutorial.py
[2025-11-02T11:21:50.651+0530] {logging_mixin.py:188} INFO - [2025-11-02T11:21:50.650+0530] {dag.py:3089} INFO - Sync 1 DAGs
[2025-11-02T11:21:50.667+0530] {logging_mixin.py:188} INFO - [2025-11-02T11:21:50.667+0530] {dag.py:3947} INFO - Setting next_dagrun for tutorial to 2025-11-01 00:00:00+00:00, run_after=2025-11-02 00:00:00+00:00
[2025-11-02T11:21:50.684+0530] {processor.py:183} INFO - Processing /home/logi/txtai/venv/lib/python3.10/site-packages/airflow/example_dags/tutorial.py took 0.061 seconds
[2025-11-02T11:22:37.234+0530] {processor.py:161} INFO - Started process (PID=12357) to work on /home/logi/txtai/venv/lib/python3.10/site-packages/airflow/example_dags/tutorial.py
[2025-11-02T11:22:37.247+0530] {processor.py:830} INFO - Processing file /home/logi/txtai/venv/lib/python3.10/site-packages/airflow/example_dags/tutorial.py for tasks to queue
[2025-11-02T11:22:37.253+0530] {logging_mixin.py:188} INFO - [2025-11-02T11:22:37.252+0530] {dagbag.py:545} INFO - Filling up the DagBag from /home/logi/txtai/venv/lib/python3.10/site-packages/airflow/example_dags/tutorial.py
[2025-11-02T11:22:37.263+0530] {processor.py:840} INFO - DAG(s) 'tutorial' retrieved from /home/logi/txtai/venv/lib/python3.10/site-packages/airflow/example_dags/tutorial.py
[2025-11-02T11:22:37.295+0530] {logging_mixin.py:188} INFO - [2025-11-02T11:22:37.294+0530] {dag.py:3089} INFO - Sync 1 DAGs
[2025-11-02T11:22:37.313+0530] {logging_mixin.py:188} INFO - [2025-11-02T11:22:37.313+0530] {dag.py:3947} INFO - Setting next_dagrun for tutorial to 2025-11-01 00:00:00+00:00, run_after=2025-11-02 00:00:00+00:00
[2025-11-02T11:22:37.336+0530] {processor.py:183} INFO - Processing /home/logi/txtai/venv/lib/python3.10/site-packages/airflow/example_dags/tutorial.py took 0.113 seconds
[2025-11-02T11:23:24.934+0530] {processor.py:161} INFO - Started process (PID=12432) to work on /home/logi/txtai/venv/lib/python3.10/site-packages/airflow/example_dags/tutorial.py
[2025-11-02T11:23:24.947+0530] {processor.py:830} INFO - Processing file /home/logi/txtai/venv/lib/python3.10/site-packages/airflow/example_dags/tutorial.py for tasks to queue
[2025-11-02T11:23:24.950+0530] {logging_mixin.py:188} INFO - [2025-11-02T11:23:24.950+0530] {dagbag.py:545} INFO - Filling up the DagBag from /home/logi/txtai/venv/lib/python3.10/site-packages/airflow/example_dags/tutorial.py
[2025-11-02T11:23:24.960+0530] {processor.py:840} INFO - DAG(s) 'tutorial' retrieved from /home/logi/txtai/venv/lib/python3.10/site-packages/airflow/example_dags/tutorial.py
[2025-11-02T11:23:24.984+0530] {logging_mixin.py:188} INFO - [2025-11-02T11:23:24.984+0530] {dag.py:3089} INFO - Sync 1 DAGs
[2025-11-02T11:23:25.005+0530] {logging_mixin.py:188} INFO - [2025-11-02T11:23:25.005+0530] {dag.py:3947} INFO - Setting next_dagrun for tutorial to 2025-11-01 00:00:00+00:00, run_after=2025-11-02 00:00:00+00:00
[2025-11-02T11:23:25.029+0530] {processor.py:183} INFO - Processing /home/logi/txtai/venv/lib/python3.10/site-packages/airflow/example_dags/tutorial.py took 0.106 seconds
[2025-11-02T11:24:10.231+0530] {processor.py:161} INFO - Started process (PID=12502) to work on /home/logi/txtai/venv/lib/python3.10/site-packages/airflow/example_dags/tutorial.py
[2025-11-02T11:24:10.244+0530] {processor.py:830} INFO - Processing file /home/logi/txtai/venv/lib/python3.10/site-packages/airflow/example_dags/tutorial.py for tasks to queue
[2025-11-02T11:24:10.247+0530] {logging_mixin.py:188} INFO - [2025-11-02T11:24:10.246+0530] {dagbag.py:545} INFO - Filling up the DagBag from /home/logi/txtai/venv/lib/python3.10/site-packages/airflow/example_dags/tutorial.py
[2025-11-02T11:24:10.256+0530] {processor.py:840} INFO - DAG(s) 'tutorial' retrieved from /home/logi/txtai/venv/lib/python3.10/site-packages/airflow/example_dags/tutorial.py
[2025-11-02T11:24:10.276+0530] {logging_mixin.py:188} INFO - [2025-11-02T11:24:10.276+0530] {dag.py:3089} INFO - Sync 1 DAGs
[2025-11-02T11:24:10.291+0530] {logging_mixin.py:188} INFO - [2025-11-02T11:24:10.291+0530] {dag.py:3947} INFO - Setting next_dagrun for tutorial to 2025-11-01 00:00:00+00:00, run_after=2025-11-02 00:00:00+00:00
[2025-11-02T11:24:10.308+0530] {processor.py:183} INFO - Processing /home/logi/txtai/venv/lib/python3.10/site-packages/airflow/example_dags/tutorial.py took 0.082 seconds
[2025-11-02T11:24:58.079+0530] {processor.py:161} INFO - Started process (PID=12572) to work on /home/logi/txtai/venv/lib/python3.10/site-packages/airflow/example_dags/tutorial.py
[2025-11-02T11:24:58.092+0530] {processor.py:830} INFO - Processing file /home/logi/txtai/venv/lib/python3.10/site-packages/airflow/example_dags/tutorial.py for tasks to queue
[2025-11-02T11:24:58.095+0530] {logging_mixin.py:188} INFO - [2025-11-02T11:24:58.095+0530] {dagbag.py:545} INFO - Filling up the DagBag from /home/logi/txtai/venv/lib/python3.10/site-packages/airflow/example_dags/tutorial.py
[2025-11-02T11:24:58.102+0530] {processor.py:840} INFO - DAG(s) 'tutorial' retrieved from /home/logi/txtai/venv/lib/python3.10/site-packages/airflow/example_dags/tutorial.py
[2025-11-02T11:24:58.117+0530] {logging_mixin.py:188} INFO - [2025-11-02T11:24:58.116+0530] {dag.py:3089} INFO - Sync 1 DAGs
[2025-11-02T11:24:58.132+0530] {logging_mixin.py:188} INFO - [2025-11-02T11:24:58.131+0530] {dag.py:3947} INFO - Setting next_dagrun for tutorial to 2025-11-01 00:00:00+00:00, run_after=2025-11-02 00:00:00+00:00
[2025-11-02T11:24:58.152+0530] {processor.py:183} INFO - Processing /home/logi/txtai/venv/lib/python3.10/site-packages/airflow/example_dags/tutorial.py took 0.078 seconds
[2025-11-02T11:25:47.231+0530] {processor.py:161} INFO - Started process (PID=12691) to work on /home/logi/txtai/venv/lib/python3.10/site-packages/airflow/example_dags/tutorial.py
[2025-11-02T11:25:47.245+0530] {processor.py:830} INFO - Processing file /home/logi/txtai/venv/lib/python3.10/site-packages/airflow/example_dags/tutorial.py for tasks to queue
[2025-11-02T11:25:47.247+0530] {logging_mixin.py:188} INFO - [2025-11-02T11:25:47.246+0530] {dagbag.py:545} INFO - Filling up the DagBag from /home/logi/txtai/venv/lib/python3.10/site-packages/airflow/example_dags/tutorial.py
[2025-11-02T11:25:47.252+0530] {processor.py:840} INFO - DAG(s) 'tutorial' retrieved from /home/logi/txtai/venv/lib/python3.10/site-packages/airflow/example_dags/tutorial.py
[2025-11-02T11:25:47.265+0530] {logging_mixin.py:188} INFO - [2025-11-02T11:25:47.265+0530] {dag.py:3089} INFO - Sync 1 DAGs
[2025-11-02T11:25:47.283+0530] {logging_mixin.py:188} INFO - [2025-11-02T11:25:47.282+0530] {dag.py:3947} INFO - Setting next_dagrun for tutorial to 2025-11-01 00:00:00+00:00, run_after=2025-11-02 00:00:00+00:00
[2025-11-02T11:25:47.302+0530] {processor.py:183} INFO - Processing /home/logi/txtai/venv/lib/python3.10/site-packages/airflow/example_dags/tutorial.py took 0.078 seconds
[2025-11-02T11:26:36.646+0530] {processor.py:161} INFO - Started process (PID=12765) to work on /home/logi/txtai/venv/lib/python3.10/site-packages/airflow/example_dags/tutorial.py
[2025-11-02T11:26:36.660+0530] {processor.py:830} INFO - Processing file /home/logi/txtai/venv/lib/python3.10/site-packages/airflow/example_dags/tutorial.py for tasks to queue
[2025-11-02T11:26:36.663+0530] {logging_mixin.py:188} INFO - [2025-11-02T11:26:36.662+0530] {dagbag.py:545} INFO - Filling up the DagBag from /home/logi/txtai/venv/lib/python3.10/site-packages/airflow/example_dags/tutorial.py
[2025-11-02T11:26:36.673+0530] {processor.py:840} INFO - DAG(s) 'tutorial' retrieved from /home/logi/txtai/venv/lib/python3.10/site-packages/airflow/example_dags/tutorial.py
[2025-11-02T11:26:36.700+0530] {logging_mixin.py:188} INFO - [2025-11-02T11:26:36.700+0530] {dag.py:3089} INFO - Sync 1 DAGs
[2025-11-02T11:26:36.724+0530] {logging_mixin.py:188} INFO - [2025-11-02T11:26:36.724+0530] {dag.py:3947} INFO - Setting next_dagrun for tutorial to 2025-11-01 00:00:00+00:00, run_after=2025-11-02 00:00:00+00:00
[2025-11-02T11:26:36.750+0530] {processor.py:183} INFO - Processing /home/logi/txtai/venv/lib/python3.10/site-packages/airflow/example_dags/tutorial.py took 0.115 seconds
[2025-11-02T11:27:23.585+0530] {processor.py:161} INFO - Started process (PID=12838) to work on /home/logi/txtai/venv/lib/python3.10/site-packages/airflow/example_dags/tutorial.py
[2025-11-02T11:27:23.598+0530] {processor.py:830} INFO - Processing file /home/logi/txtai/venv/lib/python3.10/site-packages/airflow/example_dags/tutorial.py for tasks to queue
[2025-11-02T11:27:23.601+0530] {logging_mixin.py:188} INFO - [2025-11-02T11:27:23.600+0530] {dagbag.py:545} INFO - Filling up the DagBag from /home/logi/txtai/venv/lib/python3.10/site-packages/airflow/example_dags/tutorial.py
[2025-11-02T11:27:23.611+0530] {processor.py:840} INFO - DAG(s) 'tutorial' retrieved from /home/logi/txtai/venv/lib/python3.10/site-packages/airflow/example_dags/tutorial.py
[2025-11-02T11:27:23.637+0530] {logging_mixin.py:188} INFO - [2025-11-02T11:27:23.637+0530] {dag.py:3089} INFO - Sync 1 DAGs
[2025-11-02T11:27:23.658+0530] {logging_mixin.py:188} INFO - [2025-11-02T11:27:23.658+0530] {dag.py:3947} INFO - Setting next_dagrun for tutorial to 2025-11-01 00:00:00+00:00, run_after=2025-11-02 00:00:00+00:00
[2025-11-02T11:27:23.681+0530] {processor.py:183} INFO - Processing /home/logi/txtai/venv/lib/python3.10/site-packages/airflow/example_dags/tutorial.py took 0.109 seconds
[2025-11-02T11:28:09.397+0530] {processor.py:161} INFO - Started process (PID=12911) to work on /home/logi/txtai/venv/lib/python3.10/site-packages/airflow/example_dags/tutorial.py
[2025-11-02T11:28:09.410+0530] {processor.py:830} INFO - Processing file /home/logi/txtai/venv/lib/python3.10/site-packages/airflow/example_dags/tutorial.py for tasks to queue
[2025-11-02T11:28:09.413+0530] {logging_mixin.py:188} INFO - [2025-11-02T11:28:09.412+0530] {dagbag.py:545} INFO - Filling up the DagBag from /home/logi/txtai/venv/lib/python3.10/site-packages/airflow/example_dags/tutorial.py
[2025-11-02T11:28:09.425+0530] {processor.py:840} INFO - DAG(s) 'tutorial' retrieved from /home/logi/txtai/venv/lib/python3.10/site-packages/airflow/example_dags/tutorial.py
[2025-11-02T11:28:09.450+0530] {logging_mixin.py:188} INFO - [2025-11-02T11:28:09.450+0530] {dag.py:3089} INFO - Sync 1 DAGs
[2025-11-02T11:28:09.474+0530] {logging_mixin.py:188} INFO - [2025-11-02T11:28:09.473+0530] {dag.py:3947} INFO - Setting next_dagrun for tutorial to 2025-11-01 00:00:00+00:00, run_after=2025-11-02 00:00:00+00:00
[2025-11-02T11:28:09.492+0530] {processor.py:183} INFO - Processing /home/logi/txtai/venv/lib/python3.10/site-packages/airflow/example_dags/tutorial.py took 0.106 seconds
[2025-11-02T11:28:58.897+0530] {processor.py:161} INFO - Started process (PID=12982) to work on /home/logi/txtai/venv/lib/python3.10/site-packages/airflow/example_dags/tutorial.py
[2025-11-02T11:28:58.910+0530] {processor.py:830} INFO - Processing file /home/logi/txtai/venv/lib/python3.10/site-packages/airflow/example_dags/tutorial.py for tasks to queue
[2025-11-02T11:28:58.912+0530] {logging_mixin.py:188} INFO - [2025-11-02T11:28:58.912+0530] {dagbag.py:545} INFO - Filling up the DagBag from /home/logi/txtai/venv/lib/python3.10/site-packages/airflow/example_dags/tutorial.py
[2025-11-02T11:28:58.919+0530] {processor.py:840} INFO - DAG(s) 'tutorial' retrieved from /home/logi/txtai/venv/lib/python3.10/site-packages/airflow/example_dags/tutorial.py
[2025-11-02T11:28:58.937+0530] {logging_mixin.py:188} INFO - [2025-11-02T11:28:58.937+0530] {dag.py:3089} INFO - Sync 1 DAGs
[2025-11-02T11:28:58.956+0530] {logging_mixin.py:188} INFO - [2025-11-02T11:28:58.956+0530] {dag.py:3947} INFO - Setting next_dagrun for tutorial to 2025-11-01 00:00:00+00:00, run_after=2025-11-02 00:00:00+00:00
[2025-11-02T11:28:58.974+0530] {processor.py:183} INFO - Processing /home/logi/txtai/venv/lib/python3.10/site-packages/airflow/example_dags/tutorial.py took 0.087 seconds
[2025-11-02T11:29:48.315+0530] {processor.py:161} INFO - Started process (PID=13054) to work on /home/logi/txtai/venv/lib/python3.10/site-packages/airflow/example_dags/tutorial.py
[2025-11-02T11:29:48.329+0530] {processor.py:830} INFO - Processing file /home/logi/txtai/venv/lib/python3.10/site-packages/airflow/example_dags/tutorial.py for tasks to queue
[2025-11-02T11:29:48.333+0530] {logging_mixin.py:188} INFO - [2025-11-02T11:29:48.332+0530] {dagbag.py:545} INFO - Filling up the DagBag from /home/logi/txtai/venv/lib/python3.10/site-packages/airflow/example_dags/tutorial.py
[2025-11-02T11:29:48.339+0530] {processor.py:840} INFO - DAG(s) 'tutorial' retrieved from /home/logi/txtai/venv/lib/python3.10/site-packages/airflow/example_dags/tutorial.py
[2025-11-02T11:29:48.354+0530] {logging_mixin.py:188} INFO - [2025-11-02T11:29:48.354+0530] {dag.py:3089} INFO - Sync 1 DAGs
[2025-11-02T11:29:48.374+0530] {logging_mixin.py:188} INFO - [2025-11-02T11:29:48.373+0530] {dag.py:3947} INFO - Setting next_dagrun for tutorial to 2025-11-01 00:00:00+00:00, run_after=2025-11-02 00:00:00+00:00
[2025-11-02T11:29:48.395+0530] {processor.py:183} INFO - Processing /home/logi/txtai/venv/lib/python3.10/site-packages/airflow/example_dags/tutorial.py took 0.088 seconds
[2025-11-02T11:30:52.454+0530] {processor.py:161} INFO - Started process (PID=13290) to work on /home/logi/txtai/venv/lib/python3.10/site-packages/airflow/example_dags/tutorial.py
[2025-11-02T11:30:52.468+0530] {processor.py:830} INFO - Processing file /home/logi/txtai/venv/lib/python3.10/site-packages/airflow/example_dags/tutorial.py for tasks to queue
[2025-11-02T11:30:52.472+0530] {logging_mixin.py:188} INFO - [2025-11-02T11:30:52.471+0530] {dagbag.py:545} INFO - Filling up the DagBag from /home/logi/txtai/venv/lib/python3.10/site-packages/airflow/example_dags/tutorial.py
[2025-11-02T11:30:52.482+0530] {processor.py:840} INFO - DAG(s) 'tutorial' retrieved from /home/logi/txtai/venv/lib/python3.10/site-packages/airflow/example_dags/tutorial.py
[2025-11-02T11:30:52.509+0530] {logging_mixin.py:188} INFO - [2025-11-02T11:30:52.509+0530] {dag.py:3089} INFO - Sync 1 DAGs
[2025-11-02T11:30:52.526+0530] {logging_mixin.py:188} INFO - [2025-11-02T11:30:52.526+0530] {dag.py:3947} INFO - Setting next_dagrun for tutorial to 2025-11-01 00:00:00+00:00, run_after=2025-11-02 00:00:00+00:00
[2025-11-02T11:30:52.545+0530] {processor.py:183} INFO - Processing /home/logi/txtai/venv/lib/python3.10/site-packages/airflow/example_dags/tutorial.py took 0.098 seconds
[2025-11-02T11:31:44.453+0530] {processor.py:161} INFO - Started process (PID=13364) to work on /home/logi/txtai/venv/lib/python3.10/site-packages/airflow/example_dags/tutorial.py
[2025-11-02T11:31:44.467+0530] {processor.py:830} INFO - Processing file /home/logi/txtai/venv/lib/python3.10/site-packages/airflow/example_dags/tutorial.py for tasks to queue
[2025-11-02T11:31:44.471+0530] {logging_mixin.py:188} INFO - [2025-11-02T11:31:44.471+0530] {dagbag.py:545} INFO - Filling up the DagBag from /home/logi/txtai/venv/lib/python3.10/site-packages/airflow/example_dags/tutorial.py
[2025-11-02T11:31:44.481+0530] {processor.py:840} INFO - DAG(s) 'tutorial' retrieved from /home/logi/txtai/venv/lib/python3.10/site-packages/airflow/example_dags/tutorial.py
[2025-11-02T11:31:44.507+0530] {logging_mixin.py:188} INFO - [2025-11-02T11:31:44.507+0530] {dag.py:3089} INFO - Sync 1 DAGs
[2025-11-02T11:31:44.529+0530] {logging_mixin.py:188} INFO - [2025-11-02T11:31:44.529+0530] {dag.py:3947} INFO - Setting next_dagrun for tutorial to 2025-11-01 00:00:00+00:00, run_after=2025-11-02 00:00:00+00:00
[2025-11-02T11:31:44.558+0530] {processor.py:183} INFO - Processing /home/logi/txtai/venv/lib/python3.10/site-packages/airflow/example_dags/tutorial.py took 0.117 seconds
[2025-11-02T11:32:37.133+0530] {processor.py:161} INFO - Started process (PID=13437) to work on /home/logi/txtai/venv/lib/python3.10/site-packages/airflow/example_dags/tutorial.py
[2025-11-02T11:32:37.147+0530] {processor.py:830} INFO - Processing file /home/logi/txtai/venv/lib/python3.10/site-packages/airflow/example_dags/tutorial.py for tasks to queue
[2025-11-02T11:32:37.149+0530] {logging_mixin.py:188} INFO - [2025-11-02T11:32:37.148+0530] {dagbag.py:545} INFO - Filling up the DagBag from /home/logi/txtai/venv/lib/python3.10/site-packages/airflow/example_dags/tutorial.py
[2025-11-02T11:32:37.159+0530] {processor.py:840} INFO - DAG(s) 'tutorial' retrieved from /home/logi/txtai/venv/lib/python3.10/site-packages/airflow/example_dags/tutorial.py
[2025-11-02T11:32:37.179+0530] {logging_mixin.py:188} INFO - [2025-11-02T11:32:37.178+0530] {dag.py:3089} INFO - Sync 1 DAGs
[2025-11-02T11:32:37.197+0530] {logging_mixin.py:188} INFO - [2025-11-02T11:32:37.197+0530] {dag.py:3947} INFO - Setting next_dagrun for tutorial to 2025-11-01 00:00:00+00:00, run_after=2025-11-02 00:00:00+00:00
[2025-11-02T11:32:37.219+0530] {processor.py:183} INFO - Processing /home/logi/txtai/venv/lib/python3.10/site-packages/airflow/example_dags/tutorial.py took 0.095 seconds
[2025-11-02T11:33:24.289+0530] {processor.py:161} INFO - Started process (PID=13514) to work on /home/logi/txtai/venv/lib/python3.10/site-packages/airflow/example_dags/tutorial.py
[2025-11-02T11:33:24.301+0530] {processor.py:830} INFO - Processing file /home/logi/txtai/venv/lib/python3.10/site-packages/airflow/example_dags/tutorial.py for tasks to queue
[2025-11-02T11:33:24.304+0530] {logging_mixin.py:188} INFO - [2025-11-02T11:33:24.304+0530] {dagbag.py:545} INFO - Filling up the DagBag from /home/logi/txtai/venv/lib/python3.10/site-packages/airflow/example_dags/tutorial.py
[2025-11-02T11:33:24.315+0530] {processor.py:840} INFO - DAG(s) 'tutorial' retrieved from /home/logi/txtai/venv/lib/python3.10/site-packages/airflow/example_dags/tutorial.py
[2025-11-02T11:33:24.332+0530] {logging_mixin.py:188} INFO - [2025-11-02T11:33:24.332+0530] {dag.py:3089} INFO - Sync 1 DAGs
[2025-11-02T11:33:24.349+0530] {logging_mixin.py:188} INFO - [2025-11-02T11:33:24.349+0530] {dag.py:3947} INFO - Setting next_dagrun for tutorial to 2025-11-01 00:00:00+00:00, run_after=2025-11-02 00:00:00+00:00
[2025-11-02T11:33:24.370+0530] {processor.py:183} INFO - Processing /home/logi/txtai/venv/lib/python3.10/site-packages/airflow/example_dags/tutorial.py took 0.088 seconds
[2025-11-02T11:34:14.054+0530] {processor.py:161} INFO - Started process (PID=13585) to work on /home/logi/txtai/venv/lib/python3.10/site-packages/airflow/example_dags/tutorial.py
[2025-11-02T11:34:14.067+0530] {processor.py:830} INFO - Processing file /home/logi/txtai/venv/lib/python3.10/site-packages/airflow/example_dags/tutorial.py for tasks to queue
[2025-11-02T11:34:14.070+0530] {logging_mixin.py:188} INFO - [2025-11-02T11:34:14.069+0530] {dagbag.py:545} INFO - Filling up the DagBag from /home/logi/txtai/venv/lib/python3.10/site-packages/airflow/example_dags/tutorial.py
[2025-11-02T11:34:14.076+0530] {processor.py:840} INFO - DAG(s) 'tutorial' retrieved from /home/logi/txtai/venv/lib/python3.10/site-packages/airflow/example_dags/tutorial.py
[2025-11-02T11:34:14.091+0530] {logging_mixin.py:188} INFO - [2025-11-02T11:34:14.090+0530] {dag.py:3089} INFO - Sync 1 DAGs
[2025-11-02T11:34:14.107+0530] {logging_mixin.py:188} INFO - [2025-11-02T11:34:14.107+0530] {dag.py:3947} INFO - Setting next_dagrun for tutorial to 2025-11-01 00:00:00+00:00, run_after=2025-11-02 00:00:00+00:00
[2025-11-02T11:34:14.131+0530] {processor.py:183} INFO - Processing /home/logi/txtai/venv/lib/python3.10/site-packages/airflow/example_dags/tutorial.py took 0.084 seconds
[2025-11-02T11:35:02.767+0530] {processor.py:161} INFO - Started process (PID=13661) to work on /home/logi/txtai/venv/lib/python3.10/site-packages/airflow/example_dags/tutorial.py
[2025-11-02T11:35:02.780+0530] {processor.py:830} INFO - Processing file /home/logi/txtai/venv/lib/python3.10/site-packages/airflow/example_dags/tutorial.py for tasks to queue
[2025-11-02T11:35:02.784+0530] {logging_mixin.py:188} INFO - [2025-11-02T11:35:02.783+0530] {dagbag.py:545} INFO - Filling up the DagBag from /home/logi/txtai/venv/lib/python3.10/site-packages/airflow/example_dags/tutorial.py
[2025-11-02T11:35:02.793+0530] {processor.py:840} INFO - DAG(s) 'tutorial' retrieved from /home/logi/txtai/venv/lib/python3.10/site-packages/airflow/example_dags/tutorial.py
[2025-11-02T11:35:02.813+0530] {logging_mixin.py:188} INFO - [2025-11-02T11:35:02.813+0530] {dag.py:3089} INFO - Sync 1 DAGs
[2025-11-02T11:35:02.832+0530] {logging_mixin.py:188} INFO - [2025-11-02T11:35:02.832+0530] {dag.py:3947} INFO - Setting next_dagrun for tutorial to 2025-11-01 00:00:00+00:00, run_after=2025-11-02 00:00:00+00:00
[2025-11-02T11:35:02.858+0530] {processor.py:183} INFO - Processing /home/logi/txtai/venv/lib/python3.10/site-packages/airflow/example_dags/tutorial.py took 0.099 seconds
[2025-11-02T11:35:55.091+0530] {processor.py:161} INFO - Started process (PID=13777) to work on /home/logi/txtai/venv/lib/python3.10/site-packages/airflow/example_dags/tutorial.py
[2025-11-02T11:35:55.105+0530] {processor.py:830} INFO - Processing file /home/logi/txtai/venv/lib/python3.10/site-packages/airflow/example_dags/tutorial.py for tasks to queue
[2025-11-02T11:35:55.108+0530] {logging_mixin.py:188} INFO - [2025-11-02T11:35:55.107+0530] {dagbag.py:545} INFO - Filling up the DagBag from /home/logi/txtai/venv/lib/python3.10/site-packages/airflow/example_dags/tutorial.py
[2025-11-02T11:35:55.119+0530] {processor.py:840} INFO - DAG(s) 'tutorial' retrieved from /home/logi/txtai/venv/lib/python3.10/site-packages/airflow/example_dags/tutorial.py
[2025-11-02T11:35:55.144+0530] {logging_mixin.py:188} INFO - [2025-11-02T11:35:55.143+0530] {dag.py:3089} INFO - Sync 1 DAGs
[2025-11-02T11:35:55.164+0530] {logging_mixin.py:188} INFO - [2025-11-02T11:35:55.164+0530] {dag.py:3947} INFO - Setting next_dagrun for tutorial to 2025-11-01 00:00:00+00:00, run_after=2025-11-02 00:00:00+00:00
[2025-11-02T11:35:55.182+0530] {processor.py:183} INFO - Processing /home/logi/txtai/venv/lib/python3.10/site-packages/airflow/example_dags/tutorial.py took 0.102 seconds
[2025-11-02T11:36:45.747+0530] {processor.py:161} INFO - Started process (PID=13856) to work on /home/logi/txtai/venv/lib/python3.10/site-packages/airflow/example_dags/tutorial.py
[2025-11-02T11:36:45.761+0530] {processor.py:830} INFO - Processing file /home/logi/txtai/venv/lib/python3.10/site-packages/airflow/example_dags/tutorial.py for tasks to queue
[2025-11-02T11:36:45.764+0530] {logging_mixin.py:188} INFO - [2025-11-02T11:36:45.763+0530] {dagbag.py:545} INFO - Filling up the DagBag from /home/logi/txtai/venv/lib/python3.10/site-packages/airflow/example_dags/tutorial.py
[2025-11-02T11:36:45.775+0530] {processor.py:840} INFO - DAG(s) 'tutorial' retrieved from /home/logi/txtai/venv/lib/python3.10/site-packages/airflow/example_dags/tutorial.py
[2025-11-02T11:36:45.801+0530] {logging_mixin.py:188} INFO - [2025-11-02T11:36:45.801+0530] {dag.py:3089} INFO - Sync 1 DAGs
[2025-11-02T11:36:45.830+0530] {logging_mixin.py:188} INFO - [2025-11-02T11:36:45.830+0530] {dag.py:3947} INFO - Setting next_dagrun for tutorial to 2025-11-01 00:00:00+00:00, run_after=2025-11-02 00:00:00+00:00
[2025-11-02T11:36:45.860+0530] {processor.py:183} INFO - Processing /home/logi/txtai/venv/lib/python3.10/site-packages/airflow/example_dags/tutorial.py took 0.126 seconds
[2025-11-02T11:37:39.236+0530] {processor.py:161} INFO - Started process (PID=13931) to work on /home/logi/txtai/venv/lib/python3.10/site-packages/airflow/example_dags/tutorial.py
[2025-11-02T11:37:39.249+0530] {processor.py:830} INFO - Processing file /home/logi/txtai/venv/lib/python3.10/site-packages/airflow/example_dags/tutorial.py for tasks to queue
[2025-11-02T11:37:39.252+0530] {logging_mixin.py:188} INFO - [2025-11-02T11:37:39.252+0530] {dagbag.py:545} INFO - Filling up the DagBag from /home/logi/txtai/venv/lib/python3.10/site-packages/airflow/example_dags/tutorial.py
[2025-11-02T11:37:39.263+0530] {processor.py:840} INFO - DAG(s) 'tutorial' retrieved from /home/logi/txtai/venv/lib/python3.10/site-packages/airflow/example_dags/tutorial.py
[2025-11-02T11:37:39.293+0530] {logging_mixin.py:188} INFO - [2025-11-02T11:37:39.293+0530] {dag.py:3089} INFO - Sync 1 DAGs
[2025-11-02T11:37:39.315+0530] {logging_mixin.py:188} INFO - [2025-11-02T11:37:39.315+0530] {dag.py:3947} INFO - Setting next_dagrun for tutorial to 2025-11-01 00:00:00+00:00, run_after=2025-11-02 00:00:00+00:00
[2025-11-02T11:37:39.340+0530] {processor.py:183} INFO - Processing /home/logi/txtai/venv/lib/python3.10/site-packages/airflow/example_dags/tutorial.py took 0.118 seconds
[2025-11-02T11:38:31.035+0530] {processor.py:161} INFO - Started process (PID=14005) to work on /home/logi/txtai/venv/lib/python3.10/site-packages/airflow/example_dags/tutorial.py
[2025-11-02T11:38:31.048+0530] {processor.py:830} INFO - Processing file /home/logi/txtai/venv/lib/python3.10/site-packages/airflow/example_dags/tutorial.py for tasks to queue
[2025-11-02T11:38:31.050+0530] {logging_mixin.py:188} INFO - [2025-11-02T11:38:31.050+0530] {dagbag.py:545} INFO - Filling up the DagBag from /home/logi/txtai/venv/lib/python3.10/site-packages/airflow/example_dags/tutorial.py
[2025-11-02T11:38:31.057+0530] {processor.py:840} INFO - DAG(s) 'tutorial' retrieved from /home/logi/txtai/venv/lib/python3.10/site-packages/airflow/example_dags/tutorial.py
[2025-11-02T11:38:31.079+0530] {logging_mixin.py:188} INFO - [2025-11-02T11:38:31.079+0530] {dag.py:3089} INFO - Sync 1 DAGs
[2025-11-02T11:38:31.101+0530] {logging_mixin.py:188} INFO - [2025-11-02T11:38:31.101+0530] {dag.py:3947} INFO - Setting next_dagrun for tutorial to 2025-11-01 00:00:00+00:00, run_after=2025-11-02 00:00:00+00:00
[2025-11-02T11:38:31.119+0530] {processor.py:183} INFO - Processing /home/logi/txtai/venv/lib/python3.10/site-packages/airflow/example_dags/tutorial.py took 0.096 seconds
[2025-11-02T11:39:21.567+0530] {processor.py:161} INFO - Started process (PID=14079) to work on /home/logi/txtai/venv/lib/python3.10/site-packages/airflow/example_dags/tutorial.py
[2025-11-02T11:39:21.568+0530] {processor.py:830} INFO - Processing file /home/logi/txtai/venv/lib/python3.10/site-packages/airflow/example_dags/tutorial.py for tasks to queue
[2025-11-02T11:39:21.570+0530] {logging_mixin.py:188} INFO - [2025-11-02T11:39:21.570+0530] {dagbag.py:545} INFO - Filling up the DagBag from /home/logi/txtai/venv/lib/python3.10/site-packages/airflow/example_dags/tutorial.py
[2025-11-02T11:39:21.577+0530] {processor.py:840} INFO - DAG(s) 'tutorial' retrieved from /home/logi/txtai/venv/lib/python3.10/site-packages/airflow/example_dags/tutorial.py
[2025-11-02T11:39:21.592+0530] {logging_mixin.py:188} INFO - [2025-11-02T11:39:21.591+0530] {dag.py:3089} INFO - Sync 1 DAGs
[2025-11-02T11:39:21.607+0530] {logging_mixin.py:188} INFO - [2025-11-02T11:39:21.607+0530] {dag.py:3947} INFO - Setting next_dagrun for tutorial to 2025-11-01 00:00:00+00:00, run_after=2025-11-02 00:00:00+00:00
[2025-11-02T11:39:21.633+0530] {processor.py:183} INFO - Processing /home/logi/txtai/venv/lib/python3.10/site-packages/airflow/example_dags/tutorial.py took 0.074 seconds
[2025-11-02T11:40:11.866+0530] {processor.py:161} INFO - Started process (PID=14182) to work on /home/logi/txtai/venv/lib/python3.10/site-packages/airflow/example_dags/tutorial.py
[2025-11-02T11:40:11.880+0530] {processor.py:830} INFO - Processing file /home/logi/txtai/venv/lib/python3.10/site-packages/airflow/example_dags/tutorial.py for tasks to queue
[2025-11-02T11:40:11.884+0530] {logging_mixin.py:188} INFO - [2025-11-02T11:40:11.883+0530] {dagbag.py:545} INFO - Filling up the DagBag from /home/logi/txtai/venv/lib/python3.10/site-packages/airflow/example_dags/tutorial.py
[2025-11-02T11:40:11.896+0530] {processor.py:840} INFO - DAG(s) 'tutorial' retrieved from /home/logi/txtai/venv/lib/python3.10/site-packages/airflow/example_dags/tutorial.py
[2025-11-02T11:40:11.924+0530] {logging_mixin.py:188} INFO - [2025-11-02T11:40:11.923+0530] {dag.py:3089} INFO - Sync 1 DAGs
[2025-11-02T11:40:11.944+0530] {logging_mixin.py:188} INFO - [2025-11-02T11:40:11.944+0530] {dag.py:3947} INFO - Setting next_dagrun for tutorial to 2025-11-01 00:00:00+00:00, run_after=2025-11-02 00:00:00+00:00
[2025-11-02T11:40:11.969+0530] {processor.py:183} INFO - Processing /home/logi/txtai/venv/lib/python3.10/site-packages/airflow/example_dags/tutorial.py took 0.114 seconds
[2025-11-02T11:41:02.616+0530] {processor.py:161} INFO - Started process (PID=14256) to work on /home/logi/txtai/venv/lib/python3.10/site-packages/airflow/example_dags/tutorial.py
[2025-11-02T11:41:02.629+0530] {processor.py:830} INFO - Processing file /home/logi/txtai/venv/lib/python3.10/site-packages/airflow/example_dags/tutorial.py for tasks to queue
[2025-11-02T11:41:02.632+0530] {logging_mixin.py:188} INFO - [2025-11-02T11:41:02.632+0530] {dagbag.py:545} INFO - Filling up the DagBag from /home/logi/txtai/venv/lib/python3.10/site-packages/airflow/example_dags/tutorial.py
[2025-11-02T11:41:02.645+0530] {processor.py:840} INFO - DAG(s) 'tutorial' retrieved from /home/logi/txtai/venv/lib/python3.10/site-packages/airflow/example_dags/tutorial.py
[2025-11-02T11:41:02.674+0530] {logging_mixin.py:188} INFO - [2025-11-02T11:41:02.674+0530] {dag.py:3089} INFO - Sync 1 DAGs
[2025-11-02T11:41:02.693+0530] {logging_mixin.py:188} INFO - [2025-11-02T11:41:02.693+0530] {dag.py:3947} INFO - Setting next_dagrun for tutorial to 2025-11-01 00:00:00+00:00, run_after=2025-11-02 00:00:00+00:00
[2025-11-02T11:41:02.719+0530] {processor.py:183} INFO - Processing /home/logi/txtai/venv/lib/python3.10/site-packages/airflow/example_dags/tutorial.py took 0.115 seconds
[2025-11-02T11:41:54.511+0530] {processor.py:161} INFO - Started process (PID=14330) to work on /home/logi/txtai/venv/lib/python3.10/site-packages/airflow/example_dags/tutorial.py
[2025-11-02T11:41:54.525+0530] {processor.py:830} INFO - Processing file /home/logi/txtai/venv/lib/python3.10/site-packages/airflow/example_dags/tutorial.py for tasks to queue
[2025-11-02T11:41:54.528+0530] {logging_mixin.py:188} INFO - [2025-11-02T11:41:54.528+0530] {dagbag.py:545} INFO - Filling up the DagBag from /home/logi/txtai/venv/lib/python3.10/site-packages/airflow/example_dags/tutorial.py
[2025-11-02T11:41:54.539+0530] {processor.py:840} INFO - DAG(s) 'tutorial' retrieved from /home/logi/txtai/venv/lib/python3.10/site-packages/airflow/example_dags/tutorial.py
[2025-11-02T11:41:54.566+0530] {logging_mixin.py:188} INFO - [2025-11-02T11:41:54.566+0530] {dag.py:3089} INFO - Sync 1 DAGs
[2025-11-02T11:41:54.584+0530] {logging_mixin.py:188} INFO - [2025-11-02T11:41:54.584+0530] {dag.py:3947} INFO - Setting next_dagrun for tutorial to 2025-11-01 00:00:00+00:00, run_after=2025-11-02 00:00:00+00:00
[2025-11-02T11:41:54.612+0530] {processor.py:183} INFO - Processing /home/logi/txtai/venv/lib/python3.10/site-packages/airflow/example_dags/tutorial.py took 0.112 seconds
[2025-11-02T11:42:46.723+0530] {processor.py:161} INFO - Started process (PID=14404) to work on /home/logi/txtai/venv/lib/python3.10/site-packages/airflow/example_dags/tutorial.py
[2025-11-02T11:42:46.735+0530] {processor.py:830} INFO - Processing file /home/logi/txtai/venv/lib/python3.10/site-packages/airflow/example_dags/tutorial.py for tasks to queue
[2025-11-02T11:42:46.738+0530] {logging_mixin.py:188} INFO - [2025-11-02T11:42:46.738+0530] {dagbag.py:545} INFO - Filling up the DagBag from /home/logi/txtai/venv/lib/python3.10/site-packages/airflow/example_dags/tutorial.py
[2025-11-02T11:42:46.749+0530] {processor.py:840} INFO - DAG(s) 'tutorial' retrieved from /home/logi/txtai/venv/lib/python3.10/site-packages/airflow/example_dags/tutorial.py
[2025-11-02T11:42:46.765+0530] {logging_mixin.py:188} INFO - [2025-11-02T11:42:46.765+0530] {dag.py:3089} INFO - Sync 1 DAGs
[2025-11-02T11:42:46.780+0530] {logging_mixin.py:188} INFO - [2025-11-02T11:42:46.780+0530] {dag.py:3947} INFO - Setting next_dagrun for tutorial to 2025-11-01 00:00:00+00:00, run_after=2025-11-02 00:00:00+00:00
[2025-11-02T11:42:46.798+0530] {processor.py:183} INFO - Processing /home/logi/txtai/venv/lib/python3.10/site-packages/airflow/example_dags/tutorial.py took 0.084 seconds
[2025-11-02T11:43:34.715+0530] {processor.py:161} INFO - Started process (PID=14476) to work on /home/logi/txtai/venv/lib/python3.10/site-packages/airflow/example_dags/tutorial.py
[2025-11-02T11:43:34.728+0530] {processor.py:830} INFO - Processing file /home/logi/txtai/venv/lib/python3.10/site-packages/airflow/example_dags/tutorial.py for tasks to queue
[2025-11-02T11:43:34.730+0530] {logging_mixin.py:188} INFO - [2025-11-02T11:43:34.730+0530] {dagbag.py:545} INFO - Filling up the DagBag from /home/logi/txtai/venv/lib/python3.10/site-packages/airflow/example_dags/tutorial.py
[2025-11-02T11:43:34.736+0530] {processor.py:840} INFO - DAG(s) 'tutorial' retrieved from /home/logi/txtai/venv/lib/python3.10/site-packages/airflow/example_dags/tutorial.py
[2025-11-02T11:43:34.749+0530] {logging_mixin.py:188} INFO - [2025-11-02T11:43:34.749+0530] {dag.py:3089} INFO - Sync 1 DAGs
[2025-11-02T11:43:34.764+0530] {logging_mixin.py:188} INFO - [2025-11-02T11:43:34.764+0530] {dag.py:3947} INFO - Setting next_dagrun for tutorial to 2025-11-01 00:00:00+00:00, run_after=2025-11-02 00:00:00+00:00
[2025-11-02T11:43:34.782+0530] {processor.py:183} INFO - Processing /home/logi/txtai/venv/lib/python3.10/site-packages/airflow/example_dags/tutorial.py took 0.077 seconds
[2025-11-02T11:44:20.615+0530] {processor.py:161} INFO - Started process (PID=14544) to work on /home/logi/txtai/venv/lib/python3.10/site-packages/airflow/example_dags/tutorial.py
[2025-11-02T11:44:20.616+0530] {processor.py:830} INFO - Processing file /home/logi/txtai/venv/lib/python3.10/site-packages/airflow/example_dags/tutorial.py for tasks to queue
[2025-11-02T11:44:20.618+0530] {logging_mixin.py:188} INFO - [2025-11-02T11:44:20.618+0530] {dagbag.py:545} INFO - Filling up the DagBag from /home/logi/txtai/venv/lib/python3.10/site-packages/airflow/example_dags/tutorial.py
[2025-11-02T11:44:20.627+0530] {processor.py:840} INFO - DAG(s) 'tutorial' retrieved from /home/logi/txtai/venv/lib/python3.10/site-packages/airflow/example_dags/tutorial.py
[2025-11-02T11:44:20.648+0530] {logging_mixin.py:188} INFO - [2025-11-02T11:44:20.647+0530] {dag.py:3089} INFO - Sync 1 DAGs
[2025-11-02T11:44:20.665+0530] {logging_mixin.py:188} INFO - [2025-11-02T11:44:20.665+0530] {dag.py:3947} INFO - Setting next_dagrun for tutorial to 2025-11-01 00:00:00+00:00, run_after=2025-11-02 00:00:00+00:00
[2025-11-02T11:44:20.685+0530] {processor.py:183} INFO - Processing /home/logi/txtai/venv/lib/python3.10/site-packages/airflow/example_dags/tutorial.py took 0.080 seconds
[2025-11-02T11:45:12.485+0530] {processor.py:161} INFO - Started process (PID=14653) to work on /home/logi/txtai/venv/lib/python3.10/site-packages/airflow/example_dags/tutorial.py
[2025-11-02T11:45:12.499+0530] {processor.py:830} INFO - Processing file /home/logi/txtai/venv/lib/python3.10/site-packages/airflow/example_dags/tutorial.py for tasks to queue
[2025-11-02T11:45:12.502+0530] {logging_mixin.py:188} INFO - [2025-11-02T11:45:12.501+0530] {dagbag.py:545} INFO - Filling up the DagBag from /home/logi/txtai/venv/lib/python3.10/site-packages/airflow/example_dags/tutorial.py
[2025-11-02T11:45:12.514+0530] {processor.py:840} INFO - DAG(s) 'tutorial' retrieved from /home/logi/txtai/venv/lib/python3.10/site-packages/airflow/example_dags/tutorial.py
[2025-11-02T11:45:12.542+0530] {logging_mixin.py:188} INFO - [2025-11-02T11:45:12.541+0530] {dag.py:3089} INFO - Sync 1 DAGs
[2025-11-02T11:45:12.562+0530] {logging_mixin.py:188} INFO - [2025-11-02T11:45:12.562+0530] {dag.py:3947} INFO - Setting next_dagrun for tutorial to 2025-11-01 00:00:00+00:00, run_after=2025-11-02 00:00:00+00:00
[2025-11-02T11:45:12.587+0530] {processor.py:183} INFO - Processing /home/logi/txtai/venv/lib/python3.10/site-packages/airflow/example_dags/tutorial.py took 0.113 seconds
[2025-11-02T11:46:05.264+0530] {processor.py:161} INFO - Started process (PID=14728) to work on /home/logi/txtai/venv/lib/python3.10/site-packages/airflow/example_dags/tutorial.py
[2025-11-02T11:46:05.278+0530] {processor.py:830} INFO - Processing file /home/logi/txtai/venv/lib/python3.10/site-packages/airflow/example_dags/tutorial.py for tasks to queue
[2025-11-02T11:46:05.281+0530] {logging_mixin.py:188} INFO - [2025-11-02T11:46:05.280+0530] {dagbag.py:545} INFO - Filling up the DagBag from /home/logi/txtai/venv/lib/python3.10/site-packages/airflow/example_dags/tutorial.py
[2025-11-02T11:46:05.291+0530] {processor.py:840} INFO - DAG(s) 'tutorial' retrieved from /home/logi/txtai/venv/lib/python3.10/site-packages/airflow/example_dags/tutorial.py
[2025-11-02T11:46:05.316+0530] {logging_mixin.py:188} INFO - [2025-11-02T11:46:05.316+0530] {dag.py:3089} INFO - Sync 1 DAGs
[2025-11-02T11:46:05.337+0530] {logging_mixin.py:188} INFO - [2025-11-02T11:46:05.337+0530] {dag.py:3947} INFO - Setting next_dagrun for tutorial to 2025-11-01 00:00:00+00:00, run_after=2025-11-02 00:00:00+00:00
[2025-11-02T11:46:05.361+0530] {processor.py:183} INFO - Processing /home/logi/txtai/venv/lib/python3.10/site-packages/airflow/example_dags/tutorial.py took 0.108 seconds
[2025-11-02T11:46:57.266+0530] {processor.py:161} INFO - Started process (PID=14802) to work on /home/logi/txtai/venv/lib/python3.10/site-packages/airflow/example_dags/tutorial.py
[2025-11-02T11:46:57.279+0530] {processor.py:830} INFO - Processing file /home/logi/txtai/venv/lib/python3.10/site-packages/airflow/example_dags/tutorial.py for tasks to queue
[2025-11-02T11:46:57.282+0530] {logging_mixin.py:188} INFO - [2025-11-02T11:46:57.281+0530] {dagbag.py:545} INFO - Filling up the DagBag from /home/logi/txtai/venv/lib/python3.10/site-packages/airflow/example_dags/tutorial.py
[2025-11-02T11:46:57.289+0530] {processor.py:840} INFO - DAG(s) 'tutorial' retrieved from /home/logi/txtai/venv/lib/python3.10/site-packages/airflow/example_dags/tutorial.py
[2025-11-02T11:46:57.303+0530] {logging_mixin.py:188} INFO - [2025-11-02T11:46:57.303+0530] {dag.py:3089} INFO - Sync 1 DAGs
[2025-11-02T11:46:57.319+0530] {logging_mixin.py:188} INFO - [2025-11-02T11:46:57.319+0530] {dag.py:3947} INFO - Setting next_dagrun for tutorial to 2025-11-01 00:00:00+00:00, run_after=2025-11-02 00:00:00+00:00
[2025-11-02T11:46:57.453+0530] {processor.py:183} INFO - Processing /home/logi/txtai/venv/lib/python3.10/site-packages/airflow/example_dags/tutorial.py took 0.193 seconds
[2025-11-02T11:47:55.939+0530] {processor.py:161} INFO - Started process (PID=14878) to work on /home/logi/txtai/venv/lib/python3.10/site-packages/airflow/example_dags/tutorial.py
[2025-11-02T11:47:55.952+0530] {processor.py:830} INFO - Processing file /home/logi/txtai/venv/lib/python3.10/site-packages/airflow/example_dags/tutorial.py for tasks to queue
[2025-11-02T11:47:55.954+0530] {logging_mixin.py:188} INFO - [2025-11-02T11:47:55.954+0530] {dagbag.py:545} INFO - Filling up the DagBag from /home/logi/txtai/venv/lib/python3.10/site-packages/airflow/example_dags/tutorial.py
[2025-11-02T11:47:55.960+0530] {processor.py:840} INFO - DAG(s) 'tutorial' retrieved from /home/logi/txtai/venv/lib/python3.10/site-packages/airflow/example_dags/tutorial.py
[2025-11-02T11:47:55.978+0530] {logging_mixin.py:188} INFO - [2025-11-02T11:47:55.977+0530] {dag.py:3089} INFO - Sync 1 DAGs
[2025-11-02T11:47:55.992+0530] {logging_mixin.py:188} INFO - [2025-11-02T11:47:55.992+0530] {dag.py:3947} INFO - Setting next_dagrun for tutorial to 2025-11-01 00:00:00+00:00, run_after=2025-11-02 00:00:00+00:00
[2025-11-02T11:47:56.010+0530] {processor.py:183} INFO - Processing /home/logi/txtai/venv/lib/python3.10/site-packages/airflow/example_dags/tutorial.py took 0.077 seconds
[2025-11-02T11:48:49.835+0530] {processor.py:161} INFO - Started process (PID=14968) to work on /home/logi/txtai/venv/lib/python3.10/site-packages/airflow/example_dags/tutorial.py
[2025-11-02T11:48:49.848+0530] {processor.py:830} INFO - Processing file /home/logi/txtai/venv/lib/python3.10/site-packages/airflow/example_dags/tutorial.py for tasks to queue
[2025-11-02T11:48:49.851+0530] {logging_mixin.py:188} INFO - [2025-11-02T11:48:49.850+0530] {dagbag.py:545} INFO - Filling up the DagBag from /home/logi/txtai/venv/lib/python3.10/site-packages/airflow/example_dags/tutorial.py
[2025-11-02T11:48:49.861+0530] {processor.py:840} INFO - DAG(s) 'tutorial' retrieved from /home/logi/txtai/venv/lib/python3.10/site-packages/airflow/example_dags/tutorial.py
[2025-11-02T11:48:49.887+0530] {logging_mixin.py:188} INFO - [2025-11-02T11:48:49.887+0530] {dag.py:3089} INFO - Sync 1 DAGs
[2025-11-02T11:48:49.908+0530] {logging_mixin.py:188} INFO - [2025-11-02T11:48:49.908+0530] {dag.py:3947} INFO - Setting next_dagrun for tutorial to 2025-11-01 00:00:00+00:00, run_after=2025-11-02 00:00:00+00:00
[2025-11-02T11:48:49.934+0530] {processor.py:183} INFO - Processing /home/logi/txtai/venv/lib/python3.10/site-packages/airflow/example_dags/tutorial.py took 0.110 seconds
[2025-11-02T11:49:42.925+0530] {processor.py:161} INFO - Started process (PID=15069) to work on /home/logi/txtai/venv/lib/python3.10/site-packages/airflow/example_dags/tutorial.py
[2025-11-02T11:49:42.938+0530] {processor.py:830} INFO - Processing file /home/logi/txtai/venv/lib/python3.10/site-packages/airflow/example_dags/tutorial.py for tasks to queue
[2025-11-02T11:49:42.941+0530] {logging_mixin.py:188} INFO - [2025-11-02T11:49:42.940+0530] {dagbag.py:545} INFO - Filling up the DagBag from /home/logi/txtai/venv/lib/python3.10/site-packages/airflow/example_dags/tutorial.py
[2025-11-02T11:49:42.947+0530] {processor.py:840} INFO - DAG(s) 'tutorial' retrieved from /home/logi/txtai/venv/lib/python3.10/site-packages/airflow/example_dags/tutorial.py
[2025-11-02T11:49:42.961+0530] {logging_mixin.py:188} INFO - [2025-11-02T11:49:42.960+0530] {dag.py:3089} INFO - Sync 1 DAGs
[2025-11-02T11:49:42.978+0530] {logging_mixin.py:188} INFO - [2025-11-02T11:49:42.977+0530] {dag.py:3947} INFO - Setting next_dagrun for tutorial to 2025-11-01 00:00:00+00:00, run_after=2025-11-02 00:00:00+00:00
[2025-11-02T11:49:43.099+0530] {processor.py:183} INFO - Processing /home/logi/txtai/venv/lib/python3.10/site-packages/airflow/example_dags/tutorial.py took 0.181 seconds
[2025-11-02T11:50:38.932+0530] {processor.py:161} INFO - Started process (PID=15192) to work on /home/logi/txtai/venv/lib/python3.10/site-packages/airflow/example_dags/tutorial.py
[2025-11-02T11:50:38.934+0530] {processor.py:830} INFO - Processing file /home/logi/txtai/venv/lib/python3.10/site-packages/airflow/example_dags/tutorial.py for tasks to queue
[2025-11-02T11:50:38.938+0530] {logging_mixin.py:188} INFO - [2025-11-02T11:50:38.937+0530] {dagbag.py:545} INFO - Filling up the DagBag from /home/logi/txtai/venv/lib/python3.10/site-packages/airflow/example_dags/tutorial.py
[2025-11-02T11:50:38.949+0530] {processor.py:840} INFO - DAG(s) 'tutorial' retrieved from /home/logi/txtai/venv/lib/python3.10/site-packages/airflow/example_dags/tutorial.py
[2025-11-02T11:50:38.974+0530] {logging_mixin.py:188} INFO - [2025-11-02T11:50:38.974+0530] {dag.py:3089} INFO - Sync 1 DAGs
[2025-11-02T11:50:38.990+0530] {logging_mixin.py:188} INFO - [2025-11-02T11:50:38.990+0530] {dag.py:3947} INFO - Setting next_dagrun for tutorial to 2025-11-01 00:00:00+00:00, run_after=2025-11-02 00:00:00+00:00
[2025-11-02T11:50:39.013+0530] {processor.py:183} INFO - Processing /home/logi/txtai/venv/lib/python3.10/site-packages/airflow/example_dags/tutorial.py took 0.094 seconds
[2025-11-02T11:51:32.415+0530] {processor.py:161} INFO - Started process (PID=15285) to work on /home/logi/txtai/venv/lib/python3.10/site-packages/airflow/example_dags/tutorial.py
[2025-11-02T11:51:32.428+0530] {processor.py:830} INFO - Processing file /home/logi/txtai/venv/lib/python3.10/site-packages/airflow/example_dags/tutorial.py for tasks to queue
[2025-11-02T11:51:32.431+0530] {logging_mixin.py:188} INFO - [2025-11-02T11:51:32.430+0530] {dagbag.py:545} INFO - Filling up the DagBag from /home/logi/txtai/venv/lib/python3.10/site-packages/airflow/example_dags/tutorial.py
[2025-11-02T11:51:32.441+0530] {processor.py:840} INFO - DAG(s) 'tutorial' retrieved from /home/logi/txtai/venv/lib/python3.10/site-packages/airflow/example_dags/tutorial.py
[2025-11-02T11:51:32.467+0530] {logging_mixin.py:188} INFO - [2025-11-02T11:51:32.467+0530] {dag.py:3089} INFO - Sync 1 DAGs
[2025-11-02T11:51:32.593+0530] {logging_mixin.py:188} INFO - [2025-11-02T11:51:32.593+0530] {dag.py:3947} INFO - Setting next_dagrun for tutorial to 2025-11-01 00:00:00+00:00, run_after=2025-11-02 00:00:00+00:00
[2025-11-02T11:51:32.622+0530] {processor.py:183} INFO - Processing /home/logi/txtai/venv/lib/python3.10/site-packages/airflow/example_dags/tutorial.py took 0.222 seconds
[2025-11-02T11:52:26.105+0530] {processor.py:161} INFO - Started process (PID=15375) to work on /home/logi/txtai/venv/lib/python3.10/site-packages/airflow/example_dags/tutorial.py
[2025-11-02T11:52:26.119+0530] {processor.py:830} INFO - Processing file /home/logi/txtai/venv/lib/python3.10/site-packages/airflow/example_dags/tutorial.py for tasks to queue
[2025-11-02T11:52:26.122+0530] {logging_mixin.py:188} INFO - [2025-11-02T11:52:26.121+0530] {dagbag.py:545} INFO - Filling up the DagBag from /home/logi/txtai/venv/lib/python3.10/site-packages/airflow/example_dags/tutorial.py
[2025-11-02T11:52:26.133+0530] {processor.py:840} INFO - DAG(s) 'tutorial' retrieved from /home/logi/txtai/venv/lib/python3.10/site-packages/airflow/example_dags/tutorial.py
[2025-11-02T11:52:26.158+0530] {logging_mixin.py:188} INFO - [2025-11-02T11:52:26.157+0530] {dag.py:3089} INFO - Sync 1 DAGs
[2025-11-02T11:52:26.179+0530] {logging_mixin.py:188} INFO - [2025-11-02T11:52:26.178+0530] {dag.py:3947} INFO - Setting next_dagrun for tutorial to 2025-11-01 00:00:00+00:00, run_after=2025-11-02 00:00:00+00:00
[2025-11-02T11:52:26.318+0530] {processor.py:183} INFO - Processing /home/logi/txtai/venv/lib/python3.10/site-packages/airflow/example_dags/tutorial.py took 0.224 seconds
[2025-11-02T11:53:23.438+0530] {processor.py:161} INFO - Started process (PID=15463) to work on /home/logi/txtai/venv/lib/python3.10/site-packages/airflow/example_dags/tutorial.py
[2025-11-02T11:53:23.451+0530] {processor.py:830} INFO - Processing file /home/logi/txtai/venv/lib/python3.10/site-packages/airflow/example_dags/tutorial.py for tasks to queue
[2025-11-02T11:53:23.454+0530] {logging_mixin.py:188} INFO - [2025-11-02T11:53:23.454+0530] {dagbag.py:545} INFO - Filling up the DagBag from /home/logi/txtai/venv/lib/python3.10/site-packages/airflow/example_dags/tutorial.py
[2025-11-02T11:53:23.465+0530] {processor.py:840} INFO - DAG(s) 'tutorial' retrieved from /home/logi/txtai/venv/lib/python3.10/site-packages/airflow/example_dags/tutorial.py
[2025-11-02T11:53:23.492+0530] {logging_mixin.py:188} INFO - [2025-11-02T11:53:23.491+0530] {dag.py:3089} INFO - Sync 1 DAGs
[2025-11-02T11:53:23.511+0530] {logging_mixin.py:188} INFO - [2025-11-02T11:53:23.511+0530] {dag.py:3947} INFO - Setting next_dagrun for tutorial to 2025-11-01 00:00:00+00:00, run_after=2025-11-02 00:00:00+00:00
[2025-11-02T11:53:23.537+0530] {processor.py:183} INFO - Processing /home/logi/txtai/venv/lib/python3.10/site-packages/airflow/example_dags/tutorial.py took 0.111 seconds
[2025-11-02T11:54:17.045+0530] {processor.py:161} INFO - Started process (PID=15539) to work on /home/logi/txtai/venv/lib/python3.10/site-packages/airflow/example_dags/tutorial.py
[2025-11-02T11:54:17.058+0530] {processor.py:830} INFO - Processing file /home/logi/txtai/venv/lib/python3.10/site-packages/airflow/example_dags/tutorial.py for tasks to queue
[2025-11-02T11:54:17.060+0530] {logging_mixin.py:188} INFO - [2025-11-02T11:54:17.060+0530] {dagbag.py:545} INFO - Filling up the DagBag from /home/logi/txtai/venv/lib/python3.10/site-packages/airflow/example_dags/tutorial.py
[2025-11-02T11:54:17.065+0530] {processor.py:840} INFO - DAG(s) 'tutorial' retrieved from /home/logi/txtai/venv/lib/python3.10/site-packages/airflow/example_dags/tutorial.py
[2025-11-02T11:54:17.090+0530] {logging_mixin.py:188} INFO - [2025-11-02T11:54:17.090+0530] {dag.py:3089} INFO - Sync 1 DAGs
[2025-11-02T11:54:17.204+0530] {logging_mixin.py:188} INFO - [2025-11-02T11:54:17.204+0530] {dag.py:3947} INFO - Setting next_dagrun for tutorial to 2025-11-01 00:00:00+00:00, run_after=2025-11-02 00:00:00+00:00
[2025-11-02T11:54:17.221+0530] {processor.py:183} INFO - Processing /home/logi/txtai/venv/lib/python3.10/site-packages/airflow/example_dags/tutorial.py took 0.187 seconds
[2025-11-02T11:55:14.975+0530] {processor.py:161} INFO - Started process (PID=15651) to work on /home/logi/txtai/venv/lib/python3.10/site-packages/airflow/example_dags/tutorial.py
[2025-11-02T11:55:14.990+0530] {processor.py:830} INFO - Processing file /home/logi/txtai/venv/lib/python3.10/site-packages/airflow/example_dags/tutorial.py for tasks to queue
[2025-11-02T11:55:14.994+0530] {logging_mixin.py:188} INFO - [2025-11-02T11:55:14.993+0530] {dagbag.py:545} INFO - Filling up the DagBag from /home/logi/txtai/venv/lib/python3.10/site-packages/airflow/example_dags/tutorial.py
[2025-11-02T11:55:15.005+0530] {processor.py:840} INFO - DAG(s) 'tutorial' retrieved from /home/logi/txtai/venv/lib/python3.10/site-packages/airflow/example_dags/tutorial.py
[2025-11-02T11:55:15.041+0530] {logging_mixin.py:188} INFO - [2025-11-02T11:55:15.040+0530] {dag.py:3089} INFO - Sync 1 DAGs
[2025-11-02T11:55:15.080+0530] {logging_mixin.py:188} INFO - [2025-11-02T11:55:15.079+0530] {dag.py:3947} INFO - Setting next_dagrun for tutorial to 2025-11-01 00:00:00+00:00, run_after=2025-11-02 00:00:00+00:00
[2025-11-02T11:55:15.129+0530] {processor.py:183} INFO - Processing /home/logi/txtai/venv/lib/python3.10/site-packages/airflow/example_dags/tutorial.py took 0.174 seconds
[2025-11-02T11:56:07.821+0530] {processor.py:161} INFO - Started process (PID=15749) to work on /home/logi/txtai/venv/lib/python3.10/site-packages/airflow/example_dags/tutorial.py
[2025-11-02T11:56:07.834+0530] {processor.py:830} INFO - Processing file /home/logi/txtai/venv/lib/python3.10/site-packages/airflow/example_dags/tutorial.py for tasks to queue
[2025-11-02T11:56:07.837+0530] {logging_mixin.py:188} INFO - [2025-11-02T11:56:07.836+0530] {dagbag.py:545} INFO - Filling up the DagBag from /home/logi/txtai/venv/lib/python3.10/site-packages/airflow/example_dags/tutorial.py
[2025-11-02T11:56:07.847+0530] {processor.py:840} INFO - DAG(s) 'tutorial' retrieved from /home/logi/txtai/venv/lib/python3.10/site-packages/airflow/example_dags/tutorial.py
[2025-11-02T11:56:07.873+0530] {logging_mixin.py:188} INFO - [2025-11-02T11:56:07.873+0530] {dag.py:3089} INFO - Sync 1 DAGs
[2025-11-02T11:56:07.895+0530] {logging_mixin.py:188} INFO - [2025-11-02T11:56:07.895+0530] {dag.py:3947} INFO - Setting next_dagrun for tutorial to 2025-11-01 00:00:00+00:00, run_after=2025-11-02 00:00:00+00:00
[2025-11-02T11:56:07.922+0530] {processor.py:183} INFO - Processing /home/logi/txtai/venv/lib/python3.10/site-packages/airflow/example_dags/tutorial.py took 0.113 seconds
[2025-11-02T11:56:58.908+0530] {processor.py:161} INFO - Started process (PID=15843) to work on /home/logi/txtai/venv/lib/python3.10/site-packages/airflow/example_dags/tutorial.py
[2025-11-02T11:56:58.910+0530] {processor.py:830} INFO - Processing file /home/logi/txtai/venv/lib/python3.10/site-packages/airflow/example_dags/tutorial.py for tasks to queue
[2025-11-02T11:56:58.913+0530] {logging_mixin.py:188} INFO - [2025-11-02T11:56:58.912+0530] {dagbag.py:545} INFO - Filling up the DagBag from /home/logi/txtai/venv/lib/python3.10/site-packages/airflow/example_dags/tutorial.py
[2025-11-02T11:56:58.923+0530] {processor.py:840} INFO - DAG(s) 'tutorial' retrieved from /home/logi/txtai/venv/lib/python3.10/site-packages/airflow/example_dags/tutorial.py
[2025-11-02T11:56:58.950+0530] {logging_mixin.py:188} INFO - [2025-11-02T11:56:58.950+0530] {dag.py:3089} INFO - Sync 1 DAGs
[2025-11-02T11:56:58.968+0530] {logging_mixin.py:188} INFO - [2025-11-02T11:56:58.968+0530] {dag.py:3947} INFO - Setting next_dagrun for tutorial to 2025-11-01 00:00:00+00:00, run_after=2025-11-02 00:00:00+00:00
[2025-11-02T11:56:58.996+0530] {processor.py:183} INFO - Processing /home/logi/txtai/venv/lib/python3.10/site-packages/airflow/example_dags/tutorial.py took 0.100 seconds
[2025-11-02T11:57:51.411+0530] {processor.py:161} INFO - Started process (PID=15923) to work on /home/logi/txtai/venv/lib/python3.10/site-packages/airflow/example_dags/tutorial.py
[2025-11-02T11:57:51.413+0530] {processor.py:830} INFO - Processing file /home/logi/txtai/venv/lib/python3.10/site-packages/airflow/example_dags/tutorial.py for tasks to queue
[2025-11-02T11:57:51.416+0530] {logging_mixin.py:188} INFO - [2025-11-02T11:57:51.415+0530] {dagbag.py:545} INFO - Filling up the DagBag from /home/logi/txtai/venv/lib/python3.10/site-packages/airflow/example_dags/tutorial.py
[2025-11-02T11:57:51.426+0530] {processor.py:840} INFO - DAG(s) 'tutorial' retrieved from /home/logi/txtai/venv/lib/python3.10/site-packages/airflow/example_dags/tutorial.py
[2025-11-02T11:57:51.450+0530] {logging_mixin.py:188} INFO - [2025-11-02T11:57:51.450+0530] {dag.py:3089} INFO - Sync 1 DAGs
[2025-11-02T11:57:51.467+0530] {logging_mixin.py:188} INFO - [2025-11-02T11:57:51.467+0530] {dag.py:3947} INFO - Setting next_dagrun for tutorial to 2025-11-01 00:00:00+00:00, run_after=2025-11-02 00:00:00+00:00
[2025-11-02T11:57:51.487+0530] {processor.py:183} INFO - Processing /home/logi/txtai/venv/lib/python3.10/site-packages/airflow/example_dags/tutorial.py took 0.087 seconds
[2025-11-02T11:58:42.556+0530] {processor.py:161} INFO - Started process (PID=16009) to work on /home/logi/txtai/venv/lib/python3.10/site-packages/airflow/example_dags/tutorial.py
[2025-11-02T11:58:42.571+0530] {processor.py:830} INFO - Processing file /home/logi/txtai/venv/lib/python3.10/site-packages/airflow/example_dags/tutorial.py for tasks to queue
[2025-11-02T11:58:42.574+0530] {logging_mixin.py:188} INFO - [2025-11-02T11:58:42.574+0530] {dagbag.py:545} INFO - Filling up the DagBag from /home/logi/txtai/venv/lib/python3.10/site-packages/airflow/example_dags/tutorial.py
[2025-11-02T11:58:42.602+0530] {processor.py:840} INFO - DAG(s) 'tutorial' retrieved from /home/logi/txtai/venv/lib/python3.10/site-packages/airflow/example_dags/tutorial.py
[2025-11-02T11:58:42.664+0530] {logging_mixin.py:188} INFO - [2025-11-02T11:58:42.663+0530] {dag.py:3089} INFO - Sync 1 DAGs
[2025-11-02T11:58:42.735+0530] {logging_mixin.py:188} INFO - [2025-11-02T11:58:42.734+0530] {dag.py:3947} INFO - Setting next_dagrun for tutorial to 2025-11-01 00:00:00+00:00, run_after=2025-11-02 00:00:00+00:00
[2025-11-02T11:58:42.818+0530] {processor.py:183} INFO - Processing /home/logi/txtai/venv/lib/python3.10/site-packages/airflow/example_dags/tutorial.py took 0.304 seconds
[2025-11-02T11:59:32.289+0530] {processor.py:161} INFO - Started process (PID=16093) to work on /home/logi/txtai/venv/lib/python3.10/site-packages/airflow/example_dags/tutorial.py
[2025-11-02T11:59:32.302+0530] {processor.py:830} INFO - Processing file /home/logi/txtai/venv/lib/python3.10/site-packages/airflow/example_dags/tutorial.py for tasks to queue
[2025-11-02T11:59:32.305+0530] {logging_mixin.py:188} INFO - [2025-11-02T11:59:32.305+0530] {dagbag.py:545} INFO - Filling up the DagBag from /home/logi/txtai/venv/lib/python3.10/site-packages/airflow/example_dags/tutorial.py
[2025-11-02T11:59:32.315+0530] {processor.py:840} INFO - DAG(s) 'tutorial' retrieved from /home/logi/txtai/venv/lib/python3.10/site-packages/airflow/example_dags/tutorial.py
[2025-11-02T11:59:32.342+0530] {logging_mixin.py:188} INFO - [2025-11-02T11:59:32.342+0530] {dag.py:3089} INFO - Sync 1 DAGs
[2025-11-02T11:59:32.365+0530] {logging_mixin.py:188} INFO - [2025-11-02T11:59:32.365+0530] {dag.py:3947} INFO - Setting next_dagrun for tutorial to 2025-11-01 00:00:00+00:00, run_after=2025-11-02 00:00:00+00:00
[2025-11-02T11:59:32.393+0530] {processor.py:183} INFO - Processing /home/logi/txtai/venv/lib/python3.10/site-packages/airflow/example_dags/tutorial.py took 0.116 seconds
[2025-11-02T12:00:25.680+0530] {processor.py:161} INFO - Started process (PID=16227) to work on /home/logi/txtai/venv/lib/python3.10/site-packages/airflow/example_dags/tutorial.py
[2025-11-02T12:00:25.693+0530] {processor.py:830} INFO - Processing file /home/logi/txtai/venv/lib/python3.10/site-packages/airflow/example_dags/tutorial.py for tasks to queue
[2025-11-02T12:00:25.695+0530] {logging_mixin.py:188} INFO - [2025-11-02T12:00:25.695+0530] {dagbag.py:545} INFO - Filling up the DagBag from /home/logi/txtai/venv/lib/python3.10/site-packages/airflow/example_dags/tutorial.py
[2025-11-02T12:00:25.700+0530] {processor.py:840} INFO - DAG(s) 'tutorial' retrieved from /home/logi/txtai/venv/lib/python3.10/site-packages/airflow/example_dags/tutorial.py
[2025-11-02T12:00:25.712+0530] {logging_mixin.py:188} INFO - [2025-11-02T12:00:25.712+0530] {dag.py:3089} INFO - Sync 1 DAGs
[2025-11-02T12:00:25.726+0530] {logging_mixin.py:188} INFO - [2025-11-02T12:00:25.726+0530] {dag.py:3947} INFO - Setting next_dagrun for tutorial to 2025-11-01 00:00:00+00:00, run_after=2025-11-02 00:00:00+00:00
[2025-11-02T12:00:25.742+0530] {processor.py:183} INFO - Processing /home/logi/txtai/venv/lib/python3.10/site-packages/airflow/example_dags/tutorial.py took 0.067 seconds
[2025-11-02T12:01:21.206+0530] {processor.py:161} INFO - Started process (PID=16305) to work on /home/logi/txtai/venv/lib/python3.10/site-packages/airflow/example_dags/tutorial.py
[2025-11-02T12:01:21.209+0530] {processor.py:830} INFO - Processing file /home/logi/txtai/venv/lib/python3.10/site-packages/airflow/example_dags/tutorial.py for tasks to queue
[2025-11-02T12:01:21.212+0530] {logging_mixin.py:188} INFO - [2025-11-02T12:01:21.212+0530] {dagbag.py:545} INFO - Filling up the DagBag from /home/logi/txtai/venv/lib/python3.10/site-packages/airflow/example_dags/tutorial.py
[2025-11-02T12:01:21.223+0530] {processor.py:840} INFO - DAG(s) 'tutorial' retrieved from /home/logi/txtai/venv/lib/python3.10/site-packages/airflow/example_dags/tutorial.py
[2025-11-02T12:01:21.248+0530] {logging_mixin.py:188} INFO - [2025-11-02T12:01:21.248+0530] {dag.py:3089} INFO - Sync 1 DAGs
[2025-11-02T12:01:21.266+0530] {logging_mixin.py:188} INFO - [2025-11-02T12:01:21.265+0530] {dag.py:3947} INFO - Setting next_dagrun for tutorial to 2025-11-01 00:00:00+00:00, run_after=2025-11-02 00:00:00+00:00
[2025-11-02T12:01:21.286+0530] {processor.py:183} INFO - Processing /home/logi/txtai/venv/lib/python3.10/site-packages/airflow/example_dags/tutorial.py took 0.091 seconds
[2025-11-02T12:02:12.585+0530] {processor.py:161} INFO - Started process (PID=16385) to work on /home/logi/txtai/venv/lib/python3.10/site-packages/airflow/example_dags/tutorial.py
[2025-11-02T12:02:12.599+0530] {processor.py:830} INFO - Processing file /home/logi/txtai/venv/lib/python3.10/site-packages/airflow/example_dags/tutorial.py for tasks to queue
[2025-11-02T12:02:12.602+0530] {logging_mixin.py:188} INFO - [2025-11-02T12:02:12.601+0530] {dagbag.py:545} INFO - Filling up the DagBag from /home/logi/txtai/venv/lib/python3.10/site-packages/airflow/example_dags/tutorial.py
[2025-11-02T12:02:12.612+0530] {processor.py:840} INFO - DAG(s) 'tutorial' retrieved from /home/logi/txtai/venv/lib/python3.10/site-packages/airflow/example_dags/tutorial.py
[2025-11-02T12:02:12.640+0530] {logging_mixin.py:188} INFO - [2025-11-02T12:02:12.640+0530] {dag.py:3089} INFO - Sync 1 DAGs
[2025-11-02T12:02:12.662+0530] {logging_mixin.py:188} INFO - [2025-11-02T12:02:12.661+0530] {dag.py:3947} INFO - Setting next_dagrun for tutorial to 2025-11-01 00:00:00+00:00, run_after=2025-11-02 00:00:00+00:00
[2025-11-02T12:02:12.691+0530] {processor.py:183} INFO - Processing /home/logi/txtai/venv/lib/python3.10/site-packages/airflow/example_dags/tutorial.py took 0.117 seconds
[2025-11-02T12:02:58.903+0530] {processor.py:161} INFO - Started process (PID=16456) to work on /home/logi/txtai/venv/lib/python3.10/site-packages/airflow/example_dags/tutorial.py
[2025-11-02T12:02:58.917+0530] {processor.py:830} INFO - Processing file /home/logi/txtai/venv/lib/python3.10/site-packages/airflow/example_dags/tutorial.py for tasks to queue
[2025-11-02T12:02:58.920+0530] {logging_mixin.py:188} INFO - [2025-11-02T12:02:58.919+0530] {dagbag.py:545} INFO - Filling up the DagBag from /home/logi/txtai/venv/lib/python3.10/site-packages/airflow/example_dags/tutorial.py
[2025-11-02T12:02:58.930+0530] {processor.py:840} INFO - DAG(s) 'tutorial' retrieved from /home/logi/txtai/venv/lib/python3.10/site-packages/airflow/example_dags/tutorial.py
[2025-11-02T12:02:58.957+0530] {logging_mixin.py:188} INFO - [2025-11-02T12:02:58.956+0530] {dag.py:3089} INFO - Sync 1 DAGs
[2025-11-02T12:02:58.978+0530] {logging_mixin.py:188} INFO - [2025-11-02T12:02:58.978+0530] {dag.py:3947} INFO - Setting next_dagrun for tutorial to 2025-11-01 00:00:00+00:00, run_after=2025-11-02 00:00:00+00:00
[2025-11-02T12:02:59.005+0530] {processor.py:183} INFO - Processing /home/logi/txtai/venv/lib/python3.10/site-packages/airflow/example_dags/tutorial.py took 0.113 seconds
[2025-11-02T12:03:49.549+0530] {processor.py:161} INFO - Started process (PID=16528) to work on /home/logi/txtai/venv/lib/python3.10/site-packages/airflow/example_dags/tutorial.py
[2025-11-02T12:03:49.562+0530] {processor.py:830} INFO - Processing file /home/logi/txtai/venv/lib/python3.10/site-packages/airflow/example_dags/tutorial.py for tasks to queue
[2025-11-02T12:03:49.565+0530] {logging_mixin.py:188} INFO - [2025-11-02T12:03:49.565+0530] {dagbag.py:545} INFO - Filling up the DagBag from /home/logi/txtai/venv/lib/python3.10/site-packages/airflow/example_dags/tutorial.py
[2025-11-02T12:03:49.576+0530] {processor.py:840} INFO - DAG(s) 'tutorial' retrieved from /home/logi/txtai/venv/lib/python3.10/site-packages/airflow/example_dags/tutorial.py
[2025-11-02T12:03:49.604+0530] {logging_mixin.py:188} INFO - [2025-11-02T12:03:49.604+0530] {dag.py:3089} INFO - Sync 1 DAGs
[2025-11-02T12:03:49.627+0530] {logging_mixin.py:188} INFO - [2025-11-02T12:03:49.626+0530] {dag.py:3947} INFO - Setting next_dagrun for tutorial to 2025-11-01 00:00:00+00:00, run_after=2025-11-02 00:00:00+00:00
[2025-11-02T12:03:49.656+0530] {processor.py:183} INFO - Processing /home/logi/txtai/venv/lib/python3.10/site-packages/airflow/example_dags/tutorial.py took 0.120 seconds
[2025-11-02T12:04:43.446+0530] {processor.py:161} INFO - Started process (PID=16791) to work on /home/logi/txtai/venv/lib/python3.10/site-packages/airflow/example_dags/tutorial.py
[2025-11-02T12:04:43.449+0530] {processor.py:830} INFO - Processing file /home/logi/txtai/venv/lib/python3.10/site-packages/airflow/example_dags/tutorial.py for tasks to queue
[2025-11-02T12:04:43.455+0530] {logging_mixin.py:188} INFO - [2025-11-02T12:04:43.454+0530] {dagbag.py:545} INFO - Filling up the DagBag from /home/logi/txtai/venv/lib/python3.10/site-packages/airflow/example_dags/tutorial.py
[2025-11-02T12:04:43.475+0530] {processor.py:840} INFO - DAG(s) 'tutorial' retrieved from /home/logi/txtai/venv/lib/python3.10/site-packages/airflow/example_dags/tutorial.py
[2025-11-02T12:04:43.513+0530] {logging_mixin.py:188} INFO - [2025-11-02T12:04:43.512+0530] {dag.py:3089} INFO - Sync 1 DAGs
[2025-11-02T12:04:43.547+0530] {logging_mixin.py:188} INFO - [2025-11-02T12:04:43.546+0530] {dag.py:3947} INFO - Setting next_dagrun for tutorial to 2025-11-01 00:00:00+00:00, run_after=2025-11-02 00:00:00+00:00
[2025-11-02T12:04:43.599+0530] {processor.py:183} INFO - Processing /home/logi/txtai/venv/lib/python3.10/site-packages/airflow/example_dags/tutorial.py took 0.174 seconds
[2025-11-02T12:05:38.660+0530] {processor.py:161} INFO - Started process (PID=17182) to work on /home/logi/txtai/venv/lib/python3.10/site-packages/airflow/example_dags/tutorial.py
[2025-11-02T12:05:38.674+0530] {processor.py:830} INFO - Processing file /home/logi/txtai/venv/lib/python3.10/site-packages/airflow/example_dags/tutorial.py for tasks to queue
[2025-11-02T12:05:38.676+0530] {logging_mixin.py:188} INFO - [2025-11-02T12:05:38.676+0530] {dagbag.py:545} INFO - Filling up the DagBag from /home/logi/txtai/venv/lib/python3.10/site-packages/airflow/example_dags/tutorial.py
[2025-11-02T12:05:38.686+0530] {processor.py:840} INFO - DAG(s) 'tutorial' retrieved from /home/logi/txtai/venv/lib/python3.10/site-packages/airflow/example_dags/tutorial.py
[2025-11-02T12:05:38.712+0530] {logging_mixin.py:188} INFO - [2025-11-02T12:05:38.712+0530] {dag.py:3089} INFO - Sync 1 DAGs
[2025-11-02T12:05:38.739+0530] {logging_mixin.py:188} INFO - [2025-11-02T12:05:38.739+0530] {dag.py:3947} INFO - Setting next_dagrun for tutorial to 2025-11-01 00:00:00+00:00, run_after=2025-11-02 00:00:00+00:00
[2025-11-02T12:05:38.762+0530] {processor.py:183} INFO - Processing /home/logi/txtai/venv/lib/python3.10/site-packages/airflow/example_dags/tutorial.py took 0.113 seconds
