[2025-11-02T10:30:30.607+0530] {processor.py:161} INFO - Started process (PID=5930) to work on /home/logi/txtai/venv/lib/python3.10/site-packages/airflow/example_dags/tutorial_dag.py
[2025-11-02T10:30:30.608+0530] {processor.py:830} INFO - Processing file /home/logi/txtai/venv/lib/python3.10/site-packages/airflow/example_dags/tutorial_dag.py for tasks to queue
[2025-11-02T10:30:30.611+0530] {logging_mixin.py:188} INFO - [2025-11-02T10:30:30.611+0530] {dagbag.py:545} INFO - Filling up the DagBag from /home/logi/txtai/venv/lib/python3.10/site-packages/airflow/example_dags/tutorial_dag.py
[2025-11-02T10:30:30.623+0530] {processor.py:840} INFO - DAG(s) 'tutorial_dag' retrieved from /home/logi/txtai/venv/lib/python3.10/site-packages/airflow/example_dags/tutorial_dag.py
[2025-11-02T10:30:30.646+0530] {logging_mixin.py:188} INFO - [2025-11-02T10:30:30.646+0530] {dag.py:3089} INFO - Sync 1 DAGs
[2025-11-02T10:30:30.658+0530] {logging_mixin.py:188} INFO - [2025-11-02T10:30:30.658+0530] {dag.py:3947} INFO - Setting next_dagrun for tutorial_dag to None, run_after=None
[2025-11-02T10:30:30.691+0530] {processor.py:183} INFO - Processing /home/logi/txtai/venv/lib/python3.10/site-packages/airflow/example_dags/tutorial_dag.py took 0.095 seconds
[2025-11-02T10:31:30.017+0530] {processor.py:161} INFO - Started process (PID=6125) to work on /home/logi/txtai/venv/lib/python3.10/site-packages/airflow/example_dags/tutorial_dag.py
[2025-11-02T10:31:30.030+0530] {processor.py:830} INFO - Processing file /home/logi/txtai/venv/lib/python3.10/site-packages/airflow/example_dags/tutorial_dag.py for tasks to queue
[2025-11-02T10:31:30.033+0530] {logging_mixin.py:188} INFO - [2025-11-02T10:31:30.033+0530] {dagbag.py:545} INFO - Filling up the DagBag from /home/logi/txtai/venv/lib/python3.10/site-packages/airflow/example_dags/tutorial_dag.py
[2025-11-02T10:31:30.043+0530] {processor.py:840} INFO - DAG(s) 'tutorial_dag' retrieved from /home/logi/txtai/venv/lib/python3.10/site-packages/airflow/example_dags/tutorial_dag.py
[2025-11-02T10:31:30.070+0530] {logging_mixin.py:188} INFO - [2025-11-02T10:31:30.069+0530] {dag.py:3089} INFO - Sync 1 DAGs
[2025-11-02T10:31:30.080+0530] {logging_mixin.py:188} INFO - [2025-11-02T10:31:30.080+0530] {dag.py:3947} INFO - Setting next_dagrun for tutorial_dag to None, run_after=None
[2025-11-02T10:31:30.103+0530] {processor.py:183} INFO - Processing /home/logi/txtai/venv/lib/python3.10/site-packages/airflow/example_dags/tutorial_dag.py took 0.097 seconds
[2025-11-02T10:32:24.558+0530] {processor.py:161} INFO - Started process (PID=6321) to work on /home/logi/txtai/venv/lib/python3.10/site-packages/airflow/example_dags/tutorial_dag.py
[2025-11-02T10:32:24.572+0530] {processor.py:830} INFO - Processing file /home/logi/txtai/venv/lib/python3.10/site-packages/airflow/example_dags/tutorial_dag.py for tasks to queue
[2025-11-02T10:32:24.577+0530] {logging_mixin.py:188} INFO - [2025-11-02T10:32:24.576+0530] {dagbag.py:545} INFO - Filling up the DagBag from /home/logi/txtai/venv/lib/python3.10/site-packages/airflow/example_dags/tutorial_dag.py
[2025-11-02T10:32:24.588+0530] {processor.py:840} INFO - DAG(s) 'tutorial_dag' retrieved from /home/logi/txtai/venv/lib/python3.10/site-packages/airflow/example_dags/tutorial_dag.py
[2025-11-02T10:32:24.615+0530] {logging_mixin.py:188} INFO - [2025-11-02T10:32:24.614+0530] {dag.py:3089} INFO - Sync 1 DAGs
[2025-11-02T10:32:24.628+0530] {logging_mixin.py:188} INFO - [2025-11-02T10:32:24.627+0530] {dag.py:3947} INFO - Setting next_dagrun for tutorial_dag to None, run_after=None
[2025-11-02T10:32:24.648+0530] {processor.py:183} INFO - Processing /home/logi/txtai/venv/lib/python3.10/site-packages/airflow/example_dags/tutorial_dag.py took 0.102 seconds
[2025-11-02T10:33:16.544+0530] {processor.py:161} INFO - Started process (PID=6402) to work on /home/logi/txtai/venv/lib/python3.10/site-packages/airflow/example_dags/tutorial_dag.py
[2025-11-02T10:33:16.557+0530] {processor.py:830} INFO - Processing file /home/logi/txtai/venv/lib/python3.10/site-packages/airflow/example_dags/tutorial_dag.py for tasks to queue
[2025-11-02T10:33:16.561+0530] {logging_mixin.py:188} INFO - [2025-11-02T10:33:16.560+0530] {dagbag.py:545} INFO - Filling up the DagBag from /home/logi/txtai/venv/lib/python3.10/site-packages/airflow/example_dags/tutorial_dag.py
[2025-11-02T10:33:16.572+0530] {processor.py:840} INFO - DAG(s) 'tutorial_dag' retrieved from /home/logi/txtai/venv/lib/python3.10/site-packages/airflow/example_dags/tutorial_dag.py
[2025-11-02T10:33:16.605+0530] {logging_mixin.py:188} INFO - [2025-11-02T10:33:16.604+0530] {dag.py:3089} INFO - Sync 1 DAGs
[2025-11-02T10:33:16.616+0530] {logging_mixin.py:188} INFO - [2025-11-02T10:33:16.616+0530] {dag.py:3947} INFO - Setting next_dagrun for tutorial_dag to None, run_after=None
[2025-11-02T10:33:16.636+0530] {processor.py:183} INFO - Processing /home/logi/txtai/venv/lib/python3.10/site-packages/airflow/example_dags/tutorial_dag.py took 0.105 seconds
[2025-11-02T10:34:09.846+0530] {processor.py:161} INFO - Started process (PID=6512) to work on /home/logi/txtai/venv/lib/python3.10/site-packages/airflow/example_dags/tutorial_dag.py
[2025-11-02T10:34:09.860+0530] {processor.py:830} INFO - Processing file /home/logi/txtai/venv/lib/python3.10/site-packages/airflow/example_dags/tutorial_dag.py for tasks to queue
[2025-11-02T10:34:09.864+0530] {logging_mixin.py:188} INFO - [2025-11-02T10:34:09.863+0530] {dagbag.py:545} INFO - Filling up the DagBag from /home/logi/txtai/venv/lib/python3.10/site-packages/airflow/example_dags/tutorial_dag.py
[2025-11-02T10:34:09.874+0530] {processor.py:840} INFO - DAG(s) 'tutorial_dag' retrieved from /home/logi/txtai/venv/lib/python3.10/site-packages/airflow/example_dags/tutorial_dag.py
[2025-11-02T10:34:09.902+0530] {logging_mixin.py:188} INFO - [2025-11-02T10:34:09.902+0530] {dag.py:3089} INFO - Sync 1 DAGs
[2025-11-02T10:34:09.917+0530] {logging_mixin.py:188} INFO - [2025-11-02T10:34:09.916+0530] {dag.py:3947} INFO - Setting next_dagrun for tutorial_dag to None, run_after=None
[2025-11-02T10:34:09.936+0530] {processor.py:183} INFO - Processing /home/logi/txtai/venv/lib/python3.10/site-packages/airflow/example_dags/tutorial_dag.py took 0.102 seconds
[2025-11-02T10:35:01.282+0530] {processor.py:161} INFO - Started process (PID=6680) to work on /home/logi/txtai/venv/lib/python3.10/site-packages/airflow/example_dags/tutorial_dag.py
[2025-11-02T10:35:01.284+0530] {processor.py:830} INFO - Processing file /home/logi/txtai/venv/lib/python3.10/site-packages/airflow/example_dags/tutorial_dag.py for tasks to queue
[2025-11-02T10:35:01.287+0530] {logging_mixin.py:188} INFO - [2025-11-02T10:35:01.286+0530] {dagbag.py:545} INFO - Filling up the DagBag from /home/logi/txtai/venv/lib/python3.10/site-packages/airflow/example_dags/tutorial_dag.py
[2025-11-02T10:35:01.297+0530] {processor.py:840} INFO - DAG(s) 'tutorial_dag' retrieved from /home/logi/txtai/venv/lib/python3.10/site-packages/airflow/example_dags/tutorial_dag.py
[2025-11-02T10:35:01.321+0530] {logging_mixin.py:188} INFO - [2025-11-02T10:35:01.321+0530] {dag.py:3089} INFO - Sync 1 DAGs
[2025-11-02T10:35:01.331+0530] {logging_mixin.py:188} INFO - [2025-11-02T10:35:01.331+0530] {dag.py:3947} INFO - Setting next_dagrun for tutorial_dag to None, run_after=None
[2025-11-02T10:35:01.359+0530] {processor.py:183} INFO - Processing /home/logi/txtai/venv/lib/python3.10/site-packages/airflow/example_dags/tutorial_dag.py took 0.088 seconds
[2025-11-02T10:35:53.572+0530] {processor.py:161} INFO - Started process (PID=6848) to work on /home/logi/txtai/venv/lib/python3.10/site-packages/airflow/example_dags/tutorial_dag.py
[2025-11-02T10:35:53.586+0530] {processor.py:830} INFO - Processing file /home/logi/txtai/venv/lib/python3.10/site-packages/airflow/example_dags/tutorial_dag.py for tasks to queue
[2025-11-02T10:35:53.589+0530] {logging_mixin.py:188} INFO - [2025-11-02T10:35:53.588+0530] {dagbag.py:545} INFO - Filling up the DagBag from /home/logi/txtai/venv/lib/python3.10/site-packages/airflow/example_dags/tutorial_dag.py
[2025-11-02T10:35:53.598+0530] {processor.py:840} INFO - DAG(s) 'tutorial_dag' retrieved from /home/logi/txtai/venv/lib/python3.10/site-packages/airflow/example_dags/tutorial_dag.py
[2025-11-02T10:35:53.623+0530] {logging_mixin.py:188} INFO - [2025-11-02T10:35:53.623+0530] {dag.py:3089} INFO - Sync 1 DAGs
[2025-11-02T10:35:53.638+0530] {logging_mixin.py:188} INFO - [2025-11-02T10:35:53.638+0530] {dag.py:3947} INFO - Setting next_dagrun for tutorial_dag to None, run_after=None
[2025-11-02T10:35:53.656+0530] {processor.py:183} INFO - Processing /home/logi/txtai/venv/lib/python3.10/site-packages/airflow/example_dags/tutorial_dag.py took 0.095 seconds
[2025-11-02T10:36:47.547+0530] {processor.py:161} INFO - Started process (PID=6940) to work on /home/logi/txtai/venv/lib/python3.10/site-packages/airflow/example_dags/tutorial_dag.py
[2025-11-02T10:36:47.560+0530] {processor.py:830} INFO - Processing file /home/logi/txtai/venv/lib/python3.10/site-packages/airflow/example_dags/tutorial_dag.py for tasks to queue
[2025-11-02T10:36:47.563+0530] {logging_mixin.py:188} INFO - [2025-11-02T10:36:47.563+0530] {dagbag.py:545} INFO - Filling up the DagBag from /home/logi/txtai/venv/lib/python3.10/site-packages/airflow/example_dags/tutorial_dag.py
[2025-11-02T10:36:47.573+0530] {processor.py:840} INFO - DAG(s) 'tutorial_dag' retrieved from /home/logi/txtai/venv/lib/python3.10/site-packages/airflow/example_dags/tutorial_dag.py
[2025-11-02T10:36:47.602+0530] {logging_mixin.py:188} INFO - [2025-11-02T10:36:47.601+0530] {dag.py:3089} INFO - Sync 1 DAGs
[2025-11-02T10:36:47.617+0530] {logging_mixin.py:188} INFO - [2025-11-02T10:36:47.617+0530] {dag.py:3947} INFO - Setting next_dagrun for tutorial_dag to None, run_after=None
[2025-11-02T10:36:47.636+0530] {processor.py:183} INFO - Processing /home/logi/txtai/venv/lib/python3.10/site-packages/airflow/example_dags/tutorial_dag.py took 0.099 seconds
[2025-11-02T10:37:36.061+0530] {processor.py:161} INFO - Started process (PID=7022) to work on /home/logi/txtai/venv/lib/python3.10/site-packages/airflow/example_dags/tutorial_dag.py
[2025-11-02T10:37:36.064+0530] {processor.py:830} INFO - Processing file /home/logi/txtai/venv/lib/python3.10/site-packages/airflow/example_dags/tutorial_dag.py for tasks to queue
[2025-11-02T10:37:36.067+0530] {logging_mixin.py:188} INFO - [2025-11-02T10:37:36.066+0530] {dagbag.py:545} INFO - Filling up the DagBag from /home/logi/txtai/venv/lib/python3.10/site-packages/airflow/example_dags/tutorial_dag.py
[2025-11-02T10:37:36.078+0530] {processor.py:840} INFO - DAG(s) 'tutorial_dag' retrieved from /home/logi/txtai/venv/lib/python3.10/site-packages/airflow/example_dags/tutorial_dag.py
[2025-11-02T10:37:36.102+0530] {logging_mixin.py:188} INFO - [2025-11-02T10:37:36.102+0530] {dag.py:3089} INFO - Sync 1 DAGs
[2025-11-02T10:37:36.112+0530] {logging_mixin.py:188} INFO - [2025-11-02T10:37:36.112+0530] {dag.py:3947} INFO - Setting next_dagrun for tutorial_dag to None, run_after=None
[2025-11-02T10:37:36.137+0530] {processor.py:183} INFO - Processing /home/logi/txtai/venv/lib/python3.10/site-packages/airflow/example_dags/tutorial_dag.py took 0.087 seconds
[2025-11-02T10:38:30.694+0530] {processor.py:161} INFO - Started process (PID=7097) to work on /home/logi/txtai/venv/lib/python3.10/site-packages/airflow/example_dags/tutorial_dag.py
[2025-11-02T10:38:30.708+0530] {processor.py:830} INFO - Processing file /home/logi/txtai/venv/lib/python3.10/site-packages/airflow/example_dags/tutorial_dag.py for tasks to queue
[2025-11-02T10:38:30.710+0530] {logging_mixin.py:188} INFO - [2025-11-02T10:38:30.709+0530] {dagbag.py:545} INFO - Filling up the DagBag from /home/logi/txtai/venv/lib/python3.10/site-packages/airflow/example_dags/tutorial_dag.py
[2025-11-02T10:38:30.716+0530] {processor.py:840} INFO - DAG(s) 'tutorial_dag' retrieved from /home/logi/txtai/venv/lib/python3.10/site-packages/airflow/example_dags/tutorial_dag.py
[2025-11-02T10:38:30.739+0530] {logging_mixin.py:188} INFO - [2025-11-02T10:38:30.738+0530] {dag.py:3089} INFO - Sync 1 DAGs
[2025-11-02T10:38:30.750+0530] {logging_mixin.py:188} INFO - [2025-11-02T10:38:30.749+0530] {dag.py:3947} INFO - Setting next_dagrun for tutorial_dag to None, run_after=None
[2025-11-02T10:38:30.770+0530] {processor.py:183} INFO - Processing /home/logi/txtai/venv/lib/python3.10/site-packages/airflow/example_dags/tutorial_dag.py took 0.084 seconds
[2025-11-02T10:39:23.775+0530] {processor.py:161} INFO - Started process (PID=7189) to work on /home/logi/txtai/venv/lib/python3.10/site-packages/airflow/example_dags/tutorial_dag.py
[2025-11-02T10:39:23.789+0530] {processor.py:830} INFO - Processing file /home/logi/txtai/venv/lib/python3.10/site-packages/airflow/example_dags/tutorial_dag.py for tasks to queue
[2025-11-02T10:39:23.792+0530] {logging_mixin.py:188} INFO - [2025-11-02T10:39:23.791+0530] {dagbag.py:545} INFO - Filling up the DagBag from /home/logi/txtai/venv/lib/python3.10/site-packages/airflow/example_dags/tutorial_dag.py
[2025-11-02T10:39:23.802+0530] {processor.py:840} INFO - DAG(s) 'tutorial_dag' retrieved from /home/logi/txtai/venv/lib/python3.10/site-packages/airflow/example_dags/tutorial_dag.py
[2025-11-02T10:39:23.829+0530] {logging_mixin.py:188} INFO - [2025-11-02T10:39:23.828+0530] {dag.py:3089} INFO - Sync 1 DAGs
[2025-11-02T10:39:23.843+0530] {logging_mixin.py:188} INFO - [2025-11-02T10:39:23.843+0530] {dag.py:3947} INFO - Setting next_dagrun for tutorial_dag to None, run_after=None
[2025-11-02T10:39:23.863+0530] {processor.py:183} INFO - Processing /home/logi/txtai/venv/lib/python3.10/site-packages/airflow/example_dags/tutorial_dag.py took 0.099 seconds
[2025-11-02T10:40:17.510+0530] {processor.py:161} INFO - Started process (PID=7314) to work on /home/logi/txtai/venv/lib/python3.10/site-packages/airflow/example_dags/tutorial_dag.py
[2025-11-02T10:40:17.523+0530] {processor.py:830} INFO - Processing file /home/logi/txtai/venv/lib/python3.10/site-packages/airflow/example_dags/tutorial_dag.py for tasks to queue
[2025-11-02T10:40:17.526+0530] {logging_mixin.py:188} INFO - [2025-11-02T10:40:17.526+0530] {dagbag.py:545} INFO - Filling up the DagBag from /home/logi/txtai/venv/lib/python3.10/site-packages/airflow/example_dags/tutorial_dag.py
[2025-11-02T10:40:17.536+0530] {processor.py:840} INFO - DAG(s) 'tutorial_dag' retrieved from /home/logi/txtai/venv/lib/python3.10/site-packages/airflow/example_dags/tutorial_dag.py
[2025-11-02T10:40:17.563+0530] {logging_mixin.py:188} INFO - [2025-11-02T10:40:17.563+0530] {dag.py:3089} INFO - Sync 1 DAGs
[2025-11-02T10:40:17.578+0530] {logging_mixin.py:188} INFO - [2025-11-02T10:40:17.578+0530] {dag.py:3947} INFO - Setting next_dagrun for tutorial_dag to None, run_after=None
[2025-11-02T10:40:17.598+0530] {processor.py:183} INFO - Processing /home/logi/txtai/venv/lib/python3.10/site-packages/airflow/example_dags/tutorial_dag.py took 0.100 seconds
[2025-11-02T10:41:13.793+0530] {processor.py:161} INFO - Started process (PID=7413) to work on /home/logi/txtai/venv/lib/python3.10/site-packages/airflow/example_dags/tutorial_dag.py
[2025-11-02T10:41:13.795+0530] {processor.py:830} INFO - Processing file /home/logi/txtai/venv/lib/python3.10/site-packages/airflow/example_dags/tutorial_dag.py for tasks to queue
[2025-11-02T10:41:13.798+0530] {logging_mixin.py:188} INFO - [2025-11-02T10:41:13.798+0530] {dagbag.py:545} INFO - Filling up the DagBag from /home/logi/txtai/venv/lib/python3.10/site-packages/airflow/example_dags/tutorial_dag.py
[2025-11-02T10:41:13.808+0530] {processor.py:840} INFO - DAG(s) 'tutorial_dag' retrieved from /home/logi/txtai/venv/lib/python3.10/site-packages/airflow/example_dags/tutorial_dag.py
[2025-11-02T10:41:13.833+0530] {logging_mixin.py:188} INFO - [2025-11-02T10:41:13.832+0530] {dag.py:3089} INFO - Sync 1 DAGs
[2025-11-02T10:41:13.842+0530] {logging_mixin.py:188} INFO - [2025-11-02T10:41:13.842+0530] {dag.py:3947} INFO - Setting next_dagrun for tutorial_dag to None, run_after=None
[2025-11-02T10:41:13.863+0530] {processor.py:183} INFO - Processing /home/logi/txtai/venv/lib/python3.10/site-packages/airflow/example_dags/tutorial_dag.py took 0.081 seconds
[2025-11-02T10:42:05.694+0530] {processor.py:161} INFO - Started process (PID=7488) to work on /home/logi/txtai/venv/lib/python3.10/site-packages/airflow/example_dags/tutorial_dag.py
[2025-11-02T10:42:05.696+0530] {processor.py:830} INFO - Processing file /home/logi/txtai/venv/lib/python3.10/site-packages/airflow/example_dags/tutorial_dag.py for tasks to queue
[2025-11-02T10:42:05.699+0530] {logging_mixin.py:188} INFO - [2025-11-02T10:42:05.698+0530] {dagbag.py:545} INFO - Filling up the DagBag from /home/logi/txtai/venv/lib/python3.10/site-packages/airflow/example_dags/tutorial_dag.py
[2025-11-02T10:42:05.709+0530] {processor.py:840} INFO - DAG(s) 'tutorial_dag' retrieved from /home/logi/txtai/venv/lib/python3.10/site-packages/airflow/example_dags/tutorial_dag.py
[2025-11-02T10:42:05.734+0530] {logging_mixin.py:188} INFO - [2025-11-02T10:42:05.734+0530] {dag.py:3089} INFO - Sync 1 DAGs
[2025-11-02T10:42:05.744+0530] {logging_mixin.py:188} INFO - [2025-11-02T10:42:05.743+0530] {dag.py:3947} INFO - Setting next_dagrun for tutorial_dag to None, run_after=None
[2025-11-02T10:42:05.765+0530] {processor.py:183} INFO - Processing /home/logi/txtai/venv/lib/python3.10/site-packages/airflow/example_dags/tutorial_dag.py took 0.083 seconds
[2025-11-02T10:42:56.834+0530] {processor.py:161} INFO - Started process (PID=7704) to work on /home/logi/txtai/venv/lib/python3.10/site-packages/airflow/example_dags/tutorial_dag.py
[2025-11-02T10:42:56.848+0530] {processor.py:830} INFO - Processing file /home/logi/txtai/venv/lib/python3.10/site-packages/airflow/example_dags/tutorial_dag.py for tasks to queue
[2025-11-02T10:42:56.850+0530] {logging_mixin.py:188} INFO - [2025-11-02T10:42:56.850+0530] {dagbag.py:545} INFO - Filling up the DagBag from /home/logi/txtai/venv/lib/python3.10/site-packages/airflow/example_dags/tutorial_dag.py
[2025-11-02T10:42:56.856+0530] {processor.py:840} INFO - DAG(s) 'tutorial_dag' retrieved from /home/logi/txtai/venv/lib/python3.10/site-packages/airflow/example_dags/tutorial_dag.py
[2025-11-02T10:42:56.876+0530] {logging_mixin.py:188} INFO - [2025-11-02T10:42:56.875+0530] {dag.py:3089} INFO - Sync 1 DAGs
[2025-11-02T10:42:56.887+0530] {logging_mixin.py:188} INFO - [2025-11-02T10:42:56.886+0530] {dag.py:3947} INFO - Setting next_dagrun for tutorial_dag to None, run_after=None
[2025-11-02T10:42:56.912+0530] {processor.py:183} INFO - Processing /home/logi/txtai/venv/lib/python3.10/site-packages/airflow/example_dags/tutorial_dag.py took 0.084 seconds
[2025-11-02T10:43:48.426+0530] {processor.py:161} INFO - Started process (PID=7790) to work on /home/logi/txtai/venv/lib/python3.10/site-packages/airflow/example_dags/tutorial_dag.py
[2025-11-02T10:43:48.428+0530] {processor.py:830} INFO - Processing file /home/logi/txtai/venv/lib/python3.10/site-packages/airflow/example_dags/tutorial_dag.py for tasks to queue
[2025-11-02T10:43:48.431+0530] {logging_mixin.py:188} INFO - [2025-11-02T10:43:48.430+0530] {dagbag.py:545} INFO - Filling up the DagBag from /home/logi/txtai/venv/lib/python3.10/site-packages/airflow/example_dags/tutorial_dag.py
[2025-11-02T10:43:48.440+0530] {processor.py:840} INFO - DAG(s) 'tutorial_dag' retrieved from /home/logi/txtai/venv/lib/python3.10/site-packages/airflow/example_dags/tutorial_dag.py
[2025-11-02T10:43:48.463+0530] {logging_mixin.py:188} INFO - [2025-11-02T10:43:48.463+0530] {dag.py:3089} INFO - Sync 1 DAGs
[2025-11-02T10:43:48.473+0530] {logging_mixin.py:188} INFO - [2025-11-02T10:43:48.472+0530] {dag.py:3947} INFO - Setting next_dagrun for tutorial_dag to None, run_after=None
[2025-11-02T10:43:48.492+0530] {processor.py:183} INFO - Processing /home/logi/txtai/venv/lib/python3.10/site-packages/airflow/example_dags/tutorial_dag.py took 0.078 seconds
[2025-11-02T10:44:39.557+0530] {processor.py:161} INFO - Started process (PID=7928) to work on /home/logi/txtai/venv/lib/python3.10/site-packages/airflow/example_dags/tutorial_dag.py
[2025-11-02T10:44:39.558+0530] {processor.py:830} INFO - Processing file /home/logi/txtai/venv/lib/python3.10/site-packages/airflow/example_dags/tutorial_dag.py for tasks to queue
[2025-11-02T10:44:39.561+0530] {logging_mixin.py:188} INFO - [2025-11-02T10:44:39.561+0530] {dagbag.py:545} INFO - Filling up the DagBag from /home/logi/txtai/venv/lib/python3.10/site-packages/airflow/example_dags/tutorial_dag.py
[2025-11-02T10:44:39.568+0530] {processor.py:840} INFO - DAG(s) 'tutorial_dag' retrieved from /home/logi/txtai/venv/lib/python3.10/site-packages/airflow/example_dags/tutorial_dag.py
[2025-11-02T10:44:39.584+0530] {logging_mixin.py:188} INFO - [2025-11-02T10:44:39.584+0530] {dag.py:3089} INFO - Sync 1 DAGs
[2025-11-02T10:44:39.596+0530] {logging_mixin.py:188} INFO - [2025-11-02T10:44:39.595+0530] {dag.py:3947} INFO - Setting next_dagrun for tutorial_dag to None, run_after=None
[2025-11-02T10:44:39.618+0530] {processor.py:183} INFO - Processing /home/logi/txtai/venv/lib/python3.10/site-packages/airflow/example_dags/tutorial_dag.py took 0.068 seconds
[2025-11-02T10:45:29.088+0530] {processor.py:161} INFO - Started process (PID=8035) to work on /home/logi/txtai/venv/lib/python3.10/site-packages/airflow/example_dags/tutorial_dag.py
[2025-11-02T10:45:29.101+0530] {processor.py:830} INFO - Processing file /home/logi/txtai/venv/lib/python3.10/site-packages/airflow/example_dags/tutorial_dag.py for tasks to queue
[2025-11-02T10:45:29.104+0530] {logging_mixin.py:188} INFO - [2025-11-02T10:45:29.103+0530] {dagbag.py:545} INFO - Filling up the DagBag from /home/logi/txtai/venv/lib/python3.10/site-packages/airflow/example_dags/tutorial_dag.py
[2025-11-02T10:45:29.114+0530] {processor.py:840} INFO - DAG(s) 'tutorial_dag' retrieved from /home/logi/txtai/venv/lib/python3.10/site-packages/airflow/example_dags/tutorial_dag.py
[2025-11-02T10:45:29.140+0530] {logging_mixin.py:188} INFO - [2025-11-02T10:45:29.140+0530] {dag.py:3089} INFO - Sync 1 DAGs
[2025-11-02T10:45:29.155+0530] {logging_mixin.py:188} INFO - [2025-11-02T10:45:29.155+0530] {dag.py:3947} INFO - Setting next_dagrun for tutorial_dag to None, run_after=None
[2025-11-02T10:45:29.175+0530] {processor.py:183} INFO - Processing /home/logi/txtai/venv/lib/python3.10/site-packages/airflow/example_dags/tutorial_dag.py took 0.098 seconds
[2025-11-02T10:46:20.498+0530] {processor.py:161} INFO - Started process (PID=8111) to work on /home/logi/txtai/venv/lib/python3.10/site-packages/airflow/example_dags/tutorial_dag.py
[2025-11-02T10:46:20.500+0530] {processor.py:830} INFO - Processing file /home/logi/txtai/venv/lib/python3.10/site-packages/airflow/example_dags/tutorial_dag.py for tasks to queue
[2025-11-02T10:46:20.503+0530] {logging_mixin.py:188} INFO - [2025-11-02T10:46:20.503+0530] {dagbag.py:545} INFO - Filling up the DagBag from /home/logi/txtai/venv/lib/python3.10/site-packages/airflow/example_dags/tutorial_dag.py
[2025-11-02T10:46:20.513+0530] {processor.py:840} INFO - DAG(s) 'tutorial_dag' retrieved from /home/logi/txtai/venv/lib/python3.10/site-packages/airflow/example_dags/tutorial_dag.py
[2025-11-02T10:46:20.531+0530] {logging_mixin.py:188} INFO - [2025-11-02T10:46:20.530+0530] {dag.py:3089} INFO - Sync 1 DAGs
[2025-11-02T10:46:20.541+0530] {logging_mixin.py:188} INFO - [2025-11-02T10:46:20.541+0530] {dag.py:3947} INFO - Setting next_dagrun for tutorial_dag to None, run_after=None
[2025-11-02T10:46:20.561+0530] {processor.py:183} INFO - Processing /home/logi/txtai/venv/lib/python3.10/site-packages/airflow/example_dags/tutorial_dag.py took 0.071 seconds
[2025-11-02T10:47:18.736+0530] {processor.py:161} INFO - Started process (PID=8192) to work on /home/logi/txtai/venv/lib/python3.10/site-packages/airflow/example_dags/tutorial_dag.py
[2025-11-02T10:47:18.750+0530] {processor.py:830} INFO - Processing file /home/logi/txtai/venv/lib/python3.10/site-packages/airflow/example_dags/tutorial_dag.py for tasks to queue
[2025-11-02T10:47:18.753+0530] {logging_mixin.py:188} INFO - [2025-11-02T10:47:18.752+0530] {dagbag.py:545} INFO - Filling up the DagBag from /home/logi/txtai/venv/lib/python3.10/site-packages/airflow/example_dags/tutorial_dag.py
[2025-11-02T10:47:18.763+0530] {processor.py:840} INFO - DAG(s) 'tutorial_dag' retrieved from /home/logi/txtai/venv/lib/python3.10/site-packages/airflow/example_dags/tutorial_dag.py
[2025-11-02T10:47:18.788+0530] {logging_mixin.py:188} INFO - [2025-11-02T10:47:18.788+0530] {dag.py:3089} INFO - Sync 1 DAGs
[2025-11-02T10:47:18.804+0530] {logging_mixin.py:188} INFO - [2025-11-02T10:47:18.804+0530] {dag.py:3947} INFO - Setting next_dagrun for tutorial_dag to None, run_after=None
[2025-11-02T10:47:18.825+0530] {processor.py:183} INFO - Processing /home/logi/txtai/venv/lib/python3.10/site-packages/airflow/example_dags/tutorial_dag.py took 0.100 seconds
[2025-11-02T10:48:12.684+0530] {processor.py:161} INFO - Started process (PID=8271) to work on /home/logi/txtai/venv/lib/python3.10/site-packages/airflow/example_dags/tutorial_dag.py
[2025-11-02T10:48:12.698+0530] {processor.py:830} INFO - Processing file /home/logi/txtai/venv/lib/python3.10/site-packages/airflow/example_dags/tutorial_dag.py for tasks to queue
[2025-11-02T10:48:12.701+0530] {logging_mixin.py:188} INFO - [2025-11-02T10:48:12.700+0530] {dagbag.py:545} INFO - Filling up the DagBag from /home/logi/txtai/venv/lib/python3.10/site-packages/airflow/example_dags/tutorial_dag.py
[2025-11-02T10:48:12.711+0530] {processor.py:840} INFO - DAG(s) 'tutorial_dag' retrieved from /home/logi/txtai/venv/lib/python3.10/site-packages/airflow/example_dags/tutorial_dag.py
[2025-11-02T10:48:12.737+0530] {logging_mixin.py:188} INFO - [2025-11-02T10:48:12.736+0530] {dag.py:3089} INFO - Sync 1 DAGs
[2025-11-02T10:48:12.752+0530] {logging_mixin.py:188} INFO - [2025-11-02T10:48:12.751+0530] {dag.py:3947} INFO - Setting next_dagrun for tutorial_dag to None, run_after=None
[2025-11-02T10:48:12.779+0530] {processor.py:183} INFO - Processing /home/logi/txtai/venv/lib/python3.10/site-packages/airflow/example_dags/tutorial_dag.py took 0.106 seconds
[2025-11-02T10:49:03.803+0530] {processor.py:161} INFO - Started process (PID=8348) to work on /home/logi/txtai/venv/lib/python3.10/site-packages/airflow/example_dags/tutorial_dag.py
[2025-11-02T10:49:03.817+0530] {processor.py:830} INFO - Processing file /home/logi/txtai/venv/lib/python3.10/site-packages/airflow/example_dags/tutorial_dag.py for tasks to queue
[2025-11-02T10:49:03.820+0530] {logging_mixin.py:188} INFO - [2025-11-02T10:49:03.819+0530] {dagbag.py:545} INFO - Filling up the DagBag from /home/logi/txtai/venv/lib/python3.10/site-packages/airflow/example_dags/tutorial_dag.py
[2025-11-02T10:49:03.830+0530] {processor.py:840} INFO - DAG(s) 'tutorial_dag' retrieved from /home/logi/txtai/venv/lib/python3.10/site-packages/airflow/example_dags/tutorial_dag.py
[2025-11-02T10:49:03.857+0530] {logging_mixin.py:188} INFO - [2025-11-02T10:49:03.856+0530] {dag.py:3089} INFO - Sync 1 DAGs
[2025-11-02T10:49:03.872+0530] {logging_mixin.py:188} INFO - [2025-11-02T10:49:03.871+0530] {dag.py:3947} INFO - Setting next_dagrun for tutorial_dag to None, run_after=None
[2025-11-02T10:49:03.898+0530] {processor.py:183} INFO - Processing /home/logi/txtai/venv/lib/python3.10/site-packages/airflow/example_dags/tutorial_dag.py took 0.106 seconds
[2025-11-02T10:49:55.927+0530] {processor.py:161} INFO - Started process (PID=8435) to work on /home/logi/txtai/venv/lib/python3.10/site-packages/airflow/example_dags/tutorial_dag.py
[2025-11-02T10:49:55.940+0530] {processor.py:830} INFO - Processing file /home/logi/txtai/venv/lib/python3.10/site-packages/airflow/example_dags/tutorial_dag.py for tasks to queue
[2025-11-02T10:49:55.943+0530] {logging_mixin.py:188} INFO - [2025-11-02T10:49:55.943+0530] {dagbag.py:545} INFO - Filling up the DagBag from /home/logi/txtai/venv/lib/python3.10/site-packages/airflow/example_dags/tutorial_dag.py
[2025-11-02T10:49:55.953+0530] {processor.py:840} INFO - DAG(s) 'tutorial_dag' retrieved from /home/logi/txtai/venv/lib/python3.10/site-packages/airflow/example_dags/tutorial_dag.py
[2025-11-02T10:49:55.979+0530] {logging_mixin.py:188} INFO - [2025-11-02T10:49:55.978+0530] {dag.py:3089} INFO - Sync 1 DAGs
[2025-11-02T10:49:55.994+0530] {logging_mixin.py:188} INFO - [2025-11-02T10:49:55.993+0530] {dag.py:3947} INFO - Setting next_dagrun for tutorial_dag to None, run_after=None
[2025-11-02T10:49:56.013+0530] {processor.py:183} INFO - Processing /home/logi/txtai/venv/lib/python3.10/site-packages/airflow/example_dags/tutorial_dag.py took 0.098 seconds
[2025-11-02T10:50:45.840+0530] {processor.py:161} INFO - Started process (PID=8542) to work on /home/logi/txtai/venv/lib/python3.10/site-packages/airflow/example_dags/tutorial_dag.py
[2025-11-02T10:50:45.854+0530] {processor.py:830} INFO - Processing file /home/logi/txtai/venv/lib/python3.10/site-packages/airflow/example_dags/tutorial_dag.py for tasks to queue
[2025-11-02T10:50:45.857+0530] {logging_mixin.py:188} INFO - [2025-11-02T10:50:45.856+0530] {dagbag.py:545} INFO - Filling up the DagBag from /home/logi/txtai/venv/lib/python3.10/site-packages/airflow/example_dags/tutorial_dag.py
[2025-11-02T10:50:45.867+0530] {processor.py:840} INFO - DAG(s) 'tutorial_dag' retrieved from /home/logi/txtai/venv/lib/python3.10/site-packages/airflow/example_dags/tutorial_dag.py
[2025-11-02T10:50:45.894+0530] {logging_mixin.py:188} INFO - [2025-11-02T10:50:45.894+0530] {dag.py:3089} INFO - Sync 1 DAGs
[2025-11-02T10:50:45.911+0530] {logging_mixin.py:188} INFO - [2025-11-02T10:50:45.910+0530] {dag.py:3947} INFO - Setting next_dagrun for tutorial_dag to None, run_after=None
[2025-11-02T10:50:45.939+0530] {processor.py:183} INFO - Processing /home/logi/txtai/venv/lib/python3.10/site-packages/airflow/example_dags/tutorial_dag.py took 0.111 seconds
[2025-11-02T10:51:38.857+0530] {processor.py:161} INFO - Started process (PID=8635) to work on /home/logi/txtai/venv/lib/python3.10/site-packages/airflow/example_dags/tutorial_dag.py
[2025-11-02T10:51:38.870+0530] {processor.py:830} INFO - Processing file /home/logi/txtai/venv/lib/python3.10/site-packages/airflow/example_dags/tutorial_dag.py for tasks to queue
[2025-11-02T10:51:38.874+0530] {logging_mixin.py:188} INFO - [2025-11-02T10:51:38.873+0530] {dagbag.py:545} INFO - Filling up the DagBag from /home/logi/txtai/venv/lib/python3.10/site-packages/airflow/example_dags/tutorial_dag.py
[2025-11-02T10:51:38.885+0530] {processor.py:840} INFO - DAG(s) 'tutorial_dag' retrieved from /home/logi/txtai/venv/lib/python3.10/site-packages/airflow/example_dags/tutorial_dag.py
[2025-11-02T10:51:38.913+0530] {logging_mixin.py:188} INFO - [2025-11-02T10:51:38.913+0530] {dag.py:3089} INFO - Sync 1 DAGs
[2025-11-02T10:51:38.928+0530] {logging_mixin.py:188} INFO - [2025-11-02T10:51:38.928+0530] {dag.py:3947} INFO - Setting next_dagrun for tutorial_dag to None, run_after=None
[2025-11-02T10:51:38.958+0530] {processor.py:183} INFO - Processing /home/logi/txtai/venv/lib/python3.10/site-packages/airflow/example_dags/tutorial_dag.py took 0.114 seconds
[2025-11-02T10:52:33.362+0530] {processor.py:161} INFO - Started process (PID=8748) to work on /home/logi/txtai/venv/lib/python3.10/site-packages/airflow/example_dags/tutorial_dag.py
[2025-11-02T10:52:33.375+0530] {processor.py:830} INFO - Processing file /home/logi/txtai/venv/lib/python3.10/site-packages/airflow/example_dags/tutorial_dag.py for tasks to queue
[2025-11-02T10:52:33.377+0530] {logging_mixin.py:188} INFO - [2025-11-02T10:52:33.377+0530] {dagbag.py:545} INFO - Filling up the DagBag from /home/logi/txtai/venv/lib/python3.10/site-packages/airflow/example_dags/tutorial_dag.py
[2025-11-02T10:52:33.387+0530] {processor.py:840} INFO - DAG(s) 'tutorial_dag' retrieved from /home/logi/txtai/venv/lib/python3.10/site-packages/airflow/example_dags/tutorial_dag.py
[2025-11-02T10:52:33.411+0530] {logging_mixin.py:188} INFO - [2025-11-02T10:52:33.411+0530] {dag.py:3089} INFO - Sync 1 DAGs
[2025-11-02T10:52:33.426+0530] {logging_mixin.py:188} INFO - [2025-11-02T10:52:33.426+0530] {dag.py:3947} INFO - Setting next_dagrun for tutorial_dag to None, run_after=None
[2025-11-02T10:52:33.445+0530] {processor.py:183} INFO - Processing /home/logi/txtai/venv/lib/python3.10/site-packages/airflow/example_dags/tutorial_dag.py took 0.093 seconds
[2025-11-02T10:53:20.242+0530] {processor.py:161} INFO - Started process (PID=8823) to work on /home/logi/txtai/venv/lib/python3.10/site-packages/airflow/example_dags/tutorial_dag.py
[2025-11-02T10:53:20.255+0530] {processor.py:830} INFO - Processing file /home/logi/txtai/venv/lib/python3.10/site-packages/airflow/example_dags/tutorial_dag.py for tasks to queue
[2025-11-02T10:53:20.257+0530] {logging_mixin.py:188} INFO - [2025-11-02T10:53:20.257+0530] {dagbag.py:545} INFO - Filling up the DagBag from /home/logi/txtai/venv/lib/python3.10/site-packages/airflow/example_dags/tutorial_dag.py
[2025-11-02T10:53:20.267+0530] {processor.py:840} INFO - DAG(s) 'tutorial_dag' retrieved from /home/logi/txtai/venv/lib/python3.10/site-packages/airflow/example_dags/tutorial_dag.py
[2025-11-02T10:53:20.292+0530] {logging_mixin.py:188} INFO - [2025-11-02T10:53:20.291+0530] {dag.py:3089} INFO - Sync 1 DAGs
[2025-11-02T10:53:20.307+0530] {logging_mixin.py:188} INFO - [2025-11-02T10:53:20.307+0530] {dag.py:3947} INFO - Setting next_dagrun for tutorial_dag to None, run_after=None
[2025-11-02T10:53:20.330+0530] {processor.py:183} INFO - Processing /home/logi/txtai/venv/lib/python3.10/site-packages/airflow/example_dags/tutorial_dag.py took 0.099 seconds
[2025-11-02T10:54:09.153+0530] {processor.py:161} INFO - Started process (PID=8894) to work on /home/logi/txtai/venv/lib/python3.10/site-packages/airflow/example_dags/tutorial_dag.py
[2025-11-02T10:54:09.166+0530] {processor.py:830} INFO - Processing file /home/logi/txtai/venv/lib/python3.10/site-packages/airflow/example_dags/tutorial_dag.py for tasks to queue
[2025-11-02T10:54:09.169+0530] {logging_mixin.py:188} INFO - [2025-11-02T10:54:09.168+0530] {dagbag.py:545} INFO - Filling up the DagBag from /home/logi/txtai/venv/lib/python3.10/site-packages/airflow/example_dags/tutorial_dag.py
[2025-11-02T10:54:09.178+0530] {processor.py:840} INFO - DAG(s) 'tutorial_dag' retrieved from /home/logi/txtai/venv/lib/python3.10/site-packages/airflow/example_dags/tutorial_dag.py
[2025-11-02T10:54:09.203+0530] {logging_mixin.py:188} INFO - [2025-11-02T10:54:09.202+0530] {dag.py:3089} INFO - Sync 1 DAGs
[2025-11-02T10:54:09.219+0530] {logging_mixin.py:188} INFO - [2025-11-02T10:54:09.218+0530] {dag.py:3947} INFO - Setting next_dagrun for tutorial_dag to None, run_after=None
[2025-11-02T10:54:09.243+0530] {processor.py:183} INFO - Processing /home/logi/txtai/venv/lib/python3.10/site-packages/airflow/example_dags/tutorial_dag.py took 0.102 seconds
[2025-11-02T10:54:58.262+0530] {processor.py:161} INFO - Started process (PID=9047) to work on /home/logi/txtai/venv/lib/python3.10/site-packages/airflow/example_dags/tutorial_dag.py
[2025-11-02T10:54:58.277+0530] {processor.py:830} INFO - Processing file /home/logi/txtai/venv/lib/python3.10/site-packages/airflow/example_dags/tutorial_dag.py for tasks to queue
[2025-11-02T10:54:58.280+0530] {logging_mixin.py:188} INFO - [2025-11-02T10:54:58.279+0530] {dagbag.py:545} INFO - Filling up the DagBag from /home/logi/txtai/venv/lib/python3.10/site-packages/airflow/example_dags/tutorial_dag.py
[2025-11-02T10:54:58.284+0530] {processor.py:840} INFO - DAG(s) 'tutorial_dag' retrieved from /home/logi/txtai/venv/lib/python3.10/site-packages/airflow/example_dags/tutorial_dag.py
[2025-11-02T10:54:58.302+0530] {logging_mixin.py:188} INFO - [2025-11-02T10:54:58.302+0530] {dag.py:3089} INFO - Sync 1 DAGs
[2025-11-02T10:54:58.317+0530] {logging_mixin.py:188} INFO - [2025-11-02T10:54:58.316+0530] {dag.py:3947} INFO - Setting next_dagrun for tutorial_dag to None, run_after=None
[2025-11-02T10:54:58.348+0530] {processor.py:183} INFO - Processing /home/logi/txtai/venv/lib/python3.10/site-packages/airflow/example_dags/tutorial_dag.py took 0.096 seconds
[2025-11-02T10:55:49.426+0530] {processor.py:161} INFO - Started process (PID=9170) to work on /home/logi/txtai/venv/lib/python3.10/site-packages/airflow/example_dags/tutorial_dag.py
[2025-11-02T10:55:49.439+0530] {processor.py:830} INFO - Processing file /home/logi/txtai/venv/lib/python3.10/site-packages/airflow/example_dags/tutorial_dag.py for tasks to queue
[2025-11-02T10:55:49.441+0530] {logging_mixin.py:188} INFO - [2025-11-02T10:55:49.441+0530] {dagbag.py:545} INFO - Filling up the DagBag from /home/logi/txtai/venv/lib/python3.10/site-packages/airflow/example_dags/tutorial_dag.py
[2025-11-02T10:55:49.448+0530] {processor.py:840} INFO - DAG(s) 'tutorial_dag' retrieved from /home/logi/txtai/venv/lib/python3.10/site-packages/airflow/example_dags/tutorial_dag.py
[2025-11-02T10:55:49.465+0530] {logging_mixin.py:188} INFO - [2025-11-02T10:55:49.465+0530] {dag.py:3089} INFO - Sync 1 DAGs
[2025-11-02T10:55:49.476+0530] {logging_mixin.py:188} INFO - [2025-11-02T10:55:49.475+0530] {dag.py:3947} INFO - Setting next_dagrun for tutorial_dag to None, run_after=None
[2025-11-02T10:55:49.493+0530] {processor.py:183} INFO - Processing /home/logi/txtai/venv/lib/python3.10/site-packages/airflow/example_dags/tutorial_dag.py took 0.076 seconds
[2025-11-02T10:56:42.126+0530] {processor.py:161} INFO - Started process (PID=9304) to work on /home/logi/txtai/venv/lib/python3.10/site-packages/airflow/example_dags/tutorial_dag.py
[2025-11-02T10:56:42.133+0530] {processor.py:830} INFO - Processing file /home/logi/txtai/venv/lib/python3.10/site-packages/airflow/example_dags/tutorial_dag.py for tasks to queue
[2025-11-02T10:56:42.140+0530] {logging_mixin.py:188} INFO - [2025-11-02T10:56:42.139+0530] {dagbag.py:545} INFO - Filling up the DagBag from /home/logi/txtai/venv/lib/python3.10/site-packages/airflow/example_dags/tutorial_dag.py
[2025-11-02T10:56:42.194+0530] {processor.py:840} INFO - DAG(s) 'tutorial_dag' retrieved from /home/logi/txtai/venv/lib/python3.10/site-packages/airflow/example_dags/tutorial_dag.py
[2025-11-02T10:56:42.266+0530] {logging_mixin.py:188} INFO - [2025-11-02T10:56:42.265+0530] {dag.py:3089} INFO - Sync 1 DAGs
[2025-11-02T10:56:42.303+0530] {logging_mixin.py:188} INFO - [2025-11-02T10:56:42.302+0530] {dag.py:3947} INFO - Setting next_dagrun for tutorial_dag to None, run_after=None
[2025-11-02T10:56:42.377+0530] {processor.py:183} INFO - Processing /home/logi/txtai/venv/lib/python3.10/site-packages/airflow/example_dags/tutorial_dag.py took 0.280 seconds
[2025-11-02T10:57:33.492+0530] {processor.py:161} INFO - Started process (PID=9421) to work on /home/logi/txtai/venv/lib/python3.10/site-packages/airflow/example_dags/tutorial_dag.py
[2025-11-02T10:57:33.504+0530] {processor.py:830} INFO - Processing file /home/logi/txtai/venv/lib/python3.10/site-packages/airflow/example_dags/tutorial_dag.py for tasks to queue
[2025-11-02T10:57:33.506+0530] {logging_mixin.py:188} INFO - [2025-11-02T10:57:33.506+0530] {dagbag.py:545} INFO - Filling up the DagBag from /home/logi/txtai/venv/lib/python3.10/site-packages/airflow/example_dags/tutorial_dag.py
[2025-11-02T10:57:33.511+0530] {processor.py:840} INFO - DAG(s) 'tutorial_dag' retrieved from /home/logi/txtai/venv/lib/python3.10/site-packages/airflow/example_dags/tutorial_dag.py
[2025-11-02T10:57:33.526+0530] {logging_mixin.py:188} INFO - [2025-11-02T10:57:33.526+0530] {dag.py:3089} INFO - Sync 1 DAGs
[2025-11-02T10:57:33.536+0530] {logging_mixin.py:188} INFO - [2025-11-02T10:57:33.536+0530] {dag.py:3947} INFO - Setting next_dagrun for tutorial_dag to None, run_after=None
[2025-11-02T10:57:33.555+0530] {processor.py:183} INFO - Processing /home/logi/txtai/venv/lib/python3.10/site-packages/airflow/example_dags/tutorial_dag.py took 0.068 seconds
[2025-11-02T10:58:21.971+0530] {processor.py:161} INFO - Started process (PID=9503) to work on /home/logi/txtai/venv/lib/python3.10/site-packages/airflow/example_dags/tutorial_dag.py
[2025-11-02T10:58:21.985+0530] {processor.py:830} INFO - Processing file /home/logi/txtai/venv/lib/python3.10/site-packages/airflow/example_dags/tutorial_dag.py for tasks to queue
[2025-11-02T10:58:21.991+0530] {logging_mixin.py:188} INFO - [2025-11-02T10:58:21.990+0530] {dagbag.py:545} INFO - Filling up the DagBag from /home/logi/txtai/venv/lib/python3.10/site-packages/airflow/example_dags/tutorial_dag.py
[2025-11-02T10:58:22.006+0530] {processor.py:840} INFO - DAG(s) 'tutorial_dag' retrieved from /home/logi/txtai/venv/lib/python3.10/site-packages/airflow/example_dags/tutorial_dag.py
[2025-11-02T10:58:22.039+0530] {logging_mixin.py:188} INFO - [2025-11-02T10:58:22.039+0530] {dag.py:3089} INFO - Sync 1 DAGs
[2025-11-02T10:58:22.049+0530] {logging_mixin.py:188} INFO - [2025-11-02T10:58:22.049+0530] {dag.py:3947} INFO - Setting next_dagrun for tutorial_dag to None, run_after=None
[2025-11-02T10:58:22.083+0530] {processor.py:183} INFO - Processing /home/logi/txtai/venv/lib/python3.10/site-packages/airflow/example_dags/tutorial_dag.py took 0.128 seconds
[2025-11-02T10:59:13.578+0530] {processor.py:161} INFO - Started process (PID=9614) to work on /home/logi/txtai/venv/lib/python3.10/site-packages/airflow/example_dags/tutorial_dag.py
[2025-11-02T10:59:13.579+0530] {processor.py:830} INFO - Processing file /home/logi/txtai/venv/lib/python3.10/site-packages/airflow/example_dags/tutorial_dag.py for tasks to queue
[2025-11-02T10:59:13.582+0530] {logging_mixin.py:188} INFO - [2025-11-02T10:59:13.582+0530] {dagbag.py:545} INFO - Filling up the DagBag from /home/logi/txtai/venv/lib/python3.10/site-packages/airflow/example_dags/tutorial_dag.py
[2025-11-02T10:59:13.590+0530] {processor.py:840} INFO - DAG(s) 'tutorial_dag' retrieved from /home/logi/txtai/venv/lib/python3.10/site-packages/airflow/example_dags/tutorial_dag.py
[2025-11-02T10:59:13.611+0530] {logging_mixin.py:188} INFO - [2025-11-02T10:59:13.611+0530] {dag.py:3089} INFO - Sync 1 DAGs
[2025-11-02T10:59:13.628+0530] {logging_mixin.py:188} INFO - [2025-11-02T10:59:13.628+0530] {dag.py:3947} INFO - Setting next_dagrun for tutorial_dag to None, run_after=None
[2025-11-02T10:59:13.653+0530] {processor.py:183} INFO - Processing /home/logi/txtai/venv/lib/python3.10/site-packages/airflow/example_dags/tutorial_dag.py took 0.089 seconds
[2025-11-02T11:00:02.024+0530] {processor.py:161} INFO - Started process (PID=9858) to work on /home/logi/txtai/venv/lib/python3.10/site-packages/airflow/example_dags/tutorial_dag.py
[2025-11-02T11:00:02.037+0530] {processor.py:830} INFO - Processing file /home/logi/txtai/venv/lib/python3.10/site-packages/airflow/example_dags/tutorial_dag.py for tasks to queue
[2025-11-02T11:00:02.040+0530] {logging_mixin.py:188} INFO - [2025-11-02T11:00:02.039+0530] {dagbag.py:545} INFO - Filling up the DagBag from /home/logi/txtai/venv/lib/python3.10/site-packages/airflow/example_dags/tutorial_dag.py
[2025-11-02T11:00:02.048+0530] {processor.py:840} INFO - DAG(s) 'tutorial_dag' retrieved from /home/logi/txtai/venv/lib/python3.10/site-packages/airflow/example_dags/tutorial_dag.py
[2025-11-02T11:00:02.068+0530] {logging_mixin.py:188} INFO - [2025-11-02T11:00:02.068+0530] {dag.py:3089} INFO - Sync 1 DAGs
[2025-11-02T11:00:02.077+0530] {logging_mixin.py:188} INFO - [2025-11-02T11:00:02.077+0530] {dag.py:3947} INFO - Setting next_dagrun for tutorial_dag to None, run_after=None
[2025-11-02T11:00:02.096+0530] {processor.py:183} INFO - Processing /home/logi/txtai/venv/lib/python3.10/site-packages/airflow/example_dags/tutorial_dag.py took 0.077 seconds
[2025-11-02T11:00:47.193+0530] {processor.py:161} INFO - Started process (PID=9987) to work on /home/logi/txtai/venv/lib/python3.10/site-packages/airflow/example_dags/tutorial_dag.py
[2025-11-02T11:00:47.206+0530] {processor.py:830} INFO - Processing file /home/logi/txtai/venv/lib/python3.10/site-packages/airflow/example_dags/tutorial_dag.py for tasks to queue
[2025-11-02T11:00:47.209+0530] {logging_mixin.py:188} INFO - [2025-11-02T11:00:47.208+0530] {dagbag.py:545} INFO - Filling up the DagBag from /home/logi/txtai/venv/lib/python3.10/site-packages/airflow/example_dags/tutorial_dag.py
[2025-11-02T11:00:47.215+0530] {processor.py:840} INFO - DAG(s) 'tutorial_dag' retrieved from /home/logi/txtai/venv/lib/python3.10/site-packages/airflow/example_dags/tutorial_dag.py
[2025-11-02T11:00:47.235+0530] {logging_mixin.py:188} INFO - [2025-11-02T11:00:47.235+0530] {dag.py:3089} INFO - Sync 1 DAGs
[2025-11-02T11:00:47.244+0530] {logging_mixin.py:188} INFO - [2025-11-02T11:00:47.243+0530] {dag.py:3947} INFO - Setting next_dagrun for tutorial_dag to None, run_after=None
[2025-11-02T11:00:47.260+0530] {processor.py:183} INFO - Processing /home/logi/txtai/venv/lib/python3.10/site-packages/airflow/example_dags/tutorial_dag.py took 0.073 seconds
[2025-11-02T11:01:32.131+0530] {processor.py:161} INFO - Started process (PID=10076) to work on /home/logi/txtai/venv/lib/python3.10/site-packages/airflow/example_dags/tutorial_dag.py
[2025-11-02T11:01:32.132+0530] {processor.py:830} INFO - Processing file /home/logi/txtai/venv/lib/python3.10/site-packages/airflow/example_dags/tutorial_dag.py for tasks to queue
[2025-11-02T11:01:32.133+0530] {logging_mixin.py:188} INFO - [2025-11-02T11:01:32.133+0530] {dagbag.py:545} INFO - Filling up the DagBag from /home/logi/txtai/venv/lib/python3.10/site-packages/airflow/example_dags/tutorial_dag.py
[2025-11-02T11:01:32.138+0530] {processor.py:840} INFO - DAG(s) 'tutorial_dag' retrieved from /home/logi/txtai/venv/lib/python3.10/site-packages/airflow/example_dags/tutorial_dag.py
[2025-11-02T11:01:32.151+0530] {logging_mixin.py:188} INFO - [2025-11-02T11:01:32.151+0530] {dag.py:3089} INFO - Sync 1 DAGs
[2025-11-02T11:01:32.160+0530] {logging_mixin.py:188} INFO - [2025-11-02T11:01:32.160+0530] {dag.py:3947} INFO - Setting next_dagrun for tutorial_dag to None, run_after=None
[2025-11-02T11:01:32.178+0530] {processor.py:183} INFO - Processing /home/logi/txtai/venv/lib/python3.10/site-packages/airflow/example_dags/tutorial_dag.py took 0.053 seconds
[2025-11-02T11:02:21.424+0530] {processor.py:161} INFO - Started process (PID=10215) to work on /home/logi/txtai/venv/lib/python3.10/site-packages/airflow/example_dags/tutorial_dag.py
[2025-11-02T11:02:21.438+0530] {processor.py:830} INFO - Processing file /home/logi/txtai/venv/lib/python3.10/site-packages/airflow/example_dags/tutorial_dag.py for tasks to queue
[2025-11-02T11:02:21.440+0530] {logging_mixin.py:188} INFO - [2025-11-02T11:02:21.440+0530] {dagbag.py:545} INFO - Filling up the DagBag from /home/logi/txtai/venv/lib/python3.10/site-packages/airflow/example_dags/tutorial_dag.py
[2025-11-02T11:02:21.449+0530] {processor.py:840} INFO - DAG(s) 'tutorial_dag' retrieved from /home/logi/txtai/venv/lib/python3.10/site-packages/airflow/example_dags/tutorial_dag.py
[2025-11-02T11:02:21.467+0530] {logging_mixin.py:188} INFO - [2025-11-02T11:02:21.467+0530] {dag.py:3089} INFO - Sync 1 DAGs
[2025-11-02T11:02:21.484+0530] {logging_mixin.py:188} INFO - [2025-11-02T11:02:21.483+0530] {dag.py:3947} INFO - Setting next_dagrun for tutorial_dag to None, run_after=None
[2025-11-02T11:02:21.514+0530] {processor.py:183} INFO - Processing /home/logi/txtai/venv/lib/python3.10/site-packages/airflow/example_dags/tutorial_dag.py took 0.105 seconds
[2025-11-02T11:03:13.131+0530] {processor.py:161} INFO - Started process (PID=10285) to work on /home/logi/txtai/venv/lib/python3.10/site-packages/airflow/example_dags/tutorial_dag.py
[2025-11-02T11:03:13.144+0530] {processor.py:830} INFO - Processing file /home/logi/txtai/venv/lib/python3.10/site-packages/airflow/example_dags/tutorial_dag.py for tasks to queue
[2025-11-02T11:03:13.150+0530] {logging_mixin.py:188} INFO - [2025-11-02T11:03:13.149+0530] {dagbag.py:545} INFO - Filling up the DagBag from /home/logi/txtai/venv/lib/python3.10/site-packages/airflow/example_dags/tutorial_dag.py
[2025-11-02T11:03:13.159+0530] {processor.py:840} INFO - DAG(s) 'tutorial_dag' retrieved from /home/logi/txtai/venv/lib/python3.10/site-packages/airflow/example_dags/tutorial_dag.py
[2025-11-02T11:03:13.187+0530] {logging_mixin.py:188} INFO - [2025-11-02T11:03:13.187+0530] {dag.py:3089} INFO - Sync 1 DAGs
[2025-11-02T11:03:13.201+0530] {logging_mixin.py:188} INFO - [2025-11-02T11:03:13.200+0530] {dag.py:3947} INFO - Setting next_dagrun for tutorial_dag to None, run_after=None
[2025-11-02T11:03:13.230+0530] {processor.py:183} INFO - Processing /home/logi/txtai/venv/lib/python3.10/site-packages/airflow/example_dags/tutorial_dag.py took 0.113 seconds
[2025-11-02T11:04:07.222+0530] {processor.py:161} INFO - Started process (PID=10378) to work on /home/logi/txtai/venv/lib/python3.10/site-packages/airflow/example_dags/tutorial_dag.py
[2025-11-02T11:04:07.235+0530] {processor.py:830} INFO - Processing file /home/logi/txtai/venv/lib/python3.10/site-packages/airflow/example_dags/tutorial_dag.py for tasks to queue
[2025-11-02T11:04:07.238+0530] {logging_mixin.py:188} INFO - [2025-11-02T11:04:07.237+0530] {dagbag.py:545} INFO - Filling up the DagBag from /home/logi/txtai/venv/lib/python3.10/site-packages/airflow/example_dags/tutorial_dag.py
[2025-11-02T11:04:07.245+0530] {processor.py:840} INFO - DAG(s) 'tutorial_dag' retrieved from /home/logi/txtai/venv/lib/python3.10/site-packages/airflow/example_dags/tutorial_dag.py
[2025-11-02T11:04:07.263+0530] {logging_mixin.py:188} INFO - [2025-11-02T11:04:07.263+0530] {dag.py:3089} INFO - Sync 1 DAGs
[2025-11-02T11:04:07.274+0530] {logging_mixin.py:188} INFO - [2025-11-02T11:04:07.274+0530] {dag.py:3947} INFO - Setting next_dagrun for tutorial_dag to None, run_after=None
[2025-11-02T11:04:07.297+0530] {processor.py:183} INFO - Processing /home/logi/txtai/venv/lib/python3.10/site-packages/airflow/example_dags/tutorial_dag.py took 0.081 seconds
[2025-11-02T11:04:56.136+0530] {processor.py:161} INFO - Started process (PID=10465) to work on /home/logi/txtai/venv/lib/python3.10/site-packages/airflow/example_dags/tutorial_dag.py
[2025-11-02T11:04:56.149+0530] {processor.py:830} INFO - Processing file /home/logi/txtai/venv/lib/python3.10/site-packages/airflow/example_dags/tutorial_dag.py for tasks to queue
[2025-11-02T11:04:56.152+0530] {logging_mixin.py:188} INFO - [2025-11-02T11:04:56.152+0530] {dagbag.py:545} INFO - Filling up the DagBag from /home/logi/txtai/venv/lib/python3.10/site-packages/airflow/example_dags/tutorial_dag.py
[2025-11-02T11:04:56.164+0530] {processor.py:840} INFO - DAG(s) 'tutorial_dag' retrieved from /home/logi/txtai/venv/lib/python3.10/site-packages/airflow/example_dags/tutorial_dag.py
[2025-11-02T11:04:56.190+0530] {logging_mixin.py:188} INFO - [2025-11-02T11:04:56.190+0530] {dag.py:3089} INFO - Sync 1 DAGs
[2025-11-02T11:04:56.205+0530] {logging_mixin.py:188} INFO - [2025-11-02T11:04:56.204+0530] {dag.py:3947} INFO - Setting next_dagrun for tutorial_dag to None, run_after=None
[2025-11-02T11:04:56.222+0530] {processor.py:183} INFO - Processing /home/logi/txtai/venv/lib/python3.10/site-packages/airflow/example_dags/tutorial_dag.py took 0.097 seconds
[2025-11-02T11:05:46.946+0530] {processor.py:161} INFO - Started process (PID=10575) to work on /home/logi/txtai/venv/lib/python3.10/site-packages/airflow/example_dags/tutorial_dag.py
[2025-11-02T11:05:46.947+0530] {processor.py:830} INFO - Processing file /home/logi/txtai/venv/lib/python3.10/site-packages/airflow/example_dags/tutorial_dag.py for tasks to queue
[2025-11-02T11:05:46.950+0530] {logging_mixin.py:188} INFO - [2025-11-02T11:05:46.949+0530] {dagbag.py:545} INFO - Filling up the DagBag from /home/logi/txtai/venv/lib/python3.10/site-packages/airflow/example_dags/tutorial_dag.py
[2025-11-02T11:05:46.957+0530] {processor.py:840} INFO - DAG(s) 'tutorial_dag' retrieved from /home/logi/txtai/venv/lib/python3.10/site-packages/airflow/example_dags/tutorial_dag.py
[2025-11-02T11:05:46.973+0530] {logging_mixin.py:188} INFO - [2025-11-02T11:05:46.973+0530] {dag.py:3089} INFO - Sync 1 DAGs
[2025-11-02T11:05:46.982+0530] {logging_mixin.py:188} INFO - [2025-11-02T11:05:46.982+0530] {dag.py:3947} INFO - Setting next_dagrun for tutorial_dag to None, run_after=None
[2025-11-02T11:05:46.999+0530] {processor.py:183} INFO - Processing /home/logi/txtai/venv/lib/python3.10/site-packages/airflow/example_dags/tutorial_dag.py took 0.058 seconds
[2025-11-02T11:06:34.761+0530] {processor.py:161} INFO - Started process (PID=10647) to work on /home/logi/txtai/venv/lib/python3.10/site-packages/airflow/example_dags/tutorial_dag.py
[2025-11-02T11:06:34.773+0530] {processor.py:830} INFO - Processing file /home/logi/txtai/venv/lib/python3.10/site-packages/airflow/example_dags/tutorial_dag.py for tasks to queue
[2025-11-02T11:06:34.776+0530] {logging_mixin.py:188} INFO - [2025-11-02T11:06:34.776+0530] {dagbag.py:545} INFO - Filling up the DagBag from /home/logi/txtai/venv/lib/python3.10/site-packages/airflow/example_dags/tutorial_dag.py
[2025-11-02T11:06:34.781+0530] {processor.py:840} INFO - DAG(s) 'tutorial_dag' retrieved from /home/logi/txtai/venv/lib/python3.10/site-packages/airflow/example_dags/tutorial_dag.py
[2025-11-02T11:06:34.795+0530] {logging_mixin.py:188} INFO - [2025-11-02T11:06:34.795+0530] {dag.py:3089} INFO - Sync 1 DAGs
[2025-11-02T11:06:34.804+0530] {logging_mixin.py:188} INFO - [2025-11-02T11:06:34.804+0530] {dag.py:3947} INFO - Setting next_dagrun for tutorial_dag to None, run_after=None
[2025-11-02T11:06:34.825+0530] {processor.py:183} INFO - Processing /home/logi/txtai/venv/lib/python3.10/site-packages/airflow/example_dags/tutorial_dag.py took 0.069 seconds
[2025-11-02T11:07:19.751+0530] {processor.py:161} INFO - Started process (PID=10718) to work on /home/logi/txtai/venv/lib/python3.10/site-packages/airflow/example_dags/tutorial_dag.py
[2025-11-02T11:07:19.764+0530] {processor.py:830} INFO - Processing file /home/logi/txtai/venv/lib/python3.10/site-packages/airflow/example_dags/tutorial_dag.py for tasks to queue
[2025-11-02T11:07:19.767+0530] {logging_mixin.py:188} INFO - [2025-11-02T11:07:19.766+0530] {dagbag.py:545} INFO - Filling up the DagBag from /home/logi/txtai/venv/lib/python3.10/site-packages/airflow/example_dags/tutorial_dag.py
[2025-11-02T11:07:19.776+0530] {processor.py:840} INFO - DAG(s) 'tutorial_dag' retrieved from /home/logi/txtai/venv/lib/python3.10/site-packages/airflow/example_dags/tutorial_dag.py
[2025-11-02T11:07:19.798+0530] {logging_mixin.py:188} INFO - [2025-11-02T11:07:19.798+0530] {dag.py:3089} INFO - Sync 1 DAGs
[2025-11-02T11:07:19.808+0530] {logging_mixin.py:188} INFO - [2025-11-02T11:07:19.808+0530] {dag.py:3947} INFO - Setting next_dagrun for tutorial_dag to None, run_after=None
[2025-11-02T11:07:19.828+0530] {processor.py:183} INFO - Processing /home/logi/txtai/venv/lib/python3.10/site-packages/airflow/example_dags/tutorial_dag.py took 0.086 seconds
[2025-11-02T11:08:04.685+0530] {processor.py:161} INFO - Started process (PID=10789) to work on /home/logi/txtai/venv/lib/python3.10/site-packages/airflow/example_dags/tutorial_dag.py
[2025-11-02T11:08:04.698+0530] {processor.py:830} INFO - Processing file /home/logi/txtai/venv/lib/python3.10/site-packages/airflow/example_dags/tutorial_dag.py for tasks to queue
[2025-11-02T11:08:04.701+0530] {logging_mixin.py:188} INFO - [2025-11-02T11:08:04.700+0530] {dagbag.py:545} INFO - Filling up the DagBag from /home/logi/txtai/venv/lib/python3.10/site-packages/airflow/example_dags/tutorial_dag.py
[2025-11-02T11:08:04.707+0530] {processor.py:840} INFO - DAG(s) 'tutorial_dag' retrieved from /home/logi/txtai/venv/lib/python3.10/site-packages/airflow/example_dags/tutorial_dag.py
[2025-11-02T11:08:04.720+0530] {logging_mixin.py:188} INFO - [2025-11-02T11:08:04.720+0530] {dag.py:3089} INFO - Sync 1 DAGs
[2025-11-02T11:08:04.729+0530] {logging_mixin.py:188} INFO - [2025-11-02T11:08:04.729+0530] {dag.py:3947} INFO - Setting next_dagrun for tutorial_dag to None, run_after=None
[2025-11-02T11:08:04.748+0530] {processor.py:183} INFO - Processing /home/logi/txtai/venv/lib/python3.10/site-packages/airflow/example_dags/tutorial_dag.py took 0.070 seconds
[2025-11-02T11:08:50.808+0530] {processor.py:161} INFO - Started process (PID=10861) to work on /home/logi/txtai/venv/lib/python3.10/site-packages/airflow/example_dags/tutorial_dag.py
[2025-11-02T11:08:50.821+0530] {processor.py:830} INFO - Processing file /home/logi/txtai/venv/lib/python3.10/site-packages/airflow/example_dags/tutorial_dag.py for tasks to queue
[2025-11-02T11:08:50.824+0530] {logging_mixin.py:188} INFO - [2025-11-02T11:08:50.823+0530] {dagbag.py:545} INFO - Filling up the DagBag from /home/logi/txtai/venv/lib/python3.10/site-packages/airflow/example_dags/tutorial_dag.py
[2025-11-02T11:08:50.831+0530] {processor.py:840} INFO - DAG(s) 'tutorial_dag' retrieved from /home/logi/txtai/venv/lib/python3.10/site-packages/airflow/example_dags/tutorial_dag.py
[2025-11-02T11:08:50.844+0530] {logging_mixin.py:188} INFO - [2025-11-02T11:08:50.844+0530] {dag.py:3089} INFO - Sync 1 DAGs
[2025-11-02T11:08:50.853+0530] {logging_mixin.py:188} INFO - [2025-11-02T11:08:50.853+0530] {dag.py:3947} INFO - Setting next_dagrun for tutorial_dag to None, run_after=None
[2025-11-02T11:08:50.874+0530] {processor.py:183} INFO - Processing /home/logi/txtai/venv/lib/python3.10/site-packages/airflow/example_dags/tutorial_dag.py took 0.073 seconds
[2025-11-02T11:09:39.200+0530] {processor.py:161} INFO - Started process (PID=10933) to work on /home/logi/txtai/venv/lib/python3.10/site-packages/airflow/example_dags/tutorial_dag.py
[2025-11-02T11:09:39.213+0530] {processor.py:830} INFO - Processing file /home/logi/txtai/venv/lib/python3.10/site-packages/airflow/example_dags/tutorial_dag.py for tasks to queue
[2025-11-02T11:09:39.217+0530] {logging_mixin.py:188} INFO - [2025-11-02T11:09:39.216+0530] {dagbag.py:545} INFO - Filling up the DagBag from /home/logi/txtai/venv/lib/python3.10/site-packages/airflow/example_dags/tutorial_dag.py
[2025-11-02T11:09:39.226+0530] {processor.py:840} INFO - DAG(s) 'tutorial_dag' retrieved from /home/logi/txtai/venv/lib/python3.10/site-packages/airflow/example_dags/tutorial_dag.py
[2025-11-02T11:09:39.251+0530] {logging_mixin.py:188} INFO - [2025-11-02T11:09:39.250+0530] {dag.py:3089} INFO - Sync 1 DAGs
[2025-11-02T11:09:39.267+0530] {logging_mixin.py:188} INFO - [2025-11-02T11:09:39.267+0530] {dag.py:3947} INFO - Setting next_dagrun for tutorial_dag to None, run_after=None
[2025-11-02T11:09:39.295+0530] {processor.py:183} INFO - Processing /home/logi/txtai/venv/lib/python3.10/site-packages/airflow/example_dags/tutorial_dag.py took 0.106 seconds
[2025-11-02T11:10:30.426+0530] {processor.py:161} INFO - Started process (PID=11037) to work on /home/logi/txtai/venv/lib/python3.10/site-packages/airflow/example_dags/tutorial_dag.py
[2025-11-02T11:10:30.439+0530] {processor.py:830} INFO - Processing file /home/logi/txtai/venv/lib/python3.10/site-packages/airflow/example_dags/tutorial_dag.py for tasks to queue
[2025-11-02T11:10:30.442+0530] {logging_mixin.py:188} INFO - [2025-11-02T11:10:30.441+0530] {dagbag.py:545} INFO - Filling up the DagBag from /home/logi/txtai/venv/lib/python3.10/site-packages/airflow/example_dags/tutorial_dag.py
[2025-11-02T11:10:30.447+0530] {processor.py:840} INFO - DAG(s) 'tutorial_dag' retrieved from /home/logi/txtai/venv/lib/python3.10/site-packages/airflow/example_dags/tutorial_dag.py
[2025-11-02T11:10:30.467+0530] {logging_mixin.py:188} INFO - [2025-11-02T11:10:30.467+0530] {dag.py:3089} INFO - Sync 1 DAGs
[2025-11-02T11:10:30.477+0530] {logging_mixin.py:188} INFO - [2025-11-02T11:10:30.477+0530] {dag.py:3947} INFO - Setting next_dagrun for tutorial_dag to None, run_after=None
[2025-11-02T11:10:30.495+0530] {processor.py:183} INFO - Processing /home/logi/txtai/venv/lib/python3.10/site-packages/airflow/example_dags/tutorial_dag.py took 0.075 seconds
[2025-11-02T11:11:20.075+0530] {processor.py:161} INFO - Started process (PID=11108) to work on /home/logi/txtai/venv/lib/python3.10/site-packages/airflow/example_dags/tutorial_dag.py
[2025-11-02T11:11:20.087+0530] {processor.py:830} INFO - Processing file /home/logi/txtai/venv/lib/python3.10/site-packages/airflow/example_dags/tutorial_dag.py for tasks to queue
[2025-11-02T11:11:20.090+0530] {logging_mixin.py:188} INFO - [2025-11-02T11:11:20.089+0530] {dagbag.py:545} INFO - Filling up the DagBag from /home/logi/txtai/venv/lib/python3.10/site-packages/airflow/example_dags/tutorial_dag.py
[2025-11-02T11:11:20.098+0530] {processor.py:840} INFO - DAG(s) 'tutorial_dag' retrieved from /home/logi/txtai/venv/lib/python3.10/site-packages/airflow/example_dags/tutorial_dag.py
[2025-11-02T11:11:20.111+0530] {logging_mixin.py:188} INFO - [2025-11-02T11:11:20.111+0530] {dag.py:3089} INFO - Sync 1 DAGs
[2025-11-02T11:11:20.121+0530] {logging_mixin.py:188} INFO - [2025-11-02T11:11:20.121+0530] {dag.py:3947} INFO - Setting next_dagrun for tutorial_dag to None, run_after=None
[2025-11-02T11:11:20.138+0530] {processor.py:183} INFO - Processing /home/logi/txtai/venv/lib/python3.10/site-packages/airflow/example_dags/tutorial_dag.py took 0.070 seconds
[2025-11-02T11:12:10.014+0530] {processor.py:161} INFO - Started process (PID=11182) to work on /home/logi/txtai/venv/lib/python3.10/site-packages/airflow/example_dags/tutorial_dag.py
[2025-11-02T11:12:10.027+0530] {processor.py:830} INFO - Processing file /home/logi/txtai/venv/lib/python3.10/site-packages/airflow/example_dags/tutorial_dag.py for tasks to queue
[2025-11-02T11:12:10.031+0530] {logging_mixin.py:188} INFO - [2025-11-02T11:12:10.030+0530] {dagbag.py:545} INFO - Filling up the DagBag from /home/logi/txtai/venv/lib/python3.10/site-packages/airflow/example_dags/tutorial_dag.py
[2025-11-02T11:12:10.041+0530] {processor.py:840} INFO - DAG(s) 'tutorial_dag' retrieved from /home/logi/txtai/venv/lib/python3.10/site-packages/airflow/example_dags/tutorial_dag.py
[2025-11-02T11:12:10.067+0530] {logging_mixin.py:188} INFO - [2025-11-02T11:12:10.067+0530] {dag.py:3089} INFO - Sync 1 DAGs
[2025-11-02T11:12:10.078+0530] {logging_mixin.py:188} INFO - [2025-11-02T11:12:10.077+0530] {dag.py:3947} INFO - Setting next_dagrun for tutorial_dag to None, run_after=None
[2025-11-02T11:12:10.099+0530] {processor.py:183} INFO - Processing /home/logi/txtai/venv/lib/python3.10/site-packages/airflow/example_dags/tutorial_dag.py took 0.097 seconds
[2025-11-02T11:12:55.304+0530] {processor.py:161} INFO - Started process (PID=11251) to work on /home/logi/txtai/venv/lib/python3.10/site-packages/airflow/example_dags/tutorial_dag.py
[2025-11-02T11:12:55.317+0530] {processor.py:830} INFO - Processing file /home/logi/txtai/venv/lib/python3.10/site-packages/airflow/example_dags/tutorial_dag.py for tasks to queue
[2025-11-02T11:12:55.320+0530] {logging_mixin.py:188} INFO - [2025-11-02T11:12:55.319+0530] {dagbag.py:545} INFO - Filling up the DagBag from /home/logi/txtai/venv/lib/python3.10/site-packages/airflow/example_dags/tutorial_dag.py
[2025-11-02T11:12:55.329+0530] {processor.py:840} INFO - DAG(s) 'tutorial_dag' retrieved from /home/logi/txtai/venv/lib/python3.10/site-packages/airflow/example_dags/tutorial_dag.py
[2025-11-02T11:12:55.343+0530] {logging_mixin.py:188} INFO - [2025-11-02T11:12:55.342+0530] {dag.py:3089} INFO - Sync 1 DAGs
[2025-11-02T11:12:55.351+0530] {logging_mixin.py:188} INFO - [2025-11-02T11:12:55.351+0530] {dag.py:3947} INFO - Setting next_dagrun for tutorial_dag to None, run_after=None
[2025-11-02T11:12:55.369+0530] {processor.py:183} INFO - Processing /home/logi/txtai/venv/lib/python3.10/site-packages/airflow/example_dags/tutorial_dag.py took 0.071 seconds
[2025-11-02T11:13:45.017+0530] {processor.py:161} INFO - Started process (PID=11394) to work on /home/logi/txtai/venv/lib/python3.10/site-packages/airflow/example_dags/tutorial_dag.py
[2025-11-02T11:13:45.018+0530] {processor.py:830} INFO - Processing file /home/logi/txtai/venv/lib/python3.10/site-packages/airflow/example_dags/tutorial_dag.py for tasks to queue
[2025-11-02T11:13:45.020+0530] {logging_mixin.py:188} INFO - [2025-11-02T11:13:45.019+0530] {dagbag.py:545} INFO - Filling up the DagBag from /home/logi/txtai/venv/lib/python3.10/site-packages/airflow/example_dags/tutorial_dag.py
[2025-11-02T11:13:45.026+0530] {processor.py:840} INFO - DAG(s) 'tutorial_dag' retrieved from /home/logi/txtai/venv/lib/python3.10/site-packages/airflow/example_dags/tutorial_dag.py
[2025-11-02T11:13:45.041+0530] {logging_mixin.py:188} INFO - [2025-11-02T11:13:45.040+0530] {dag.py:3089} INFO - Sync 1 DAGs
[2025-11-02T11:13:45.050+0530] {logging_mixin.py:188} INFO - [2025-11-02T11:13:45.050+0530] {dag.py:3947} INFO - Setting next_dagrun for tutorial_dag to None, run_after=None
[2025-11-02T11:13:45.081+0530] {processor.py:183} INFO - Processing /home/logi/txtai/venv/lib/python3.10/site-packages/airflow/example_dags/tutorial_dag.py took 0.070 seconds
[2025-11-02T11:14:35.936+0530] {processor.py:161} INFO - Started process (PID=11470) to work on /home/logi/txtai/venv/lib/python3.10/site-packages/airflow/example_dags/tutorial_dag.py
[2025-11-02T11:14:35.949+0530] {processor.py:830} INFO - Processing file /home/logi/txtai/venv/lib/python3.10/site-packages/airflow/example_dags/tutorial_dag.py for tasks to queue
[2025-11-02T11:14:35.952+0530] {logging_mixin.py:188} INFO - [2025-11-02T11:14:35.951+0530] {dagbag.py:545} INFO - Filling up the DagBag from /home/logi/txtai/venv/lib/python3.10/site-packages/airflow/example_dags/tutorial_dag.py
[2025-11-02T11:14:35.960+0530] {processor.py:840} INFO - DAG(s) 'tutorial_dag' retrieved from /home/logi/txtai/venv/lib/python3.10/site-packages/airflow/example_dags/tutorial_dag.py
[2025-11-02T11:14:35.975+0530] {logging_mixin.py:188} INFO - [2025-11-02T11:14:35.975+0530] {dag.py:3089} INFO - Sync 1 DAGs
[2025-11-02T11:14:35.985+0530] {logging_mixin.py:188} INFO - [2025-11-02T11:14:35.984+0530] {dag.py:3947} INFO - Setting next_dagrun for tutorial_dag to None, run_after=None
[2025-11-02T11:14:36.006+0530] {processor.py:183} INFO - Processing /home/logi/txtai/venv/lib/python3.10/site-packages/airflow/example_dags/tutorial_dag.py took 0.077 seconds
[2025-11-02T11:15:30.622+0530] {processor.py:161} INFO - Started process (PID=11677) to work on /home/logi/txtai/venv/lib/python3.10/site-packages/airflow/example_dags/tutorial_dag.py
[2025-11-02T11:15:30.635+0530] {processor.py:830} INFO - Processing file /home/logi/txtai/venv/lib/python3.10/site-packages/airflow/example_dags/tutorial_dag.py for tasks to queue
[2025-11-02T11:15:30.638+0530] {logging_mixin.py:188} INFO - [2025-11-02T11:15:30.637+0530] {dagbag.py:545} INFO - Filling up the DagBag from /home/logi/txtai/venv/lib/python3.10/site-packages/airflow/example_dags/tutorial_dag.py
[2025-11-02T11:15:30.648+0530] {processor.py:840} INFO - DAG(s) 'tutorial_dag' retrieved from /home/logi/txtai/venv/lib/python3.10/site-packages/airflow/example_dags/tutorial_dag.py
[2025-11-02T11:15:30.674+0530] {logging_mixin.py:188} INFO - [2025-11-02T11:15:30.673+0530] {dag.py:3089} INFO - Sync 1 DAGs
[2025-11-02T11:15:30.688+0530] {logging_mixin.py:188} INFO - [2025-11-02T11:15:30.688+0530] {dag.py:3947} INFO - Setting next_dagrun for tutorial_dag to None, run_after=None
[2025-11-02T11:15:30.707+0530] {processor.py:183} INFO - Processing /home/logi/txtai/venv/lib/python3.10/site-packages/airflow/example_dags/tutorial_dag.py took 0.095 seconds
[2025-11-02T11:16:23.398+0530] {processor.py:161} INFO - Started process (PID=11754) to work on /home/logi/txtai/venv/lib/python3.10/site-packages/airflow/example_dags/tutorial_dag.py
[2025-11-02T11:16:23.412+0530] {processor.py:830} INFO - Processing file /home/logi/txtai/venv/lib/python3.10/site-packages/airflow/example_dags/tutorial_dag.py for tasks to queue
[2025-11-02T11:16:23.415+0530] {logging_mixin.py:188} INFO - [2025-11-02T11:16:23.414+0530] {dagbag.py:545} INFO - Filling up the DagBag from /home/logi/txtai/venv/lib/python3.10/site-packages/airflow/example_dags/tutorial_dag.py
[2025-11-02T11:16:23.424+0530] {processor.py:840} INFO - DAG(s) 'tutorial_dag' retrieved from /home/logi/txtai/venv/lib/python3.10/site-packages/airflow/example_dags/tutorial_dag.py
[2025-11-02T11:16:23.449+0530] {logging_mixin.py:188} INFO - [2025-11-02T11:16:23.448+0530] {dag.py:3089} INFO - Sync 1 DAGs
[2025-11-02T11:16:23.465+0530] {logging_mixin.py:188} INFO - [2025-11-02T11:16:23.465+0530] {dag.py:3947} INFO - Setting next_dagrun for tutorial_dag to None, run_after=None
[2025-11-02T11:16:23.490+0530] {processor.py:183} INFO - Processing /home/logi/txtai/venv/lib/python3.10/site-packages/airflow/example_dags/tutorial_dag.py took 0.102 seconds
[2025-11-02T11:17:10.338+0530] {processor.py:161} INFO - Started process (PID=11827) to work on /home/logi/txtai/venv/lib/python3.10/site-packages/airflow/example_dags/tutorial_dag.py
[2025-11-02T11:17:10.351+0530] {processor.py:830} INFO - Processing file /home/logi/txtai/venv/lib/python3.10/site-packages/airflow/example_dags/tutorial_dag.py for tasks to queue
[2025-11-02T11:17:10.352+0530] {logging_mixin.py:188} INFO - [2025-11-02T11:17:10.352+0530] {dagbag.py:545} INFO - Filling up the DagBag from /home/logi/txtai/venv/lib/python3.10/site-packages/airflow/example_dags/tutorial_dag.py
[2025-11-02T11:17:10.361+0530] {processor.py:840} INFO - DAG(s) 'tutorial_dag' retrieved from /home/logi/txtai/venv/lib/python3.10/site-packages/airflow/example_dags/tutorial_dag.py
[2025-11-02T11:17:10.380+0530] {logging_mixin.py:188} INFO - [2025-11-02T11:17:10.380+0530] {dag.py:3089} INFO - Sync 1 DAGs
[2025-11-02T11:17:10.391+0530] {logging_mixin.py:188} INFO - [2025-11-02T11:17:10.391+0530] {dag.py:3947} INFO - Setting next_dagrun for tutorial_dag to None, run_after=None
[2025-11-02T11:17:10.411+0530] {processor.py:183} INFO - Processing /home/logi/txtai/venv/lib/python3.10/site-packages/airflow/example_dags/tutorial_dag.py took 0.079 seconds
[2025-11-02T11:17:57.901+0530] {processor.py:161} INFO - Started process (PID=11898) to work on /home/logi/txtai/venv/lib/python3.10/site-packages/airflow/example_dags/tutorial_dag.py
[2025-11-02T11:17:57.914+0530] {processor.py:830} INFO - Processing file /home/logi/txtai/venv/lib/python3.10/site-packages/airflow/example_dags/tutorial_dag.py for tasks to queue
[2025-11-02T11:17:57.917+0530] {logging_mixin.py:188} INFO - [2025-11-02T11:17:57.916+0530] {dagbag.py:545} INFO - Filling up the DagBag from /home/logi/txtai/venv/lib/python3.10/site-packages/airflow/example_dags/tutorial_dag.py
[2025-11-02T11:17:57.926+0530] {processor.py:840} INFO - DAG(s) 'tutorial_dag' retrieved from /home/logi/txtai/venv/lib/python3.10/site-packages/airflow/example_dags/tutorial_dag.py
[2025-11-02T11:17:57.952+0530] {logging_mixin.py:188} INFO - [2025-11-02T11:17:57.951+0530] {dag.py:3089} INFO - Sync 1 DAGs
[2025-11-02T11:17:57.967+0530] {logging_mixin.py:188} INFO - [2025-11-02T11:17:57.967+0530] {dag.py:3947} INFO - Setting next_dagrun for tutorial_dag to None, run_after=None
[2025-11-02T11:17:57.992+0530] {processor.py:183} INFO - Processing /home/logi/txtai/venv/lib/python3.10/site-packages/airflow/example_dags/tutorial_dag.py took 0.102 seconds
[2025-11-02T11:18:45.160+0530] {processor.py:161} INFO - Started process (PID=11973) to work on /home/logi/txtai/venv/lib/python3.10/site-packages/airflow/example_dags/tutorial_dag.py
[2025-11-02T11:18:45.173+0530] {processor.py:830} INFO - Processing file /home/logi/txtai/venv/lib/python3.10/site-packages/airflow/example_dags/tutorial_dag.py for tasks to queue
[2025-11-02T11:18:45.175+0530] {logging_mixin.py:188} INFO - [2025-11-02T11:18:45.175+0530] {dagbag.py:545} INFO - Filling up the DagBag from /home/logi/txtai/venv/lib/python3.10/site-packages/airflow/example_dags/tutorial_dag.py
[2025-11-02T11:18:45.180+0530] {processor.py:840} INFO - DAG(s) 'tutorial_dag' retrieved from /home/logi/txtai/venv/lib/python3.10/site-packages/airflow/example_dags/tutorial_dag.py
[2025-11-02T11:18:45.193+0530] {logging_mixin.py:188} INFO - [2025-11-02T11:18:45.193+0530] {dag.py:3089} INFO - Sync 1 DAGs
[2025-11-02T11:18:45.201+0530] {logging_mixin.py:188} INFO - [2025-11-02T11:18:45.201+0530] {dag.py:3947} INFO - Setting next_dagrun for tutorial_dag to None, run_after=None
[2025-11-02T11:18:45.218+0530] {processor.py:183} INFO - Processing /home/logi/txtai/venv/lib/python3.10/site-packages/airflow/example_dags/tutorial_dag.py took 0.064 seconds
[2025-11-02T11:19:31.805+0530] {processor.py:161} INFO - Started process (PID=12044) to work on /home/logi/txtai/venv/lib/python3.10/site-packages/airflow/example_dags/tutorial_dag.py
[2025-11-02T11:19:31.807+0530] {processor.py:830} INFO - Processing file /home/logi/txtai/venv/lib/python3.10/site-packages/airflow/example_dags/tutorial_dag.py for tasks to queue
[2025-11-02T11:19:31.810+0530] {logging_mixin.py:188} INFO - [2025-11-02T11:19:31.809+0530] {dagbag.py:545} INFO - Filling up the DagBag from /home/logi/txtai/venv/lib/python3.10/site-packages/airflow/example_dags/tutorial_dag.py
[2025-11-02T11:19:31.820+0530] {processor.py:840} INFO - DAG(s) 'tutorial_dag' retrieved from /home/logi/txtai/venv/lib/python3.10/site-packages/airflow/example_dags/tutorial_dag.py
[2025-11-02T11:19:31.846+0530] {logging_mixin.py:188} INFO - [2025-11-02T11:19:31.845+0530] {dag.py:3089} INFO - Sync 1 DAGs
[2025-11-02T11:19:31.855+0530] {logging_mixin.py:188} INFO - [2025-11-02T11:19:31.855+0530] {dag.py:3947} INFO - Setting next_dagrun for tutorial_dag to None, run_after=None
[2025-11-02T11:19:31.872+0530] {processor.py:183} INFO - Processing /home/logi/txtai/venv/lib/python3.10/site-packages/airflow/example_dags/tutorial_dag.py took 0.078 seconds
[2025-11-02T11:20:18.291+0530] {processor.py:161} INFO - Started process (PID=12140) to work on /home/logi/txtai/venv/lib/python3.10/site-packages/airflow/example_dags/tutorial_dag.py
[2025-11-02T11:20:18.304+0530] {processor.py:830} INFO - Processing file /home/logi/txtai/venv/lib/python3.10/site-packages/airflow/example_dags/tutorial_dag.py for tasks to queue
[2025-11-02T11:20:18.307+0530] {logging_mixin.py:188} INFO - [2025-11-02T11:20:18.306+0530] {dagbag.py:545} INFO - Filling up the DagBag from /home/logi/txtai/venv/lib/python3.10/site-packages/airflow/example_dags/tutorial_dag.py
[2025-11-02T11:20:18.316+0530] {processor.py:840} INFO - DAG(s) 'tutorial_dag' retrieved from /home/logi/txtai/venv/lib/python3.10/site-packages/airflow/example_dags/tutorial_dag.py
[2025-11-02T11:20:18.340+0530] {logging_mixin.py:188} INFO - [2025-11-02T11:20:18.339+0530] {dag.py:3089} INFO - Sync 1 DAGs
[2025-11-02T11:20:18.356+0530] {logging_mixin.py:188} INFO - [2025-11-02T11:20:18.356+0530] {dag.py:3947} INFO - Setting next_dagrun for tutorial_dag to None, run_after=None
[2025-11-02T11:20:18.382+0530] {processor.py:183} INFO - Processing /home/logi/txtai/venv/lib/python3.10/site-packages/airflow/example_dags/tutorial_dag.py took 0.102 seconds
[2025-11-02T11:21:06.360+0530] {processor.py:161} INFO - Started process (PID=12213) to work on /home/logi/txtai/venv/lib/python3.10/site-packages/airflow/example_dags/tutorial_dag.py
[2025-11-02T11:21:06.373+0530] {processor.py:830} INFO - Processing file /home/logi/txtai/venv/lib/python3.10/site-packages/airflow/example_dags/tutorial_dag.py for tasks to queue
[2025-11-02T11:21:06.375+0530] {logging_mixin.py:188} INFO - [2025-11-02T11:21:06.375+0530] {dagbag.py:545} INFO - Filling up the DagBag from /home/logi/txtai/venv/lib/python3.10/site-packages/airflow/example_dags/tutorial_dag.py
[2025-11-02T11:21:06.385+0530] {processor.py:840} INFO - DAG(s) 'tutorial_dag' retrieved from /home/logi/txtai/venv/lib/python3.10/site-packages/airflow/example_dags/tutorial_dag.py
[2025-11-02T11:21:06.401+0530] {logging_mixin.py:188} INFO - [2025-11-02T11:21:06.401+0530] {dag.py:3089} INFO - Sync 1 DAGs
[2025-11-02T11:21:06.412+0530] {logging_mixin.py:188} INFO - [2025-11-02T11:21:06.411+0530] {dag.py:3947} INFO - Setting next_dagrun for tutorial_dag to None, run_after=None
[2025-11-02T11:21:06.431+0530] {processor.py:183} INFO - Processing /home/logi/txtai/venv/lib/python3.10/site-packages/airflow/example_dags/tutorial_dag.py took 0.083 seconds
[2025-11-02T11:21:53.438+0530] {processor.py:161} INFO - Started process (PID=12284) to work on /home/logi/txtai/venv/lib/python3.10/site-packages/airflow/example_dags/tutorial_dag.py
[2025-11-02T11:21:53.451+0530] {processor.py:830} INFO - Processing file /home/logi/txtai/venv/lib/python3.10/site-packages/airflow/example_dags/tutorial_dag.py for tasks to queue
[2025-11-02T11:21:53.454+0530] {logging_mixin.py:188} INFO - [2025-11-02T11:21:53.454+0530] {dagbag.py:545} INFO - Filling up the DagBag from /home/logi/txtai/venv/lib/python3.10/site-packages/airflow/example_dags/tutorial_dag.py
[2025-11-02T11:21:53.464+0530] {processor.py:840} INFO - DAG(s) 'tutorial_dag' retrieved from /home/logi/txtai/venv/lib/python3.10/site-packages/airflow/example_dags/tutorial_dag.py
[2025-11-02T11:21:53.490+0530] {logging_mixin.py:188} INFO - [2025-11-02T11:21:53.489+0530] {dag.py:3089} INFO - Sync 1 DAGs
[2025-11-02T11:21:53.505+0530] {logging_mixin.py:188} INFO - [2025-11-02T11:21:53.505+0530] {dag.py:3947} INFO - Setting next_dagrun for tutorial_dag to None, run_after=None
[2025-11-02T11:21:53.524+0530] {processor.py:183} INFO - Processing /home/logi/txtai/venv/lib/python3.10/site-packages/airflow/example_dags/tutorial_dag.py took 0.097 seconds
[2025-11-02T11:22:40.843+0530] {processor.py:161} INFO - Started process (PID=12361) to work on /home/logi/txtai/venv/lib/python3.10/site-packages/airflow/example_dags/tutorial_dag.py
[2025-11-02T11:22:40.856+0530] {processor.py:830} INFO - Processing file /home/logi/txtai/venv/lib/python3.10/site-packages/airflow/example_dags/tutorial_dag.py for tasks to queue
[2025-11-02T11:22:40.858+0530] {logging_mixin.py:188} INFO - [2025-11-02T11:22:40.858+0530] {dagbag.py:545} INFO - Filling up the DagBag from /home/logi/txtai/venv/lib/python3.10/site-packages/airflow/example_dags/tutorial_dag.py
[2025-11-02T11:22:40.865+0530] {processor.py:840} INFO - DAG(s) 'tutorial_dag' retrieved from /home/logi/txtai/venv/lib/python3.10/site-packages/airflow/example_dags/tutorial_dag.py
[2025-11-02T11:22:40.884+0530] {logging_mixin.py:188} INFO - [2025-11-02T11:22:40.884+0530] {dag.py:3089} INFO - Sync 1 DAGs
[2025-11-02T11:22:40.896+0530] {logging_mixin.py:188} INFO - [2025-11-02T11:22:40.896+0530] {dag.py:3947} INFO - Setting next_dagrun for tutorial_dag to None, run_after=None
[2025-11-02T11:22:40.917+0530] {processor.py:183} INFO - Processing /home/logi/txtai/venv/lib/python3.10/site-packages/airflow/example_dags/tutorial_dag.py took 0.080 seconds
[2025-11-02T11:23:28.506+0530] {processor.py:161} INFO - Started process (PID=12435) to work on /home/logi/txtai/venv/lib/python3.10/site-packages/airflow/example_dags/tutorial_dag.py
[2025-11-02T11:23:28.519+0530] {processor.py:830} INFO - Processing file /home/logi/txtai/venv/lib/python3.10/site-packages/airflow/example_dags/tutorial_dag.py for tasks to queue
[2025-11-02T11:23:28.521+0530] {logging_mixin.py:188} INFO - [2025-11-02T11:23:28.520+0530] {dagbag.py:545} INFO - Filling up the DagBag from /home/logi/txtai/venv/lib/python3.10/site-packages/airflow/example_dags/tutorial_dag.py
[2025-11-02T11:23:28.532+0530] {processor.py:840} INFO - DAG(s) 'tutorial_dag' retrieved from /home/logi/txtai/venv/lib/python3.10/site-packages/airflow/example_dags/tutorial_dag.py
[2025-11-02T11:23:28.554+0530] {logging_mixin.py:188} INFO - [2025-11-02T11:23:28.553+0530] {dag.py:3089} INFO - Sync 1 DAGs
[2025-11-02T11:23:28.568+0530] {logging_mixin.py:188} INFO - [2025-11-02T11:23:28.568+0530] {dag.py:3947} INFO - Setting next_dagrun for tutorial_dag to None, run_after=None
[2025-11-02T11:23:28.593+0530] {processor.py:183} INFO - Processing /home/logi/txtai/venv/lib/python3.10/site-packages/airflow/example_dags/tutorial_dag.py took 0.093 seconds
[2025-11-02T11:24:13.830+0530] {processor.py:161} INFO - Started process (PID=12505) to work on /home/logi/txtai/venv/lib/python3.10/site-packages/airflow/example_dags/tutorial_dag.py
[2025-11-02T11:24:13.832+0530] {processor.py:830} INFO - Processing file /home/logi/txtai/venv/lib/python3.10/site-packages/airflow/example_dags/tutorial_dag.py for tasks to queue
[2025-11-02T11:24:13.835+0530] {logging_mixin.py:188} INFO - [2025-11-02T11:24:13.834+0530] {dagbag.py:545} INFO - Filling up the DagBag from /home/logi/txtai/venv/lib/python3.10/site-packages/airflow/example_dags/tutorial_dag.py
[2025-11-02T11:24:13.844+0530] {processor.py:840} INFO - DAG(s) 'tutorial_dag' retrieved from /home/logi/txtai/venv/lib/python3.10/site-packages/airflow/example_dags/tutorial_dag.py
[2025-11-02T11:24:13.868+0530] {logging_mixin.py:188} INFO - [2025-11-02T11:24:13.868+0530] {dag.py:3089} INFO - Sync 1 DAGs
[2025-11-02T11:24:13.880+0530] {logging_mixin.py:188} INFO - [2025-11-02T11:24:13.880+0530] {dag.py:3947} INFO - Setting next_dagrun for tutorial_dag to None, run_after=None
[2025-11-02T11:24:13.898+0530] {processor.py:183} INFO - Processing /home/logi/txtai/venv/lib/python3.10/site-packages/airflow/example_dags/tutorial_dag.py took 0.080 seconds
[2025-11-02T11:25:01.543+0530] {processor.py:161} INFO - Started process (PID=12580) to work on /home/logi/txtai/venv/lib/python3.10/site-packages/airflow/example_dags/tutorial_dag.py
[2025-11-02T11:25:01.556+0530] {processor.py:830} INFO - Processing file /home/logi/txtai/venv/lib/python3.10/site-packages/airflow/example_dags/tutorial_dag.py for tasks to queue
[2025-11-02T11:25:01.559+0530] {logging_mixin.py:188} INFO - [2025-11-02T11:25:01.558+0530] {dagbag.py:545} INFO - Filling up the DagBag from /home/logi/txtai/venv/lib/python3.10/site-packages/airflow/example_dags/tutorial_dag.py
[2025-11-02T11:25:01.565+0530] {processor.py:840} INFO - DAG(s) 'tutorial_dag' retrieved from /home/logi/txtai/venv/lib/python3.10/site-packages/airflow/example_dags/tutorial_dag.py
[2025-11-02T11:25:01.584+0530] {logging_mixin.py:188} INFO - [2025-11-02T11:25:01.583+0530] {dag.py:3089} INFO - Sync 1 DAGs
[2025-11-02T11:25:01.593+0530] {logging_mixin.py:188} INFO - [2025-11-02T11:25:01.593+0530] {dag.py:3947} INFO - Setting next_dagrun for tutorial_dag to None, run_after=None
[2025-11-02T11:25:01.612+0530] {processor.py:183} INFO - Processing /home/logi/txtai/venv/lib/python3.10/site-packages/airflow/example_dags/tutorial_dag.py took 0.075 seconds
[2025-11-02T11:25:49.980+0530] {processor.py:161} INFO - Started process (PID=12694) to work on /home/logi/txtai/venv/lib/python3.10/site-packages/airflow/example_dags/tutorial_dag.py
[2025-11-02T11:25:49.993+0530] {processor.py:830} INFO - Processing file /home/logi/txtai/venv/lib/python3.10/site-packages/airflow/example_dags/tutorial_dag.py for tasks to queue
[2025-11-02T11:25:49.996+0530] {logging_mixin.py:188} INFO - [2025-11-02T11:25:49.995+0530] {dagbag.py:545} INFO - Filling up the DagBag from /home/logi/txtai/venv/lib/python3.10/site-packages/airflow/example_dags/tutorial_dag.py
[2025-11-02T11:25:50.008+0530] {processor.py:840} INFO - DAG(s) 'tutorial_dag' retrieved from /home/logi/txtai/venv/lib/python3.10/site-packages/airflow/example_dags/tutorial_dag.py
[2025-11-02T11:25:50.034+0530] {logging_mixin.py:188} INFO - [2025-11-02T11:25:50.034+0530] {dag.py:3089} INFO - Sync 1 DAGs
[2025-11-02T11:25:50.046+0530] {logging_mixin.py:188} INFO - [2025-11-02T11:25:50.046+0530] {dag.py:3947} INFO - Setting next_dagrun for tutorial_dag to None, run_after=None
[2025-11-02T11:25:50.064+0530] {processor.py:183} INFO - Processing /home/logi/txtai/venv/lib/python3.10/site-packages/airflow/example_dags/tutorial_dag.py took 0.094 seconds
[2025-11-02T11:26:39.383+0530] {processor.py:161} INFO - Started process (PID=12768) to work on /home/logi/txtai/venv/lib/python3.10/site-packages/airflow/example_dags/tutorial_dag.py
[2025-11-02T11:26:39.395+0530] {processor.py:830} INFO - Processing file /home/logi/txtai/venv/lib/python3.10/site-packages/airflow/example_dags/tutorial_dag.py for tasks to queue
[2025-11-02T11:26:39.398+0530] {logging_mixin.py:188} INFO - [2025-11-02T11:26:39.397+0530] {dagbag.py:545} INFO - Filling up the DagBag from /home/logi/txtai/venv/lib/python3.10/site-packages/airflow/example_dags/tutorial_dag.py
[2025-11-02T11:26:39.404+0530] {processor.py:840} INFO - DAG(s) 'tutorial_dag' retrieved from /home/logi/txtai/venv/lib/python3.10/site-packages/airflow/example_dags/tutorial_dag.py
[2025-11-02T11:26:39.421+0530] {logging_mixin.py:188} INFO - [2025-11-02T11:26:39.421+0530] {dag.py:3089} INFO - Sync 1 DAGs
[2025-11-02T11:26:39.432+0530] {logging_mixin.py:188} INFO - [2025-11-02T11:26:39.431+0530] {dag.py:3947} INFO - Setting next_dagrun for tutorial_dag to None, run_after=None
[2025-11-02T11:26:39.455+0530] {processor.py:183} INFO - Processing /home/logi/txtai/venv/lib/python3.10/site-packages/airflow/example_dags/tutorial_dag.py took 0.084 seconds
[2025-11-02T11:27:26.116+0530] {processor.py:161} INFO - Started process (PID=12841) to work on /home/logi/txtai/venv/lib/python3.10/site-packages/airflow/example_dags/tutorial_dag.py
[2025-11-02T11:27:26.130+0530] {processor.py:830} INFO - Processing file /home/logi/txtai/venv/lib/python3.10/site-packages/airflow/example_dags/tutorial_dag.py for tasks to queue
[2025-11-02T11:27:26.132+0530] {logging_mixin.py:188} INFO - [2025-11-02T11:27:26.132+0530] {dagbag.py:545} INFO - Filling up the DagBag from /home/logi/txtai/venv/lib/python3.10/site-packages/airflow/example_dags/tutorial_dag.py
[2025-11-02T11:27:26.137+0530] {processor.py:840} INFO - DAG(s) 'tutorial_dag' retrieved from /home/logi/txtai/venv/lib/python3.10/site-packages/airflow/example_dags/tutorial_dag.py
[2025-11-02T11:27:26.158+0530] {logging_mixin.py:188} INFO - [2025-11-02T11:27:26.158+0530] {dag.py:3089} INFO - Sync 1 DAGs
[2025-11-02T11:27:26.169+0530] {logging_mixin.py:188} INFO - [2025-11-02T11:27:26.169+0530] {dag.py:3947} INFO - Setting next_dagrun for tutorial_dag to None, run_after=None
[2025-11-02T11:27:26.188+0530] {processor.py:183} INFO - Processing /home/logi/txtai/venv/lib/python3.10/site-packages/airflow/example_dags/tutorial_dag.py took 0.083 seconds
[2025-11-02T11:28:12.071+0530] {processor.py:161} INFO - Started process (PID=12914) to work on /home/logi/txtai/venv/lib/python3.10/site-packages/airflow/example_dags/tutorial_dag.py
[2025-11-02T11:28:12.084+0530] {processor.py:830} INFO - Processing file /home/logi/txtai/venv/lib/python3.10/site-packages/airflow/example_dags/tutorial_dag.py for tasks to queue
[2025-11-02T11:28:12.086+0530] {logging_mixin.py:188} INFO - [2025-11-02T11:28:12.086+0530] {dagbag.py:545} INFO - Filling up the DagBag from /home/logi/txtai/venv/lib/python3.10/site-packages/airflow/example_dags/tutorial_dag.py
[2025-11-02T11:28:12.095+0530] {processor.py:840} INFO - DAG(s) 'tutorial_dag' retrieved from /home/logi/txtai/venv/lib/python3.10/site-packages/airflow/example_dags/tutorial_dag.py
[2025-11-02T11:28:12.123+0530] {logging_mixin.py:188} INFO - [2025-11-02T11:28:12.122+0530] {dag.py:3089} INFO - Sync 1 DAGs
[2025-11-02T11:28:12.138+0530] {logging_mixin.py:188} INFO - [2025-11-02T11:28:12.138+0530] {dag.py:3947} INFO - Setting next_dagrun for tutorial_dag to None, run_after=None
[2025-11-02T11:28:12.166+0530] {processor.py:183} INFO - Processing /home/logi/txtai/venv/lib/python3.10/site-packages/airflow/example_dags/tutorial_dag.py took 0.102 seconds
[2025-11-02T11:29:02.253+0530] {processor.py:161} INFO - Started process (PID=12986) to work on /home/logi/txtai/venv/lib/python3.10/site-packages/airflow/example_dags/tutorial_dag.py
[2025-11-02T11:29:02.266+0530] {processor.py:830} INFO - Processing file /home/logi/txtai/venv/lib/python3.10/site-packages/airflow/example_dags/tutorial_dag.py for tasks to queue
[2025-11-02T11:29:02.270+0530] {logging_mixin.py:188} INFO - [2025-11-02T11:29:02.269+0530] {dagbag.py:545} INFO - Filling up the DagBag from /home/logi/txtai/venv/lib/python3.10/site-packages/airflow/example_dags/tutorial_dag.py
[2025-11-02T11:29:02.279+0530] {processor.py:840} INFO - DAG(s) 'tutorial_dag' retrieved from /home/logi/txtai/venv/lib/python3.10/site-packages/airflow/example_dags/tutorial_dag.py
[2025-11-02T11:29:02.305+0530] {logging_mixin.py:188} INFO - [2025-11-02T11:29:02.305+0530] {dag.py:3089} INFO - Sync 1 DAGs
[2025-11-02T11:29:02.323+0530] {logging_mixin.py:188} INFO - [2025-11-02T11:29:02.322+0530] {dag.py:3947} INFO - Setting next_dagrun for tutorial_dag to None, run_after=None
[2025-11-02T11:29:02.347+0530] {processor.py:183} INFO - Processing /home/logi/txtai/venv/lib/python3.10/site-packages/airflow/example_dags/tutorial_dag.py took 0.106 seconds
[2025-11-02T11:29:51.863+0530] {processor.py:161} INFO - Started process (PID=13057) to work on /home/logi/txtai/venv/lib/python3.10/site-packages/airflow/example_dags/tutorial_dag.py
[2025-11-02T11:29:51.877+0530] {processor.py:830} INFO - Processing file /home/logi/txtai/venv/lib/python3.10/site-packages/airflow/example_dags/tutorial_dag.py for tasks to queue
[2025-11-02T11:29:51.880+0530] {logging_mixin.py:188} INFO - [2025-11-02T11:29:51.879+0530] {dagbag.py:545} INFO - Filling up the DagBag from /home/logi/txtai/venv/lib/python3.10/site-packages/airflow/example_dags/tutorial_dag.py
[2025-11-02T11:29:51.892+0530] {processor.py:840} INFO - DAG(s) 'tutorial_dag' retrieved from /home/logi/txtai/venv/lib/python3.10/site-packages/airflow/example_dags/tutorial_dag.py
[2025-11-02T11:29:51.919+0530] {logging_mixin.py:188} INFO - [2025-11-02T11:29:51.919+0530] {dag.py:3089} INFO - Sync 1 DAGs
[2025-11-02T11:29:51.935+0530] {logging_mixin.py:188} INFO - [2025-11-02T11:29:51.934+0530] {dag.py:3947} INFO - Setting next_dagrun for tutorial_dag to None, run_after=None
[2025-11-02T11:29:51.964+0530] {processor.py:183} INFO - Processing /home/logi/txtai/venv/lib/python3.10/site-packages/airflow/example_dags/tutorial_dag.py took 0.114 seconds
[2025-11-02T11:30:55.387+0530] {processor.py:161} INFO - Started process (PID=13293) to work on /home/logi/txtai/venv/lib/python3.10/site-packages/airflow/example_dags/tutorial_dag.py
[2025-11-02T11:30:55.400+0530] {processor.py:830} INFO - Processing file /home/logi/txtai/venv/lib/python3.10/site-packages/airflow/example_dags/tutorial_dag.py for tasks to queue
[2025-11-02T11:30:55.403+0530] {logging_mixin.py:188} INFO - [2025-11-02T11:30:55.403+0530] {dagbag.py:545} INFO - Filling up the DagBag from /home/logi/txtai/venv/lib/python3.10/site-packages/airflow/example_dags/tutorial_dag.py
[2025-11-02T11:30:55.414+0530] {processor.py:840} INFO - DAG(s) 'tutorial_dag' retrieved from /home/logi/txtai/venv/lib/python3.10/site-packages/airflow/example_dags/tutorial_dag.py
[2025-11-02T11:30:55.440+0530] {logging_mixin.py:188} INFO - [2025-11-02T11:30:55.439+0530] {dag.py:3089} INFO - Sync 1 DAGs
[2025-11-02T11:30:55.456+0530] {logging_mixin.py:188} INFO - [2025-11-02T11:30:55.456+0530] {dag.py:3947} INFO - Setting next_dagrun for tutorial_dag to None, run_after=None
[2025-11-02T11:30:55.482+0530] {processor.py:183} INFO - Processing /home/logi/txtai/venv/lib/python3.10/site-packages/airflow/example_dags/tutorial_dag.py took 0.106 seconds
[2025-11-02T11:31:47.174+0530] {processor.py:161} INFO - Started process (PID=13367) to work on /home/logi/txtai/venv/lib/python3.10/site-packages/airflow/example_dags/tutorial_dag.py
[2025-11-02T11:31:47.187+0530] {processor.py:830} INFO - Processing file /home/logi/txtai/venv/lib/python3.10/site-packages/airflow/example_dags/tutorial_dag.py for tasks to queue
[2025-11-02T11:31:47.190+0530] {logging_mixin.py:188} INFO - [2025-11-02T11:31:47.189+0530] {dagbag.py:545} INFO - Filling up the DagBag from /home/logi/txtai/venv/lib/python3.10/site-packages/airflow/example_dags/tutorial_dag.py
[2025-11-02T11:31:47.200+0530] {processor.py:840} INFO - DAG(s) 'tutorial_dag' retrieved from /home/logi/txtai/venv/lib/python3.10/site-packages/airflow/example_dags/tutorial_dag.py
[2025-11-02T11:31:47.227+0530] {logging_mixin.py:188} INFO - [2025-11-02T11:31:47.227+0530] {dag.py:3089} INFO - Sync 1 DAGs
[2025-11-02T11:31:47.241+0530] {logging_mixin.py:188} INFO - [2025-11-02T11:31:47.241+0530] {dag.py:3947} INFO - Setting next_dagrun for tutorial_dag to None, run_after=None
[2025-11-02T11:31:47.267+0530] {processor.py:183} INFO - Processing /home/logi/txtai/venv/lib/python3.10/site-packages/airflow/example_dags/tutorial_dag.py took 0.104 seconds
[2025-11-02T11:32:39.489+0530] {processor.py:161} INFO - Started process (PID=13441) to work on /home/logi/txtai/venv/lib/python3.10/site-packages/airflow/example_dags/tutorial_dag.py
[2025-11-02T11:32:39.506+0530] {processor.py:830} INFO - Processing file /home/logi/txtai/venv/lib/python3.10/site-packages/airflow/example_dags/tutorial_dag.py for tasks to queue
[2025-11-02T11:32:39.508+0530] {logging_mixin.py:188} INFO - [2025-11-02T11:32:39.507+0530] {dagbag.py:545} INFO - Filling up the DagBag from /home/logi/txtai/venv/lib/python3.10/site-packages/airflow/example_dags/tutorial_dag.py
[2025-11-02T11:32:39.520+0530] {processor.py:840} INFO - DAG(s) 'tutorial_dag' retrieved from /home/logi/txtai/venv/lib/python3.10/site-packages/airflow/example_dags/tutorial_dag.py
[2025-11-02T11:32:39.543+0530] {logging_mixin.py:188} INFO - [2025-11-02T11:32:39.543+0530] {dag.py:3089} INFO - Sync 1 DAGs
[2025-11-02T11:32:39.557+0530] {logging_mixin.py:188} INFO - [2025-11-02T11:32:39.557+0530] {dag.py:3947} INFO - Setting next_dagrun for tutorial_dag to None, run_after=None
[2025-11-02T11:32:39.582+0530] {processor.py:183} INFO - Processing /home/logi/txtai/venv/lib/python3.10/site-packages/airflow/example_dags/tutorial_dag.py took 0.121 seconds
[2025-11-02T11:33:27.873+0530] {processor.py:161} INFO - Started process (PID=13517) to work on /home/logi/txtai/venv/lib/python3.10/site-packages/airflow/example_dags/tutorial_dag.py
[2025-11-02T11:33:27.885+0530] {processor.py:830} INFO - Processing file /home/logi/txtai/venv/lib/python3.10/site-packages/airflow/example_dags/tutorial_dag.py for tasks to queue
[2025-11-02T11:33:27.887+0530] {logging_mixin.py:188} INFO - [2025-11-02T11:33:27.887+0530] {dagbag.py:545} INFO - Filling up the DagBag from /home/logi/txtai/venv/lib/python3.10/site-packages/airflow/example_dags/tutorial_dag.py
[2025-11-02T11:33:27.897+0530] {processor.py:840} INFO - DAG(s) 'tutorial_dag' retrieved from /home/logi/txtai/venv/lib/python3.10/site-packages/airflow/example_dags/tutorial_dag.py
[2025-11-02T11:33:27.919+0530] {logging_mixin.py:188} INFO - [2025-11-02T11:33:27.919+0530] {dag.py:3089} INFO - Sync 1 DAGs
[2025-11-02T11:33:27.928+0530] {logging_mixin.py:188} INFO - [2025-11-02T11:33:27.928+0530] {dag.py:3947} INFO - Setting next_dagrun for tutorial_dag to None, run_after=None
[2025-11-02T11:33:27.947+0530] {processor.py:183} INFO - Processing /home/logi/txtai/venv/lib/python3.10/site-packages/airflow/example_dags/tutorial_dag.py took 0.083 seconds
[2025-11-02T11:34:16.899+0530] {processor.py:161} INFO - Started process (PID=13588) to work on /home/logi/txtai/venv/lib/python3.10/site-packages/airflow/example_dags/tutorial_dag.py
[2025-11-02T11:34:16.901+0530] {processor.py:830} INFO - Processing file /home/logi/txtai/venv/lib/python3.10/site-packages/airflow/example_dags/tutorial_dag.py for tasks to queue
[2025-11-02T11:34:16.904+0530] {logging_mixin.py:188} INFO - [2025-11-02T11:34:16.903+0530] {dagbag.py:545} INFO - Filling up the DagBag from /home/logi/txtai/venv/lib/python3.10/site-packages/airflow/example_dags/tutorial_dag.py
[2025-11-02T11:34:16.912+0530] {processor.py:840} INFO - DAG(s) 'tutorial_dag' retrieved from /home/logi/txtai/venv/lib/python3.10/site-packages/airflow/example_dags/tutorial_dag.py
[2025-11-02T11:34:16.930+0530] {logging_mixin.py:188} INFO - [2025-11-02T11:34:16.930+0530] {dag.py:3089} INFO - Sync 1 DAGs
[2025-11-02T11:34:16.942+0530] {logging_mixin.py:188} INFO - [2025-11-02T11:34:16.941+0530] {dag.py:3947} INFO - Setting next_dagrun for tutorial_dag to None, run_after=None
[2025-11-02T11:34:16.962+0530] {processor.py:183} INFO - Processing /home/logi/txtai/venv/lib/python3.10/site-packages/airflow/example_dags/tutorial_dag.py took 0.074 seconds
[2025-11-02T11:35:06.021+0530] {processor.py:161} INFO - Started process (PID=13665) to work on /home/logi/txtai/venv/lib/python3.10/site-packages/airflow/example_dags/tutorial_dag.py
[2025-11-02T11:35:06.026+0530] {processor.py:830} INFO - Processing file /home/logi/txtai/venv/lib/python3.10/site-packages/airflow/example_dags/tutorial_dag.py for tasks to queue
[2025-11-02T11:35:06.030+0530] {logging_mixin.py:188} INFO - [2025-11-02T11:35:06.029+0530] {dagbag.py:545} INFO - Filling up the DagBag from /home/logi/txtai/venv/lib/python3.10/site-packages/airflow/example_dags/tutorial_dag.py
[2025-11-02T11:35:06.036+0530] {processor.py:840} INFO - DAG(s) 'tutorial_dag' retrieved from /home/logi/txtai/venv/lib/python3.10/site-packages/airflow/example_dags/tutorial_dag.py
[2025-11-02T11:35:06.051+0530] {logging_mixin.py:188} INFO - [2025-11-02T11:35:06.051+0530] {dag.py:3089} INFO - Sync 1 DAGs
[2025-11-02T11:35:06.060+0530] {logging_mixin.py:188} INFO - [2025-11-02T11:35:06.060+0530] {dag.py:3947} INFO - Setting next_dagrun for tutorial_dag to None, run_after=None
[2025-11-02T11:35:06.081+0530] {processor.py:183} INFO - Processing /home/logi/txtai/venv/lib/python3.10/site-packages/airflow/example_dags/tutorial_dag.py took 0.068 seconds
[2025-11-02T11:35:58.430+0530] {processor.py:161} INFO - Started process (PID=13780) to work on /home/logi/txtai/venv/lib/python3.10/site-packages/airflow/example_dags/tutorial_dag.py
[2025-11-02T11:35:58.443+0530] {processor.py:830} INFO - Processing file /home/logi/txtai/venv/lib/python3.10/site-packages/airflow/example_dags/tutorial_dag.py for tasks to queue
[2025-11-02T11:35:58.446+0530] {logging_mixin.py:188} INFO - [2025-11-02T11:35:58.445+0530] {dagbag.py:545} INFO - Filling up the DagBag from /home/logi/txtai/venv/lib/python3.10/site-packages/airflow/example_dags/tutorial_dag.py
[2025-11-02T11:35:58.456+0530] {processor.py:840} INFO - DAG(s) 'tutorial_dag' retrieved from /home/logi/txtai/venv/lib/python3.10/site-packages/airflow/example_dags/tutorial_dag.py
[2025-11-02T11:35:58.482+0530] {logging_mixin.py:188} INFO - [2025-11-02T11:35:58.481+0530] {dag.py:3089} INFO - Sync 1 DAGs
[2025-11-02T11:35:58.498+0530] {logging_mixin.py:188} INFO - [2025-11-02T11:35:58.497+0530] {dag.py:3947} INFO - Setting next_dagrun for tutorial_dag to None, run_after=None
[2025-11-02T11:35:58.523+0530] {processor.py:183} INFO - Processing /home/logi/txtai/venv/lib/python3.10/site-packages/airflow/example_dags/tutorial_dag.py took 0.105 seconds
[2025-11-02T11:36:48.489+0530] {processor.py:161} INFO - Started process (PID=13859) to work on /home/logi/txtai/venv/lib/python3.10/site-packages/airflow/example_dags/tutorial_dag.py
[2025-11-02T11:36:48.502+0530] {processor.py:830} INFO - Processing file /home/logi/txtai/venv/lib/python3.10/site-packages/airflow/example_dags/tutorial_dag.py for tasks to queue
[2025-11-02T11:36:48.505+0530] {logging_mixin.py:188} INFO - [2025-11-02T11:36:48.504+0530] {dagbag.py:545} INFO - Filling up the DagBag from /home/logi/txtai/venv/lib/python3.10/site-packages/airflow/example_dags/tutorial_dag.py
[2025-11-02T11:36:48.517+0530] {processor.py:840} INFO - DAG(s) 'tutorial_dag' retrieved from /home/logi/txtai/venv/lib/python3.10/site-packages/airflow/example_dags/tutorial_dag.py
[2025-11-02T11:36:48.546+0530] {logging_mixin.py:188} INFO - [2025-11-02T11:36:48.546+0530] {dag.py:3089} INFO - Sync 1 DAGs
[2025-11-02T11:36:48.557+0530] {logging_mixin.py:188} INFO - [2025-11-02T11:36:48.557+0530] {dag.py:3947} INFO - Setting next_dagrun for tutorial_dag to None, run_after=None
[2025-11-02T11:36:48.587+0530] {processor.py:183} INFO - Processing /home/logi/txtai/venv/lib/python3.10/site-packages/airflow/example_dags/tutorial_dag.py took 0.106 seconds
[2025-11-02T11:37:42.225+0530] {processor.py:161} INFO - Started process (PID=13935) to work on /home/logi/txtai/venv/lib/python3.10/site-packages/airflow/example_dags/tutorial_dag.py
[2025-11-02T11:37:42.228+0530] {processor.py:830} INFO - Processing file /home/logi/txtai/venv/lib/python3.10/site-packages/airflow/example_dags/tutorial_dag.py for tasks to queue
[2025-11-02T11:37:42.231+0530] {logging_mixin.py:188} INFO - [2025-11-02T11:37:42.230+0530] {dagbag.py:545} INFO - Filling up the DagBag from /home/logi/txtai/venv/lib/python3.10/site-packages/airflow/example_dags/tutorial_dag.py
[2025-11-02T11:37:42.245+0530] {processor.py:840} INFO - DAG(s) 'tutorial_dag' retrieved from /home/logi/txtai/venv/lib/python3.10/site-packages/airflow/example_dags/tutorial_dag.py
[2025-11-02T11:37:42.273+0530] {logging_mixin.py:188} INFO - [2025-11-02T11:37:42.273+0530] {dag.py:3089} INFO - Sync 1 DAGs
[2025-11-02T11:37:42.285+0530] {logging_mixin.py:188} INFO - [2025-11-02T11:37:42.284+0530] {dag.py:3947} INFO - Setting next_dagrun for tutorial_dag to None, run_after=None
[2025-11-02T11:37:42.306+0530] {processor.py:183} INFO - Processing /home/logi/txtai/venv/lib/python3.10/site-packages/airflow/example_dags/tutorial_dag.py took 0.099 seconds
[2025-11-02T11:38:33.975+0530] {processor.py:161} INFO - Started process (PID=14008) to work on /home/logi/txtai/venv/lib/python3.10/site-packages/airflow/example_dags/tutorial_dag.py
[2025-11-02T11:38:33.988+0530] {processor.py:830} INFO - Processing file /home/logi/txtai/venv/lib/python3.10/site-packages/airflow/example_dags/tutorial_dag.py for tasks to queue
[2025-11-02T11:38:33.990+0530] {logging_mixin.py:188} INFO - [2025-11-02T11:38:33.989+0530] {dagbag.py:545} INFO - Filling up the DagBag from /home/logi/txtai/venv/lib/python3.10/site-packages/airflow/example_dags/tutorial_dag.py
[2025-11-02T11:38:33.996+0530] {processor.py:840} INFO - DAG(s) 'tutorial_dag' retrieved from /home/logi/txtai/venv/lib/python3.10/site-packages/airflow/example_dags/tutorial_dag.py
[2025-11-02T11:38:34.021+0530] {logging_mixin.py:188} INFO - [2025-11-02T11:38:34.020+0530] {dag.py:3089} INFO - Sync 1 DAGs
[2025-11-02T11:38:34.034+0530] {logging_mixin.py:188} INFO - [2025-11-02T11:38:34.033+0530] {dag.py:3947} INFO - Setting next_dagrun for tutorial_dag to None, run_after=None
[2025-11-02T11:38:34.052+0530] {processor.py:183} INFO - Processing /home/logi/txtai/venv/lib/python3.10/site-packages/airflow/example_dags/tutorial_dag.py took 0.087 seconds
[2025-11-02T11:39:25.131+0530] {processor.py:161} INFO - Started process (PID=14082) to work on /home/logi/txtai/venv/lib/python3.10/site-packages/airflow/example_dags/tutorial_dag.py
[2025-11-02T11:39:25.144+0530] {processor.py:830} INFO - Processing file /home/logi/txtai/venv/lib/python3.10/site-packages/airflow/example_dags/tutorial_dag.py for tasks to queue
[2025-11-02T11:39:25.147+0530] {logging_mixin.py:188} INFO - [2025-11-02T11:39:25.147+0530] {dagbag.py:545} INFO - Filling up the DagBag from /home/logi/txtai/venv/lib/python3.10/site-packages/airflow/example_dags/tutorial_dag.py
[2025-11-02T11:39:25.155+0530] {processor.py:840} INFO - DAG(s) 'tutorial_dag' retrieved from /home/logi/txtai/venv/lib/python3.10/site-packages/airflow/example_dags/tutorial_dag.py
[2025-11-02T11:39:25.169+0530] {logging_mixin.py:188} INFO - [2025-11-02T11:39:25.169+0530] {dag.py:3089} INFO - Sync 1 DAGs
[2025-11-02T11:39:25.178+0530] {logging_mixin.py:188} INFO - [2025-11-02T11:39:25.178+0530] {dag.py:3947} INFO - Setting next_dagrun for tutorial_dag to None, run_after=None
[2025-11-02T11:39:25.197+0530] {processor.py:183} INFO - Processing /home/logi/txtai/venv/lib/python3.10/site-packages/airflow/example_dags/tutorial_dag.py took 0.072 seconds
[2025-11-02T11:40:14.546+0530] {processor.py:161} INFO - Started process (PID=14185) to work on /home/logi/txtai/venv/lib/python3.10/site-packages/airflow/example_dags/tutorial_dag.py
[2025-11-02T11:40:14.559+0530] {processor.py:830} INFO - Processing file /home/logi/txtai/venv/lib/python3.10/site-packages/airflow/example_dags/tutorial_dag.py for tasks to queue
[2025-11-02T11:40:14.564+0530] {logging_mixin.py:188} INFO - [2025-11-02T11:40:14.563+0530] {dagbag.py:545} INFO - Filling up the DagBag from /home/logi/txtai/venv/lib/python3.10/site-packages/airflow/example_dags/tutorial_dag.py
[2025-11-02T11:40:14.575+0530] {processor.py:840} INFO - DAG(s) 'tutorial_dag' retrieved from /home/logi/txtai/venv/lib/python3.10/site-packages/airflow/example_dags/tutorial_dag.py
[2025-11-02T11:40:14.591+0530] {logging_mixin.py:188} INFO - [2025-11-02T11:40:14.591+0530] {dag.py:3089} INFO - Sync 1 DAGs
[2025-11-02T11:40:14.600+0530] {logging_mixin.py:188} INFO - [2025-11-02T11:40:14.600+0530] {dag.py:3947} INFO - Setting next_dagrun for tutorial_dag to None, run_after=None
[2025-11-02T11:40:14.627+0530] {processor.py:183} INFO - Processing /home/logi/txtai/venv/lib/python3.10/site-packages/airflow/example_dags/tutorial_dag.py took 0.088 seconds
[2025-11-02T11:41:05.454+0530] {processor.py:161} INFO - Started process (PID=14259) to work on /home/logi/txtai/venv/lib/python3.10/site-packages/airflow/example_dags/tutorial_dag.py
[2025-11-02T11:41:05.456+0530] {processor.py:830} INFO - Processing file /home/logi/txtai/venv/lib/python3.10/site-packages/airflow/example_dags/tutorial_dag.py for tasks to queue
[2025-11-02T11:41:05.459+0530] {logging_mixin.py:188} INFO - [2025-11-02T11:41:05.458+0530] {dagbag.py:545} INFO - Filling up the DagBag from /home/logi/txtai/venv/lib/python3.10/site-packages/airflow/example_dags/tutorial_dag.py
[2025-11-02T11:41:05.464+0530] {processor.py:840} INFO - DAG(s) 'tutorial_dag' retrieved from /home/logi/txtai/venv/lib/python3.10/site-packages/airflow/example_dags/tutorial_dag.py
[2025-11-02T11:41:05.481+0530] {logging_mixin.py:188} INFO - [2025-11-02T11:41:05.480+0530] {dag.py:3089} INFO - Sync 1 DAGs
[2025-11-02T11:41:05.492+0530] {logging_mixin.py:188} INFO - [2025-11-02T11:41:05.492+0530] {dag.py:3947} INFO - Setting next_dagrun for tutorial_dag to None, run_after=None
[2025-11-02T11:41:05.513+0530] {processor.py:183} INFO - Processing /home/logi/txtai/venv/lib/python3.10/site-packages/airflow/example_dags/tutorial_dag.py took 0.069 seconds
[2025-11-02T11:41:57.495+0530] {processor.py:161} INFO - Started process (PID=14333) to work on /home/logi/txtai/venv/lib/python3.10/site-packages/airflow/example_dags/tutorial_dag.py
[2025-11-02T11:41:57.507+0530] {processor.py:830} INFO - Processing file /home/logi/txtai/venv/lib/python3.10/site-packages/airflow/example_dags/tutorial_dag.py for tasks to queue
[2025-11-02T11:41:57.510+0530] {logging_mixin.py:188} INFO - [2025-11-02T11:41:57.509+0530] {dagbag.py:545} INFO - Filling up the DagBag from /home/logi/txtai/venv/lib/python3.10/site-packages/airflow/example_dags/tutorial_dag.py
[2025-11-02T11:41:57.519+0530] {processor.py:840} INFO - DAG(s) 'tutorial_dag' retrieved from /home/logi/txtai/venv/lib/python3.10/site-packages/airflow/example_dags/tutorial_dag.py
[2025-11-02T11:41:57.537+0530] {logging_mixin.py:188} INFO - [2025-11-02T11:41:57.537+0530] {dag.py:3089} INFO - Sync 1 DAGs
[2025-11-02T11:41:57.546+0530] {logging_mixin.py:188} INFO - [2025-11-02T11:41:57.546+0530] {dag.py:3947} INFO - Setting next_dagrun for tutorial_dag to None, run_after=None
[2025-11-02T11:41:57.567+0530] {processor.py:183} INFO - Processing /home/logi/txtai/venv/lib/python3.10/site-packages/airflow/example_dags/tutorial_dag.py took 0.081 seconds
[2025-11-02T11:42:49.559+0530] {processor.py:161} INFO - Started process (PID=14407) to work on /home/logi/txtai/venv/lib/python3.10/site-packages/airflow/example_dags/tutorial_dag.py
[2025-11-02T11:42:49.573+0530] {processor.py:830} INFO - Processing file /home/logi/txtai/venv/lib/python3.10/site-packages/airflow/example_dags/tutorial_dag.py for tasks to queue
[2025-11-02T11:42:49.577+0530] {logging_mixin.py:188} INFO - [2025-11-02T11:42:49.576+0530] {dagbag.py:545} INFO - Filling up the DagBag from /home/logi/txtai/venv/lib/python3.10/site-packages/airflow/example_dags/tutorial_dag.py
[2025-11-02T11:42:49.587+0530] {processor.py:840} INFO - DAG(s) 'tutorial_dag' retrieved from /home/logi/txtai/venv/lib/python3.10/site-packages/airflow/example_dags/tutorial_dag.py
[2025-11-02T11:42:49.617+0530] {logging_mixin.py:188} INFO - [2025-11-02T11:42:49.617+0530] {dag.py:3089} INFO - Sync 1 DAGs
[2025-11-02T11:42:49.632+0530] {logging_mixin.py:188} INFO - [2025-11-02T11:42:49.632+0530] {dag.py:3947} INFO - Setting next_dagrun for tutorial_dag to None, run_after=None
[2025-11-02T11:42:49.660+0530] {processor.py:183} INFO - Processing /home/logi/txtai/venv/lib/python3.10/site-packages/airflow/example_dags/tutorial_dag.py took 0.112 seconds
[2025-11-02T11:43:37.657+0530] {processor.py:161} INFO - Started process (PID=14479) to work on /home/logi/txtai/venv/lib/python3.10/site-packages/airflow/example_dags/tutorial_dag.py
[2025-11-02T11:43:37.670+0530] {processor.py:830} INFO - Processing file /home/logi/txtai/venv/lib/python3.10/site-packages/airflow/example_dags/tutorial_dag.py for tasks to queue
[2025-11-02T11:43:37.673+0530] {logging_mixin.py:188} INFO - [2025-11-02T11:43:37.673+0530] {dagbag.py:545} INFO - Filling up the DagBag from /home/logi/txtai/venv/lib/python3.10/site-packages/airflow/example_dags/tutorial_dag.py
[2025-11-02T11:43:37.683+0530] {processor.py:840} INFO - DAG(s) 'tutorial_dag' retrieved from /home/logi/txtai/venv/lib/python3.10/site-packages/airflow/example_dags/tutorial_dag.py
[2025-11-02T11:43:37.700+0530] {logging_mixin.py:188} INFO - [2025-11-02T11:43:37.700+0530] {dag.py:3089} INFO - Sync 1 DAGs
[2025-11-02T11:43:37.709+0530] {logging_mixin.py:188} INFO - [2025-11-02T11:43:37.709+0530] {dag.py:3947} INFO - Setting next_dagrun for tutorial_dag to None, run_after=None
[2025-11-02T11:43:37.726+0530] {processor.py:183} INFO - Processing /home/logi/txtai/venv/lib/python3.10/site-packages/airflow/example_dags/tutorial_dag.py took 0.081 seconds
[2025-11-02T11:44:24.086+0530] {processor.py:161} INFO - Started process (PID=14548) to work on /home/logi/txtai/venv/lib/python3.10/site-packages/airflow/example_dags/tutorial_dag.py
[2025-11-02T11:44:24.099+0530] {processor.py:830} INFO - Processing file /home/logi/txtai/venv/lib/python3.10/site-packages/airflow/example_dags/tutorial_dag.py for tasks to queue
[2025-11-02T11:44:24.103+0530] {logging_mixin.py:188} INFO - [2025-11-02T11:44:24.102+0530] {dagbag.py:545} INFO - Filling up the DagBag from /home/logi/txtai/venv/lib/python3.10/site-packages/airflow/example_dags/tutorial_dag.py
[2025-11-02T11:44:24.117+0530] {processor.py:840} INFO - DAG(s) 'tutorial_dag' retrieved from /home/logi/txtai/venv/lib/python3.10/site-packages/airflow/example_dags/tutorial_dag.py
[2025-11-02T11:44:24.147+0530] {logging_mixin.py:188} INFO - [2025-11-02T11:44:24.146+0530] {dag.py:3089} INFO - Sync 1 DAGs
[2025-11-02T11:44:24.158+0530] {logging_mixin.py:188} INFO - [2025-11-02T11:44:24.158+0530] {dag.py:3947} INFO - Setting next_dagrun for tutorial_dag to None, run_after=None
[2025-11-02T11:44:24.179+0530] {processor.py:183} INFO - Processing /home/logi/txtai/venv/lib/python3.10/site-packages/airflow/example_dags/tutorial_dag.py took 0.104 seconds
[2025-11-02T11:45:15.221+0530] {processor.py:161} INFO - Started process (PID=14656) to work on /home/logi/txtai/venv/lib/python3.10/site-packages/airflow/example_dags/tutorial_dag.py
[2025-11-02T11:45:15.234+0530] {processor.py:830} INFO - Processing file /home/logi/txtai/venv/lib/python3.10/site-packages/airflow/example_dags/tutorial_dag.py for tasks to queue
[2025-11-02T11:45:15.238+0530] {logging_mixin.py:188} INFO - [2025-11-02T11:45:15.237+0530] {dagbag.py:545} INFO - Filling up the DagBag from /home/logi/txtai/venv/lib/python3.10/site-packages/airflow/example_dags/tutorial_dag.py
[2025-11-02T11:45:15.249+0530] {processor.py:840} INFO - DAG(s) 'tutorial_dag' retrieved from /home/logi/txtai/venv/lib/python3.10/site-packages/airflow/example_dags/tutorial_dag.py
[2025-11-02T11:45:15.276+0530] {logging_mixin.py:188} INFO - [2025-11-02T11:45:15.276+0530] {dag.py:3089} INFO - Sync 1 DAGs
[2025-11-02T11:45:15.289+0530] {logging_mixin.py:188} INFO - [2025-11-02T11:45:15.289+0530] {dag.py:3947} INFO - Setting next_dagrun for tutorial_dag to None, run_after=None
[2025-11-02T11:45:15.309+0530] {processor.py:183} INFO - Processing /home/logi/txtai/venv/lib/python3.10/site-packages/airflow/example_dags/tutorial_dag.py took 0.102 seconds
[2025-11-02T11:46:08.401+0530] {processor.py:161} INFO - Started process (PID=14731) to work on /home/logi/txtai/venv/lib/python3.10/site-packages/airflow/example_dags/tutorial_dag.py
[2025-11-02T11:46:08.414+0530] {processor.py:830} INFO - Processing file /home/logi/txtai/venv/lib/python3.10/site-packages/airflow/example_dags/tutorial_dag.py for tasks to queue
[2025-11-02T11:46:08.417+0530] {logging_mixin.py:188} INFO - [2025-11-02T11:46:08.417+0530] {dagbag.py:545} INFO - Filling up the DagBag from /home/logi/txtai/venv/lib/python3.10/site-packages/airflow/example_dags/tutorial_dag.py
[2025-11-02T11:46:08.428+0530] {processor.py:840} INFO - DAG(s) 'tutorial_dag' retrieved from /home/logi/txtai/venv/lib/python3.10/site-packages/airflow/example_dags/tutorial_dag.py
[2025-11-02T11:46:08.454+0530] {logging_mixin.py:188} INFO - [2025-11-02T11:46:08.454+0530] {dag.py:3089} INFO - Sync 1 DAGs
[2025-11-02T11:46:08.468+0530] {logging_mixin.py:188} INFO - [2025-11-02T11:46:08.468+0530] {dag.py:3947} INFO - Setting next_dagrun for tutorial_dag to None, run_after=None
[2025-11-02T11:46:08.493+0530] {processor.py:183} INFO - Processing /home/logi/txtai/venv/lib/python3.10/site-packages/airflow/example_dags/tutorial_dag.py took 0.103 seconds
[2025-11-02T11:47:00.018+0530] {processor.py:161} INFO - Started process (PID=14805) to work on /home/logi/txtai/venv/lib/python3.10/site-packages/airflow/example_dags/tutorial_dag.py
[2025-11-02T11:47:00.032+0530] {processor.py:830} INFO - Processing file /home/logi/txtai/venv/lib/python3.10/site-packages/airflow/example_dags/tutorial_dag.py for tasks to queue
[2025-11-02T11:47:00.034+0530] {logging_mixin.py:188} INFO - [2025-11-02T11:47:00.034+0530] {dagbag.py:545} INFO - Filling up the DagBag from /home/logi/txtai/venv/lib/python3.10/site-packages/airflow/example_dags/tutorial_dag.py
[2025-11-02T11:47:00.044+0530] {processor.py:840} INFO - DAG(s) 'tutorial_dag' retrieved from /home/logi/txtai/venv/lib/python3.10/site-packages/airflow/example_dags/tutorial_dag.py
[2025-11-02T11:47:00.069+0530] {logging_mixin.py:188} INFO - [2025-11-02T11:47:00.069+0530] {dag.py:3089} INFO - Sync 1 DAGs
[2025-11-02T11:47:00.083+0530] {logging_mixin.py:188} INFO - [2025-11-02T11:47:00.083+0530] {dag.py:3947} INFO - Setting next_dagrun for tutorial_dag to None, run_after=None
[2025-11-02T11:47:00.102+0530] {processor.py:183} INFO - Processing /home/logi/txtai/venv/lib/python3.10/site-packages/airflow/example_dags/tutorial_dag.py took 0.099 seconds
[2025-11-02T11:47:59.654+0530] {processor.py:161} INFO - Started process (PID=14883) to work on /home/logi/txtai/venv/lib/python3.10/site-packages/airflow/example_dags/tutorial_dag.py
[2025-11-02T11:47:59.667+0530] {processor.py:830} INFO - Processing file /home/logi/txtai/venv/lib/python3.10/site-packages/airflow/example_dags/tutorial_dag.py for tasks to queue
[2025-11-02T11:47:59.669+0530] {logging_mixin.py:188} INFO - [2025-11-02T11:47:59.669+0530] {dagbag.py:545} INFO - Filling up the DagBag from /home/logi/txtai/venv/lib/python3.10/site-packages/airflow/example_dags/tutorial_dag.py
[2025-11-02T11:47:59.678+0530] {processor.py:840} INFO - DAG(s) 'tutorial_dag' retrieved from /home/logi/txtai/venv/lib/python3.10/site-packages/airflow/example_dags/tutorial_dag.py
[2025-11-02T11:47:59.694+0530] {logging_mixin.py:188} INFO - [2025-11-02T11:47:59.694+0530] {dag.py:3089} INFO - Sync 1 DAGs
[2025-11-02T11:47:59.704+0530] {logging_mixin.py:188} INFO - [2025-11-02T11:47:59.704+0530] {dag.py:3947} INFO - Setting next_dagrun for tutorial_dag to None, run_after=None
[2025-11-02T11:47:59.723+0530] {processor.py:183} INFO - Processing /home/logi/txtai/venv/lib/python3.10/site-packages/airflow/example_dags/tutorial_dag.py took 0.081 seconds
[2025-11-02T11:48:53.385+0530] {processor.py:161} INFO - Started process (PID=14983) to work on /home/logi/txtai/venv/lib/python3.10/site-packages/airflow/example_dags/tutorial_dag.py
[2025-11-02T11:48:53.398+0530] {processor.py:830} INFO - Processing file /home/logi/txtai/venv/lib/python3.10/site-packages/airflow/example_dags/tutorial_dag.py for tasks to queue
[2025-11-02T11:48:53.402+0530] {logging_mixin.py:188} INFO - [2025-11-02T11:48:53.401+0530] {dagbag.py:545} INFO - Filling up the DagBag from /home/logi/txtai/venv/lib/python3.10/site-packages/airflow/example_dags/tutorial_dag.py
[2025-11-02T11:48:53.411+0530] {processor.py:840} INFO - DAG(s) 'tutorial_dag' retrieved from /home/logi/txtai/venv/lib/python3.10/site-packages/airflow/example_dags/tutorial_dag.py
[2025-11-02T11:48:53.427+0530] {logging_mixin.py:188} INFO - [2025-11-02T11:48:53.427+0530] {dag.py:3089} INFO - Sync 1 DAGs
[2025-11-02T11:48:53.439+0530] {logging_mixin.py:188} INFO - [2025-11-02T11:48:53.438+0530] {dag.py:3947} INFO - Setting next_dagrun for tutorial_dag to None, run_after=None
[2025-11-02T11:48:53.458+0530] {processor.py:183} INFO - Processing /home/logi/txtai/venv/lib/python3.10/site-packages/airflow/example_dags/tutorial_dag.py took 0.085 seconds
[2025-11-02T11:49:46.442+0530] {processor.py:161} INFO - Started process (PID=15072) to work on /home/logi/txtai/venv/lib/python3.10/site-packages/airflow/example_dags/tutorial_dag.py
[2025-11-02T11:49:46.455+0530] {processor.py:830} INFO - Processing file /home/logi/txtai/venv/lib/python3.10/site-packages/airflow/example_dags/tutorial_dag.py for tasks to queue
[2025-11-02T11:49:46.459+0530] {logging_mixin.py:188} INFO - [2025-11-02T11:49:46.458+0530] {dagbag.py:545} INFO - Filling up the DagBag from /home/logi/txtai/venv/lib/python3.10/site-packages/airflow/example_dags/tutorial_dag.py
[2025-11-02T11:49:46.468+0530] {processor.py:840} INFO - DAG(s) 'tutorial_dag' retrieved from /home/logi/txtai/venv/lib/python3.10/site-packages/airflow/example_dags/tutorial_dag.py
[2025-11-02T11:49:46.495+0530] {logging_mixin.py:188} INFO - [2025-11-02T11:49:46.495+0530] {dag.py:3089} INFO - Sync 1 DAGs
[2025-11-02T11:49:46.509+0530] {logging_mixin.py:188} INFO - [2025-11-02T11:49:46.508+0530] {dag.py:3947} INFO - Setting next_dagrun for tutorial_dag to None, run_after=None
[2025-11-02T11:49:46.533+0530] {processor.py:183} INFO - Processing /home/logi/txtai/venv/lib/python3.10/site-packages/airflow/example_dags/tutorial_dag.py took 0.102 seconds
[2025-11-02T11:50:41.815+0530] {processor.py:161} INFO - Started process (PID=15196) to work on /home/logi/txtai/venv/lib/python3.10/site-packages/airflow/example_dags/tutorial_dag.py
[2025-11-02T11:50:41.829+0530] {processor.py:830} INFO - Processing file /home/logi/txtai/venv/lib/python3.10/site-packages/airflow/example_dags/tutorial_dag.py for tasks to queue
[2025-11-02T11:50:41.832+0530] {logging_mixin.py:188} INFO - [2025-11-02T11:50:41.831+0530] {dagbag.py:545} INFO - Filling up the DagBag from /home/logi/txtai/venv/lib/python3.10/site-packages/airflow/example_dags/tutorial_dag.py
[2025-11-02T11:50:41.842+0530] {processor.py:840} INFO - DAG(s) 'tutorial_dag' retrieved from /home/logi/txtai/venv/lib/python3.10/site-packages/airflow/example_dags/tutorial_dag.py
[2025-11-02T11:50:41.866+0530] {logging_mixin.py:188} INFO - [2025-11-02T11:50:41.866+0530] {dag.py:3089} INFO - Sync 1 DAGs
[2025-11-02T11:50:41.882+0530] {logging_mixin.py:188} INFO - [2025-11-02T11:50:41.882+0530] {dag.py:3947} INFO - Setting next_dagrun for tutorial_dag to None, run_after=None
[2025-11-02T11:50:41.907+0530] {processor.py:183} INFO - Processing /home/logi/txtai/venv/lib/python3.10/site-packages/airflow/example_dags/tutorial_dag.py took 0.103 seconds
[2025-11-02T11:51:35.634+0530] {processor.py:161} INFO - Started process (PID=15288) to work on /home/logi/txtai/venv/lib/python3.10/site-packages/airflow/example_dags/tutorial_dag.py
[2025-11-02T11:51:35.647+0530] {processor.py:830} INFO - Processing file /home/logi/txtai/venv/lib/python3.10/site-packages/airflow/example_dags/tutorial_dag.py for tasks to queue
[2025-11-02T11:51:35.650+0530] {logging_mixin.py:188} INFO - [2025-11-02T11:51:35.650+0530] {dagbag.py:545} INFO - Filling up the DagBag from /home/logi/txtai/venv/lib/python3.10/site-packages/airflow/example_dags/tutorial_dag.py
[2025-11-02T11:51:35.660+0530] {processor.py:840} INFO - DAG(s) 'tutorial_dag' retrieved from /home/logi/txtai/venv/lib/python3.10/site-packages/airflow/example_dags/tutorial_dag.py
[2025-11-02T11:51:35.685+0530] {logging_mixin.py:188} INFO - [2025-11-02T11:51:35.685+0530] {dag.py:3089} INFO - Sync 1 DAGs
[2025-11-02T11:51:35.805+0530] {logging_mixin.py:188} INFO - [2025-11-02T11:51:35.805+0530] {dag.py:3947} INFO - Setting next_dagrun for tutorial_dag to None, run_after=None
[2025-11-02T11:51:35.822+0530] {processor.py:183} INFO - Processing /home/logi/txtai/venv/lib/python3.10/site-packages/airflow/example_dags/tutorial_dag.py took 0.199 seconds
[2025-11-02T11:52:29.838+0530] {processor.py:161} INFO - Started process (PID=15378) to work on /home/logi/txtai/venv/lib/python3.10/site-packages/airflow/example_dags/tutorial_dag.py
[2025-11-02T11:52:29.851+0530] {processor.py:830} INFO - Processing file /home/logi/txtai/venv/lib/python3.10/site-packages/airflow/example_dags/tutorial_dag.py for tasks to queue
[2025-11-02T11:52:29.854+0530] {logging_mixin.py:188} INFO - [2025-11-02T11:52:29.854+0530] {dagbag.py:545} INFO - Filling up the DagBag from /home/logi/txtai/venv/lib/python3.10/site-packages/airflow/example_dags/tutorial_dag.py
[2025-11-02T11:52:29.860+0530] {processor.py:840} INFO - DAG(s) 'tutorial_dag' retrieved from /home/logi/txtai/venv/lib/python3.10/site-packages/airflow/example_dags/tutorial_dag.py
[2025-11-02T11:52:29.880+0530] {logging_mixin.py:188} INFO - [2025-11-02T11:52:29.879+0530] {dag.py:3089} INFO - Sync 1 DAGs
[2025-11-02T11:52:29.892+0530] {logging_mixin.py:188} INFO - [2025-11-02T11:52:29.892+0530] {dag.py:3947} INFO - Setting next_dagrun for tutorial_dag to None, run_after=None
[2025-11-02T11:52:29.921+0530] {processor.py:183} INFO - Processing /home/logi/txtai/venv/lib/python3.10/site-packages/airflow/example_dags/tutorial_dag.py took 0.089 seconds
[2025-11-02T11:53:27.230+0530] {processor.py:161} INFO - Started process (PID=15466) to work on /home/logi/txtai/venv/lib/python3.10/site-packages/airflow/example_dags/tutorial_dag.py
[2025-11-02T11:53:27.244+0530] {processor.py:830} INFO - Processing file /home/logi/txtai/venv/lib/python3.10/site-packages/airflow/example_dags/tutorial_dag.py for tasks to queue
[2025-11-02T11:53:27.247+0530] {logging_mixin.py:188} INFO - [2025-11-02T11:53:27.246+0530] {dagbag.py:545} INFO - Filling up the DagBag from /home/logi/txtai/venv/lib/python3.10/site-packages/airflow/example_dags/tutorial_dag.py
[2025-11-02T11:53:27.257+0530] {processor.py:840} INFO - DAG(s) 'tutorial_dag' retrieved from /home/logi/txtai/venv/lib/python3.10/site-packages/airflow/example_dags/tutorial_dag.py
[2025-11-02T11:53:27.283+0530] {logging_mixin.py:188} INFO - [2025-11-02T11:53:27.282+0530] {dag.py:3089} INFO - Sync 1 DAGs
[2025-11-02T11:53:27.297+0530] {logging_mixin.py:188} INFO - [2025-11-02T11:53:27.297+0530] {dag.py:3947} INFO - Setting next_dagrun for tutorial_dag to None, run_after=None
[2025-11-02T11:53:27.324+0530] {processor.py:183} INFO - Processing /home/logi/txtai/venv/lib/python3.10/site-packages/airflow/example_dags/tutorial_dag.py took 0.105 seconds
[2025-11-02T11:54:20.601+0530] {processor.py:161} INFO - Started process (PID=15542) to work on /home/logi/txtai/venv/lib/python3.10/site-packages/airflow/example_dags/tutorial_dag.py
[2025-11-02T11:54:20.615+0530] {processor.py:830} INFO - Processing file /home/logi/txtai/venv/lib/python3.10/site-packages/airflow/example_dags/tutorial_dag.py for tasks to queue
[2025-11-02T11:54:20.618+0530] {logging_mixin.py:188} INFO - [2025-11-02T11:54:20.617+0530] {dagbag.py:545} INFO - Filling up the DagBag from /home/logi/txtai/venv/lib/python3.10/site-packages/airflow/example_dags/tutorial_dag.py
[2025-11-02T11:54:20.631+0530] {processor.py:840} INFO - DAG(s) 'tutorial_dag' retrieved from /home/logi/txtai/venv/lib/python3.10/site-packages/airflow/example_dags/tutorial_dag.py
[2025-11-02T11:54:20.660+0530] {logging_mixin.py:188} INFO - [2025-11-02T11:54:20.660+0530] {dag.py:3089} INFO - Sync 1 DAGs
[2025-11-02T11:54:20.674+0530] {logging_mixin.py:188} INFO - [2025-11-02T11:54:20.673+0530] {dag.py:3947} INFO - Setting next_dagrun for tutorial_dag to None, run_after=None
[2025-11-02T11:54:20.874+0530] {processor.py:183} INFO - Processing /home/logi/txtai/venv/lib/python3.10/site-packages/airflow/example_dags/tutorial_dag.py took 0.286 seconds
[2025-11-02T11:55:17.375+0530] {processor.py:161} INFO - Started process (PID=15654) to work on /home/logi/txtai/venv/lib/python3.10/site-packages/airflow/example_dags/tutorial_dag.py
[2025-11-02T11:55:17.388+0530] {processor.py:830} INFO - Processing file /home/logi/txtai/venv/lib/python3.10/site-packages/airflow/example_dags/tutorial_dag.py for tasks to queue
[2025-11-02T11:55:17.391+0530] {logging_mixin.py:188} INFO - [2025-11-02T11:55:17.391+0530] {dagbag.py:545} INFO - Filling up the DagBag from /home/logi/txtai/venv/lib/python3.10/site-packages/airflow/example_dags/tutorial_dag.py
[2025-11-02T11:55:17.400+0530] {processor.py:840} INFO - DAG(s) 'tutorial_dag' retrieved from /home/logi/txtai/venv/lib/python3.10/site-packages/airflow/example_dags/tutorial_dag.py
[2025-11-02T11:55:17.425+0530] {logging_mixin.py:188} INFO - [2025-11-02T11:55:17.425+0530] {dag.py:3089} INFO - Sync 1 DAGs
[2025-11-02T11:55:17.442+0530] {logging_mixin.py:188} INFO - [2025-11-02T11:55:17.442+0530] {dag.py:3947} INFO - Setting next_dagrun for tutorial_dag to None, run_after=None
[2025-11-02T11:55:17.493+0530] {processor.py:183} INFO - Processing /home/logi/txtai/venv/lib/python3.10/site-packages/airflow/example_dags/tutorial_dag.py took 0.128 seconds
[2025-11-02T11:56:11.524+0530] {processor.py:161} INFO - Started process (PID=15752) to work on /home/logi/txtai/venv/lib/python3.10/site-packages/airflow/example_dags/tutorial_dag.py
[2025-11-02T11:56:11.538+0530] {processor.py:830} INFO - Processing file /home/logi/txtai/venv/lib/python3.10/site-packages/airflow/example_dags/tutorial_dag.py for tasks to queue
[2025-11-02T11:56:11.542+0530] {logging_mixin.py:188} INFO - [2025-11-02T11:56:11.541+0530] {dagbag.py:545} INFO - Filling up the DagBag from /home/logi/txtai/venv/lib/python3.10/site-packages/airflow/example_dags/tutorial_dag.py
[2025-11-02T11:56:11.554+0530] {processor.py:840} INFO - DAG(s) 'tutorial_dag' retrieved from /home/logi/txtai/venv/lib/python3.10/site-packages/airflow/example_dags/tutorial_dag.py
[2025-11-02T11:56:11.584+0530] {logging_mixin.py:188} INFO - [2025-11-02T11:56:11.583+0530] {dag.py:3089} INFO - Sync 1 DAGs
[2025-11-02T11:56:11.597+0530] {logging_mixin.py:188} INFO - [2025-11-02T11:56:11.596+0530] {dag.py:3947} INFO - Setting next_dagrun for tutorial_dag to None, run_after=None
[2025-11-02T11:56:11.630+0530] {processor.py:183} INFO - Processing /home/logi/txtai/venv/lib/python3.10/site-packages/airflow/example_dags/tutorial_dag.py took 0.119 seconds
[2025-11-02T11:57:01.858+0530] {processor.py:161} INFO - Started process (PID=15851) to work on /home/logi/txtai/venv/lib/python3.10/site-packages/airflow/example_dags/tutorial_dag.py
[2025-11-02T11:57:01.872+0530] {processor.py:830} INFO - Processing file /home/logi/txtai/venv/lib/python3.10/site-packages/airflow/example_dags/tutorial_dag.py for tasks to queue
[2025-11-02T11:57:01.875+0530] {logging_mixin.py:188} INFO - [2025-11-02T11:57:01.875+0530] {dagbag.py:545} INFO - Filling up the DagBag from /home/logi/txtai/venv/lib/python3.10/site-packages/airflow/example_dags/tutorial_dag.py
[2025-11-02T11:57:01.886+0530] {processor.py:840} INFO - DAG(s) 'tutorial_dag' retrieved from /home/logi/txtai/venv/lib/python3.10/site-packages/airflow/example_dags/tutorial_dag.py
[2025-11-02T11:57:01.913+0530] {logging_mixin.py:188} INFO - [2025-11-02T11:57:01.913+0530] {dag.py:3089} INFO - Sync 1 DAGs
[2025-11-02T11:57:01.929+0530] {logging_mixin.py:188} INFO - [2025-11-02T11:57:01.928+0530] {dag.py:3947} INFO - Setting next_dagrun for tutorial_dag to None, run_after=None
[2025-11-02T11:57:01.956+0530] {processor.py:183} INFO - Processing /home/logi/txtai/venv/lib/python3.10/site-packages/airflow/example_dags/tutorial_dag.py took 0.112 seconds
[2025-11-02T11:57:54.246+0530] {processor.py:161} INFO - Started process (PID=15938) to work on /home/logi/txtai/venv/lib/python3.10/site-packages/airflow/example_dags/tutorial_dag.py
[2025-11-02T11:57:54.259+0530] {processor.py:830} INFO - Processing file /home/logi/txtai/venv/lib/python3.10/site-packages/airflow/example_dags/tutorial_dag.py for tasks to queue
[2025-11-02T11:57:54.262+0530] {logging_mixin.py:188} INFO - [2025-11-02T11:57:54.261+0530] {dagbag.py:545} INFO - Filling up the DagBag from /home/logi/txtai/venv/lib/python3.10/site-packages/airflow/example_dags/tutorial_dag.py
[2025-11-02T11:57:54.272+0530] {processor.py:840} INFO - DAG(s) 'tutorial_dag' retrieved from /home/logi/txtai/venv/lib/python3.10/site-packages/airflow/example_dags/tutorial_dag.py
[2025-11-02T11:57:54.301+0530] {logging_mixin.py:188} INFO - [2025-11-02T11:57:54.301+0530] {dag.py:3089} INFO - Sync 1 DAGs
[2025-11-02T11:57:54.315+0530] {logging_mixin.py:188} INFO - [2025-11-02T11:57:54.315+0530] {dag.py:3947} INFO - Setting next_dagrun for tutorial_dag to None, run_after=None
[2025-11-02T11:57:54.343+0530] {processor.py:183} INFO - Processing /home/logi/txtai/venv/lib/python3.10/site-packages/airflow/example_dags/tutorial_dag.py took 0.108 seconds
[2025-11-02T11:58:45.629+0530] {processor.py:161} INFO - Started process (PID=16012) to work on /home/logi/txtai/venv/lib/python3.10/site-packages/airflow/example_dags/tutorial_dag.py
[2025-11-02T11:58:45.643+0530] {processor.py:830} INFO - Processing file /home/logi/txtai/venv/lib/python3.10/site-packages/airflow/example_dags/tutorial_dag.py for tasks to queue
[2025-11-02T11:58:45.646+0530] {logging_mixin.py:188} INFO - [2025-11-02T11:58:45.646+0530] {dagbag.py:545} INFO - Filling up the DagBag from /home/logi/txtai/venv/lib/python3.10/site-packages/airflow/example_dags/tutorial_dag.py
[2025-11-02T11:58:45.654+0530] {processor.py:840} INFO - DAG(s) 'tutorial_dag' retrieved from /home/logi/txtai/venv/lib/python3.10/site-packages/airflow/example_dags/tutorial_dag.py
[2025-11-02T11:58:45.670+0530] {logging_mixin.py:188} INFO - [2025-11-02T11:58:45.670+0530] {dag.py:3089} INFO - Sync 1 DAGs
[2025-11-02T11:58:45.681+0530] {logging_mixin.py:188} INFO - [2025-11-02T11:58:45.681+0530] {dag.py:3947} INFO - Setting next_dagrun for tutorial_dag to None, run_after=None
[2025-11-02T11:58:45.703+0530] {processor.py:183} INFO - Processing /home/logi/txtai/venv/lib/python3.10/site-packages/airflow/example_dags/tutorial_dag.py took 0.081 seconds
[2025-11-02T11:59:36.086+0530] {processor.py:161} INFO - Started process (PID=16096) to work on /home/logi/txtai/venv/lib/python3.10/site-packages/airflow/example_dags/tutorial_dag.py
[2025-11-02T11:59:36.099+0530] {processor.py:830} INFO - Processing file /home/logi/txtai/venv/lib/python3.10/site-packages/airflow/example_dags/tutorial_dag.py for tasks to queue
[2025-11-02T11:59:36.102+0530] {logging_mixin.py:188} INFO - [2025-11-02T11:59:36.102+0530] {dagbag.py:545} INFO - Filling up the DagBag from /home/logi/txtai/venv/lib/python3.10/site-packages/airflow/example_dags/tutorial_dag.py
[2025-11-02T11:59:36.108+0530] {processor.py:840} INFO - DAG(s) 'tutorial_dag' retrieved from /home/logi/txtai/venv/lib/python3.10/site-packages/airflow/example_dags/tutorial_dag.py
[2025-11-02T11:59:36.123+0530] {logging_mixin.py:188} INFO - [2025-11-02T11:59:36.123+0530] {dag.py:3089} INFO - Sync 1 DAGs
[2025-11-02T11:59:36.133+0530] {logging_mixin.py:188} INFO - [2025-11-02T11:59:36.133+0530] {dag.py:3947} INFO - Setting next_dagrun for tutorial_dag to None, run_after=None
[2025-11-02T11:59:36.153+0530] {processor.py:183} INFO - Processing /home/logi/txtai/venv/lib/python3.10/site-packages/airflow/example_dags/tutorial_dag.py took 0.075 seconds
[2025-11-02T12:00:28.930+0530] {processor.py:161} INFO - Started process (PID=16230) to work on /home/logi/txtai/venv/lib/python3.10/site-packages/airflow/example_dags/tutorial_dag.py
[2025-11-02T12:00:28.943+0530] {processor.py:830} INFO - Processing file /home/logi/txtai/venv/lib/python3.10/site-packages/airflow/example_dags/tutorial_dag.py for tasks to queue
[2025-11-02T12:00:28.946+0530] {logging_mixin.py:188} INFO - [2025-11-02T12:00:28.945+0530] {dagbag.py:545} INFO - Filling up the DagBag from /home/logi/txtai/venv/lib/python3.10/site-packages/airflow/example_dags/tutorial_dag.py
[2025-11-02T12:00:28.956+0530] {processor.py:840} INFO - DAG(s) 'tutorial_dag' retrieved from /home/logi/txtai/venv/lib/python3.10/site-packages/airflow/example_dags/tutorial_dag.py
[2025-11-02T12:00:28.982+0530] {logging_mixin.py:188} INFO - [2025-11-02T12:00:28.982+0530] {dag.py:3089} INFO - Sync 1 DAGs
[2025-11-02T12:00:28.996+0530] {logging_mixin.py:188} INFO - [2025-11-02T12:00:28.995+0530] {dag.py:3947} INFO - Setting next_dagrun for tutorial_dag to None, run_after=None
[2025-11-02T12:00:29.024+0530] {processor.py:183} INFO - Processing /home/logi/txtai/venv/lib/python3.10/site-packages/airflow/example_dags/tutorial_dag.py took 0.107 seconds
[2025-11-02T12:01:24.141+0530] {processor.py:161} INFO - Started process (PID=16308) to work on /home/logi/txtai/venv/lib/python3.10/site-packages/airflow/example_dags/tutorial_dag.py
[2025-11-02T12:01:24.154+0530] {processor.py:830} INFO - Processing file /home/logi/txtai/venv/lib/python3.10/site-packages/airflow/example_dags/tutorial_dag.py for tasks to queue
[2025-11-02T12:01:24.158+0530] {logging_mixin.py:188} INFO - [2025-11-02T12:01:24.157+0530] {dagbag.py:545} INFO - Filling up the DagBag from /home/logi/txtai/venv/lib/python3.10/site-packages/airflow/example_dags/tutorial_dag.py
[2025-11-02T12:01:24.168+0530] {processor.py:840} INFO - DAG(s) 'tutorial_dag' retrieved from /home/logi/txtai/venv/lib/python3.10/site-packages/airflow/example_dags/tutorial_dag.py
[2025-11-02T12:01:24.200+0530] {logging_mixin.py:188} INFO - [2025-11-02T12:01:24.199+0530] {dag.py:3089} INFO - Sync 1 DAGs
[2025-11-02T12:01:24.216+0530] {logging_mixin.py:188} INFO - [2025-11-02T12:01:24.216+0530] {dag.py:3947} INFO - Setting next_dagrun for tutorial_dag to None, run_after=None
[2025-11-02T12:01:24.253+0530] {processor.py:183} INFO - Processing /home/logi/txtai/venv/lib/python3.10/site-packages/airflow/example_dags/tutorial_dag.py took 0.124 seconds
[2025-11-02T12:02:15.312+0530] {processor.py:161} INFO - Started process (PID=16388) to work on /home/logi/txtai/venv/lib/python3.10/site-packages/airflow/example_dags/tutorial_dag.py
[2025-11-02T12:02:15.313+0530] {processor.py:830} INFO - Processing file /home/logi/txtai/venv/lib/python3.10/site-packages/airflow/example_dags/tutorial_dag.py for tasks to queue
[2025-11-02T12:02:15.316+0530] {logging_mixin.py:188} INFO - [2025-11-02T12:02:15.315+0530] {dagbag.py:545} INFO - Filling up the DagBag from /home/logi/txtai/venv/lib/python3.10/site-packages/airflow/example_dags/tutorial_dag.py
[2025-11-02T12:02:15.324+0530] {processor.py:840} INFO - DAG(s) 'tutorial_dag' retrieved from /home/logi/txtai/venv/lib/python3.10/site-packages/airflow/example_dags/tutorial_dag.py
[2025-11-02T12:02:15.340+0530] {logging_mixin.py:188} INFO - [2025-11-02T12:02:15.340+0530] {dag.py:3089} INFO - Sync 1 DAGs
[2025-11-02T12:02:15.351+0530] {logging_mixin.py:188} INFO - [2025-11-02T12:02:15.350+0530] {dag.py:3947} INFO - Setting next_dagrun for tutorial_dag to None, run_after=None
[2025-11-02T12:02:15.371+0530] {processor.py:183} INFO - Processing /home/logi/txtai/venv/lib/python3.10/site-packages/airflow/example_dags/tutorial_dag.py took 0.066 seconds
[2025-11-02T12:03:02.262+0530] {processor.py:161} INFO - Started process (PID=16460) to work on /home/logi/txtai/venv/lib/python3.10/site-packages/airflow/example_dags/tutorial_dag.py
[2025-11-02T12:03:02.275+0530] {processor.py:830} INFO - Processing file /home/logi/txtai/venv/lib/python3.10/site-packages/airflow/example_dags/tutorial_dag.py for tasks to queue
[2025-11-02T12:03:02.279+0530] {logging_mixin.py:188} INFO - [2025-11-02T12:03:02.278+0530] {dagbag.py:545} INFO - Filling up the DagBag from /home/logi/txtai/venv/lib/python3.10/site-packages/airflow/example_dags/tutorial_dag.py
[2025-11-02T12:03:02.288+0530] {processor.py:840} INFO - DAG(s) 'tutorial_dag' retrieved from /home/logi/txtai/venv/lib/python3.10/site-packages/airflow/example_dags/tutorial_dag.py
[2025-11-02T12:03:02.320+0530] {logging_mixin.py:188} INFO - [2025-11-02T12:03:02.320+0530] {dag.py:3089} INFO - Sync 1 DAGs
[2025-11-02T12:03:02.334+0530] {logging_mixin.py:188} INFO - [2025-11-02T12:03:02.334+0530] {dag.py:3947} INFO - Setting next_dagrun for tutorial_dag to None, run_after=None
[2025-11-02T12:03:02.364+0530] {processor.py:183} INFO - Processing /home/logi/txtai/venv/lib/python3.10/site-packages/airflow/example_dags/tutorial_dag.py took 0.113 seconds
[2025-11-02T12:03:53.242+0530] {processor.py:161} INFO - Started process (PID=16531) to work on /home/logi/txtai/venv/lib/python3.10/site-packages/airflow/example_dags/tutorial_dag.py
[2025-11-02T12:03:53.257+0530] {processor.py:830} INFO - Processing file /home/logi/txtai/venv/lib/python3.10/site-packages/airflow/example_dags/tutorial_dag.py for tasks to queue
[2025-11-02T12:03:53.262+0530] {logging_mixin.py:188} INFO - [2025-11-02T12:03:53.260+0530] {dagbag.py:545} INFO - Filling up the DagBag from /home/logi/txtai/venv/lib/python3.10/site-packages/airflow/example_dags/tutorial_dag.py
[2025-11-02T12:03:53.277+0530] {processor.py:840} INFO - DAG(s) 'tutorial_dag' retrieved from /home/logi/txtai/venv/lib/python3.10/site-packages/airflow/example_dags/tutorial_dag.py
[2025-11-02T12:03:53.308+0530] {logging_mixin.py:188} INFO - [2025-11-02T12:03:53.308+0530] {dag.py:3089} INFO - Sync 1 DAGs
[2025-11-02T12:03:53.320+0530] {logging_mixin.py:188} INFO - [2025-11-02T12:03:53.319+0530] {dag.py:3947} INFO - Setting next_dagrun for tutorial_dag to None, run_after=None
[2025-11-02T12:03:53.341+0530] {processor.py:183} INFO - Processing /home/logi/txtai/venv/lib/python3.10/site-packages/airflow/example_dags/tutorial_dag.py took 0.113 seconds
[2025-11-02T12:04:46.159+0530] {processor.py:161} INFO - Started process (PID=16798) to work on /home/logi/txtai/venv/lib/python3.10/site-packages/airflow/example_dags/tutorial_dag.py
[2025-11-02T12:04:46.175+0530] {processor.py:830} INFO - Processing file /home/logi/txtai/venv/lib/python3.10/site-packages/airflow/example_dags/tutorial_dag.py for tasks to queue
[2025-11-02T12:04:46.183+0530] {logging_mixin.py:188} INFO - [2025-11-02T12:04:46.181+0530] {dagbag.py:545} INFO - Filling up the DagBag from /home/logi/txtai/venv/lib/python3.10/site-packages/airflow/example_dags/tutorial_dag.py
[2025-11-02T12:04:46.210+0530] {processor.py:840} INFO - DAG(s) 'tutorial_dag' retrieved from /home/logi/txtai/venv/lib/python3.10/site-packages/airflow/example_dags/tutorial_dag.py
[2025-11-02T12:04:46.260+0530] {logging_mixin.py:188} INFO - [2025-11-02T12:04:46.258+0530] {dag.py:3089} INFO - Sync 1 DAGs
[2025-11-02T12:04:46.292+0530] {logging_mixin.py:188} INFO - [2025-11-02T12:04:46.292+0530] {dag.py:3947} INFO - Setting next_dagrun for tutorial_dag to None, run_after=None
[2025-11-02T12:04:46.332+0530] {processor.py:183} INFO - Processing /home/logi/txtai/venv/lib/python3.10/site-packages/airflow/example_dags/tutorial_dag.py took 0.191 seconds
[2025-11-02T12:05:42.250+0530] {processor.py:161} INFO - Started process (PID=17200) to work on /home/logi/txtai/venv/lib/python3.10/site-packages/airflow/example_dags/tutorial_dag.py
[2025-11-02T12:05:42.252+0530] {processor.py:830} INFO - Processing file /home/logi/txtai/venv/lib/python3.10/site-packages/airflow/example_dags/tutorial_dag.py for tasks to queue
[2025-11-02T12:05:42.255+0530] {logging_mixin.py:188} INFO - [2025-11-02T12:05:42.254+0530] {dagbag.py:545} INFO - Filling up the DagBag from /home/logi/txtai/venv/lib/python3.10/site-packages/airflow/example_dags/tutorial_dag.py
[2025-11-02T12:05:42.264+0530] {processor.py:840} INFO - DAG(s) 'tutorial_dag' retrieved from /home/logi/txtai/venv/lib/python3.10/site-packages/airflow/example_dags/tutorial_dag.py
[2025-11-02T12:05:42.290+0530] {logging_mixin.py:188} INFO - [2025-11-02T12:05:42.289+0530] {dag.py:3089} INFO - Sync 1 DAGs
[2025-11-02T12:05:42.301+0530] {logging_mixin.py:188} INFO - [2025-11-02T12:05:42.301+0530] {dag.py:3947} INFO - Setting next_dagrun for tutorial_dag to None, run_after=None
[2025-11-02T12:05:42.321+0530] {processor.py:183} INFO - Processing /home/logi/txtai/venv/lib/python3.10/site-packages/airflow/example_dags/tutorial_dag.py took 0.084 seconds
