[2025-10-31T13:23:36.332+0530] {processor.py:161} INFO - Started process (PID=6347) to work on /home/logi/txtai/venv/lib/python3.10/site-packages/airflow/example_dags/tutorial_taskflow_api.py
[2025-10-31T13:23:36.335+0530] {processor.py:830} INFO - Processing file /home/logi/txtai/venv/lib/python3.10/site-packages/airflow/example_dags/tutorial_taskflow_api.py for tasks to queue
[2025-10-31T13:23:36.340+0530] {logging_mixin.py:188} INFO - [2025-10-31T13:23:36.339+0530] {dagbag.py:545} INFO - Filling up the DagBag from /home/logi/txtai/venv/lib/python3.10/site-packages/airflow/example_dags/tutorial_taskflow_api.py
[2025-10-31T13:23:36.367+0530] {processor.py:840} INFO - DAG(s) 'tutorial_taskflow_api' retrieved from /home/logi/txtai/venv/lib/python3.10/site-packages/airflow/example_dags/tutorial_taskflow_api.py
[2025-10-31T13:23:36.602+0530] {logging_mixin.py:188} INFO - [2025-10-31T13:23:36.601+0530] {dag.py:3089} INFO - Sync 1 DAGs
[2025-10-31T13:23:36.624+0530] {logging_mixin.py:188} INFO - [2025-10-31T13:23:36.624+0530] {dag.py:3947} INFO - Setting next_dagrun for tutorial_taskflow_api to None, run_after=None
[2025-10-31T13:23:36.640+0530] {processor.py:183} INFO - Processing /home/logi/txtai/venv/lib/python3.10/site-packages/airflow/example_dags/tutorial_taskflow_api.py took 0.331 seconds
[2025-10-31T13:24:57.464+0530] {processor.py:161} INFO - Started process (PID=6945) to work on /home/logi/txtai/venv/lib/python3.10/site-packages/airflow/example_dags/tutorial_taskflow_api.py
[2025-10-31T13:24:57.478+0530] {processor.py:830} INFO - Processing file /home/logi/txtai/venv/lib/python3.10/site-packages/airflow/example_dags/tutorial_taskflow_api.py for tasks to queue
[2025-10-31T13:24:57.483+0530] {logging_mixin.py:188} INFO - [2025-10-31T13:24:57.482+0530] {dagbag.py:545} INFO - Filling up the DagBag from /home/logi/txtai/venv/lib/python3.10/site-packages/airflow/example_dags/tutorial_taskflow_api.py
[2025-10-31T13:24:57.502+0530] {processor.py:840} INFO - DAG(s) 'tutorial_taskflow_api' retrieved from /home/logi/txtai/venv/lib/python3.10/site-packages/airflow/example_dags/tutorial_taskflow_api.py
[2025-10-31T13:24:57.850+0530] {logging_mixin.py:188} INFO - [2025-10-31T13:24:57.848+0530] {dag.py:3089} INFO - Sync 1 DAGs
[2025-10-31T13:24:57.879+0530] {logging_mixin.py:188} INFO - [2025-10-31T13:24:57.878+0530] {dag.py:3947} INFO - Setting next_dagrun for tutorial_taskflow_api to None, run_after=None
[2025-10-31T13:24:57.976+0530] {processor.py:183} INFO - Processing /home/logi/txtai/venv/lib/python3.10/site-packages/airflow/example_dags/tutorial_taskflow_api.py took 0.524 seconds
[2025-10-31T13:25:54.461+0530] {processor.py:161} INFO - Started process (PID=7246) to work on /home/logi/txtai/venv/lib/python3.10/site-packages/airflow/example_dags/tutorial_taskflow_api.py
[2025-10-31T13:25:54.474+0530] {processor.py:830} INFO - Processing file /home/logi/txtai/venv/lib/python3.10/site-packages/airflow/example_dags/tutorial_taskflow_api.py for tasks to queue
[2025-10-31T13:25:54.478+0530] {logging_mixin.py:188} INFO - [2025-10-31T13:25:54.477+0530] {dagbag.py:545} INFO - Filling up the DagBag from /home/logi/txtai/venv/lib/python3.10/site-packages/airflow/example_dags/tutorial_taskflow_api.py
[2025-10-31T13:25:54.489+0530] {processor.py:840} INFO - DAG(s) 'tutorial_taskflow_api' retrieved from /home/logi/txtai/venv/lib/python3.10/site-packages/airflow/example_dags/tutorial_taskflow_api.py
[2025-10-31T13:25:54.506+0530] {logging_mixin.py:188} INFO - [2025-10-31T13:25:54.505+0530] {dag.py:3089} INFO - Sync 1 DAGs
[2025-10-31T13:25:54.519+0530] {logging_mixin.py:188} INFO - [2025-10-31T13:25:54.518+0530] {dag.py:3947} INFO - Setting next_dagrun for tutorial_taskflow_api to None, run_after=None
[2025-10-31T13:25:54.537+0530] {processor.py:183} INFO - Processing /home/logi/txtai/venv/lib/python3.10/site-packages/airflow/example_dags/tutorial_taskflow_api.py took 0.081 seconds
[2025-10-31T13:26:45.124+0530] {processor.py:161} INFO - Started process (PID=7319) to work on /home/logi/txtai/venv/lib/python3.10/site-packages/airflow/example_dags/tutorial_taskflow_api.py
[2025-10-31T13:26:45.138+0530] {processor.py:830} INFO - Processing file /home/logi/txtai/venv/lib/python3.10/site-packages/airflow/example_dags/tutorial_taskflow_api.py for tasks to queue
[2025-10-31T13:26:45.140+0530] {logging_mixin.py:188} INFO - [2025-10-31T13:26:45.140+0530] {dagbag.py:545} INFO - Filling up the DagBag from /home/logi/txtai/venv/lib/python3.10/site-packages/airflow/example_dags/tutorial_taskflow_api.py
[2025-10-31T13:26:45.153+0530] {processor.py:840} INFO - DAG(s) 'tutorial_taskflow_api' retrieved from /home/logi/txtai/venv/lib/python3.10/site-packages/airflow/example_dags/tutorial_taskflow_api.py
[2025-10-31T13:26:45.193+0530] {logging_mixin.py:188} INFO - [2025-10-31T13:26:45.193+0530] {dag.py:3089} INFO - Sync 1 DAGs
[2025-10-31T13:26:45.210+0530] {logging_mixin.py:188} INFO - [2025-10-31T13:26:45.209+0530] {dag.py:3947} INFO - Setting next_dagrun for tutorial_taskflow_api to None, run_after=None
[2025-10-31T13:26:45.254+0530] {processor.py:183} INFO - Processing /home/logi/txtai/venv/lib/python3.10/site-packages/airflow/example_dags/tutorial_taskflow_api.py took 0.141 seconds
[2025-10-31T13:27:34.304+0530] {processor.py:161} INFO - Started process (PID=7396) to work on /home/logi/txtai/venv/lib/python3.10/site-packages/airflow/example_dags/tutorial_taskflow_api.py
[2025-10-31T13:27:34.316+0530] {processor.py:830} INFO - Processing file /home/logi/txtai/venv/lib/python3.10/site-packages/airflow/example_dags/tutorial_taskflow_api.py for tasks to queue
[2025-10-31T13:27:34.319+0530] {logging_mixin.py:188} INFO - [2025-10-31T13:27:34.319+0530] {dagbag.py:545} INFO - Filling up the DagBag from /home/logi/txtai/venv/lib/python3.10/site-packages/airflow/example_dags/tutorial_taskflow_api.py
[2025-10-31T13:27:34.326+0530] {processor.py:840} INFO - DAG(s) 'tutorial_taskflow_api' retrieved from /home/logi/txtai/venv/lib/python3.10/site-packages/airflow/example_dags/tutorial_taskflow_api.py
[2025-10-31T13:27:34.342+0530] {logging_mixin.py:188} INFO - [2025-10-31T13:27:34.342+0530] {dag.py:3089} INFO - Sync 1 DAGs
[2025-10-31T13:27:34.351+0530] {logging_mixin.py:188} INFO - [2025-10-31T13:27:34.351+0530] {dag.py:3947} INFO - Setting next_dagrun for tutorial_taskflow_api to None, run_after=None
[2025-10-31T13:27:34.368+0530] {processor.py:183} INFO - Processing /home/logi/txtai/venv/lib/python3.10/site-packages/airflow/example_dags/tutorial_taskflow_api.py took 0.072 seconds
[2025-10-31T13:28:24.401+0530] {processor.py:161} INFO - Started process (PID=7498) to work on /home/logi/txtai/venv/lib/python3.10/site-packages/airflow/example_dags/tutorial_taskflow_api.py
[2025-10-31T13:28:24.413+0530] {processor.py:830} INFO - Processing file /home/logi/txtai/venv/lib/python3.10/site-packages/airflow/example_dags/tutorial_taskflow_api.py for tasks to queue
[2025-10-31T13:28:24.414+0530] {logging_mixin.py:188} INFO - [2025-10-31T13:28:24.414+0530] {dagbag.py:545} INFO - Filling up the DagBag from /home/logi/txtai/venv/lib/python3.10/site-packages/airflow/example_dags/tutorial_taskflow_api.py
[2025-10-31T13:28:24.421+0530] {processor.py:840} INFO - DAG(s) 'tutorial_taskflow_api' retrieved from /home/logi/txtai/venv/lib/python3.10/site-packages/airflow/example_dags/tutorial_taskflow_api.py
[2025-10-31T13:28:24.434+0530] {logging_mixin.py:188} INFO - [2025-10-31T13:28:24.434+0530] {dag.py:3089} INFO - Sync 1 DAGs
[2025-10-31T13:28:24.443+0530] {logging_mixin.py:188} INFO - [2025-10-31T13:28:24.443+0530] {dag.py:3947} INFO - Setting next_dagrun for tutorial_taskflow_api to None, run_after=None
[2025-10-31T13:28:24.461+0530] {processor.py:183} INFO - Processing /home/logi/txtai/venv/lib/python3.10/site-packages/airflow/example_dags/tutorial_taskflow_api.py took 0.066 seconds
[2025-10-31T13:29:13.388+0530] {processor.py:161} INFO - Started process (PID=7602) to work on /home/logi/txtai/venv/lib/python3.10/site-packages/airflow/example_dags/tutorial_taskflow_api.py
[2025-10-31T13:29:13.401+0530] {processor.py:830} INFO - Processing file /home/logi/txtai/venv/lib/python3.10/site-packages/airflow/example_dags/tutorial_taskflow_api.py for tasks to queue
[2025-10-31T13:29:13.404+0530] {logging_mixin.py:188} INFO - [2025-10-31T13:29:13.404+0530] {dagbag.py:545} INFO - Filling up the DagBag from /home/logi/txtai/venv/lib/python3.10/site-packages/airflow/example_dags/tutorial_taskflow_api.py
[2025-10-31T13:29:13.410+0530] {processor.py:840} INFO - DAG(s) 'tutorial_taskflow_api' retrieved from /home/logi/txtai/venv/lib/python3.10/site-packages/airflow/example_dags/tutorial_taskflow_api.py
[2025-10-31T13:29:13.424+0530] {logging_mixin.py:188} INFO - [2025-10-31T13:29:13.424+0530] {dag.py:3089} INFO - Sync 1 DAGs
[2025-10-31T13:29:13.434+0530] {logging_mixin.py:188} INFO - [2025-10-31T13:29:13.434+0530] {dag.py:3947} INFO - Setting next_dagrun for tutorial_taskflow_api to None, run_after=None
[2025-10-31T13:29:13.453+0530] {processor.py:183} INFO - Processing /home/logi/txtai/venv/lib/python3.10/site-packages/airflow/example_dags/tutorial_taskflow_api.py took 0.071 seconds
[2025-10-31T16:44:40.879+0530] {processor.py:161} INFO - Started process (PID=6981) to work on /home/logi/txtai/venv/lib/python3.10/site-packages/airflow/example_dags/tutorial_taskflow_api.py
[2025-10-31T16:44:40.884+0530] {processor.py:830} INFO - Processing file /home/logi/txtai/venv/lib/python3.10/site-packages/airflow/example_dags/tutorial_taskflow_api.py for tasks to queue
[2025-10-31T16:44:40.887+0530] {logging_mixin.py:188} INFO - [2025-10-31T16:44:40.886+0530] {dagbag.py:545} INFO - Filling up the DagBag from /home/logi/txtai/venv/lib/python3.10/site-packages/airflow/example_dags/tutorial_taskflow_api.py
[2025-10-31T16:44:40.901+0530] {processor.py:840} INFO - DAG(s) 'tutorial_taskflow_api' retrieved from /home/logi/txtai/venv/lib/python3.10/site-packages/airflow/example_dags/tutorial_taskflow_api.py
[2025-10-31T16:44:41.089+0530] {logging_mixin.py:188} INFO - [2025-10-31T16:44:41.089+0530] {dag.py:3089} INFO - Sync 1 DAGs
[2025-10-31T16:44:41.098+0530] {logging_mixin.py:188} INFO - [2025-10-31T16:44:41.098+0530] {dag.py:3947} INFO - Setting next_dagrun for tutorial_taskflow_api to None, run_after=None
[2025-10-31T16:44:41.139+0530] {processor.py:183} INFO - Processing /home/logi/txtai/venv/lib/python3.10/site-packages/airflow/example_dags/tutorial_taskflow_api.py took 0.272 seconds
[2025-10-31T16:45:59.038+0530] {processor.py:161} INFO - Started process (PID=7755) to work on /home/logi/txtai/venv/lib/python3.10/site-packages/airflow/example_dags/tutorial_taskflow_api.py
[2025-10-31T16:45:59.052+0530] {processor.py:830} INFO - Processing file /home/logi/txtai/venv/lib/python3.10/site-packages/airflow/example_dags/tutorial_taskflow_api.py for tasks to queue
[2025-10-31T16:45:59.055+0530] {logging_mixin.py:188} INFO - [2025-10-31T16:45:59.055+0530] {dagbag.py:545} INFO - Filling up the DagBag from /home/logi/txtai/venv/lib/python3.10/site-packages/airflow/example_dags/tutorial_taskflow_api.py
[2025-10-31T16:45:59.067+0530] {processor.py:840} INFO - DAG(s) 'tutorial_taskflow_api' retrieved from /home/logi/txtai/venv/lib/python3.10/site-packages/airflow/example_dags/tutorial_taskflow_api.py
[2025-10-31T16:45:59.092+0530] {logging_mixin.py:188} INFO - [2025-10-31T16:45:59.092+0530] {dag.py:3089} INFO - Sync 1 DAGs
[2025-10-31T16:45:59.107+0530] {logging_mixin.py:188} INFO - [2025-10-31T16:45:59.107+0530] {dag.py:3947} INFO - Setting next_dagrun for tutorial_taskflow_api to None, run_after=None
[2025-10-31T16:45:59.136+0530] {processor.py:183} INFO - Processing /home/logi/txtai/venv/lib/python3.10/site-packages/airflow/example_dags/tutorial_taskflow_api.py took 0.109 seconds
[2025-10-31T16:47:06.100+0530] {processor.py:161} INFO - Started process (PID=8221) to work on /home/logi/txtai/venv/lib/python3.10/site-packages/airflow/example_dags/tutorial_taskflow_api.py
[2025-10-31T16:47:06.114+0530] {processor.py:830} INFO - Processing file /home/logi/txtai/venv/lib/python3.10/site-packages/airflow/example_dags/tutorial_taskflow_api.py for tasks to queue
[2025-10-31T16:47:06.117+0530] {logging_mixin.py:188} INFO - [2025-10-31T16:47:06.117+0530] {dagbag.py:545} INFO - Filling up the DagBag from /home/logi/txtai/venv/lib/python3.10/site-packages/airflow/example_dags/tutorial_taskflow_api.py
[2025-10-31T16:47:06.129+0530] {processor.py:840} INFO - DAG(s) 'tutorial_taskflow_api' retrieved from /home/logi/txtai/venv/lib/python3.10/site-packages/airflow/example_dags/tutorial_taskflow_api.py
[2025-10-31T16:47:06.160+0530] {logging_mixin.py:188} INFO - [2025-10-31T16:47:06.160+0530] {dag.py:3089} INFO - Sync 1 DAGs
[2025-10-31T16:47:06.171+0530] {logging_mixin.py:188} INFO - [2025-10-31T16:47:06.170+0530] {dag.py:3947} INFO - Setting next_dagrun for tutorial_taskflow_api to None, run_after=None
[2025-10-31T16:47:06.191+0530] {processor.py:183} INFO - Processing /home/logi/txtai/venv/lib/python3.10/site-packages/airflow/example_dags/tutorial_taskflow_api.py took 0.102 seconds
[2025-10-31T16:47:42.445+0530] {processor.py:161} INFO - Started process (PID=8354) to work on /home/logi/txtai/venv/lib/python3.10/site-packages/airflow/example_dags/tutorial_taskflow_api.py
[2025-10-31T16:47:42.458+0530] {processor.py:830} INFO - Processing file /home/logi/txtai/venv/lib/python3.10/site-packages/airflow/example_dags/tutorial_taskflow_api.py for tasks to queue
[2025-10-31T16:47:42.461+0530] {logging_mixin.py:188} INFO - [2025-10-31T16:47:42.461+0530] {dagbag.py:545} INFO - Filling up the DagBag from /home/logi/txtai/venv/lib/python3.10/site-packages/airflow/example_dags/tutorial_taskflow_api.py
[2025-10-31T16:47:42.473+0530] {processor.py:840} INFO - DAG(s) 'tutorial_taskflow_api' retrieved from /home/logi/txtai/venv/lib/python3.10/site-packages/airflow/example_dags/tutorial_taskflow_api.py
[2025-10-31T16:47:42.499+0530] {logging_mixin.py:188} INFO - [2025-10-31T16:47:42.498+0530] {dag.py:3089} INFO - Sync 1 DAGs
[2025-10-31T16:47:42.514+0530] {logging_mixin.py:188} INFO - [2025-10-31T16:47:42.513+0530] {dag.py:3947} INFO - Setting next_dagrun for tutorial_taskflow_api to None, run_after=None
[2025-10-31T16:47:42.535+0530] {processor.py:183} INFO - Processing /home/logi/txtai/venv/lib/python3.10/site-packages/airflow/example_dags/tutorial_taskflow_api.py took 0.102 seconds
[2025-10-31T16:48:46.835+0530] {processor.py:161} INFO - Started process (PID=8823) to work on /home/logi/txtai/venv/lib/python3.10/site-packages/airflow/example_dags/tutorial_taskflow_api.py
[2025-10-31T16:48:46.850+0530] {processor.py:830} INFO - Processing file /home/logi/txtai/venv/lib/python3.10/site-packages/airflow/example_dags/tutorial_taskflow_api.py for tasks to queue
[2025-10-31T16:48:46.853+0530] {logging_mixin.py:188} INFO - [2025-10-31T16:48:46.853+0530] {dagbag.py:545} INFO - Filling up the DagBag from /home/logi/txtai/venv/lib/python3.10/site-packages/airflow/example_dags/tutorial_taskflow_api.py
[2025-10-31T16:48:46.866+0530] {processor.py:840} INFO - DAG(s) 'tutorial_taskflow_api' retrieved from /home/logi/txtai/venv/lib/python3.10/site-packages/airflow/example_dags/tutorial_taskflow_api.py
[2025-10-31T16:48:46.895+0530] {logging_mixin.py:188} INFO - [2025-10-31T16:48:46.895+0530] {dag.py:3089} INFO - Sync 1 DAGs
[2025-10-31T16:48:46.909+0530] {logging_mixin.py:188} INFO - [2025-10-31T16:48:46.908+0530] {dag.py:3947} INFO - Setting next_dagrun for tutorial_taskflow_api to None, run_after=None
[2025-10-31T16:48:46.938+0530] {processor.py:183} INFO - Processing /home/logi/txtai/venv/lib/python3.10/site-packages/airflow/example_dags/tutorial_taskflow_api.py took 0.114 seconds
[2025-10-31T16:49:24.869+0530] {processor.py:161} INFO - Started process (PID=8908) to work on /home/logi/txtai/venv/lib/python3.10/site-packages/airflow/example_dags/tutorial_taskflow_api.py
[2025-10-31T16:49:24.883+0530] {processor.py:830} INFO - Processing file /home/logi/txtai/venv/lib/python3.10/site-packages/airflow/example_dags/tutorial_taskflow_api.py for tasks to queue
[2025-10-31T16:49:24.887+0530] {logging_mixin.py:188} INFO - [2025-10-31T16:49:24.886+0530] {dagbag.py:545} INFO - Filling up the DagBag from /home/logi/txtai/venv/lib/python3.10/site-packages/airflow/example_dags/tutorial_taskflow_api.py
[2025-10-31T16:49:24.899+0530] {processor.py:840} INFO - DAG(s) 'tutorial_taskflow_api' retrieved from /home/logi/txtai/venv/lib/python3.10/site-packages/airflow/example_dags/tutorial_taskflow_api.py
[2025-10-31T16:49:24.927+0530] {logging_mixin.py:188} INFO - [2025-10-31T16:49:24.927+0530] {dag.py:3089} INFO - Sync 1 DAGs
[2025-10-31T16:49:24.941+0530] {logging_mixin.py:188} INFO - [2025-10-31T16:49:24.941+0530] {dag.py:3947} INFO - Setting next_dagrun for tutorial_taskflow_api to None, run_after=None
[2025-10-31T16:49:24.964+0530] {processor.py:183} INFO - Processing /home/logi/txtai/venv/lib/python3.10/site-packages/airflow/example_dags/tutorial_taskflow_api.py took 0.106 seconds
[2025-10-31T16:50:20.553+0530] {processor.py:161} INFO - Started process (PID=9076) to work on /home/logi/txtai/venv/lib/python3.10/site-packages/airflow/example_dags/tutorial_taskflow_api.py
[2025-10-31T16:50:20.566+0530] {processor.py:830} INFO - Processing file /home/logi/txtai/venv/lib/python3.10/site-packages/airflow/example_dags/tutorial_taskflow_api.py for tasks to queue
[2025-10-31T16:50:20.569+0530] {logging_mixin.py:188} INFO - [2025-10-31T16:50:20.569+0530] {dagbag.py:545} INFO - Filling up the DagBag from /home/logi/txtai/venv/lib/python3.10/site-packages/airflow/example_dags/tutorial_taskflow_api.py
[2025-10-31T16:50:20.581+0530] {processor.py:840} INFO - DAG(s) 'tutorial_taskflow_api' retrieved from /home/logi/txtai/venv/lib/python3.10/site-packages/airflow/example_dags/tutorial_taskflow_api.py
[2025-10-31T16:50:20.608+0530] {logging_mixin.py:188} INFO - [2025-10-31T16:50:20.608+0530] {dag.py:3089} INFO - Sync 1 DAGs
[2025-10-31T16:50:20.622+0530] {logging_mixin.py:188} INFO - [2025-10-31T16:50:20.622+0530] {dag.py:3947} INFO - Setting next_dagrun for tutorial_taskflow_api to None, run_after=None
[2025-10-31T16:50:20.643+0530] {processor.py:183} INFO - Processing /home/logi/txtai/venv/lib/python3.10/site-packages/airflow/example_dags/tutorial_taskflow_api.py took 0.101 seconds
[2025-10-31T16:51:12.598+0530] {processor.py:161} INFO - Started process (PID=9211) to work on /home/logi/txtai/venv/lib/python3.10/site-packages/airflow/example_dags/tutorial_taskflow_api.py
[2025-10-31T16:51:12.613+0530] {processor.py:830} INFO - Processing file /home/logi/txtai/venv/lib/python3.10/site-packages/airflow/example_dags/tutorial_taskflow_api.py for tasks to queue
[2025-10-31T16:51:12.617+0530] {logging_mixin.py:188} INFO - [2025-10-31T16:51:12.616+0530] {dagbag.py:545} INFO - Filling up the DagBag from /home/logi/txtai/venv/lib/python3.10/site-packages/airflow/example_dags/tutorial_taskflow_api.py
[2025-10-31T16:51:12.630+0530] {processor.py:840} INFO - DAG(s) 'tutorial_taskflow_api' retrieved from /home/logi/txtai/venv/lib/python3.10/site-packages/airflow/example_dags/tutorial_taskflow_api.py
[2025-10-31T16:51:12.658+0530] {logging_mixin.py:188} INFO - [2025-10-31T16:51:12.658+0530] {dag.py:3089} INFO - Sync 1 DAGs
[2025-10-31T16:51:12.670+0530] {logging_mixin.py:188} INFO - [2025-10-31T16:51:12.670+0530] {dag.py:3947} INFO - Setting next_dagrun for tutorial_taskflow_api to None, run_after=None
[2025-10-31T16:51:12.699+0530] {processor.py:183} INFO - Processing /home/logi/txtai/venv/lib/python3.10/site-packages/airflow/example_dags/tutorial_taskflow_api.py took 0.116 seconds
[2025-10-31T16:52:06.940+0530] {processor.py:161} INFO - Started process (PID=9290) to work on /home/logi/txtai/venv/lib/python3.10/site-packages/airflow/example_dags/tutorial_taskflow_api.py
[2025-10-31T16:52:06.953+0530] {processor.py:830} INFO - Processing file /home/logi/txtai/venv/lib/python3.10/site-packages/airflow/example_dags/tutorial_taskflow_api.py for tasks to queue
[2025-10-31T16:52:06.956+0530] {logging_mixin.py:188} INFO - [2025-10-31T16:52:06.955+0530] {dagbag.py:545} INFO - Filling up the DagBag from /home/logi/txtai/venv/lib/python3.10/site-packages/airflow/example_dags/tutorial_taskflow_api.py
[2025-10-31T16:52:06.967+0530] {processor.py:840} INFO - DAG(s) 'tutorial_taskflow_api' retrieved from /home/logi/txtai/venv/lib/python3.10/site-packages/airflow/example_dags/tutorial_taskflow_api.py
[2025-10-31T16:52:06.993+0530] {logging_mixin.py:188} INFO - [2025-10-31T16:52:06.993+0530] {dag.py:3089} INFO - Sync 1 DAGs
[2025-10-31T16:52:07.008+0530] {logging_mixin.py:188} INFO - [2025-10-31T16:52:07.008+0530] {dag.py:3947} INFO - Setting next_dagrun for tutorial_taskflow_api to None, run_after=None
[2025-10-31T16:52:07.035+0530] {processor.py:183} INFO - Processing /home/logi/txtai/venv/lib/python3.10/site-packages/airflow/example_dags/tutorial_taskflow_api.py took 0.107 seconds
[2025-10-31T16:53:02.867+0530] {processor.py:161} INFO - Started process (PID=9367) to work on /home/logi/txtai/venv/lib/python3.10/site-packages/airflow/example_dags/tutorial_taskflow_api.py
[2025-10-31T16:53:02.880+0530] {processor.py:830} INFO - Processing file /home/logi/txtai/venv/lib/python3.10/site-packages/airflow/example_dags/tutorial_taskflow_api.py for tasks to queue
[2025-10-31T16:53:02.883+0530] {logging_mixin.py:188} INFO - [2025-10-31T16:53:02.882+0530] {dagbag.py:545} INFO - Filling up the DagBag from /home/logi/txtai/venv/lib/python3.10/site-packages/airflow/example_dags/tutorial_taskflow_api.py
[2025-10-31T16:53:02.894+0530] {processor.py:840} INFO - DAG(s) 'tutorial_taskflow_api' retrieved from /home/logi/txtai/venv/lib/python3.10/site-packages/airflow/example_dags/tutorial_taskflow_api.py
[2025-10-31T16:53:02.920+0530] {logging_mixin.py:188} INFO - [2025-10-31T16:53:02.919+0530] {dag.py:3089} INFO - Sync 1 DAGs
[2025-10-31T16:53:02.931+0530] {logging_mixin.py:188} INFO - [2025-10-31T16:53:02.930+0530] {dag.py:3947} INFO - Setting next_dagrun for tutorial_taskflow_api to None, run_after=None
[2025-10-31T16:53:02.952+0530] {processor.py:183} INFO - Processing /home/logi/txtai/venv/lib/python3.10/site-packages/airflow/example_dags/tutorial_taskflow_api.py took 0.092 seconds
[2025-10-31T16:53:55.427+0530] {processor.py:161} INFO - Started process (PID=9443) to work on /home/logi/txtai/venv/lib/python3.10/site-packages/airflow/example_dags/tutorial_taskflow_api.py
[2025-10-31T16:53:55.441+0530] {processor.py:830} INFO - Processing file /home/logi/txtai/venv/lib/python3.10/site-packages/airflow/example_dags/tutorial_taskflow_api.py for tasks to queue
[2025-10-31T16:53:55.444+0530] {logging_mixin.py:188} INFO - [2025-10-31T16:53:55.444+0530] {dagbag.py:545} INFO - Filling up the DagBag from /home/logi/txtai/venv/lib/python3.10/site-packages/airflow/example_dags/tutorial_taskflow_api.py
[2025-10-31T16:53:55.456+0530] {processor.py:840} INFO - DAG(s) 'tutorial_taskflow_api' retrieved from /home/logi/txtai/venv/lib/python3.10/site-packages/airflow/example_dags/tutorial_taskflow_api.py
[2025-10-31T16:53:55.483+0530] {logging_mixin.py:188} INFO - [2025-10-31T16:53:55.483+0530] {dag.py:3089} INFO - Sync 1 DAGs
[2025-10-31T16:53:55.497+0530] {logging_mixin.py:188} INFO - [2025-10-31T16:53:55.497+0530] {dag.py:3947} INFO - Setting next_dagrun for tutorial_taskflow_api to None, run_after=None
[2025-10-31T16:53:55.518+0530] {processor.py:183} INFO - Processing /home/logi/txtai/venv/lib/python3.10/site-packages/airflow/example_dags/tutorial_taskflow_api.py took 0.102 seconds
[2025-10-31T16:54:48.391+0530] {processor.py:161} INFO - Started process (PID=9551) to work on /home/logi/txtai/venv/lib/python3.10/site-packages/airflow/example_dags/tutorial_taskflow_api.py
[2025-10-31T16:54:48.404+0530] {processor.py:830} INFO - Processing file /home/logi/txtai/venv/lib/python3.10/site-packages/airflow/example_dags/tutorial_taskflow_api.py for tasks to queue
[2025-10-31T16:54:48.408+0530] {logging_mixin.py:188} INFO - [2025-10-31T16:54:48.407+0530] {dagbag.py:545} INFO - Filling up the DagBag from /home/logi/txtai/venv/lib/python3.10/site-packages/airflow/example_dags/tutorial_taskflow_api.py
[2025-10-31T16:54:48.415+0530] {processor.py:840} INFO - DAG(s) 'tutorial_taskflow_api' retrieved from /home/logi/txtai/venv/lib/python3.10/site-packages/airflow/example_dags/tutorial_taskflow_api.py
[2025-10-31T16:54:48.439+0530] {logging_mixin.py:188} INFO - [2025-10-31T16:54:48.439+0530] {dag.py:3089} INFO - Sync 1 DAGs
[2025-10-31T16:54:48.451+0530] {logging_mixin.py:188} INFO - [2025-10-31T16:54:48.451+0530] {dag.py:3947} INFO - Setting next_dagrun for tutorial_taskflow_api to None, run_after=None
[2025-10-31T16:54:48.471+0530] {processor.py:183} INFO - Processing /home/logi/txtai/venv/lib/python3.10/site-packages/airflow/example_dags/tutorial_taskflow_api.py took 0.094 seconds
[2025-10-31T16:55:43.391+0530] {processor.py:161} INFO - Started process (PID=9631) to work on /home/logi/txtai/venv/lib/python3.10/site-packages/airflow/example_dags/tutorial_taskflow_api.py
[2025-10-31T16:55:43.404+0530] {processor.py:830} INFO - Processing file /home/logi/txtai/venv/lib/python3.10/site-packages/airflow/example_dags/tutorial_taskflow_api.py for tasks to queue
[2025-10-31T16:55:43.407+0530] {logging_mixin.py:188} INFO - [2025-10-31T16:55:43.407+0530] {dagbag.py:545} INFO - Filling up the DagBag from /home/logi/txtai/venv/lib/python3.10/site-packages/airflow/example_dags/tutorial_taskflow_api.py
[2025-10-31T16:55:43.419+0530] {processor.py:840} INFO - DAG(s) 'tutorial_taskflow_api' retrieved from /home/logi/txtai/venv/lib/python3.10/site-packages/airflow/example_dags/tutorial_taskflow_api.py
[2025-10-31T16:55:43.445+0530] {logging_mixin.py:188} INFO - [2025-10-31T16:55:43.445+0530] {dag.py:3089} INFO - Sync 1 DAGs
[2025-10-31T16:55:43.460+0530] {logging_mixin.py:188} INFO - [2025-10-31T16:55:43.460+0530] {dag.py:3947} INFO - Setting next_dagrun for tutorial_taskflow_api to None, run_after=None
[2025-10-31T16:55:43.487+0530] {processor.py:183} INFO - Processing /home/logi/txtai/venv/lib/python3.10/site-packages/airflow/example_dags/tutorial_taskflow_api.py took 0.108 seconds
[2025-10-31T16:56:38.008+0530] {processor.py:161} INFO - Started process (PID=9708) to work on /home/logi/txtai/venv/lib/python3.10/site-packages/airflow/example_dags/tutorial_taskflow_api.py
[2025-10-31T16:56:38.022+0530] {processor.py:830} INFO - Processing file /home/logi/txtai/venv/lib/python3.10/site-packages/airflow/example_dags/tutorial_taskflow_api.py for tasks to queue
[2025-10-31T16:56:38.025+0530] {logging_mixin.py:188} INFO - [2025-10-31T16:56:38.025+0530] {dagbag.py:545} INFO - Filling up the DagBag from /home/logi/txtai/venv/lib/python3.10/site-packages/airflow/example_dags/tutorial_taskflow_api.py
[2025-10-31T16:56:38.041+0530] {processor.py:840} INFO - DAG(s) 'tutorial_taskflow_api' retrieved from /home/logi/txtai/venv/lib/python3.10/site-packages/airflow/example_dags/tutorial_taskflow_api.py
[2025-10-31T16:56:38.075+0530] {logging_mixin.py:188} INFO - [2025-10-31T16:56:38.074+0530] {dag.py:3089} INFO - Sync 1 DAGs
[2025-10-31T16:56:38.084+0530] {logging_mixin.py:188} INFO - [2025-10-31T16:56:38.084+0530] {dag.py:3947} INFO - Setting next_dagrun for tutorial_taskflow_api to None, run_after=None
[2025-10-31T16:56:38.106+0530] {processor.py:183} INFO - Processing /home/logi/txtai/venv/lib/python3.10/site-packages/airflow/example_dags/tutorial_taskflow_api.py took 0.112 seconds
[2025-10-31T16:57:30.256+0530] {processor.py:161} INFO - Started process (PID=9783) to work on /home/logi/txtai/venv/lib/python3.10/site-packages/airflow/example_dags/tutorial_taskflow_api.py
[2025-10-31T16:57:30.269+0530] {processor.py:830} INFO - Processing file /home/logi/txtai/venv/lib/python3.10/site-packages/airflow/example_dags/tutorial_taskflow_api.py for tasks to queue
[2025-10-31T16:57:30.272+0530] {logging_mixin.py:188} INFO - [2025-10-31T16:57:30.272+0530] {dagbag.py:545} INFO - Filling up the DagBag from /home/logi/txtai/venv/lib/python3.10/site-packages/airflow/example_dags/tutorial_taskflow_api.py
[2025-10-31T16:57:30.285+0530] {processor.py:840} INFO - DAG(s) 'tutorial_taskflow_api' retrieved from /home/logi/txtai/venv/lib/python3.10/site-packages/airflow/example_dags/tutorial_taskflow_api.py
[2025-10-31T16:57:30.318+0530] {logging_mixin.py:188} INFO - [2025-10-31T16:57:30.317+0530] {dag.py:3089} INFO - Sync 1 DAGs
[2025-10-31T16:57:30.329+0530] {logging_mixin.py:188} INFO - [2025-10-31T16:57:30.329+0530] {dag.py:3947} INFO - Setting next_dagrun for tutorial_taskflow_api to None, run_after=None
[2025-10-31T16:57:30.353+0530] {processor.py:183} INFO - Processing /home/logi/txtai/venv/lib/python3.10/site-packages/airflow/example_dags/tutorial_taskflow_api.py took 0.109 seconds
[2025-10-31T16:58:22.340+0530] {processor.py:161} INFO - Started process (PID=9859) to work on /home/logi/txtai/venv/lib/python3.10/site-packages/airflow/example_dags/tutorial_taskflow_api.py
[2025-10-31T16:58:22.354+0530] {processor.py:830} INFO - Processing file /home/logi/txtai/venv/lib/python3.10/site-packages/airflow/example_dags/tutorial_taskflow_api.py for tasks to queue
[2025-10-31T16:58:22.357+0530] {logging_mixin.py:188} INFO - [2025-10-31T16:58:22.356+0530] {dagbag.py:545} INFO - Filling up the DagBag from /home/logi/txtai/venv/lib/python3.10/site-packages/airflow/example_dags/tutorial_taskflow_api.py
[2025-10-31T16:58:22.369+0530] {processor.py:840} INFO - DAG(s) 'tutorial_taskflow_api' retrieved from /home/logi/txtai/venv/lib/python3.10/site-packages/airflow/example_dags/tutorial_taskflow_api.py
[2025-10-31T16:58:22.397+0530] {logging_mixin.py:188} INFO - [2025-10-31T16:58:22.396+0530] {dag.py:3089} INFO - Sync 1 DAGs
[2025-10-31T16:58:22.410+0530] {logging_mixin.py:188} INFO - [2025-10-31T16:58:22.409+0530] {dag.py:3947} INFO - Setting next_dagrun for tutorial_taskflow_api to None, run_after=None
[2025-10-31T16:58:22.436+0530] {processor.py:183} INFO - Processing /home/logi/txtai/venv/lib/python3.10/site-packages/airflow/example_dags/tutorial_taskflow_api.py took 0.108 seconds
[2025-10-31T16:59:17.464+0530] {processor.py:161} INFO - Started process (PID=9936) to work on /home/logi/txtai/venv/lib/python3.10/site-packages/airflow/example_dags/tutorial_taskflow_api.py
[2025-10-31T16:59:17.478+0530] {processor.py:830} INFO - Processing file /home/logi/txtai/venv/lib/python3.10/site-packages/airflow/example_dags/tutorial_taskflow_api.py for tasks to queue
[2025-10-31T16:59:17.481+0530] {logging_mixin.py:188} INFO - [2025-10-31T16:59:17.480+0530] {dagbag.py:545} INFO - Filling up the DagBag from /home/logi/txtai/venv/lib/python3.10/site-packages/airflow/example_dags/tutorial_taskflow_api.py
[2025-10-31T16:59:17.498+0530] {processor.py:840} INFO - DAG(s) 'tutorial_taskflow_api' retrieved from /home/logi/txtai/venv/lib/python3.10/site-packages/airflow/example_dags/tutorial_taskflow_api.py
[2025-10-31T16:59:17.527+0530] {logging_mixin.py:188} INFO - [2025-10-31T16:59:17.527+0530] {dag.py:3089} INFO - Sync 1 DAGs
[2025-10-31T16:59:17.539+0530] {logging_mixin.py:188} INFO - [2025-10-31T16:59:17.538+0530] {dag.py:3947} INFO - Setting next_dagrun for tutorial_taskflow_api to None, run_after=None
[2025-10-31T16:59:17.570+0530] {processor.py:183} INFO - Processing /home/logi/txtai/venv/lib/python3.10/site-packages/airflow/example_dags/tutorial_taskflow_api.py took 0.119 seconds
[2025-10-31T17:00:11.728+0530] {processor.py:161} INFO - Started process (PID=10044) to work on /home/logi/txtai/venv/lib/python3.10/site-packages/airflow/example_dags/tutorial_taskflow_api.py
[2025-10-31T17:00:11.742+0530] {processor.py:830} INFO - Processing file /home/logi/txtai/venv/lib/python3.10/site-packages/airflow/example_dags/tutorial_taskflow_api.py for tasks to queue
[2025-10-31T17:00:11.745+0530] {logging_mixin.py:188} INFO - [2025-10-31T17:00:11.745+0530] {dagbag.py:545} INFO - Filling up the DagBag from /home/logi/txtai/venv/lib/python3.10/site-packages/airflow/example_dags/tutorial_taskflow_api.py
[2025-10-31T17:00:11.757+0530] {processor.py:840} INFO - DAG(s) 'tutorial_taskflow_api' retrieved from /home/logi/txtai/venv/lib/python3.10/site-packages/airflow/example_dags/tutorial_taskflow_api.py
[2025-10-31T17:00:11.784+0530] {logging_mixin.py:188} INFO - [2025-10-31T17:00:11.784+0530] {dag.py:3089} INFO - Sync 1 DAGs
[2025-10-31T17:00:11.797+0530] {logging_mixin.py:188} INFO - [2025-10-31T17:00:11.797+0530] {dag.py:3947} INFO - Setting next_dagrun for tutorial_taskflow_api to None, run_after=None
[2025-10-31T17:00:11.826+0530] {processor.py:183} INFO - Processing /home/logi/txtai/venv/lib/python3.10/site-packages/airflow/example_dags/tutorial_taskflow_api.py took 0.108 seconds
[2025-10-31T17:01:02.933+0530] {processor.py:161} INFO - Started process (PID=10121) to work on /home/logi/txtai/venv/lib/python3.10/site-packages/airflow/example_dags/tutorial_taskflow_api.py
[2025-10-31T17:01:02.947+0530] {processor.py:830} INFO - Processing file /home/logi/txtai/venv/lib/python3.10/site-packages/airflow/example_dags/tutorial_taskflow_api.py for tasks to queue
[2025-10-31T17:01:02.950+0530] {logging_mixin.py:188} INFO - [2025-10-31T17:01:02.950+0530] {dagbag.py:545} INFO - Filling up the DagBag from /home/logi/txtai/venv/lib/python3.10/site-packages/airflow/example_dags/tutorial_taskflow_api.py
[2025-10-31T17:01:02.963+0530] {processor.py:840} INFO - DAG(s) 'tutorial_taskflow_api' retrieved from /home/logi/txtai/venv/lib/python3.10/site-packages/airflow/example_dags/tutorial_taskflow_api.py
[2025-10-31T17:01:02.990+0530] {logging_mixin.py:188} INFO - [2025-10-31T17:01:02.990+0530] {dag.py:3089} INFO - Sync 1 DAGs
[2025-10-31T17:01:03.004+0530] {logging_mixin.py:188} INFO - [2025-10-31T17:01:03.004+0530] {dag.py:3947} INFO - Setting next_dagrun for tutorial_taskflow_api to None, run_after=None
[2025-10-31T17:01:03.031+0530] {processor.py:183} INFO - Processing /home/logi/txtai/venv/lib/python3.10/site-packages/airflow/example_dags/tutorial_taskflow_api.py took 0.109 seconds
[2025-10-31T17:01:55.434+0530] {processor.py:161} INFO - Started process (PID=10197) to work on /home/logi/txtai/venv/lib/python3.10/site-packages/airflow/example_dags/tutorial_taskflow_api.py
[2025-10-31T17:01:55.448+0530] {processor.py:830} INFO - Processing file /home/logi/txtai/venv/lib/python3.10/site-packages/airflow/example_dags/tutorial_taskflow_api.py for tasks to queue
[2025-10-31T17:01:55.451+0530] {logging_mixin.py:188} INFO - [2025-10-31T17:01:55.450+0530] {dagbag.py:545} INFO - Filling up the DagBag from /home/logi/txtai/venv/lib/python3.10/site-packages/airflow/example_dags/tutorial_taskflow_api.py
[2025-10-31T17:01:55.463+0530] {processor.py:840} INFO - DAG(s) 'tutorial_taskflow_api' retrieved from /home/logi/txtai/venv/lib/python3.10/site-packages/airflow/example_dags/tutorial_taskflow_api.py
[2025-10-31T17:01:55.489+0530] {logging_mixin.py:188} INFO - [2025-10-31T17:01:55.489+0530] {dag.py:3089} INFO - Sync 1 DAGs
[2025-10-31T17:01:55.504+0530] {logging_mixin.py:188} INFO - [2025-10-31T17:01:55.503+0530] {dag.py:3947} INFO - Setting next_dagrun for tutorial_taskflow_api to None, run_after=None
[2025-10-31T17:01:55.532+0530] {processor.py:183} INFO - Processing /home/logi/txtai/venv/lib/python3.10/site-packages/airflow/example_dags/tutorial_taskflow_api.py took 0.109 seconds
[2025-10-31T17:02:47.993+0530] {processor.py:161} INFO - Started process (PID=10275) to work on /home/logi/txtai/venv/lib/python3.10/site-packages/airflow/example_dags/tutorial_taskflow_api.py
[2025-10-31T17:02:48.007+0530] {processor.py:830} INFO - Processing file /home/logi/txtai/venv/lib/python3.10/site-packages/airflow/example_dags/tutorial_taskflow_api.py for tasks to queue
[2025-10-31T17:02:48.010+0530] {logging_mixin.py:188} INFO - [2025-10-31T17:02:48.010+0530] {dagbag.py:545} INFO - Filling up the DagBag from /home/logi/txtai/venv/lib/python3.10/site-packages/airflow/example_dags/tutorial_taskflow_api.py
[2025-10-31T17:02:48.022+0530] {processor.py:840} INFO - DAG(s) 'tutorial_taskflow_api' retrieved from /home/logi/txtai/venv/lib/python3.10/site-packages/airflow/example_dags/tutorial_taskflow_api.py
[2025-10-31T17:02:48.051+0530] {logging_mixin.py:188} INFO - [2025-10-31T17:02:48.051+0530] {dag.py:3089} INFO - Sync 1 DAGs
[2025-10-31T17:02:48.064+0530] {logging_mixin.py:188} INFO - [2025-10-31T17:02:48.064+0530] {dag.py:3947} INFO - Setting next_dagrun for tutorial_taskflow_api to None, run_after=None
[2025-10-31T17:02:48.092+0530] {processor.py:183} INFO - Processing /home/logi/txtai/venv/lib/python3.10/site-packages/airflow/example_dags/tutorial_taskflow_api.py took 0.111 seconds
[2025-10-31T17:03:42.057+0530] {processor.py:161} INFO - Started process (PID=10351) to work on /home/logi/txtai/venv/lib/python3.10/site-packages/airflow/example_dags/tutorial_taskflow_api.py
[2025-10-31T17:03:42.071+0530] {processor.py:830} INFO - Processing file /home/logi/txtai/venv/lib/python3.10/site-packages/airflow/example_dags/tutorial_taskflow_api.py for tasks to queue
[2025-10-31T17:03:42.075+0530] {logging_mixin.py:188} INFO - [2025-10-31T17:03:42.074+0530] {dagbag.py:545} INFO - Filling up the DagBag from /home/logi/txtai/venv/lib/python3.10/site-packages/airflow/example_dags/tutorial_taskflow_api.py
[2025-10-31T17:03:42.087+0530] {processor.py:840} INFO - DAG(s) 'tutorial_taskflow_api' retrieved from /home/logi/txtai/venv/lib/python3.10/site-packages/airflow/example_dags/tutorial_taskflow_api.py
[2025-10-31T17:03:42.114+0530] {logging_mixin.py:188} INFO - [2025-10-31T17:03:42.114+0530] {dag.py:3089} INFO - Sync 1 DAGs
[2025-10-31T17:03:42.129+0530] {logging_mixin.py:188} INFO - [2025-10-31T17:03:42.129+0530] {dag.py:3947} INFO - Setting next_dagrun for tutorial_taskflow_api to None, run_after=None
[2025-10-31T17:03:42.150+0530] {processor.py:183} INFO - Processing /home/logi/txtai/venv/lib/python3.10/site-packages/airflow/example_dags/tutorial_taskflow_api.py took 0.104 seconds
[2025-10-31T17:04:35.173+0530] {processor.py:161} INFO - Started process (PID=10445) to work on /home/logi/txtai/venv/lib/python3.10/site-packages/airflow/example_dags/tutorial_taskflow_api.py
[2025-10-31T17:04:35.186+0530] {processor.py:830} INFO - Processing file /home/logi/txtai/venv/lib/python3.10/site-packages/airflow/example_dags/tutorial_taskflow_api.py for tasks to queue
[2025-10-31T17:04:35.189+0530] {logging_mixin.py:188} INFO - [2025-10-31T17:04:35.189+0530] {dagbag.py:545} INFO - Filling up the DagBag from /home/logi/txtai/venv/lib/python3.10/site-packages/airflow/example_dags/tutorial_taskflow_api.py
[2025-10-31T17:04:35.201+0530] {processor.py:840} INFO - DAG(s) 'tutorial_taskflow_api' retrieved from /home/logi/txtai/venv/lib/python3.10/site-packages/airflow/example_dags/tutorial_taskflow_api.py
[2025-10-31T17:04:35.229+0530] {logging_mixin.py:188} INFO - [2025-10-31T17:04:35.228+0530] {dag.py:3089} INFO - Sync 1 DAGs
[2025-10-31T17:04:35.242+0530] {logging_mixin.py:188} INFO - [2025-10-31T17:04:35.242+0530] {dag.py:3947} INFO - Setting next_dagrun for tutorial_taskflow_api to None, run_after=None
[2025-10-31T17:04:35.271+0530] {processor.py:183} INFO - Processing /home/logi/txtai/venv/lib/python3.10/site-packages/airflow/example_dags/tutorial_taskflow_api.py took 0.110 seconds
[2025-10-31T17:05:25.945+0530] {processor.py:161} INFO - Started process (PID=10541) to work on /home/logi/txtai/venv/lib/python3.10/site-packages/airflow/example_dags/tutorial_taskflow_api.py
[2025-10-31T17:05:25.959+0530] {processor.py:830} INFO - Processing file /home/logi/txtai/venv/lib/python3.10/site-packages/airflow/example_dags/tutorial_taskflow_api.py for tasks to queue
[2025-10-31T17:05:25.962+0530] {logging_mixin.py:188} INFO - [2025-10-31T17:05:25.962+0530] {dagbag.py:545} INFO - Filling up the DagBag from /home/logi/txtai/venv/lib/python3.10/site-packages/airflow/example_dags/tutorial_taskflow_api.py
[2025-10-31T17:05:25.974+0530] {processor.py:840} INFO - DAG(s) 'tutorial_taskflow_api' retrieved from /home/logi/txtai/venv/lib/python3.10/site-packages/airflow/example_dags/tutorial_taskflow_api.py
[2025-10-31T17:05:26.000+0530] {logging_mixin.py:188} INFO - [2025-10-31T17:05:25.999+0530] {dag.py:3089} INFO - Sync 1 DAGs
[2025-10-31T17:05:26.014+0530] {logging_mixin.py:188} INFO - [2025-10-31T17:05:26.014+0530] {dag.py:3947} INFO - Setting next_dagrun for tutorial_taskflow_api to None, run_after=None
[2025-10-31T17:05:26.042+0530] {processor.py:183} INFO - Processing /home/logi/txtai/venv/lib/python3.10/site-packages/airflow/example_dags/tutorial_taskflow_api.py took 0.108 seconds
[2025-10-31T17:06:19.877+0530] {processor.py:161} INFO - Started process (PID=10621) to work on /home/logi/txtai/venv/lib/python3.10/site-packages/airflow/example_dags/tutorial_taskflow_api.py
[2025-10-31T17:06:19.879+0530] {processor.py:830} INFO - Processing file /home/logi/txtai/venv/lib/python3.10/site-packages/airflow/example_dags/tutorial_taskflow_api.py for tasks to queue
[2025-10-31T17:06:19.882+0530] {logging_mixin.py:188} INFO - [2025-10-31T17:06:19.882+0530] {dagbag.py:545} INFO - Filling up the DagBag from /home/logi/txtai/venv/lib/python3.10/site-packages/airflow/example_dags/tutorial_taskflow_api.py
[2025-10-31T17:06:19.894+0530] {processor.py:840} INFO - DAG(s) 'tutorial_taskflow_api' retrieved from /home/logi/txtai/venv/lib/python3.10/site-packages/airflow/example_dags/tutorial_taskflow_api.py
[2025-10-31T17:06:19.918+0530] {logging_mixin.py:188} INFO - [2025-10-31T17:06:19.918+0530] {dag.py:3089} INFO - Sync 1 DAGs
[2025-10-31T17:06:19.929+0530] {logging_mixin.py:188} INFO - [2025-10-31T17:06:19.928+0530] {dag.py:3947} INFO - Setting next_dagrun for tutorial_taskflow_api to None, run_after=None
[2025-10-31T17:06:19.949+0530] {processor.py:183} INFO - Processing /home/logi/txtai/venv/lib/python3.10/site-packages/airflow/example_dags/tutorial_taskflow_api.py took 0.083 seconds
[2025-10-31T17:07:14.074+0530] {processor.py:161} INFO - Started process (PID=10700) to work on /home/logi/txtai/venv/lib/python3.10/site-packages/airflow/example_dags/tutorial_taskflow_api.py
[2025-10-31T17:07:14.087+0530] {processor.py:830} INFO - Processing file /home/logi/txtai/venv/lib/python3.10/site-packages/airflow/example_dags/tutorial_taskflow_api.py for tasks to queue
[2025-10-31T17:07:14.090+0530] {logging_mixin.py:188} INFO - [2025-10-31T17:07:14.090+0530] {dagbag.py:545} INFO - Filling up the DagBag from /home/logi/txtai/venv/lib/python3.10/site-packages/airflow/example_dags/tutorial_taskflow_api.py
[2025-10-31T17:07:14.102+0530] {processor.py:840} INFO - DAG(s) 'tutorial_taskflow_api' retrieved from /home/logi/txtai/venv/lib/python3.10/site-packages/airflow/example_dags/tutorial_taskflow_api.py
[2025-10-31T17:07:14.128+0530] {logging_mixin.py:188} INFO - [2025-10-31T17:07:14.127+0530] {dag.py:3089} INFO - Sync 1 DAGs
[2025-10-31T17:07:14.142+0530] {logging_mixin.py:188} INFO - [2025-10-31T17:07:14.142+0530] {dag.py:3947} INFO - Setting next_dagrun for tutorial_taskflow_api to None, run_after=None
[2025-10-31T17:07:14.170+0530] {processor.py:183} INFO - Processing /home/logi/txtai/venv/lib/python3.10/site-packages/airflow/example_dags/tutorial_taskflow_api.py took 0.108 seconds
[2025-10-31T17:08:07.219+0530] {processor.py:161} INFO - Started process (PID=10775) to work on /home/logi/txtai/venv/lib/python3.10/site-packages/airflow/example_dags/tutorial_taskflow_api.py
[2025-10-31T17:08:07.232+0530] {processor.py:830} INFO - Processing file /home/logi/txtai/venv/lib/python3.10/site-packages/airflow/example_dags/tutorial_taskflow_api.py for tasks to queue
[2025-10-31T17:08:07.235+0530] {logging_mixin.py:188} INFO - [2025-10-31T17:08:07.235+0530] {dagbag.py:545} INFO - Filling up the DagBag from /home/logi/txtai/venv/lib/python3.10/site-packages/airflow/example_dags/tutorial_taskflow_api.py
[2025-10-31T17:08:07.241+0530] {processor.py:840} INFO - DAG(s) 'tutorial_taskflow_api' retrieved from /home/logi/txtai/venv/lib/python3.10/site-packages/airflow/example_dags/tutorial_taskflow_api.py
[2025-10-31T17:08:07.257+0530] {logging_mixin.py:188} INFO - [2025-10-31T17:08:07.257+0530] {dag.py:3089} INFO - Sync 1 DAGs
[2025-10-31T17:08:07.267+0530] {logging_mixin.py:188} INFO - [2025-10-31T17:08:07.266+0530] {dag.py:3947} INFO - Setting next_dagrun for tutorial_taskflow_api to None, run_after=None
[2025-10-31T17:08:07.286+0530] {processor.py:183} INFO - Processing /home/logi/txtai/venv/lib/python3.10/site-packages/airflow/example_dags/tutorial_taskflow_api.py took 0.075 seconds
[2025-10-31T17:08:59.401+0530] {processor.py:161} INFO - Started process (PID=10881) to work on /home/logi/txtai/venv/lib/python3.10/site-packages/airflow/example_dags/tutorial_taskflow_api.py
[2025-10-31T17:08:59.414+0530] {processor.py:830} INFO - Processing file /home/logi/txtai/venv/lib/python3.10/site-packages/airflow/example_dags/tutorial_taskflow_api.py for tasks to queue
[2025-10-31T17:08:59.417+0530] {logging_mixin.py:188} INFO - [2025-10-31T17:08:59.417+0530] {dagbag.py:545} INFO - Filling up the DagBag from /home/logi/txtai/venv/lib/python3.10/site-packages/airflow/example_dags/tutorial_taskflow_api.py
[2025-10-31T17:08:59.429+0530] {processor.py:840} INFO - DAG(s) 'tutorial_taskflow_api' retrieved from /home/logi/txtai/venv/lib/python3.10/site-packages/airflow/example_dags/tutorial_taskflow_api.py
[2025-10-31T17:08:59.454+0530] {logging_mixin.py:188} INFO - [2025-10-31T17:08:59.454+0530] {dag.py:3089} INFO - Sync 1 DAGs
[2025-10-31T17:08:59.469+0530] {logging_mixin.py:188} INFO - [2025-10-31T17:08:59.469+0530] {dag.py:3947} INFO - Setting next_dagrun for tutorial_taskflow_api to None, run_after=None
[2025-10-31T17:08:59.495+0530] {processor.py:183} INFO - Processing /home/logi/txtai/venv/lib/python3.10/site-packages/airflow/example_dags/tutorial_taskflow_api.py took 0.106 seconds
[2025-10-31T17:09:50.608+0530] {processor.py:161} INFO - Started process (PID=10984) to work on /home/logi/txtai/venv/lib/python3.10/site-packages/airflow/example_dags/tutorial_taskflow_api.py
[2025-10-31T17:09:50.622+0530] {processor.py:830} INFO - Processing file /home/logi/txtai/venv/lib/python3.10/site-packages/airflow/example_dags/tutorial_taskflow_api.py for tasks to queue
[2025-10-31T17:09:50.625+0530] {logging_mixin.py:188} INFO - [2025-10-31T17:09:50.625+0530] {dagbag.py:545} INFO - Filling up the DagBag from /home/logi/txtai/venv/lib/python3.10/site-packages/airflow/example_dags/tutorial_taskflow_api.py
[2025-10-31T17:09:50.637+0530] {processor.py:840} INFO - DAG(s) 'tutorial_taskflow_api' retrieved from /home/logi/txtai/venv/lib/python3.10/site-packages/airflow/example_dags/tutorial_taskflow_api.py
[2025-10-31T17:09:50.665+0530] {logging_mixin.py:188} INFO - [2025-10-31T17:09:50.664+0530] {dag.py:3089} INFO - Sync 1 DAGs
[2025-10-31T17:09:50.679+0530] {logging_mixin.py:188} INFO - [2025-10-31T17:09:50.678+0530] {dag.py:3947} INFO - Setting next_dagrun for tutorial_taskflow_api to None, run_after=None
[2025-10-31T17:09:50.709+0530] {processor.py:183} INFO - Processing /home/logi/txtai/venv/lib/python3.10/site-packages/airflow/example_dags/tutorial_taskflow_api.py took 0.112 seconds
[2025-10-31T17:10:43.944+0530] {processor.py:161} INFO - Started process (PID=11059) to work on /home/logi/txtai/venv/lib/python3.10/site-packages/airflow/example_dags/tutorial_taskflow_api.py
[2025-10-31T17:10:43.956+0530] {processor.py:830} INFO - Processing file /home/logi/txtai/venv/lib/python3.10/site-packages/airflow/example_dags/tutorial_taskflow_api.py for tasks to queue
[2025-10-31T17:10:43.959+0530] {logging_mixin.py:188} INFO - [2025-10-31T17:10:43.959+0530] {dagbag.py:545} INFO - Filling up the DagBag from /home/logi/txtai/venv/lib/python3.10/site-packages/airflow/example_dags/tutorial_taskflow_api.py
[2025-10-31T17:10:43.970+0530] {processor.py:840} INFO - DAG(s) 'tutorial_taskflow_api' retrieved from /home/logi/txtai/venv/lib/python3.10/site-packages/airflow/example_dags/tutorial_taskflow_api.py
[2025-10-31T17:10:43.996+0530] {logging_mixin.py:188} INFO - [2025-10-31T17:10:43.996+0530] {dag.py:3089} INFO - Sync 1 DAGs
[2025-10-31T17:10:44.010+0530] {logging_mixin.py:188} INFO - [2025-10-31T17:10:44.010+0530] {dag.py:3947} INFO - Setting next_dagrun for tutorial_taskflow_api to None, run_after=None
[2025-10-31T17:10:44.039+0530] {processor.py:183} INFO - Processing /home/logi/txtai/venv/lib/python3.10/site-packages/airflow/example_dags/tutorial_taskflow_api.py took 0.107 seconds
[2025-10-31T17:11:38.071+0530] {processor.py:161} INFO - Started process (PID=11141) to work on /home/logi/txtai/venv/lib/python3.10/site-packages/airflow/example_dags/tutorial_taskflow_api.py
[2025-10-31T17:11:38.084+0530] {processor.py:830} INFO - Processing file /home/logi/txtai/venv/lib/python3.10/site-packages/airflow/example_dags/tutorial_taskflow_api.py for tasks to queue
[2025-10-31T17:11:38.087+0530] {logging_mixin.py:188} INFO - [2025-10-31T17:11:38.086+0530] {dagbag.py:545} INFO - Filling up the DagBag from /home/logi/txtai/venv/lib/python3.10/site-packages/airflow/example_dags/tutorial_taskflow_api.py
[2025-10-31T17:11:38.099+0530] {processor.py:840} INFO - DAG(s) 'tutorial_taskflow_api' retrieved from /home/logi/txtai/venv/lib/python3.10/site-packages/airflow/example_dags/tutorial_taskflow_api.py
[2025-10-31T17:11:38.125+0530] {logging_mixin.py:188} INFO - [2025-10-31T17:11:38.124+0530] {dag.py:3089} INFO - Sync 1 DAGs
[2025-10-31T17:11:38.139+0530] {logging_mixin.py:188} INFO - [2025-10-31T17:11:38.139+0530] {dag.py:3947} INFO - Setting next_dagrun for tutorial_taskflow_api to None, run_after=None
[2025-10-31T17:11:38.168+0530] {processor.py:183} INFO - Processing /home/logi/txtai/venv/lib/python3.10/site-packages/airflow/example_dags/tutorial_taskflow_api.py took 0.109 seconds
[2025-10-31T17:12:31.184+0530] {processor.py:161} INFO - Started process (PID=11219) to work on /home/logi/txtai/venv/lib/python3.10/site-packages/airflow/example_dags/tutorial_taskflow_api.py
[2025-10-31T17:12:31.198+0530] {processor.py:830} INFO - Processing file /home/logi/txtai/venv/lib/python3.10/site-packages/airflow/example_dags/tutorial_taskflow_api.py for tasks to queue
[2025-10-31T17:12:31.201+0530] {logging_mixin.py:188} INFO - [2025-10-31T17:12:31.200+0530] {dagbag.py:545} INFO - Filling up the DagBag from /home/logi/txtai/venv/lib/python3.10/site-packages/airflow/example_dags/tutorial_taskflow_api.py
[2025-10-31T17:12:31.213+0530] {processor.py:840} INFO - DAG(s) 'tutorial_taskflow_api' retrieved from /home/logi/txtai/venv/lib/python3.10/site-packages/airflow/example_dags/tutorial_taskflow_api.py
[2025-10-31T17:12:31.240+0530] {logging_mixin.py:188} INFO - [2025-10-31T17:12:31.240+0530] {dag.py:3089} INFO - Sync 1 DAGs
[2025-10-31T17:12:31.254+0530] {logging_mixin.py:188} INFO - [2025-10-31T17:12:31.254+0530] {dag.py:3947} INFO - Setting next_dagrun for tutorial_taskflow_api to None, run_after=None
[2025-10-31T17:12:31.282+0530] {processor.py:183} INFO - Processing /home/logi/txtai/venv/lib/python3.10/site-packages/airflow/example_dags/tutorial_taskflow_api.py took 0.109 seconds
[2025-10-31T17:13:23.624+0530] {processor.py:161} INFO - Started process (PID=11299) to work on /home/logi/txtai/venv/lib/python3.10/site-packages/airflow/example_dags/tutorial_taskflow_api.py
[2025-10-31T17:13:23.637+0530] {processor.py:830} INFO - Processing file /home/logi/txtai/venv/lib/python3.10/site-packages/airflow/example_dags/tutorial_taskflow_api.py for tasks to queue
[2025-10-31T17:13:23.641+0530] {logging_mixin.py:188} INFO - [2025-10-31T17:13:23.640+0530] {dagbag.py:545} INFO - Filling up the DagBag from /home/logi/txtai/venv/lib/python3.10/site-packages/airflow/example_dags/tutorial_taskflow_api.py
[2025-10-31T17:13:23.652+0530] {processor.py:840} INFO - DAG(s) 'tutorial_taskflow_api' retrieved from /home/logi/txtai/venv/lib/python3.10/site-packages/airflow/example_dags/tutorial_taskflow_api.py
[2025-10-31T17:13:23.678+0530] {logging_mixin.py:188} INFO - [2025-10-31T17:13:23.677+0530] {dag.py:3089} INFO - Sync 1 DAGs
[2025-10-31T17:13:23.692+0530] {logging_mixin.py:188} INFO - [2025-10-31T17:13:23.692+0530] {dag.py:3947} INFO - Setting next_dagrun for tutorial_taskflow_api to None, run_after=None
[2025-10-31T17:13:23.720+0530] {processor.py:183} INFO - Processing /home/logi/txtai/venv/lib/python3.10/site-packages/airflow/example_dags/tutorial_taskflow_api.py took 0.107 seconds
[2025-10-31T17:14:15.912+0530] {processor.py:161} INFO - Started process (PID=11377) to work on /home/logi/txtai/venv/lib/python3.10/site-packages/airflow/example_dags/tutorial_taskflow_api.py
[2025-10-31T17:14:15.924+0530] {processor.py:830} INFO - Processing file /home/logi/txtai/venv/lib/python3.10/site-packages/airflow/example_dags/tutorial_taskflow_api.py for tasks to queue
[2025-10-31T17:14:15.927+0530] {logging_mixin.py:188} INFO - [2025-10-31T17:14:15.927+0530] {dagbag.py:545} INFO - Filling up the DagBag from /home/logi/txtai/venv/lib/python3.10/site-packages/airflow/example_dags/tutorial_taskflow_api.py
[2025-10-31T17:14:15.939+0530] {processor.py:840} INFO - DAG(s) 'tutorial_taskflow_api' retrieved from /home/logi/txtai/venv/lib/python3.10/site-packages/airflow/example_dags/tutorial_taskflow_api.py
[2025-10-31T17:14:15.966+0530] {logging_mixin.py:188} INFO - [2025-10-31T17:14:15.966+0530] {dag.py:3089} INFO - Sync 1 DAGs
[2025-10-31T17:14:15.980+0530] {logging_mixin.py:188} INFO - [2025-10-31T17:14:15.979+0530] {dag.py:3947} INFO - Setting next_dagrun for tutorial_taskflow_api to None, run_after=None
[2025-10-31T17:14:16.011+0530] {processor.py:183} INFO - Processing /home/logi/txtai/venv/lib/python3.10/site-packages/airflow/example_dags/tutorial_taskflow_api.py took 0.110 seconds
[2025-10-31T17:15:05.789+0530] {processor.py:161} INFO - Started process (PID=11487) to work on /home/logi/txtai/venv/lib/python3.10/site-packages/airflow/example_dags/tutorial_taskflow_api.py
[2025-10-31T17:15:05.803+0530] {processor.py:830} INFO - Processing file /home/logi/txtai/venv/lib/python3.10/site-packages/airflow/example_dags/tutorial_taskflow_api.py for tasks to queue
[2025-10-31T17:15:05.805+0530] {logging_mixin.py:188} INFO - [2025-10-31T17:15:05.805+0530] {dagbag.py:545} INFO - Filling up the DagBag from /home/logi/txtai/venv/lib/python3.10/site-packages/airflow/example_dags/tutorial_taskflow_api.py
[2025-10-31T17:15:05.812+0530] {processor.py:840} INFO - DAG(s) 'tutorial_taskflow_api' retrieved from /home/logi/txtai/venv/lib/python3.10/site-packages/airflow/example_dags/tutorial_taskflow_api.py
[2025-10-31T17:15:05.828+0530] {logging_mixin.py:188} INFO - [2025-10-31T17:15:05.828+0530] {dag.py:3089} INFO - Sync 1 DAGs
[2025-10-31T17:15:05.839+0530] {logging_mixin.py:188} INFO - [2025-10-31T17:15:05.838+0530] {dag.py:3947} INFO - Setting next_dagrun for tutorial_taskflow_api to None, run_after=None
[2025-10-31T17:15:05.858+0530] {processor.py:183} INFO - Processing /home/logi/txtai/venv/lib/python3.10/site-packages/airflow/example_dags/tutorial_taskflow_api.py took 0.075 seconds
[2025-10-31T17:15:58.034+0530] {processor.py:161} INFO - Started process (PID=11561) to work on /home/logi/txtai/venv/lib/python3.10/site-packages/airflow/example_dags/tutorial_taskflow_api.py
[2025-10-31T17:15:58.047+0530] {processor.py:830} INFO - Processing file /home/logi/txtai/venv/lib/python3.10/site-packages/airflow/example_dags/tutorial_taskflow_api.py for tasks to queue
[2025-10-31T17:15:58.049+0530] {logging_mixin.py:188} INFO - [2025-10-31T17:15:58.049+0530] {dagbag.py:545} INFO - Filling up the DagBag from /home/logi/txtai/venv/lib/python3.10/site-packages/airflow/example_dags/tutorial_taskflow_api.py
[2025-10-31T17:15:58.057+0530] {processor.py:840} INFO - DAG(s) 'tutorial_taskflow_api' retrieved from /home/logi/txtai/venv/lib/python3.10/site-packages/airflow/example_dags/tutorial_taskflow_api.py
[2025-10-31T17:15:58.073+0530] {logging_mixin.py:188} INFO - [2025-10-31T17:15:58.073+0530] {dag.py:3089} INFO - Sync 1 DAGs
[2025-10-31T17:15:58.084+0530] {logging_mixin.py:188} INFO - [2025-10-31T17:15:58.083+0530] {dag.py:3947} INFO - Setting next_dagrun for tutorial_taskflow_api to None, run_after=None
[2025-10-31T17:15:58.104+0530] {processor.py:183} INFO - Processing /home/logi/txtai/venv/lib/python3.10/site-packages/airflow/example_dags/tutorial_taskflow_api.py took 0.076 seconds
[2025-10-31T17:16:49.654+0530] {processor.py:161} INFO - Started process (PID=11647) to work on /home/logi/txtai/venv/lib/python3.10/site-packages/airflow/example_dags/tutorial_taskflow_api.py
[2025-10-31T17:16:49.667+0530] {processor.py:830} INFO - Processing file /home/logi/txtai/venv/lib/python3.10/site-packages/airflow/example_dags/tutorial_taskflow_api.py for tasks to queue
[2025-10-31T17:16:49.671+0530] {logging_mixin.py:188} INFO - [2025-10-31T17:16:49.670+0530] {dagbag.py:545} INFO - Filling up the DagBag from /home/logi/txtai/venv/lib/python3.10/site-packages/airflow/example_dags/tutorial_taskflow_api.py
[2025-10-31T17:16:49.679+0530] {processor.py:840} INFO - DAG(s) 'tutorial_taskflow_api' retrieved from /home/logi/txtai/venv/lib/python3.10/site-packages/airflow/example_dags/tutorial_taskflow_api.py
[2025-10-31T17:16:49.696+0530] {logging_mixin.py:188} INFO - [2025-10-31T17:16:49.695+0530] {dag.py:3089} INFO - Sync 1 DAGs
[2025-10-31T17:16:49.707+0530] {logging_mixin.py:188} INFO - [2025-10-31T17:16:49.706+0530] {dag.py:3947} INFO - Setting next_dagrun for tutorial_taskflow_api to None, run_after=None
[2025-10-31T17:16:49.727+0530] {processor.py:183} INFO - Processing /home/logi/txtai/venv/lib/python3.10/site-packages/airflow/example_dags/tutorial_taskflow_api.py took 0.079 seconds
[2025-10-31T17:17:42.245+0530] {processor.py:161} INFO - Started process (PID=11725) to work on /home/logi/txtai/venv/lib/python3.10/site-packages/airflow/example_dags/tutorial_taskflow_api.py
[2025-10-31T17:17:42.259+0530] {processor.py:830} INFO - Processing file /home/logi/txtai/venv/lib/python3.10/site-packages/airflow/example_dags/tutorial_taskflow_api.py for tasks to queue
[2025-10-31T17:17:42.262+0530] {logging_mixin.py:188} INFO - [2025-10-31T17:17:42.262+0530] {dagbag.py:545} INFO - Filling up the DagBag from /home/logi/txtai/venv/lib/python3.10/site-packages/airflow/example_dags/tutorial_taskflow_api.py
[2025-10-31T17:17:42.274+0530] {processor.py:840} INFO - DAG(s) 'tutorial_taskflow_api' retrieved from /home/logi/txtai/venv/lib/python3.10/site-packages/airflow/example_dags/tutorial_taskflow_api.py
[2025-10-31T17:17:42.302+0530] {logging_mixin.py:188} INFO - [2025-10-31T17:17:42.302+0530] {dag.py:3089} INFO - Sync 1 DAGs
[2025-10-31T17:17:42.317+0530] {logging_mixin.py:188} INFO - [2025-10-31T17:17:42.317+0530] {dag.py:3947} INFO - Setting next_dagrun for tutorial_taskflow_api to None, run_after=None
[2025-10-31T17:17:42.339+0530] {processor.py:183} INFO - Processing /home/logi/txtai/venv/lib/python3.10/site-packages/airflow/example_dags/tutorial_taskflow_api.py took 0.105 seconds
[2025-10-31T17:18:37.828+0530] {processor.py:161} INFO - Started process (PID=11803) to work on /home/logi/txtai/venv/lib/python3.10/site-packages/airflow/example_dags/tutorial_taskflow_api.py
[2025-10-31T17:18:37.841+0530] {processor.py:830} INFO - Processing file /home/logi/txtai/venv/lib/python3.10/site-packages/airflow/example_dags/tutorial_taskflow_api.py for tasks to queue
[2025-10-31T17:18:37.844+0530] {logging_mixin.py:188} INFO - [2025-10-31T17:18:37.844+0530] {dagbag.py:545} INFO - Filling up the DagBag from /home/logi/txtai/venv/lib/python3.10/site-packages/airflow/example_dags/tutorial_taskflow_api.py
[2025-10-31T17:18:37.855+0530] {processor.py:840} INFO - DAG(s) 'tutorial_taskflow_api' retrieved from /home/logi/txtai/venv/lib/python3.10/site-packages/airflow/example_dags/tutorial_taskflow_api.py
[2025-10-31T17:18:37.879+0530] {logging_mixin.py:188} INFO - [2025-10-31T17:18:37.878+0530] {dag.py:3089} INFO - Sync 1 DAGs
[2025-10-31T17:18:37.895+0530] {logging_mixin.py:188} INFO - [2025-10-31T17:18:37.895+0530] {dag.py:3947} INFO - Setting next_dagrun for tutorial_taskflow_api to None, run_after=None
[2025-10-31T17:18:37.912+0530] {processor.py:183} INFO - Processing /home/logi/txtai/venv/lib/python3.10/site-packages/airflow/example_dags/tutorial_taskflow_api.py took 0.094 seconds
[2025-10-31T17:19:28.760+0530] {processor.py:161} INFO - Started process (PID=11880) to work on /home/logi/txtai/venv/lib/python3.10/site-packages/airflow/example_dags/tutorial_taskflow_api.py
[2025-10-31T17:19:28.762+0530] {processor.py:830} INFO - Processing file /home/logi/txtai/venv/lib/python3.10/site-packages/airflow/example_dags/tutorial_taskflow_api.py for tasks to queue
[2025-10-31T17:19:28.765+0530] {logging_mixin.py:188} INFO - [2025-10-31T17:19:28.764+0530] {dagbag.py:545} INFO - Filling up the DagBag from /home/logi/txtai/venv/lib/python3.10/site-packages/airflow/example_dags/tutorial_taskflow_api.py
[2025-10-31T17:19:28.776+0530] {processor.py:840} INFO - DAG(s) 'tutorial_taskflow_api' retrieved from /home/logi/txtai/venv/lib/python3.10/site-packages/airflow/example_dags/tutorial_taskflow_api.py
[2025-10-31T17:19:28.799+0530] {logging_mixin.py:188} INFO - [2025-10-31T17:19:28.799+0530] {dag.py:3089} INFO - Sync 1 DAGs
[2025-10-31T17:19:28.810+0530] {logging_mixin.py:188} INFO - [2025-10-31T17:19:28.810+0530] {dag.py:3947} INFO - Setting next_dagrun for tutorial_taskflow_api to None, run_after=None
[2025-10-31T17:19:28.829+0530] {processor.py:183} INFO - Processing /home/logi/txtai/venv/lib/python3.10/site-packages/airflow/example_dags/tutorial_taskflow_api.py took 0.081 seconds
[2025-10-31T17:20:23.007+0530] {processor.py:161} INFO - Started process (PID=11992) to work on /home/logi/txtai/venv/lib/python3.10/site-packages/airflow/example_dags/tutorial_taskflow_api.py
[2025-10-31T17:20:23.021+0530] {processor.py:830} INFO - Processing file /home/logi/txtai/venv/lib/python3.10/site-packages/airflow/example_dags/tutorial_taskflow_api.py for tasks to queue
[2025-10-31T17:20:23.025+0530] {logging_mixin.py:188} INFO - [2025-10-31T17:20:23.024+0530] {dagbag.py:545} INFO - Filling up the DagBag from /home/logi/txtai/venv/lib/python3.10/site-packages/airflow/example_dags/tutorial_taskflow_api.py
[2025-10-31T17:20:23.037+0530] {processor.py:840} INFO - DAG(s) 'tutorial_taskflow_api' retrieved from /home/logi/txtai/venv/lib/python3.10/site-packages/airflow/example_dags/tutorial_taskflow_api.py
[2025-10-31T17:20:23.064+0530] {logging_mixin.py:188} INFO - [2025-10-31T17:20:23.064+0530] {dag.py:3089} INFO - Sync 1 DAGs
[2025-10-31T17:20:23.078+0530] {logging_mixin.py:188} INFO - [2025-10-31T17:20:23.078+0530] {dag.py:3947} INFO - Setting next_dagrun for tutorial_taskflow_api to None, run_after=None
[2025-10-31T17:20:23.106+0530] {processor.py:183} INFO - Processing /home/logi/txtai/venv/lib/python3.10/site-packages/airflow/example_dags/tutorial_taskflow_api.py took 0.111 seconds
[2025-10-31T17:21:16.082+0530] {processor.py:161} INFO - Started process (PID=12072) to work on /home/logi/txtai/venv/lib/python3.10/site-packages/airflow/example_dags/tutorial_taskflow_api.py
[2025-10-31T17:21:16.095+0530] {processor.py:830} INFO - Processing file /home/logi/txtai/venv/lib/python3.10/site-packages/airflow/example_dags/tutorial_taskflow_api.py for tasks to queue
[2025-10-31T17:21:16.099+0530] {logging_mixin.py:188} INFO - [2025-10-31T17:21:16.098+0530] {dagbag.py:545} INFO - Filling up the DagBag from /home/logi/txtai/venv/lib/python3.10/site-packages/airflow/example_dags/tutorial_taskflow_api.py
[2025-10-31T17:21:16.111+0530] {processor.py:840} INFO - DAG(s) 'tutorial_taskflow_api' retrieved from /home/logi/txtai/venv/lib/python3.10/site-packages/airflow/example_dags/tutorial_taskflow_api.py
[2025-10-31T17:21:16.138+0530] {logging_mixin.py:188} INFO - [2025-10-31T17:21:16.138+0530] {dag.py:3089} INFO - Sync 1 DAGs
[2025-10-31T17:21:16.151+0530] {logging_mixin.py:188} INFO - [2025-10-31T17:21:16.151+0530] {dag.py:3947} INFO - Setting next_dagrun for tutorial_taskflow_api to None, run_after=None
[2025-10-31T17:21:16.180+0530] {processor.py:183} INFO - Processing /home/logi/txtai/venv/lib/python3.10/site-packages/airflow/example_dags/tutorial_taskflow_api.py took 0.110 seconds
[2025-10-31T17:22:10.427+0530] {processor.py:161} INFO - Started process (PID=12148) to work on /home/logi/txtai/venv/lib/python3.10/site-packages/airflow/example_dags/tutorial_taskflow_api.py
[2025-10-31T17:22:10.440+0530] {processor.py:830} INFO - Processing file /home/logi/txtai/venv/lib/python3.10/site-packages/airflow/example_dags/tutorial_taskflow_api.py for tasks to queue
[2025-10-31T17:22:10.442+0530] {logging_mixin.py:188} INFO - [2025-10-31T17:22:10.442+0530] {dagbag.py:545} INFO - Filling up the DagBag from /home/logi/txtai/venv/lib/python3.10/site-packages/airflow/example_dags/tutorial_taskflow_api.py
[2025-10-31T17:22:10.449+0530] {processor.py:840} INFO - DAG(s) 'tutorial_taskflow_api' retrieved from /home/logi/txtai/venv/lib/python3.10/site-packages/airflow/example_dags/tutorial_taskflow_api.py
[2025-10-31T17:22:10.466+0530] {logging_mixin.py:188} INFO - [2025-10-31T17:22:10.466+0530] {dag.py:3089} INFO - Sync 1 DAGs
[2025-10-31T17:22:10.477+0530] {logging_mixin.py:188} INFO - [2025-10-31T17:22:10.476+0530] {dag.py:3947} INFO - Setting next_dagrun for tutorial_taskflow_api to None, run_after=None
[2025-10-31T17:22:10.496+0530] {processor.py:183} INFO - Processing /home/logi/txtai/venv/lib/python3.10/site-packages/airflow/example_dags/tutorial_taskflow_api.py took 0.076 seconds
[2025-10-31T17:23:01.565+0530] {processor.py:161} INFO - Started process (PID=12226) to work on /home/logi/txtai/venv/lib/python3.10/site-packages/airflow/example_dags/tutorial_taskflow_api.py
[2025-10-31T17:23:01.579+0530] {processor.py:830} INFO - Processing file /home/logi/txtai/venv/lib/python3.10/site-packages/airflow/example_dags/tutorial_taskflow_api.py for tasks to queue
[2025-10-31T17:23:01.582+0530] {logging_mixin.py:188} INFO - [2025-10-31T17:23:01.582+0530] {dagbag.py:545} INFO - Filling up the DagBag from /home/logi/txtai/venv/lib/python3.10/site-packages/airflow/example_dags/tutorial_taskflow_api.py
[2025-10-31T17:23:01.594+0530] {processor.py:840} INFO - DAG(s) 'tutorial_taskflow_api' retrieved from /home/logi/txtai/venv/lib/python3.10/site-packages/airflow/example_dags/tutorial_taskflow_api.py
[2025-10-31T17:23:01.622+0530] {logging_mixin.py:188} INFO - [2025-10-31T17:23:01.622+0530] {dag.py:3089} INFO - Sync 1 DAGs
[2025-10-31T17:23:01.634+0530] {logging_mixin.py:188} INFO - [2025-10-31T17:23:01.634+0530] {dag.py:3947} INFO - Setting next_dagrun for tutorial_taskflow_api to None, run_after=None
[2025-10-31T17:23:01.664+0530] {processor.py:183} INFO - Processing /home/logi/txtai/venv/lib/python3.10/site-packages/airflow/example_dags/tutorial_taskflow_api.py took 0.110 seconds
[2025-10-31T17:23:52.874+0530] {processor.py:161} INFO - Started process (PID=12299) to work on /home/logi/txtai/venv/lib/python3.10/site-packages/airflow/example_dags/tutorial_taskflow_api.py
[2025-10-31T17:23:52.887+0530] {processor.py:830} INFO - Processing file /home/logi/txtai/venv/lib/python3.10/site-packages/airflow/example_dags/tutorial_taskflow_api.py for tasks to queue
[2025-10-31T17:23:52.890+0530] {logging_mixin.py:188} INFO - [2025-10-31T17:23:52.890+0530] {dagbag.py:545} INFO - Filling up the DagBag from /home/logi/txtai/venv/lib/python3.10/site-packages/airflow/example_dags/tutorial_taskflow_api.py
[2025-10-31T17:23:52.902+0530] {processor.py:840} INFO - DAG(s) 'tutorial_taskflow_api' retrieved from /home/logi/txtai/venv/lib/python3.10/site-packages/airflow/example_dags/tutorial_taskflow_api.py
[2025-10-31T17:23:52.928+0530] {logging_mixin.py:188} INFO - [2025-10-31T17:23:52.927+0530] {dag.py:3089} INFO - Sync 1 DAGs
[2025-10-31T17:23:52.944+0530] {logging_mixin.py:188} INFO - [2025-10-31T17:23:52.944+0530] {dag.py:3947} INFO - Setting next_dagrun for tutorial_taskflow_api to None, run_after=None
[2025-10-31T17:23:52.965+0530] {processor.py:183} INFO - Processing /home/logi/txtai/venv/lib/python3.10/site-packages/airflow/example_dags/tutorial_taskflow_api.py took 0.103 seconds
[2025-10-31T17:24:47.930+0530] {processor.py:161} INFO - Started process (PID=12405) to work on /home/logi/txtai/venv/lib/python3.10/site-packages/airflow/example_dags/tutorial_taskflow_api.py
[2025-10-31T17:24:47.944+0530] {processor.py:830} INFO - Processing file /home/logi/txtai/venv/lib/python3.10/site-packages/airflow/example_dags/tutorial_taskflow_api.py for tasks to queue
[2025-10-31T17:24:47.947+0530] {logging_mixin.py:188} INFO - [2025-10-31T17:24:47.946+0530] {dagbag.py:545} INFO - Filling up the DagBag from /home/logi/txtai/venv/lib/python3.10/site-packages/airflow/example_dags/tutorial_taskflow_api.py
[2025-10-31T17:24:47.959+0530] {processor.py:840} INFO - DAG(s) 'tutorial_taskflow_api' retrieved from /home/logi/txtai/venv/lib/python3.10/site-packages/airflow/example_dags/tutorial_taskflow_api.py
[2025-10-31T17:24:47.985+0530] {logging_mixin.py:188} INFO - [2025-10-31T17:24:47.985+0530] {dag.py:3089} INFO - Sync 1 DAGs
[2025-10-31T17:24:48.000+0530] {logging_mixin.py:188} INFO - [2025-10-31T17:24:47.999+0530] {dag.py:3947} INFO - Setting next_dagrun for tutorial_taskflow_api to None, run_after=None
[2025-10-31T17:24:48.028+0530] {processor.py:183} INFO - Processing /home/logi/txtai/venv/lib/python3.10/site-packages/airflow/example_dags/tutorial_taskflow_api.py took 0.109 seconds
[2025-10-31T17:25:41.218+0530] {processor.py:161} INFO - Started process (PID=12605) to work on /home/logi/txtai/venv/lib/python3.10/site-packages/airflow/example_dags/tutorial_taskflow_api.py
[2025-10-31T17:25:41.231+0530] {processor.py:830} INFO - Processing file /home/logi/txtai/venv/lib/python3.10/site-packages/airflow/example_dags/tutorial_taskflow_api.py for tasks to queue
[2025-10-31T17:25:41.235+0530] {logging_mixin.py:188} INFO - [2025-10-31T17:25:41.234+0530] {dagbag.py:545} INFO - Filling up the DagBag from /home/logi/txtai/venv/lib/python3.10/site-packages/airflow/example_dags/tutorial_taskflow_api.py
[2025-10-31T17:25:41.246+0530] {processor.py:840} INFO - DAG(s) 'tutorial_taskflow_api' retrieved from /home/logi/txtai/venv/lib/python3.10/site-packages/airflow/example_dags/tutorial_taskflow_api.py
[2025-10-31T17:25:41.274+0530] {logging_mixin.py:188} INFO - [2025-10-31T17:25:41.274+0530] {dag.py:3089} INFO - Sync 1 DAGs
[2025-10-31T17:25:41.287+0530] {logging_mixin.py:188} INFO - [2025-10-31T17:25:41.287+0530] {dag.py:3947} INFO - Setting next_dagrun for tutorial_taskflow_api to None, run_after=None
[2025-10-31T17:25:41.315+0530] {processor.py:183} INFO - Processing /home/logi/txtai/venv/lib/python3.10/site-packages/airflow/example_dags/tutorial_taskflow_api.py took 0.109 seconds
[2025-10-31T17:26:39.525+0530] {processor.py:161} INFO - Started process (PID=12743) to work on /home/logi/txtai/venv/lib/python3.10/site-packages/airflow/example_dags/tutorial_taskflow_api.py
[2025-10-31T17:26:39.539+0530] {processor.py:830} INFO - Processing file /home/logi/txtai/venv/lib/python3.10/site-packages/airflow/example_dags/tutorial_taskflow_api.py for tasks to queue
[2025-10-31T17:26:39.542+0530] {logging_mixin.py:188} INFO - [2025-10-31T17:26:39.541+0530] {dagbag.py:545} INFO - Filling up the DagBag from /home/logi/txtai/venv/lib/python3.10/site-packages/airflow/example_dags/tutorial_taskflow_api.py
[2025-10-31T17:26:39.553+0530] {processor.py:840} INFO - DAG(s) 'tutorial_taskflow_api' retrieved from /home/logi/txtai/venv/lib/python3.10/site-packages/airflow/example_dags/tutorial_taskflow_api.py
[2025-10-31T17:26:39.579+0530] {logging_mixin.py:188} INFO - [2025-10-31T17:26:39.578+0530] {dag.py:3089} INFO - Sync 1 DAGs
[2025-10-31T17:26:39.597+0530] {logging_mixin.py:188} INFO - [2025-10-31T17:26:39.596+0530] {dag.py:3947} INFO - Setting next_dagrun for tutorial_taskflow_api to None, run_after=None
[2025-10-31T17:26:39.635+0530] {processor.py:183} INFO - Processing /home/logi/txtai/venv/lib/python3.10/site-packages/airflow/example_dags/tutorial_taskflow_api.py took 0.121 seconds
[2025-10-31T17:27:47.340+0530] {processor.py:161} INFO - Started process (PID=13326) to work on /home/logi/txtai/venv/lib/python3.10/site-packages/airflow/example_dags/tutorial_taskflow_api.py
[2025-10-31T17:27:47.353+0530] {processor.py:830} INFO - Processing file /home/logi/txtai/venv/lib/python3.10/site-packages/airflow/example_dags/tutorial_taskflow_api.py for tasks to queue
[2025-10-31T17:27:47.356+0530] {logging_mixin.py:188} INFO - [2025-10-31T17:27:47.355+0530] {dagbag.py:545} INFO - Filling up the DagBag from /home/logi/txtai/venv/lib/python3.10/site-packages/airflow/example_dags/tutorial_taskflow_api.py
[2025-10-31T17:27:47.361+0530] {processor.py:840} INFO - DAG(s) 'tutorial_taskflow_api' retrieved from /home/logi/txtai/venv/lib/python3.10/site-packages/airflow/example_dags/tutorial_taskflow_api.py
[2025-10-31T17:27:47.374+0530] {logging_mixin.py:188} INFO - [2025-10-31T17:27:47.374+0530] {dag.py:3089} INFO - Sync 1 DAGs
[2025-10-31T17:27:47.382+0530] {logging_mixin.py:188} INFO - [2025-10-31T17:27:47.382+0530] {dag.py:3947} INFO - Setting next_dagrun for tutorial_taskflow_api to None, run_after=None
[2025-10-31T17:27:47.399+0530] {processor.py:183} INFO - Processing /home/logi/txtai/venv/lib/python3.10/site-packages/airflow/example_dags/tutorial_taskflow_api.py took 0.071 seconds
[2025-10-31T17:28:43.939+0530] {processor.py:161} INFO - Started process (PID=13470) to work on /home/logi/txtai/venv/lib/python3.10/site-packages/airflow/example_dags/tutorial_taskflow_api.py
[2025-10-31T17:28:43.952+0530] {processor.py:830} INFO - Processing file /home/logi/txtai/venv/lib/python3.10/site-packages/airflow/example_dags/tutorial_taskflow_api.py for tasks to queue
[2025-10-31T17:28:43.956+0530] {logging_mixin.py:188} INFO - [2025-10-31T17:28:43.955+0530] {dagbag.py:545} INFO - Filling up the DagBag from /home/logi/txtai/venv/lib/python3.10/site-packages/airflow/example_dags/tutorial_taskflow_api.py
[2025-10-31T17:28:43.967+0530] {processor.py:840} INFO - DAG(s) 'tutorial_taskflow_api' retrieved from /home/logi/txtai/venv/lib/python3.10/site-packages/airflow/example_dags/tutorial_taskflow_api.py
[2025-10-31T17:28:43.994+0530] {logging_mixin.py:188} INFO - [2025-10-31T17:28:43.993+0530] {dag.py:3089} INFO - Sync 1 DAGs
[2025-10-31T17:28:44.008+0530] {logging_mixin.py:188} INFO - [2025-10-31T17:28:44.008+0530] {dag.py:3947} INFO - Setting next_dagrun for tutorial_taskflow_api to None, run_after=None
[2025-10-31T17:28:44.038+0530] {processor.py:183} INFO - Processing /home/logi/txtai/venv/lib/python3.10/site-packages/airflow/example_dags/tutorial_taskflow_api.py took 0.111 seconds
[2025-10-31T17:29:40.811+0530] {processor.py:161} INFO - Started process (PID=13646) to work on /home/logi/txtai/venv/lib/python3.10/site-packages/airflow/example_dags/tutorial_taskflow_api.py
[2025-10-31T17:29:40.812+0530] {processor.py:830} INFO - Processing file /home/logi/txtai/venv/lib/python3.10/site-packages/airflow/example_dags/tutorial_taskflow_api.py for tasks to queue
[2025-10-31T17:29:40.815+0530] {logging_mixin.py:188} INFO - [2025-10-31T17:29:40.815+0530] {dagbag.py:545} INFO - Filling up the DagBag from /home/logi/txtai/venv/lib/python3.10/site-packages/airflow/example_dags/tutorial_taskflow_api.py
[2025-10-31T17:29:40.824+0530] {processor.py:840} INFO - DAG(s) 'tutorial_taskflow_api' retrieved from /home/logi/txtai/venv/lib/python3.10/site-packages/airflow/example_dags/tutorial_taskflow_api.py
[2025-10-31T17:29:40.853+0530] {logging_mixin.py:188} INFO - [2025-10-31T17:29:40.853+0530] {dag.py:3089} INFO - Sync 1 DAGs
[2025-10-31T17:29:40.874+0530] {logging_mixin.py:188} INFO - [2025-10-31T17:29:40.872+0530] {dag.py:3947} INFO - Setting next_dagrun for tutorial_taskflow_api to None, run_after=None
[2025-10-31T17:29:40.910+0530] {processor.py:183} INFO - Processing /home/logi/txtai/venv/lib/python3.10/site-packages/airflow/example_dags/tutorial_taskflow_api.py took 0.106 seconds
[2025-10-31T17:30:50.689+0530] {processor.py:161} INFO - Started process (PID=14198) to work on /home/logi/txtai/venv/lib/python3.10/site-packages/airflow/example_dags/tutorial_taskflow_api.py
[2025-10-31T17:30:50.703+0530] {processor.py:830} INFO - Processing file /home/logi/txtai/venv/lib/python3.10/site-packages/airflow/example_dags/tutorial_taskflow_api.py for tasks to queue
[2025-10-31T17:30:50.706+0530] {logging_mixin.py:188} INFO - [2025-10-31T17:30:50.705+0530] {dagbag.py:545} INFO - Filling up the DagBag from /home/logi/txtai/venv/lib/python3.10/site-packages/airflow/example_dags/tutorial_taskflow_api.py
[2025-10-31T17:30:50.718+0530] {processor.py:840} INFO - DAG(s) 'tutorial_taskflow_api' retrieved from /home/logi/txtai/venv/lib/python3.10/site-packages/airflow/example_dags/tutorial_taskflow_api.py
[2025-10-31T17:30:50.746+0530] {logging_mixin.py:188} INFO - [2025-10-31T17:30:50.746+0530] {dag.py:3089} INFO - Sync 1 DAGs
[2025-10-31T17:30:50.759+0530] {logging_mixin.py:188} INFO - [2025-10-31T17:30:50.759+0530] {dag.py:3947} INFO - Setting next_dagrun for tutorial_taskflow_api to None, run_after=None
[2025-10-31T17:30:50.779+0530] {processor.py:183} INFO - Processing /home/logi/txtai/venv/lib/python3.10/site-packages/airflow/example_dags/tutorial_taskflow_api.py took 0.101 seconds
[2025-10-31T17:31:28.310+0530] {processor.py:161} INFO - Started process (PID=14433) to work on /home/logi/txtai/venv/lib/python3.10/site-packages/airflow/example_dags/tutorial_taskflow_api.py
[2025-10-31T17:31:28.324+0530] {processor.py:830} INFO - Processing file /home/logi/txtai/venv/lib/python3.10/site-packages/airflow/example_dags/tutorial_taskflow_api.py for tasks to queue
[2025-10-31T17:31:28.327+0530] {logging_mixin.py:188} INFO - [2025-10-31T17:31:28.326+0530] {dagbag.py:545} INFO - Filling up the DagBag from /home/logi/txtai/venv/lib/python3.10/site-packages/airflow/example_dags/tutorial_taskflow_api.py
[2025-10-31T17:31:28.339+0530] {processor.py:840} INFO - DAG(s) 'tutorial_taskflow_api' retrieved from /home/logi/txtai/venv/lib/python3.10/site-packages/airflow/example_dags/tutorial_taskflow_api.py
[2025-10-31T17:31:28.365+0530] {logging_mixin.py:188} INFO - [2025-10-31T17:31:28.365+0530] {dag.py:3089} INFO - Sync 1 DAGs
[2025-10-31T17:31:28.381+0530] {logging_mixin.py:188} INFO - [2025-10-31T17:31:28.381+0530] {dag.py:3947} INFO - Setting next_dagrun for tutorial_taskflow_api to None, run_after=None
[2025-10-31T17:31:28.417+0530] {processor.py:183} INFO - Processing /home/logi/txtai/venv/lib/python3.10/site-packages/airflow/example_dags/tutorial_taskflow_api.py took 0.120 seconds
[2025-10-31T17:32:26.629+0530] {processor.py:161} INFO - Started process (PID=14582) to work on /home/logi/txtai/venv/lib/python3.10/site-packages/airflow/example_dags/tutorial_taskflow_api.py
[2025-10-31T17:32:26.637+0530] {processor.py:830} INFO - Processing file /home/logi/txtai/venv/lib/python3.10/site-packages/airflow/example_dags/tutorial_taskflow_api.py for tasks to queue
[2025-10-31T17:32:26.642+0530] {logging_mixin.py:188} INFO - [2025-10-31T17:32:26.640+0530] {dagbag.py:545} INFO - Filling up the DagBag from /home/logi/txtai/venv/lib/python3.10/site-packages/airflow/example_dags/tutorial_taskflow_api.py
[2025-10-31T17:32:26.659+0530] {processor.py:840} INFO - DAG(s) 'tutorial_taskflow_api' retrieved from /home/logi/txtai/venv/lib/python3.10/site-packages/airflow/example_dags/tutorial_taskflow_api.py
[2025-10-31T17:32:26.683+0530] {logging_mixin.py:188} INFO - [2025-10-31T17:32:26.683+0530] {dag.py:3089} INFO - Sync 1 DAGs
[2025-10-31T17:32:26.695+0530] {logging_mixin.py:188} INFO - [2025-10-31T17:32:26.695+0530] {dag.py:3947} INFO - Setting next_dagrun for tutorial_taskflow_api to None, run_after=None
[2025-10-31T17:32:26.717+0530] {processor.py:183} INFO - Processing /home/logi/txtai/venv/lib/python3.10/site-packages/airflow/example_dags/tutorial_taskflow_api.py took 0.101 seconds
[2025-10-31T17:33:03.935+0530] {processor.py:161} INFO - Started process (PID=14963) to work on /home/logi/txtai/venv/lib/python3.10/site-packages/airflow/example_dags/tutorial_taskflow_api.py
[2025-10-31T17:33:03.948+0530] {processor.py:830} INFO - Processing file /home/logi/txtai/venv/lib/python3.10/site-packages/airflow/example_dags/tutorial_taskflow_api.py for tasks to queue
[2025-10-31T17:33:03.951+0530] {logging_mixin.py:188} INFO - [2025-10-31T17:33:03.951+0530] {dagbag.py:545} INFO - Filling up the DagBag from /home/logi/txtai/venv/lib/python3.10/site-packages/airflow/example_dags/tutorial_taskflow_api.py
[2025-10-31T17:33:03.963+0530] {processor.py:840} INFO - DAG(s) 'tutorial_taskflow_api' retrieved from /home/logi/txtai/venv/lib/python3.10/site-packages/airflow/example_dags/tutorial_taskflow_api.py
[2025-10-31T17:33:03.989+0530] {logging_mixin.py:188} INFO - [2025-10-31T17:33:03.988+0530] {dag.py:3089} INFO - Sync 1 DAGs
[2025-10-31T17:33:04.001+0530] {logging_mixin.py:188} INFO - [2025-10-31T17:33:04.000+0530] {dag.py:3947} INFO - Setting next_dagrun for tutorial_taskflow_api to None, run_after=None
[2025-10-31T17:33:04.022+0530] {processor.py:183} INFO - Processing /home/logi/txtai/venv/lib/python3.10/site-packages/airflow/example_dags/tutorial_taskflow_api.py took 0.098 seconds
[2025-10-31T17:34:13.961+0530] {processor.py:161} INFO - Started process (PID=15459) to work on /home/logi/txtai/venv/lib/python3.10/site-packages/airflow/example_dags/tutorial_taskflow_api.py
[2025-10-31T17:34:13.974+0530] {processor.py:830} INFO - Processing file /home/logi/txtai/venv/lib/python3.10/site-packages/airflow/example_dags/tutorial_taskflow_api.py for tasks to queue
[2025-10-31T17:34:13.977+0530] {logging_mixin.py:188} INFO - [2025-10-31T17:34:13.976+0530] {dagbag.py:545} INFO - Filling up the DagBag from /home/logi/txtai/venv/lib/python3.10/site-packages/airflow/example_dags/tutorial_taskflow_api.py
[2025-10-31T17:34:13.988+0530] {processor.py:840} INFO - DAG(s) 'tutorial_taskflow_api' retrieved from /home/logi/txtai/venv/lib/python3.10/site-packages/airflow/example_dags/tutorial_taskflow_api.py
[2025-10-31T17:34:14.015+0530] {logging_mixin.py:188} INFO - [2025-10-31T17:34:14.014+0530] {dag.py:3089} INFO - Sync 1 DAGs
[2025-10-31T17:34:14.030+0530] {logging_mixin.py:188} INFO - [2025-10-31T17:34:14.029+0530] {dag.py:3947} INFO - Setting next_dagrun for tutorial_taskflow_api to None, run_after=None
[2025-10-31T17:34:14.057+0530] {processor.py:183} INFO - Processing /home/logi/txtai/venv/lib/python3.10/site-packages/airflow/example_dags/tutorial_taskflow_api.py took 0.109 seconds
[2025-10-31T19:15:12.363+0530] {processor.py:161} INFO - Started process (PID=5164) to work on /home/logi/txtai/venv/lib/python3.10/site-packages/airflow/example_dags/tutorial_taskflow_api.py
[2025-10-31T19:15:12.377+0530] {processor.py:830} INFO - Processing file /home/logi/txtai/venv/lib/python3.10/site-packages/airflow/example_dags/tutorial_taskflow_api.py for tasks to queue
[2025-10-31T19:15:12.381+0530] {logging_mixin.py:188} INFO - [2025-10-31T19:15:12.380+0530] {dagbag.py:545} INFO - Filling up the DagBag from /home/logi/txtai/venv/lib/python3.10/site-packages/airflow/example_dags/tutorial_taskflow_api.py
[2025-10-31T19:15:12.397+0530] {processor.py:840} INFO - DAG(s) 'tutorial_taskflow_api' retrieved from /home/logi/txtai/venv/lib/python3.10/site-packages/airflow/example_dags/tutorial_taskflow_api.py
[2025-10-31T19:15:12.650+0530] {logging_mixin.py:188} INFO - [2025-10-31T19:15:12.649+0530] {dag.py:3089} INFO - Sync 1 DAGs
[2025-10-31T19:15:12.659+0530] {logging_mixin.py:188} INFO - [2025-10-31T19:15:12.658+0530] {dag.py:3947} INFO - Setting next_dagrun for tutorial_taskflow_api to None, run_after=None
[2025-10-31T19:15:12.702+0530] {processor.py:183} INFO - Processing /home/logi/txtai/venv/lib/python3.10/site-packages/airflow/example_dags/tutorial_taskflow_api.py took 0.353 seconds
[2025-10-31T19:16:08.200+0530] {processor.py:161} INFO - Started process (PID=5444) to work on /home/logi/txtai/venv/lib/python3.10/site-packages/airflow/example_dags/tutorial_taskflow_api.py
[2025-10-31T19:16:08.202+0530] {processor.py:830} INFO - Processing file /home/logi/txtai/venv/lib/python3.10/site-packages/airflow/example_dags/tutorial_taskflow_api.py for tasks to queue
[2025-10-31T19:16:08.205+0530] {logging_mixin.py:188} INFO - [2025-10-31T19:16:08.205+0530] {dagbag.py:545} INFO - Filling up the DagBag from /home/logi/txtai/venv/lib/python3.10/site-packages/airflow/example_dags/tutorial_taskflow_api.py
[2025-10-31T19:16:08.216+0530] {processor.py:840} INFO - DAG(s) 'tutorial_taskflow_api' retrieved from /home/logi/txtai/venv/lib/python3.10/site-packages/airflow/example_dags/tutorial_taskflow_api.py
[2025-10-31T19:16:08.242+0530] {logging_mixin.py:188} INFO - [2025-10-31T19:16:08.241+0530] {dag.py:3089} INFO - Sync 1 DAGs
[2025-10-31T19:16:08.259+0530] {logging_mixin.py:188} INFO - [2025-10-31T19:16:08.259+0530] {dag.py:3947} INFO - Setting next_dagrun for tutorial_taskflow_api to None, run_after=None
[2025-10-31T19:16:08.279+0530] {processor.py:183} INFO - Processing /home/logi/txtai/venv/lib/python3.10/site-packages/airflow/example_dags/tutorial_taskflow_api.py took 0.090 seconds
[2025-10-31T19:16:59.362+0530] {processor.py:161} INFO - Started process (PID=5600) to work on /home/logi/txtai/venv/lib/python3.10/site-packages/airflow/example_dags/tutorial_taskflow_api.py
[2025-10-31T19:16:59.364+0530] {processor.py:830} INFO - Processing file /home/logi/txtai/venv/lib/python3.10/site-packages/airflow/example_dags/tutorial_taskflow_api.py for tasks to queue
[2025-10-31T19:16:59.367+0530] {logging_mixin.py:188} INFO - [2025-10-31T19:16:59.366+0530] {dagbag.py:545} INFO - Filling up the DagBag from /home/logi/txtai/venv/lib/python3.10/site-packages/airflow/example_dags/tutorial_taskflow_api.py
[2025-10-31T19:16:59.378+0530] {processor.py:840} INFO - DAG(s) 'tutorial_taskflow_api' retrieved from /home/logi/txtai/venv/lib/python3.10/site-packages/airflow/example_dags/tutorial_taskflow_api.py
[2025-10-31T19:16:59.402+0530] {logging_mixin.py:188} INFO - [2025-10-31T19:16:59.402+0530] {dag.py:3089} INFO - Sync 1 DAGs
[2025-10-31T19:16:59.411+0530] {logging_mixin.py:188} INFO - [2025-10-31T19:16:59.411+0530] {dag.py:3947} INFO - Setting next_dagrun for tutorial_taskflow_api to None, run_after=None
[2025-10-31T19:16:59.430+0530] {processor.py:183} INFO - Processing /home/logi/txtai/venv/lib/python3.10/site-packages/airflow/example_dags/tutorial_taskflow_api.py took 0.078 seconds
[2025-10-31T19:17:48.251+0530] {processor.py:161} INFO - Started process (PID=5699) to work on /home/logi/txtai/venv/lib/python3.10/site-packages/airflow/example_dags/tutorial_taskflow_api.py
[2025-10-31T19:17:48.252+0530] {processor.py:830} INFO - Processing file /home/logi/txtai/venv/lib/python3.10/site-packages/airflow/example_dags/tutorial_taskflow_api.py for tasks to queue
[2025-10-31T19:17:48.254+0530] {logging_mixin.py:188} INFO - [2025-10-31T19:17:48.254+0530] {dagbag.py:545} INFO - Filling up the DagBag from /home/logi/txtai/venv/lib/python3.10/site-packages/airflow/example_dags/tutorial_taskflow_api.py
[2025-10-31T19:17:48.263+0530] {processor.py:840} INFO - DAG(s) 'tutorial_taskflow_api' retrieved from /home/logi/txtai/venv/lib/python3.10/site-packages/airflow/example_dags/tutorial_taskflow_api.py
[2025-10-31T19:17:48.283+0530] {logging_mixin.py:188} INFO - [2025-10-31T19:17:48.283+0530] {dag.py:3089} INFO - Sync 1 DAGs
[2025-10-31T19:17:48.296+0530] {logging_mixin.py:188} INFO - [2025-10-31T19:17:48.295+0530] {dag.py:3947} INFO - Setting next_dagrun for tutorial_taskflow_api to None, run_after=None
[2025-10-31T19:17:48.321+0530] {processor.py:183} INFO - Processing /home/logi/txtai/venv/lib/python3.10/site-packages/airflow/example_dags/tutorial_taskflow_api.py took 0.078 seconds
[2025-10-31T19:18:40.200+0530] {processor.py:161} INFO - Started process (PID=5985) to work on /home/logi/txtai/venv/lib/python3.10/site-packages/airflow/example_dags/tutorial_taskflow_api.py
[2025-10-31T19:18:40.202+0530] {processor.py:830} INFO - Processing file /home/logi/txtai/venv/lib/python3.10/site-packages/airflow/example_dags/tutorial_taskflow_api.py for tasks to queue
[2025-10-31T19:18:40.205+0530] {logging_mixin.py:188} INFO - [2025-10-31T19:18:40.204+0530] {dagbag.py:545} INFO - Filling up the DagBag from /home/logi/txtai/venv/lib/python3.10/site-packages/airflow/example_dags/tutorial_taskflow_api.py
[2025-10-31T19:18:40.216+0530] {processor.py:840} INFO - DAG(s) 'tutorial_taskflow_api' retrieved from /home/logi/txtai/venv/lib/python3.10/site-packages/airflow/example_dags/tutorial_taskflow_api.py
[2025-10-31T19:18:40.240+0530] {logging_mixin.py:188} INFO - [2025-10-31T19:18:40.239+0530] {dag.py:3089} INFO - Sync 1 DAGs
[2025-10-31T19:18:40.248+0530] {logging_mixin.py:188} INFO - [2025-10-31T19:18:40.248+0530] {dag.py:3947} INFO - Setting next_dagrun for tutorial_taskflow_api to None, run_after=None
[2025-10-31T19:18:40.265+0530] {processor.py:183} INFO - Processing /home/logi/txtai/venv/lib/python3.10/site-packages/airflow/example_dags/tutorial_taskflow_api.py took 0.076 seconds
[2025-10-31T19:19:33.189+0530] {processor.py:161} INFO - Started process (PID=6108) to work on /home/logi/txtai/venv/lib/python3.10/site-packages/airflow/example_dags/tutorial_taskflow_api.py
[2025-10-31T19:19:33.203+0530] {processor.py:830} INFO - Processing file /home/logi/txtai/venv/lib/python3.10/site-packages/airflow/example_dags/tutorial_taskflow_api.py for tasks to queue
[2025-10-31T19:19:33.207+0530] {logging_mixin.py:188} INFO - [2025-10-31T19:19:33.206+0530] {dagbag.py:545} INFO - Filling up the DagBag from /home/logi/txtai/venv/lib/python3.10/site-packages/airflow/example_dags/tutorial_taskflow_api.py
[2025-10-31T19:19:33.221+0530] {processor.py:840} INFO - DAG(s) 'tutorial_taskflow_api' retrieved from /home/logi/txtai/venv/lib/python3.10/site-packages/airflow/example_dags/tutorial_taskflow_api.py
[2025-10-31T19:19:33.247+0530] {logging_mixin.py:188} INFO - [2025-10-31T19:19:33.246+0530] {dag.py:3089} INFO - Sync 1 DAGs
[2025-10-31T19:19:33.257+0530] {logging_mixin.py:188} INFO - [2025-10-31T19:19:33.257+0530] {dag.py:3947} INFO - Setting next_dagrun for tutorial_taskflow_api to None, run_after=None
[2025-10-31T19:19:33.277+0530] {processor.py:183} INFO - Processing /home/logi/txtai/venv/lib/python3.10/site-packages/airflow/example_dags/tutorial_taskflow_api.py took 0.101 seconds
[2025-10-31T19:20:30.458+0530] {processor.py:161} INFO - Started process (PID=6213) to work on /home/logi/txtai/venv/lib/python3.10/site-packages/airflow/example_dags/tutorial_taskflow_api.py
[2025-10-31T19:20:30.471+0530] {processor.py:830} INFO - Processing file /home/logi/txtai/venv/lib/python3.10/site-packages/airflow/example_dags/tutorial_taskflow_api.py for tasks to queue
[2025-10-31T19:20:30.475+0530] {logging_mixin.py:188} INFO - [2025-10-31T19:20:30.474+0530] {dagbag.py:545} INFO - Filling up the DagBag from /home/logi/txtai/venv/lib/python3.10/site-packages/airflow/example_dags/tutorial_taskflow_api.py
[2025-10-31T19:20:30.487+0530] {processor.py:840} INFO - DAG(s) 'tutorial_taskflow_api' retrieved from /home/logi/txtai/venv/lib/python3.10/site-packages/airflow/example_dags/tutorial_taskflow_api.py
[2025-10-31T19:20:30.515+0530] {logging_mixin.py:188} INFO - [2025-10-31T19:20:30.515+0530] {dag.py:3089} INFO - Sync 1 DAGs
[2025-10-31T19:20:30.530+0530] {logging_mixin.py:188} INFO - [2025-10-31T19:20:30.530+0530] {dag.py:3947} INFO - Setting next_dagrun for tutorial_taskflow_api to None, run_after=None
[2025-10-31T19:20:30.555+0530] {processor.py:183} INFO - Processing /home/logi/txtai/venv/lib/python3.10/site-packages/airflow/example_dags/tutorial_taskflow_api.py took 0.109 seconds
[2025-10-31T19:21:23.297+0530] {processor.py:161} INFO - Started process (PID=6295) to work on /home/logi/txtai/venv/lib/python3.10/site-packages/airflow/example_dags/tutorial_taskflow_api.py
[2025-10-31T19:21:23.310+0530] {processor.py:830} INFO - Processing file /home/logi/txtai/venv/lib/python3.10/site-packages/airflow/example_dags/tutorial_taskflow_api.py for tasks to queue
[2025-10-31T19:21:23.313+0530] {logging_mixin.py:188} INFO - [2025-10-31T19:21:23.313+0530] {dagbag.py:545} INFO - Filling up the DagBag from /home/logi/txtai/venv/lib/python3.10/site-packages/airflow/example_dags/tutorial_taskflow_api.py
[2025-10-31T19:21:23.324+0530] {processor.py:840} INFO - DAG(s) 'tutorial_taskflow_api' retrieved from /home/logi/txtai/venv/lib/python3.10/site-packages/airflow/example_dags/tutorial_taskflow_api.py
[2025-10-31T19:21:23.348+0530] {logging_mixin.py:188} INFO - [2025-10-31T19:21:23.348+0530] {dag.py:3089} INFO - Sync 1 DAGs
[2025-10-31T19:21:23.364+0530] {logging_mixin.py:188} INFO - [2025-10-31T19:21:23.364+0530] {dag.py:3947} INFO - Setting next_dagrun for tutorial_taskflow_api to None, run_after=None
[2025-10-31T19:21:23.381+0530] {processor.py:183} INFO - Processing /home/logi/txtai/venv/lib/python3.10/site-packages/airflow/example_dags/tutorial_taskflow_api.py took 0.095 seconds
[2025-10-31T19:22:17.519+0530] {processor.py:161} INFO - Started process (PID=6374) to work on /home/logi/txtai/venv/lib/python3.10/site-packages/airflow/example_dags/tutorial_taskflow_api.py
[2025-10-31T19:22:17.532+0530] {processor.py:830} INFO - Processing file /home/logi/txtai/venv/lib/python3.10/site-packages/airflow/example_dags/tutorial_taskflow_api.py for tasks to queue
[2025-10-31T19:22:17.535+0530] {logging_mixin.py:188} INFO - [2025-10-31T19:22:17.535+0530] {dagbag.py:545} INFO - Filling up the DagBag from /home/logi/txtai/venv/lib/python3.10/site-packages/airflow/example_dags/tutorial_taskflow_api.py
[2025-10-31T19:22:17.546+0530] {processor.py:840} INFO - DAG(s) 'tutorial_taskflow_api' retrieved from /home/logi/txtai/venv/lib/python3.10/site-packages/airflow/example_dags/tutorial_taskflow_api.py
[2025-10-31T19:22:17.571+0530] {logging_mixin.py:188} INFO - [2025-10-31T19:22:17.571+0530] {dag.py:3089} INFO - Sync 1 DAGs
[2025-10-31T19:22:17.587+0530] {logging_mixin.py:188} INFO - [2025-10-31T19:22:17.586+0530] {dag.py:3947} INFO - Setting next_dagrun for tutorial_taskflow_api to None, run_after=None
[2025-10-31T19:22:17.606+0530] {processor.py:183} INFO - Processing /home/logi/txtai/venv/lib/python3.10/site-packages/airflow/example_dags/tutorial_taskflow_api.py took 0.098 seconds
[2025-10-31T19:23:09.722+0530] {processor.py:161} INFO - Started process (PID=6527) to work on /home/logi/txtai/venv/lib/python3.10/site-packages/airflow/example_dags/tutorial_taskflow_api.py
[2025-10-31T19:23:09.736+0530] {processor.py:830} INFO - Processing file /home/logi/txtai/venv/lib/python3.10/site-packages/airflow/example_dags/tutorial_taskflow_api.py for tasks to queue
[2025-10-31T19:23:09.738+0530] {logging_mixin.py:188} INFO - [2025-10-31T19:23:09.738+0530] {dagbag.py:545} INFO - Filling up the DagBag from /home/logi/txtai/venv/lib/python3.10/site-packages/airflow/example_dags/tutorial_taskflow_api.py
[2025-10-31T19:23:09.750+0530] {processor.py:840} INFO - DAG(s) 'tutorial_taskflow_api' retrieved from /home/logi/txtai/venv/lib/python3.10/site-packages/airflow/example_dags/tutorial_taskflow_api.py
[2025-10-31T19:23:09.776+0530] {logging_mixin.py:188} INFO - [2025-10-31T19:23:09.775+0530] {dag.py:3089} INFO - Sync 1 DAGs
[2025-10-31T19:23:09.791+0530] {logging_mixin.py:188} INFO - [2025-10-31T19:23:09.790+0530] {dag.py:3947} INFO - Setting next_dagrun for tutorial_taskflow_api to None, run_after=None
[2025-10-31T19:23:09.809+0530] {processor.py:183} INFO - Processing /home/logi/txtai/venv/lib/python3.10/site-packages/airflow/example_dags/tutorial_taskflow_api.py took 0.097 seconds
[2025-10-31T19:23:56.923+0530] {processor.py:161} INFO - Started process (PID=6615) to work on /home/logi/txtai/venv/lib/python3.10/site-packages/airflow/example_dags/tutorial_taskflow_api.py
[2025-10-31T19:23:56.936+0530] {processor.py:830} INFO - Processing file /home/logi/txtai/venv/lib/python3.10/site-packages/airflow/example_dags/tutorial_taskflow_api.py for tasks to queue
[2025-10-31T19:23:56.939+0530] {logging_mixin.py:188} INFO - [2025-10-31T19:23:56.938+0530] {dagbag.py:545} INFO - Filling up the DagBag from /home/logi/txtai/venv/lib/python3.10/site-packages/airflow/example_dags/tutorial_taskflow_api.py
[2025-10-31T19:23:56.949+0530] {processor.py:840} INFO - DAG(s) 'tutorial_taskflow_api' retrieved from /home/logi/txtai/venv/lib/python3.10/site-packages/airflow/example_dags/tutorial_taskflow_api.py
[2025-10-31T19:23:56.974+0530] {logging_mixin.py:188} INFO - [2025-10-31T19:23:56.974+0530] {dag.py:3089} INFO - Sync 1 DAGs
[2025-10-31T19:23:56.987+0530] {logging_mixin.py:188} INFO - [2025-10-31T19:23:56.987+0530] {dag.py:3947} INFO - Setting next_dagrun for tutorial_taskflow_api to None, run_after=None
[2025-10-31T19:23:57.011+0530] {processor.py:183} INFO - Processing /home/logi/txtai/venv/lib/python3.10/site-packages/airflow/example_dags/tutorial_taskflow_api.py took 0.098 seconds
[2025-10-31T19:24:46.158+0530] {processor.py:161} INFO - Started process (PID=6688) to work on /home/logi/txtai/venv/lib/python3.10/site-packages/airflow/example_dags/tutorial_taskflow_api.py
[2025-10-31T19:24:46.171+0530] {processor.py:830} INFO - Processing file /home/logi/txtai/venv/lib/python3.10/site-packages/airflow/example_dags/tutorial_taskflow_api.py for tasks to queue
[2025-10-31T19:24:46.174+0530] {logging_mixin.py:188} INFO - [2025-10-31T19:24:46.174+0530] {dagbag.py:545} INFO - Filling up the DagBag from /home/logi/txtai/venv/lib/python3.10/site-packages/airflow/example_dags/tutorial_taskflow_api.py
[2025-10-31T19:24:46.184+0530] {processor.py:840} INFO - DAG(s) 'tutorial_taskflow_api' retrieved from /home/logi/txtai/venv/lib/python3.10/site-packages/airflow/example_dags/tutorial_taskflow_api.py
[2025-10-31T19:24:46.205+0530] {logging_mixin.py:188} INFO - [2025-10-31T19:24:46.205+0530] {dag.py:3089} INFO - Sync 1 DAGs
[2025-10-31T19:24:46.215+0530] {logging_mixin.py:188} INFO - [2025-10-31T19:24:46.215+0530] {dag.py:3947} INFO - Setting next_dagrun for tutorial_taskflow_api to None, run_after=None
[2025-10-31T19:24:46.233+0530] {processor.py:183} INFO - Processing /home/logi/txtai/venv/lib/python3.10/site-packages/airflow/example_dags/tutorial_taskflow_api.py took 0.080 seconds
[2025-10-31T19:25:33.681+0530] {processor.py:161} INFO - Started process (PID=6797) to work on /home/logi/txtai/venv/lib/python3.10/site-packages/airflow/example_dags/tutorial_taskflow_api.py
[2025-10-31T19:25:33.683+0530] {processor.py:830} INFO - Processing file /home/logi/txtai/venv/lib/python3.10/site-packages/airflow/example_dags/tutorial_taskflow_api.py for tasks to queue
[2025-10-31T19:25:33.687+0530] {logging_mixin.py:188} INFO - [2025-10-31T19:25:33.686+0530] {dagbag.py:545} INFO - Filling up the DagBag from /home/logi/txtai/venv/lib/python3.10/site-packages/airflow/example_dags/tutorial_taskflow_api.py
[2025-10-31T19:25:33.700+0530] {processor.py:840} INFO - DAG(s) 'tutorial_taskflow_api' retrieved from /home/logi/txtai/venv/lib/python3.10/site-packages/airflow/example_dags/tutorial_taskflow_api.py
[2025-10-31T19:25:33.722+0530] {logging_mixin.py:188} INFO - [2025-10-31T19:25:33.722+0530] {dag.py:3089} INFO - Sync 1 DAGs
[2025-10-31T19:25:33.731+0530] {logging_mixin.py:188} INFO - [2025-10-31T19:25:33.731+0530] {dag.py:3947} INFO - Setting next_dagrun for tutorial_taskflow_api to None, run_after=None
[2025-10-31T19:25:33.749+0530] {processor.py:183} INFO - Processing /home/logi/txtai/venv/lib/python3.10/site-packages/airflow/example_dags/tutorial_taskflow_api.py took 0.081 seconds
[2025-10-31T19:26:33.328+0530] {processor.py:161} INFO - Started process (PID=7028) to work on /home/logi/txtai/venv/lib/python3.10/site-packages/airflow/example_dags/tutorial_taskflow_api.py
[2025-10-31T19:26:33.331+0530] {processor.py:830} INFO - Processing file /home/logi/txtai/venv/lib/python3.10/site-packages/airflow/example_dags/tutorial_taskflow_api.py for tasks to queue
[2025-10-31T19:26:33.334+0530] {logging_mixin.py:188} INFO - [2025-10-31T19:26:33.334+0530] {dagbag.py:545} INFO - Filling up the DagBag from /home/logi/txtai/venv/lib/python3.10/site-packages/airflow/example_dags/tutorial_taskflow_api.py
[2025-10-31T19:26:33.351+0530] {processor.py:840} INFO - DAG(s) 'tutorial_taskflow_api' retrieved from /home/logi/txtai/venv/lib/python3.10/site-packages/airflow/example_dags/tutorial_taskflow_api.py
[2025-10-31T19:26:33.377+0530] {logging_mixin.py:188} INFO - [2025-10-31T19:26:33.376+0530] {dag.py:3089} INFO - Sync 1 DAGs
[2025-10-31T19:26:33.402+0530] {logging_mixin.py:188} INFO - [2025-10-31T19:26:33.401+0530] {dag.py:3947} INFO - Setting next_dagrun for tutorial_taskflow_api to None, run_after=None
[2025-10-31T19:26:33.443+0530] {processor.py:183} INFO - Processing /home/logi/txtai/venv/lib/python3.10/site-packages/airflow/example_dags/tutorial_taskflow_api.py took 0.129 seconds
[2025-10-31T19:27:38.537+0530] {processor.py:161} INFO - Started process (PID=7543) to work on /home/logi/txtai/venv/lib/python3.10/site-packages/airflow/example_dags/tutorial_taskflow_api.py
[2025-10-31T19:27:38.539+0530] {processor.py:830} INFO - Processing file /home/logi/txtai/venv/lib/python3.10/site-packages/airflow/example_dags/tutorial_taskflow_api.py for tasks to queue
[2025-10-31T19:27:38.542+0530] {logging_mixin.py:188} INFO - [2025-10-31T19:27:38.541+0530] {dagbag.py:545} INFO - Filling up the DagBag from /home/logi/txtai/venv/lib/python3.10/site-packages/airflow/example_dags/tutorial_taskflow_api.py
[2025-10-31T19:27:38.553+0530] {processor.py:840} INFO - DAG(s) 'tutorial_taskflow_api' retrieved from /home/logi/txtai/venv/lib/python3.10/site-packages/airflow/example_dags/tutorial_taskflow_api.py
[2025-10-31T19:27:38.577+0530] {logging_mixin.py:188} INFO - [2025-10-31T19:27:38.577+0530] {dag.py:3089} INFO - Sync 1 DAGs
[2025-10-31T19:27:38.590+0530] {logging_mixin.py:188} INFO - [2025-10-31T19:27:38.590+0530] {dag.py:3947} INFO - Setting next_dagrun for tutorial_taskflow_api to None, run_after=None
[2025-10-31T19:27:38.616+0530] {processor.py:183} INFO - Processing /home/logi/txtai/venv/lib/python3.10/site-packages/airflow/example_dags/tutorial_taskflow_api.py took 0.091 seconds
[2025-10-31T19:28:16.866+0530] {processor.py:161} INFO - Started process (PID=7743) to work on /home/logi/txtai/venv/lib/python3.10/site-packages/airflow/example_dags/tutorial_taskflow_api.py
[2025-10-31T19:28:16.868+0530] {processor.py:830} INFO - Processing file /home/logi/txtai/venv/lib/python3.10/site-packages/airflow/example_dags/tutorial_taskflow_api.py for tasks to queue
[2025-10-31T19:28:16.871+0530] {logging_mixin.py:188} INFO - [2025-10-31T19:28:16.870+0530] {dagbag.py:545} INFO - Filling up the DagBag from /home/logi/txtai/venv/lib/python3.10/site-packages/airflow/example_dags/tutorial_taskflow_api.py
[2025-10-31T19:28:16.882+0530] {processor.py:840} INFO - DAG(s) 'tutorial_taskflow_api' retrieved from /home/logi/txtai/venv/lib/python3.10/site-packages/airflow/example_dags/tutorial_taskflow_api.py
[2025-10-31T19:28:16.905+0530] {logging_mixin.py:188} INFO - [2025-10-31T19:28:16.905+0530] {dag.py:3089} INFO - Sync 1 DAGs
[2025-10-31T19:28:16.914+0530] {logging_mixin.py:188} INFO - [2025-10-31T19:28:16.913+0530] {dag.py:3947} INFO - Setting next_dagrun for tutorial_taskflow_api to None, run_after=None
[2025-10-31T19:28:16.931+0530] {processor.py:183} INFO - Processing /home/logi/txtai/venv/lib/python3.10/site-packages/airflow/example_dags/tutorial_taskflow_api.py took 0.075 seconds
[2025-10-31T19:29:20.133+0530] {processor.py:161} INFO - Started process (PID=7977) to work on /home/logi/txtai/venv/lib/python3.10/site-packages/airflow/example_dags/tutorial_taskflow_api.py
[2025-10-31T19:29:20.146+0530] {processor.py:830} INFO - Processing file /home/logi/txtai/venv/lib/python3.10/site-packages/airflow/example_dags/tutorial_taskflow_api.py for tasks to queue
[2025-10-31T19:29:20.149+0530] {logging_mixin.py:188} INFO - [2025-10-31T19:29:20.148+0530] {dagbag.py:545} INFO - Filling up the DagBag from /home/logi/txtai/venv/lib/python3.10/site-packages/airflow/example_dags/tutorial_taskflow_api.py
[2025-10-31T19:29:20.155+0530] {processor.py:840} INFO - DAG(s) 'tutorial_taskflow_api' retrieved from /home/logi/txtai/venv/lib/python3.10/site-packages/airflow/example_dags/tutorial_taskflow_api.py
[2025-10-31T19:29:20.168+0530] {logging_mixin.py:188} INFO - [2025-10-31T19:29:20.167+0530] {dag.py:3089} INFO - Sync 1 DAGs
[2025-10-31T19:29:20.176+0530] {logging_mixin.py:188} INFO - [2025-10-31T19:29:20.176+0530] {dag.py:3947} INFO - Setting next_dagrun for tutorial_taskflow_api to None, run_after=None
[2025-10-31T19:29:20.194+0530] {processor.py:183} INFO - Processing /home/logi/txtai/venv/lib/python3.10/site-packages/airflow/example_dags/tutorial_taskflow_api.py took 0.066 seconds
[2025-10-31T19:30:22.199+0530] {processor.py:161} INFO - Started process (PID=8213) to work on /home/logi/txtai/venv/lib/python3.10/site-packages/airflow/example_dags/tutorial_taskflow_api.py
[2025-10-31T19:30:22.212+0530] {processor.py:830} INFO - Processing file /home/logi/txtai/venv/lib/python3.10/site-packages/airflow/example_dags/tutorial_taskflow_api.py for tasks to queue
[2025-10-31T19:30:22.216+0530] {logging_mixin.py:188} INFO - [2025-10-31T19:30:22.215+0530] {dagbag.py:545} INFO - Filling up the DagBag from /home/logi/txtai/venv/lib/python3.10/site-packages/airflow/example_dags/tutorial_taskflow_api.py
[2025-10-31T19:30:22.227+0530] {processor.py:840} INFO - DAG(s) 'tutorial_taskflow_api' retrieved from /home/logi/txtai/venv/lib/python3.10/site-packages/airflow/example_dags/tutorial_taskflow_api.py
[2025-10-31T19:30:22.254+0530] {logging_mixin.py:188} INFO - [2025-10-31T19:30:22.253+0530] {dag.py:3089} INFO - Sync 1 DAGs
[2025-10-31T19:30:22.267+0530] {logging_mixin.py:188} INFO - [2025-10-31T19:30:22.267+0530] {dag.py:3947} INFO - Setting next_dagrun for tutorial_taskflow_api to None, run_after=None
[2025-10-31T19:30:22.286+0530] {processor.py:183} INFO - Processing /home/logi/txtai/venv/lib/python3.10/site-packages/airflow/example_dags/tutorial_taskflow_api.py took 0.099 seconds
[2025-10-31T19:31:18.014+0530] {processor.py:161} INFO - Started process (PID=8311) to work on /home/logi/txtai/venv/lib/python3.10/site-packages/airflow/example_dags/tutorial_taskflow_api.py
[2025-10-31T19:31:18.027+0530] {processor.py:830} INFO - Processing file /home/logi/txtai/venv/lib/python3.10/site-packages/airflow/example_dags/tutorial_taskflow_api.py for tasks to queue
[2025-10-31T19:31:18.029+0530] {logging_mixin.py:188} INFO - [2025-10-31T19:31:18.029+0530] {dagbag.py:545} INFO - Filling up the DagBag from /home/logi/txtai/venv/lib/python3.10/site-packages/airflow/example_dags/tutorial_taskflow_api.py
[2025-10-31T19:31:18.035+0530] {processor.py:840} INFO - DAG(s) 'tutorial_taskflow_api' retrieved from /home/logi/txtai/venv/lib/python3.10/site-packages/airflow/example_dags/tutorial_taskflow_api.py
[2025-10-31T19:31:18.049+0530] {logging_mixin.py:188} INFO - [2025-10-31T19:31:18.048+0530] {dag.py:3089} INFO - Sync 1 DAGs
[2025-10-31T19:31:18.058+0530] {logging_mixin.py:188} INFO - [2025-10-31T19:31:18.058+0530] {dag.py:3947} INFO - Setting next_dagrun for tutorial_taskflow_api to None, run_after=None
[2025-10-31T19:31:18.075+0530] {processor.py:183} INFO - Processing /home/logi/txtai/venv/lib/python3.10/site-packages/airflow/example_dags/tutorial_taskflow_api.py took 0.066 seconds
[2025-10-31T19:32:13.341+0530] {processor.py:161} INFO - Started process (PID=8517) to work on /home/logi/txtai/venv/lib/python3.10/site-packages/airflow/example_dags/tutorial_taskflow_api.py
[2025-10-31T19:32:13.355+0530] {processor.py:830} INFO - Processing file /home/logi/txtai/venv/lib/python3.10/site-packages/airflow/example_dags/tutorial_taskflow_api.py for tasks to queue
[2025-10-31T19:32:13.358+0530] {logging_mixin.py:188} INFO - [2025-10-31T19:32:13.358+0530] {dagbag.py:545} INFO - Filling up the DagBag from /home/logi/txtai/venv/lib/python3.10/site-packages/airflow/example_dags/tutorial_taskflow_api.py
[2025-10-31T19:32:13.370+0530] {processor.py:840} INFO - DAG(s) 'tutorial_taskflow_api' retrieved from /home/logi/txtai/venv/lib/python3.10/site-packages/airflow/example_dags/tutorial_taskflow_api.py
[2025-10-31T19:32:13.396+0530] {logging_mixin.py:188} INFO - [2025-10-31T19:32:13.395+0530] {dag.py:3089} INFO - Sync 1 DAGs
[2025-10-31T19:32:13.412+0530] {logging_mixin.py:188} INFO - [2025-10-31T19:32:13.411+0530] {dag.py:3947} INFO - Setting next_dagrun for tutorial_taskflow_api to None, run_after=None
[2025-10-31T19:32:13.434+0530] {processor.py:183} INFO - Processing /home/logi/txtai/venv/lib/python3.10/site-packages/airflow/example_dags/tutorial_taskflow_api.py took 0.104 seconds
[2025-10-31T19:33:08.858+0530] {processor.py:161} INFO - Started process (PID=8610) to work on /home/logi/txtai/venv/lib/python3.10/site-packages/airflow/example_dags/tutorial_taskflow_api.py
[2025-10-31T19:33:08.870+0530] {processor.py:830} INFO - Processing file /home/logi/txtai/venv/lib/python3.10/site-packages/airflow/example_dags/tutorial_taskflow_api.py for tasks to queue
[2025-10-31T19:33:08.873+0530] {logging_mixin.py:188} INFO - [2025-10-31T19:33:08.873+0530] {dagbag.py:545} INFO - Filling up the DagBag from /home/logi/txtai/venv/lib/python3.10/site-packages/airflow/example_dags/tutorial_taskflow_api.py
[2025-10-31T19:33:08.880+0530] {processor.py:840} INFO - DAG(s) 'tutorial_taskflow_api' retrieved from /home/logi/txtai/venv/lib/python3.10/site-packages/airflow/example_dags/tutorial_taskflow_api.py
[2025-10-31T19:33:08.893+0530] {logging_mixin.py:188} INFO - [2025-10-31T19:33:08.893+0530] {dag.py:3089} INFO - Sync 1 DAGs
[2025-10-31T19:33:08.901+0530] {logging_mixin.py:188} INFO - [2025-10-31T19:33:08.901+0530] {dag.py:3947} INFO - Setting next_dagrun for tutorial_taskflow_api to None, run_after=None
[2025-10-31T19:33:08.920+0530] {processor.py:183} INFO - Processing /home/logi/txtai/venv/lib/python3.10/site-packages/airflow/example_dags/tutorial_taskflow_api.py took 0.068 seconds
[2025-10-31T19:33:58.282+0530] {processor.py:161} INFO - Started process (PID=8686) to work on /home/logi/txtai/venv/lib/python3.10/site-packages/airflow/example_dags/tutorial_taskflow_api.py
[2025-10-31T19:33:58.284+0530] {processor.py:830} INFO - Processing file /home/logi/txtai/venv/lib/python3.10/site-packages/airflow/example_dags/tutorial_taskflow_api.py for tasks to queue
[2025-10-31T19:33:58.288+0530] {logging_mixin.py:188} INFO - [2025-10-31T19:33:58.287+0530] {dagbag.py:545} INFO - Filling up the DagBag from /home/logi/txtai/venv/lib/python3.10/site-packages/airflow/example_dags/tutorial_taskflow_api.py
[2025-10-31T19:33:58.298+0530] {processor.py:840} INFO - DAG(s) 'tutorial_taskflow_api' retrieved from /home/logi/txtai/venv/lib/python3.10/site-packages/airflow/example_dags/tutorial_taskflow_api.py
[2025-10-31T19:33:58.321+0530] {logging_mixin.py:188} INFO - [2025-10-31T19:33:58.321+0530] {dag.py:3089} INFO - Sync 1 DAGs
[2025-10-31T19:33:58.330+0530] {logging_mixin.py:188} INFO - [2025-10-31T19:33:58.330+0530] {dag.py:3947} INFO - Setting next_dagrun for tutorial_taskflow_api to None, run_after=None
[2025-10-31T19:33:58.349+0530] {processor.py:183} INFO - Processing /home/logi/txtai/venv/lib/python3.10/site-packages/airflow/example_dags/tutorial_taskflow_api.py took 0.077 seconds
[2025-10-31T19:34:58.129+0530] {processor.py:161} INFO - Started process (PID=8889) to work on /home/logi/txtai/venv/lib/python3.10/site-packages/airflow/example_dags/tutorial_taskflow_api.py
[2025-10-31T19:34:58.131+0530] {processor.py:830} INFO - Processing file /home/logi/txtai/venv/lib/python3.10/site-packages/airflow/example_dags/tutorial_taskflow_api.py for tasks to queue
[2025-10-31T19:34:58.134+0530] {logging_mixin.py:188} INFO - [2025-10-31T19:34:58.133+0530] {dagbag.py:545} INFO - Filling up the DagBag from /home/logi/txtai/venv/lib/python3.10/site-packages/airflow/example_dags/tutorial_taskflow_api.py
[2025-10-31T19:34:58.145+0530] {processor.py:840} INFO - DAG(s) 'tutorial_taskflow_api' retrieved from /home/logi/txtai/venv/lib/python3.10/site-packages/airflow/example_dags/tutorial_taskflow_api.py
[2025-10-31T19:34:58.160+0530] {logging_mixin.py:188} INFO - [2025-10-31T19:34:58.160+0530] {dag.py:3089} INFO - Sync 1 DAGs
[2025-10-31T19:34:58.171+0530] {logging_mixin.py:188} INFO - [2025-10-31T19:34:58.170+0530] {dag.py:3947} INFO - Setting next_dagrun for tutorial_taskflow_api to None, run_after=None
[2025-10-31T19:34:58.189+0530] {processor.py:183} INFO - Processing /home/logi/txtai/venv/lib/python3.10/site-packages/airflow/example_dags/tutorial_taskflow_api.py took 0.070 seconds
[2025-10-31T19:35:45.976+0530] {processor.py:161} INFO - Started process (PID=8990) to work on /home/logi/txtai/venv/lib/python3.10/site-packages/airflow/example_dags/tutorial_taskflow_api.py
[2025-10-31T19:35:45.989+0530] {processor.py:830} INFO - Processing file /home/logi/txtai/venv/lib/python3.10/site-packages/airflow/example_dags/tutorial_taskflow_api.py for tasks to queue
[2025-10-31T19:35:45.991+0530] {logging_mixin.py:188} INFO - [2025-10-31T19:35:45.990+0530] {dagbag.py:545} INFO - Filling up the DagBag from /home/logi/txtai/venv/lib/python3.10/site-packages/airflow/example_dags/tutorial_taskflow_api.py
[2025-10-31T19:35:45.996+0530] {processor.py:840} INFO - DAG(s) 'tutorial_taskflow_api' retrieved from /home/logi/txtai/venv/lib/python3.10/site-packages/airflow/example_dags/tutorial_taskflow_api.py
[2025-10-31T19:35:46.011+0530] {logging_mixin.py:188} INFO - [2025-10-31T19:35:46.011+0530] {dag.py:3089} INFO - Sync 1 DAGs
[2025-10-31T19:35:46.021+0530] {logging_mixin.py:188} INFO - [2025-10-31T19:35:46.021+0530] {dag.py:3947} INFO - Setting next_dagrun for tutorial_taskflow_api to None, run_after=None
[2025-10-31T19:35:46.039+0530] {processor.py:183} INFO - Processing /home/logi/txtai/venv/lib/python3.10/site-packages/airflow/example_dags/tutorial_taskflow_api.py took 0.069 seconds
[2025-10-31T19:36:43.438+0530] {processor.py:161} INFO - Started process (PID=9196) to work on /home/logi/txtai/venv/lib/python3.10/site-packages/airflow/example_dags/tutorial_taskflow_api.py
[2025-10-31T19:36:43.452+0530] {processor.py:830} INFO - Processing file /home/logi/txtai/venv/lib/python3.10/site-packages/airflow/example_dags/tutorial_taskflow_api.py for tasks to queue
[2025-10-31T19:36:43.455+0530] {logging_mixin.py:188} INFO - [2025-10-31T19:36:43.454+0530] {dagbag.py:545} INFO - Filling up the DagBag from /home/logi/txtai/venv/lib/python3.10/site-packages/airflow/example_dags/tutorial_taskflow_api.py
[2025-10-31T19:36:43.467+0530] {processor.py:840} INFO - DAG(s) 'tutorial_taskflow_api' retrieved from /home/logi/txtai/venv/lib/python3.10/site-packages/airflow/example_dags/tutorial_taskflow_api.py
[2025-10-31T19:36:43.494+0530] {logging_mixin.py:188} INFO - [2025-10-31T19:36:43.494+0530] {dag.py:3089} INFO - Sync 1 DAGs
[2025-10-31T19:36:43.508+0530] {logging_mixin.py:188} INFO - [2025-10-31T19:36:43.508+0530] {dag.py:3947} INFO - Setting next_dagrun for tutorial_taskflow_api to None, run_after=None
[2025-10-31T19:36:43.528+0530] {processor.py:183} INFO - Processing /home/logi/txtai/venv/lib/python3.10/site-packages/airflow/example_dags/tutorial_taskflow_api.py took 0.101 seconds
[2025-10-31T19:37:31.107+0530] {processor.py:161} INFO - Started process (PID=9266) to work on /home/logi/txtai/venv/lib/python3.10/site-packages/airflow/example_dags/tutorial_taskflow_api.py
[2025-10-31T19:37:31.120+0530] {processor.py:830} INFO - Processing file /home/logi/txtai/venv/lib/python3.10/site-packages/airflow/example_dags/tutorial_taskflow_api.py for tasks to queue
[2025-10-31T19:37:31.123+0530] {logging_mixin.py:188} INFO - [2025-10-31T19:37:31.122+0530] {dagbag.py:545} INFO - Filling up the DagBag from /home/logi/txtai/venv/lib/python3.10/site-packages/airflow/example_dags/tutorial_taskflow_api.py
[2025-10-31T19:37:31.134+0530] {processor.py:840} INFO - DAG(s) 'tutorial_taskflow_api' retrieved from /home/logi/txtai/venv/lib/python3.10/site-packages/airflow/example_dags/tutorial_taskflow_api.py
[2025-10-31T19:37:31.159+0530] {logging_mixin.py:188} INFO - [2025-10-31T19:37:31.159+0530] {dag.py:3089} INFO - Sync 1 DAGs
[2025-10-31T19:37:31.174+0530] {logging_mixin.py:188} INFO - [2025-10-31T19:37:31.174+0530] {dag.py:3947} INFO - Setting next_dagrun for tutorial_taskflow_api to None, run_after=None
[2025-10-31T19:37:31.193+0530] {processor.py:183} INFO - Processing /home/logi/txtai/venv/lib/python3.10/site-packages/airflow/example_dags/tutorial_taskflow_api.py took 0.097 seconds
[2025-10-31T19:38:27.500+0530] {processor.py:161} INFO - Started process (PID=9503) to work on /home/logi/txtai/venv/lib/python3.10/site-packages/airflow/example_dags/tutorial_taskflow_api.py
[2025-10-31T19:38:27.513+0530] {processor.py:830} INFO - Processing file /home/logi/txtai/venv/lib/python3.10/site-packages/airflow/example_dags/tutorial_taskflow_api.py for tasks to queue
[2025-10-31T19:38:27.516+0530] {logging_mixin.py:188} INFO - [2025-10-31T19:38:27.516+0530] {dagbag.py:545} INFO - Filling up the DagBag from /home/logi/txtai/venv/lib/python3.10/site-packages/airflow/example_dags/tutorial_taskflow_api.py
[2025-10-31T19:38:27.529+0530] {processor.py:840} INFO - DAG(s) 'tutorial_taskflow_api' retrieved from /home/logi/txtai/venv/lib/python3.10/site-packages/airflow/example_dags/tutorial_taskflow_api.py
[2025-10-31T19:38:27.556+0530] {logging_mixin.py:188} INFO - [2025-10-31T19:38:27.556+0530] {dag.py:3089} INFO - Sync 1 DAGs
[2025-10-31T19:38:27.571+0530] {logging_mixin.py:188} INFO - [2025-10-31T19:38:27.571+0530] {dag.py:3947} INFO - Setting next_dagrun for tutorial_taskflow_api to None, run_after=None
[2025-10-31T19:38:27.592+0530] {processor.py:183} INFO - Processing /home/logi/txtai/venv/lib/python3.10/site-packages/airflow/example_dags/tutorial_taskflow_api.py took 0.103 seconds
[2025-10-31T19:39:22.288+0530] {processor.py:161} INFO - Started process (PID=9627) to work on /home/logi/txtai/venv/lib/python3.10/site-packages/airflow/example_dags/tutorial_taskflow_api.py
[2025-10-31T19:39:22.302+0530] {processor.py:830} INFO - Processing file /home/logi/txtai/venv/lib/python3.10/site-packages/airflow/example_dags/tutorial_taskflow_api.py for tasks to queue
[2025-10-31T19:39:22.305+0530] {logging_mixin.py:188} INFO - [2025-10-31T19:39:22.305+0530] {dagbag.py:545} INFO - Filling up the DagBag from /home/logi/txtai/venv/lib/python3.10/site-packages/airflow/example_dags/tutorial_taskflow_api.py
[2025-10-31T19:39:22.318+0530] {processor.py:840} INFO - DAG(s) 'tutorial_taskflow_api' retrieved from /home/logi/txtai/venv/lib/python3.10/site-packages/airflow/example_dags/tutorial_taskflow_api.py
[2025-10-31T19:39:22.345+0530] {logging_mixin.py:188} INFO - [2025-10-31T19:39:22.344+0530] {dag.py:3089} INFO - Sync 1 DAGs
[2025-10-31T19:39:22.359+0530] {logging_mixin.py:188} INFO - [2025-10-31T19:39:22.358+0530] {dag.py:3947} INFO - Setting next_dagrun for tutorial_taskflow_api to None, run_after=None
[2025-10-31T19:39:22.381+0530] {processor.py:183} INFO - Processing /home/logi/txtai/venv/lib/python3.10/site-packages/airflow/example_dags/tutorial_taskflow_api.py took 0.104 seconds
[2025-10-31T19:40:17.881+0530] {processor.py:161} INFO - Started process (PID=9832) to work on /home/logi/txtai/venv/lib/python3.10/site-packages/airflow/example_dags/tutorial_taskflow_api.py
[2025-10-31T19:40:17.894+0530] {processor.py:830} INFO - Processing file /home/logi/txtai/venv/lib/python3.10/site-packages/airflow/example_dags/tutorial_taskflow_api.py for tasks to queue
[2025-10-31T19:40:17.897+0530] {logging_mixin.py:188} INFO - [2025-10-31T19:40:17.896+0530] {dagbag.py:545} INFO - Filling up the DagBag from /home/logi/txtai/venv/lib/python3.10/site-packages/airflow/example_dags/tutorial_taskflow_api.py
[2025-10-31T19:40:17.907+0530] {processor.py:840} INFO - DAG(s) 'tutorial_taskflow_api' retrieved from /home/logi/txtai/venv/lib/python3.10/site-packages/airflow/example_dags/tutorial_taskflow_api.py
[2025-10-31T19:40:17.931+0530] {logging_mixin.py:188} INFO - [2025-10-31T19:40:17.931+0530] {dag.py:3089} INFO - Sync 1 DAGs
[2025-10-31T19:40:17.948+0530] {logging_mixin.py:188} INFO - [2025-10-31T19:40:17.947+0530] {dag.py:3947} INFO - Setting next_dagrun for tutorial_taskflow_api to None, run_after=None
[2025-10-31T19:40:17.971+0530] {processor.py:183} INFO - Processing /home/logi/txtai/venv/lib/python3.10/site-packages/airflow/example_dags/tutorial_taskflow_api.py took 0.101 seconds
[2025-10-31T19:40:54.823+0530] {processor.py:161} INFO - Started process (PID=9950) to work on /home/logi/txtai/venv/lib/python3.10/site-packages/airflow/example_dags/tutorial_taskflow_api.py
[2025-10-31T19:40:54.837+0530] {processor.py:830} INFO - Processing file /home/logi/txtai/venv/lib/python3.10/site-packages/airflow/example_dags/tutorial_taskflow_api.py for tasks to queue
[2025-10-31T19:40:54.840+0530] {logging_mixin.py:188} INFO - [2025-10-31T19:40:54.839+0530] {dagbag.py:545} INFO - Filling up the DagBag from /home/logi/txtai/venv/lib/python3.10/site-packages/airflow/example_dags/tutorial_taskflow_api.py
[2025-10-31T19:40:54.852+0530] {processor.py:840} INFO - DAG(s) 'tutorial_taskflow_api' retrieved from /home/logi/txtai/venv/lib/python3.10/site-packages/airflow/example_dags/tutorial_taskflow_api.py
[2025-10-31T19:40:54.880+0530] {logging_mixin.py:188} INFO - [2025-10-31T19:40:54.879+0530] {dag.py:3089} INFO - Sync 1 DAGs
[2025-10-31T19:40:54.894+0530] {logging_mixin.py:188} INFO - [2025-10-31T19:40:54.893+0530] {dag.py:3947} INFO - Setting next_dagrun for tutorial_taskflow_api to None, run_after=None
[2025-10-31T19:40:54.923+0530] {processor.py:183} INFO - Processing /home/logi/txtai/venv/lib/python3.10/site-packages/airflow/example_dags/tutorial_taskflow_api.py took 0.113 seconds
[2025-10-31T19:41:43.553+0530] {processor.py:161} INFO - Started process (PID=10084) to work on /home/logi/txtai/venv/lib/python3.10/site-packages/airflow/example_dags/tutorial_taskflow_api.py
[2025-10-31T19:41:43.555+0530] {processor.py:830} INFO - Processing file /home/logi/txtai/venv/lib/python3.10/site-packages/airflow/example_dags/tutorial_taskflow_api.py for tasks to queue
[2025-10-31T19:41:43.558+0530] {logging_mixin.py:188} INFO - [2025-10-31T19:41:43.557+0530] {dagbag.py:545} INFO - Filling up the DagBag from /home/logi/txtai/venv/lib/python3.10/site-packages/airflow/example_dags/tutorial_taskflow_api.py
[2025-10-31T19:41:43.569+0530] {processor.py:840} INFO - DAG(s) 'tutorial_taskflow_api' retrieved from /home/logi/txtai/venv/lib/python3.10/site-packages/airflow/example_dags/tutorial_taskflow_api.py
[2025-10-31T19:41:43.591+0530] {logging_mixin.py:188} INFO - [2025-10-31T19:41:43.591+0530] {dag.py:3089} INFO - Sync 1 DAGs
[2025-10-31T19:41:43.600+0530] {logging_mixin.py:188} INFO - [2025-10-31T19:41:43.600+0530] {dag.py:3947} INFO - Setting next_dagrun for tutorial_taskflow_api to None, run_after=None
[2025-10-31T19:41:43.617+0530] {processor.py:183} INFO - Processing /home/logi/txtai/venv/lib/python3.10/site-packages/airflow/example_dags/tutorial_taskflow_api.py took 0.075 seconds
[2025-10-31T19:42:47.415+0530] {processor.py:161} INFO - Started process (PID=10289) to work on /home/logi/txtai/venv/lib/python3.10/site-packages/airflow/example_dags/tutorial_taskflow_api.py
[2025-10-31T19:42:47.417+0530] {processor.py:830} INFO - Processing file /home/logi/txtai/venv/lib/python3.10/site-packages/airflow/example_dags/tutorial_taskflow_api.py for tasks to queue
[2025-10-31T19:42:47.420+0530] {logging_mixin.py:188} INFO - [2025-10-31T19:42:47.419+0530] {dagbag.py:545} INFO - Filling up the DagBag from /home/logi/txtai/venv/lib/python3.10/site-packages/airflow/example_dags/tutorial_taskflow_api.py
[2025-10-31T19:42:47.431+0530] {processor.py:840} INFO - DAG(s) 'tutorial_taskflow_api' retrieved from /home/logi/txtai/venv/lib/python3.10/site-packages/airflow/example_dags/tutorial_taskflow_api.py
[2025-10-31T19:42:47.456+0530] {logging_mixin.py:188} INFO - [2025-10-31T19:42:47.456+0530] {dag.py:3089} INFO - Sync 1 DAGs
[2025-10-31T19:42:47.466+0530] {logging_mixin.py:188} INFO - [2025-10-31T19:42:47.466+0530] {dag.py:3947} INFO - Setting next_dagrun for tutorial_taskflow_api to None, run_after=None
[2025-10-31T19:42:47.487+0530] {processor.py:183} INFO - Processing /home/logi/txtai/venv/lib/python3.10/site-packages/airflow/example_dags/tutorial_taskflow_api.py took 0.083 seconds
[2025-10-31T19:43:41.860+0530] {processor.py:161} INFO - Started process (PID=10364) to work on /home/logi/txtai/venv/lib/python3.10/site-packages/airflow/example_dags/tutorial_taskflow_api.py
[2025-10-31T19:43:41.862+0530] {processor.py:830} INFO - Processing file /home/logi/txtai/venv/lib/python3.10/site-packages/airflow/example_dags/tutorial_taskflow_api.py for tasks to queue
[2025-10-31T19:43:41.865+0530] {logging_mixin.py:188} INFO - [2025-10-31T19:43:41.864+0530] {dagbag.py:545} INFO - Filling up the DagBag from /home/logi/txtai/venv/lib/python3.10/site-packages/airflow/example_dags/tutorial_taskflow_api.py
[2025-10-31T19:43:41.876+0530] {processor.py:840} INFO - DAG(s) 'tutorial_taskflow_api' retrieved from /home/logi/txtai/venv/lib/python3.10/site-packages/airflow/example_dags/tutorial_taskflow_api.py
[2025-10-31T19:43:41.892+0530] {logging_mixin.py:188} INFO - [2025-10-31T19:43:41.891+0530] {dag.py:3089} INFO - Sync 1 DAGs
[2025-10-31T19:43:41.902+0530] {logging_mixin.py:188} INFO - [2025-10-31T19:43:41.901+0530] {dag.py:3947} INFO - Setting next_dagrun for tutorial_taskflow_api to None, run_after=None
[2025-10-31T19:43:41.925+0530] {processor.py:183} INFO - Processing /home/logi/txtai/venv/lib/python3.10/site-packages/airflow/example_dags/tutorial_taskflow_api.py took 0.076 seconds
[2025-10-31T19:44:38.173+0530] {processor.py:161} INFO - Started process (PID=10599) to work on /home/logi/txtai/venv/lib/python3.10/site-packages/airflow/example_dags/tutorial_taskflow_api.py
[2025-10-31T19:44:38.177+0530] {processor.py:830} INFO - Processing file /home/logi/txtai/venv/lib/python3.10/site-packages/airflow/example_dags/tutorial_taskflow_api.py for tasks to queue
[2025-10-31T19:44:38.180+0530] {logging_mixin.py:188} INFO - [2025-10-31T19:44:38.180+0530] {dagbag.py:545} INFO - Filling up the DagBag from /home/logi/txtai/venv/lib/python3.10/site-packages/airflow/example_dags/tutorial_taskflow_api.py
[2025-10-31T19:44:38.196+0530] {processor.py:840} INFO - DAG(s) 'tutorial_taskflow_api' retrieved from /home/logi/txtai/venv/lib/python3.10/site-packages/airflow/example_dags/tutorial_taskflow_api.py
[2025-10-31T19:44:38.231+0530] {logging_mixin.py:188} INFO - [2025-10-31T19:44:38.231+0530] {dag.py:3089} INFO - Sync 1 DAGs
[2025-10-31T19:44:38.254+0530] {logging_mixin.py:188} INFO - [2025-10-31T19:44:38.254+0530] {dag.py:3947} INFO - Setting next_dagrun for tutorial_taskflow_api to None, run_after=None
[2025-10-31T19:44:38.291+0530] {processor.py:183} INFO - Processing /home/logi/txtai/venv/lib/python3.10/site-packages/airflow/example_dags/tutorial_taskflow_api.py took 0.137 seconds
[2025-10-31T19:45:37.089+0530] {processor.py:161} INFO - Started process (PID=11022) to work on /home/logi/txtai/venv/lib/python3.10/site-packages/airflow/example_dags/tutorial_taskflow_api.py
[2025-10-31T19:45:37.102+0530] {processor.py:830} INFO - Processing file /home/logi/txtai/venv/lib/python3.10/site-packages/airflow/example_dags/tutorial_taskflow_api.py for tasks to queue
[2025-10-31T19:45:37.106+0530] {logging_mixin.py:188} INFO - [2025-10-31T19:45:37.105+0530] {dagbag.py:545} INFO - Filling up the DagBag from /home/logi/txtai/venv/lib/python3.10/site-packages/airflow/example_dags/tutorial_taskflow_api.py
[2025-10-31T19:45:37.118+0530] {processor.py:840} INFO - DAG(s) 'tutorial_taskflow_api' retrieved from /home/logi/txtai/venv/lib/python3.10/site-packages/airflow/example_dags/tutorial_taskflow_api.py
[2025-10-31T19:45:37.145+0530] {logging_mixin.py:188} INFO - [2025-10-31T19:45:37.144+0530] {dag.py:3089} INFO - Sync 1 DAGs
[2025-10-31T19:45:37.159+0530] {logging_mixin.py:188} INFO - [2025-10-31T19:45:37.158+0530] {dag.py:3947} INFO - Setting next_dagrun for tutorial_taskflow_api to None, run_after=None
[2025-10-31T19:45:37.185+0530] {processor.py:183} INFO - Processing /home/logi/txtai/venv/lib/python3.10/site-packages/airflow/example_dags/tutorial_taskflow_api.py took 0.107 seconds
[2025-10-31T19:46:46.833+0530] {processor.py:161} INFO - Started process (PID=11375) to work on /home/logi/txtai/venv/lib/python3.10/site-packages/airflow/example_dags/tutorial_taskflow_api.py
[2025-10-31T19:46:46.847+0530] {processor.py:830} INFO - Processing file /home/logi/txtai/venv/lib/python3.10/site-packages/airflow/example_dags/tutorial_taskflow_api.py for tasks to queue
[2025-10-31T19:46:46.850+0530] {logging_mixin.py:188} INFO - [2025-10-31T19:46:46.849+0530] {dagbag.py:545} INFO - Filling up the DagBag from /home/logi/txtai/venv/lib/python3.10/site-packages/airflow/example_dags/tutorial_taskflow_api.py
[2025-10-31T19:46:46.863+0530] {processor.py:840} INFO - DAG(s) 'tutorial_taskflow_api' retrieved from /home/logi/txtai/venv/lib/python3.10/site-packages/airflow/example_dags/tutorial_taskflow_api.py
[2025-10-31T19:46:46.892+0530] {logging_mixin.py:188} INFO - [2025-10-31T19:46:46.892+0530] {dag.py:3089} INFO - Sync 1 DAGs
[2025-10-31T19:46:46.906+0530] {logging_mixin.py:188} INFO - [2025-10-31T19:46:46.906+0530] {dag.py:3947} INFO - Setting next_dagrun for tutorial_taskflow_api to None, run_after=None
[2025-10-31T19:46:46.937+0530] {processor.py:183} INFO - Processing /home/logi/txtai/venv/lib/python3.10/site-packages/airflow/example_dags/tutorial_taskflow_api.py took 0.116 seconds
[2025-10-31T19:47:43.578+0530] {processor.py:161} INFO - Started process (PID=11469) to work on /home/logi/txtai/venv/lib/python3.10/site-packages/airflow/example_dags/tutorial_taskflow_api.py
[2025-10-31T19:47:43.592+0530] {processor.py:830} INFO - Processing file /home/logi/txtai/venv/lib/python3.10/site-packages/airflow/example_dags/tutorial_taskflow_api.py for tasks to queue
[2025-10-31T19:47:43.595+0530] {logging_mixin.py:188} INFO - [2025-10-31T19:47:43.595+0530] {dagbag.py:545} INFO - Filling up the DagBag from /home/logi/txtai/venv/lib/python3.10/site-packages/airflow/example_dags/tutorial_taskflow_api.py
[2025-10-31T19:47:43.607+0530] {processor.py:840} INFO - DAG(s) 'tutorial_taskflow_api' retrieved from /home/logi/txtai/venv/lib/python3.10/site-packages/airflow/example_dags/tutorial_taskflow_api.py
[2025-10-31T19:47:43.635+0530] {logging_mixin.py:188} INFO - [2025-10-31T19:47:43.635+0530] {dag.py:3089} INFO - Sync 1 DAGs
[2025-10-31T19:47:43.649+0530] {logging_mixin.py:188} INFO - [2025-10-31T19:47:43.649+0530] {dag.py:3947} INFO - Setting next_dagrun for tutorial_taskflow_api to None, run_after=None
[2025-10-31T19:47:43.679+0530] {processor.py:183} INFO - Processing /home/logi/txtai/venv/lib/python3.10/site-packages/airflow/example_dags/tutorial_taskflow_api.py took 0.113 seconds
[2025-10-31T19:48:48.537+0530] {processor.py:161} INFO - Started process (PID=11706) to work on /home/logi/txtai/venv/lib/python3.10/site-packages/airflow/example_dags/tutorial_taskflow_api.py
[2025-10-31T19:48:48.539+0530] {processor.py:830} INFO - Processing file /home/logi/txtai/venv/lib/python3.10/site-packages/airflow/example_dags/tutorial_taskflow_api.py for tasks to queue
[2025-10-31T19:48:48.542+0530] {logging_mixin.py:188} INFO - [2025-10-31T19:48:48.542+0530] {dagbag.py:545} INFO - Filling up the DagBag from /home/logi/txtai/venv/lib/python3.10/site-packages/airflow/example_dags/tutorial_taskflow_api.py
[2025-10-31T19:48:48.554+0530] {processor.py:840} INFO - DAG(s) 'tutorial_taskflow_api' retrieved from /home/logi/txtai/venv/lib/python3.10/site-packages/airflow/example_dags/tutorial_taskflow_api.py
[2025-10-31T19:48:48.576+0530] {logging_mixin.py:188} INFO - [2025-10-31T19:48:48.576+0530] {dag.py:3089} INFO - Sync 1 DAGs
[2025-10-31T19:48:48.587+0530] {logging_mixin.py:188} INFO - [2025-10-31T19:48:48.587+0530] {dag.py:3947} INFO - Setting next_dagrun for tutorial_taskflow_api to None, run_after=None
[2025-10-31T19:48:48.607+0530] {processor.py:183} INFO - Processing /home/logi/txtai/venv/lib/python3.10/site-packages/airflow/example_dags/tutorial_taskflow_api.py took 0.082 seconds
[2025-10-31T19:49:41.988+0530] {processor.py:161} INFO - Started process (PID=11785) to work on /home/logi/txtai/venv/lib/python3.10/site-packages/airflow/example_dags/tutorial_taskflow_api.py
[2025-10-31T19:49:42.002+0530] {processor.py:830} INFO - Processing file /home/logi/txtai/venv/lib/python3.10/site-packages/airflow/example_dags/tutorial_taskflow_api.py for tasks to queue
[2025-10-31T19:49:42.005+0530] {logging_mixin.py:188} INFO - [2025-10-31T19:49:42.004+0530] {dagbag.py:545} INFO - Filling up the DagBag from /home/logi/txtai/venv/lib/python3.10/site-packages/airflow/example_dags/tutorial_taskflow_api.py
[2025-10-31T19:49:42.017+0530] {processor.py:840} INFO - DAG(s) 'tutorial_taskflow_api' retrieved from /home/logi/txtai/venv/lib/python3.10/site-packages/airflow/example_dags/tutorial_taskflow_api.py
[2025-10-31T19:49:42.044+0530] {logging_mixin.py:188} INFO - [2025-10-31T19:49:42.044+0530] {dag.py:3089} INFO - Sync 1 DAGs
[2025-10-31T19:49:42.058+0530] {logging_mixin.py:188} INFO - [2025-10-31T19:49:42.057+0530] {dag.py:3947} INFO - Setting next_dagrun for tutorial_taskflow_api to None, run_after=None
[2025-10-31T19:49:42.086+0530] {processor.py:183} INFO - Processing /home/logi/txtai/venv/lib/python3.10/site-packages/airflow/example_dags/tutorial_taskflow_api.py took 0.110 seconds
[2025-10-31T19:50:46.875+0530] {processor.py:161} INFO - Started process (PID=12061) to work on /home/logi/txtai/venv/lib/python3.10/site-packages/airflow/example_dags/tutorial_taskflow_api.py
[2025-10-31T19:50:46.876+0530] {processor.py:830} INFO - Processing file /home/logi/txtai/venv/lib/python3.10/site-packages/airflow/example_dags/tutorial_taskflow_api.py for tasks to queue
[2025-10-31T19:50:46.879+0530] {logging_mixin.py:188} INFO - [2025-10-31T19:50:46.878+0530] {dagbag.py:545} INFO - Filling up the DagBag from /home/logi/txtai/venv/lib/python3.10/site-packages/airflow/example_dags/tutorial_taskflow_api.py
[2025-10-31T19:50:46.890+0530] {processor.py:840} INFO - DAG(s) 'tutorial_taskflow_api' retrieved from /home/logi/txtai/venv/lib/python3.10/site-packages/airflow/example_dags/tutorial_taskflow_api.py
[2025-10-31T19:50:46.912+0530] {logging_mixin.py:188} INFO - [2025-10-31T19:50:46.911+0530] {dag.py:3089} INFO - Sync 1 DAGs
[2025-10-31T19:50:46.920+0530] {logging_mixin.py:188} INFO - [2025-10-31T19:50:46.920+0530] {dag.py:3947} INFO - Setting next_dagrun for tutorial_taskflow_api to None, run_after=None
[2025-10-31T19:50:46.939+0530] {processor.py:183} INFO - Processing /home/logi/txtai/venv/lib/python3.10/site-packages/airflow/example_dags/tutorial_taskflow_api.py took 0.075 seconds
[2025-10-31T19:51:39.716+0530] {processor.py:161} INFO - Started process (PID=12192) to work on /home/logi/txtai/venv/lib/python3.10/site-packages/airflow/example_dags/tutorial_taskflow_api.py
[2025-10-31T19:51:39.729+0530] {processor.py:830} INFO - Processing file /home/logi/txtai/venv/lib/python3.10/site-packages/airflow/example_dags/tutorial_taskflow_api.py for tasks to queue
[2025-10-31T19:51:39.732+0530] {logging_mixin.py:188} INFO - [2025-10-31T19:51:39.732+0530] {dagbag.py:545} INFO - Filling up the DagBag from /home/logi/txtai/venv/lib/python3.10/site-packages/airflow/example_dags/tutorial_taskflow_api.py
[2025-10-31T19:51:39.744+0530] {processor.py:840} INFO - DAG(s) 'tutorial_taskflow_api' retrieved from /home/logi/txtai/venv/lib/python3.10/site-packages/airflow/example_dags/tutorial_taskflow_api.py
[2025-10-31T19:51:39.770+0530] {logging_mixin.py:188} INFO - [2025-10-31T19:51:39.770+0530] {dag.py:3089} INFO - Sync 1 DAGs
[2025-10-31T19:51:39.785+0530] {logging_mixin.py:188} INFO - [2025-10-31T19:51:39.785+0530] {dag.py:3947} INFO - Setting next_dagrun for tutorial_taskflow_api to None, run_after=None
[2025-10-31T19:51:39.812+0530] {processor.py:183} INFO - Processing /home/logi/txtai/venv/lib/python3.10/site-packages/airflow/example_dags/tutorial_taskflow_api.py took 0.108 seconds
[2025-10-31T19:52:42.059+0530] {processor.py:161} INFO - Started process (PID=12420) to work on /home/logi/txtai/venv/lib/python3.10/site-packages/airflow/example_dags/tutorial_taskflow_api.py
[2025-10-31T19:52:42.072+0530] {processor.py:830} INFO - Processing file /home/logi/txtai/venv/lib/python3.10/site-packages/airflow/example_dags/tutorial_taskflow_api.py for tasks to queue
[2025-10-31T19:52:42.076+0530] {logging_mixin.py:188} INFO - [2025-10-31T19:52:42.075+0530] {dagbag.py:545} INFO - Filling up the DagBag from /home/logi/txtai/venv/lib/python3.10/site-packages/airflow/example_dags/tutorial_taskflow_api.py
[2025-10-31T19:52:42.087+0530] {processor.py:840} INFO - DAG(s) 'tutorial_taskflow_api' retrieved from /home/logi/txtai/venv/lib/python3.10/site-packages/airflow/example_dags/tutorial_taskflow_api.py
[2025-10-31T19:52:42.113+0530] {logging_mixin.py:188} INFO - [2025-10-31T19:52:42.113+0530] {dag.py:3089} INFO - Sync 1 DAGs
[2025-10-31T19:52:42.128+0530] {logging_mixin.py:188} INFO - [2025-10-31T19:52:42.128+0530] {dag.py:3947} INFO - Setting next_dagrun for tutorial_taskflow_api to None, run_after=None
[2025-10-31T19:52:42.157+0530] {processor.py:183} INFO - Processing /home/logi/txtai/venv/lib/python3.10/site-packages/airflow/example_dags/tutorial_taskflow_api.py took 0.109 seconds
[2025-10-31T19:53:41.116+0530] {processor.py:161} INFO - Started process (PID=12497) to work on /home/logi/txtai/venv/lib/python3.10/site-packages/airflow/example_dags/tutorial_taskflow_api.py
[2025-10-31T19:53:41.130+0530] {processor.py:830} INFO - Processing file /home/logi/txtai/venv/lib/python3.10/site-packages/airflow/example_dags/tutorial_taskflow_api.py for tasks to queue
[2025-10-31T19:53:41.133+0530] {logging_mixin.py:188} INFO - [2025-10-31T19:53:41.132+0530] {dagbag.py:545} INFO - Filling up the DagBag from /home/logi/txtai/venv/lib/python3.10/site-packages/airflow/example_dags/tutorial_taskflow_api.py
[2025-10-31T19:53:41.144+0530] {processor.py:840} INFO - DAG(s) 'tutorial_taskflow_api' retrieved from /home/logi/txtai/venv/lib/python3.10/site-packages/airflow/example_dags/tutorial_taskflow_api.py
[2025-10-31T19:53:41.172+0530] {logging_mixin.py:188} INFO - [2025-10-31T19:53:41.171+0530] {dag.py:3089} INFO - Sync 1 DAGs
[2025-10-31T19:53:41.186+0530] {logging_mixin.py:188} INFO - [2025-10-31T19:53:41.186+0530] {dag.py:3947} INFO - Setting next_dagrun for tutorial_taskflow_api to None, run_after=None
[2025-10-31T19:53:41.214+0530] {processor.py:183} INFO - Processing /home/logi/txtai/venv/lib/python3.10/site-packages/airflow/example_dags/tutorial_taskflow_api.py took 0.110 seconds
[2025-10-31T19:54:22.621+0530] {processor.py:161} INFO - Started process (PID=12703) to work on /home/logi/txtai/venv/lib/python3.10/site-packages/airflow/example_dags/tutorial_taskflow_api.py
[2025-10-31T19:54:22.635+0530] {processor.py:830} INFO - Processing file /home/logi/txtai/venv/lib/python3.10/site-packages/airflow/example_dags/tutorial_taskflow_api.py for tasks to queue
[2025-10-31T19:54:22.637+0530] {logging_mixin.py:188} INFO - [2025-10-31T19:54:22.637+0530] {dagbag.py:545} INFO - Filling up the DagBag from /home/logi/txtai/venv/lib/python3.10/site-packages/airflow/example_dags/tutorial_taskflow_api.py
[2025-10-31T19:54:22.649+0530] {processor.py:840} INFO - DAG(s) 'tutorial_taskflow_api' retrieved from /home/logi/txtai/venv/lib/python3.10/site-packages/airflow/example_dags/tutorial_taskflow_api.py
[2025-10-31T19:54:22.676+0530] {logging_mixin.py:188} INFO - [2025-10-31T19:54:22.675+0530] {dag.py:3089} INFO - Sync 1 DAGs
[2025-10-31T19:54:22.690+0530] {logging_mixin.py:188} INFO - [2025-10-31T19:54:22.690+0530] {dag.py:3947} INFO - Setting next_dagrun for tutorial_taskflow_api to None, run_after=None
[2025-10-31T19:54:22.717+0530] {processor.py:183} INFO - Processing /home/logi/txtai/venv/lib/python3.10/site-packages/airflow/example_dags/tutorial_taskflow_api.py took 0.107 seconds
[2025-10-31T19:55:22.615+0530] {processor.py:161} INFO - Started process (PID=12858) to work on /home/logi/txtai/venv/lib/python3.10/site-packages/airflow/example_dags/tutorial_taskflow_api.py
[2025-10-31T19:55:22.629+0530] {processor.py:830} INFO - Processing file /home/logi/txtai/venv/lib/python3.10/site-packages/airflow/example_dags/tutorial_taskflow_api.py for tasks to queue
[2025-10-31T19:55:22.633+0530] {logging_mixin.py:188} INFO - [2025-10-31T19:55:22.632+0530] {dagbag.py:545} INFO - Filling up the DagBag from /home/logi/txtai/venv/lib/python3.10/site-packages/airflow/example_dags/tutorial_taskflow_api.py
[2025-10-31T19:55:22.645+0530] {processor.py:840} INFO - DAG(s) 'tutorial_taskflow_api' retrieved from /home/logi/txtai/venv/lib/python3.10/site-packages/airflow/example_dags/tutorial_taskflow_api.py
[2025-10-31T19:55:22.672+0530] {logging_mixin.py:188} INFO - [2025-10-31T19:55:22.672+0530] {dag.py:3089} INFO - Sync 1 DAGs
[2025-10-31T19:55:22.686+0530] {logging_mixin.py:188} INFO - [2025-10-31T19:55:22.685+0530] {dag.py:3947} INFO - Setting next_dagrun for tutorial_taskflow_api to None, run_after=None
[2025-10-31T19:55:22.716+0530] {processor.py:183} INFO - Processing /home/logi/txtai/venv/lib/python3.10/site-packages/airflow/example_dags/tutorial_taskflow_api.py took 0.112 seconds
[2025-10-31T19:56:36.591+0530] {processor.py:161} INFO - Started process (PID=13215) to work on /home/logi/txtai/venv/lib/python3.10/site-packages/airflow/example_dags/tutorial_taskflow_api.py
[2025-10-31T19:56:36.604+0530] {processor.py:830} INFO - Processing file /home/logi/txtai/venv/lib/python3.10/site-packages/airflow/example_dags/tutorial_taskflow_api.py for tasks to queue
[2025-10-31T19:56:36.608+0530] {logging_mixin.py:188} INFO - [2025-10-31T19:56:36.608+0530] {dagbag.py:545} INFO - Filling up the DagBag from /home/logi/txtai/venv/lib/python3.10/site-packages/airflow/example_dags/tutorial_taskflow_api.py
[2025-10-31T19:56:36.620+0530] {processor.py:840} INFO - DAG(s) 'tutorial_taskflow_api' retrieved from /home/logi/txtai/venv/lib/python3.10/site-packages/airflow/example_dags/tutorial_taskflow_api.py
[2025-10-31T19:56:36.647+0530] {logging_mixin.py:188} INFO - [2025-10-31T19:56:36.646+0530] {dag.py:3089} INFO - Sync 1 DAGs
[2025-10-31T19:56:36.663+0530] {logging_mixin.py:188} INFO - [2025-10-31T19:56:36.663+0530] {dag.py:3947} INFO - Setting next_dagrun for tutorial_taskflow_api to None, run_after=None
[2025-10-31T19:56:36.691+0530] {processor.py:183} INFO - Processing /home/logi/txtai/venv/lib/python3.10/site-packages/airflow/example_dags/tutorial_taskflow_api.py took 0.114 seconds
[2025-10-31T19:57:13.057+0530] {processor.py:161} INFO - Started process (PID=13277) to work on /home/logi/txtai/venv/lib/python3.10/site-packages/airflow/example_dags/tutorial_taskflow_api.py
[2025-10-31T19:57:13.071+0530] {processor.py:830} INFO - Processing file /home/logi/txtai/venv/lib/python3.10/site-packages/airflow/example_dags/tutorial_taskflow_api.py for tasks to queue
[2025-10-31T19:57:13.074+0530] {logging_mixin.py:188} INFO - [2025-10-31T19:57:13.074+0530] {dagbag.py:545} INFO - Filling up the DagBag from /home/logi/txtai/venv/lib/python3.10/site-packages/airflow/example_dags/tutorial_taskflow_api.py
[2025-10-31T19:57:13.086+0530] {processor.py:840} INFO - DAG(s) 'tutorial_taskflow_api' retrieved from /home/logi/txtai/venv/lib/python3.10/site-packages/airflow/example_dags/tutorial_taskflow_api.py
[2025-10-31T19:57:13.117+0530] {logging_mixin.py:188} INFO - [2025-10-31T19:57:13.117+0530] {dag.py:3089} INFO - Sync 1 DAGs
[2025-10-31T19:57:13.131+0530] {logging_mixin.py:188} INFO - [2025-10-31T19:57:13.131+0530] {dag.py:3947} INFO - Setting next_dagrun for tutorial_taskflow_api to None, run_after=None
[2025-10-31T19:57:13.161+0530] {processor.py:183} INFO - Processing /home/logi/txtai/venv/lib/python3.10/site-packages/airflow/example_dags/tutorial_taskflow_api.py took 0.117 seconds
[2025-10-31T19:58:10.226+0530] {processor.py:161} INFO - Started process (PID=13663) to work on /home/logi/txtai/venv/lib/python3.10/site-packages/airflow/example_dags/tutorial_taskflow_api.py
[2025-10-31T19:58:10.228+0530] {processor.py:830} INFO - Processing file /home/logi/txtai/venv/lib/python3.10/site-packages/airflow/example_dags/tutorial_taskflow_api.py for tasks to queue
[2025-10-31T19:58:10.230+0530] {logging_mixin.py:188} INFO - [2025-10-31T19:58:10.230+0530] {dagbag.py:545} INFO - Filling up the DagBag from /home/logi/txtai/venv/lib/python3.10/site-packages/airflow/example_dags/tutorial_taskflow_api.py
[2025-10-31T19:58:10.241+0530] {processor.py:840} INFO - DAG(s) 'tutorial_taskflow_api' retrieved from /home/logi/txtai/venv/lib/python3.10/site-packages/airflow/example_dags/tutorial_taskflow_api.py
[2025-10-31T19:58:10.265+0530] {logging_mixin.py:188} INFO - [2025-10-31T19:58:10.265+0530] {dag.py:3089} INFO - Sync 1 DAGs
[2025-10-31T19:58:10.273+0530] {logging_mixin.py:188} INFO - [2025-10-31T19:58:10.273+0530] {dag.py:3947} INFO - Setting next_dagrun for tutorial_taskflow_api to None, run_after=None
[2025-10-31T19:58:10.297+0530] {processor.py:183} INFO - Processing /home/logi/txtai/venv/lib/python3.10/site-packages/airflow/example_dags/tutorial_taskflow_api.py took 0.082 seconds
[2025-10-31T19:59:10.844+0530] {processor.py:161} INFO - Started process (PID=13816) to work on /home/logi/txtai/venv/lib/python3.10/site-packages/airflow/example_dags/tutorial_taskflow_api.py
[2025-10-31T19:59:10.858+0530] {processor.py:830} INFO - Processing file /home/logi/txtai/venv/lib/python3.10/site-packages/airflow/example_dags/tutorial_taskflow_api.py for tasks to queue
[2025-10-31T19:59:10.861+0530] {logging_mixin.py:188} INFO - [2025-10-31T19:59:10.861+0530] {dagbag.py:545} INFO - Filling up the DagBag from /home/logi/txtai/venv/lib/python3.10/site-packages/airflow/example_dags/tutorial_taskflow_api.py
[2025-10-31T19:59:10.873+0530] {processor.py:840} INFO - DAG(s) 'tutorial_taskflow_api' retrieved from /home/logi/txtai/venv/lib/python3.10/site-packages/airflow/example_dags/tutorial_taskflow_api.py
[2025-10-31T19:59:10.901+0530] {logging_mixin.py:188} INFO - [2025-10-31T19:59:10.900+0530] {dag.py:3089} INFO - Sync 1 DAGs
[2025-10-31T19:59:10.915+0530] {logging_mixin.py:188} INFO - [2025-10-31T19:59:10.914+0530] {dag.py:3947} INFO - Setting next_dagrun for tutorial_taskflow_api to None, run_after=None
[2025-10-31T19:59:10.942+0530] {processor.py:183} INFO - Processing /home/logi/txtai/venv/lib/python3.10/site-packages/airflow/example_dags/tutorial_taskflow_api.py took 0.110 seconds
[2025-10-31T20:00:12.552+0530] {processor.py:161} INFO - Started process (PID=14042) to work on /home/logi/txtai/venv/lib/python3.10/site-packages/airflow/example_dags/tutorial_taskflow_api.py
[2025-10-31T20:00:12.555+0530] {processor.py:830} INFO - Processing file /home/logi/txtai/venv/lib/python3.10/site-packages/airflow/example_dags/tutorial_taskflow_api.py for tasks to queue
[2025-10-31T20:00:12.558+0530] {logging_mixin.py:188} INFO - [2025-10-31T20:00:12.557+0530] {dagbag.py:545} INFO - Filling up the DagBag from /home/logi/txtai/venv/lib/python3.10/site-packages/airflow/example_dags/tutorial_taskflow_api.py
[2025-10-31T20:00:12.569+0530] {processor.py:840} INFO - DAG(s) 'tutorial_taskflow_api' retrieved from /home/logi/txtai/venv/lib/python3.10/site-packages/airflow/example_dags/tutorial_taskflow_api.py
[2025-10-31T20:00:12.594+0530] {logging_mixin.py:188} INFO - [2025-10-31T20:00:12.594+0530] {dag.py:3089} INFO - Sync 1 DAGs
[2025-10-31T20:00:12.605+0530] {logging_mixin.py:188} INFO - [2025-10-31T20:00:12.605+0530] {dag.py:3947} INFO - Setting next_dagrun for tutorial_taskflow_api to None, run_after=None
[2025-10-31T20:00:12.626+0530] {processor.py:183} INFO - Processing /home/logi/txtai/venv/lib/python3.10/site-packages/airflow/example_dags/tutorial_taskflow_api.py took 0.087 seconds
[2025-10-31T20:01:10.503+0530] {processor.py:161} INFO - Started process (PID=14177) to work on /home/logi/txtai/venv/lib/python3.10/site-packages/airflow/example_dags/tutorial_taskflow_api.py
[2025-10-31T20:01:10.516+0530] {processor.py:830} INFO - Processing file /home/logi/txtai/venv/lib/python3.10/site-packages/airflow/example_dags/tutorial_taskflow_api.py for tasks to queue
[2025-10-31T20:01:10.519+0530] {logging_mixin.py:188} INFO - [2025-10-31T20:01:10.518+0530] {dagbag.py:545} INFO - Filling up the DagBag from /home/logi/txtai/venv/lib/python3.10/site-packages/airflow/example_dags/tutorial_taskflow_api.py
[2025-10-31T20:01:10.531+0530] {processor.py:840} INFO - DAG(s) 'tutorial_taskflow_api' retrieved from /home/logi/txtai/venv/lib/python3.10/site-packages/airflow/example_dags/tutorial_taskflow_api.py
[2025-10-31T20:01:10.558+0530] {logging_mixin.py:188} INFO - [2025-10-31T20:01:10.558+0530] {dag.py:3089} INFO - Sync 1 DAGs
[2025-10-31T20:01:10.573+0530] {logging_mixin.py:188} INFO - [2025-10-31T20:01:10.572+0530] {dag.py:3947} INFO - Setting next_dagrun for tutorial_taskflow_api to None, run_after=None
[2025-10-31T20:01:10.601+0530] {processor.py:183} INFO - Processing /home/logi/txtai/venv/lib/python3.10/site-packages/airflow/example_dags/tutorial_taskflow_api.py took 0.110 seconds
[2025-10-31T20:02:12.356+0530] {processor.py:161} INFO - Started process (PID=14419) to work on /home/logi/txtai/venv/lib/python3.10/site-packages/airflow/example_dags/tutorial_taskflow_api.py
[2025-10-31T20:02:12.357+0530] {processor.py:830} INFO - Processing file /home/logi/txtai/venv/lib/python3.10/site-packages/airflow/example_dags/tutorial_taskflow_api.py for tasks to queue
[2025-10-31T20:02:12.360+0530] {logging_mixin.py:188} INFO - [2025-10-31T20:02:12.359+0530] {dagbag.py:545} INFO - Filling up the DagBag from /home/logi/txtai/venv/lib/python3.10/site-packages/airflow/example_dags/tutorial_taskflow_api.py
[2025-10-31T20:02:12.367+0530] {processor.py:840} INFO - DAG(s) 'tutorial_taskflow_api' retrieved from /home/logi/txtai/venv/lib/python3.10/site-packages/airflow/example_dags/tutorial_taskflow_api.py
[2025-10-31T20:02:12.381+0530] {logging_mixin.py:188} INFO - [2025-10-31T20:02:12.380+0530] {dag.py:3089} INFO - Sync 1 DAGs
[2025-10-31T20:02:12.390+0530] {logging_mixin.py:188} INFO - [2025-10-31T20:02:12.390+0530] {dag.py:3947} INFO - Setting next_dagrun for tutorial_taskflow_api to None, run_after=None
[2025-10-31T20:02:12.408+0530] {processor.py:183} INFO - Processing /home/logi/txtai/venv/lib/python3.10/site-packages/airflow/example_dags/tutorial_taskflow_api.py took 0.059 seconds
[2025-10-31T20:03:05.745+0530] {processor.py:161} INFO - Started process (PID=14542) to work on /home/logi/txtai/venv/lib/python3.10/site-packages/airflow/example_dags/tutorial_taskflow_api.py
[2025-10-31T20:03:05.758+0530] {processor.py:830} INFO - Processing file /home/logi/txtai/venv/lib/python3.10/site-packages/airflow/example_dags/tutorial_taskflow_api.py for tasks to queue
[2025-10-31T20:03:05.762+0530] {logging_mixin.py:188} INFO - [2025-10-31T20:03:05.761+0530] {dagbag.py:545} INFO - Filling up the DagBag from /home/logi/txtai/venv/lib/python3.10/site-packages/airflow/example_dags/tutorial_taskflow_api.py
[2025-10-31T20:03:05.773+0530] {processor.py:840} INFO - DAG(s) 'tutorial_taskflow_api' retrieved from /home/logi/txtai/venv/lib/python3.10/site-packages/airflow/example_dags/tutorial_taskflow_api.py
[2025-10-31T20:03:05.802+0530] {logging_mixin.py:188} INFO - [2025-10-31T20:03:05.801+0530] {dag.py:3089} INFO - Sync 1 DAGs
[2025-10-31T20:03:05.816+0530] {logging_mixin.py:188} INFO - [2025-10-31T20:03:05.816+0530] {dag.py:3947} INFO - Setting next_dagrun for tutorial_taskflow_api to None, run_after=None
[2025-10-31T20:03:05.837+0530] {processor.py:183} INFO - Processing /home/logi/txtai/venv/lib/python3.10/site-packages/airflow/example_dags/tutorial_taskflow_api.py took 0.104 seconds
[2025-10-31T20:03:54.457+0530] {processor.py:161} INFO - Started process (PID=14626) to work on /home/logi/txtai/venv/lib/python3.10/site-packages/airflow/example_dags/tutorial_taskflow_api.py
[2025-10-31T20:03:54.470+0530] {processor.py:830} INFO - Processing file /home/logi/txtai/venv/lib/python3.10/site-packages/airflow/example_dags/tutorial_taskflow_api.py for tasks to queue
[2025-10-31T20:03:54.473+0530] {logging_mixin.py:188} INFO - [2025-10-31T20:03:54.473+0530] {dagbag.py:545} INFO - Filling up the DagBag from /home/logi/txtai/venv/lib/python3.10/site-packages/airflow/example_dags/tutorial_taskflow_api.py
[2025-10-31T20:03:54.485+0530] {processor.py:840} INFO - DAG(s) 'tutorial_taskflow_api' retrieved from /home/logi/txtai/venv/lib/python3.10/site-packages/airflow/example_dags/tutorial_taskflow_api.py
[2025-10-31T20:03:54.512+0530] {logging_mixin.py:188} INFO - [2025-10-31T20:03:54.512+0530] {dag.py:3089} INFO - Sync 1 DAGs
[2025-10-31T20:03:54.527+0530] {logging_mixin.py:188} INFO - [2025-10-31T20:03:54.527+0530] {dag.py:3947} INFO - Setting next_dagrun for tutorial_taskflow_api to None, run_after=None
[2025-10-31T20:03:54.547+0530] {processor.py:183} INFO - Processing /home/logi/txtai/venv/lib/python3.10/site-packages/airflow/example_dags/tutorial_taskflow_api.py took 0.102 seconds
[2025-10-31T20:05:03.562+0530] {processor.py:161} INFO - Started process (PID=15034) to work on /home/logi/txtai/venv/lib/python3.10/site-packages/airflow/example_dags/tutorial_taskflow_api.py
[2025-10-31T20:05:03.576+0530] {processor.py:830} INFO - Processing file /home/logi/txtai/venv/lib/python3.10/site-packages/airflow/example_dags/tutorial_taskflow_api.py for tasks to queue
[2025-10-31T20:05:03.579+0530] {logging_mixin.py:188} INFO - [2025-10-31T20:05:03.578+0530] {dagbag.py:545} INFO - Filling up the DagBag from /home/logi/txtai/venv/lib/python3.10/site-packages/airflow/example_dags/tutorial_taskflow_api.py
[2025-10-31T20:05:03.596+0530] {processor.py:840} INFO - DAG(s) 'tutorial_taskflow_api' retrieved from /home/logi/txtai/venv/lib/python3.10/site-packages/airflow/example_dags/tutorial_taskflow_api.py
[2025-10-31T20:05:03.630+0530] {logging_mixin.py:188} INFO - [2025-10-31T20:05:03.629+0530] {dag.py:3089} INFO - Sync 1 DAGs
[2025-10-31T20:05:03.641+0530] {logging_mixin.py:188} INFO - [2025-10-31T20:05:03.640+0530] {dag.py:3947} INFO - Setting next_dagrun for tutorial_taskflow_api to None, run_after=None
[2025-10-31T20:05:03.671+0530] {processor.py:183} INFO - Processing /home/logi/txtai/venv/lib/python3.10/site-packages/airflow/example_dags/tutorial_taskflow_api.py took 0.126 seconds
[2025-10-31T20:06:07.014+0530] {processor.py:161} INFO - Started process (PID=15262) to work on /home/logi/txtai/venv/lib/python3.10/site-packages/airflow/example_dags/tutorial_taskflow_api.py
[2025-10-31T20:06:07.016+0530] {processor.py:830} INFO - Processing file /home/logi/txtai/venv/lib/python3.10/site-packages/airflow/example_dags/tutorial_taskflow_api.py for tasks to queue
[2025-10-31T20:06:07.018+0530] {logging_mixin.py:188} INFO - [2025-10-31T20:06:07.018+0530] {dagbag.py:545} INFO - Filling up the DagBag from /home/logi/txtai/venv/lib/python3.10/site-packages/airflow/example_dags/tutorial_taskflow_api.py
[2025-10-31T20:06:07.033+0530] {processor.py:840} INFO - DAG(s) 'tutorial_taskflow_api' retrieved from /home/logi/txtai/venv/lib/python3.10/site-packages/airflow/example_dags/tutorial_taskflow_api.py
[2025-10-31T20:06:07.063+0530] {logging_mixin.py:188} INFO - [2025-10-31T20:06:07.063+0530] {dag.py:3089} INFO - Sync 1 DAGs
[2025-10-31T20:06:07.088+0530] {logging_mixin.py:188} INFO - [2025-10-31T20:06:07.087+0530] {dag.py:3947} INFO - Setting next_dagrun for tutorial_taskflow_api to None, run_after=None
[2025-10-31T20:06:07.133+0530] {processor.py:183} INFO - Processing /home/logi/txtai/venv/lib/python3.10/site-packages/airflow/example_dags/tutorial_taskflow_api.py took 0.139 seconds
[2025-10-31T20:06:46.387+0530] {processor.py:161} INFO - Started process (PID=15437) to work on /home/logi/txtai/venv/lib/python3.10/site-packages/airflow/example_dags/tutorial_taskflow_api.py
[2025-10-31T20:06:46.401+0530] {processor.py:830} INFO - Processing file /home/logi/txtai/venv/lib/python3.10/site-packages/airflow/example_dags/tutorial_taskflow_api.py for tasks to queue
[2025-10-31T20:06:46.407+0530] {logging_mixin.py:188} INFO - [2025-10-31T20:06:46.405+0530] {dagbag.py:545} INFO - Filling up the DagBag from /home/logi/txtai/venv/lib/python3.10/site-packages/airflow/example_dags/tutorial_taskflow_api.py
[2025-10-31T20:06:46.420+0530] {processor.py:840} INFO - DAG(s) 'tutorial_taskflow_api' retrieved from /home/logi/txtai/venv/lib/python3.10/site-packages/airflow/example_dags/tutorial_taskflow_api.py
[2025-10-31T20:06:46.459+0530] {logging_mixin.py:188} INFO - [2025-10-31T20:06:46.459+0530] {dag.py:3089} INFO - Sync 1 DAGs
[2025-10-31T20:06:46.468+0530] {logging_mixin.py:188} INFO - [2025-10-31T20:06:46.468+0530] {dag.py:3947} INFO - Setting next_dagrun for tutorial_taskflow_api to None, run_after=None
[2025-10-31T20:06:46.509+0530] {processor.py:183} INFO - Processing /home/logi/txtai/venv/lib/python3.10/site-packages/airflow/example_dags/tutorial_taskflow_api.py took 0.128 seconds
[2025-10-31T20:07:44.916+0530] {processor.py:161} INFO - Started process (PID=15517) to work on /home/logi/txtai/venv/lib/python3.10/site-packages/airflow/example_dags/tutorial_taskflow_api.py
[2025-10-31T20:07:44.931+0530] {processor.py:830} INFO - Processing file /home/logi/txtai/venv/lib/python3.10/site-packages/airflow/example_dags/tutorial_taskflow_api.py for tasks to queue
[2025-10-31T20:07:44.934+0530] {logging_mixin.py:188} INFO - [2025-10-31T20:07:44.933+0530] {dagbag.py:545} INFO - Filling up the DagBag from /home/logi/txtai/venv/lib/python3.10/site-packages/airflow/example_dags/tutorial_taskflow_api.py
[2025-10-31T20:07:44.944+0530] {processor.py:840} INFO - DAG(s) 'tutorial_taskflow_api' retrieved from /home/logi/txtai/venv/lib/python3.10/site-packages/airflow/example_dags/tutorial_taskflow_api.py
[2025-10-31T20:07:44.977+0530] {logging_mixin.py:188} INFO - [2025-10-31T20:07:44.977+0530] {dag.py:3089} INFO - Sync 1 DAGs
[2025-10-31T20:07:44.991+0530] {logging_mixin.py:188} INFO - [2025-10-31T20:07:44.990+0530] {dag.py:3947} INFO - Setting next_dagrun for tutorial_taskflow_api to None, run_after=None
[2025-10-31T20:07:45.021+0530] {processor.py:183} INFO - Processing /home/logi/txtai/venv/lib/python3.10/site-packages/airflow/example_dags/tutorial_taskflow_api.py took 0.115 seconds
[2025-10-31T20:08:30.188+0530] {processor.py:161} INFO - Started process (PID=15756) to work on /home/logi/txtai/venv/lib/python3.10/site-packages/airflow/example_dags/tutorial_taskflow_api.py
[2025-10-31T20:08:30.200+0530] {processor.py:830} INFO - Processing file /home/logi/txtai/venv/lib/python3.10/site-packages/airflow/example_dags/tutorial_taskflow_api.py for tasks to queue
[2025-10-31T20:08:30.202+0530] {logging_mixin.py:188} INFO - [2025-10-31T20:08:30.202+0530] {dagbag.py:545} INFO - Filling up the DagBag from /home/logi/txtai/venv/lib/python3.10/site-packages/airflow/example_dags/tutorial_taskflow_api.py
[2025-10-31T20:08:30.207+0530] {processor.py:840} INFO - DAG(s) 'tutorial_taskflow_api' retrieved from /home/logi/txtai/venv/lib/python3.10/site-packages/airflow/example_dags/tutorial_taskflow_api.py
[2025-10-31T20:08:30.222+0530] {logging_mixin.py:188} INFO - [2025-10-31T20:08:30.222+0530] {dag.py:3089} INFO - Sync 1 DAGs
[2025-10-31T20:08:30.235+0530] {logging_mixin.py:188} INFO - [2025-10-31T20:08:30.235+0530] {dag.py:3947} INFO - Setting next_dagrun for tutorial_taskflow_api to None, run_after=None
[2025-10-31T20:08:30.256+0530] {processor.py:183} INFO - Processing /home/logi/txtai/venv/lib/python3.10/site-packages/airflow/example_dags/tutorial_taskflow_api.py took 0.074 seconds
[2025-10-31T20:09:08.965+0530] {processor.py:161} INFO - Started process (PID=15847) to work on /home/logi/txtai/venv/lib/python3.10/site-packages/airflow/example_dags/tutorial_taskflow_api.py
[2025-10-31T20:09:08.979+0530] {processor.py:830} INFO - Processing file /home/logi/txtai/venv/lib/python3.10/site-packages/airflow/example_dags/tutorial_taskflow_api.py for tasks to queue
[2025-10-31T20:09:08.982+0530] {logging_mixin.py:188} INFO - [2025-10-31T20:09:08.982+0530] {dagbag.py:545} INFO - Filling up the DagBag from /home/logi/txtai/venv/lib/python3.10/site-packages/airflow/example_dags/tutorial_taskflow_api.py
[2025-10-31T20:09:08.992+0530] {processor.py:840} INFO - DAG(s) 'tutorial_taskflow_api' retrieved from /home/logi/txtai/venv/lib/python3.10/site-packages/airflow/example_dags/tutorial_taskflow_api.py
[2025-10-31T20:09:09.013+0530] {logging_mixin.py:188} INFO - [2025-10-31T20:09:09.012+0530] {dag.py:3089} INFO - Sync 1 DAGs
[2025-10-31T20:09:09.026+0530] {logging_mixin.py:188} INFO - [2025-10-31T20:09:09.026+0530] {dag.py:3947} INFO - Setting next_dagrun for tutorial_taskflow_api to None, run_after=None
[2025-10-31T20:09:09.044+0530] {processor.py:183} INFO - Processing /home/logi/txtai/venv/lib/python3.10/site-packages/airflow/example_dags/tutorial_taskflow_api.py took 0.088 seconds
[2025-10-31T20:09:59.059+0530] {processor.py:161} INFO - Started process (PID=16040) to work on /home/logi/txtai/venv/lib/python3.10/site-packages/airflow/example_dags/tutorial_taskflow_api.py
[2025-10-31T20:09:59.072+0530] {processor.py:830} INFO - Processing file /home/logi/txtai/venv/lib/python3.10/site-packages/airflow/example_dags/tutorial_taskflow_api.py for tasks to queue
[2025-10-31T20:09:59.075+0530] {logging_mixin.py:188} INFO - [2025-10-31T20:09:59.075+0530] {dagbag.py:545} INFO - Filling up the DagBag from /home/logi/txtai/venv/lib/python3.10/site-packages/airflow/example_dags/tutorial_taskflow_api.py
[2025-10-31T20:09:59.090+0530] {processor.py:840} INFO - DAG(s) 'tutorial_taskflow_api' retrieved from /home/logi/txtai/venv/lib/python3.10/site-packages/airflow/example_dags/tutorial_taskflow_api.py
[2025-10-31T20:09:59.118+0530] {logging_mixin.py:188} INFO - [2025-10-31T20:09:59.118+0530] {dag.py:3089} INFO - Sync 1 DAGs
[2025-10-31T20:09:59.127+0530] {logging_mixin.py:188} INFO - [2025-10-31T20:09:59.127+0530] {dag.py:3947} INFO - Setting next_dagrun for tutorial_taskflow_api to None, run_after=None
[2025-10-31T20:09:59.161+0530] {processor.py:183} INFO - Processing /home/logi/txtai/venv/lib/python3.10/site-packages/airflow/example_dags/tutorial_taskflow_api.py took 0.117 seconds
[2025-10-31T20:11:06.572+0530] {processor.py:161} INFO - Started process (PID=16387) to work on /home/logi/txtai/venv/lib/python3.10/site-packages/airflow/example_dags/tutorial_taskflow_api.py
[2025-10-31T20:11:06.586+0530] {processor.py:830} INFO - Processing file /home/logi/txtai/venv/lib/python3.10/site-packages/airflow/example_dags/tutorial_taskflow_api.py for tasks to queue
[2025-10-31T20:11:06.590+0530] {logging_mixin.py:188} INFO - [2025-10-31T20:11:06.589+0530] {dagbag.py:545} INFO - Filling up the DagBag from /home/logi/txtai/venv/lib/python3.10/site-packages/airflow/example_dags/tutorial_taskflow_api.py
[2025-10-31T20:11:06.597+0530] {processor.py:840} INFO - DAG(s) 'tutorial_taskflow_api' retrieved from /home/logi/txtai/venv/lib/python3.10/site-packages/airflow/example_dags/tutorial_taskflow_api.py
[2025-10-31T20:11:06.616+0530] {logging_mixin.py:188} INFO - [2025-10-31T20:11:06.616+0530] {dag.py:3089} INFO - Sync 1 DAGs
[2025-10-31T20:11:06.625+0530] {logging_mixin.py:188} INFO - [2025-10-31T20:11:06.625+0530] {dag.py:3947} INFO - Setting next_dagrun for tutorial_taskflow_api to None, run_after=None
[2025-10-31T20:11:06.651+0530] {processor.py:183} INFO - Processing /home/logi/txtai/venv/lib/python3.10/site-packages/airflow/example_dags/tutorial_taskflow_api.py took 0.089 seconds
[2025-10-31T20:11:56.455+0530] {processor.py:161} INFO - Started process (PID=16567) to work on /home/logi/txtai/venv/lib/python3.10/site-packages/airflow/example_dags/tutorial_taskflow_api.py
[2025-10-31T20:11:56.468+0530] {processor.py:830} INFO - Processing file /home/logi/txtai/venv/lib/python3.10/site-packages/airflow/example_dags/tutorial_taskflow_api.py for tasks to queue
[2025-10-31T20:11:56.470+0530] {logging_mixin.py:188} INFO - [2025-10-31T20:11:56.470+0530] {dagbag.py:545} INFO - Filling up the DagBag from /home/logi/txtai/venv/lib/python3.10/site-packages/airflow/example_dags/tutorial_taskflow_api.py
[2025-10-31T20:11:56.483+0530] {processor.py:840} INFO - DAG(s) 'tutorial_taskflow_api' retrieved from /home/logi/txtai/venv/lib/python3.10/site-packages/airflow/example_dags/tutorial_taskflow_api.py
[2025-10-31T20:11:56.513+0530] {logging_mixin.py:188} INFO - [2025-10-31T20:11:56.513+0530] {dag.py:3089} INFO - Sync 1 DAGs
[2025-10-31T20:11:56.525+0530] {logging_mixin.py:188} INFO - [2025-10-31T20:11:56.525+0530] {dag.py:3947} INFO - Setting next_dagrun for tutorial_taskflow_api to None, run_after=None
[2025-10-31T20:11:56.545+0530] {processor.py:183} INFO - Processing /home/logi/txtai/venv/lib/python3.10/site-packages/airflow/example_dags/tutorial_taskflow_api.py took 0.102 seconds
[2025-10-31T20:12:35.005+0530] {processor.py:161} INFO - Started process (PID=16830) to work on /home/logi/txtai/venv/lib/python3.10/site-packages/airflow/example_dags/tutorial_taskflow_api.py
[2025-10-31T20:12:35.008+0530] {processor.py:830} INFO - Processing file /home/logi/txtai/venv/lib/python3.10/site-packages/airflow/example_dags/tutorial_taskflow_api.py for tasks to queue
[2025-10-31T20:12:35.012+0530] {logging_mixin.py:188} INFO - [2025-10-31T20:12:35.012+0530] {dagbag.py:545} INFO - Filling up the DagBag from /home/logi/txtai/venv/lib/python3.10/site-packages/airflow/example_dags/tutorial_taskflow_api.py
[2025-10-31T20:12:35.019+0530] {processor.py:840} INFO - DAG(s) 'tutorial_taskflow_api' retrieved from /home/logi/txtai/venv/lib/python3.10/site-packages/airflow/example_dags/tutorial_taskflow_api.py
[2025-10-31T20:12:35.043+0530] {logging_mixin.py:188} INFO - [2025-10-31T20:12:35.042+0530] {dag.py:3089} INFO - Sync 1 DAGs
[2025-10-31T20:12:35.053+0530] {logging_mixin.py:188} INFO - [2025-10-31T20:12:35.053+0530] {dag.py:3947} INFO - Setting next_dagrun for tutorial_taskflow_api to None, run_after=None
[2025-10-31T20:12:35.076+0530] {processor.py:183} INFO - Processing /home/logi/txtai/venv/lib/python3.10/site-packages/airflow/example_dags/tutorial_taskflow_api.py took 0.076 seconds
[2025-10-31T20:13:11.920+0530] {processor.py:161} INFO - Started process (PID=16917) to work on /home/logi/txtai/venv/lib/python3.10/site-packages/airflow/example_dags/tutorial_taskflow_api.py
[2025-10-31T20:13:11.933+0530] {processor.py:830} INFO - Processing file /home/logi/txtai/venv/lib/python3.10/site-packages/airflow/example_dags/tutorial_taskflow_api.py for tasks to queue
[2025-10-31T20:13:11.936+0530] {logging_mixin.py:188} INFO - [2025-10-31T20:13:11.936+0530] {dagbag.py:545} INFO - Filling up the DagBag from /home/logi/txtai/venv/lib/python3.10/site-packages/airflow/example_dags/tutorial_taskflow_api.py
[2025-10-31T20:13:11.942+0530] {processor.py:840} INFO - DAG(s) 'tutorial_taskflow_api' retrieved from /home/logi/txtai/venv/lib/python3.10/site-packages/airflow/example_dags/tutorial_taskflow_api.py
[2025-10-31T20:13:11.956+0530] {logging_mixin.py:188} INFO - [2025-10-31T20:13:11.956+0530] {dag.py:3089} INFO - Sync 1 DAGs
[2025-10-31T20:13:11.965+0530] {logging_mixin.py:188} INFO - [2025-10-31T20:13:11.965+0530] {dag.py:3947} INFO - Setting next_dagrun for tutorial_taskflow_api to None, run_after=None
[2025-10-31T20:13:11.983+0530] {processor.py:183} INFO - Processing /home/logi/txtai/venv/lib/python3.10/site-packages/airflow/example_dags/tutorial_taskflow_api.py took 0.068 seconds
[2025-10-31T20:14:08.674+0530] {processor.py:161} INFO - Started process (PID=17153) to work on /home/logi/txtai/venv/lib/python3.10/site-packages/airflow/example_dags/tutorial_taskflow_api.py
[2025-10-31T20:14:08.676+0530] {processor.py:830} INFO - Processing file /home/logi/txtai/venv/lib/python3.10/site-packages/airflow/example_dags/tutorial_taskflow_api.py for tasks to queue
[2025-10-31T20:14:08.680+0530] {logging_mixin.py:188} INFO - [2025-10-31T20:14:08.679+0530] {dagbag.py:545} INFO - Filling up the DagBag from /home/logi/txtai/venv/lib/python3.10/site-packages/airflow/example_dags/tutorial_taskflow_api.py
[2025-10-31T20:14:08.698+0530] {processor.py:840} INFO - DAG(s) 'tutorial_taskflow_api' retrieved from /home/logi/txtai/venv/lib/python3.10/site-packages/airflow/example_dags/tutorial_taskflow_api.py
[2025-10-31T20:14:08.720+0530] {logging_mixin.py:188} INFO - [2025-10-31T20:14:08.720+0530] {dag.py:3089} INFO - Sync 1 DAGs
[2025-10-31T20:14:08.729+0530] {logging_mixin.py:188} INFO - [2025-10-31T20:14:08.728+0530] {dag.py:3947} INFO - Setting next_dagrun for tutorial_taskflow_api to None, run_after=None
[2025-10-31T20:14:08.746+0530] {processor.py:183} INFO - Processing /home/logi/txtai/venv/lib/python3.10/site-packages/airflow/example_dags/tutorial_taskflow_api.py took 0.082 seconds
[2025-10-31T20:15:13.937+0530] {processor.py:161} INFO - Started process (PID=17422) to work on /home/logi/txtai/venv/lib/python3.10/site-packages/airflow/example_dags/tutorial_taskflow_api.py
[2025-10-31T20:15:13.951+0530] {processor.py:830} INFO - Processing file /home/logi/txtai/venv/lib/python3.10/site-packages/airflow/example_dags/tutorial_taskflow_api.py for tasks to queue
[2025-10-31T20:15:13.954+0530] {logging_mixin.py:188} INFO - [2025-10-31T20:15:13.953+0530] {dagbag.py:545} INFO - Filling up the DagBag from /home/logi/txtai/venv/lib/python3.10/site-packages/airflow/example_dags/tutorial_taskflow_api.py
[2025-10-31T20:15:13.964+0530] {processor.py:840} INFO - DAG(s) 'tutorial_taskflow_api' retrieved from /home/logi/txtai/venv/lib/python3.10/site-packages/airflow/example_dags/tutorial_taskflow_api.py
[2025-10-31T20:15:13.989+0530] {logging_mixin.py:188} INFO - [2025-10-31T20:15:13.988+0530] {dag.py:3089} INFO - Sync 1 DAGs
[2025-10-31T20:15:14.005+0530] {logging_mixin.py:188} INFO - [2025-10-31T20:15:14.004+0530] {dag.py:3947} INFO - Setting next_dagrun for tutorial_taskflow_api to None, run_after=None
[2025-10-31T20:15:14.029+0530] {processor.py:183} INFO - Processing /home/logi/txtai/venv/lib/python3.10/site-packages/airflow/example_dags/tutorial_taskflow_api.py took 0.103 seconds
[2025-10-31T20:16:04.985+0530] {processor.py:161} INFO - Started process (PID=17598) to work on /home/logi/txtai/venv/lib/python3.10/site-packages/airflow/example_dags/tutorial_taskflow_api.py
[2025-10-31T20:16:04.986+0530] {processor.py:830} INFO - Processing file /home/logi/txtai/venv/lib/python3.10/site-packages/airflow/example_dags/tutorial_taskflow_api.py for tasks to queue
[2025-10-31T20:16:04.988+0530] {logging_mixin.py:188} INFO - [2025-10-31T20:16:04.987+0530] {dagbag.py:545} INFO - Filling up the DagBag from /home/logi/txtai/venv/lib/python3.10/site-packages/airflow/example_dags/tutorial_taskflow_api.py
[2025-10-31T20:16:04.993+0530] {processor.py:840} INFO - DAG(s) 'tutorial_taskflow_api' retrieved from /home/logi/txtai/venv/lib/python3.10/site-packages/airflow/example_dags/tutorial_taskflow_api.py
[2025-10-31T20:16:05.008+0530] {logging_mixin.py:188} INFO - [2025-10-31T20:16:05.008+0530] {dag.py:3089} INFO - Sync 1 DAGs
[2025-10-31T20:16:05.019+0530] {logging_mixin.py:188} INFO - [2025-10-31T20:16:05.018+0530] {dag.py:3947} INFO - Setting next_dagrun for tutorial_taskflow_api to None, run_after=None
[2025-10-31T20:16:05.043+0530] {processor.py:183} INFO - Processing /home/logi/txtai/venv/lib/python3.10/site-packages/airflow/example_dags/tutorial_taskflow_api.py took 0.063 seconds
[2025-10-31T20:17:07.967+0530] {processor.py:161} INFO - Started process (PID=17857) to work on /home/logi/txtai/venv/lib/python3.10/site-packages/airflow/example_dags/tutorial_taskflow_api.py
[2025-10-31T20:17:07.969+0530] {processor.py:830} INFO - Processing file /home/logi/txtai/venv/lib/python3.10/site-packages/airflow/example_dags/tutorial_taskflow_api.py for tasks to queue
[2025-10-31T20:17:07.971+0530] {logging_mixin.py:188} INFO - [2025-10-31T20:17:07.970+0530] {dagbag.py:545} INFO - Filling up the DagBag from /home/logi/txtai/venv/lib/python3.10/site-packages/airflow/example_dags/tutorial_taskflow_api.py
[2025-10-31T20:17:07.978+0530] {processor.py:840} INFO - DAG(s) 'tutorial_taskflow_api' retrieved from /home/logi/txtai/venv/lib/python3.10/site-packages/airflow/example_dags/tutorial_taskflow_api.py
[2025-10-31T20:17:07.993+0530] {logging_mixin.py:188} INFO - [2025-10-31T20:17:07.992+0530] {dag.py:3089} INFO - Sync 1 DAGs
[2025-10-31T20:17:08.010+0530] {logging_mixin.py:188} INFO - [2025-10-31T20:17:08.009+0530] {dag.py:3947} INFO - Setting next_dagrun for tutorial_taskflow_api to None, run_after=None
[2025-10-31T20:17:08.028+0530] {processor.py:183} INFO - Processing /home/logi/txtai/venv/lib/python3.10/site-packages/airflow/example_dags/tutorial_taskflow_api.py took 0.068 seconds
[2025-10-31T20:17:55.437+0530] {processor.py:161} INFO - Started process (PID=17965) to work on /home/logi/txtai/venv/lib/python3.10/site-packages/airflow/example_dags/tutorial_taskflow_api.py
[2025-10-31T20:17:55.449+0530] {processor.py:830} INFO - Processing file /home/logi/txtai/venv/lib/python3.10/site-packages/airflow/example_dags/tutorial_taskflow_api.py for tasks to queue
[2025-10-31T20:17:55.452+0530] {logging_mixin.py:188} INFO - [2025-10-31T20:17:55.451+0530] {dagbag.py:545} INFO - Filling up the DagBag from /home/logi/txtai/venv/lib/python3.10/site-packages/airflow/example_dags/tutorial_taskflow_api.py
[2025-10-31T20:17:55.460+0530] {processor.py:840} INFO - DAG(s) 'tutorial_taskflow_api' retrieved from /home/logi/txtai/venv/lib/python3.10/site-packages/airflow/example_dags/tutorial_taskflow_api.py
[2025-10-31T20:17:55.476+0530] {logging_mixin.py:188} INFO - [2025-10-31T20:17:55.476+0530] {dag.py:3089} INFO - Sync 1 DAGs
[2025-10-31T20:17:55.486+0530] {logging_mixin.py:188} INFO - [2025-10-31T20:17:55.486+0530] {dag.py:3947} INFO - Setting next_dagrun for tutorial_taskflow_api to None, run_after=None
[2025-10-31T20:17:55.505+0530] {processor.py:183} INFO - Processing /home/logi/txtai/venv/lib/python3.10/site-packages/airflow/example_dags/tutorial_taskflow_api.py took 0.077 seconds
[2025-10-31T20:19:02.897+0530] {processor.py:161} INFO - Started process (PID=18273) to work on /home/logi/txtai/venv/lib/python3.10/site-packages/airflow/example_dags/tutorial_taskflow_api.py
[2025-10-31T20:19:02.914+0530] {processor.py:830} INFO - Processing file /home/logi/txtai/venv/lib/python3.10/site-packages/airflow/example_dags/tutorial_taskflow_api.py for tasks to queue
[2025-10-31T20:19:02.921+0530] {logging_mixin.py:188} INFO - [2025-10-31T20:19:02.920+0530] {dagbag.py:545} INFO - Filling up the DagBag from /home/logi/txtai/venv/lib/python3.10/site-packages/airflow/example_dags/tutorial_taskflow_api.py
[2025-10-31T20:19:02.948+0530] {processor.py:840} INFO - DAG(s) 'tutorial_taskflow_api' retrieved from /home/logi/txtai/venv/lib/python3.10/site-packages/airflow/example_dags/tutorial_taskflow_api.py
[2025-10-31T20:19:02.998+0530] {logging_mixin.py:188} INFO - [2025-10-31T20:19:02.997+0530] {dag.py:3089} INFO - Sync 1 DAGs
[2025-10-31T20:19:03.033+0530] {logging_mixin.py:188} INFO - [2025-10-31T20:19:03.031+0530] {dag.py:3947} INFO - Setting next_dagrun for tutorial_taskflow_api to None, run_after=None
[2025-10-31T20:19:03.117+0530] {processor.py:183} INFO - Processing /home/logi/txtai/venv/lib/python3.10/site-packages/airflow/example_dags/tutorial_taskflow_api.py took 0.246 seconds
[2025-10-31T20:20:00.497+0530] {processor.py:161} INFO - Started process (PID=18388) to work on /home/logi/txtai/venv/lib/python3.10/site-packages/airflow/example_dags/tutorial_taskflow_api.py
[2025-10-31T20:20:00.500+0530] {processor.py:830} INFO - Processing file /home/logi/txtai/venv/lib/python3.10/site-packages/airflow/example_dags/tutorial_taskflow_api.py for tasks to queue
[2025-10-31T20:20:00.506+0530] {logging_mixin.py:188} INFO - [2025-10-31T20:20:00.504+0530] {dagbag.py:545} INFO - Filling up the DagBag from /home/logi/txtai/venv/lib/python3.10/site-packages/airflow/example_dags/tutorial_taskflow_api.py
[2025-10-31T20:20:00.523+0530] {processor.py:840} INFO - DAG(s) 'tutorial_taskflow_api' retrieved from /home/logi/txtai/venv/lib/python3.10/site-packages/airflow/example_dags/tutorial_taskflow_api.py
[2025-10-31T20:20:00.568+0530] {logging_mixin.py:188} INFO - [2025-10-31T20:20:00.567+0530] {dag.py:3089} INFO - Sync 1 DAGs
[2025-10-31T20:20:00.635+0530] {logging_mixin.py:188} INFO - [2025-10-31T20:20:00.633+0530] {dag.py:3947} INFO - Setting next_dagrun for tutorial_taskflow_api to None, run_after=None
[2025-10-31T20:20:00.741+0530] {processor.py:183} INFO - Processing /home/logi/txtai/venv/lib/python3.10/site-packages/airflow/example_dags/tutorial_taskflow_api.py took 0.277 seconds
[2025-10-31T20:21:06.681+0530] {processor.py:161} INFO - Started process (PID=18703) to work on /home/logi/txtai/venv/lib/python3.10/site-packages/airflow/example_dags/tutorial_taskflow_api.py
[2025-10-31T20:21:06.694+0530] {processor.py:830} INFO - Processing file /home/logi/txtai/venv/lib/python3.10/site-packages/airflow/example_dags/tutorial_taskflow_api.py for tasks to queue
[2025-10-31T20:21:06.698+0530] {logging_mixin.py:188} INFO - [2025-10-31T20:21:06.697+0530] {dagbag.py:545} INFO - Filling up the DagBag from /home/logi/txtai/venv/lib/python3.10/site-packages/airflow/example_dags/tutorial_taskflow_api.py
[2025-10-31T20:21:06.708+0530] {processor.py:840} INFO - DAG(s) 'tutorial_taskflow_api' retrieved from /home/logi/txtai/venv/lib/python3.10/site-packages/airflow/example_dags/tutorial_taskflow_api.py
[2025-10-31T20:21:06.731+0530] {logging_mixin.py:188} INFO - [2025-10-31T20:21:06.730+0530] {dag.py:3089} INFO - Sync 1 DAGs
[2025-10-31T20:21:06.744+0530] {logging_mixin.py:188} INFO - [2025-10-31T20:21:06.744+0530] {dag.py:3947} INFO - Setting next_dagrun for tutorial_taskflow_api to None, run_after=None
[2025-10-31T20:21:06.765+0530] {processor.py:183} INFO - Processing /home/logi/txtai/venv/lib/python3.10/site-packages/airflow/example_dags/tutorial_taskflow_api.py took 0.103 seconds
[2025-10-31T20:22:01.128+0530] {processor.py:161} INFO - Started process (PID=19048) to work on /home/logi/txtai/venv/lib/python3.10/site-packages/airflow/example_dags/tutorial_taskflow_api.py
[2025-10-31T20:22:01.141+0530] {processor.py:830} INFO - Processing file /home/logi/txtai/venv/lib/python3.10/site-packages/airflow/example_dags/tutorial_taskflow_api.py for tasks to queue
[2025-10-31T20:22:01.144+0530] {logging_mixin.py:188} INFO - [2025-10-31T20:22:01.144+0530] {dagbag.py:545} INFO - Filling up the DagBag from /home/logi/txtai/venv/lib/python3.10/site-packages/airflow/example_dags/tutorial_taskflow_api.py
[2025-10-31T20:22:01.155+0530] {processor.py:840} INFO - DAG(s) 'tutorial_taskflow_api' retrieved from /home/logi/txtai/venv/lib/python3.10/site-packages/airflow/example_dags/tutorial_taskflow_api.py
[2025-10-31T20:22:01.180+0530] {logging_mixin.py:188} INFO - [2025-10-31T20:22:01.180+0530] {dag.py:3089} INFO - Sync 1 DAGs
[2025-10-31T20:22:01.195+0530] {logging_mixin.py:188} INFO - [2025-10-31T20:22:01.194+0530] {dag.py:3947} INFO - Setting next_dagrun for tutorial_taskflow_api to None, run_after=None
[2025-10-31T20:22:01.214+0530] {processor.py:183} INFO - Processing /home/logi/txtai/venv/lib/python3.10/site-packages/airflow/example_dags/tutorial_taskflow_api.py took 0.100 seconds
[2025-10-31T20:23:03.962+0530] {processor.py:161} INFO - Started process (PID=19265) to work on /home/logi/txtai/venv/lib/python3.10/site-packages/airflow/example_dags/tutorial_taskflow_api.py
[2025-10-31T20:23:03.976+0530] {processor.py:830} INFO - Processing file /home/logi/txtai/venv/lib/python3.10/site-packages/airflow/example_dags/tutorial_taskflow_api.py for tasks to queue
[2025-10-31T20:23:03.978+0530] {logging_mixin.py:188} INFO - [2025-10-31T20:23:03.978+0530] {dagbag.py:545} INFO - Filling up the DagBag from /home/logi/txtai/venv/lib/python3.10/site-packages/airflow/example_dags/tutorial_taskflow_api.py
[2025-10-31T20:23:03.990+0530] {processor.py:840} INFO - DAG(s) 'tutorial_taskflow_api' retrieved from /home/logi/txtai/venv/lib/python3.10/site-packages/airflow/example_dags/tutorial_taskflow_api.py
[2025-10-31T20:23:04.016+0530] {logging_mixin.py:188} INFO - [2025-10-31T20:23:04.016+0530] {dag.py:3089} INFO - Sync 1 DAGs
[2025-10-31T20:23:04.030+0530] {logging_mixin.py:188} INFO - [2025-10-31T20:23:04.030+0530] {dag.py:3947} INFO - Setting next_dagrun for tutorial_taskflow_api to None, run_after=None
[2025-10-31T20:23:04.056+0530] {processor.py:183} INFO - Processing /home/logi/txtai/venv/lib/python3.10/site-packages/airflow/example_dags/tutorial_taskflow_api.py took 0.105 seconds
[2025-10-31T20:23:54.089+0530] {processor.py:161} INFO - Started process (PID=19338) to work on /home/logi/txtai/venv/lib/python3.10/site-packages/airflow/example_dags/tutorial_taskflow_api.py
[2025-10-31T20:23:54.102+0530] {processor.py:830} INFO - Processing file /home/logi/txtai/venv/lib/python3.10/site-packages/airflow/example_dags/tutorial_taskflow_api.py for tasks to queue
[2025-10-31T20:23:54.105+0530] {logging_mixin.py:188} INFO - [2025-10-31T20:23:54.104+0530] {dagbag.py:545} INFO - Filling up the DagBag from /home/logi/txtai/venv/lib/python3.10/site-packages/airflow/example_dags/tutorial_taskflow_api.py
[2025-10-31T20:23:54.110+0530] {processor.py:840} INFO - DAG(s) 'tutorial_taskflow_api' retrieved from /home/logi/txtai/venv/lib/python3.10/site-packages/airflow/example_dags/tutorial_taskflow_api.py
[2025-10-31T20:23:54.132+0530] {logging_mixin.py:188} INFO - [2025-10-31T20:23:54.132+0530] {dag.py:3089} INFO - Sync 1 DAGs
[2025-10-31T20:23:54.143+0530] {logging_mixin.py:188} INFO - [2025-10-31T20:23:54.143+0530] {dag.py:3947} INFO - Setting next_dagrun for tutorial_taskflow_api to None, run_after=None
[2025-10-31T20:23:54.162+0530] {processor.py:183} INFO - Processing /home/logi/txtai/venv/lib/python3.10/site-packages/airflow/example_dags/tutorial_taskflow_api.py took 0.082 seconds
[2025-10-31T20:24:30.797+0530] {processor.py:161} INFO - Started process (PID=19515) to work on /home/logi/txtai/venv/lib/python3.10/site-packages/airflow/example_dags/tutorial_taskflow_api.py
[2025-10-31T20:24:30.810+0530] {processor.py:830} INFO - Processing file /home/logi/txtai/venv/lib/python3.10/site-packages/airflow/example_dags/tutorial_taskflow_api.py for tasks to queue
[2025-10-31T20:24:30.813+0530] {logging_mixin.py:188} INFO - [2025-10-31T20:24:30.813+0530] {dagbag.py:545} INFO - Filling up the DagBag from /home/logi/txtai/venv/lib/python3.10/site-packages/airflow/example_dags/tutorial_taskflow_api.py
[2025-10-31T20:24:30.824+0530] {processor.py:840} INFO - DAG(s) 'tutorial_taskflow_api' retrieved from /home/logi/txtai/venv/lib/python3.10/site-packages/airflow/example_dags/tutorial_taskflow_api.py
[2025-10-31T20:24:30.849+0530] {logging_mixin.py:188} INFO - [2025-10-31T20:24:30.849+0530] {dag.py:3089} INFO - Sync 1 DAGs
[2025-10-31T20:24:30.865+0530] {logging_mixin.py:188} INFO - [2025-10-31T20:24:30.864+0530] {dag.py:3947} INFO - Setting next_dagrun for tutorial_taskflow_api to None, run_after=None
[2025-10-31T20:24:30.883+0530] {processor.py:183} INFO - Processing /home/logi/txtai/venv/lib/python3.10/site-packages/airflow/example_dags/tutorial_taskflow_api.py took 0.097 seconds
[2025-10-31T20:25:26.076+0530] {processor.py:161} INFO - Started process (PID=19624) to work on /home/logi/txtai/venv/lib/python3.10/site-packages/airflow/example_dags/tutorial_taskflow_api.py
[2025-10-31T20:25:26.089+0530] {processor.py:830} INFO - Processing file /home/logi/txtai/venv/lib/python3.10/site-packages/airflow/example_dags/tutorial_taskflow_api.py for tasks to queue
[2025-10-31T20:25:26.092+0530] {logging_mixin.py:188} INFO - [2025-10-31T20:25:26.091+0530] {dagbag.py:545} INFO - Filling up the DagBag from /home/logi/txtai/venv/lib/python3.10/site-packages/airflow/example_dags/tutorial_taskflow_api.py
[2025-10-31T20:25:26.104+0530] {processor.py:840} INFO - DAG(s) 'tutorial_taskflow_api' retrieved from /home/logi/txtai/venv/lib/python3.10/site-packages/airflow/example_dags/tutorial_taskflow_api.py
[2025-10-31T20:25:26.126+0530] {logging_mixin.py:188} INFO - [2025-10-31T20:25:26.126+0530] {dag.py:3089} INFO - Sync 1 DAGs
[2025-10-31T20:25:26.135+0530] {logging_mixin.py:188} INFO - [2025-10-31T20:25:26.135+0530] {dag.py:3947} INFO - Setting next_dagrun for tutorial_taskflow_api to None, run_after=None
[2025-10-31T20:25:26.155+0530] {processor.py:183} INFO - Processing /home/logi/txtai/venv/lib/python3.10/site-packages/airflow/example_dags/tutorial_taskflow_api.py took 0.085 seconds
[2025-10-31T20:26:21.589+0530] {processor.py:161} INFO - Started process (PID=19835) to work on /home/logi/txtai/venv/lib/python3.10/site-packages/airflow/example_dags/tutorial_taskflow_api.py
[2025-10-31T20:26:21.603+0530] {processor.py:830} INFO - Processing file /home/logi/txtai/venv/lib/python3.10/site-packages/airflow/example_dags/tutorial_taskflow_api.py for tasks to queue
[2025-10-31T20:26:21.605+0530] {logging_mixin.py:188} INFO - [2025-10-31T20:26:21.605+0530] {dagbag.py:545} INFO - Filling up the DagBag from /home/logi/txtai/venv/lib/python3.10/site-packages/airflow/example_dags/tutorial_taskflow_api.py
[2025-10-31T20:26:21.616+0530] {processor.py:840} INFO - DAG(s) 'tutorial_taskflow_api' retrieved from /home/logi/txtai/venv/lib/python3.10/site-packages/airflow/example_dags/tutorial_taskflow_api.py
[2025-10-31T20:26:21.641+0530] {logging_mixin.py:188} INFO - [2025-10-31T20:26:21.641+0530] {dag.py:3089} INFO - Sync 1 DAGs
[2025-10-31T20:26:21.657+0530] {logging_mixin.py:188} INFO - [2025-10-31T20:26:21.657+0530] {dag.py:3947} INFO - Setting next_dagrun for tutorial_taskflow_api to None, run_after=None
[2025-10-31T20:26:21.683+0530] {processor.py:183} INFO - Processing /home/logi/txtai/venv/lib/python3.10/site-packages/airflow/example_dags/tutorial_taskflow_api.py took 0.105 seconds
[2025-10-31T20:27:16.585+0530] {processor.py:161} INFO - Started process (PID=19915) to work on /home/logi/txtai/venv/lib/python3.10/site-packages/airflow/example_dags/tutorial_taskflow_api.py
[2025-10-31T20:27:16.599+0530] {processor.py:830} INFO - Processing file /home/logi/txtai/venv/lib/python3.10/site-packages/airflow/example_dags/tutorial_taskflow_api.py for tasks to queue
[2025-10-31T20:27:16.602+0530] {logging_mixin.py:188} INFO - [2025-10-31T20:27:16.601+0530] {dagbag.py:545} INFO - Filling up the DagBag from /home/logi/txtai/venv/lib/python3.10/site-packages/airflow/example_dags/tutorial_taskflow_api.py
[2025-10-31T20:27:16.613+0530] {processor.py:840} INFO - DAG(s) 'tutorial_taskflow_api' retrieved from /home/logi/txtai/venv/lib/python3.10/site-packages/airflow/example_dags/tutorial_taskflow_api.py
[2025-10-31T20:27:16.639+0530] {logging_mixin.py:188} INFO - [2025-10-31T20:27:16.638+0530] {dag.py:3089} INFO - Sync 1 DAGs
[2025-10-31T20:27:16.653+0530] {logging_mixin.py:188} INFO - [2025-10-31T20:27:16.653+0530] {dag.py:3947} INFO - Setting next_dagrun for tutorial_taskflow_api to None, run_after=None
[2025-10-31T20:27:16.670+0530] {processor.py:183} INFO - Processing /home/logi/txtai/venv/lib/python3.10/site-packages/airflow/example_dags/tutorial_taskflow_api.py took 0.096 seconds
[2025-10-31T20:28:18.510+0530] {processor.py:161} INFO - Started process (PID=20118) to work on /home/logi/txtai/venv/lib/python3.10/site-packages/airflow/example_dags/tutorial_taskflow_api.py
[2025-10-31T20:28:18.523+0530] {processor.py:830} INFO - Processing file /home/logi/txtai/venv/lib/python3.10/site-packages/airflow/example_dags/tutorial_taskflow_api.py for tasks to queue
[2025-10-31T20:28:18.526+0530] {logging_mixin.py:188} INFO - [2025-10-31T20:28:18.525+0530] {dagbag.py:545} INFO - Filling up the DagBag from /home/logi/txtai/venv/lib/python3.10/site-packages/airflow/example_dags/tutorial_taskflow_api.py
[2025-10-31T20:28:18.539+0530] {processor.py:840} INFO - DAG(s) 'tutorial_taskflow_api' retrieved from /home/logi/txtai/venv/lib/python3.10/site-packages/airflow/example_dags/tutorial_taskflow_api.py
[2025-10-31T20:28:18.566+0530] {logging_mixin.py:188} INFO - [2025-10-31T20:28:18.566+0530] {dag.py:3089} INFO - Sync 1 DAGs
[2025-10-31T20:28:18.577+0530] {logging_mixin.py:188} INFO - [2025-10-31T20:28:18.577+0530] {dag.py:3947} INFO - Setting next_dagrun for tutorial_taskflow_api to None, run_after=None
[2025-10-31T20:28:18.609+0530] {processor.py:183} INFO - Processing /home/logi/txtai/venv/lib/python3.10/site-packages/airflow/example_dags/tutorial_taskflow_api.py took 0.110 seconds
[2025-10-31T20:29:15.292+0530] {processor.py:161} INFO - Started process (PID=20198) to work on /home/logi/txtai/venv/lib/python3.10/site-packages/airflow/example_dags/tutorial_taskflow_api.py
[2025-10-31T20:29:15.297+0530] {processor.py:830} INFO - Processing file /home/logi/txtai/venv/lib/python3.10/site-packages/airflow/example_dags/tutorial_taskflow_api.py for tasks to queue
[2025-10-31T20:29:15.301+0530] {logging_mixin.py:188} INFO - [2025-10-31T20:29:15.299+0530] {dagbag.py:545} INFO - Filling up the DagBag from /home/logi/txtai/venv/lib/python3.10/site-packages/airflow/example_dags/tutorial_taskflow_api.py
[2025-10-31T20:29:15.313+0530] {processor.py:840} INFO - DAG(s) 'tutorial_taskflow_api' retrieved from /home/logi/txtai/venv/lib/python3.10/site-packages/airflow/example_dags/tutorial_taskflow_api.py
[2025-10-31T20:29:15.336+0530] {logging_mixin.py:188} INFO - [2025-10-31T20:29:15.335+0530] {dag.py:3089} INFO - Sync 1 DAGs
[2025-10-31T20:29:15.353+0530] {logging_mixin.py:188} INFO - [2025-10-31T20:29:15.352+0530] {dag.py:3947} INFO - Setting next_dagrun for tutorial_taskflow_api to None, run_after=None
[2025-10-31T20:29:15.385+0530] {processor.py:183} INFO - Processing /home/logi/txtai/venv/lib/python3.10/site-packages/airflow/example_dags/tutorial_taskflow_api.py took 0.104 seconds
[2025-10-31T20:30:11.452+0530] {processor.py:161} INFO - Started process (PID=20378) to work on /home/logi/txtai/venv/lib/python3.10/site-packages/airflow/example_dags/tutorial_taskflow_api.py
[2025-10-31T20:30:11.465+0530] {processor.py:830} INFO - Processing file /home/logi/txtai/venv/lib/python3.10/site-packages/airflow/example_dags/tutorial_taskflow_api.py for tasks to queue
[2025-10-31T20:30:11.467+0530] {logging_mixin.py:188} INFO - [2025-10-31T20:30:11.467+0530] {dagbag.py:545} INFO - Filling up the DagBag from /home/logi/txtai/venv/lib/python3.10/site-packages/airflow/example_dags/tutorial_taskflow_api.py
[2025-10-31T20:30:11.478+0530] {processor.py:840} INFO - DAG(s) 'tutorial_taskflow_api' retrieved from /home/logi/txtai/venv/lib/python3.10/site-packages/airflow/example_dags/tutorial_taskflow_api.py
[2025-10-31T20:30:11.502+0530] {logging_mixin.py:188} INFO - [2025-10-31T20:30:11.502+0530] {dag.py:3089} INFO - Sync 1 DAGs
[2025-10-31T20:30:11.517+0530] {logging_mixin.py:188} INFO - [2025-10-31T20:30:11.517+0530] {dag.py:3947} INFO - Setting next_dagrun for tutorial_taskflow_api to None, run_after=None
[2025-10-31T20:30:11.543+0530] {processor.py:183} INFO - Processing /home/logi/txtai/venv/lib/python3.10/site-packages/airflow/example_dags/tutorial_taskflow_api.py took 0.101 seconds
[2025-10-31T20:31:07.063+0530] {processor.py:161} INFO - Started process (PID=20521) to work on /home/logi/txtai/venv/lib/python3.10/site-packages/airflow/example_dags/tutorial_taskflow_api.py
[2025-10-31T20:31:07.077+0530] {processor.py:830} INFO - Processing file /home/logi/txtai/venv/lib/python3.10/site-packages/airflow/example_dags/tutorial_taskflow_api.py for tasks to queue
[2025-10-31T20:31:07.080+0530] {logging_mixin.py:188} INFO - [2025-10-31T20:31:07.079+0530] {dagbag.py:545} INFO - Filling up the DagBag from /home/logi/txtai/venv/lib/python3.10/site-packages/airflow/example_dags/tutorial_taskflow_api.py
[2025-10-31T20:31:07.090+0530] {processor.py:840} INFO - DAG(s) 'tutorial_taskflow_api' retrieved from /home/logi/txtai/venv/lib/python3.10/site-packages/airflow/example_dags/tutorial_taskflow_api.py
[2025-10-31T20:31:07.115+0530] {logging_mixin.py:188} INFO - [2025-10-31T20:31:07.114+0530] {dag.py:3089} INFO - Sync 1 DAGs
[2025-10-31T20:31:07.129+0530] {logging_mixin.py:188} INFO - [2025-10-31T20:31:07.129+0530] {dag.py:3947} INFO - Setting next_dagrun for tutorial_taskflow_api to None, run_after=None
[2025-10-31T20:31:07.159+0530] {processor.py:183} INFO - Processing /home/logi/txtai/venv/lib/python3.10/site-packages/airflow/example_dags/tutorial_taskflow_api.py took 0.106 seconds
[2025-10-31T20:31:54.981+0530] {processor.py:161} INFO - Started process (PID=20603) to work on /home/logi/txtai/venv/lib/python3.10/site-packages/airflow/example_dags/tutorial_taskflow_api.py
[2025-10-31T20:31:54.994+0530] {processor.py:830} INFO - Processing file /home/logi/txtai/venv/lib/python3.10/site-packages/airflow/example_dags/tutorial_taskflow_api.py for tasks to queue
[2025-10-31T20:31:54.997+0530] {logging_mixin.py:188} INFO - [2025-10-31T20:31:54.996+0530] {dagbag.py:545} INFO - Filling up the DagBag from /home/logi/txtai/venv/lib/python3.10/site-packages/airflow/example_dags/tutorial_taskflow_api.py
[2025-10-31T20:31:55.008+0530] {processor.py:840} INFO - DAG(s) 'tutorial_taskflow_api' retrieved from /home/logi/txtai/venv/lib/python3.10/site-packages/airflow/example_dags/tutorial_taskflow_api.py
[2025-10-31T20:31:55.032+0530] {logging_mixin.py:188} INFO - [2025-10-31T20:31:55.032+0530] {dag.py:3089} INFO - Sync 1 DAGs
[2025-10-31T20:31:55.047+0530] {logging_mixin.py:188} INFO - [2025-10-31T20:31:55.046+0530] {dag.py:3947} INFO - Setting next_dagrun for tutorial_taskflow_api to None, run_after=None
[2025-10-31T20:31:55.064+0530] {processor.py:183} INFO - Processing /home/logi/txtai/venv/lib/python3.10/site-packages/airflow/example_dags/tutorial_taskflow_api.py took 0.094 seconds
[2025-10-31T20:32:32.193+0530] {processor.py:161} INFO - Started process (PID=20781) to work on /home/logi/txtai/venv/lib/python3.10/site-packages/airflow/example_dags/tutorial_taskflow_api.py
[2025-10-31T20:32:32.205+0530] {processor.py:830} INFO - Processing file /home/logi/txtai/venv/lib/python3.10/site-packages/airflow/example_dags/tutorial_taskflow_api.py for tasks to queue
[2025-10-31T20:32:32.207+0530] {logging_mixin.py:188} INFO - [2025-10-31T20:32:32.206+0530] {dagbag.py:545} INFO - Filling up the DagBag from /home/logi/txtai/venv/lib/python3.10/site-packages/airflow/example_dags/tutorial_taskflow_api.py
[2025-10-31T20:32:32.213+0530] {processor.py:840} INFO - DAG(s) 'tutorial_taskflow_api' retrieved from /home/logi/txtai/venv/lib/python3.10/site-packages/airflow/example_dags/tutorial_taskflow_api.py
[2025-10-31T20:32:32.227+0530] {logging_mixin.py:188} INFO - [2025-10-31T20:32:32.227+0530] {dag.py:3089} INFO - Sync 1 DAGs
[2025-10-31T20:32:32.236+0530] {logging_mixin.py:188} INFO - [2025-10-31T20:32:32.236+0530] {dag.py:3947} INFO - Setting next_dagrun for tutorial_taskflow_api to None, run_after=None
[2025-10-31T20:32:32.254+0530] {processor.py:183} INFO - Processing /home/logi/txtai/venv/lib/python3.10/site-packages/airflow/example_dags/tutorial_taskflow_api.py took 0.067 seconds
