[2025-11-11T18:15:46.073+0530] {processor.py:161} INFO - Started process (PID=8411) to work on /home/logi/txtai/venv/lib/python3.10/site-packages/airflow/example_dags/plugins/decreasing_priority_weight_strategy.py
[2025-11-11T18:15:46.075+0530] {processor.py:830} INFO - Processing file /home/logi/txtai/venv/lib/python3.10/site-packages/airflow/example_dags/plugins/decreasing_priority_weight_strategy.py for tasks to queue
[2025-11-11T18:15:46.080+0530] {logging_mixin.py:188} INFO - [2025-11-11T18:15:46.079+0530] {dagbag.py:545} INFO - Filling up the DagBag from /home/logi/txtai/venv/lib/python3.10/site-packages/airflow/example_dags/plugins/decreasing_priority_weight_strategy.py
[2025-11-11T18:15:46.085+0530] {processor.py:842} WARNING - No viable dags retrieved from /home/logi/txtai/venv/lib/python3.10/site-packages/airflow/example_dags/plugins/decreasing_priority_weight_strategy.py
[2025-11-11T18:15:46.127+0530] {processor.py:183} INFO - Processing /home/logi/txtai/venv/lib/python3.10/site-packages/airflow/example_dags/plugins/decreasing_priority_weight_strategy.py took 0.087 seconds
[2025-11-11T18:16:50.835+0530] {processor.py:161} INFO - Started process (PID=8834) to work on /home/logi/txtai/venv/lib/python3.10/site-packages/airflow/example_dags/plugins/decreasing_priority_weight_strategy.py
[2025-11-11T18:16:50.837+0530] {processor.py:830} INFO - Processing file /home/logi/txtai/venv/lib/python3.10/site-packages/airflow/example_dags/plugins/decreasing_priority_weight_strategy.py for tasks to queue
[2025-11-11T18:16:50.839+0530] {logging_mixin.py:188} INFO - [2025-11-11T18:16:50.838+0530] {dagbag.py:545} INFO - Filling up the DagBag from /home/logi/txtai/venv/lib/python3.10/site-packages/airflow/example_dags/plugins/decreasing_priority_weight_strategy.py
[2025-11-11T18:16:50.842+0530] {processor.py:842} WARNING - No viable dags retrieved from /home/logi/txtai/venv/lib/python3.10/site-packages/airflow/example_dags/plugins/decreasing_priority_weight_strategy.py
[2025-11-11T18:16:50.863+0530] {processor.py:183} INFO - Processing /home/logi/txtai/venv/lib/python3.10/site-packages/airflow/example_dags/plugins/decreasing_priority_weight_strategy.py took 0.033 seconds
[2025-11-11T18:17:44.745+0530] {processor.py:161} INFO - Started process (PID=8979) to work on /home/logi/txtai/venv/lib/python3.10/site-packages/airflow/example_dags/plugins/decreasing_priority_weight_strategy.py
[2025-11-11T18:17:44.758+0530] {processor.py:830} INFO - Processing file /home/logi/txtai/venv/lib/python3.10/site-packages/airflow/example_dags/plugins/decreasing_priority_weight_strategy.py for tasks to queue
[2025-11-11T18:17:44.761+0530] {logging_mixin.py:188} INFO - [2025-11-11T18:17:44.760+0530] {dagbag.py:545} INFO - Filling up the DagBag from /home/logi/txtai/venv/lib/python3.10/site-packages/airflow/example_dags/plugins/decreasing_priority_weight_strategy.py
[2025-11-11T18:17:44.765+0530] {processor.py:842} WARNING - No viable dags retrieved from /home/logi/txtai/venv/lib/python3.10/site-packages/airflow/example_dags/plugins/decreasing_priority_weight_strategy.py
[2025-11-11T18:17:44.791+0530] {processor.py:183} INFO - Processing /home/logi/txtai/venv/lib/python3.10/site-packages/airflow/example_dags/plugins/decreasing_priority_weight_strategy.py took 0.058 seconds
[2025-11-11T18:18:32.765+0530] {processor.py:161} INFO - Started process (PID=9189) to work on /home/logi/txtai/venv/lib/python3.10/site-packages/airflow/example_dags/plugins/decreasing_priority_weight_strategy.py
[2025-11-11T18:18:32.778+0530] {processor.py:830} INFO - Processing file /home/logi/txtai/venv/lib/python3.10/site-packages/airflow/example_dags/plugins/decreasing_priority_weight_strategy.py for tasks to queue
[2025-11-11T18:18:32.781+0530] {logging_mixin.py:188} INFO - [2025-11-11T18:18:32.780+0530] {dagbag.py:545} INFO - Filling up the DagBag from /home/logi/txtai/venv/lib/python3.10/site-packages/airflow/example_dags/plugins/decreasing_priority_weight_strategy.py
[2025-11-11T18:18:32.785+0530] {processor.py:842} WARNING - No viable dags retrieved from /home/logi/txtai/venv/lib/python3.10/site-packages/airflow/example_dags/plugins/decreasing_priority_weight_strategy.py
[2025-11-11T18:18:32.803+0530] {processor.py:183} INFO - Processing /home/logi/txtai/venv/lib/python3.10/site-packages/airflow/example_dags/plugins/decreasing_priority_weight_strategy.py took 0.049 seconds
[2025-11-11T18:19:20.128+0530] {processor.py:161} INFO - Started process (PID=9460) to work on /home/logi/txtai/venv/lib/python3.10/site-packages/airflow/example_dags/plugins/decreasing_priority_weight_strategy.py
[2025-11-11T18:19:20.143+0530] {processor.py:830} INFO - Processing file /home/logi/txtai/venv/lib/python3.10/site-packages/airflow/example_dags/plugins/decreasing_priority_weight_strategy.py for tasks to queue
[2025-11-11T18:19:20.146+0530] {logging_mixin.py:188} INFO - [2025-11-11T18:19:20.145+0530] {dagbag.py:545} INFO - Filling up the DagBag from /home/logi/txtai/venv/lib/python3.10/site-packages/airflow/example_dags/plugins/decreasing_priority_weight_strategy.py
[2025-11-11T18:19:20.150+0530] {processor.py:842} WARNING - No viable dags retrieved from /home/logi/txtai/venv/lib/python3.10/site-packages/airflow/example_dags/plugins/decreasing_priority_weight_strategy.py
[2025-11-11T18:19:20.168+0530] {processor.py:183} INFO - Processing /home/logi/txtai/venv/lib/python3.10/site-packages/airflow/example_dags/plugins/decreasing_priority_weight_strategy.py took 0.053 seconds
[2025-11-11T18:25:31.467+0530] {processor.py:161} INFO - Started process (PID=10383) to work on /home/logi/txtai/venv/lib/python3.10/site-packages/airflow/example_dags/plugins/decreasing_priority_weight_strategy.py
[2025-11-11T18:25:31.481+0530] {processor.py:830} INFO - Processing file /home/logi/txtai/venv/lib/python3.10/site-packages/airflow/example_dags/plugins/decreasing_priority_weight_strategy.py for tasks to queue
[2025-11-11T18:25:31.484+0530] {logging_mixin.py:188} INFO - [2025-11-11T18:25:31.483+0530] {dagbag.py:545} INFO - Filling up the DagBag from /home/logi/txtai/venv/lib/python3.10/site-packages/airflow/example_dags/plugins/decreasing_priority_weight_strategy.py
[2025-11-11T18:25:31.488+0530] {processor.py:842} WARNING - No viable dags retrieved from /home/logi/txtai/venv/lib/python3.10/site-packages/airflow/example_dags/plugins/decreasing_priority_weight_strategy.py
[2025-11-11T18:25:31.506+0530] {processor.py:183} INFO - Processing /home/logi/txtai/venv/lib/python3.10/site-packages/airflow/example_dags/plugins/decreasing_priority_weight_strategy.py took 0.051 seconds
[2025-11-11T18:26:30.890+0530] {processor.py:161} INFO - Started process (PID=10567) to work on /home/logi/txtai/venv/lib/python3.10/site-packages/airflow/example_dags/plugins/decreasing_priority_weight_strategy.py
[2025-11-11T18:26:30.904+0530] {processor.py:830} INFO - Processing file /home/logi/txtai/venv/lib/python3.10/site-packages/airflow/example_dags/plugins/decreasing_priority_weight_strategy.py for tasks to queue
[2025-11-11T18:26:30.907+0530] {logging_mixin.py:188} INFO - [2025-11-11T18:26:30.906+0530] {dagbag.py:545} INFO - Filling up the DagBag from /home/logi/txtai/venv/lib/python3.10/site-packages/airflow/example_dags/plugins/decreasing_priority_weight_strategy.py
[2025-11-11T18:26:30.911+0530] {processor.py:842} WARNING - No viable dags retrieved from /home/logi/txtai/venv/lib/python3.10/site-packages/airflow/example_dags/plugins/decreasing_priority_weight_strategy.py
[2025-11-11T18:26:30.929+0530] {processor.py:183} INFO - Processing /home/logi/txtai/venv/lib/python3.10/site-packages/airflow/example_dags/plugins/decreasing_priority_weight_strategy.py took 0.049 seconds
[2025-11-11T18:27:24.380+0530] {processor.py:161} INFO - Started process (PID=10633) to work on /home/logi/txtai/venv/lib/python3.10/site-packages/airflow/example_dags/plugins/decreasing_priority_weight_strategy.py
[2025-11-11T18:27:24.393+0530] {processor.py:830} INFO - Processing file /home/logi/txtai/venv/lib/python3.10/site-packages/airflow/example_dags/plugins/decreasing_priority_weight_strategy.py for tasks to queue
[2025-11-11T18:27:24.396+0530] {logging_mixin.py:188} INFO - [2025-11-11T18:27:24.396+0530] {dagbag.py:545} INFO - Filling up the DagBag from /home/logi/txtai/venv/lib/python3.10/site-packages/airflow/example_dags/plugins/decreasing_priority_weight_strategy.py
[2025-11-11T18:27:24.400+0530] {processor.py:842} WARNING - No viable dags retrieved from /home/logi/txtai/venv/lib/python3.10/site-packages/airflow/example_dags/plugins/decreasing_priority_weight_strategy.py
[2025-11-11T18:27:24.419+0530] {processor.py:183} INFO - Processing /home/logi/txtai/venv/lib/python3.10/site-packages/airflow/example_dags/plugins/decreasing_priority_weight_strategy.py took 0.050 seconds
[2025-11-11T18:28:13.664+0530] {processor.py:161} INFO - Started process (PID=10694) to work on /home/logi/txtai/venv/lib/python3.10/site-packages/airflow/example_dags/plugins/decreasing_priority_weight_strategy.py
[2025-11-11T18:28:13.678+0530] {processor.py:830} INFO - Processing file /home/logi/txtai/venv/lib/python3.10/site-packages/airflow/example_dags/plugins/decreasing_priority_weight_strategy.py for tasks to queue
[2025-11-11T18:28:13.681+0530] {logging_mixin.py:188} INFO - [2025-11-11T18:28:13.681+0530] {dagbag.py:545} INFO - Filling up the DagBag from /home/logi/txtai/venv/lib/python3.10/site-packages/airflow/example_dags/plugins/decreasing_priority_weight_strategy.py
[2025-11-11T18:28:13.685+0530] {processor.py:842} WARNING - No viable dags retrieved from /home/logi/txtai/venv/lib/python3.10/site-packages/airflow/example_dags/plugins/decreasing_priority_weight_strategy.py
[2025-11-11T18:28:13.704+0530] {processor.py:183} INFO - Processing /home/logi/txtai/venv/lib/python3.10/site-packages/airflow/example_dags/plugins/decreasing_priority_weight_strategy.py took 0.052 seconds
[2025-11-11T18:29:03.509+0530] {processor.py:161} INFO - Started process (PID=10770) to work on /home/logi/txtai/venv/lib/python3.10/site-packages/airflow/example_dags/plugins/decreasing_priority_weight_strategy.py
[2025-11-11T18:29:03.522+0530] {processor.py:830} INFO - Processing file /home/logi/txtai/venv/lib/python3.10/site-packages/airflow/example_dags/plugins/decreasing_priority_weight_strategy.py for tasks to queue
[2025-11-11T18:29:03.525+0530] {logging_mixin.py:188} INFO - [2025-11-11T18:29:03.525+0530] {dagbag.py:545} INFO - Filling up the DagBag from /home/logi/txtai/venv/lib/python3.10/site-packages/airflow/example_dags/plugins/decreasing_priority_weight_strategy.py
[2025-11-11T18:29:03.529+0530] {processor.py:842} WARNING - No viable dags retrieved from /home/logi/txtai/venv/lib/python3.10/site-packages/airflow/example_dags/plugins/decreasing_priority_weight_strategy.py
[2025-11-11T18:29:03.547+0530] {processor.py:183} INFO - Processing /home/logi/txtai/venv/lib/python3.10/site-packages/airflow/example_dags/plugins/decreasing_priority_weight_strategy.py took 0.049 seconds
[2025-11-11T18:29:54.675+0530] {processor.py:161} INFO - Started process (PID=10851) to work on /home/logi/txtai/venv/lib/python3.10/site-packages/airflow/example_dags/plugins/decreasing_priority_weight_strategy.py
[2025-11-11T18:29:54.688+0530] {processor.py:830} INFO - Processing file /home/logi/txtai/venv/lib/python3.10/site-packages/airflow/example_dags/plugins/decreasing_priority_weight_strategy.py for tasks to queue
[2025-11-11T18:29:54.692+0530] {logging_mixin.py:188} INFO - [2025-11-11T18:29:54.691+0530] {dagbag.py:545} INFO - Filling up the DagBag from /home/logi/txtai/venv/lib/python3.10/site-packages/airflow/example_dags/plugins/decreasing_priority_weight_strategy.py
[2025-11-11T18:29:54.695+0530] {processor.py:842} WARNING - No viable dags retrieved from /home/logi/txtai/venv/lib/python3.10/site-packages/airflow/example_dags/plugins/decreasing_priority_weight_strategy.py
[2025-11-11T18:29:54.713+0530] {processor.py:183} INFO - Processing /home/logi/txtai/venv/lib/python3.10/site-packages/airflow/example_dags/plugins/decreasing_priority_weight_strategy.py took 0.050 seconds
[2025-11-11T18:30:46.585+0530] {processor.py:161} INFO - Started process (PID=10942) to work on /home/logi/txtai/venv/lib/python3.10/site-packages/airflow/example_dags/plugins/decreasing_priority_weight_strategy.py
[2025-11-11T18:30:46.599+0530] {processor.py:830} INFO - Processing file /home/logi/txtai/venv/lib/python3.10/site-packages/airflow/example_dags/plugins/decreasing_priority_weight_strategy.py for tasks to queue
[2025-11-11T18:30:46.602+0530] {logging_mixin.py:188} INFO - [2025-11-11T18:30:46.601+0530] {dagbag.py:545} INFO - Filling up the DagBag from /home/logi/txtai/venv/lib/python3.10/site-packages/airflow/example_dags/plugins/decreasing_priority_weight_strategy.py
[2025-11-11T18:30:46.605+0530] {processor.py:842} WARNING - No viable dags retrieved from /home/logi/txtai/venv/lib/python3.10/site-packages/airflow/example_dags/plugins/decreasing_priority_weight_strategy.py
[2025-11-11T18:30:46.624+0530] {processor.py:183} INFO - Processing /home/logi/txtai/venv/lib/python3.10/site-packages/airflow/example_dags/plugins/decreasing_priority_weight_strategy.py took 0.051 seconds
[2025-11-11T18:31:36.101+0530] {processor.py:161} INFO - Started process (PID=11001) to work on /home/logi/txtai/venv/lib/python3.10/site-packages/airflow/example_dags/plugins/decreasing_priority_weight_strategy.py
[2025-11-11T18:31:36.115+0530] {processor.py:830} INFO - Processing file /home/logi/txtai/venv/lib/python3.10/site-packages/airflow/example_dags/plugins/decreasing_priority_weight_strategy.py for tasks to queue
[2025-11-11T18:31:36.118+0530] {logging_mixin.py:188} INFO - [2025-11-11T18:31:36.118+0530] {dagbag.py:545} INFO - Filling up the DagBag from /home/logi/txtai/venv/lib/python3.10/site-packages/airflow/example_dags/plugins/decreasing_priority_weight_strategy.py
[2025-11-11T18:31:36.122+0530] {processor.py:842} WARNING - No viable dags retrieved from /home/logi/txtai/venv/lib/python3.10/site-packages/airflow/example_dags/plugins/decreasing_priority_weight_strategy.py
[2025-11-11T18:31:36.141+0530] {processor.py:183} INFO - Processing /home/logi/txtai/venv/lib/python3.10/site-packages/airflow/example_dags/plugins/decreasing_priority_weight_strategy.py took 0.051 seconds
[2025-11-11T18:32:26.937+0530] {processor.py:161} INFO - Started process (PID=11061) to work on /home/logi/txtai/venv/lib/python3.10/site-packages/airflow/example_dags/plugins/decreasing_priority_weight_strategy.py
[2025-11-11T18:32:26.952+0530] {processor.py:830} INFO - Processing file /home/logi/txtai/venv/lib/python3.10/site-packages/airflow/example_dags/plugins/decreasing_priority_weight_strategy.py for tasks to queue
[2025-11-11T18:32:26.955+0530] {logging_mixin.py:188} INFO - [2025-11-11T18:32:26.954+0530] {dagbag.py:545} INFO - Filling up the DagBag from /home/logi/txtai/venv/lib/python3.10/site-packages/airflow/example_dags/plugins/decreasing_priority_weight_strategy.py
[2025-11-11T18:32:26.959+0530] {processor.py:842} WARNING - No viable dags retrieved from /home/logi/txtai/venv/lib/python3.10/site-packages/airflow/example_dags/plugins/decreasing_priority_weight_strategy.py
[2025-11-11T18:32:26.978+0530] {processor.py:183} INFO - Processing /home/logi/txtai/venv/lib/python3.10/site-packages/airflow/example_dags/plugins/decreasing_priority_weight_strategy.py took 0.052 seconds
[2025-11-11T18:33:19.235+0530] {processor.py:161} INFO - Started process (PID=11122) to work on /home/logi/txtai/venv/lib/python3.10/site-packages/airflow/example_dags/plugins/decreasing_priority_weight_strategy.py
[2025-11-11T18:33:19.249+0530] {processor.py:830} INFO - Processing file /home/logi/txtai/venv/lib/python3.10/site-packages/airflow/example_dags/plugins/decreasing_priority_weight_strategy.py for tasks to queue
[2025-11-11T18:33:19.252+0530] {logging_mixin.py:188} INFO - [2025-11-11T18:33:19.251+0530] {dagbag.py:545} INFO - Filling up the DagBag from /home/logi/txtai/venv/lib/python3.10/site-packages/airflow/example_dags/plugins/decreasing_priority_weight_strategy.py
[2025-11-11T18:33:19.255+0530] {processor.py:842} WARNING - No viable dags retrieved from /home/logi/txtai/venv/lib/python3.10/site-packages/airflow/example_dags/plugins/decreasing_priority_weight_strategy.py
[2025-11-11T18:33:19.274+0530] {processor.py:183} INFO - Processing /home/logi/txtai/venv/lib/python3.10/site-packages/airflow/example_dags/plugins/decreasing_priority_weight_strategy.py took 0.051 seconds
[2025-11-11T18:34:10.098+0530] {processor.py:161} INFO - Started process (PID=11187) to work on /home/logi/txtai/venv/lib/python3.10/site-packages/airflow/example_dags/plugins/decreasing_priority_weight_strategy.py
[2025-11-11T18:34:10.111+0530] {processor.py:830} INFO - Processing file /home/logi/txtai/venv/lib/python3.10/site-packages/airflow/example_dags/plugins/decreasing_priority_weight_strategy.py for tasks to queue
[2025-11-11T18:34:10.114+0530] {logging_mixin.py:188} INFO - [2025-11-11T18:34:10.113+0530] {dagbag.py:545} INFO - Filling up the DagBag from /home/logi/txtai/venv/lib/python3.10/site-packages/airflow/example_dags/plugins/decreasing_priority_weight_strategy.py
[2025-11-11T18:34:10.117+0530] {processor.py:842} WARNING - No viable dags retrieved from /home/logi/txtai/venv/lib/python3.10/site-packages/airflow/example_dags/plugins/decreasing_priority_weight_strategy.py
[2025-11-11T18:34:10.136+0530] {processor.py:183} INFO - Processing /home/logi/txtai/venv/lib/python3.10/site-packages/airflow/example_dags/plugins/decreasing_priority_weight_strategy.py took 0.050 seconds
[2025-11-11T18:35:02.673+0530] {processor.py:161} INFO - Started process (PID=11252) to work on /home/logi/txtai/venv/lib/python3.10/site-packages/airflow/example_dags/plugins/decreasing_priority_weight_strategy.py
[2025-11-11T18:35:02.686+0530] {processor.py:830} INFO - Processing file /home/logi/txtai/venv/lib/python3.10/site-packages/airflow/example_dags/plugins/decreasing_priority_weight_strategy.py for tasks to queue
[2025-11-11T18:35:02.689+0530] {logging_mixin.py:188} INFO - [2025-11-11T18:35:02.689+0530] {dagbag.py:545} INFO - Filling up the DagBag from /home/logi/txtai/venv/lib/python3.10/site-packages/airflow/example_dags/plugins/decreasing_priority_weight_strategy.py
[2025-11-11T18:35:02.693+0530] {processor.py:842} WARNING - No viable dags retrieved from /home/logi/txtai/venv/lib/python3.10/site-packages/airflow/example_dags/plugins/decreasing_priority_weight_strategy.py
[2025-11-11T18:35:02.711+0530] {processor.py:183} INFO - Processing /home/logi/txtai/venv/lib/python3.10/site-packages/airflow/example_dags/plugins/decreasing_priority_weight_strategy.py took 0.050 seconds
[2025-11-11T18:35:52.747+0530] {processor.py:161} INFO - Started process (PID=11340) to work on /home/logi/txtai/venv/lib/python3.10/site-packages/airflow/example_dags/plugins/decreasing_priority_weight_strategy.py
[2025-11-11T18:35:52.761+0530] {processor.py:830} INFO - Processing file /home/logi/txtai/venv/lib/python3.10/site-packages/airflow/example_dags/plugins/decreasing_priority_weight_strategy.py for tasks to queue
[2025-11-11T18:35:52.764+0530] {logging_mixin.py:188} INFO - [2025-11-11T18:35:52.764+0530] {dagbag.py:545} INFO - Filling up the DagBag from /home/logi/txtai/venv/lib/python3.10/site-packages/airflow/example_dags/plugins/decreasing_priority_weight_strategy.py
[2025-11-11T18:35:52.768+0530] {processor.py:842} WARNING - No viable dags retrieved from /home/logi/txtai/venv/lib/python3.10/site-packages/airflow/example_dags/plugins/decreasing_priority_weight_strategy.py
[2025-11-11T18:35:52.786+0530] {processor.py:183} INFO - Processing /home/logi/txtai/venv/lib/python3.10/site-packages/airflow/example_dags/plugins/decreasing_priority_weight_strategy.py took 0.051 seconds
[2025-11-11T18:36:42.095+0530] {processor.py:161} INFO - Started process (PID=11399) to work on /home/logi/txtai/venv/lib/python3.10/site-packages/airflow/example_dags/plugins/decreasing_priority_weight_strategy.py
[2025-11-11T18:36:42.108+0530] {processor.py:830} INFO - Processing file /home/logi/txtai/venv/lib/python3.10/site-packages/airflow/example_dags/plugins/decreasing_priority_weight_strategy.py for tasks to queue
[2025-11-11T18:36:42.111+0530] {logging_mixin.py:188} INFO - [2025-11-11T18:36:42.110+0530] {dagbag.py:545} INFO - Filling up the DagBag from /home/logi/txtai/venv/lib/python3.10/site-packages/airflow/example_dags/plugins/decreasing_priority_weight_strategy.py
[2025-11-11T18:36:42.115+0530] {processor.py:842} WARNING - No viable dags retrieved from /home/logi/txtai/venv/lib/python3.10/site-packages/airflow/example_dags/plugins/decreasing_priority_weight_strategy.py
[2025-11-11T18:36:42.134+0530] {processor.py:183} INFO - Processing /home/logi/txtai/venv/lib/python3.10/site-packages/airflow/example_dags/plugins/decreasing_priority_weight_strategy.py took 0.051 seconds
[2025-11-11T18:37:33.177+0530] {processor.py:161} INFO - Started process (PID=11461) to work on /home/logi/txtai/venv/lib/python3.10/site-packages/airflow/example_dags/plugins/decreasing_priority_weight_strategy.py
[2025-11-11T18:37:33.190+0530] {processor.py:830} INFO - Processing file /home/logi/txtai/venv/lib/python3.10/site-packages/airflow/example_dags/plugins/decreasing_priority_weight_strategy.py for tasks to queue
[2025-11-11T18:37:33.193+0530] {logging_mixin.py:188} INFO - [2025-11-11T18:37:33.193+0530] {dagbag.py:545} INFO - Filling up the DagBag from /home/logi/txtai/venv/lib/python3.10/site-packages/airflow/example_dags/plugins/decreasing_priority_weight_strategy.py
[2025-11-11T18:37:33.197+0530] {processor.py:842} WARNING - No viable dags retrieved from /home/logi/txtai/venv/lib/python3.10/site-packages/airflow/example_dags/plugins/decreasing_priority_weight_strategy.py
[2025-11-11T18:37:33.215+0530] {processor.py:183} INFO - Processing /home/logi/txtai/venv/lib/python3.10/site-packages/airflow/example_dags/plugins/decreasing_priority_weight_strategy.py took 0.049 seconds
[2025-11-11T18:38:25.724+0530] {processor.py:161} INFO - Started process (PID=11520) to work on /home/logi/txtai/venv/lib/python3.10/site-packages/airflow/example_dags/plugins/decreasing_priority_weight_strategy.py
[2025-11-11T18:38:25.737+0530] {processor.py:830} INFO - Processing file /home/logi/txtai/venv/lib/python3.10/site-packages/airflow/example_dags/plugins/decreasing_priority_weight_strategy.py for tasks to queue
[2025-11-11T18:38:25.740+0530] {logging_mixin.py:188} INFO - [2025-11-11T18:38:25.740+0530] {dagbag.py:545} INFO - Filling up the DagBag from /home/logi/txtai/venv/lib/python3.10/site-packages/airflow/example_dags/plugins/decreasing_priority_weight_strategy.py
[2025-11-11T18:38:25.744+0530] {processor.py:842} WARNING - No viable dags retrieved from /home/logi/txtai/venv/lib/python3.10/site-packages/airflow/example_dags/plugins/decreasing_priority_weight_strategy.py
[2025-11-11T18:38:25.762+0530] {processor.py:183} INFO - Processing /home/logi/txtai/venv/lib/python3.10/site-packages/airflow/example_dags/plugins/decreasing_priority_weight_strategy.py took 0.050 seconds
[2025-11-11T18:39:18.340+0530] {processor.py:161} INFO - Started process (PID=11588) to work on /home/logi/txtai/venv/lib/python3.10/site-packages/airflow/example_dags/plugins/decreasing_priority_weight_strategy.py
[2025-11-11T18:39:18.354+0530] {processor.py:830} INFO - Processing file /home/logi/txtai/venv/lib/python3.10/site-packages/airflow/example_dags/plugins/decreasing_priority_weight_strategy.py for tasks to queue
[2025-11-11T18:39:18.357+0530] {logging_mixin.py:188} INFO - [2025-11-11T18:39:18.357+0530] {dagbag.py:545} INFO - Filling up the DagBag from /home/logi/txtai/venv/lib/python3.10/site-packages/airflow/example_dags/plugins/decreasing_priority_weight_strategy.py
[2025-11-11T18:39:18.361+0530] {processor.py:842} WARNING - No viable dags retrieved from /home/logi/txtai/venv/lib/python3.10/site-packages/airflow/example_dags/plugins/decreasing_priority_weight_strategy.py
[2025-11-11T18:39:18.379+0530] {processor.py:183} INFO - Processing /home/logi/txtai/venv/lib/python3.10/site-packages/airflow/example_dags/plugins/decreasing_priority_weight_strategy.py took 0.051 seconds
[2025-11-11T18:40:10.016+0530] {processor.py:161} INFO - Started process (PID=11650) to work on /home/logi/txtai/venv/lib/python3.10/site-packages/airflow/example_dags/plugins/decreasing_priority_weight_strategy.py
[2025-11-11T18:40:10.030+0530] {processor.py:830} INFO - Processing file /home/logi/txtai/venv/lib/python3.10/site-packages/airflow/example_dags/plugins/decreasing_priority_weight_strategy.py for tasks to queue
[2025-11-11T18:40:10.033+0530] {logging_mixin.py:188} INFO - [2025-11-11T18:40:10.032+0530] {dagbag.py:545} INFO - Filling up the DagBag from /home/logi/txtai/venv/lib/python3.10/site-packages/airflow/example_dags/plugins/decreasing_priority_weight_strategy.py
[2025-11-11T18:40:10.037+0530] {processor.py:842} WARNING - No viable dags retrieved from /home/logi/txtai/venv/lib/python3.10/site-packages/airflow/example_dags/plugins/decreasing_priority_weight_strategy.py
[2025-11-11T18:40:10.056+0530] {processor.py:183} INFO - Processing /home/logi/txtai/venv/lib/python3.10/site-packages/airflow/example_dags/plugins/decreasing_priority_weight_strategy.py took 0.051 seconds
[2025-11-11T18:40:58.078+0530] {processor.py:161} INFO - Started process (PID=11738) to work on /home/logi/txtai/venv/lib/python3.10/site-packages/airflow/example_dags/plugins/decreasing_priority_weight_strategy.py
[2025-11-11T18:40:58.080+0530] {processor.py:830} INFO - Processing file /home/logi/txtai/venv/lib/python3.10/site-packages/airflow/example_dags/plugins/decreasing_priority_weight_strategy.py for tasks to queue
[2025-11-11T18:40:58.083+0530] {logging_mixin.py:188} INFO - [2025-11-11T18:40:58.082+0530] {dagbag.py:545} INFO - Filling up the DagBag from /home/logi/txtai/venv/lib/python3.10/site-packages/airflow/example_dags/plugins/decreasing_priority_weight_strategy.py
[2025-11-11T18:40:58.087+0530] {processor.py:842} WARNING - No viable dags retrieved from /home/logi/txtai/venv/lib/python3.10/site-packages/airflow/example_dags/plugins/decreasing_priority_weight_strategy.py
[2025-11-11T18:40:58.105+0530] {processor.py:183} INFO - Processing /home/logi/txtai/venv/lib/python3.10/site-packages/airflow/example_dags/plugins/decreasing_priority_weight_strategy.py took 0.039 seconds
[2025-11-11T18:41:43.795+0530] {processor.py:161} INFO - Started process (PID=11795) to work on /home/logi/txtai/venv/lib/python3.10/site-packages/airflow/example_dags/plugins/decreasing_priority_weight_strategy.py
[2025-11-11T18:41:43.802+0530] {processor.py:830} INFO - Processing file /home/logi/txtai/venv/lib/python3.10/site-packages/airflow/example_dags/plugins/decreasing_priority_weight_strategy.py for tasks to queue
[2025-11-11T18:41:43.805+0530] {logging_mixin.py:188} INFO - [2025-11-11T18:41:43.805+0530] {dagbag.py:545} INFO - Filling up the DagBag from /home/logi/txtai/venv/lib/python3.10/site-packages/airflow/example_dags/plugins/decreasing_priority_weight_strategy.py
[2025-11-11T18:41:43.809+0530] {processor.py:842} WARNING - No viable dags retrieved from /home/logi/txtai/venv/lib/python3.10/site-packages/airflow/example_dags/plugins/decreasing_priority_weight_strategy.py
[2025-11-11T18:41:43.828+0530] {processor.py:183} INFO - Processing /home/logi/txtai/venv/lib/python3.10/site-packages/airflow/example_dags/plugins/decreasing_priority_weight_strategy.py took 0.044 seconds
[2025-11-11T18:42:32.342+0530] {processor.py:161} INFO - Started process (PID=11854) to work on /home/logi/txtai/venv/lib/python3.10/site-packages/airflow/example_dags/plugins/decreasing_priority_weight_strategy.py
[2025-11-11T18:42:32.356+0530] {processor.py:830} INFO - Processing file /home/logi/txtai/venv/lib/python3.10/site-packages/airflow/example_dags/plugins/decreasing_priority_weight_strategy.py for tasks to queue
[2025-11-11T18:42:32.359+0530] {logging_mixin.py:188} INFO - [2025-11-11T18:42:32.358+0530] {dagbag.py:545} INFO - Filling up the DagBag from /home/logi/txtai/venv/lib/python3.10/site-packages/airflow/example_dags/plugins/decreasing_priority_weight_strategy.py
[2025-11-11T18:42:32.363+0530] {processor.py:842} WARNING - No viable dags retrieved from /home/logi/txtai/venv/lib/python3.10/site-packages/airflow/example_dags/plugins/decreasing_priority_weight_strategy.py
[2025-11-11T18:42:32.380+0530] {processor.py:183} INFO - Processing /home/logi/txtai/venv/lib/python3.10/site-packages/airflow/example_dags/plugins/decreasing_priority_weight_strategy.py took 0.050 seconds
[2025-11-11T18:43:25.755+0530] {processor.py:161} INFO - Started process (PID=11916) to work on /home/logi/txtai/venv/lib/python3.10/site-packages/airflow/example_dags/plugins/decreasing_priority_weight_strategy.py
[2025-11-11T18:43:25.769+0530] {processor.py:830} INFO - Processing file /home/logi/txtai/venv/lib/python3.10/site-packages/airflow/example_dags/plugins/decreasing_priority_weight_strategy.py for tasks to queue
[2025-11-11T18:43:25.772+0530] {logging_mixin.py:188} INFO - [2025-11-11T18:43:25.771+0530] {dagbag.py:545} INFO - Filling up the DagBag from /home/logi/txtai/venv/lib/python3.10/site-packages/airflow/example_dags/plugins/decreasing_priority_weight_strategy.py
[2025-11-11T18:43:25.775+0530] {processor.py:842} WARNING - No viable dags retrieved from /home/logi/txtai/venv/lib/python3.10/site-packages/airflow/example_dags/plugins/decreasing_priority_weight_strategy.py
[2025-11-11T18:43:25.794+0530] {processor.py:183} INFO - Processing /home/logi/txtai/venv/lib/python3.10/site-packages/airflow/example_dags/plugins/decreasing_priority_weight_strategy.py took 0.050 seconds
[2025-11-11T18:44:17.064+0530] {processor.py:161} INFO - Started process (PID=11996) to work on /home/logi/txtai/venv/lib/python3.10/site-packages/airflow/example_dags/plugins/decreasing_priority_weight_strategy.py
[2025-11-11T18:44:17.078+0530] {processor.py:830} INFO - Processing file /home/logi/txtai/venv/lib/python3.10/site-packages/airflow/example_dags/plugins/decreasing_priority_weight_strategy.py for tasks to queue
[2025-11-11T18:44:17.081+0530] {logging_mixin.py:188} INFO - [2025-11-11T18:44:17.081+0530] {dagbag.py:545} INFO - Filling up the DagBag from /home/logi/txtai/venv/lib/python3.10/site-packages/airflow/example_dags/plugins/decreasing_priority_weight_strategy.py
[2025-11-11T18:44:17.085+0530] {processor.py:842} WARNING - No viable dags retrieved from /home/logi/txtai/venv/lib/python3.10/site-packages/airflow/example_dags/plugins/decreasing_priority_weight_strategy.py
[2025-11-11T18:44:17.104+0530] {processor.py:183} INFO - Processing /home/logi/txtai/venv/lib/python3.10/site-packages/airflow/example_dags/plugins/decreasing_priority_weight_strategy.py took 0.051 seconds
[2025-11-11T18:45:10.647+0530] {processor.py:161} INFO - Started process (PID=12062) to work on /home/logi/txtai/venv/lib/python3.10/site-packages/airflow/example_dags/plugins/decreasing_priority_weight_strategy.py
[2025-11-11T18:45:10.660+0530] {processor.py:830} INFO - Processing file /home/logi/txtai/venv/lib/python3.10/site-packages/airflow/example_dags/plugins/decreasing_priority_weight_strategy.py for tasks to queue
[2025-11-11T18:45:10.663+0530] {logging_mixin.py:188} INFO - [2025-11-11T18:45:10.663+0530] {dagbag.py:545} INFO - Filling up the DagBag from /home/logi/txtai/venv/lib/python3.10/site-packages/airflow/example_dags/plugins/decreasing_priority_weight_strategy.py
[2025-11-11T18:45:10.667+0530] {processor.py:842} WARNING - No viable dags retrieved from /home/logi/txtai/venv/lib/python3.10/site-packages/airflow/example_dags/plugins/decreasing_priority_weight_strategy.py
[2025-11-11T18:45:10.686+0530] {processor.py:183} INFO - Processing /home/logi/txtai/venv/lib/python3.10/site-packages/airflow/example_dags/plugins/decreasing_priority_weight_strategy.py took 0.051 seconds
[2025-11-11T18:46:00.779+0530] {processor.py:161} INFO - Started process (PID=12150) to work on /home/logi/txtai/venv/lib/python3.10/site-packages/airflow/example_dags/plugins/decreasing_priority_weight_strategy.py
[2025-11-11T18:46:00.793+0530] {processor.py:830} INFO - Processing file /home/logi/txtai/venv/lib/python3.10/site-packages/airflow/example_dags/plugins/decreasing_priority_weight_strategy.py for tasks to queue
[2025-11-11T18:46:00.796+0530] {logging_mixin.py:188} INFO - [2025-11-11T18:46:00.795+0530] {dagbag.py:545} INFO - Filling up the DagBag from /home/logi/txtai/venv/lib/python3.10/site-packages/airflow/example_dags/plugins/decreasing_priority_weight_strategy.py
[2025-11-11T18:46:00.799+0530] {processor.py:842} WARNING - No viable dags retrieved from /home/logi/txtai/venv/lib/python3.10/site-packages/airflow/example_dags/plugins/decreasing_priority_weight_strategy.py
[2025-11-11T18:46:00.818+0530] {processor.py:183} INFO - Processing /home/logi/txtai/venv/lib/python3.10/site-packages/airflow/example_dags/plugins/decreasing_priority_weight_strategy.py took 0.051 seconds
[2025-11-11T18:46:50.314+0530] {processor.py:161} INFO - Started process (PID=12209) to work on /home/logi/txtai/venv/lib/python3.10/site-packages/airflow/example_dags/plugins/decreasing_priority_weight_strategy.py
[2025-11-11T18:46:50.328+0530] {processor.py:830} INFO - Processing file /home/logi/txtai/venv/lib/python3.10/site-packages/airflow/example_dags/plugins/decreasing_priority_weight_strategy.py for tasks to queue
[2025-11-11T18:46:50.331+0530] {logging_mixin.py:188} INFO - [2025-11-11T18:46:50.330+0530] {dagbag.py:545} INFO - Filling up the DagBag from /home/logi/txtai/venv/lib/python3.10/site-packages/airflow/example_dags/plugins/decreasing_priority_weight_strategy.py
[2025-11-11T18:46:50.335+0530] {processor.py:842} WARNING - No viable dags retrieved from /home/logi/txtai/venv/lib/python3.10/site-packages/airflow/example_dags/plugins/decreasing_priority_weight_strategy.py
[2025-11-11T18:46:50.354+0530] {processor.py:183} INFO - Processing /home/logi/txtai/venv/lib/python3.10/site-packages/airflow/example_dags/plugins/decreasing_priority_weight_strategy.py took 0.051 seconds
[2025-11-11T18:47:45.198+0530] {processor.py:161} INFO - Started process (PID=12272) to work on /home/logi/txtai/venv/lib/python3.10/site-packages/airflow/example_dags/plugins/decreasing_priority_weight_strategy.py
[2025-11-11T18:47:45.211+0530] {processor.py:830} INFO - Processing file /home/logi/txtai/venv/lib/python3.10/site-packages/airflow/example_dags/plugins/decreasing_priority_weight_strategy.py for tasks to queue
[2025-11-11T18:47:45.214+0530] {logging_mixin.py:188} INFO - [2025-11-11T18:47:45.213+0530] {dagbag.py:545} INFO - Filling up the DagBag from /home/logi/txtai/venv/lib/python3.10/site-packages/airflow/example_dags/plugins/decreasing_priority_weight_strategy.py
[2025-11-11T18:47:45.218+0530] {processor.py:842} WARNING - No viable dags retrieved from /home/logi/txtai/venv/lib/python3.10/site-packages/airflow/example_dags/plugins/decreasing_priority_weight_strategy.py
[2025-11-11T18:47:45.236+0530] {processor.py:183} INFO - Processing /home/logi/txtai/venv/lib/python3.10/site-packages/airflow/example_dags/plugins/decreasing_priority_weight_strategy.py took 0.050 seconds
[2025-11-11T18:48:39.543+0530] {processor.py:161} INFO - Started process (PID=12336) to work on /home/logi/txtai/venv/lib/python3.10/site-packages/airflow/example_dags/plugins/decreasing_priority_weight_strategy.py
[2025-11-11T18:48:39.557+0530] {processor.py:830} INFO - Processing file /home/logi/txtai/venv/lib/python3.10/site-packages/airflow/example_dags/plugins/decreasing_priority_weight_strategy.py for tasks to queue
[2025-11-11T18:48:39.560+0530] {logging_mixin.py:188} INFO - [2025-11-11T18:48:39.559+0530] {dagbag.py:545} INFO - Filling up the DagBag from /home/logi/txtai/venv/lib/python3.10/site-packages/airflow/example_dags/plugins/decreasing_priority_weight_strategy.py
[2025-11-11T18:48:39.563+0530] {processor.py:842} WARNING - No viable dags retrieved from /home/logi/txtai/venv/lib/python3.10/site-packages/airflow/example_dags/plugins/decreasing_priority_weight_strategy.py
[2025-11-11T18:48:39.583+0530] {processor.py:183} INFO - Processing /home/logi/txtai/venv/lib/python3.10/site-packages/airflow/example_dags/plugins/decreasing_priority_weight_strategy.py took 0.051 seconds
[2025-11-11T18:51:35.111+0530] {processor.py:161} INFO - Started process (PID=12591) to work on /home/logi/txtai/venv/lib/python3.10/site-packages/airflow/example_dags/plugins/decreasing_priority_weight_strategy.py
[2025-11-11T18:51:35.124+0530] {processor.py:830} INFO - Processing file /home/logi/txtai/venv/lib/python3.10/site-packages/airflow/example_dags/plugins/decreasing_priority_weight_strategy.py for tasks to queue
[2025-11-11T18:51:35.129+0530] {logging_mixin.py:188} INFO - [2025-11-11T18:51:35.128+0530] {dagbag.py:545} INFO - Filling up the DagBag from /home/logi/txtai/venv/lib/python3.10/site-packages/airflow/example_dags/plugins/decreasing_priority_weight_strategy.py
[2025-11-11T18:51:35.134+0530] {processor.py:842} WARNING - No viable dags retrieved from /home/logi/txtai/venv/lib/python3.10/site-packages/airflow/example_dags/plugins/decreasing_priority_weight_strategy.py
[2025-11-11T18:51:35.154+0530] {processor.py:183} INFO - Processing /home/logi/txtai/venv/lib/python3.10/site-packages/airflow/example_dags/plugins/decreasing_priority_weight_strategy.py took 0.054 seconds
[2025-11-11T18:52:10.307+0530] {processor.py:161} INFO - Started process (PID=12694) to work on /home/logi/txtai/venv/lib/python3.10/site-packages/airflow/example_dags/plugins/decreasing_priority_weight_strategy.py
[2025-11-11T18:52:10.323+0530] {processor.py:830} INFO - Processing file /home/logi/txtai/venv/lib/python3.10/site-packages/airflow/example_dags/plugins/decreasing_priority_weight_strategy.py for tasks to queue
[2025-11-11T18:52:10.326+0530] {logging_mixin.py:188} INFO - [2025-11-11T18:52:10.325+0530] {dagbag.py:545} INFO - Filling up the DagBag from /home/logi/txtai/venv/lib/python3.10/site-packages/airflow/example_dags/plugins/decreasing_priority_weight_strategy.py
[2025-11-11T18:52:10.330+0530] {processor.py:842} WARNING - No viable dags retrieved from /home/logi/txtai/venv/lib/python3.10/site-packages/airflow/example_dags/plugins/decreasing_priority_weight_strategy.py
[2025-11-11T18:52:10.350+0530] {processor.py:183} INFO - Processing /home/logi/txtai/venv/lib/python3.10/site-packages/airflow/example_dags/plugins/decreasing_priority_weight_strategy.py took 0.058 seconds
[2025-11-11T18:52:56.323+0530] {processor.py:161} INFO - Started process (PID=12801) to work on /home/logi/txtai/venv/lib/python3.10/site-packages/airflow/example_dags/plugins/decreasing_priority_weight_strategy.py
[2025-11-11T18:52:56.337+0530] {processor.py:830} INFO - Processing file /home/logi/txtai/venv/lib/python3.10/site-packages/airflow/example_dags/plugins/decreasing_priority_weight_strategy.py for tasks to queue
[2025-11-11T18:52:56.340+0530] {logging_mixin.py:188} INFO - [2025-11-11T18:52:56.339+0530] {dagbag.py:545} INFO - Filling up the DagBag from /home/logi/txtai/venv/lib/python3.10/site-packages/airflow/example_dags/plugins/decreasing_priority_weight_strategy.py
[2025-11-11T18:52:56.344+0530] {processor.py:842} WARNING - No viable dags retrieved from /home/logi/txtai/venv/lib/python3.10/site-packages/airflow/example_dags/plugins/decreasing_priority_weight_strategy.py
[2025-11-11T18:52:56.362+0530] {processor.py:183} INFO - Processing /home/logi/txtai/venv/lib/python3.10/site-packages/airflow/example_dags/plugins/decreasing_priority_weight_strategy.py took 0.050 seconds
[2025-11-11T18:53:49.604+0530] {processor.py:161} INFO - Started process (PID=12960) to work on /home/logi/txtai/venv/lib/python3.10/site-packages/airflow/example_dags/plugins/decreasing_priority_weight_strategy.py
[2025-11-11T18:53:49.618+0530] {processor.py:830} INFO - Processing file /home/logi/txtai/venv/lib/python3.10/site-packages/airflow/example_dags/plugins/decreasing_priority_weight_strategy.py for tasks to queue
[2025-11-11T18:53:49.621+0530] {logging_mixin.py:188} INFO - [2025-11-11T18:53:49.620+0530] {dagbag.py:545} INFO - Filling up the DagBag from /home/logi/txtai/venv/lib/python3.10/site-packages/airflow/example_dags/plugins/decreasing_priority_weight_strategy.py
[2025-11-11T18:53:49.625+0530] {processor.py:842} WARNING - No viable dags retrieved from /home/logi/txtai/venv/lib/python3.10/site-packages/airflow/example_dags/plugins/decreasing_priority_weight_strategy.py
[2025-11-11T18:53:49.644+0530] {processor.py:183} INFO - Processing /home/logi/txtai/venv/lib/python3.10/site-packages/airflow/example_dags/plugins/decreasing_priority_weight_strategy.py took 0.051 seconds
[2025-11-11T18:54:42.537+0530] {processor.py:161} INFO - Started process (PID=13059) to work on /home/logi/txtai/venv/lib/python3.10/site-packages/airflow/example_dags/plugins/decreasing_priority_weight_strategy.py
[2025-11-11T18:54:42.551+0530] {processor.py:830} INFO - Processing file /home/logi/txtai/venv/lib/python3.10/site-packages/airflow/example_dags/plugins/decreasing_priority_weight_strategy.py for tasks to queue
[2025-11-11T18:54:42.554+0530] {logging_mixin.py:188} INFO - [2025-11-11T18:54:42.553+0530] {dagbag.py:545} INFO - Filling up the DagBag from /home/logi/txtai/venv/lib/python3.10/site-packages/airflow/example_dags/plugins/decreasing_priority_weight_strategy.py
[2025-11-11T18:54:42.557+0530] {processor.py:842} WARNING - No viable dags retrieved from /home/logi/txtai/venv/lib/python3.10/site-packages/airflow/example_dags/plugins/decreasing_priority_weight_strategy.py
[2025-11-11T18:54:42.576+0530] {processor.py:183} INFO - Processing /home/logi/txtai/venv/lib/python3.10/site-packages/airflow/example_dags/plugins/decreasing_priority_weight_strategy.py took 0.050 seconds
[2025-11-11T18:55:34.814+0530] {processor.py:161} INFO - Started process (PID=13166) to work on /home/logi/txtai/venv/lib/python3.10/site-packages/airflow/example_dags/plugins/decreasing_priority_weight_strategy.py
[2025-11-11T18:55:34.827+0530] {processor.py:830} INFO - Processing file /home/logi/txtai/venv/lib/python3.10/site-packages/airflow/example_dags/plugins/decreasing_priority_weight_strategy.py for tasks to queue
[2025-11-11T18:55:34.831+0530] {logging_mixin.py:188} INFO - [2025-11-11T18:55:34.830+0530] {dagbag.py:545} INFO - Filling up the DagBag from /home/logi/txtai/venv/lib/python3.10/site-packages/airflow/example_dags/plugins/decreasing_priority_weight_strategy.py
[2025-11-11T18:55:34.834+0530] {processor.py:842} WARNING - No viable dags retrieved from /home/logi/txtai/venv/lib/python3.10/site-packages/airflow/example_dags/plugins/decreasing_priority_weight_strategy.py
[2025-11-11T18:55:34.853+0530] {processor.py:183} INFO - Processing /home/logi/txtai/venv/lib/python3.10/site-packages/airflow/example_dags/plugins/decreasing_priority_weight_strategy.py took 0.050 seconds
[2025-11-11T18:56:27.338+0530] {processor.py:161} INFO - Started process (PID=13234) to work on /home/logi/txtai/venv/lib/python3.10/site-packages/airflow/example_dags/plugins/decreasing_priority_weight_strategy.py
[2025-11-11T18:56:27.352+0530] {processor.py:830} INFO - Processing file /home/logi/txtai/venv/lib/python3.10/site-packages/airflow/example_dags/plugins/decreasing_priority_weight_strategy.py for tasks to queue
[2025-11-11T18:56:27.355+0530] {logging_mixin.py:188} INFO - [2025-11-11T18:56:27.354+0530] {dagbag.py:545} INFO - Filling up the DagBag from /home/logi/txtai/venv/lib/python3.10/site-packages/airflow/example_dags/plugins/decreasing_priority_weight_strategy.py
[2025-11-11T18:56:27.358+0530] {processor.py:842} WARNING - No viable dags retrieved from /home/logi/txtai/venv/lib/python3.10/site-packages/airflow/example_dags/plugins/decreasing_priority_weight_strategy.py
[2025-11-11T18:56:27.377+0530] {processor.py:183} INFO - Processing /home/logi/txtai/venv/lib/python3.10/site-packages/airflow/example_dags/plugins/decreasing_priority_weight_strategy.py took 0.050 seconds
[2025-11-11T18:57:18.591+0530] {processor.py:161} INFO - Started process (PID=13296) to work on /home/logi/txtai/venv/lib/python3.10/site-packages/airflow/example_dags/plugins/decreasing_priority_weight_strategy.py
[2025-11-11T18:57:18.604+0530] {processor.py:830} INFO - Processing file /home/logi/txtai/venv/lib/python3.10/site-packages/airflow/example_dags/plugins/decreasing_priority_weight_strategy.py for tasks to queue
[2025-11-11T18:57:18.607+0530] {logging_mixin.py:188} INFO - [2025-11-11T18:57:18.607+0530] {dagbag.py:545} INFO - Filling up the DagBag from /home/logi/txtai/venv/lib/python3.10/site-packages/airflow/example_dags/plugins/decreasing_priority_weight_strategy.py
[2025-11-11T18:57:18.611+0530] {processor.py:842} WARNING - No viable dags retrieved from /home/logi/txtai/venv/lib/python3.10/site-packages/airflow/example_dags/plugins/decreasing_priority_weight_strategy.py
[2025-11-11T18:57:18.631+0530] {processor.py:183} INFO - Processing /home/logi/txtai/venv/lib/python3.10/site-packages/airflow/example_dags/plugins/decreasing_priority_weight_strategy.py took 0.051 seconds
[2025-11-11T18:58:11.127+0530] {processor.py:161} INFO - Started process (PID=13384) to work on /home/logi/txtai/venv/lib/python3.10/site-packages/airflow/example_dags/plugins/decreasing_priority_weight_strategy.py
[2025-11-11T18:58:11.140+0530] {processor.py:830} INFO - Processing file /home/logi/txtai/venv/lib/python3.10/site-packages/airflow/example_dags/plugins/decreasing_priority_weight_strategy.py for tasks to queue
[2025-11-11T18:58:11.143+0530] {logging_mixin.py:188} INFO - [2025-11-11T18:58:11.143+0530] {dagbag.py:545} INFO - Filling up the DagBag from /home/logi/txtai/venv/lib/python3.10/site-packages/airflow/example_dags/plugins/decreasing_priority_weight_strategy.py
[2025-11-11T18:58:11.147+0530] {processor.py:842} WARNING - No viable dags retrieved from /home/logi/txtai/venv/lib/python3.10/site-packages/airflow/example_dags/plugins/decreasing_priority_weight_strategy.py
[2025-11-11T18:58:11.166+0530] {processor.py:183} INFO - Processing /home/logi/txtai/venv/lib/python3.10/site-packages/airflow/example_dags/plugins/decreasing_priority_weight_strategy.py took 0.050 seconds
[2025-11-11T18:59:02.198+0530] {processor.py:161} INFO - Started process (PID=13453) to work on /home/logi/txtai/venv/lib/python3.10/site-packages/airflow/example_dags/plugins/decreasing_priority_weight_strategy.py
[2025-11-11T18:59:02.212+0530] {processor.py:830} INFO - Processing file /home/logi/txtai/venv/lib/python3.10/site-packages/airflow/example_dags/plugins/decreasing_priority_weight_strategy.py for tasks to queue
[2025-11-11T18:59:02.215+0530] {logging_mixin.py:188} INFO - [2025-11-11T18:59:02.214+0530] {dagbag.py:545} INFO - Filling up the DagBag from /home/logi/txtai/venv/lib/python3.10/site-packages/airflow/example_dags/plugins/decreasing_priority_weight_strategy.py
[2025-11-11T18:59:02.218+0530] {processor.py:842} WARNING - No viable dags retrieved from /home/logi/txtai/venv/lib/python3.10/site-packages/airflow/example_dags/plugins/decreasing_priority_weight_strategy.py
[2025-11-11T18:59:02.237+0530] {processor.py:183} INFO - Processing /home/logi/txtai/venv/lib/python3.10/site-packages/airflow/example_dags/plugins/decreasing_priority_weight_strategy.py took 0.051 seconds
[2025-11-11T18:59:51.504+0530] {processor.py:161} INFO - Started process (PID=13549) to work on /home/logi/txtai/venv/lib/python3.10/site-packages/airflow/example_dags/plugins/decreasing_priority_weight_strategy.py
[2025-11-11T18:59:51.518+0530] {processor.py:830} INFO - Processing file /home/logi/txtai/venv/lib/python3.10/site-packages/airflow/example_dags/plugins/decreasing_priority_weight_strategy.py for tasks to queue
[2025-11-11T18:59:51.521+0530] {logging_mixin.py:188} INFO - [2025-11-11T18:59:51.521+0530] {dagbag.py:545} INFO - Filling up the DagBag from /home/logi/txtai/venv/lib/python3.10/site-packages/airflow/example_dags/plugins/decreasing_priority_weight_strategy.py
[2025-11-11T18:59:51.525+0530] {processor.py:842} WARNING - No viable dags retrieved from /home/logi/txtai/venv/lib/python3.10/site-packages/airflow/example_dags/plugins/decreasing_priority_weight_strategy.py
[2025-11-11T18:59:51.545+0530] {processor.py:183} INFO - Processing /home/logi/txtai/venv/lib/python3.10/site-packages/airflow/example_dags/plugins/decreasing_priority_weight_strategy.py took 0.052 seconds
[2025-11-11T19:00:40.912+0530] {processor.py:161} INFO - Started process (PID=13617) to work on /home/logi/txtai/venv/lib/python3.10/site-packages/airflow/example_dags/plugins/decreasing_priority_weight_strategy.py
[2025-11-11T19:00:40.925+0530] {processor.py:830} INFO - Processing file /home/logi/txtai/venv/lib/python3.10/site-packages/airflow/example_dags/plugins/decreasing_priority_weight_strategy.py for tasks to queue
[2025-11-11T19:00:40.928+0530] {logging_mixin.py:188} INFO - [2025-11-11T19:00:40.928+0530] {dagbag.py:545} INFO - Filling up the DagBag from /home/logi/txtai/venv/lib/python3.10/site-packages/airflow/example_dags/plugins/decreasing_priority_weight_strategy.py
[2025-11-11T19:00:40.932+0530] {processor.py:842} WARNING - No viable dags retrieved from /home/logi/txtai/venv/lib/python3.10/site-packages/airflow/example_dags/plugins/decreasing_priority_weight_strategy.py
[2025-11-11T19:00:40.952+0530] {processor.py:183} INFO - Processing /home/logi/txtai/venv/lib/python3.10/site-packages/airflow/example_dags/plugins/decreasing_priority_weight_strategy.py took 0.051 seconds
[2025-11-11T19:01:34.268+0530] {processor.py:161} INFO - Started process (PID=13680) to work on /home/logi/txtai/venv/lib/python3.10/site-packages/airflow/example_dags/plugins/decreasing_priority_weight_strategy.py
[2025-11-11T19:01:34.282+0530] {processor.py:830} INFO - Processing file /home/logi/txtai/venv/lib/python3.10/site-packages/airflow/example_dags/plugins/decreasing_priority_weight_strategy.py for tasks to queue
[2025-11-11T19:01:34.285+0530] {logging_mixin.py:188} INFO - [2025-11-11T19:01:34.285+0530] {dagbag.py:545} INFO - Filling up the DagBag from /home/logi/txtai/venv/lib/python3.10/site-packages/airflow/example_dags/plugins/decreasing_priority_weight_strategy.py
[2025-11-11T19:01:34.289+0530] {processor.py:842} WARNING - No viable dags retrieved from /home/logi/txtai/venv/lib/python3.10/site-packages/airflow/example_dags/plugins/decreasing_priority_weight_strategy.py
[2025-11-11T19:01:34.308+0530] {processor.py:183} INFO - Processing /home/logi/txtai/venv/lib/python3.10/site-packages/airflow/example_dags/plugins/decreasing_priority_weight_strategy.py took 0.051 seconds
[2025-11-11T19:02:25.391+0530] {processor.py:161} INFO - Started process (PID=13743) to work on /home/logi/txtai/venv/lib/python3.10/site-packages/airflow/example_dags/plugins/decreasing_priority_weight_strategy.py
[2025-11-11T19:02:25.405+0530] {processor.py:830} INFO - Processing file /home/logi/txtai/venv/lib/python3.10/site-packages/airflow/example_dags/plugins/decreasing_priority_weight_strategy.py for tasks to queue
[2025-11-11T19:02:25.408+0530] {logging_mixin.py:188} INFO - [2025-11-11T19:02:25.408+0530] {dagbag.py:545} INFO - Filling up the DagBag from /home/logi/txtai/venv/lib/python3.10/site-packages/airflow/example_dags/plugins/decreasing_priority_weight_strategy.py
[2025-11-11T19:02:25.412+0530] {processor.py:842} WARNING - No viable dags retrieved from /home/logi/txtai/venv/lib/python3.10/site-packages/airflow/example_dags/plugins/decreasing_priority_weight_strategy.py
[2025-11-11T19:02:25.431+0530] {processor.py:183} INFO - Processing /home/logi/txtai/venv/lib/python3.10/site-packages/airflow/example_dags/plugins/decreasing_priority_weight_strategy.py took 0.051 seconds
[2025-11-11T19:03:16.036+0530] {processor.py:161} INFO - Started process (PID=13835) to work on /home/logi/txtai/venv/lib/python3.10/site-packages/airflow/example_dags/plugins/decreasing_priority_weight_strategy.py
[2025-11-11T19:03:16.050+0530] {processor.py:830} INFO - Processing file /home/logi/txtai/venv/lib/python3.10/site-packages/airflow/example_dags/plugins/decreasing_priority_weight_strategy.py for tasks to queue
[2025-11-11T19:03:16.053+0530] {logging_mixin.py:188} INFO - [2025-11-11T19:03:16.052+0530] {dagbag.py:545} INFO - Filling up the DagBag from /home/logi/txtai/venv/lib/python3.10/site-packages/airflow/example_dags/plugins/decreasing_priority_weight_strategy.py
[2025-11-11T19:03:16.057+0530] {processor.py:842} WARNING - No viable dags retrieved from /home/logi/txtai/venv/lib/python3.10/site-packages/airflow/example_dags/plugins/decreasing_priority_weight_strategy.py
[2025-11-11T19:03:16.076+0530] {processor.py:183} INFO - Processing /home/logi/txtai/venv/lib/python3.10/site-packages/airflow/example_dags/plugins/decreasing_priority_weight_strategy.py took 0.051 seconds
[2025-11-11T19:04:05.367+0530] {processor.py:161} INFO - Started process (PID=13897) to work on /home/logi/txtai/venv/lib/python3.10/site-packages/airflow/example_dags/plugins/decreasing_priority_weight_strategy.py
[2025-11-11T19:04:05.380+0530] {processor.py:830} INFO - Processing file /home/logi/txtai/venv/lib/python3.10/site-packages/airflow/example_dags/plugins/decreasing_priority_weight_strategy.py for tasks to queue
[2025-11-11T19:04:05.383+0530] {logging_mixin.py:188} INFO - [2025-11-11T19:04:05.382+0530] {dagbag.py:545} INFO - Filling up the DagBag from /home/logi/txtai/venv/lib/python3.10/site-packages/airflow/example_dags/plugins/decreasing_priority_weight_strategy.py
[2025-11-11T19:04:05.387+0530] {processor.py:842} WARNING - No viable dags retrieved from /home/logi/txtai/venv/lib/python3.10/site-packages/airflow/example_dags/plugins/decreasing_priority_weight_strategy.py
[2025-11-11T19:04:05.405+0530] {processor.py:183} INFO - Processing /home/logi/txtai/venv/lib/python3.10/site-packages/airflow/example_dags/plugins/decreasing_priority_weight_strategy.py took 0.050 seconds
[2025-11-11T19:04:58.575+0530] {processor.py:161} INFO - Started process (PID=14001) to work on /home/logi/txtai/venv/lib/python3.10/site-packages/airflow/example_dags/plugins/decreasing_priority_weight_strategy.py
[2025-11-11T19:04:58.588+0530] {processor.py:830} INFO - Processing file /home/logi/txtai/venv/lib/python3.10/site-packages/airflow/example_dags/plugins/decreasing_priority_weight_strategy.py for tasks to queue
[2025-11-11T19:04:58.592+0530] {logging_mixin.py:188} INFO - [2025-11-11T19:04:58.591+0530] {dagbag.py:545} INFO - Filling up the DagBag from /home/logi/txtai/venv/lib/python3.10/site-packages/airflow/example_dags/plugins/decreasing_priority_weight_strategy.py
[2025-11-11T19:04:58.594+0530] {processor.py:842} WARNING - No viable dags retrieved from /home/logi/txtai/venv/lib/python3.10/site-packages/airflow/example_dags/plugins/decreasing_priority_weight_strategy.py
[2025-11-11T19:04:58.617+0530] {processor.py:183} INFO - Processing /home/logi/txtai/venv/lib/python3.10/site-packages/airflow/example_dags/plugins/decreasing_priority_weight_strategy.py took 0.055 seconds
[2025-11-11T19:05:48.391+0530] {processor.py:161} INFO - Started process (PID=14110) to work on /home/logi/txtai/venv/lib/python3.10/site-packages/airflow/example_dags/plugins/decreasing_priority_weight_strategy.py
[2025-11-11T19:05:48.404+0530] {processor.py:830} INFO - Processing file /home/logi/txtai/venv/lib/python3.10/site-packages/airflow/example_dags/plugins/decreasing_priority_weight_strategy.py for tasks to queue
[2025-11-11T19:05:48.408+0530] {logging_mixin.py:188} INFO - [2025-11-11T19:05:48.407+0530] {dagbag.py:545} INFO - Filling up the DagBag from /home/logi/txtai/venv/lib/python3.10/site-packages/airflow/example_dags/plugins/decreasing_priority_weight_strategy.py
[2025-11-11T19:05:48.411+0530] {processor.py:842} WARNING - No viable dags retrieved from /home/logi/txtai/venv/lib/python3.10/site-packages/airflow/example_dags/plugins/decreasing_priority_weight_strategy.py
[2025-11-11T19:05:48.430+0530] {processor.py:183} INFO - Processing /home/logi/txtai/venv/lib/python3.10/site-packages/airflow/example_dags/plugins/decreasing_priority_weight_strategy.py took 0.050 seconds
[2025-11-11T19:06:33.867+0530] {processor.py:161} INFO - Started process (PID=14190) to work on /home/logi/txtai/venv/lib/python3.10/site-packages/airflow/example_dags/plugins/decreasing_priority_weight_strategy.py
[2025-11-11T19:06:33.880+0530] {processor.py:830} INFO - Processing file /home/logi/txtai/venv/lib/python3.10/site-packages/airflow/example_dags/plugins/decreasing_priority_weight_strategy.py for tasks to queue
[2025-11-11T19:06:33.883+0530] {logging_mixin.py:188} INFO - [2025-11-11T19:06:33.883+0530] {dagbag.py:545} INFO - Filling up the DagBag from /home/logi/txtai/venv/lib/python3.10/site-packages/airflow/example_dags/plugins/decreasing_priority_weight_strategy.py
[2025-11-11T19:06:33.886+0530] {processor.py:842} WARNING - No viable dags retrieved from /home/logi/txtai/venv/lib/python3.10/site-packages/airflow/example_dags/plugins/decreasing_priority_weight_strategy.py
[2025-11-11T19:06:33.904+0530] {processor.py:183} INFO - Processing /home/logi/txtai/venv/lib/python3.10/site-packages/airflow/example_dags/plugins/decreasing_priority_weight_strategy.py took 0.048 seconds
[2025-11-11T19:08:33.818+0530] {processor.py:161} INFO - Started process (PID=14712) to work on /home/logi/txtai/venv/lib/python3.10/site-packages/airflow/example_dags/plugins/decreasing_priority_weight_strategy.py
[2025-11-11T19:08:33.831+0530] {processor.py:830} INFO - Processing file /home/logi/txtai/venv/lib/python3.10/site-packages/airflow/example_dags/plugins/decreasing_priority_weight_strategy.py for tasks to queue
[2025-11-11T19:08:33.834+0530] {logging_mixin.py:188} INFO - [2025-11-11T19:08:33.834+0530] {dagbag.py:545} INFO - Filling up the DagBag from /home/logi/txtai/venv/lib/python3.10/site-packages/airflow/example_dags/plugins/decreasing_priority_weight_strategy.py
[2025-11-11T19:08:33.838+0530] {processor.py:842} WARNING - No viable dags retrieved from /home/logi/txtai/venv/lib/python3.10/site-packages/airflow/example_dags/plugins/decreasing_priority_weight_strategy.py
[2025-11-11T19:08:33.856+0530] {processor.py:183} INFO - Processing /home/logi/txtai/venv/lib/python3.10/site-packages/airflow/example_dags/plugins/decreasing_priority_weight_strategy.py took 0.049 seconds
[2025-11-11T19:09:36.295+0530] {processor.py:161} INFO - Started process (PID=14976) to work on /home/logi/txtai/venv/lib/python3.10/site-packages/airflow/example_dags/plugins/decreasing_priority_weight_strategy.py
[2025-11-11T19:09:36.308+0530] {processor.py:830} INFO - Processing file /home/logi/txtai/venv/lib/python3.10/site-packages/airflow/example_dags/plugins/decreasing_priority_weight_strategy.py for tasks to queue
[2025-11-11T19:09:36.311+0530] {logging_mixin.py:188} INFO - [2025-11-11T19:09:36.310+0530] {dagbag.py:545} INFO - Filling up the DagBag from /home/logi/txtai/venv/lib/python3.10/site-packages/airflow/example_dags/plugins/decreasing_priority_weight_strategy.py
[2025-11-11T19:09:36.314+0530] {processor.py:842} WARNING - No viable dags retrieved from /home/logi/txtai/venv/lib/python3.10/site-packages/airflow/example_dags/plugins/decreasing_priority_weight_strategy.py
[2025-11-11T19:09:36.333+0530] {processor.py:183} INFO - Processing /home/logi/txtai/venv/lib/python3.10/site-packages/airflow/example_dags/plugins/decreasing_priority_weight_strategy.py took 0.049 seconds
[2025-11-11T19:10:34.479+0530] {processor.py:161} INFO - Started process (PID=15064) to work on /home/logi/txtai/venv/lib/python3.10/site-packages/airflow/example_dags/plugins/decreasing_priority_weight_strategy.py
[2025-11-11T19:10:34.493+0530] {processor.py:830} INFO - Processing file /home/logi/txtai/venv/lib/python3.10/site-packages/airflow/example_dags/plugins/decreasing_priority_weight_strategy.py for tasks to queue
[2025-11-11T19:10:34.496+0530] {logging_mixin.py:188} INFO - [2025-11-11T19:10:34.495+0530] {dagbag.py:545} INFO - Filling up the DagBag from /home/logi/txtai/venv/lib/python3.10/site-packages/airflow/example_dags/plugins/decreasing_priority_weight_strategy.py
[2025-11-11T19:10:34.499+0530] {processor.py:842} WARNING - No viable dags retrieved from /home/logi/txtai/venv/lib/python3.10/site-packages/airflow/example_dags/plugins/decreasing_priority_weight_strategy.py
[2025-11-11T19:10:34.519+0530] {processor.py:183} INFO - Processing /home/logi/txtai/venv/lib/python3.10/site-packages/airflow/example_dags/plugins/decreasing_priority_weight_strategy.py took 0.051 seconds
[2025-11-11T19:11:33.224+0530] {processor.py:161} INFO - Started process (PID=15163) to work on /home/logi/txtai/venv/lib/python3.10/site-packages/airflow/example_dags/plugins/decreasing_priority_weight_strategy.py
[2025-11-11T19:11:33.238+0530] {processor.py:830} INFO - Processing file /home/logi/txtai/venv/lib/python3.10/site-packages/airflow/example_dags/plugins/decreasing_priority_weight_strategy.py for tasks to queue
[2025-11-11T19:11:33.241+0530] {logging_mixin.py:188} INFO - [2025-11-11T19:11:33.241+0530] {dagbag.py:545} INFO - Filling up the DagBag from /home/logi/txtai/venv/lib/python3.10/site-packages/airflow/example_dags/plugins/decreasing_priority_weight_strategy.py
[2025-11-11T19:11:33.245+0530] {processor.py:842} WARNING - No viable dags retrieved from /home/logi/txtai/venv/lib/python3.10/site-packages/airflow/example_dags/plugins/decreasing_priority_weight_strategy.py
[2025-11-11T19:11:33.265+0530] {processor.py:183} INFO - Processing /home/logi/txtai/venv/lib/python3.10/site-packages/airflow/example_dags/plugins/decreasing_priority_weight_strategy.py took 0.051 seconds
[2025-11-11T19:12:27.259+0530] {processor.py:161} INFO - Started process (PID=15323) to work on /home/logi/txtai/venv/lib/python3.10/site-packages/airflow/example_dags/plugins/decreasing_priority_weight_strategy.py
[2025-11-11T19:12:27.273+0530] {processor.py:830} INFO - Processing file /home/logi/txtai/venv/lib/python3.10/site-packages/airflow/example_dags/plugins/decreasing_priority_weight_strategy.py for tasks to queue
[2025-11-11T19:12:27.275+0530] {logging_mixin.py:188} INFO - [2025-11-11T19:12:27.275+0530] {dagbag.py:545} INFO - Filling up the DagBag from /home/logi/txtai/venv/lib/python3.10/site-packages/airflow/example_dags/plugins/decreasing_priority_weight_strategy.py
[2025-11-11T19:12:27.279+0530] {processor.py:842} WARNING - No viable dags retrieved from /home/logi/txtai/venv/lib/python3.10/site-packages/airflow/example_dags/plugins/decreasing_priority_weight_strategy.py
[2025-11-11T19:12:27.298+0530] {processor.py:183} INFO - Processing /home/logi/txtai/venv/lib/python3.10/site-packages/airflow/example_dags/plugins/decreasing_priority_weight_strategy.py took 0.048 seconds
[2025-11-11T19:13:23.241+0530] {processor.py:161} INFO - Started process (PID=15410) to work on /home/logi/txtai/venv/lib/python3.10/site-packages/airflow/example_dags/plugins/decreasing_priority_weight_strategy.py
[2025-11-11T19:13:23.255+0530] {processor.py:830} INFO - Processing file /home/logi/txtai/venv/lib/python3.10/site-packages/airflow/example_dags/plugins/decreasing_priority_weight_strategy.py for tasks to queue
[2025-11-11T19:13:23.258+0530] {logging_mixin.py:188} INFO - [2025-11-11T19:13:23.257+0530] {dagbag.py:545} INFO - Filling up the DagBag from /home/logi/txtai/venv/lib/python3.10/site-packages/airflow/example_dags/plugins/decreasing_priority_weight_strategy.py
[2025-11-11T19:13:23.261+0530] {processor.py:842} WARNING - No viable dags retrieved from /home/logi/txtai/venv/lib/python3.10/site-packages/airflow/example_dags/plugins/decreasing_priority_weight_strategy.py
[2025-11-11T19:13:23.281+0530] {processor.py:183} INFO - Processing /home/logi/txtai/venv/lib/python3.10/site-packages/airflow/example_dags/plugins/decreasing_priority_weight_strategy.py took 0.051 seconds
[2025-11-11T19:14:25.051+0530] {processor.py:161} INFO - Started process (PID=15598) to work on /home/logi/txtai/venv/lib/python3.10/site-packages/airflow/example_dags/plugins/decreasing_priority_weight_strategy.py
[2025-11-11T19:14:25.064+0530] {processor.py:830} INFO - Processing file /home/logi/txtai/venv/lib/python3.10/site-packages/airflow/example_dags/plugins/decreasing_priority_weight_strategy.py for tasks to queue
[2025-11-11T19:14:25.068+0530] {logging_mixin.py:188} INFO - [2025-11-11T19:14:25.067+0530] {dagbag.py:545} INFO - Filling up the DagBag from /home/logi/txtai/venv/lib/python3.10/site-packages/airflow/example_dags/plugins/decreasing_priority_weight_strategy.py
[2025-11-11T19:14:25.072+0530] {processor.py:842} WARNING - No viable dags retrieved from /home/logi/txtai/venv/lib/python3.10/site-packages/airflow/example_dags/plugins/decreasing_priority_weight_strategy.py
[2025-11-11T19:14:25.096+0530] {processor.py:183} INFO - Processing /home/logi/txtai/venv/lib/python3.10/site-packages/airflow/example_dags/plugins/decreasing_priority_weight_strategy.py took 0.057 seconds
[2025-11-11T19:15:28.198+0530] {processor.py:161} INFO - Started process (PID=15756) to work on /home/logi/txtai/venv/lib/python3.10/site-packages/airflow/example_dags/plugins/decreasing_priority_weight_strategy.py
[2025-11-11T19:15:28.211+0530] {processor.py:830} INFO - Processing file /home/logi/txtai/venv/lib/python3.10/site-packages/airflow/example_dags/plugins/decreasing_priority_weight_strategy.py for tasks to queue
[2025-11-11T19:15:28.215+0530] {logging_mixin.py:188} INFO - [2025-11-11T19:15:28.214+0530] {dagbag.py:545} INFO - Filling up the DagBag from /home/logi/txtai/venv/lib/python3.10/site-packages/airflow/example_dags/plugins/decreasing_priority_weight_strategy.py
[2025-11-11T19:15:28.219+0530] {processor.py:842} WARNING - No viable dags retrieved from /home/logi/txtai/venv/lib/python3.10/site-packages/airflow/example_dags/plugins/decreasing_priority_weight_strategy.py
[2025-11-11T19:15:28.241+0530] {processor.py:183} INFO - Processing /home/logi/txtai/venv/lib/python3.10/site-packages/airflow/example_dags/plugins/decreasing_priority_weight_strategy.py took 0.054 seconds
[2025-11-11T19:16:27.286+0530] {processor.py:161} INFO - Started process (PID=15911) to work on /home/logi/txtai/venv/lib/python3.10/site-packages/airflow/example_dags/plugins/decreasing_priority_weight_strategy.py
[2025-11-11T19:16:27.299+0530] {processor.py:830} INFO - Processing file /home/logi/txtai/venv/lib/python3.10/site-packages/airflow/example_dags/plugins/decreasing_priority_weight_strategy.py for tasks to queue
[2025-11-11T19:16:27.303+0530] {logging_mixin.py:188} INFO - [2025-11-11T19:16:27.302+0530] {dagbag.py:545} INFO - Filling up the DagBag from /home/logi/txtai/venv/lib/python3.10/site-packages/airflow/example_dags/plugins/decreasing_priority_weight_strategy.py
[2025-11-11T19:16:27.306+0530] {processor.py:842} WARNING - No viable dags retrieved from /home/logi/txtai/venv/lib/python3.10/site-packages/airflow/example_dags/plugins/decreasing_priority_weight_strategy.py
[2025-11-11T19:16:27.325+0530] {processor.py:183} INFO - Processing /home/logi/txtai/venv/lib/python3.10/site-packages/airflow/example_dags/plugins/decreasing_priority_weight_strategy.py took 0.052 seconds
[2025-11-11T19:17:23.100+0530] {processor.py:161} INFO - Started process (PID=15981) to work on /home/logi/txtai/venv/lib/python3.10/site-packages/airflow/example_dags/plugins/decreasing_priority_weight_strategy.py
[2025-11-11T19:17:23.113+0530] {processor.py:830} INFO - Processing file /home/logi/txtai/venv/lib/python3.10/site-packages/airflow/example_dags/plugins/decreasing_priority_weight_strategy.py for tasks to queue
[2025-11-11T19:17:23.117+0530] {logging_mixin.py:188} INFO - [2025-11-11T19:17:23.116+0530] {dagbag.py:545} INFO - Filling up the DagBag from /home/logi/txtai/venv/lib/python3.10/site-packages/airflow/example_dags/plugins/decreasing_priority_weight_strategy.py
[2025-11-11T19:17:23.120+0530] {processor.py:842} WARNING - No viable dags retrieved from /home/logi/txtai/venv/lib/python3.10/site-packages/airflow/example_dags/plugins/decreasing_priority_weight_strategy.py
[2025-11-11T19:17:23.140+0530] {processor.py:183} INFO - Processing /home/logi/txtai/venv/lib/python3.10/site-packages/airflow/example_dags/plugins/decreasing_priority_weight_strategy.py took 0.051 seconds
[2025-11-11T19:18:20.517+0530] {processor.py:161} INFO - Started process (PID=16232) to work on /home/logi/txtai/venv/lib/python3.10/site-packages/airflow/example_dags/plugins/decreasing_priority_weight_strategy.py
[2025-11-11T19:18:20.531+0530] {processor.py:830} INFO - Processing file /home/logi/txtai/venv/lib/python3.10/site-packages/airflow/example_dags/plugins/decreasing_priority_weight_strategy.py for tasks to queue
[2025-11-11T19:18:20.534+0530] {logging_mixin.py:188} INFO - [2025-11-11T19:18:20.533+0530] {dagbag.py:545} INFO - Filling up the DagBag from /home/logi/txtai/venv/lib/python3.10/site-packages/airflow/example_dags/plugins/decreasing_priority_weight_strategy.py
[2025-11-11T19:18:20.537+0530] {processor.py:842} WARNING - No viable dags retrieved from /home/logi/txtai/venv/lib/python3.10/site-packages/airflow/example_dags/plugins/decreasing_priority_weight_strategy.py
[2025-11-11T19:18:20.556+0530] {processor.py:183} INFO - Processing /home/logi/txtai/venv/lib/python3.10/site-packages/airflow/example_dags/plugins/decreasing_priority_weight_strategy.py took 0.050 seconds
[2025-11-11T19:19:13.988+0530] {processor.py:161} INFO - Started process (PID=16322) to work on /home/logi/txtai/venv/lib/python3.10/site-packages/airflow/example_dags/plugins/decreasing_priority_weight_strategy.py
[2025-11-11T19:19:14.002+0530] {processor.py:830} INFO - Processing file /home/logi/txtai/venv/lib/python3.10/site-packages/airflow/example_dags/plugins/decreasing_priority_weight_strategy.py for tasks to queue
[2025-11-11T19:19:14.006+0530] {logging_mixin.py:188} INFO - [2025-11-11T19:19:14.005+0530] {dagbag.py:545} INFO - Filling up the DagBag from /home/logi/txtai/venv/lib/python3.10/site-packages/airflow/example_dags/plugins/decreasing_priority_weight_strategy.py
[2025-11-11T19:19:14.009+0530] {processor.py:842} WARNING - No viable dags retrieved from /home/logi/txtai/venv/lib/python3.10/site-packages/airflow/example_dags/plugins/decreasing_priority_weight_strategy.py
[2025-11-11T19:19:14.027+0530] {processor.py:183} INFO - Processing /home/logi/txtai/venv/lib/python3.10/site-packages/airflow/example_dags/plugins/decreasing_priority_weight_strategy.py took 0.050 seconds
[2025-11-11T19:20:13.850+0530] {processor.py:161} INFO - Started process (PID=16631) to work on /home/logi/txtai/venv/lib/python3.10/site-packages/airflow/example_dags/plugins/decreasing_priority_weight_strategy.py
[2025-11-11T19:20:13.864+0530] {processor.py:830} INFO - Processing file /home/logi/txtai/venv/lib/python3.10/site-packages/airflow/example_dags/plugins/decreasing_priority_weight_strategy.py for tasks to queue
[2025-11-11T19:20:13.867+0530] {logging_mixin.py:188} INFO - [2025-11-11T19:20:13.866+0530] {dagbag.py:545} INFO - Filling up the DagBag from /home/logi/txtai/venv/lib/python3.10/site-packages/airflow/example_dags/plugins/decreasing_priority_weight_strategy.py
[2025-11-11T19:20:13.871+0530] {processor.py:842} WARNING - No viable dags retrieved from /home/logi/txtai/venv/lib/python3.10/site-packages/airflow/example_dags/plugins/decreasing_priority_weight_strategy.py
[2025-11-11T19:20:13.890+0530] {processor.py:183} INFO - Processing /home/logi/txtai/venv/lib/python3.10/site-packages/airflow/example_dags/plugins/decreasing_priority_weight_strategy.py took 0.055 seconds
[2025-11-11T19:21:12.069+0530] {processor.py:161} INFO - Started process (PID=16787) to work on /home/logi/txtai/venv/lib/python3.10/site-packages/airflow/example_dags/plugins/decreasing_priority_weight_strategy.py
[2025-11-11T19:21:12.083+0530] {processor.py:830} INFO - Processing file /home/logi/txtai/venv/lib/python3.10/site-packages/airflow/example_dags/plugins/decreasing_priority_weight_strategy.py for tasks to queue
[2025-11-11T19:21:12.086+0530] {logging_mixin.py:188} INFO - [2025-11-11T19:21:12.085+0530] {dagbag.py:545} INFO - Filling up the DagBag from /home/logi/txtai/venv/lib/python3.10/site-packages/airflow/example_dags/plugins/decreasing_priority_weight_strategy.py
[2025-11-11T19:21:12.090+0530] {processor.py:842} WARNING - No viable dags retrieved from /home/logi/txtai/venv/lib/python3.10/site-packages/airflow/example_dags/plugins/decreasing_priority_weight_strategy.py
[2025-11-11T19:21:12.111+0530] {processor.py:183} INFO - Processing /home/logi/txtai/venv/lib/python3.10/site-packages/airflow/example_dags/plugins/decreasing_priority_weight_strategy.py took 0.053 seconds
[2025-11-11T19:22:11.387+0530] {processor.py:161} INFO - Started process (PID=16931) to work on /home/logi/txtai/venv/lib/python3.10/site-packages/airflow/example_dags/plugins/decreasing_priority_weight_strategy.py
[2025-11-11T19:22:11.402+0530] {processor.py:830} INFO - Processing file /home/logi/txtai/venv/lib/python3.10/site-packages/airflow/example_dags/plugins/decreasing_priority_weight_strategy.py for tasks to queue
[2025-11-11T19:22:11.407+0530] {logging_mixin.py:188} INFO - [2025-11-11T19:22:11.406+0530] {dagbag.py:545} INFO - Filling up the DagBag from /home/logi/txtai/venv/lib/python3.10/site-packages/airflow/example_dags/plugins/decreasing_priority_weight_strategy.py
[2025-11-11T19:22:11.413+0530] {processor.py:842} WARNING - No viable dags retrieved from /home/logi/txtai/venv/lib/python3.10/site-packages/airflow/example_dags/plugins/decreasing_priority_weight_strategy.py
[2025-11-11T19:22:11.463+0530] {processor.py:183} INFO - Processing /home/logi/txtai/venv/lib/python3.10/site-packages/airflow/example_dags/plugins/decreasing_priority_weight_strategy.py took 0.098 seconds
[2025-11-11T19:23:03.580+0530] {processor.py:161} INFO - Started process (PID=17113) to work on /home/logi/txtai/venv/lib/python3.10/site-packages/airflow/example_dags/plugins/decreasing_priority_weight_strategy.py
[2025-11-11T19:23:03.593+0530] {processor.py:830} INFO - Processing file /home/logi/txtai/venv/lib/python3.10/site-packages/airflow/example_dags/plugins/decreasing_priority_weight_strategy.py for tasks to queue
[2025-11-11T19:23:03.597+0530] {logging_mixin.py:188} INFO - [2025-11-11T19:23:03.596+0530] {dagbag.py:545} INFO - Filling up the DagBag from /home/logi/txtai/venv/lib/python3.10/site-packages/airflow/example_dags/plugins/decreasing_priority_weight_strategy.py
[2025-11-11T19:23:03.600+0530] {processor.py:842} WARNING - No viable dags retrieved from /home/logi/txtai/venv/lib/python3.10/site-packages/airflow/example_dags/plugins/decreasing_priority_weight_strategy.py
[2025-11-11T19:23:03.620+0530] {processor.py:183} INFO - Processing /home/logi/txtai/venv/lib/python3.10/site-packages/airflow/example_dags/plugins/decreasing_priority_weight_strategy.py took 0.052 seconds
[2025-11-11T19:24:00.062+0530] {processor.py:161} INFO - Started process (PID=17346) to work on /home/logi/txtai/venv/lib/python3.10/site-packages/airflow/example_dags/plugins/decreasing_priority_weight_strategy.py
[2025-11-11T19:24:00.064+0530] {processor.py:830} INFO - Processing file /home/logi/txtai/venv/lib/python3.10/site-packages/airflow/example_dags/plugins/decreasing_priority_weight_strategy.py for tasks to queue
[2025-11-11T19:24:00.067+0530] {logging_mixin.py:188} INFO - [2025-11-11T19:24:00.066+0530] {dagbag.py:545} INFO - Filling up the DagBag from /home/logi/txtai/venv/lib/python3.10/site-packages/airflow/example_dags/plugins/decreasing_priority_weight_strategy.py
[2025-11-11T19:24:00.070+0530] {processor.py:842} WARNING - No viable dags retrieved from /home/logi/txtai/venv/lib/python3.10/site-packages/airflow/example_dags/plugins/decreasing_priority_weight_strategy.py
[2025-11-11T19:24:00.088+0530] {processor.py:183} INFO - Processing /home/logi/txtai/venv/lib/python3.10/site-packages/airflow/example_dags/plugins/decreasing_priority_weight_strategy.py took 0.037 seconds
[2025-11-11T19:25:00.678+0530] {processor.py:161} INFO - Started process (PID=17551) to work on /home/logi/txtai/venv/lib/python3.10/site-packages/airflow/example_dags/plugins/decreasing_priority_weight_strategy.py
[2025-11-11T19:25:00.691+0530] {processor.py:830} INFO - Processing file /home/logi/txtai/venv/lib/python3.10/site-packages/airflow/example_dags/plugins/decreasing_priority_weight_strategy.py for tasks to queue
[2025-11-11T19:25:00.693+0530] {logging_mixin.py:188} INFO - [2025-11-11T19:25:00.693+0530] {dagbag.py:545} INFO - Filling up the DagBag from /home/logi/txtai/venv/lib/python3.10/site-packages/airflow/example_dags/plugins/decreasing_priority_weight_strategy.py
[2025-11-11T19:25:00.697+0530] {processor.py:842} WARNING - No viable dags retrieved from /home/logi/txtai/venv/lib/python3.10/site-packages/airflow/example_dags/plugins/decreasing_priority_weight_strategy.py
[2025-11-11T19:25:00.714+0530] {processor.py:183} INFO - Processing /home/logi/txtai/venv/lib/python3.10/site-packages/airflow/example_dags/plugins/decreasing_priority_weight_strategy.py took 0.047 seconds
[2025-11-11T19:26:00.312+0530] {processor.py:161} INFO - Started process (PID=17795) to work on /home/logi/txtai/venv/lib/python3.10/site-packages/airflow/example_dags/plugins/decreasing_priority_weight_strategy.py
[2025-11-11T19:26:00.325+0530] {processor.py:830} INFO - Processing file /home/logi/txtai/venv/lib/python3.10/site-packages/airflow/example_dags/plugins/decreasing_priority_weight_strategy.py for tasks to queue
[2025-11-11T19:26:00.330+0530] {logging_mixin.py:188} INFO - [2025-11-11T19:26:00.329+0530] {dagbag.py:545} INFO - Filling up the DagBag from /home/logi/txtai/venv/lib/python3.10/site-packages/airflow/example_dags/plugins/decreasing_priority_weight_strategy.py
[2025-11-11T19:26:00.333+0530] {processor.py:842} WARNING - No viable dags retrieved from /home/logi/txtai/venv/lib/python3.10/site-packages/airflow/example_dags/plugins/decreasing_priority_weight_strategy.py
[2025-11-11T19:26:00.356+0530] {processor.py:183} INFO - Processing /home/logi/txtai/venv/lib/python3.10/site-packages/airflow/example_dags/plugins/decreasing_priority_weight_strategy.py took 0.057 seconds
[2025-11-11T19:26:55.984+0530] {processor.py:161} INFO - Started process (PID=18014) to work on /home/logi/txtai/venv/lib/python3.10/site-packages/airflow/example_dags/plugins/decreasing_priority_weight_strategy.py
[2025-11-11T19:26:55.999+0530] {processor.py:830} INFO - Processing file /home/logi/txtai/venv/lib/python3.10/site-packages/airflow/example_dags/plugins/decreasing_priority_weight_strategy.py for tasks to queue
[2025-11-11T19:26:56.002+0530] {logging_mixin.py:188} INFO - [2025-11-11T19:26:56.001+0530] {dagbag.py:545} INFO - Filling up the DagBag from /home/logi/txtai/venv/lib/python3.10/site-packages/airflow/example_dags/plugins/decreasing_priority_weight_strategy.py
[2025-11-11T19:26:56.005+0530] {processor.py:842} WARNING - No viable dags retrieved from /home/logi/txtai/venv/lib/python3.10/site-packages/airflow/example_dags/plugins/decreasing_priority_weight_strategy.py
[2025-11-11T19:26:56.024+0530] {processor.py:183} INFO - Processing /home/logi/txtai/venv/lib/python3.10/site-packages/airflow/example_dags/plugins/decreasing_priority_weight_strategy.py took 0.052 seconds
[2025-11-11T19:27:54.396+0530] {processor.py:161} INFO - Started process (PID=18153) to work on /home/logi/txtai/venv/lib/python3.10/site-packages/airflow/example_dags/plugins/decreasing_priority_weight_strategy.py
[2025-11-11T19:27:54.410+0530] {processor.py:830} INFO - Processing file /home/logi/txtai/venv/lib/python3.10/site-packages/airflow/example_dags/plugins/decreasing_priority_weight_strategy.py for tasks to queue
[2025-11-11T19:27:54.413+0530] {logging_mixin.py:188} INFO - [2025-11-11T19:27:54.412+0530] {dagbag.py:545} INFO - Filling up the DagBag from /home/logi/txtai/venv/lib/python3.10/site-packages/airflow/example_dags/plugins/decreasing_priority_weight_strategy.py
[2025-11-11T19:27:54.418+0530] {processor.py:842} WARNING - No viable dags retrieved from /home/logi/txtai/venv/lib/python3.10/site-packages/airflow/example_dags/plugins/decreasing_priority_weight_strategy.py
[2025-11-11T19:27:54.440+0530] {processor.py:183} INFO - Processing /home/logi/txtai/venv/lib/python3.10/site-packages/airflow/example_dags/plugins/decreasing_priority_weight_strategy.py took 0.056 seconds
[2025-11-11T19:28:48.510+0530] {processor.py:161} INFO - Started process (PID=18497) to work on /home/logi/txtai/venv/lib/python3.10/site-packages/airflow/example_dags/plugins/decreasing_priority_weight_strategy.py
[2025-11-11T19:28:48.523+0530] {processor.py:830} INFO - Processing file /home/logi/txtai/venv/lib/python3.10/site-packages/airflow/example_dags/plugins/decreasing_priority_weight_strategy.py for tasks to queue
[2025-11-11T19:28:48.526+0530] {logging_mixin.py:188} INFO - [2025-11-11T19:28:48.526+0530] {dagbag.py:545} INFO - Filling up the DagBag from /home/logi/txtai/venv/lib/python3.10/site-packages/airflow/example_dags/plugins/decreasing_priority_weight_strategy.py
[2025-11-11T19:28:48.530+0530] {processor.py:842} WARNING - No viable dags retrieved from /home/logi/txtai/venv/lib/python3.10/site-packages/airflow/example_dags/plugins/decreasing_priority_weight_strategy.py
[2025-11-11T19:28:48.550+0530] {processor.py:183} INFO - Processing /home/logi/txtai/venv/lib/python3.10/site-packages/airflow/example_dags/plugins/decreasing_priority_weight_strategy.py took 0.051 seconds
[2025-11-11T19:29:45.643+0530] {processor.py:161} INFO - Started process (PID=18581) to work on /home/logi/txtai/venv/lib/python3.10/site-packages/airflow/example_dags/plugins/decreasing_priority_weight_strategy.py
[2025-11-11T19:29:45.657+0530] {processor.py:830} INFO - Processing file /home/logi/txtai/venv/lib/python3.10/site-packages/airflow/example_dags/plugins/decreasing_priority_weight_strategy.py for tasks to queue
[2025-11-11T19:29:45.660+0530] {logging_mixin.py:188} INFO - [2025-11-11T19:29:45.659+0530] {dagbag.py:545} INFO - Filling up the DagBag from /home/logi/txtai/venv/lib/python3.10/site-packages/airflow/example_dags/plugins/decreasing_priority_weight_strategy.py
[2025-11-11T19:29:45.663+0530] {processor.py:842} WARNING - No viable dags retrieved from /home/logi/txtai/venv/lib/python3.10/site-packages/airflow/example_dags/plugins/decreasing_priority_weight_strategy.py
[2025-11-11T19:29:45.684+0530] {processor.py:183} INFO - Processing /home/logi/txtai/venv/lib/python3.10/site-packages/airflow/example_dags/plugins/decreasing_priority_weight_strategy.py took 0.052 seconds
[2025-11-11T19:30:43.358+0530] {processor.py:161} INFO - Started process (PID=18691) to work on /home/logi/txtai/venv/lib/python3.10/site-packages/airflow/example_dags/plugins/decreasing_priority_weight_strategy.py
[2025-11-11T19:30:43.371+0530] {processor.py:830} INFO - Processing file /home/logi/txtai/venv/lib/python3.10/site-packages/airflow/example_dags/plugins/decreasing_priority_weight_strategy.py for tasks to queue
[2025-11-11T19:30:43.374+0530] {logging_mixin.py:188} INFO - [2025-11-11T19:30:43.374+0530] {dagbag.py:545} INFO - Filling up the DagBag from /home/logi/txtai/venv/lib/python3.10/site-packages/airflow/example_dags/plugins/decreasing_priority_weight_strategy.py
[2025-11-11T19:30:43.378+0530] {processor.py:842} WARNING - No viable dags retrieved from /home/logi/txtai/venv/lib/python3.10/site-packages/airflow/example_dags/plugins/decreasing_priority_weight_strategy.py
[2025-11-11T19:30:43.396+0530] {processor.py:183} INFO - Processing /home/logi/txtai/venv/lib/python3.10/site-packages/airflow/example_dags/plugins/decreasing_priority_weight_strategy.py took 0.050 seconds
[2025-11-11T19:31:39.878+0530] {processor.py:161} INFO - Started process (PID=18772) to work on /home/logi/txtai/venv/lib/python3.10/site-packages/airflow/example_dags/plugins/decreasing_priority_weight_strategy.py
[2025-11-11T19:31:39.892+0530] {processor.py:830} INFO - Processing file /home/logi/txtai/venv/lib/python3.10/site-packages/airflow/example_dags/plugins/decreasing_priority_weight_strategy.py for tasks to queue
[2025-11-11T19:31:39.895+0530] {logging_mixin.py:188} INFO - [2025-11-11T19:31:39.894+0530] {dagbag.py:545} INFO - Filling up the DagBag from /home/logi/txtai/venv/lib/python3.10/site-packages/airflow/example_dags/plugins/decreasing_priority_weight_strategy.py
[2025-11-11T19:31:39.897+0530] {processor.py:842} WARNING - No viable dags retrieved from /home/logi/txtai/venv/lib/python3.10/site-packages/airflow/example_dags/plugins/decreasing_priority_weight_strategy.py
[2025-11-11T19:31:39.910+0530] {processor.py:183} INFO - Processing /home/logi/txtai/venv/lib/python3.10/site-packages/airflow/example_dags/plugins/decreasing_priority_weight_strategy.py took 0.040 seconds
[2025-11-11T19:32:35.926+0530] {processor.py:161} INFO - Started process (PID=18855) to work on /home/logi/txtai/venv/lib/python3.10/site-packages/airflow/example_dags/plugins/decreasing_priority_weight_strategy.py
[2025-11-11T19:32:35.939+0530] {processor.py:830} INFO - Processing file /home/logi/txtai/venv/lib/python3.10/site-packages/airflow/example_dags/plugins/decreasing_priority_weight_strategy.py for tasks to queue
[2025-11-11T19:32:35.943+0530] {logging_mixin.py:188} INFO - [2025-11-11T19:32:35.942+0530] {dagbag.py:545} INFO - Filling up the DagBag from /home/logi/txtai/venv/lib/python3.10/site-packages/airflow/example_dags/plugins/decreasing_priority_weight_strategy.py
[2025-11-11T19:32:35.946+0530] {processor.py:842} WARNING - No viable dags retrieved from /home/logi/txtai/venv/lib/python3.10/site-packages/airflow/example_dags/plugins/decreasing_priority_weight_strategy.py
[2025-11-11T19:32:35.966+0530] {processor.py:183} INFO - Processing /home/logi/txtai/venv/lib/python3.10/site-packages/airflow/example_dags/plugins/decreasing_priority_weight_strategy.py took 0.052 seconds
[2025-11-11T19:33:32.293+0530] {processor.py:161} INFO - Started process (PID=18935) to work on /home/logi/txtai/venv/lib/python3.10/site-packages/airflow/example_dags/plugins/decreasing_priority_weight_strategy.py
[2025-11-11T19:33:32.307+0530] {processor.py:830} INFO - Processing file /home/logi/txtai/venv/lib/python3.10/site-packages/airflow/example_dags/plugins/decreasing_priority_weight_strategy.py for tasks to queue
[2025-11-11T19:33:32.310+0530] {logging_mixin.py:188} INFO - [2025-11-11T19:33:32.309+0530] {dagbag.py:545} INFO - Filling up the DagBag from /home/logi/txtai/venv/lib/python3.10/site-packages/airflow/example_dags/plugins/decreasing_priority_weight_strategy.py
[2025-11-11T19:33:32.313+0530] {processor.py:842} WARNING - No viable dags retrieved from /home/logi/txtai/venv/lib/python3.10/site-packages/airflow/example_dags/plugins/decreasing_priority_weight_strategy.py
[2025-11-11T19:33:32.331+0530] {processor.py:183} INFO - Processing /home/logi/txtai/venv/lib/python3.10/site-packages/airflow/example_dags/plugins/decreasing_priority_weight_strategy.py took 0.050 seconds
[2025-11-11T19:35:15.745+0530] {processor.py:161} INFO - Started process (PID=19468) to work on /home/logi/txtai/venv/lib/python3.10/site-packages/airflow/example_dags/plugins/decreasing_priority_weight_strategy.py
[2025-11-11T19:35:15.758+0530] {processor.py:830} INFO - Processing file /home/logi/txtai/venv/lib/python3.10/site-packages/airflow/example_dags/plugins/decreasing_priority_weight_strategy.py for tasks to queue
[2025-11-11T19:35:15.761+0530] {logging_mixin.py:188} INFO - [2025-11-11T19:35:15.761+0530] {dagbag.py:545} INFO - Filling up the DagBag from /home/logi/txtai/venv/lib/python3.10/site-packages/airflow/example_dags/plugins/decreasing_priority_weight_strategy.py
[2025-11-11T19:35:15.767+0530] {processor.py:842} WARNING - No viable dags retrieved from /home/logi/txtai/venv/lib/python3.10/site-packages/airflow/example_dags/plugins/decreasing_priority_weight_strategy.py
[2025-11-11T19:35:15.805+0530] {processor.py:183} INFO - Processing /home/logi/txtai/venv/lib/python3.10/site-packages/airflow/example_dags/plugins/decreasing_priority_weight_strategy.py took 0.073 seconds
[2025-11-11T19:36:20.132+0530] {processor.py:161} INFO - Started process (PID=19673) to work on /home/logi/txtai/venv/lib/python3.10/site-packages/airflow/example_dags/plugins/decreasing_priority_weight_strategy.py
[2025-11-11T19:36:20.149+0530] {processor.py:830} INFO - Processing file /home/logi/txtai/venv/lib/python3.10/site-packages/airflow/example_dags/plugins/decreasing_priority_weight_strategy.py for tasks to queue
[2025-11-11T19:36:20.154+0530] {logging_mixin.py:188} INFO - [2025-11-11T19:36:20.153+0530] {dagbag.py:545} INFO - Filling up the DagBag from /home/logi/txtai/venv/lib/python3.10/site-packages/airflow/example_dags/plugins/decreasing_priority_weight_strategy.py
[2025-11-11T19:36:20.160+0530] {processor.py:842} WARNING - No viable dags retrieved from /home/logi/txtai/venv/lib/python3.10/site-packages/airflow/example_dags/plugins/decreasing_priority_weight_strategy.py
[2025-11-11T19:36:20.193+0530] {processor.py:183} INFO - Processing /home/logi/txtai/venv/lib/python3.10/site-packages/airflow/example_dags/plugins/decreasing_priority_weight_strategy.py took 0.077 seconds
[2025-11-11T19:37:17.868+0530] {processor.py:161} INFO - Started process (PID=19814) to work on /home/logi/txtai/venv/lib/python3.10/site-packages/airflow/example_dags/plugins/decreasing_priority_weight_strategy.py
[2025-11-11T19:37:17.881+0530] {processor.py:830} INFO - Processing file /home/logi/txtai/venv/lib/python3.10/site-packages/airflow/example_dags/plugins/decreasing_priority_weight_strategy.py for tasks to queue
[2025-11-11T19:37:17.885+0530] {logging_mixin.py:188} INFO - [2025-11-11T19:37:17.884+0530] {dagbag.py:545} INFO - Filling up the DagBag from /home/logi/txtai/venv/lib/python3.10/site-packages/airflow/example_dags/plugins/decreasing_priority_weight_strategy.py
[2025-11-11T19:37:17.888+0530] {processor.py:842} WARNING - No viable dags retrieved from /home/logi/txtai/venv/lib/python3.10/site-packages/airflow/example_dags/plugins/decreasing_priority_weight_strategy.py
[2025-11-11T19:37:17.907+0530] {processor.py:183} INFO - Processing /home/logi/txtai/venv/lib/python3.10/site-packages/airflow/example_dags/plugins/decreasing_priority_weight_strategy.py took 0.051 seconds
[2025-11-11T19:38:13.980+0530] {processor.py:161} INFO - Started process (PID=19946) to work on /home/logi/txtai/venv/lib/python3.10/site-packages/airflow/example_dags/plugins/decreasing_priority_weight_strategy.py
[2025-11-11T19:38:13.985+0530] {processor.py:830} INFO - Processing file /home/logi/txtai/venv/lib/python3.10/site-packages/airflow/example_dags/plugins/decreasing_priority_weight_strategy.py for tasks to queue
[2025-11-11T19:38:13.987+0530] {logging_mixin.py:188} INFO - [2025-11-11T19:38:13.987+0530] {dagbag.py:545} INFO - Filling up the DagBag from /home/logi/txtai/venv/lib/python3.10/site-packages/airflow/example_dags/plugins/decreasing_priority_weight_strategy.py
[2025-11-11T19:38:13.992+0530] {processor.py:842} WARNING - No viable dags retrieved from /home/logi/txtai/venv/lib/python3.10/site-packages/airflow/example_dags/plugins/decreasing_priority_weight_strategy.py
[2025-11-11T19:38:14.023+0530] {processor.py:183} INFO - Processing /home/logi/txtai/venv/lib/python3.10/site-packages/airflow/example_dags/plugins/decreasing_priority_weight_strategy.py took 0.063 seconds
[2025-11-11T19:39:11.344+0530] {processor.py:161} INFO - Started process (PID=20339) to work on /home/logi/txtai/venv/lib/python3.10/site-packages/airflow/example_dags/plugins/decreasing_priority_weight_strategy.py
[2025-11-11T19:39:11.357+0530] {processor.py:830} INFO - Processing file /home/logi/txtai/venv/lib/python3.10/site-packages/airflow/example_dags/plugins/decreasing_priority_weight_strategy.py for tasks to queue
[2025-11-11T19:39:11.359+0530] {logging_mixin.py:188} INFO - [2025-11-11T19:39:11.358+0530] {dagbag.py:545} INFO - Filling up the DagBag from /home/logi/txtai/venv/lib/python3.10/site-packages/airflow/example_dags/plugins/decreasing_priority_weight_strategy.py
[2025-11-11T19:39:11.363+0530] {processor.py:842} WARNING - No viable dags retrieved from /home/logi/txtai/venv/lib/python3.10/site-packages/airflow/example_dags/plugins/decreasing_priority_weight_strategy.py
[2025-11-11T19:39:11.380+0530] {processor.py:183} INFO - Processing /home/logi/txtai/venv/lib/python3.10/site-packages/airflow/example_dags/plugins/decreasing_priority_weight_strategy.py took 0.047 seconds
[2025-11-11T19:40:09.294+0530] {processor.py:161} INFO - Started process (PID=20418) to work on /home/logi/txtai/venv/lib/python3.10/site-packages/airflow/example_dags/plugins/decreasing_priority_weight_strategy.py
[2025-11-11T19:40:09.308+0530] {processor.py:830} INFO - Processing file /home/logi/txtai/venv/lib/python3.10/site-packages/airflow/example_dags/plugins/decreasing_priority_weight_strategy.py for tasks to queue
[2025-11-11T19:40:09.310+0530] {logging_mixin.py:188} INFO - [2025-11-11T19:40:09.309+0530] {dagbag.py:545} INFO - Filling up the DagBag from /home/logi/txtai/venv/lib/python3.10/site-packages/airflow/example_dags/plugins/decreasing_priority_weight_strategy.py
[2025-11-11T19:40:09.313+0530] {processor.py:842} WARNING - No viable dags retrieved from /home/logi/txtai/venv/lib/python3.10/site-packages/airflow/example_dags/plugins/decreasing_priority_weight_strategy.py
[2025-11-11T19:40:09.332+0530] {processor.py:183} INFO - Processing /home/logi/txtai/venv/lib/python3.10/site-packages/airflow/example_dags/plugins/decreasing_priority_weight_strategy.py took 0.049 seconds
[2025-11-11T19:41:01.749+0530] {processor.py:161} INFO - Started process (PID=20521) to work on /home/logi/txtai/venv/lib/python3.10/site-packages/airflow/example_dags/plugins/decreasing_priority_weight_strategy.py
[2025-11-11T19:41:01.761+0530] {processor.py:830} INFO - Processing file /home/logi/txtai/venv/lib/python3.10/site-packages/airflow/example_dags/plugins/decreasing_priority_weight_strategy.py for tasks to queue
[2025-11-11T19:41:01.762+0530] {logging_mixin.py:188} INFO - [2025-11-11T19:41:01.762+0530] {dagbag.py:545} INFO - Filling up the DagBag from /home/logi/txtai/venv/lib/python3.10/site-packages/airflow/example_dags/plugins/decreasing_priority_weight_strategy.py
[2025-11-11T19:41:01.764+0530] {processor.py:842} WARNING - No viable dags retrieved from /home/logi/txtai/venv/lib/python3.10/site-packages/airflow/example_dags/plugins/decreasing_priority_weight_strategy.py
[2025-11-11T19:41:01.776+0530] {processor.py:183} INFO - Processing /home/logi/txtai/venv/lib/python3.10/site-packages/airflow/example_dags/plugins/decreasing_priority_weight_strategy.py took 0.034 seconds
[2025-11-11T19:41:52.651+0530] {processor.py:161} INFO - Started process (PID=20655) to work on /home/logi/txtai/venv/lib/python3.10/site-packages/airflow/example_dags/plugins/decreasing_priority_weight_strategy.py
[2025-11-11T19:41:52.665+0530] {processor.py:830} INFO - Processing file /home/logi/txtai/venv/lib/python3.10/site-packages/airflow/example_dags/plugins/decreasing_priority_weight_strategy.py for tasks to queue
[2025-11-11T19:41:52.668+0530] {logging_mixin.py:188} INFO - [2025-11-11T19:41:52.667+0530] {dagbag.py:545} INFO - Filling up the DagBag from /home/logi/txtai/venv/lib/python3.10/site-packages/airflow/example_dags/plugins/decreasing_priority_weight_strategy.py
[2025-11-11T19:41:52.670+0530] {processor.py:842} WARNING - No viable dags retrieved from /home/logi/txtai/venv/lib/python3.10/site-packages/airflow/example_dags/plugins/decreasing_priority_weight_strategy.py
[2025-11-11T19:41:52.692+0530] {processor.py:183} INFO - Processing /home/logi/txtai/venv/lib/python3.10/site-packages/airflow/example_dags/plugins/decreasing_priority_weight_strategy.py took 0.054 seconds
[2025-11-11T19:42:50.309+0530] {processor.py:161} INFO - Started process (PID=20793) to work on /home/logi/txtai/venv/lib/python3.10/site-packages/airflow/example_dags/plugins/decreasing_priority_weight_strategy.py
[2025-11-11T19:42:50.323+0530] {processor.py:830} INFO - Processing file /home/logi/txtai/venv/lib/python3.10/site-packages/airflow/example_dags/plugins/decreasing_priority_weight_strategy.py for tasks to queue
[2025-11-11T19:42:50.324+0530] {logging_mixin.py:188} INFO - [2025-11-11T19:42:50.323+0530] {dagbag.py:545} INFO - Filling up the DagBag from /home/logi/txtai/venv/lib/python3.10/site-packages/airflow/example_dags/plugins/decreasing_priority_weight_strategy.py
[2025-11-11T19:42:50.328+0530] {processor.py:842} WARNING - No viable dags retrieved from /home/logi/txtai/venv/lib/python3.10/site-packages/airflow/example_dags/plugins/decreasing_priority_weight_strategy.py
[2025-11-11T19:42:50.346+0530] {processor.py:183} INFO - Processing /home/logi/txtai/venv/lib/python3.10/site-packages/airflow/example_dags/plugins/decreasing_priority_weight_strategy.py took 0.049 seconds
[2025-11-11T19:43:44.052+0530] {processor.py:161} INFO - Started process (PID=20932) to work on /home/logi/txtai/venv/lib/python3.10/site-packages/airflow/example_dags/plugins/decreasing_priority_weight_strategy.py
[2025-11-11T19:43:44.066+0530] {processor.py:830} INFO - Processing file /home/logi/txtai/venv/lib/python3.10/site-packages/airflow/example_dags/plugins/decreasing_priority_weight_strategy.py for tasks to queue
[2025-11-11T19:43:44.068+0530] {logging_mixin.py:188} INFO - [2025-11-11T19:43:44.067+0530] {dagbag.py:545} INFO - Filling up the DagBag from /home/logi/txtai/venv/lib/python3.10/site-packages/airflow/example_dags/plugins/decreasing_priority_weight_strategy.py
[2025-11-11T19:43:44.072+0530] {processor.py:842} WARNING - No viable dags retrieved from /home/logi/txtai/venv/lib/python3.10/site-packages/airflow/example_dags/plugins/decreasing_priority_weight_strategy.py
[2025-11-11T19:43:44.091+0530] {processor.py:183} INFO - Processing /home/logi/txtai/venv/lib/python3.10/site-packages/airflow/example_dags/plugins/decreasing_priority_weight_strategy.py took 0.051 seconds
[2025-11-11T19:44:38.527+0530] {processor.py:161} INFO - Started process (PID=21012) to work on /home/logi/txtai/venv/lib/python3.10/site-packages/airflow/example_dags/plugins/decreasing_priority_weight_strategy.py
[2025-11-11T19:44:38.541+0530] {processor.py:830} INFO - Processing file /home/logi/txtai/venv/lib/python3.10/site-packages/airflow/example_dags/plugins/decreasing_priority_weight_strategy.py for tasks to queue
[2025-11-11T19:44:38.543+0530] {logging_mixin.py:188} INFO - [2025-11-11T19:44:38.542+0530] {dagbag.py:545} INFO - Filling up the DagBag from /home/logi/txtai/venv/lib/python3.10/site-packages/airflow/example_dags/plugins/decreasing_priority_weight_strategy.py
[2025-11-11T19:44:38.546+0530] {processor.py:842} WARNING - No viable dags retrieved from /home/logi/txtai/venv/lib/python3.10/site-packages/airflow/example_dags/plugins/decreasing_priority_weight_strategy.py
[2025-11-11T19:44:38.566+0530] {processor.py:183} INFO - Processing /home/logi/txtai/venv/lib/python3.10/site-packages/airflow/example_dags/plugins/decreasing_priority_weight_strategy.py took 0.051 seconds
[2025-11-11T19:45:32.322+0530] {processor.py:161} INFO - Started process (PID=21176) to work on /home/logi/txtai/venv/lib/python3.10/site-packages/airflow/example_dags/plugins/decreasing_priority_weight_strategy.py
[2025-11-11T19:45:32.336+0530] {processor.py:830} INFO - Processing file /home/logi/txtai/venv/lib/python3.10/site-packages/airflow/example_dags/plugins/decreasing_priority_weight_strategy.py for tasks to queue
[2025-11-11T19:45:32.337+0530] {logging_mixin.py:188} INFO - [2025-11-11T19:45:32.337+0530] {dagbag.py:545} INFO - Filling up the DagBag from /home/logi/txtai/venv/lib/python3.10/site-packages/airflow/example_dags/plugins/decreasing_priority_weight_strategy.py
[2025-11-11T19:45:32.341+0530] {processor.py:842} WARNING - No viable dags retrieved from /home/logi/txtai/venv/lib/python3.10/site-packages/airflow/example_dags/plugins/decreasing_priority_weight_strategy.py
[2025-11-11T19:45:32.359+0530] {processor.py:183} INFO - Processing /home/logi/txtai/venv/lib/python3.10/site-packages/airflow/example_dags/plugins/decreasing_priority_weight_strategy.py took 0.048 seconds
[2025-11-11T19:46:28.435+0530] {processor.py:161} INFO - Started process (PID=21294) to work on /home/logi/txtai/venv/lib/python3.10/site-packages/airflow/example_dags/plugins/decreasing_priority_weight_strategy.py
[2025-11-11T19:46:28.447+0530] {processor.py:830} INFO - Processing file /home/logi/txtai/venv/lib/python3.10/site-packages/airflow/example_dags/plugins/decreasing_priority_weight_strategy.py for tasks to queue
[2025-11-11T19:46:28.449+0530] {logging_mixin.py:188} INFO - [2025-11-11T19:46:28.448+0530] {dagbag.py:545} INFO - Filling up the DagBag from /home/logi/txtai/venv/lib/python3.10/site-packages/airflow/example_dags/plugins/decreasing_priority_weight_strategy.py
[2025-11-11T19:46:28.452+0530] {processor.py:842} WARNING - No viable dags retrieved from /home/logi/txtai/venv/lib/python3.10/site-packages/airflow/example_dags/plugins/decreasing_priority_weight_strategy.py
[2025-11-11T19:46:28.468+0530] {processor.py:183} INFO - Processing /home/logi/txtai/venv/lib/python3.10/site-packages/airflow/example_dags/plugins/decreasing_priority_weight_strategy.py took 0.042 seconds
[2025-11-11T19:47:22.089+0530] {processor.py:161} INFO - Started process (PID=21380) to work on /home/logi/txtai/venv/lib/python3.10/site-packages/airflow/example_dags/plugins/decreasing_priority_weight_strategy.py
[2025-11-11T19:47:22.091+0530] {processor.py:830} INFO - Processing file /home/logi/txtai/venv/lib/python3.10/site-packages/airflow/example_dags/plugins/decreasing_priority_weight_strategy.py for tasks to queue
[2025-11-11T19:47:22.092+0530] {logging_mixin.py:188} INFO - [2025-11-11T19:47:22.092+0530] {dagbag.py:545} INFO - Filling up the DagBag from /home/logi/txtai/venv/lib/python3.10/site-packages/airflow/example_dags/plugins/decreasing_priority_weight_strategy.py
[2025-11-11T19:47:22.096+0530] {processor.py:842} WARNING - No viable dags retrieved from /home/logi/txtai/venv/lib/python3.10/site-packages/airflow/example_dags/plugins/decreasing_priority_weight_strategy.py
[2025-11-11T19:47:22.114+0530] {processor.py:183} INFO - Processing /home/logi/txtai/venv/lib/python3.10/site-packages/airflow/example_dags/plugins/decreasing_priority_weight_strategy.py took 0.036 seconds
[2025-11-11T19:48:17.310+0530] {processor.py:161} INFO - Started process (PID=21458) to work on /home/logi/txtai/venv/lib/python3.10/site-packages/airflow/example_dags/plugins/decreasing_priority_weight_strategy.py
[2025-11-11T19:48:17.323+0530] {processor.py:830} INFO - Processing file /home/logi/txtai/venv/lib/python3.10/site-packages/airflow/example_dags/plugins/decreasing_priority_weight_strategy.py for tasks to queue
[2025-11-11T19:48:17.324+0530] {logging_mixin.py:188} INFO - [2025-11-11T19:48:17.324+0530] {dagbag.py:545} INFO - Filling up the DagBag from /home/logi/txtai/venv/lib/python3.10/site-packages/airflow/example_dags/plugins/decreasing_priority_weight_strategy.py
[2025-11-11T19:48:17.327+0530] {processor.py:842} WARNING - No viable dags retrieved from /home/logi/txtai/venv/lib/python3.10/site-packages/airflow/example_dags/plugins/decreasing_priority_weight_strategy.py
[2025-11-11T19:48:17.339+0530] {processor.py:183} INFO - Processing /home/logi/txtai/venv/lib/python3.10/site-packages/airflow/example_dags/plugins/decreasing_priority_weight_strategy.py took 0.034 seconds
[2025-11-11T19:49:13.592+0530] {processor.py:161} INFO - Started process (PID=21537) to work on /home/logi/txtai/venv/lib/python3.10/site-packages/airflow/example_dags/plugins/decreasing_priority_weight_strategy.py
[2025-11-11T19:49:13.605+0530] {processor.py:830} INFO - Processing file /home/logi/txtai/venv/lib/python3.10/site-packages/airflow/example_dags/plugins/decreasing_priority_weight_strategy.py for tasks to queue
[2025-11-11T19:49:13.607+0530] {logging_mixin.py:188} INFO - [2025-11-11T19:49:13.607+0530] {dagbag.py:545} INFO - Filling up the DagBag from /home/logi/txtai/venv/lib/python3.10/site-packages/airflow/example_dags/plugins/decreasing_priority_weight_strategy.py
[2025-11-11T19:49:13.611+0530] {processor.py:842} WARNING - No viable dags retrieved from /home/logi/txtai/venv/lib/python3.10/site-packages/airflow/example_dags/plugins/decreasing_priority_weight_strategy.py
[2025-11-11T19:49:13.630+0530] {processor.py:183} INFO - Processing /home/logi/txtai/venv/lib/python3.10/site-packages/airflow/example_dags/plugins/decreasing_priority_weight_strategy.py took 0.049 seconds
[2025-11-11T19:50:08.067+0530] {processor.py:161} INFO - Started process (PID=21629) to work on /home/logi/txtai/venv/lib/python3.10/site-packages/airflow/example_dags/plugins/decreasing_priority_weight_strategy.py
[2025-11-11T19:50:08.080+0530] {processor.py:830} INFO - Processing file /home/logi/txtai/venv/lib/python3.10/site-packages/airflow/example_dags/plugins/decreasing_priority_weight_strategy.py for tasks to queue
[2025-11-11T19:50:08.082+0530] {logging_mixin.py:188} INFO - [2025-11-11T19:50:08.081+0530] {dagbag.py:545} INFO - Filling up the DagBag from /home/logi/txtai/venv/lib/python3.10/site-packages/airflow/example_dags/plugins/decreasing_priority_weight_strategy.py
[2025-11-11T19:50:08.085+0530] {processor.py:842} WARNING - No viable dags retrieved from /home/logi/txtai/venv/lib/python3.10/site-packages/airflow/example_dags/plugins/decreasing_priority_weight_strategy.py
[2025-11-11T19:50:08.102+0530] {processor.py:183} INFO - Processing /home/logi/txtai/venv/lib/python3.10/site-packages/airflow/example_dags/plugins/decreasing_priority_weight_strategy.py took 0.042 seconds
[2025-11-11T19:51:04.104+0530] {processor.py:161} INFO - Started process (PID=21735) to work on /home/logi/txtai/venv/lib/python3.10/site-packages/airflow/example_dags/plugins/decreasing_priority_weight_strategy.py
[2025-11-11T19:51:04.117+0530] {processor.py:830} INFO - Processing file /home/logi/txtai/venv/lib/python3.10/site-packages/airflow/example_dags/plugins/decreasing_priority_weight_strategy.py for tasks to queue
[2025-11-11T19:51:04.120+0530] {logging_mixin.py:188} INFO - [2025-11-11T19:51:04.119+0530] {dagbag.py:545} INFO - Filling up the DagBag from /home/logi/txtai/venv/lib/python3.10/site-packages/airflow/example_dags/plugins/decreasing_priority_weight_strategy.py
[2025-11-11T19:51:04.126+0530] {processor.py:842} WARNING - No viable dags retrieved from /home/logi/txtai/venv/lib/python3.10/site-packages/airflow/example_dags/plugins/decreasing_priority_weight_strategy.py
[2025-11-11T19:51:04.143+0530] {processor.py:183} INFO - Processing /home/logi/txtai/venv/lib/python3.10/site-packages/airflow/example_dags/plugins/decreasing_priority_weight_strategy.py took 0.050 seconds
[2025-11-11T19:51:58.409+0530] {processor.py:161} INFO - Started process (PID=21814) to work on /home/logi/txtai/venv/lib/python3.10/site-packages/airflow/example_dags/plugins/decreasing_priority_weight_strategy.py
[2025-11-11T19:51:58.423+0530] {processor.py:830} INFO - Processing file /home/logi/txtai/venv/lib/python3.10/site-packages/airflow/example_dags/plugins/decreasing_priority_weight_strategy.py for tasks to queue
[2025-11-11T19:51:58.424+0530] {logging_mixin.py:188} INFO - [2025-11-11T19:51:58.424+0530] {dagbag.py:545} INFO - Filling up the DagBag from /home/logi/txtai/venv/lib/python3.10/site-packages/airflow/example_dags/plugins/decreasing_priority_weight_strategy.py
[2025-11-11T19:51:58.428+0530] {processor.py:842} WARNING - No viable dags retrieved from /home/logi/txtai/venv/lib/python3.10/site-packages/airflow/example_dags/plugins/decreasing_priority_weight_strategy.py
[2025-11-11T19:51:58.447+0530] {processor.py:183} INFO - Processing /home/logi/txtai/venv/lib/python3.10/site-packages/airflow/example_dags/plugins/decreasing_priority_weight_strategy.py took 0.049 seconds
[2025-11-11T19:52:53.461+0530] {processor.py:161} INFO - Started process (PID=21889) to work on /home/logi/txtai/venv/lib/python3.10/site-packages/airflow/example_dags/plugins/decreasing_priority_weight_strategy.py
[2025-11-11T19:52:53.474+0530] {processor.py:830} INFO - Processing file /home/logi/txtai/venv/lib/python3.10/site-packages/airflow/example_dags/plugins/decreasing_priority_weight_strategy.py for tasks to queue
[2025-11-11T19:52:53.476+0530] {logging_mixin.py:188} INFO - [2025-11-11T19:52:53.476+0530] {dagbag.py:545} INFO - Filling up the DagBag from /home/logi/txtai/venv/lib/python3.10/site-packages/airflow/example_dags/plugins/decreasing_priority_weight_strategy.py
[2025-11-11T19:52:53.481+0530] {processor.py:842} WARNING - No viable dags retrieved from /home/logi/txtai/venv/lib/python3.10/site-packages/airflow/example_dags/plugins/decreasing_priority_weight_strategy.py
[2025-11-11T19:52:53.506+0530] {processor.py:183} INFO - Processing /home/logi/txtai/venv/lib/python3.10/site-packages/airflow/example_dags/plugins/decreasing_priority_weight_strategy.py took 0.055 seconds
[2025-11-11T19:53:47.024+0530] {processor.py:161} INFO - Started process (PID=21966) to work on /home/logi/txtai/venv/lib/python3.10/site-packages/airflow/example_dags/plugins/decreasing_priority_weight_strategy.py
[2025-11-11T19:53:47.037+0530] {processor.py:830} INFO - Processing file /home/logi/txtai/venv/lib/python3.10/site-packages/airflow/example_dags/plugins/decreasing_priority_weight_strategy.py for tasks to queue
[2025-11-11T19:53:47.038+0530] {logging_mixin.py:188} INFO - [2025-11-11T19:53:47.038+0530] {dagbag.py:545} INFO - Filling up the DagBag from /home/logi/txtai/venv/lib/python3.10/site-packages/airflow/example_dags/plugins/decreasing_priority_weight_strategy.py
[2025-11-11T19:53:47.042+0530] {processor.py:842} WARNING - No viable dags retrieved from /home/logi/txtai/venv/lib/python3.10/site-packages/airflow/example_dags/plugins/decreasing_priority_weight_strategy.py
[2025-11-11T19:53:47.060+0530] {processor.py:183} INFO - Processing /home/logi/txtai/venv/lib/python3.10/site-packages/airflow/example_dags/plugins/decreasing_priority_weight_strategy.py took 0.047 seconds
[2025-11-11T19:54:42.487+0530] {processor.py:161} INFO - Started process (PID=22045) to work on /home/logi/txtai/venv/lib/python3.10/site-packages/airflow/example_dags/plugins/decreasing_priority_weight_strategy.py
[2025-11-11T19:54:42.501+0530] {processor.py:830} INFO - Processing file /home/logi/txtai/venv/lib/python3.10/site-packages/airflow/example_dags/plugins/decreasing_priority_weight_strategy.py for tasks to queue
[2025-11-11T19:54:42.502+0530] {logging_mixin.py:188} INFO - [2025-11-11T19:54:42.502+0530] {dagbag.py:545} INFO - Filling up the DagBag from /home/logi/txtai/venv/lib/python3.10/site-packages/airflow/example_dags/plugins/decreasing_priority_weight_strategy.py
[2025-11-11T19:54:42.506+0530] {processor.py:842} WARNING - No viable dags retrieved from /home/logi/txtai/venv/lib/python3.10/site-packages/airflow/example_dags/plugins/decreasing_priority_weight_strategy.py
[2025-11-11T19:54:42.523+0530] {processor.py:183} INFO - Processing /home/logi/txtai/venv/lib/python3.10/site-packages/airflow/example_dags/plugins/decreasing_priority_weight_strategy.py took 0.047 seconds
[2025-11-11T19:55:39.106+0530] {processor.py:161} INFO - Started process (PID=22197) to work on /home/logi/txtai/venv/lib/python3.10/site-packages/airflow/example_dags/plugins/decreasing_priority_weight_strategy.py
[2025-11-11T19:55:39.119+0530] {processor.py:830} INFO - Processing file /home/logi/txtai/venv/lib/python3.10/site-packages/airflow/example_dags/plugins/decreasing_priority_weight_strategy.py for tasks to queue
[2025-11-11T19:55:39.120+0530] {logging_mixin.py:188} INFO - [2025-11-11T19:55:39.120+0530] {dagbag.py:545} INFO - Filling up the DagBag from /home/logi/txtai/venv/lib/python3.10/site-packages/airflow/example_dags/plugins/decreasing_priority_weight_strategy.py
[2025-11-11T19:55:39.124+0530] {processor.py:842} WARNING - No viable dags retrieved from /home/logi/txtai/venv/lib/python3.10/site-packages/airflow/example_dags/plugins/decreasing_priority_weight_strategy.py
[2025-11-11T19:55:39.142+0530] {processor.py:183} INFO - Processing /home/logi/txtai/venv/lib/python3.10/site-packages/airflow/example_dags/plugins/decreasing_priority_weight_strategy.py took 0.048 seconds
[2025-11-11T19:56:31.168+0530] {processor.py:161} INFO - Started process (PID=22276) to work on /home/logi/txtai/venv/lib/python3.10/site-packages/airflow/example_dags/plugins/decreasing_priority_weight_strategy.py
[2025-11-11T19:56:31.182+0530] {processor.py:830} INFO - Processing file /home/logi/txtai/venv/lib/python3.10/site-packages/airflow/example_dags/plugins/decreasing_priority_weight_strategy.py for tasks to queue
[2025-11-11T19:56:31.184+0530] {logging_mixin.py:188} INFO - [2025-11-11T19:56:31.183+0530] {dagbag.py:545} INFO - Filling up the DagBag from /home/logi/txtai/venv/lib/python3.10/site-packages/airflow/example_dags/plugins/decreasing_priority_weight_strategy.py
[2025-11-11T19:56:31.187+0530] {processor.py:842} WARNING - No viable dags retrieved from /home/logi/txtai/venv/lib/python3.10/site-packages/airflow/example_dags/plugins/decreasing_priority_weight_strategy.py
[2025-11-11T19:56:31.207+0530] {processor.py:183} INFO - Processing /home/logi/txtai/venv/lib/python3.10/site-packages/airflow/example_dags/plugins/decreasing_priority_weight_strategy.py took 0.050 seconds
[2025-11-11T19:57:26.756+0530] {processor.py:161} INFO - Started process (PID=22358) to work on /home/logi/txtai/venv/lib/python3.10/site-packages/airflow/example_dags/plugins/decreasing_priority_weight_strategy.py
[2025-11-11T19:57:26.769+0530] {processor.py:830} INFO - Processing file /home/logi/txtai/venv/lib/python3.10/site-packages/airflow/example_dags/plugins/decreasing_priority_weight_strategy.py for tasks to queue
[2025-11-11T19:57:26.771+0530] {logging_mixin.py:188} INFO - [2025-11-11T19:57:26.770+0530] {dagbag.py:545} INFO - Filling up the DagBag from /home/logi/txtai/venv/lib/python3.10/site-packages/airflow/example_dags/plugins/decreasing_priority_weight_strategy.py
[2025-11-11T19:57:26.774+0530] {processor.py:842} WARNING - No viable dags retrieved from /home/logi/txtai/venv/lib/python3.10/site-packages/airflow/example_dags/plugins/decreasing_priority_weight_strategy.py
[2025-11-11T19:57:26.792+0530] {processor.py:183} INFO - Processing /home/logi/txtai/venv/lib/python3.10/site-packages/airflow/example_dags/plugins/decreasing_priority_weight_strategy.py took 0.047 seconds
[2025-11-11T19:58:22.717+0530] {processor.py:161} INFO - Started process (PID=22438) to work on /home/logi/txtai/venv/lib/python3.10/site-packages/airflow/example_dags/plugins/decreasing_priority_weight_strategy.py
[2025-11-11T19:58:22.730+0530] {processor.py:830} INFO - Processing file /home/logi/txtai/venv/lib/python3.10/site-packages/airflow/example_dags/plugins/decreasing_priority_weight_strategy.py for tasks to queue
[2025-11-11T19:58:22.732+0530] {logging_mixin.py:188} INFO - [2025-11-11T19:58:22.731+0530] {dagbag.py:545} INFO - Filling up the DagBag from /home/logi/txtai/venv/lib/python3.10/site-packages/airflow/example_dags/plugins/decreasing_priority_weight_strategy.py
[2025-11-11T19:58:22.735+0530] {processor.py:842} WARNING - No viable dags retrieved from /home/logi/txtai/venv/lib/python3.10/site-packages/airflow/example_dags/plugins/decreasing_priority_weight_strategy.py
[2025-11-11T19:58:22.752+0530] {processor.py:183} INFO - Processing /home/logi/txtai/venv/lib/python3.10/site-packages/airflow/example_dags/plugins/decreasing_priority_weight_strategy.py took 0.045 seconds
[2025-11-11T19:59:15.414+0530] {processor.py:161} INFO - Started process (PID=22513) to work on /home/logi/txtai/venv/lib/python3.10/site-packages/airflow/example_dags/plugins/decreasing_priority_weight_strategy.py
[2025-11-11T19:59:15.427+0530] {processor.py:830} INFO - Processing file /home/logi/txtai/venv/lib/python3.10/site-packages/airflow/example_dags/plugins/decreasing_priority_weight_strategy.py for tasks to queue
[2025-11-11T19:59:15.429+0530] {logging_mixin.py:188} INFO - [2025-11-11T19:59:15.428+0530] {dagbag.py:545} INFO - Filling up the DagBag from /home/logi/txtai/venv/lib/python3.10/site-packages/airflow/example_dags/plugins/decreasing_priority_weight_strategy.py
[2025-11-11T19:59:15.433+0530] {processor.py:842} WARNING - No viable dags retrieved from /home/logi/txtai/venv/lib/python3.10/site-packages/airflow/example_dags/plugins/decreasing_priority_weight_strategy.py
[2025-11-11T19:59:15.452+0530] {processor.py:183} INFO - Processing /home/logi/txtai/venv/lib/python3.10/site-packages/airflow/example_dags/plugins/decreasing_priority_weight_strategy.py took 0.049 seconds
[2025-11-11T20:00:11.059+0530] {processor.py:161} INFO - Started process (PID=22594) to work on /home/logi/txtai/venv/lib/python3.10/site-packages/airflow/example_dags/plugins/decreasing_priority_weight_strategy.py
[2025-11-11T20:00:11.061+0530] {processor.py:830} INFO - Processing file /home/logi/txtai/venv/lib/python3.10/site-packages/airflow/example_dags/plugins/decreasing_priority_weight_strategy.py for tasks to queue
[2025-11-11T20:00:11.063+0530] {logging_mixin.py:188} INFO - [2025-11-11T20:00:11.062+0530] {dagbag.py:545} INFO - Filling up the DagBag from /home/logi/txtai/venv/lib/python3.10/site-packages/airflow/example_dags/plugins/decreasing_priority_weight_strategy.py
[2025-11-11T20:00:11.066+0530] {processor.py:842} WARNING - No viable dags retrieved from /home/logi/txtai/venv/lib/python3.10/site-packages/airflow/example_dags/plugins/decreasing_priority_weight_strategy.py
[2025-11-11T20:00:11.084+0530] {processor.py:183} INFO - Processing /home/logi/txtai/venv/lib/python3.10/site-packages/airflow/example_dags/plugins/decreasing_priority_weight_strategy.py took 0.036 seconds
[2025-11-11T20:01:04.947+0530] {processor.py:161} INFO - Started process (PID=22707) to work on /home/logi/txtai/venv/lib/python3.10/site-packages/airflow/example_dags/plugins/decreasing_priority_weight_strategy.py
[2025-11-11T20:01:04.961+0530] {processor.py:830} INFO - Processing file /home/logi/txtai/venv/lib/python3.10/site-packages/airflow/example_dags/plugins/decreasing_priority_weight_strategy.py for tasks to queue
[2025-11-11T20:01:04.962+0530] {logging_mixin.py:188} INFO - [2025-11-11T20:01:04.962+0530] {dagbag.py:545} INFO - Filling up the DagBag from /home/logi/txtai/venv/lib/python3.10/site-packages/airflow/example_dags/plugins/decreasing_priority_weight_strategy.py
[2025-11-11T20:01:04.966+0530] {processor.py:842} WARNING - No viable dags retrieved from /home/logi/txtai/venv/lib/python3.10/site-packages/airflow/example_dags/plugins/decreasing_priority_weight_strategy.py
[2025-11-11T20:01:04.984+0530] {processor.py:183} INFO - Processing /home/logi/txtai/venv/lib/python3.10/site-packages/airflow/example_dags/plugins/decreasing_priority_weight_strategy.py took 0.047 seconds
[2025-11-11T20:01:59.302+0530] {processor.py:161} INFO - Started process (PID=22792) to work on /home/logi/txtai/venv/lib/python3.10/site-packages/airflow/example_dags/plugins/decreasing_priority_weight_strategy.py
[2025-11-11T20:01:59.315+0530] {processor.py:830} INFO - Processing file /home/logi/txtai/venv/lib/python3.10/site-packages/airflow/example_dags/plugins/decreasing_priority_weight_strategy.py for tasks to queue
[2025-11-11T20:01:59.317+0530] {logging_mixin.py:188} INFO - [2025-11-11T20:01:59.316+0530] {dagbag.py:545} INFO - Filling up the DagBag from /home/logi/txtai/venv/lib/python3.10/site-packages/airflow/example_dags/plugins/decreasing_priority_weight_strategy.py
[2025-11-11T20:01:59.321+0530] {processor.py:842} WARNING - No viable dags retrieved from /home/logi/txtai/venv/lib/python3.10/site-packages/airflow/example_dags/plugins/decreasing_priority_weight_strategy.py
[2025-11-11T20:01:59.339+0530] {processor.py:183} INFO - Processing /home/logi/txtai/venv/lib/python3.10/site-packages/airflow/example_dags/plugins/decreasing_priority_weight_strategy.py took 0.048 seconds
[2025-11-11T20:02:59.506+0530] {processor.py:161} INFO - Started process (PID=22872) to work on /home/logi/txtai/venv/lib/python3.10/site-packages/airflow/example_dags/plugins/decreasing_priority_weight_strategy.py
[2025-11-11T20:02:59.519+0530] {processor.py:830} INFO - Processing file /home/logi/txtai/venv/lib/python3.10/site-packages/airflow/example_dags/plugins/decreasing_priority_weight_strategy.py for tasks to queue
[2025-11-11T20:02:59.521+0530] {logging_mixin.py:188} INFO - [2025-11-11T20:02:59.520+0530] {dagbag.py:545} INFO - Filling up the DagBag from /home/logi/txtai/venv/lib/python3.10/site-packages/airflow/example_dags/plugins/decreasing_priority_weight_strategy.py
[2025-11-11T20:02:59.525+0530] {processor.py:842} WARNING - No viable dags retrieved from /home/logi/txtai/venv/lib/python3.10/site-packages/airflow/example_dags/plugins/decreasing_priority_weight_strategy.py
[2025-11-11T20:02:59.542+0530] {processor.py:183} INFO - Processing /home/logi/txtai/venv/lib/python3.10/site-packages/airflow/example_dags/plugins/decreasing_priority_weight_strategy.py took 0.048 seconds
[2025-11-11T20:03:58.024+0530] {processor.py:161} INFO - Started process (PID=22959) to work on /home/logi/txtai/venv/lib/python3.10/site-packages/airflow/example_dags/plugins/decreasing_priority_weight_strategy.py
[2025-11-11T20:03:58.039+0530] {processor.py:830} INFO - Processing file /home/logi/txtai/venv/lib/python3.10/site-packages/airflow/example_dags/plugins/decreasing_priority_weight_strategy.py for tasks to queue
[2025-11-11T20:03:58.043+0530] {logging_mixin.py:188} INFO - [2025-11-11T20:03:58.041+0530] {dagbag.py:545} INFO - Filling up the DagBag from /home/logi/txtai/venv/lib/python3.10/site-packages/airflow/example_dags/plugins/decreasing_priority_weight_strategy.py
[2025-11-11T20:03:58.050+0530] {processor.py:842} WARNING - No viable dags retrieved from /home/logi/txtai/venv/lib/python3.10/site-packages/airflow/example_dags/plugins/decreasing_priority_weight_strategy.py
[2025-11-11T20:03:58.082+0530] {processor.py:183} INFO - Processing /home/logi/txtai/venv/lib/python3.10/site-packages/airflow/example_dags/plugins/decreasing_priority_weight_strategy.py took 0.081 seconds
[2025-11-11T20:04:54.599+0530] {processor.py:161} INFO - Started process (PID=23106) to work on /home/logi/txtai/venv/lib/python3.10/site-packages/airflow/example_dags/plugins/decreasing_priority_weight_strategy.py
[2025-11-11T20:04:54.613+0530] {processor.py:830} INFO - Processing file /home/logi/txtai/venv/lib/python3.10/site-packages/airflow/example_dags/plugins/decreasing_priority_weight_strategy.py for tasks to queue
[2025-11-11T20:04:54.615+0530] {logging_mixin.py:188} INFO - [2025-11-11T20:04:54.614+0530] {dagbag.py:545} INFO - Filling up the DagBag from /home/logi/txtai/venv/lib/python3.10/site-packages/airflow/example_dags/plugins/decreasing_priority_weight_strategy.py
[2025-11-11T20:04:54.618+0530] {processor.py:842} WARNING - No viable dags retrieved from /home/logi/txtai/venv/lib/python3.10/site-packages/airflow/example_dags/plugins/decreasing_priority_weight_strategy.py
[2025-11-11T20:04:54.642+0530] {processor.py:183} INFO - Processing /home/logi/txtai/venv/lib/python3.10/site-packages/airflow/example_dags/plugins/decreasing_priority_weight_strategy.py took 0.054 seconds
[2025-11-11T20:05:50.707+0530] {processor.py:161} INFO - Started process (PID=23265) to work on /home/logi/txtai/venv/lib/python3.10/site-packages/airflow/example_dags/plugins/decreasing_priority_weight_strategy.py
[2025-11-11T20:05:50.720+0530] {processor.py:830} INFO - Processing file /home/logi/txtai/venv/lib/python3.10/site-packages/airflow/example_dags/plugins/decreasing_priority_weight_strategy.py for tasks to queue
[2025-11-11T20:05:50.722+0530] {logging_mixin.py:188} INFO - [2025-11-11T20:05:50.722+0530] {dagbag.py:545} INFO - Filling up the DagBag from /home/logi/txtai/venv/lib/python3.10/site-packages/airflow/example_dags/plugins/decreasing_priority_weight_strategy.py
[2025-11-11T20:05:50.726+0530] {processor.py:842} WARNING - No viable dags retrieved from /home/logi/txtai/venv/lib/python3.10/site-packages/airflow/example_dags/plugins/decreasing_priority_weight_strategy.py
[2025-11-11T20:05:50.744+0530] {processor.py:183} INFO - Processing /home/logi/txtai/venv/lib/python3.10/site-packages/airflow/example_dags/plugins/decreasing_priority_weight_strategy.py took 0.047 seconds
[2025-11-11T20:06:49.661+0530] {processor.py:161} INFO - Started process (PID=23347) to work on /home/logi/txtai/venv/lib/python3.10/site-packages/airflow/example_dags/plugins/decreasing_priority_weight_strategy.py
[2025-11-11T20:06:49.674+0530] {processor.py:830} INFO - Processing file /home/logi/txtai/venv/lib/python3.10/site-packages/airflow/example_dags/plugins/decreasing_priority_weight_strategy.py for tasks to queue
[2025-11-11T20:06:49.676+0530] {logging_mixin.py:188} INFO - [2025-11-11T20:06:49.675+0530] {dagbag.py:545} INFO - Filling up the DagBag from /home/logi/txtai/venv/lib/python3.10/site-packages/airflow/example_dags/plugins/decreasing_priority_weight_strategy.py
[2025-11-11T20:06:49.679+0530] {processor.py:842} WARNING - No viable dags retrieved from /home/logi/txtai/venv/lib/python3.10/site-packages/airflow/example_dags/plugins/decreasing_priority_weight_strategy.py
[2025-11-11T20:06:49.698+0530] {processor.py:183} INFO - Processing /home/logi/txtai/venv/lib/python3.10/site-packages/airflow/example_dags/plugins/decreasing_priority_weight_strategy.py took 0.048 seconds
[2025-11-11T20:07:46.696+0530] {processor.py:161} INFO - Started process (PID=23427) to work on /home/logi/txtai/venv/lib/python3.10/site-packages/airflow/example_dags/plugins/decreasing_priority_weight_strategy.py
[2025-11-11T20:07:46.709+0530] {processor.py:830} INFO - Processing file /home/logi/txtai/venv/lib/python3.10/site-packages/airflow/example_dags/plugins/decreasing_priority_weight_strategy.py for tasks to queue
[2025-11-11T20:07:46.711+0530] {logging_mixin.py:188} INFO - [2025-11-11T20:07:46.710+0530] {dagbag.py:545} INFO - Filling up the DagBag from /home/logi/txtai/venv/lib/python3.10/site-packages/airflow/example_dags/plugins/decreasing_priority_weight_strategy.py
[2025-11-11T20:07:46.715+0530] {processor.py:842} WARNING - No viable dags retrieved from /home/logi/txtai/venv/lib/python3.10/site-packages/airflow/example_dags/plugins/decreasing_priority_weight_strategy.py
[2025-11-11T20:07:46.734+0530] {processor.py:183} INFO - Processing /home/logi/txtai/venv/lib/python3.10/site-packages/airflow/example_dags/plugins/decreasing_priority_weight_strategy.py took 0.048 seconds
[2025-11-11T20:08:41.018+0530] {processor.py:161} INFO - Started process (PID=23502) to work on /home/logi/txtai/venv/lib/python3.10/site-packages/airflow/example_dags/plugins/decreasing_priority_weight_strategy.py
[2025-11-11T20:08:41.032+0530] {processor.py:830} INFO - Processing file /home/logi/txtai/venv/lib/python3.10/site-packages/airflow/example_dags/plugins/decreasing_priority_weight_strategy.py for tasks to queue
[2025-11-11T20:08:41.034+0530] {logging_mixin.py:188} INFO - [2025-11-11T20:08:41.034+0530] {dagbag.py:545} INFO - Filling up the DagBag from /home/logi/txtai/venv/lib/python3.10/site-packages/airflow/example_dags/plugins/decreasing_priority_weight_strategy.py
[2025-11-11T20:08:41.040+0530] {processor.py:842} WARNING - No viable dags retrieved from /home/logi/txtai/venv/lib/python3.10/site-packages/airflow/example_dags/plugins/decreasing_priority_weight_strategy.py
[2025-11-11T20:08:41.066+0530] {processor.py:183} INFO - Processing /home/logi/txtai/venv/lib/python3.10/site-packages/airflow/example_dags/plugins/decreasing_priority_weight_strategy.py took 0.059 seconds
[2025-11-11T20:09:33.585+0530] {processor.py:161} INFO - Started process (PID=23577) to work on /home/logi/txtai/venv/lib/python3.10/site-packages/airflow/example_dags/plugins/decreasing_priority_weight_strategy.py
[2025-11-11T20:09:33.599+0530] {processor.py:830} INFO - Processing file /home/logi/txtai/venv/lib/python3.10/site-packages/airflow/example_dags/plugins/decreasing_priority_weight_strategy.py for tasks to queue
[2025-11-11T20:09:33.601+0530] {logging_mixin.py:188} INFO - [2025-11-11T20:09:33.600+0530] {dagbag.py:545} INFO - Filling up the DagBag from /home/logi/txtai/venv/lib/python3.10/site-packages/airflow/example_dags/plugins/decreasing_priority_weight_strategy.py
[2025-11-11T20:09:33.604+0530] {processor.py:842} WARNING - No viable dags retrieved from /home/logi/txtai/venv/lib/python3.10/site-packages/airflow/example_dags/plugins/decreasing_priority_weight_strategy.py
[2025-11-11T20:09:33.622+0530] {processor.py:183} INFO - Processing /home/logi/txtai/venv/lib/python3.10/site-packages/airflow/example_dags/plugins/decreasing_priority_weight_strategy.py took 0.047 seconds
[2025-11-11T20:10:27.783+0530] {processor.py:161} INFO - Started process (PID=23682) to work on /home/logi/txtai/venv/lib/python3.10/site-packages/airflow/example_dags/plugins/decreasing_priority_weight_strategy.py
[2025-11-11T20:10:27.796+0530] {processor.py:830} INFO - Processing file /home/logi/txtai/venv/lib/python3.10/site-packages/airflow/example_dags/plugins/decreasing_priority_weight_strategy.py for tasks to queue
[2025-11-11T20:10:27.798+0530] {logging_mixin.py:188} INFO - [2025-11-11T20:10:27.797+0530] {dagbag.py:545} INFO - Filling up the DagBag from /home/logi/txtai/venv/lib/python3.10/site-packages/airflow/example_dags/plugins/decreasing_priority_weight_strategy.py
[2025-11-11T20:10:27.802+0530] {processor.py:842} WARNING - No viable dags retrieved from /home/logi/txtai/venv/lib/python3.10/site-packages/airflow/example_dags/plugins/decreasing_priority_weight_strategy.py
[2025-11-11T20:10:27.815+0530] {processor.py:183} INFO - Processing /home/logi/txtai/venv/lib/python3.10/site-packages/airflow/example_dags/plugins/decreasing_priority_weight_strategy.py took 0.039 seconds
[2025-11-11T20:11:22.169+0530] {processor.py:161} INFO - Started process (PID=23760) to work on /home/logi/txtai/venv/lib/python3.10/site-packages/airflow/example_dags/plugins/decreasing_priority_weight_strategy.py
[2025-11-11T20:11:22.182+0530] {processor.py:830} INFO - Processing file /home/logi/txtai/venv/lib/python3.10/site-packages/airflow/example_dags/plugins/decreasing_priority_weight_strategy.py for tasks to queue
[2025-11-11T20:11:22.184+0530] {logging_mixin.py:188} INFO - [2025-11-11T20:11:22.183+0530] {dagbag.py:545} INFO - Filling up the DagBag from /home/logi/txtai/venv/lib/python3.10/site-packages/airflow/example_dags/plugins/decreasing_priority_weight_strategy.py
[2025-11-11T20:11:22.187+0530] {processor.py:842} WARNING - No viable dags retrieved from /home/logi/txtai/venv/lib/python3.10/site-packages/airflow/example_dags/plugins/decreasing_priority_weight_strategy.py
[2025-11-11T20:11:22.199+0530] {processor.py:183} INFO - Processing /home/logi/txtai/venv/lib/python3.10/site-packages/airflow/example_dags/plugins/decreasing_priority_weight_strategy.py took 0.040 seconds
[2025-11-11T20:12:14.878+0530] {processor.py:161} INFO - Started process (PID=23838) to work on /home/logi/txtai/venv/lib/python3.10/site-packages/airflow/example_dags/plugins/decreasing_priority_weight_strategy.py
[2025-11-11T20:12:14.891+0530] {processor.py:830} INFO - Processing file /home/logi/txtai/venv/lib/python3.10/site-packages/airflow/example_dags/plugins/decreasing_priority_weight_strategy.py for tasks to queue
[2025-11-11T20:12:14.893+0530] {logging_mixin.py:188} INFO - [2025-11-11T20:12:14.892+0530] {dagbag.py:545} INFO - Filling up the DagBag from /home/logi/txtai/venv/lib/python3.10/site-packages/airflow/example_dags/plugins/decreasing_priority_weight_strategy.py
[2025-11-11T20:12:14.896+0530] {processor.py:842} WARNING - No viable dags retrieved from /home/logi/txtai/venv/lib/python3.10/site-packages/airflow/example_dags/plugins/decreasing_priority_weight_strategy.py
[2025-11-11T20:12:14.916+0530] {processor.py:183} INFO - Processing /home/logi/txtai/venv/lib/python3.10/site-packages/airflow/example_dags/plugins/decreasing_priority_weight_strategy.py took 0.049 seconds
[2025-11-11T20:13:10.469+0530] {processor.py:161} INFO - Started process (PID=23915) to work on /home/logi/txtai/venv/lib/python3.10/site-packages/airflow/example_dags/plugins/decreasing_priority_weight_strategy.py
[2025-11-11T20:13:10.483+0530] {processor.py:830} INFO - Processing file /home/logi/txtai/venv/lib/python3.10/site-packages/airflow/example_dags/plugins/decreasing_priority_weight_strategy.py for tasks to queue
[2025-11-11T20:13:10.485+0530] {logging_mixin.py:188} INFO - [2025-11-11T20:13:10.484+0530] {dagbag.py:545} INFO - Filling up the DagBag from /home/logi/txtai/venv/lib/python3.10/site-packages/airflow/example_dags/plugins/decreasing_priority_weight_strategy.py
[2025-11-11T20:13:10.488+0530] {processor.py:842} WARNING - No viable dags retrieved from /home/logi/txtai/venv/lib/python3.10/site-packages/airflow/example_dags/plugins/decreasing_priority_weight_strategy.py
[2025-11-11T20:13:10.507+0530] {processor.py:183} INFO - Processing /home/logi/txtai/venv/lib/python3.10/site-packages/airflow/example_dags/plugins/decreasing_priority_weight_strategy.py took 0.050 seconds
[2025-11-11T20:14:06.848+0530] {processor.py:161} INFO - Started process (PID=23996) to work on /home/logi/txtai/venv/lib/python3.10/site-packages/airflow/example_dags/plugins/decreasing_priority_weight_strategy.py
[2025-11-11T20:14:06.861+0530] {processor.py:830} INFO - Processing file /home/logi/txtai/venv/lib/python3.10/site-packages/airflow/example_dags/plugins/decreasing_priority_weight_strategy.py for tasks to queue
[2025-11-11T20:14:06.864+0530] {logging_mixin.py:188} INFO - [2025-11-11T20:14:06.863+0530] {dagbag.py:545} INFO - Filling up the DagBag from /home/logi/txtai/venv/lib/python3.10/site-packages/airflow/example_dags/plugins/decreasing_priority_weight_strategy.py
[2025-11-11T20:14:06.868+0530] {processor.py:842} WARNING - No viable dags retrieved from /home/logi/txtai/venv/lib/python3.10/site-packages/airflow/example_dags/plugins/decreasing_priority_weight_strategy.py
[2025-11-11T20:14:06.893+0530] {processor.py:183} INFO - Processing /home/logi/txtai/venv/lib/python3.10/site-packages/airflow/example_dags/plugins/decreasing_priority_weight_strategy.py took 0.059 seconds
[2025-11-11T20:15:00.575+0530] {processor.py:161} INFO - Started process (PID=24072) to work on /home/logi/txtai/venv/lib/python3.10/site-packages/airflow/example_dags/plugins/decreasing_priority_weight_strategy.py
[2025-11-11T20:15:00.588+0530] {processor.py:830} INFO - Processing file /home/logi/txtai/venv/lib/python3.10/site-packages/airflow/example_dags/plugins/decreasing_priority_weight_strategy.py for tasks to queue
[2025-11-11T20:15:00.590+0530] {logging_mixin.py:188} INFO - [2025-11-11T20:15:00.590+0530] {dagbag.py:545} INFO - Filling up the DagBag from /home/logi/txtai/venv/lib/python3.10/site-packages/airflow/example_dags/plugins/decreasing_priority_weight_strategy.py
[2025-11-11T20:15:00.594+0530] {processor.py:842} WARNING - No viable dags retrieved from /home/logi/txtai/venv/lib/python3.10/site-packages/airflow/example_dags/plugins/decreasing_priority_weight_strategy.py
[2025-11-11T20:15:00.613+0530] {processor.py:183} INFO - Processing /home/logi/txtai/venv/lib/python3.10/site-packages/airflow/example_dags/plugins/decreasing_priority_weight_strategy.py took 0.050 seconds
[2025-11-11T20:15:51.876+0530] {processor.py:161} INFO - Started process (PID=24180) to work on /home/logi/txtai/venv/lib/python3.10/site-packages/airflow/example_dags/plugins/decreasing_priority_weight_strategy.py
[2025-11-11T20:15:51.890+0530] {processor.py:830} INFO - Processing file /home/logi/txtai/venv/lib/python3.10/site-packages/airflow/example_dags/plugins/decreasing_priority_weight_strategy.py for tasks to queue
[2025-11-11T20:15:51.892+0530] {logging_mixin.py:188} INFO - [2025-11-11T20:15:51.891+0530] {dagbag.py:545} INFO - Filling up the DagBag from /home/logi/txtai/venv/lib/python3.10/site-packages/airflow/example_dags/plugins/decreasing_priority_weight_strategy.py
[2025-11-11T20:15:51.895+0530] {processor.py:842} WARNING - No viable dags retrieved from /home/logi/txtai/venv/lib/python3.10/site-packages/airflow/example_dags/plugins/decreasing_priority_weight_strategy.py
[2025-11-11T20:15:51.915+0530] {processor.py:183} INFO - Processing /home/logi/txtai/venv/lib/python3.10/site-packages/airflow/example_dags/plugins/decreasing_priority_weight_strategy.py took 0.050 seconds
[2025-11-11T20:16:46.034+0530] {processor.py:161} INFO - Started process (PID=24257) to work on /home/logi/txtai/venv/lib/python3.10/site-packages/airflow/example_dags/plugins/decreasing_priority_weight_strategy.py
[2025-11-11T20:16:46.047+0530] {processor.py:830} INFO - Processing file /home/logi/txtai/venv/lib/python3.10/site-packages/airflow/example_dags/plugins/decreasing_priority_weight_strategy.py for tasks to queue
[2025-11-11T20:16:46.049+0530] {logging_mixin.py:188} INFO - [2025-11-11T20:16:46.048+0530] {dagbag.py:545} INFO - Filling up the DagBag from /home/logi/txtai/venv/lib/python3.10/site-packages/airflow/example_dags/plugins/decreasing_priority_weight_strategy.py
[2025-11-11T20:16:46.053+0530] {processor.py:842} WARNING - No viable dags retrieved from /home/logi/txtai/venv/lib/python3.10/site-packages/airflow/example_dags/plugins/decreasing_priority_weight_strategy.py
[2025-11-11T20:16:46.071+0530] {processor.py:183} INFO - Processing /home/logi/txtai/venv/lib/python3.10/site-packages/airflow/example_dags/plugins/decreasing_priority_weight_strategy.py took 0.047 seconds
[2025-11-11T20:17:39.538+0530] {processor.py:161} INFO - Started process (PID=24342) to work on /home/logi/txtai/venv/lib/python3.10/site-packages/airflow/example_dags/plugins/decreasing_priority_weight_strategy.py
[2025-11-11T20:17:39.552+0530] {processor.py:830} INFO - Processing file /home/logi/txtai/venv/lib/python3.10/site-packages/airflow/example_dags/plugins/decreasing_priority_weight_strategy.py for tasks to queue
[2025-11-11T20:17:39.554+0530] {logging_mixin.py:188} INFO - [2025-11-11T20:17:39.553+0530] {dagbag.py:545} INFO - Filling up the DagBag from /home/logi/txtai/venv/lib/python3.10/site-packages/airflow/example_dags/plugins/decreasing_priority_weight_strategy.py
[2025-11-11T20:17:39.557+0530] {processor.py:842} WARNING - No viable dags retrieved from /home/logi/txtai/venv/lib/python3.10/site-packages/airflow/example_dags/plugins/decreasing_priority_weight_strategy.py
[2025-11-11T20:17:39.576+0530] {processor.py:183} INFO - Processing /home/logi/txtai/venv/lib/python3.10/site-packages/airflow/example_dags/plugins/decreasing_priority_weight_strategy.py took 0.049 seconds
[2025-11-11T20:18:30.432+0530] {processor.py:161} INFO - Started process (PID=24419) to work on /home/logi/txtai/venv/lib/python3.10/site-packages/airflow/example_dags/plugins/decreasing_priority_weight_strategy.py
[2025-11-11T20:18:30.445+0530] {processor.py:830} INFO - Processing file /home/logi/txtai/venv/lib/python3.10/site-packages/airflow/example_dags/plugins/decreasing_priority_weight_strategy.py for tasks to queue
[2025-11-11T20:18:30.447+0530] {logging_mixin.py:188} INFO - [2025-11-11T20:18:30.446+0530] {dagbag.py:545} INFO - Filling up the DagBag from /home/logi/txtai/venv/lib/python3.10/site-packages/airflow/example_dags/plugins/decreasing_priority_weight_strategy.py
[2025-11-11T20:18:30.451+0530] {processor.py:842} WARNING - No viable dags retrieved from /home/logi/txtai/venv/lib/python3.10/site-packages/airflow/example_dags/plugins/decreasing_priority_weight_strategy.py
[2025-11-11T20:18:30.470+0530] {processor.py:183} INFO - Processing /home/logi/txtai/venv/lib/python3.10/site-packages/airflow/example_dags/plugins/decreasing_priority_weight_strategy.py took 0.048 seconds
[2025-11-11T20:19:27.796+0530] {processor.py:161} INFO - Started process (PID=24500) to work on /home/logi/txtai/venv/lib/python3.10/site-packages/airflow/example_dags/plugins/decreasing_priority_weight_strategy.py
[2025-11-11T20:19:27.810+0530] {processor.py:830} INFO - Processing file /home/logi/txtai/venv/lib/python3.10/site-packages/airflow/example_dags/plugins/decreasing_priority_weight_strategy.py for tasks to queue
[2025-11-11T20:19:27.812+0530] {logging_mixin.py:188} INFO - [2025-11-11T20:19:27.811+0530] {dagbag.py:545} INFO - Filling up the DagBag from /home/logi/txtai/venv/lib/python3.10/site-packages/airflow/example_dags/plugins/decreasing_priority_weight_strategy.py
[2025-11-11T20:19:27.816+0530] {processor.py:842} WARNING - No viable dags retrieved from /home/logi/txtai/venv/lib/python3.10/site-packages/airflow/example_dags/plugins/decreasing_priority_weight_strategy.py
[2025-11-11T20:19:27.836+0530] {processor.py:183} INFO - Processing /home/logi/txtai/venv/lib/python3.10/site-packages/airflow/example_dags/plugins/decreasing_priority_weight_strategy.py took 0.051 seconds
[2025-11-11T20:20:24.212+0530] {processor.py:161} INFO - Started process (PID=24605) to work on /home/logi/txtai/venv/lib/python3.10/site-packages/airflow/example_dags/plugins/decreasing_priority_weight_strategy.py
[2025-11-11T20:20:24.227+0530] {processor.py:830} INFO - Processing file /home/logi/txtai/venv/lib/python3.10/site-packages/airflow/example_dags/plugins/decreasing_priority_weight_strategy.py for tasks to queue
[2025-11-11T20:20:24.229+0530] {logging_mixin.py:188} INFO - [2025-11-11T20:20:24.228+0530] {dagbag.py:545} INFO - Filling up the DagBag from /home/logi/txtai/venv/lib/python3.10/site-packages/airflow/example_dags/plugins/decreasing_priority_weight_strategy.py
[2025-11-11T20:20:24.233+0530] {processor.py:842} WARNING - No viable dags retrieved from /home/logi/txtai/venv/lib/python3.10/site-packages/airflow/example_dags/plugins/decreasing_priority_weight_strategy.py
[2025-11-11T20:20:24.257+0530] {processor.py:183} INFO - Processing /home/logi/txtai/venv/lib/python3.10/site-packages/airflow/example_dags/plugins/decreasing_priority_weight_strategy.py took 0.055 seconds
[2025-11-11T20:21:20.715+0530] {processor.py:161} INFO - Started process (PID=24683) to work on /home/logi/txtai/venv/lib/python3.10/site-packages/airflow/example_dags/plugins/decreasing_priority_weight_strategy.py
[2025-11-11T20:21:20.728+0530] {processor.py:830} INFO - Processing file /home/logi/txtai/venv/lib/python3.10/site-packages/airflow/example_dags/plugins/decreasing_priority_weight_strategy.py for tasks to queue
[2025-11-11T20:21:20.730+0530] {logging_mixin.py:188} INFO - [2025-11-11T20:21:20.729+0530] {dagbag.py:545} INFO - Filling up the DagBag from /home/logi/txtai/venv/lib/python3.10/site-packages/airflow/example_dags/plugins/decreasing_priority_weight_strategy.py
[2025-11-11T20:21:20.734+0530] {processor.py:842} WARNING - No viable dags retrieved from /home/logi/txtai/venv/lib/python3.10/site-packages/airflow/example_dags/plugins/decreasing_priority_weight_strategy.py
[2025-11-11T20:21:20.758+0530] {processor.py:183} INFO - Processing /home/logi/txtai/venv/lib/python3.10/site-packages/airflow/example_dags/plugins/decreasing_priority_weight_strategy.py took 0.055 seconds
[2025-11-11T20:22:13.650+0530] {processor.py:161} INFO - Started process (PID=24758) to work on /home/logi/txtai/venv/lib/python3.10/site-packages/airflow/example_dags/plugins/decreasing_priority_weight_strategy.py
[2025-11-11T20:22:13.664+0530] {processor.py:830} INFO - Processing file /home/logi/txtai/venv/lib/python3.10/site-packages/airflow/example_dags/plugins/decreasing_priority_weight_strategy.py for tasks to queue
[2025-11-11T20:22:13.666+0530] {logging_mixin.py:188} INFO - [2025-11-11T20:22:13.665+0530] {dagbag.py:545} INFO - Filling up the DagBag from /home/logi/txtai/venv/lib/python3.10/site-packages/airflow/example_dags/plugins/decreasing_priority_weight_strategy.py
[2025-11-11T20:22:13.669+0530] {processor.py:842} WARNING - No viable dags retrieved from /home/logi/txtai/venv/lib/python3.10/site-packages/airflow/example_dags/plugins/decreasing_priority_weight_strategy.py
[2025-11-11T20:22:13.688+0530] {processor.py:183} INFO - Processing /home/logi/txtai/venv/lib/python3.10/site-packages/airflow/example_dags/plugins/decreasing_priority_weight_strategy.py took 0.049 seconds
[2025-11-11T20:23:12.747+0530] {processor.py:161} INFO - Started process (PID=24835) to work on /home/logi/txtai/venv/lib/python3.10/site-packages/airflow/example_dags/plugins/decreasing_priority_weight_strategy.py
[2025-11-11T20:23:12.760+0530] {processor.py:830} INFO - Processing file /home/logi/txtai/venv/lib/python3.10/site-packages/airflow/example_dags/plugins/decreasing_priority_weight_strategy.py for tasks to queue
[2025-11-11T20:23:12.762+0530] {logging_mixin.py:188} INFO - [2025-11-11T20:23:12.762+0530] {dagbag.py:545} INFO - Filling up the DagBag from /home/logi/txtai/venv/lib/python3.10/site-packages/airflow/example_dags/plugins/decreasing_priority_weight_strategy.py
[2025-11-11T20:23:12.767+0530] {processor.py:842} WARNING - No viable dags retrieved from /home/logi/txtai/venv/lib/python3.10/site-packages/airflow/example_dags/plugins/decreasing_priority_weight_strategy.py
[2025-11-11T20:23:12.794+0530] {processor.py:183} INFO - Processing /home/logi/txtai/venv/lib/python3.10/site-packages/airflow/example_dags/plugins/decreasing_priority_weight_strategy.py took 0.057 seconds
[2025-11-11T20:24:12.454+0530] {processor.py:161} INFO - Started process (PID=24915) to work on /home/logi/txtai/venv/lib/python3.10/site-packages/airflow/example_dags/plugins/decreasing_priority_weight_strategy.py
[2025-11-11T20:24:12.467+0530] {processor.py:830} INFO - Processing file /home/logi/txtai/venv/lib/python3.10/site-packages/airflow/example_dags/plugins/decreasing_priority_weight_strategy.py for tasks to queue
[2025-11-11T20:24:12.469+0530] {logging_mixin.py:188} INFO - [2025-11-11T20:24:12.468+0530] {dagbag.py:545} INFO - Filling up the DagBag from /home/logi/txtai/venv/lib/python3.10/site-packages/airflow/example_dags/plugins/decreasing_priority_weight_strategy.py
[2025-11-11T20:24:12.473+0530] {processor.py:842} WARNING - No viable dags retrieved from /home/logi/txtai/venv/lib/python3.10/site-packages/airflow/example_dags/plugins/decreasing_priority_weight_strategy.py
[2025-11-11T20:24:12.490+0530] {processor.py:183} INFO - Processing /home/logi/txtai/venv/lib/python3.10/site-packages/airflow/example_dags/plugins/decreasing_priority_weight_strategy.py took 0.048 seconds
[2025-11-11T20:25:10.219+0530] {processor.py:161} INFO - Started process (PID=24997) to work on /home/logi/txtai/venv/lib/python3.10/site-packages/airflow/example_dags/plugins/decreasing_priority_weight_strategy.py
[2025-11-11T20:25:10.232+0530] {processor.py:830} INFO - Processing file /home/logi/txtai/venv/lib/python3.10/site-packages/airflow/example_dags/plugins/decreasing_priority_weight_strategy.py for tasks to queue
[2025-11-11T20:25:10.234+0530] {logging_mixin.py:188} INFO - [2025-11-11T20:25:10.233+0530] {dagbag.py:545} INFO - Filling up the DagBag from /home/logi/txtai/venv/lib/python3.10/site-packages/airflow/example_dags/plugins/decreasing_priority_weight_strategy.py
[2025-11-11T20:25:10.237+0530] {processor.py:842} WARNING - No viable dags retrieved from /home/logi/txtai/venv/lib/python3.10/site-packages/airflow/example_dags/plugins/decreasing_priority_weight_strategy.py
[2025-11-11T20:25:10.253+0530] {processor.py:183} INFO - Processing /home/logi/txtai/venv/lib/python3.10/site-packages/airflow/example_dags/plugins/decreasing_priority_weight_strategy.py took 0.044 seconds
[2025-11-11T20:25:59.376+0530] {processor.py:161} INFO - Started process (PID=25107) to work on /home/logi/txtai/venv/lib/python3.10/site-packages/airflow/example_dags/plugins/decreasing_priority_weight_strategy.py
[2025-11-11T20:25:59.380+0530] {processor.py:830} INFO - Processing file /home/logi/txtai/venv/lib/python3.10/site-packages/airflow/example_dags/plugins/decreasing_priority_weight_strategy.py for tasks to queue
[2025-11-11T20:25:59.384+0530] {logging_mixin.py:188} INFO - [2025-11-11T20:25:59.382+0530] {dagbag.py:545} INFO - Filling up the DagBag from /home/logi/txtai/venv/lib/python3.10/site-packages/airflow/example_dags/plugins/decreasing_priority_weight_strategy.py
[2025-11-11T20:25:59.393+0530] {processor.py:842} WARNING - No viable dags retrieved from /home/logi/txtai/venv/lib/python3.10/site-packages/airflow/example_dags/plugins/decreasing_priority_weight_strategy.py
[2025-11-11T20:25:59.411+0530] {processor.py:183} INFO - Processing /home/logi/txtai/venv/lib/python3.10/site-packages/airflow/example_dags/plugins/decreasing_priority_weight_strategy.py took 0.069 seconds
[2025-11-11T22:21:45.733+0530] {processor.py:161} INFO - Started process (PID=5702) to work on /home/logi/txtai/venv/lib/python3.10/site-packages/airflow/example_dags/plugins/decreasing_priority_weight_strategy.py
[2025-11-11T22:21:45.746+0530] {processor.py:830} INFO - Processing file /home/logi/txtai/venv/lib/python3.10/site-packages/airflow/example_dags/plugins/decreasing_priority_weight_strategy.py for tasks to queue
[2025-11-11T22:21:45.750+0530] {logging_mixin.py:188} INFO - [2025-11-11T22:21:45.749+0530] {dagbag.py:545} INFO - Filling up the DagBag from /home/logi/txtai/venv/lib/python3.10/site-packages/airflow/example_dags/plugins/decreasing_priority_weight_strategy.py
[2025-11-11T22:21:45.754+0530] {processor.py:842} WARNING - No viable dags retrieved from /home/logi/txtai/venv/lib/python3.10/site-packages/airflow/example_dags/plugins/decreasing_priority_weight_strategy.py
[2025-11-11T22:21:45.780+0530] {processor.py:183} INFO - Processing /home/logi/txtai/venv/lib/python3.10/site-packages/airflow/example_dags/plugins/decreasing_priority_weight_strategy.py took 0.058 seconds
[2025-11-11T22:22:46.448+0530] {processor.py:161} INFO - Started process (PID=6151) to work on /home/logi/txtai/venv/lib/python3.10/site-packages/airflow/example_dags/plugins/decreasing_priority_weight_strategy.py
[2025-11-11T22:22:46.462+0530] {processor.py:830} INFO - Processing file /home/logi/txtai/venv/lib/python3.10/site-packages/airflow/example_dags/plugins/decreasing_priority_weight_strategy.py for tasks to queue
[2025-11-11T22:22:46.465+0530] {logging_mixin.py:188} INFO - [2025-11-11T22:22:46.464+0530] {dagbag.py:545} INFO - Filling up the DagBag from /home/logi/txtai/venv/lib/python3.10/site-packages/airflow/example_dags/plugins/decreasing_priority_weight_strategy.py
[2025-11-11T22:22:46.468+0530] {processor.py:842} WARNING - No viable dags retrieved from /home/logi/txtai/venv/lib/python3.10/site-packages/airflow/example_dags/plugins/decreasing_priority_weight_strategy.py
[2025-11-11T22:22:46.487+0530] {processor.py:183} INFO - Processing /home/logi/txtai/venv/lib/python3.10/site-packages/airflow/example_dags/plugins/decreasing_priority_weight_strategy.py took 0.050 seconds
[2025-11-11T22:23:44.318+0530] {processor.py:161} INFO - Started process (PID=6269) to work on /home/logi/txtai/venv/lib/python3.10/site-packages/airflow/example_dags/plugins/decreasing_priority_weight_strategy.py
[2025-11-11T22:23:44.332+0530] {processor.py:830} INFO - Processing file /home/logi/txtai/venv/lib/python3.10/site-packages/airflow/example_dags/plugins/decreasing_priority_weight_strategy.py for tasks to queue
[2025-11-11T22:23:44.335+0530] {logging_mixin.py:188} INFO - [2025-11-11T22:23:44.334+0530] {dagbag.py:545} INFO - Filling up the DagBag from /home/logi/txtai/venv/lib/python3.10/site-packages/airflow/example_dags/plugins/decreasing_priority_weight_strategy.py
[2025-11-11T22:23:44.339+0530] {processor.py:842} WARNING - No viable dags retrieved from /home/logi/txtai/venv/lib/python3.10/site-packages/airflow/example_dags/plugins/decreasing_priority_weight_strategy.py
[2025-11-11T22:23:44.358+0530] {processor.py:183} INFO - Processing /home/logi/txtai/venv/lib/python3.10/site-packages/airflow/example_dags/plugins/decreasing_priority_weight_strategy.py took 0.051 seconds
[2025-11-11T22:24:39.082+0530] {processor.py:161} INFO - Started process (PID=6346) to work on /home/logi/txtai/venv/lib/python3.10/site-packages/airflow/example_dags/plugins/decreasing_priority_weight_strategy.py
[2025-11-11T22:24:39.095+0530] {processor.py:830} INFO - Processing file /home/logi/txtai/venv/lib/python3.10/site-packages/airflow/example_dags/plugins/decreasing_priority_weight_strategy.py for tasks to queue
[2025-11-11T22:24:39.098+0530] {logging_mixin.py:188} INFO - [2025-11-11T22:24:39.097+0530] {dagbag.py:545} INFO - Filling up the DagBag from /home/logi/txtai/venv/lib/python3.10/site-packages/airflow/example_dags/plugins/decreasing_priority_weight_strategy.py
[2025-11-11T22:24:39.100+0530] {processor.py:842} WARNING - No viable dags retrieved from /home/logi/txtai/venv/lib/python3.10/site-packages/airflow/example_dags/plugins/decreasing_priority_weight_strategy.py
[2025-11-11T22:24:39.111+0530] {processor.py:183} INFO - Processing /home/logi/txtai/venv/lib/python3.10/site-packages/airflow/example_dags/plugins/decreasing_priority_weight_strategy.py took 0.036 seconds
[2025-11-11T22:25:35.765+0530] {processor.py:161} INFO - Started process (PID=6427) to work on /home/logi/txtai/venv/lib/python3.10/site-packages/airflow/example_dags/plugins/decreasing_priority_weight_strategy.py
[2025-11-11T22:25:35.780+0530] {processor.py:830} INFO - Processing file /home/logi/txtai/venv/lib/python3.10/site-packages/airflow/example_dags/plugins/decreasing_priority_weight_strategy.py for tasks to queue
[2025-11-11T22:25:35.783+0530] {logging_mixin.py:188} INFO - [2025-11-11T22:25:35.783+0530] {dagbag.py:545} INFO - Filling up the DagBag from /home/logi/txtai/venv/lib/python3.10/site-packages/airflow/example_dags/plugins/decreasing_priority_weight_strategy.py
[2025-11-11T22:25:35.787+0530] {processor.py:842} WARNING - No viable dags retrieved from /home/logi/txtai/venv/lib/python3.10/site-packages/airflow/example_dags/plugins/decreasing_priority_weight_strategy.py
[2025-11-11T22:25:35.805+0530] {processor.py:183} INFO - Processing /home/logi/txtai/venv/lib/python3.10/site-packages/airflow/example_dags/plugins/decreasing_priority_weight_strategy.py took 0.051 seconds
[2025-11-11T22:26:30.744+0530] {processor.py:161} INFO - Started process (PID=6512) to work on /home/logi/txtai/venv/lib/python3.10/site-packages/airflow/example_dags/plugins/decreasing_priority_weight_strategy.py
[2025-11-11T22:26:30.757+0530] {processor.py:830} INFO - Processing file /home/logi/txtai/venv/lib/python3.10/site-packages/airflow/example_dags/plugins/decreasing_priority_weight_strategy.py for tasks to queue
[2025-11-11T22:26:30.760+0530] {logging_mixin.py:188} INFO - [2025-11-11T22:26:30.760+0530] {dagbag.py:545} INFO - Filling up the DagBag from /home/logi/txtai/venv/lib/python3.10/site-packages/airflow/example_dags/plugins/decreasing_priority_weight_strategy.py
[2025-11-11T22:26:30.761+0530] {processor.py:842} WARNING - No viable dags retrieved from /home/logi/txtai/venv/lib/python3.10/site-packages/airflow/example_dags/plugins/decreasing_priority_weight_strategy.py
[2025-11-11T22:26:30.770+0530] {processor.py:183} INFO - Processing /home/logi/txtai/venv/lib/python3.10/site-packages/airflow/example_dags/plugins/decreasing_priority_weight_strategy.py took 0.035 seconds
[2025-11-11T22:27:29.097+0530] {processor.py:161} INFO - Started process (PID=6616) to work on /home/logi/txtai/venv/lib/python3.10/site-packages/airflow/example_dags/plugins/decreasing_priority_weight_strategy.py
[2025-11-11T22:27:29.110+0530] {processor.py:830} INFO - Processing file /home/logi/txtai/venv/lib/python3.10/site-packages/airflow/example_dags/plugins/decreasing_priority_weight_strategy.py for tasks to queue
[2025-11-11T22:27:29.113+0530] {logging_mixin.py:188} INFO - [2025-11-11T22:27:29.112+0530] {dagbag.py:545} INFO - Filling up the DagBag from /home/logi/txtai/venv/lib/python3.10/site-packages/airflow/example_dags/plugins/decreasing_priority_weight_strategy.py
[2025-11-11T22:27:29.117+0530] {processor.py:842} WARNING - No viable dags retrieved from /home/logi/txtai/venv/lib/python3.10/site-packages/airflow/example_dags/plugins/decreasing_priority_weight_strategy.py
[2025-11-11T22:27:29.136+0530] {processor.py:183} INFO - Processing /home/logi/txtai/venv/lib/python3.10/site-packages/airflow/example_dags/plugins/decreasing_priority_weight_strategy.py took 0.051 seconds
[2025-11-11T22:28:25.105+0530] {processor.py:161} INFO - Started process (PID=6703) to work on /home/logi/txtai/venv/lib/python3.10/site-packages/airflow/example_dags/plugins/decreasing_priority_weight_strategy.py
[2025-11-11T22:28:25.119+0530] {processor.py:830} INFO - Processing file /home/logi/txtai/venv/lib/python3.10/site-packages/airflow/example_dags/plugins/decreasing_priority_weight_strategy.py for tasks to queue
[2025-11-11T22:28:25.122+0530] {logging_mixin.py:188} INFO - [2025-11-11T22:28:25.121+0530] {dagbag.py:545} INFO - Filling up the DagBag from /home/logi/txtai/venv/lib/python3.10/site-packages/airflow/example_dags/plugins/decreasing_priority_weight_strategy.py
[2025-11-11T22:28:25.125+0530] {processor.py:842} WARNING - No viable dags retrieved from /home/logi/txtai/venv/lib/python3.10/site-packages/airflow/example_dags/plugins/decreasing_priority_weight_strategy.py
[2025-11-11T22:28:25.144+0530] {processor.py:183} INFO - Processing /home/logi/txtai/venv/lib/python3.10/site-packages/airflow/example_dags/plugins/decreasing_priority_weight_strategy.py took 0.050 seconds
[2025-11-11T22:29:20.989+0530] {processor.py:161} INFO - Started process (PID=6790) to work on /home/logi/txtai/venv/lib/python3.10/site-packages/airflow/example_dags/plugins/decreasing_priority_weight_strategy.py
[2025-11-11T22:29:21.002+0530] {processor.py:830} INFO - Processing file /home/logi/txtai/venv/lib/python3.10/site-packages/airflow/example_dags/plugins/decreasing_priority_weight_strategy.py for tasks to queue
[2025-11-11T22:29:21.006+0530] {logging_mixin.py:188} INFO - [2025-11-11T22:29:21.005+0530] {dagbag.py:545} INFO - Filling up the DagBag from /home/logi/txtai/venv/lib/python3.10/site-packages/airflow/example_dags/plugins/decreasing_priority_weight_strategy.py
[2025-11-11T22:29:21.009+0530] {processor.py:842} WARNING - No viable dags retrieved from /home/logi/txtai/venv/lib/python3.10/site-packages/airflow/example_dags/plugins/decreasing_priority_weight_strategy.py
[2025-11-11T22:29:21.030+0530] {processor.py:183} INFO - Processing /home/logi/txtai/venv/lib/python3.10/site-packages/airflow/example_dags/plugins/decreasing_priority_weight_strategy.py took 0.053 seconds
[2025-11-11T22:30:16.101+0530] {processor.py:161} INFO - Started process (PID=6870) to work on /home/logi/txtai/venv/lib/python3.10/site-packages/airflow/example_dags/plugins/decreasing_priority_weight_strategy.py
[2025-11-11T22:30:16.116+0530] {processor.py:830} INFO - Processing file /home/logi/txtai/venv/lib/python3.10/site-packages/airflow/example_dags/plugins/decreasing_priority_weight_strategy.py for tasks to queue
[2025-11-11T22:30:16.119+0530] {logging_mixin.py:188} INFO - [2025-11-11T22:30:16.119+0530] {dagbag.py:545} INFO - Filling up the DagBag from /home/logi/txtai/venv/lib/python3.10/site-packages/airflow/example_dags/plugins/decreasing_priority_weight_strategy.py
[2025-11-11T22:30:16.123+0530] {processor.py:842} WARNING - No viable dags retrieved from /home/logi/txtai/venv/lib/python3.10/site-packages/airflow/example_dags/plugins/decreasing_priority_weight_strategy.py
[2025-11-11T22:30:16.142+0530] {processor.py:183} INFO - Processing /home/logi/txtai/venv/lib/python3.10/site-packages/airflow/example_dags/plugins/decreasing_priority_weight_strategy.py took 0.051 seconds
[2025-11-11T22:31:14.519+0530] {processor.py:161} INFO - Started process (PID=6952) to work on /home/logi/txtai/venv/lib/python3.10/site-packages/airflow/example_dags/plugins/decreasing_priority_weight_strategy.py
[2025-11-11T22:31:14.534+0530] {processor.py:830} INFO - Processing file /home/logi/txtai/venv/lib/python3.10/site-packages/airflow/example_dags/plugins/decreasing_priority_weight_strategy.py for tasks to queue
[2025-11-11T22:31:14.538+0530] {logging_mixin.py:188} INFO - [2025-11-11T22:31:14.537+0530] {dagbag.py:545} INFO - Filling up the DagBag from /home/logi/txtai/venv/lib/python3.10/site-packages/airflow/example_dags/plugins/decreasing_priority_weight_strategy.py
[2025-11-11T22:31:14.544+0530] {processor.py:842} WARNING - No viable dags retrieved from /home/logi/txtai/venv/lib/python3.10/site-packages/airflow/example_dags/plugins/decreasing_priority_weight_strategy.py
[2025-11-11T22:31:14.569+0530] {processor.py:183} INFO - Processing /home/logi/txtai/venv/lib/python3.10/site-packages/airflow/example_dags/plugins/decreasing_priority_weight_strategy.py took 0.070 seconds
[2025-11-11T22:32:10.000+0530] {processor.py:161} INFO - Started process (PID=7057) to work on /home/logi/txtai/venv/lib/python3.10/site-packages/airflow/example_dags/plugins/decreasing_priority_weight_strategy.py
[2025-11-11T22:32:10.014+0530] {processor.py:830} INFO - Processing file /home/logi/txtai/venv/lib/python3.10/site-packages/airflow/example_dags/plugins/decreasing_priority_weight_strategy.py for tasks to queue
[2025-11-11T22:32:10.017+0530] {logging_mixin.py:188} INFO - [2025-11-11T22:32:10.016+0530] {dagbag.py:545} INFO - Filling up the DagBag from /home/logi/txtai/venv/lib/python3.10/site-packages/airflow/example_dags/plugins/decreasing_priority_weight_strategy.py
[2025-11-11T22:32:10.021+0530] {processor.py:842} WARNING - No viable dags retrieved from /home/logi/txtai/venv/lib/python3.10/site-packages/airflow/example_dags/plugins/decreasing_priority_weight_strategy.py
[2025-11-11T22:32:10.041+0530] {processor.py:183} INFO - Processing /home/logi/txtai/venv/lib/python3.10/site-packages/airflow/example_dags/plugins/decreasing_priority_weight_strategy.py took 0.054 seconds
[2025-11-11T22:33:04.509+0530] {processor.py:161} INFO - Started process (PID=7137) to work on /home/logi/txtai/venv/lib/python3.10/site-packages/airflow/example_dags/plugins/decreasing_priority_weight_strategy.py
[2025-11-11T22:33:04.522+0530] {processor.py:830} INFO - Processing file /home/logi/txtai/venv/lib/python3.10/site-packages/airflow/example_dags/plugins/decreasing_priority_weight_strategy.py for tasks to queue
[2025-11-11T22:33:04.525+0530] {logging_mixin.py:188} INFO - [2025-11-11T22:33:04.525+0530] {dagbag.py:545} INFO - Filling up the DagBag from /home/logi/txtai/venv/lib/python3.10/site-packages/airflow/example_dags/plugins/decreasing_priority_weight_strategy.py
[2025-11-11T22:33:04.529+0530] {processor.py:842} WARNING - No viable dags retrieved from /home/logi/txtai/venv/lib/python3.10/site-packages/airflow/example_dags/plugins/decreasing_priority_weight_strategy.py
[2025-11-11T22:33:04.548+0530] {processor.py:183} INFO - Processing /home/logi/txtai/venv/lib/python3.10/site-packages/airflow/example_dags/plugins/decreasing_priority_weight_strategy.py took 0.051 seconds
[2025-11-11T22:34:01.551+0530] {processor.py:161} INFO - Started process (PID=7214) to work on /home/logi/txtai/venv/lib/python3.10/site-packages/airflow/example_dags/plugins/decreasing_priority_weight_strategy.py
[2025-11-11T22:34:01.564+0530] {processor.py:830} INFO - Processing file /home/logi/txtai/venv/lib/python3.10/site-packages/airflow/example_dags/plugins/decreasing_priority_weight_strategy.py for tasks to queue
[2025-11-11T22:34:01.567+0530] {logging_mixin.py:188} INFO - [2025-11-11T22:34:01.566+0530] {dagbag.py:545} INFO - Filling up the DagBag from /home/logi/txtai/venv/lib/python3.10/site-packages/airflow/example_dags/plugins/decreasing_priority_weight_strategy.py
[2025-11-11T22:34:01.571+0530] {processor.py:842} WARNING - No viable dags retrieved from /home/logi/txtai/venv/lib/python3.10/site-packages/airflow/example_dags/plugins/decreasing_priority_weight_strategy.py
[2025-11-11T22:34:01.590+0530] {processor.py:183} INFO - Processing /home/logi/txtai/venv/lib/python3.10/site-packages/airflow/example_dags/plugins/decreasing_priority_weight_strategy.py took 0.051 seconds
[2025-11-11T22:34:58.272+0530] {processor.py:161} INFO - Started process (PID=7289) to work on /home/logi/txtai/venv/lib/python3.10/site-packages/airflow/example_dags/plugins/decreasing_priority_weight_strategy.py
[2025-11-11T22:34:58.285+0530] {processor.py:830} INFO - Processing file /home/logi/txtai/venv/lib/python3.10/site-packages/airflow/example_dags/plugins/decreasing_priority_weight_strategy.py for tasks to queue
[2025-11-11T22:34:58.287+0530] {logging_mixin.py:188} INFO - [2025-11-11T22:34:58.286+0530] {dagbag.py:545} INFO - Filling up the DagBag from /home/logi/txtai/venv/lib/python3.10/site-packages/airflow/example_dags/plugins/decreasing_priority_weight_strategy.py
[2025-11-11T22:34:58.289+0530] {processor.py:842} WARNING - No viable dags retrieved from /home/logi/txtai/venv/lib/python3.10/site-packages/airflow/example_dags/plugins/decreasing_priority_weight_strategy.py
[2025-11-11T22:34:58.303+0530] {processor.py:183} INFO - Processing /home/logi/txtai/venv/lib/python3.10/site-packages/airflow/example_dags/plugins/decreasing_priority_weight_strategy.py took 0.042 seconds
[2025-11-11T22:35:52.257+0530] {processor.py:161} INFO - Started process (PID=7381) to work on /home/logi/txtai/venv/lib/python3.10/site-packages/airflow/example_dags/plugins/decreasing_priority_weight_strategy.py
[2025-11-11T22:35:52.271+0530] {processor.py:830} INFO - Processing file /home/logi/txtai/venv/lib/python3.10/site-packages/airflow/example_dags/plugins/decreasing_priority_weight_strategy.py for tasks to queue
[2025-11-11T22:35:52.275+0530] {logging_mixin.py:188} INFO - [2025-11-11T22:35:52.274+0530] {dagbag.py:545} INFO - Filling up the DagBag from /home/logi/txtai/venv/lib/python3.10/site-packages/airflow/example_dags/plugins/decreasing_priority_weight_strategy.py
[2025-11-11T22:35:52.279+0530] {processor.py:842} WARNING - No viable dags retrieved from /home/logi/txtai/venv/lib/python3.10/site-packages/airflow/example_dags/plugins/decreasing_priority_weight_strategy.py
[2025-11-11T22:35:52.302+0530] {processor.py:183} INFO - Processing /home/logi/txtai/venv/lib/python3.10/site-packages/airflow/example_dags/plugins/decreasing_priority_weight_strategy.py took 0.060 seconds
[2025-11-11T22:36:49.782+0530] {processor.py:161} INFO - Started process (PID=7498) to work on /home/logi/txtai/venv/lib/python3.10/site-packages/airflow/example_dags/plugins/decreasing_priority_weight_strategy.py
[2025-11-11T22:36:49.796+0530] {processor.py:830} INFO - Processing file /home/logi/txtai/venv/lib/python3.10/site-packages/airflow/example_dags/plugins/decreasing_priority_weight_strategy.py for tasks to queue
[2025-11-11T22:36:49.799+0530] {logging_mixin.py:188} INFO - [2025-11-11T22:36:49.798+0530] {dagbag.py:545} INFO - Filling up the DagBag from /home/logi/txtai/venv/lib/python3.10/site-packages/airflow/example_dags/plugins/decreasing_priority_weight_strategy.py
[2025-11-11T22:36:49.802+0530] {processor.py:842} WARNING - No viable dags retrieved from /home/logi/txtai/venv/lib/python3.10/site-packages/airflow/example_dags/plugins/decreasing_priority_weight_strategy.py
[2025-11-11T22:36:49.821+0530] {processor.py:183} INFO - Processing /home/logi/txtai/venv/lib/python3.10/site-packages/airflow/example_dags/plugins/decreasing_priority_weight_strategy.py took 0.051 seconds
[2025-11-11T22:37:46.599+0530] {processor.py:161} INFO - Started process (PID=7576) to work on /home/logi/txtai/venv/lib/python3.10/site-packages/airflow/example_dags/plugins/decreasing_priority_weight_strategy.py
[2025-11-11T22:37:46.613+0530] {processor.py:830} INFO - Processing file /home/logi/txtai/venv/lib/python3.10/site-packages/airflow/example_dags/plugins/decreasing_priority_weight_strategy.py for tasks to queue
[2025-11-11T22:37:46.616+0530] {logging_mixin.py:188} INFO - [2025-11-11T22:37:46.616+0530] {dagbag.py:545} INFO - Filling up the DagBag from /home/logi/txtai/venv/lib/python3.10/site-packages/airflow/example_dags/plugins/decreasing_priority_weight_strategy.py
[2025-11-11T22:37:46.620+0530] {processor.py:842} WARNING - No viable dags retrieved from /home/logi/txtai/venv/lib/python3.10/site-packages/airflow/example_dags/plugins/decreasing_priority_weight_strategy.py
[2025-11-11T22:37:46.643+0530] {processor.py:183} INFO - Processing /home/logi/txtai/venv/lib/python3.10/site-packages/airflow/example_dags/plugins/decreasing_priority_weight_strategy.py took 0.055 seconds
[2025-11-11T22:38:41.536+0530] {processor.py:161} INFO - Started process (PID=7652) to work on /home/logi/txtai/venv/lib/python3.10/site-packages/airflow/example_dags/plugins/decreasing_priority_weight_strategy.py
[2025-11-11T22:38:41.550+0530] {processor.py:830} INFO - Processing file /home/logi/txtai/venv/lib/python3.10/site-packages/airflow/example_dags/plugins/decreasing_priority_weight_strategy.py for tasks to queue
[2025-11-11T22:38:41.553+0530] {logging_mixin.py:188} INFO - [2025-11-11T22:38:41.553+0530] {dagbag.py:545} INFO - Filling up the DagBag from /home/logi/txtai/venv/lib/python3.10/site-packages/airflow/example_dags/plugins/decreasing_priority_weight_strategy.py
[2025-11-11T22:38:41.557+0530] {processor.py:842} WARNING - No viable dags retrieved from /home/logi/txtai/venv/lib/python3.10/site-packages/airflow/example_dags/plugins/decreasing_priority_weight_strategy.py
[2025-11-11T22:38:41.577+0530] {processor.py:183} INFO - Processing /home/logi/txtai/venv/lib/python3.10/site-packages/airflow/example_dags/plugins/decreasing_priority_weight_strategy.py took 0.052 seconds
[2025-11-11T22:39:35.413+0530] {processor.py:161} INFO - Started process (PID=7726) to work on /home/logi/txtai/venv/lib/python3.10/site-packages/airflow/example_dags/plugins/decreasing_priority_weight_strategy.py
[2025-11-11T22:39:35.426+0530] {processor.py:830} INFO - Processing file /home/logi/txtai/venv/lib/python3.10/site-packages/airflow/example_dags/plugins/decreasing_priority_weight_strategy.py for tasks to queue
[2025-11-11T22:39:35.429+0530] {logging_mixin.py:188} INFO - [2025-11-11T22:39:35.429+0530] {dagbag.py:545} INFO - Filling up the DagBag from /home/logi/txtai/venv/lib/python3.10/site-packages/airflow/example_dags/plugins/decreasing_priority_weight_strategy.py
[2025-11-11T22:39:35.433+0530] {processor.py:842} WARNING - No viable dags retrieved from /home/logi/txtai/venv/lib/python3.10/site-packages/airflow/example_dags/plugins/decreasing_priority_weight_strategy.py
[2025-11-11T22:39:35.452+0530] {processor.py:183} INFO - Processing /home/logi/txtai/venv/lib/python3.10/site-packages/airflow/example_dags/plugins/decreasing_priority_weight_strategy.py took 0.050 seconds
[2025-11-11T22:40:32.879+0530] {processor.py:161} INFO - Started process (PID=7807) to work on /home/logi/txtai/venv/lib/python3.10/site-packages/airflow/example_dags/plugins/decreasing_priority_weight_strategy.py
[2025-11-11T22:40:32.893+0530] {processor.py:830} INFO - Processing file /home/logi/txtai/venv/lib/python3.10/site-packages/airflow/example_dags/plugins/decreasing_priority_weight_strategy.py for tasks to queue
[2025-11-11T22:40:32.896+0530] {logging_mixin.py:188} INFO - [2025-11-11T22:40:32.895+0530] {dagbag.py:545} INFO - Filling up the DagBag from /home/logi/txtai/venv/lib/python3.10/site-packages/airflow/example_dags/plugins/decreasing_priority_weight_strategy.py
[2025-11-11T22:40:32.900+0530] {processor.py:842} WARNING - No viable dags retrieved from /home/logi/txtai/venv/lib/python3.10/site-packages/airflow/example_dags/plugins/decreasing_priority_weight_strategy.py
[2025-11-11T22:40:32.919+0530] {processor.py:183} INFO - Processing /home/logi/txtai/venv/lib/python3.10/site-packages/airflow/example_dags/plugins/decreasing_priority_weight_strategy.py took 0.051 seconds
[2025-11-11T22:41:30.379+0530] {processor.py:161} INFO - Started process (PID=7886) to work on /home/logi/txtai/venv/lib/python3.10/site-packages/airflow/example_dags/plugins/decreasing_priority_weight_strategy.py
[2025-11-11T22:41:30.393+0530] {processor.py:830} INFO - Processing file /home/logi/txtai/venv/lib/python3.10/site-packages/airflow/example_dags/plugins/decreasing_priority_weight_strategy.py for tasks to queue
[2025-11-11T22:41:30.396+0530] {logging_mixin.py:188} INFO - [2025-11-11T22:41:30.396+0530] {dagbag.py:545} INFO - Filling up the DagBag from /home/logi/txtai/venv/lib/python3.10/site-packages/airflow/example_dags/plugins/decreasing_priority_weight_strategy.py
[2025-11-11T22:41:30.400+0530] {processor.py:842} WARNING - No viable dags retrieved from /home/logi/txtai/venv/lib/python3.10/site-packages/airflow/example_dags/plugins/decreasing_priority_weight_strategy.py
[2025-11-11T22:41:30.419+0530] {processor.py:183} INFO - Processing /home/logi/txtai/venv/lib/python3.10/site-packages/airflow/example_dags/plugins/decreasing_priority_weight_strategy.py took 0.052 seconds
[2025-11-11T22:42:28.009+0530] {processor.py:161} INFO - Started process (PID=7992) to work on /home/logi/txtai/venv/lib/python3.10/site-packages/airflow/example_dags/plugins/decreasing_priority_weight_strategy.py
[2025-11-11T22:42:28.023+0530] {processor.py:830} INFO - Processing file /home/logi/txtai/venv/lib/python3.10/site-packages/airflow/example_dags/plugins/decreasing_priority_weight_strategy.py for tasks to queue
[2025-11-11T22:42:28.026+0530] {logging_mixin.py:188} INFO - [2025-11-11T22:42:28.025+0530] {dagbag.py:545} INFO - Filling up the DagBag from /home/logi/txtai/venv/lib/python3.10/site-packages/airflow/example_dags/plugins/decreasing_priority_weight_strategy.py
[2025-11-11T22:42:28.030+0530] {processor.py:842} WARNING - No viable dags retrieved from /home/logi/txtai/venv/lib/python3.10/site-packages/airflow/example_dags/plugins/decreasing_priority_weight_strategy.py
[2025-11-11T22:42:28.049+0530] {processor.py:183} INFO - Processing /home/logi/txtai/venv/lib/python3.10/site-packages/airflow/example_dags/plugins/decreasing_priority_weight_strategy.py took 0.051 seconds
[2025-11-11T22:43:24.290+0530] {processor.py:161} INFO - Started process (PID=8070) to work on /home/logi/txtai/venv/lib/python3.10/site-packages/airflow/example_dags/plugins/decreasing_priority_weight_strategy.py
[2025-11-11T22:43:24.304+0530] {processor.py:830} INFO - Processing file /home/logi/txtai/venv/lib/python3.10/site-packages/airflow/example_dags/plugins/decreasing_priority_weight_strategy.py for tasks to queue
[2025-11-11T22:43:24.307+0530] {logging_mixin.py:188} INFO - [2025-11-11T22:43:24.307+0530] {dagbag.py:545} INFO - Filling up the DagBag from /home/logi/txtai/venv/lib/python3.10/site-packages/airflow/example_dags/plugins/decreasing_priority_weight_strategy.py
[2025-11-11T22:43:24.311+0530] {processor.py:842} WARNING - No viable dags retrieved from /home/logi/txtai/venv/lib/python3.10/site-packages/airflow/example_dags/plugins/decreasing_priority_weight_strategy.py
[2025-11-11T22:43:24.331+0530] {processor.py:183} INFO - Processing /home/logi/txtai/venv/lib/python3.10/site-packages/airflow/example_dags/plugins/decreasing_priority_weight_strategy.py took 0.052 seconds
[2025-11-11T22:44:21.776+0530] {processor.py:161} INFO - Started process (PID=8148) to work on /home/logi/txtai/venv/lib/python3.10/site-packages/airflow/example_dags/plugins/decreasing_priority_weight_strategy.py
[2025-11-11T22:44:21.790+0530] {processor.py:830} INFO - Processing file /home/logi/txtai/venv/lib/python3.10/site-packages/airflow/example_dags/plugins/decreasing_priority_weight_strategy.py for tasks to queue
[2025-11-11T22:44:21.793+0530] {logging_mixin.py:188} INFO - [2025-11-11T22:44:21.793+0530] {dagbag.py:545} INFO - Filling up the DagBag from /home/logi/txtai/venv/lib/python3.10/site-packages/airflow/example_dags/plugins/decreasing_priority_weight_strategy.py
[2025-11-11T22:44:21.797+0530] {processor.py:842} WARNING - No viable dags retrieved from /home/logi/txtai/venv/lib/python3.10/site-packages/airflow/example_dags/plugins/decreasing_priority_weight_strategy.py
[2025-11-11T22:44:21.820+0530] {processor.py:183} INFO - Processing /home/logi/txtai/venv/lib/python3.10/site-packages/airflow/example_dags/plugins/decreasing_priority_weight_strategy.py took 0.056 seconds
[2025-11-11T22:45:17.106+0530] {processor.py:161} INFO - Started process (PID=8228) to work on /home/logi/txtai/venv/lib/python3.10/site-packages/airflow/example_dags/plugins/decreasing_priority_weight_strategy.py
[2025-11-11T22:45:17.119+0530] {processor.py:830} INFO - Processing file /home/logi/txtai/venv/lib/python3.10/site-packages/airflow/example_dags/plugins/decreasing_priority_weight_strategy.py for tasks to queue
[2025-11-11T22:45:17.122+0530] {logging_mixin.py:188} INFO - [2025-11-11T22:45:17.121+0530] {dagbag.py:545} INFO - Filling up the DagBag from /home/logi/txtai/venv/lib/python3.10/site-packages/airflow/example_dags/plugins/decreasing_priority_weight_strategy.py
[2025-11-11T22:45:17.126+0530] {processor.py:842} WARNING - No viable dags retrieved from /home/logi/txtai/venv/lib/python3.10/site-packages/airflow/example_dags/plugins/decreasing_priority_weight_strategy.py
[2025-11-11T22:45:17.144+0530] {processor.py:183} INFO - Processing /home/logi/txtai/venv/lib/python3.10/site-packages/airflow/example_dags/plugins/decreasing_priority_weight_strategy.py took 0.050 seconds
[2025-11-11T22:46:11.086+0530] {processor.py:161} INFO - Started process (PID=8308) to work on /home/logi/txtai/venv/lib/python3.10/site-packages/airflow/example_dags/plugins/decreasing_priority_weight_strategy.py
[2025-11-11T22:46:11.100+0530] {processor.py:830} INFO - Processing file /home/logi/txtai/venv/lib/python3.10/site-packages/airflow/example_dags/plugins/decreasing_priority_weight_strategy.py for tasks to queue
[2025-11-11T22:46:11.103+0530] {logging_mixin.py:188} INFO - [2025-11-11T22:46:11.103+0530] {dagbag.py:545} INFO - Filling up the DagBag from /home/logi/txtai/venv/lib/python3.10/site-packages/airflow/example_dags/plugins/decreasing_priority_weight_strategy.py
[2025-11-11T22:46:11.107+0530] {processor.py:842} WARNING - No viable dags retrieved from /home/logi/txtai/venv/lib/python3.10/site-packages/airflow/example_dags/plugins/decreasing_priority_weight_strategy.py
[2025-11-11T22:46:11.127+0530] {processor.py:183} INFO - Processing /home/logi/txtai/venv/lib/python3.10/site-packages/airflow/example_dags/plugins/decreasing_priority_weight_strategy.py took 0.052 seconds
[2025-11-11T22:47:02.589+0530] {processor.py:161} INFO - Started process (PID=8411) to work on /home/logi/txtai/venv/lib/python3.10/site-packages/airflow/example_dags/plugins/decreasing_priority_weight_strategy.py
[2025-11-11T22:47:02.603+0530] {processor.py:830} INFO - Processing file /home/logi/txtai/venv/lib/python3.10/site-packages/airflow/example_dags/plugins/decreasing_priority_weight_strategy.py for tasks to queue
[2025-11-11T22:47:02.606+0530] {logging_mixin.py:188} INFO - [2025-11-11T22:47:02.605+0530] {dagbag.py:545} INFO - Filling up the DagBag from /home/logi/txtai/venv/lib/python3.10/site-packages/airflow/example_dags/plugins/decreasing_priority_weight_strategy.py
[2025-11-11T22:47:02.609+0530] {processor.py:842} WARNING - No viable dags retrieved from /home/logi/txtai/venv/lib/python3.10/site-packages/airflow/example_dags/plugins/decreasing_priority_weight_strategy.py
[2025-11-11T22:47:02.629+0530] {processor.py:183} INFO - Processing /home/logi/txtai/venv/lib/python3.10/site-packages/airflow/example_dags/plugins/decreasing_priority_weight_strategy.py took 0.052 seconds
[2025-11-11T22:47:55.407+0530] {processor.py:161} INFO - Started process (PID=8486) to work on /home/logi/txtai/venv/lib/python3.10/site-packages/airflow/example_dags/plugins/decreasing_priority_weight_strategy.py
[2025-11-11T22:47:55.421+0530] {processor.py:830} INFO - Processing file /home/logi/txtai/venv/lib/python3.10/site-packages/airflow/example_dags/plugins/decreasing_priority_weight_strategy.py for tasks to queue
[2025-11-11T22:47:55.424+0530] {logging_mixin.py:188} INFO - [2025-11-11T22:47:55.423+0530] {dagbag.py:545} INFO - Filling up the DagBag from /home/logi/txtai/venv/lib/python3.10/site-packages/airflow/example_dags/plugins/decreasing_priority_weight_strategy.py
[2025-11-11T22:47:55.428+0530] {processor.py:842} WARNING - No viable dags retrieved from /home/logi/txtai/venv/lib/python3.10/site-packages/airflow/example_dags/plugins/decreasing_priority_weight_strategy.py
[2025-11-11T22:47:55.448+0530] {processor.py:183} INFO - Processing /home/logi/txtai/venv/lib/python3.10/site-packages/airflow/example_dags/plugins/decreasing_priority_weight_strategy.py took 0.052 seconds
[2025-11-11T22:48:50.841+0530] {processor.py:161} INFO - Started process (PID=8562) to work on /home/logi/txtai/venv/lib/python3.10/site-packages/airflow/example_dags/plugins/decreasing_priority_weight_strategy.py
[2025-11-11T22:48:50.854+0530] {processor.py:830} INFO - Processing file /home/logi/txtai/venv/lib/python3.10/site-packages/airflow/example_dags/plugins/decreasing_priority_weight_strategy.py for tasks to queue
[2025-11-11T22:48:50.858+0530] {logging_mixin.py:188} INFO - [2025-11-11T22:48:50.857+0530] {dagbag.py:545} INFO - Filling up the DagBag from /home/logi/txtai/venv/lib/python3.10/site-packages/airflow/example_dags/plugins/decreasing_priority_weight_strategy.py
[2025-11-11T22:48:50.862+0530] {processor.py:842} WARNING - No viable dags retrieved from /home/logi/txtai/venv/lib/python3.10/site-packages/airflow/example_dags/plugins/decreasing_priority_weight_strategy.py
[2025-11-11T22:48:50.883+0530] {processor.py:183} INFO - Processing /home/logi/txtai/venv/lib/python3.10/site-packages/airflow/example_dags/plugins/decreasing_priority_weight_strategy.py took 0.054 seconds
[2025-11-11T22:49:48.011+0530] {processor.py:161} INFO - Started process (PID=8641) to work on /home/logi/txtai/venv/lib/python3.10/site-packages/airflow/example_dags/plugins/decreasing_priority_weight_strategy.py
[2025-11-11T22:49:48.025+0530] {processor.py:830} INFO - Processing file /home/logi/txtai/venv/lib/python3.10/site-packages/airflow/example_dags/plugins/decreasing_priority_weight_strategy.py for tasks to queue
[2025-11-11T22:49:48.029+0530] {logging_mixin.py:188} INFO - [2025-11-11T22:49:48.028+0530] {dagbag.py:545} INFO - Filling up the DagBag from /home/logi/txtai/venv/lib/python3.10/site-packages/airflow/example_dags/plugins/decreasing_priority_weight_strategy.py
[2025-11-11T22:49:48.033+0530] {processor.py:842} WARNING - No viable dags retrieved from /home/logi/txtai/venv/lib/python3.10/site-packages/airflow/example_dags/plugins/decreasing_priority_weight_strategy.py
[2025-11-11T22:49:48.053+0530] {processor.py:183} INFO - Processing /home/logi/txtai/venv/lib/python3.10/site-packages/airflow/example_dags/plugins/decreasing_priority_weight_strategy.py took 0.053 seconds
[2025-11-11T22:50:44.534+0530] {processor.py:161} INFO - Started process (PID=8724) to work on /home/logi/txtai/venv/lib/python3.10/site-packages/airflow/example_dags/plugins/decreasing_priority_weight_strategy.py
[2025-11-11T22:50:44.548+0530] {processor.py:830} INFO - Processing file /home/logi/txtai/venv/lib/python3.10/site-packages/airflow/example_dags/plugins/decreasing_priority_weight_strategy.py for tasks to queue
[2025-11-11T22:50:44.551+0530] {logging_mixin.py:188} INFO - [2025-11-11T22:50:44.550+0530] {dagbag.py:545} INFO - Filling up the DagBag from /home/logi/txtai/venv/lib/python3.10/site-packages/airflow/example_dags/plugins/decreasing_priority_weight_strategy.py
[2025-11-11T22:50:44.555+0530] {processor.py:842} WARNING - No viable dags retrieved from /home/logi/txtai/venv/lib/python3.10/site-packages/airflow/example_dags/plugins/decreasing_priority_weight_strategy.py
[2025-11-11T22:50:44.576+0530] {processor.py:183} INFO - Processing /home/logi/txtai/venv/lib/python3.10/site-packages/airflow/example_dags/plugins/decreasing_priority_weight_strategy.py took 0.052 seconds
[2025-11-11T22:51:39.728+0530] {processor.py:161} INFO - Started process (PID=8801) to work on /home/logi/txtai/venv/lib/python3.10/site-packages/airflow/example_dags/plugins/decreasing_priority_weight_strategy.py
[2025-11-11T22:51:39.741+0530] {processor.py:830} INFO - Processing file /home/logi/txtai/venv/lib/python3.10/site-packages/airflow/example_dags/plugins/decreasing_priority_weight_strategy.py for tasks to queue
[2025-11-11T22:51:39.745+0530] {logging_mixin.py:188} INFO - [2025-11-11T22:51:39.744+0530] {dagbag.py:545} INFO - Filling up the DagBag from /home/logi/txtai/venv/lib/python3.10/site-packages/airflow/example_dags/plugins/decreasing_priority_weight_strategy.py
[2025-11-11T22:51:39.749+0530] {processor.py:842} WARNING - No viable dags retrieved from /home/logi/txtai/venv/lib/python3.10/site-packages/airflow/example_dags/plugins/decreasing_priority_weight_strategy.py
[2025-11-11T22:51:39.769+0530] {processor.py:183} INFO - Processing /home/logi/txtai/venv/lib/python3.10/site-packages/airflow/example_dags/plugins/decreasing_priority_weight_strategy.py took 0.053 seconds
[2025-11-11T22:52:34.600+0530] {processor.py:161} INFO - Started process (PID=8905) to work on /home/logi/txtai/venv/lib/python3.10/site-packages/airflow/example_dags/plugins/decreasing_priority_weight_strategy.py
[2025-11-11T22:52:34.613+0530] {processor.py:830} INFO - Processing file /home/logi/txtai/venv/lib/python3.10/site-packages/airflow/example_dags/plugins/decreasing_priority_weight_strategy.py for tasks to queue
[2025-11-11T22:52:34.616+0530] {logging_mixin.py:188} INFO - [2025-11-11T22:52:34.615+0530] {dagbag.py:545} INFO - Filling up the DagBag from /home/logi/txtai/venv/lib/python3.10/site-packages/airflow/example_dags/plugins/decreasing_priority_weight_strategy.py
[2025-11-11T22:52:34.620+0530] {processor.py:842} WARNING - No viable dags retrieved from /home/logi/txtai/venv/lib/python3.10/site-packages/airflow/example_dags/plugins/decreasing_priority_weight_strategy.py
[2025-11-11T22:52:34.638+0530] {processor.py:183} INFO - Processing /home/logi/txtai/venv/lib/python3.10/site-packages/airflow/example_dags/plugins/decreasing_priority_weight_strategy.py took 0.050 seconds
[2025-11-11T22:53:33.107+0530] {processor.py:161} INFO - Started process (PID=9025) to work on /home/logi/txtai/venv/lib/python3.10/site-packages/airflow/example_dags/plugins/decreasing_priority_weight_strategy.py
[2025-11-11T22:53:33.120+0530] {processor.py:830} INFO - Processing file /home/logi/txtai/venv/lib/python3.10/site-packages/airflow/example_dags/plugins/decreasing_priority_weight_strategy.py for tasks to queue
[2025-11-11T22:53:33.122+0530] {logging_mixin.py:188} INFO - [2025-11-11T22:53:33.121+0530] {dagbag.py:545} INFO - Filling up the DagBag from /home/logi/txtai/venv/lib/python3.10/site-packages/airflow/example_dags/plugins/decreasing_priority_weight_strategy.py
[2025-11-11T22:53:33.125+0530] {processor.py:842} WARNING - No viable dags retrieved from /home/logi/txtai/venv/lib/python3.10/site-packages/airflow/example_dags/plugins/decreasing_priority_weight_strategy.py
[2025-11-11T22:53:33.138+0530] {processor.py:183} INFO - Processing /home/logi/txtai/venv/lib/python3.10/site-packages/airflow/example_dags/plugins/decreasing_priority_weight_strategy.py took 0.038 seconds
[2025-11-12T00:01:58.697+0530] {processor.py:161} INFO - Started process (PID=13102) to work on /home/logi/txtai/venv/lib/python3.10/site-packages/airflow/example_dags/plugins/decreasing_priority_weight_strategy.py
[2025-11-12T00:01:58.706+0530] {processor.py:830} INFO - Processing file /home/logi/txtai/venv/lib/python3.10/site-packages/airflow/example_dags/plugins/decreasing_priority_weight_strategy.py for tasks to queue
[2025-11-12T00:01:58.709+0530] {logging_mixin.py:188} INFO - [2025-11-12T00:01:58.709+0530] {dagbag.py:545} INFO - Filling up the DagBag from /home/logi/txtai/venv/lib/python3.10/site-packages/airflow/example_dags/plugins/decreasing_priority_weight_strategy.py
[2025-11-12T00:01:58.713+0530] {processor.py:842} WARNING - No viable dags retrieved from /home/logi/txtai/venv/lib/python3.10/site-packages/airflow/example_dags/plugins/decreasing_priority_weight_strategy.py
[2025-11-12T00:01:58.740+0530] {processor.py:183} INFO - Processing /home/logi/txtai/venv/lib/python3.10/site-packages/airflow/example_dags/plugins/decreasing_priority_weight_strategy.py took 0.056 seconds
[2025-11-12T00:02:56.092+0530] {processor.py:161} INFO - Started process (PID=13281) to work on /home/logi/txtai/venv/lib/python3.10/site-packages/airflow/example_dags/plugins/decreasing_priority_weight_strategy.py
[2025-11-12T00:02:56.097+0530] {processor.py:830} INFO - Processing file /home/logi/txtai/venv/lib/python3.10/site-packages/airflow/example_dags/plugins/decreasing_priority_weight_strategy.py for tasks to queue
[2025-11-12T00:02:56.100+0530] {logging_mixin.py:188} INFO - [2025-11-12T00:02:56.099+0530] {dagbag.py:545} INFO - Filling up the DagBag from /home/logi/txtai/venv/lib/python3.10/site-packages/airflow/example_dags/plugins/decreasing_priority_weight_strategy.py
[2025-11-12T00:02:56.103+0530] {processor.py:842} WARNING - No viable dags retrieved from /home/logi/txtai/venv/lib/python3.10/site-packages/airflow/example_dags/plugins/decreasing_priority_weight_strategy.py
[2025-11-12T00:02:56.119+0530] {processor.py:183} INFO - Processing /home/logi/txtai/venv/lib/python3.10/site-packages/airflow/example_dags/plugins/decreasing_priority_weight_strategy.py took 0.036 seconds
[2025-11-12T00:03:38.764+0530] {processor.py:161} INFO - Started process (PID=13719) to work on /home/logi/txtai/venv/lib/python3.10/site-packages/airflow/example_dags/plugins/decreasing_priority_weight_strategy.py
[2025-11-12T00:03:38.766+0530] {processor.py:830} INFO - Processing file /home/logi/txtai/venv/lib/python3.10/site-packages/airflow/example_dags/plugins/decreasing_priority_weight_strategy.py for tasks to queue
[2025-11-12T00:03:38.769+0530] {logging_mixin.py:188} INFO - [2025-11-12T00:03:38.768+0530] {dagbag.py:545} INFO - Filling up the DagBag from /home/logi/txtai/venv/lib/python3.10/site-packages/airflow/example_dags/plugins/decreasing_priority_weight_strategy.py
[2025-11-12T00:03:38.773+0530] {processor.py:842} WARNING - No viable dags retrieved from /home/logi/txtai/venv/lib/python3.10/site-packages/airflow/example_dags/plugins/decreasing_priority_weight_strategy.py
[2025-11-12T00:03:38.790+0530] {processor.py:183} INFO - Processing /home/logi/txtai/venv/lib/python3.10/site-packages/airflow/example_dags/plugins/decreasing_priority_weight_strategy.py took 0.037 seconds
[2025-11-12T00:04:22.225+0530] {processor.py:161} INFO - Started process (PID=14054) to work on /home/logi/txtai/venv/lib/python3.10/site-packages/airflow/example_dags/plugins/decreasing_priority_weight_strategy.py
[2025-11-12T00:04:22.238+0530] {processor.py:830} INFO - Processing file /home/logi/txtai/venv/lib/python3.10/site-packages/airflow/example_dags/plugins/decreasing_priority_weight_strategy.py for tasks to queue
[2025-11-12T00:04:22.242+0530] {logging_mixin.py:188} INFO - [2025-11-12T00:04:22.241+0530] {dagbag.py:545} INFO - Filling up the DagBag from /home/logi/txtai/venv/lib/python3.10/site-packages/airflow/example_dags/plugins/decreasing_priority_weight_strategy.py
[2025-11-12T00:04:22.245+0530] {processor.py:842} WARNING - No viable dags retrieved from /home/logi/txtai/venv/lib/python3.10/site-packages/airflow/example_dags/plugins/decreasing_priority_weight_strategy.py
[2025-11-12T00:04:22.263+0530] {processor.py:183} INFO - Processing /home/logi/txtai/venv/lib/python3.10/site-packages/airflow/example_dags/plugins/decreasing_priority_weight_strategy.py took 0.051 seconds
[2025-11-12T00:05:23.246+0530] {processor.py:161} INFO - Started process (PID=14498) to work on /home/logi/txtai/venv/lib/python3.10/site-packages/airflow/example_dags/plugins/decreasing_priority_weight_strategy.py
[2025-11-12T00:05:23.259+0530] {processor.py:830} INFO - Processing file /home/logi/txtai/venv/lib/python3.10/site-packages/airflow/example_dags/plugins/decreasing_priority_weight_strategy.py for tasks to queue
[2025-11-12T00:05:23.262+0530] {logging_mixin.py:188} INFO - [2025-11-12T00:05:23.262+0530] {dagbag.py:545} INFO - Filling up the DagBag from /home/logi/txtai/venv/lib/python3.10/site-packages/airflow/example_dags/plugins/decreasing_priority_weight_strategy.py
[2025-11-12T00:05:23.266+0530] {processor.py:842} WARNING - No viable dags retrieved from /home/logi/txtai/venv/lib/python3.10/site-packages/airflow/example_dags/plugins/decreasing_priority_weight_strategy.py
[2025-11-12T00:05:23.283+0530] {processor.py:183} INFO - Processing /home/logi/txtai/venv/lib/python3.10/site-packages/airflow/example_dags/plugins/decreasing_priority_weight_strategy.py took 0.047 seconds
[2025-11-12T00:06:24.553+0530] {processor.py:161} INFO - Started process (PID=14792) to work on /home/logi/txtai/venv/lib/python3.10/site-packages/airflow/example_dags/plugins/decreasing_priority_weight_strategy.py
[2025-11-12T00:06:24.567+0530] {processor.py:830} INFO - Processing file /home/logi/txtai/venv/lib/python3.10/site-packages/airflow/example_dags/plugins/decreasing_priority_weight_strategy.py for tasks to queue
[2025-11-12T00:06:24.570+0530] {logging_mixin.py:188} INFO - [2025-11-12T00:06:24.569+0530] {dagbag.py:545} INFO - Filling up the DagBag from /home/logi/txtai/venv/lib/python3.10/site-packages/airflow/example_dags/plugins/decreasing_priority_weight_strategy.py
[2025-11-12T00:06:24.574+0530] {processor.py:842} WARNING - No viable dags retrieved from /home/logi/txtai/venv/lib/python3.10/site-packages/airflow/example_dags/plugins/decreasing_priority_weight_strategy.py
[2025-11-12T00:06:24.598+0530] {processor.py:183} INFO - Processing /home/logi/txtai/venv/lib/python3.10/site-packages/airflow/example_dags/plugins/decreasing_priority_weight_strategy.py took 0.056 seconds
[2025-11-12T00:07:23.473+0530] {processor.py:161} INFO - Started process (PID=15049) to work on /home/logi/txtai/venv/lib/python3.10/site-packages/airflow/example_dags/plugins/decreasing_priority_weight_strategy.py
[2025-11-12T00:07:23.487+0530] {processor.py:830} INFO - Processing file /home/logi/txtai/venv/lib/python3.10/site-packages/airflow/example_dags/plugins/decreasing_priority_weight_strategy.py for tasks to queue
[2025-11-12T00:07:23.490+0530] {logging_mixin.py:188} INFO - [2025-11-12T00:07:23.489+0530] {dagbag.py:545} INFO - Filling up the DagBag from /home/logi/txtai/venv/lib/python3.10/site-packages/airflow/example_dags/plugins/decreasing_priority_weight_strategy.py
[2025-11-12T00:07:23.494+0530] {processor.py:842} WARNING - No viable dags retrieved from /home/logi/txtai/venv/lib/python3.10/site-packages/airflow/example_dags/plugins/decreasing_priority_weight_strategy.py
[2025-11-12T00:07:23.513+0530] {processor.py:183} INFO - Processing /home/logi/txtai/venv/lib/python3.10/site-packages/airflow/example_dags/plugins/decreasing_priority_weight_strategy.py took 0.051 seconds
[2025-11-12T00:08:23.384+0530] {processor.py:161} INFO - Started process (PID=15249) to work on /home/logi/txtai/venv/lib/python3.10/site-packages/airflow/example_dags/plugins/decreasing_priority_weight_strategy.py
[2025-11-12T00:08:23.398+0530] {processor.py:830} INFO - Processing file /home/logi/txtai/venv/lib/python3.10/site-packages/airflow/example_dags/plugins/decreasing_priority_weight_strategy.py for tasks to queue
[2025-11-12T00:08:23.401+0530] {logging_mixin.py:188} INFO - [2025-11-12T00:08:23.400+0530] {dagbag.py:545} INFO - Filling up the DagBag from /home/logi/txtai/venv/lib/python3.10/site-packages/airflow/example_dags/plugins/decreasing_priority_weight_strategy.py
[2025-11-12T00:08:23.404+0530] {processor.py:842} WARNING - No viable dags retrieved from /home/logi/txtai/venv/lib/python3.10/site-packages/airflow/example_dags/plugins/decreasing_priority_weight_strategy.py
[2025-11-12T00:08:23.420+0530] {processor.py:183} INFO - Processing /home/logi/txtai/venv/lib/python3.10/site-packages/airflow/example_dags/plugins/decreasing_priority_weight_strategy.py took 0.046 seconds
[2025-11-12T00:09:01.265+0530] {processor.py:161} INFO - Started process (PID=15424) to work on /home/logi/txtai/venv/lib/python3.10/site-packages/airflow/example_dags/plugins/decreasing_priority_weight_strategy.py
[2025-11-12T00:09:01.278+0530] {processor.py:830} INFO - Processing file /home/logi/txtai/venv/lib/python3.10/site-packages/airflow/example_dags/plugins/decreasing_priority_weight_strategy.py for tasks to queue
[2025-11-12T00:09:01.281+0530] {logging_mixin.py:188} INFO - [2025-11-12T00:09:01.281+0530] {dagbag.py:545} INFO - Filling up the DagBag from /home/logi/txtai/venv/lib/python3.10/site-packages/airflow/example_dags/plugins/decreasing_priority_weight_strategy.py
[2025-11-12T00:09:01.285+0530] {processor.py:842} WARNING - No viable dags retrieved from /home/logi/txtai/venv/lib/python3.10/site-packages/airflow/example_dags/plugins/decreasing_priority_weight_strategy.py
[2025-11-12T00:09:01.303+0530] {processor.py:183} INFO - Processing /home/logi/txtai/venv/lib/python3.10/site-packages/airflow/example_dags/plugins/decreasing_priority_weight_strategy.py took 0.049 seconds
[2025-11-12T00:09:37.505+0530] {processor.py:161} INFO - Started process (PID=15662) to work on /home/logi/txtai/venv/lib/python3.10/site-packages/airflow/example_dags/plugins/decreasing_priority_weight_strategy.py
[2025-11-12T00:09:37.519+0530] {processor.py:830} INFO - Processing file /home/logi/txtai/venv/lib/python3.10/site-packages/airflow/example_dags/plugins/decreasing_priority_weight_strategy.py for tasks to queue
[2025-11-12T00:09:37.522+0530] {logging_mixin.py:188} INFO - [2025-11-12T00:09:37.521+0530] {dagbag.py:545} INFO - Filling up the DagBag from /home/logi/txtai/venv/lib/python3.10/site-packages/airflow/example_dags/plugins/decreasing_priority_weight_strategy.py
[2025-11-12T00:09:37.525+0530] {processor.py:842} WARNING - No viable dags retrieved from /home/logi/txtai/venv/lib/python3.10/site-packages/airflow/example_dags/plugins/decreasing_priority_weight_strategy.py
[2025-11-12T00:09:37.542+0530] {processor.py:183} INFO - Processing /home/logi/txtai/venv/lib/python3.10/site-packages/airflow/example_dags/plugins/decreasing_priority_weight_strategy.py took 0.047 seconds
[2025-11-12T00:10:37.437+0530] {processor.py:161} INFO - Started process (PID=16102) to work on /home/logi/txtai/venv/lib/python3.10/site-packages/airflow/example_dags/plugins/decreasing_priority_weight_strategy.py
[2025-11-12T00:10:37.451+0530] {processor.py:830} INFO - Processing file /home/logi/txtai/venv/lib/python3.10/site-packages/airflow/example_dags/plugins/decreasing_priority_weight_strategy.py for tasks to queue
[2025-11-12T00:10:37.454+0530] {logging_mixin.py:188} INFO - [2025-11-12T00:10:37.454+0530] {dagbag.py:545} INFO - Filling up the DagBag from /home/logi/txtai/venv/lib/python3.10/site-packages/airflow/example_dags/plugins/decreasing_priority_weight_strategy.py
[2025-11-12T00:10:37.458+0530] {processor.py:842} WARNING - No viable dags retrieved from /home/logi/txtai/venv/lib/python3.10/site-packages/airflow/example_dags/plugins/decreasing_priority_weight_strategy.py
[2025-11-12T00:10:37.475+0530] {processor.py:183} INFO - Processing /home/logi/txtai/venv/lib/python3.10/site-packages/airflow/example_dags/plugins/decreasing_priority_weight_strategy.py took 0.050 seconds
[2025-11-12T00:11:38.733+0530] {processor.py:161} INFO - Started process (PID=16392) to work on /home/logi/txtai/venv/lib/python3.10/site-packages/airflow/example_dags/plugins/decreasing_priority_weight_strategy.py
[2025-11-12T00:11:38.746+0530] {processor.py:830} INFO - Processing file /home/logi/txtai/venv/lib/python3.10/site-packages/airflow/example_dags/plugins/decreasing_priority_weight_strategy.py for tasks to queue
[2025-11-12T00:11:38.749+0530] {logging_mixin.py:188} INFO - [2025-11-12T00:11:38.748+0530] {dagbag.py:545} INFO - Filling up the DagBag from /home/logi/txtai/venv/lib/python3.10/site-packages/airflow/example_dags/plugins/decreasing_priority_weight_strategy.py
[2025-11-12T00:11:38.753+0530] {processor.py:842} WARNING - No viable dags retrieved from /home/logi/txtai/venv/lib/python3.10/site-packages/airflow/example_dags/plugins/decreasing_priority_weight_strategy.py
[2025-11-12T00:11:38.771+0530] {processor.py:183} INFO - Processing /home/logi/txtai/venv/lib/python3.10/site-packages/airflow/example_dags/plugins/decreasing_priority_weight_strategy.py took 0.050 seconds
[2025-11-12T00:12:43.614+0530] {processor.py:161} INFO - Started process (PID=16609) to work on /home/logi/txtai/venv/lib/python3.10/site-packages/airflow/example_dags/plugins/decreasing_priority_weight_strategy.py
[2025-11-12T00:12:43.627+0530] {processor.py:830} INFO - Processing file /home/logi/txtai/venv/lib/python3.10/site-packages/airflow/example_dags/plugins/decreasing_priority_weight_strategy.py for tasks to queue
[2025-11-12T00:12:43.630+0530] {logging_mixin.py:188} INFO - [2025-11-12T00:12:43.630+0530] {dagbag.py:545} INFO - Filling up the DagBag from /home/logi/txtai/venv/lib/python3.10/site-packages/airflow/example_dags/plugins/decreasing_priority_weight_strategy.py
[2025-11-12T00:12:43.634+0530] {processor.py:842} WARNING - No viable dags retrieved from /home/logi/txtai/venv/lib/python3.10/site-packages/airflow/example_dags/plugins/decreasing_priority_weight_strategy.py
[2025-11-12T00:12:43.654+0530] {processor.py:183} INFO - Processing /home/logi/txtai/venv/lib/python3.10/site-packages/airflow/example_dags/plugins/decreasing_priority_weight_strategy.py took 0.051 seconds
[2025-11-12T00:14:03.680+0530] {processor.py:161} INFO - Started process (PID=17032) to work on /home/logi/txtai/venv/lib/python3.10/site-packages/airflow/example_dags/plugins/decreasing_priority_weight_strategy.py
[2025-11-12T00:14:03.695+0530] {processor.py:830} INFO - Processing file /home/logi/txtai/venv/lib/python3.10/site-packages/airflow/example_dags/plugins/decreasing_priority_weight_strategy.py for tasks to queue
[2025-11-12T00:14:03.698+0530] {logging_mixin.py:188} INFO - [2025-11-12T00:14:03.697+0530] {dagbag.py:545} INFO - Filling up the DagBag from /home/logi/txtai/venv/lib/python3.10/site-packages/airflow/example_dags/plugins/decreasing_priority_weight_strategy.py
[2025-11-12T00:14:03.701+0530] {processor.py:842} WARNING - No viable dags retrieved from /home/logi/txtai/venv/lib/python3.10/site-packages/airflow/example_dags/plugins/decreasing_priority_weight_strategy.py
[2025-11-12T00:14:03.721+0530] {processor.py:183} INFO - Processing /home/logi/txtai/venv/lib/python3.10/site-packages/airflow/example_dags/plugins/decreasing_priority_weight_strategy.py took 0.053 seconds
[2025-11-12T00:14:48.816+0530] {processor.py:161} INFO - Started process (PID=17278) to work on /home/logi/txtai/venv/lib/python3.10/site-packages/airflow/example_dags/plugins/decreasing_priority_weight_strategy.py
[2025-11-12T00:14:48.830+0530] {processor.py:830} INFO - Processing file /home/logi/txtai/venv/lib/python3.10/site-packages/airflow/example_dags/plugins/decreasing_priority_weight_strategy.py for tasks to queue
[2025-11-12T00:14:48.832+0530] {logging_mixin.py:188} INFO - [2025-11-12T00:14:48.832+0530] {dagbag.py:545} INFO - Filling up the DagBag from /home/logi/txtai/venv/lib/python3.10/site-packages/airflow/example_dags/plugins/decreasing_priority_weight_strategy.py
[2025-11-12T00:14:48.836+0530] {processor.py:842} WARNING - No viable dags retrieved from /home/logi/txtai/venv/lib/python3.10/site-packages/airflow/example_dags/plugins/decreasing_priority_weight_strategy.py
[2025-11-12T00:14:48.857+0530] {processor.py:183} INFO - Processing /home/logi/txtai/venv/lib/python3.10/site-packages/airflow/example_dags/plugins/decreasing_priority_weight_strategy.py took 0.052 seconds
[2025-11-12T00:15:49.126+0530] {processor.py:161} INFO - Started process (PID=17542) to work on /home/logi/txtai/venv/lib/python3.10/site-packages/airflow/example_dags/plugins/decreasing_priority_weight_strategy.py
[2025-11-12T00:15:49.138+0530] {processor.py:830} INFO - Processing file /home/logi/txtai/venv/lib/python3.10/site-packages/airflow/example_dags/plugins/decreasing_priority_weight_strategy.py for tasks to queue
[2025-11-12T00:15:49.141+0530] {logging_mixin.py:188} INFO - [2025-11-12T00:15:49.141+0530] {dagbag.py:545} INFO - Filling up the DagBag from /home/logi/txtai/venv/lib/python3.10/site-packages/airflow/example_dags/plugins/decreasing_priority_weight_strategy.py
[2025-11-12T00:15:49.145+0530] {processor.py:842} WARNING - No viable dags retrieved from /home/logi/txtai/venv/lib/python3.10/site-packages/airflow/example_dags/plugins/decreasing_priority_weight_strategy.py
[2025-11-12T00:15:49.169+0530] {processor.py:183} INFO - Processing /home/logi/txtai/venv/lib/python3.10/site-packages/airflow/example_dags/plugins/decreasing_priority_weight_strategy.py took 0.051 seconds
[2025-11-12T00:16:50.497+0530] {processor.py:161} INFO - Started process (PID=17902) to work on /home/logi/txtai/venv/lib/python3.10/site-packages/airflow/example_dags/plugins/decreasing_priority_weight_strategy.py
[2025-11-12T00:16:50.499+0530] {processor.py:830} INFO - Processing file /home/logi/txtai/venv/lib/python3.10/site-packages/airflow/example_dags/plugins/decreasing_priority_weight_strategy.py for tasks to queue
[2025-11-12T00:16:50.503+0530] {logging_mixin.py:188} INFO - [2025-11-12T00:16:50.502+0530] {dagbag.py:545} INFO - Filling up the DagBag from /home/logi/txtai/venv/lib/python3.10/site-packages/airflow/example_dags/plugins/decreasing_priority_weight_strategy.py
[2025-11-12T00:16:50.506+0530] {processor.py:842} WARNING - No viable dags retrieved from /home/logi/txtai/venv/lib/python3.10/site-packages/airflow/example_dags/plugins/decreasing_priority_weight_strategy.py
[2025-11-12T00:16:50.526+0530] {processor.py:183} INFO - Processing /home/logi/txtai/venv/lib/python3.10/site-packages/airflow/example_dags/plugins/decreasing_priority_weight_strategy.py took 0.039 seconds
[2025-11-12T00:17:45.547+0530] {processor.py:161} INFO - Started process (PID=18238) to work on /home/logi/txtai/venv/lib/python3.10/site-packages/airflow/example_dags/plugins/decreasing_priority_weight_strategy.py
[2025-11-12T00:17:45.560+0530] {processor.py:830} INFO - Processing file /home/logi/txtai/venv/lib/python3.10/site-packages/airflow/example_dags/plugins/decreasing_priority_weight_strategy.py for tasks to queue
[2025-11-12T00:17:45.563+0530] {logging_mixin.py:188} INFO - [2025-11-12T00:17:45.562+0530] {dagbag.py:545} INFO - Filling up the DagBag from /home/logi/txtai/venv/lib/python3.10/site-packages/airflow/example_dags/plugins/decreasing_priority_weight_strategy.py
[2025-11-12T00:17:45.566+0530] {processor.py:842} WARNING - No viable dags retrieved from /home/logi/txtai/venv/lib/python3.10/site-packages/airflow/example_dags/plugins/decreasing_priority_weight_strategy.py
[2025-11-12T00:17:45.583+0530] {processor.py:183} INFO - Processing /home/logi/txtai/venv/lib/python3.10/site-packages/airflow/example_dags/plugins/decreasing_priority_weight_strategy.py took 0.047 seconds
[2025-11-12T00:18:46.318+0530] {processor.py:161} INFO - Started process (PID=18653) to work on /home/logi/txtai/venv/lib/python3.10/site-packages/airflow/example_dags/plugins/decreasing_priority_weight_strategy.py
[2025-11-12T00:18:46.331+0530] {processor.py:830} INFO - Processing file /home/logi/txtai/venv/lib/python3.10/site-packages/airflow/example_dags/plugins/decreasing_priority_weight_strategy.py for tasks to queue
[2025-11-12T00:18:46.334+0530] {logging_mixin.py:188} INFO - [2025-11-12T00:18:46.334+0530] {dagbag.py:545} INFO - Filling up the DagBag from /home/logi/txtai/venv/lib/python3.10/site-packages/airflow/example_dags/plugins/decreasing_priority_weight_strategy.py
[2025-11-12T00:18:46.339+0530] {processor.py:842} WARNING - No viable dags retrieved from /home/logi/txtai/venv/lib/python3.10/site-packages/airflow/example_dags/plugins/decreasing_priority_weight_strategy.py
[2025-11-12T00:18:46.357+0530] {processor.py:183} INFO - Processing /home/logi/txtai/venv/lib/python3.10/site-packages/airflow/example_dags/plugins/decreasing_priority_weight_strategy.py took 0.051 seconds
[2025-11-12T00:19:24.889+0530] {processor.py:161} INFO - Started process (PID=18961) to work on /home/logi/txtai/venv/lib/python3.10/site-packages/airflow/example_dags/plugins/decreasing_priority_weight_strategy.py
[2025-11-12T00:19:24.903+0530] {processor.py:830} INFO - Processing file /home/logi/txtai/venv/lib/python3.10/site-packages/airflow/example_dags/plugins/decreasing_priority_weight_strategy.py for tasks to queue
[2025-11-12T00:19:24.906+0530] {logging_mixin.py:188} INFO - [2025-11-12T00:19:24.905+0530] {dagbag.py:545} INFO - Filling up the DagBag from /home/logi/txtai/venv/lib/python3.10/site-packages/airflow/example_dags/plugins/decreasing_priority_weight_strategy.py
[2025-11-12T00:19:24.910+0530] {processor.py:842} WARNING - No viable dags retrieved from /home/logi/txtai/venv/lib/python3.10/site-packages/airflow/example_dags/plugins/decreasing_priority_weight_strategy.py
[2025-11-12T00:19:24.929+0530] {processor.py:183} INFO - Processing /home/logi/txtai/venv/lib/python3.10/site-packages/airflow/example_dags/plugins/decreasing_priority_weight_strategy.py took 0.051 seconds
[2025-11-12T00:20:01.819+0530] {processor.py:161} INFO - Started process (PID=19199) to work on /home/logi/txtai/venv/lib/python3.10/site-packages/airflow/example_dags/plugins/decreasing_priority_weight_strategy.py
[2025-11-12T00:20:01.832+0530] {processor.py:830} INFO - Processing file /home/logi/txtai/venv/lib/python3.10/site-packages/airflow/example_dags/plugins/decreasing_priority_weight_strategy.py for tasks to queue
[2025-11-12T00:20:01.835+0530] {logging_mixin.py:188} INFO - [2025-11-12T00:20:01.835+0530] {dagbag.py:545} INFO - Filling up the DagBag from /home/logi/txtai/venv/lib/python3.10/site-packages/airflow/example_dags/plugins/decreasing_priority_weight_strategy.py
[2025-11-12T00:20:01.839+0530] {processor.py:842} WARNING - No viable dags retrieved from /home/logi/txtai/venv/lib/python3.10/site-packages/airflow/example_dags/plugins/decreasing_priority_weight_strategy.py
[2025-11-12T00:20:01.851+0530] {processor.py:183} INFO - Processing /home/logi/txtai/venv/lib/python3.10/site-packages/airflow/example_dags/plugins/decreasing_priority_weight_strategy.py took 0.042 seconds
[2025-11-12T00:20:59.749+0530] {processor.py:161} INFO - Started process (PID=19283) to work on /home/logi/txtai/venv/lib/python3.10/site-packages/airflow/example_dags/plugins/decreasing_priority_weight_strategy.py
[2025-11-12T00:20:59.762+0530] {processor.py:830} INFO - Processing file /home/logi/txtai/venv/lib/python3.10/site-packages/airflow/example_dags/plugins/decreasing_priority_weight_strategy.py for tasks to queue
[2025-11-12T00:20:59.765+0530] {logging_mixin.py:188} INFO - [2025-11-12T00:20:59.765+0530] {dagbag.py:545} INFO - Filling up the DagBag from /home/logi/txtai/venv/lib/python3.10/site-packages/airflow/example_dags/plugins/decreasing_priority_weight_strategy.py
[2025-11-12T00:20:59.769+0530] {processor.py:842} WARNING - No viable dags retrieved from /home/logi/txtai/venv/lib/python3.10/site-packages/airflow/example_dags/plugins/decreasing_priority_weight_strategy.py
[2025-11-12T00:20:59.789+0530] {processor.py:183} INFO - Processing /home/logi/txtai/venv/lib/python3.10/site-packages/airflow/example_dags/plugins/decreasing_priority_weight_strategy.py took 0.051 seconds
