[2025-11-14T10:48:49.776+0530] {processor.py:161} INFO - Started process (PID=6066) to work on /home/logi/txtai/venv/lib/python3.10/site-packages/airflow/example_dags/example_datasets.py
[2025-11-14T10:48:49.779+0530] {processor.py:830} INFO - Processing file /home/logi/txtai/venv/lib/python3.10/site-packages/airflow/example_dags/example_datasets.py for tasks to queue
[2025-11-14T10:48:49.783+0530] {logging_mixin.py:188} INFO - [2025-11-14T10:48:49.782+0530] {dagbag.py:545} INFO - Filling up the DagBag from /home/logi/txtai/venv/lib/python3.10/site-packages/airflow/example_dags/example_datasets.py
[2025-11-14T10:48:49.820+0530] {processor.py:840} INFO - DAG(s) 'dataset_produces_2', 'dataset_consumes_1', 'consume_1_and_2_with_dataset_expressions', 'conditional_dataset_and_time_based_timetable', 'dataset_consumes_1_and_2', 'consume_1_or_2_with_dataset_expressions', 'dataset_consumes_1_never_scheduled', 'dataset_consumes_unknown_never_scheduled', 'dataset_produces_1', 'consume_1_or_both_2_and_3_with_dataset_expressions' retrieved from /home/logi/txtai/venv/lib/python3.10/site-packages/airflow/example_dags/example_datasets.py
[2025-11-14T10:48:50.064+0530] {logging_mixin.py:188} INFO - [2025-11-14T10:48:50.062+0530] {dag.py:3089} INFO - Sync 10 DAGs
[2025-11-14T10:48:50.158+0530] {logging_mixin.py:188} INFO - [2025-11-14T10:48:50.157+0530] {dag.py:3947} INFO - Setting next_dagrun for conditional_dataset_and_time_based_timetable to 2025-11-12 01:00:00+00:00, run_after=2025-11-12 01:00:00+00:00
[2025-11-14T10:48:50.175+0530] {logging_mixin.py:188} INFO - [2025-11-14T10:48:50.172+0530] {dag.py:3947} INFO - Setting next_dagrun for consume_1_and_2_with_dataset_expressions to None, run_after=None
[2025-11-14T10:48:50.192+0530] {logging_mixin.py:188} INFO - [2025-11-14T10:48:50.191+0530] {dag.py:3947} INFO - Setting next_dagrun for consume_1_or_2_with_dataset_expressions to None, run_after=None
[2025-11-14T10:48:50.200+0530] {logging_mixin.py:188} INFO - [2025-11-14T10:48:50.198+0530] {dag.py:3947} INFO - Setting next_dagrun for consume_1_or_both_2_and_3_with_dataset_expressions to None, run_after=None
[2025-11-14T10:48:50.205+0530] {logging_mixin.py:188} INFO - [2025-11-14T10:48:50.204+0530] {dag.py:3947} INFO - Setting next_dagrun for dataset_consumes_1 to None, run_after=None
[2025-11-14T10:48:50.209+0530] {logging_mixin.py:188} INFO - [2025-11-14T10:48:50.208+0530] {dag.py:3947} INFO - Setting next_dagrun for dataset_consumes_1_and_2 to None, run_after=None
[2025-11-14T10:48:50.213+0530] {logging_mixin.py:188} INFO - [2025-11-14T10:48:50.212+0530] {dag.py:3947} INFO - Setting next_dagrun for dataset_consumes_1_never_scheduled to None, run_after=None
[2025-11-14T10:48:50.223+0530] {logging_mixin.py:188} INFO - [2025-11-14T10:48:50.218+0530] {dag.py:3947} INFO - Setting next_dagrun for dataset_consumes_unknown_never_scheduled to None, run_after=None
[2025-11-14T10:48:50.238+0530] {logging_mixin.py:188} INFO - [2025-11-14T10:48:50.237+0530] {dag.py:3947} INFO - Setting next_dagrun for dataset_produces_1 to 2025-11-13 00:00:00+00:00, run_after=2025-11-14 00:00:00+00:00
[2025-11-14T10:48:50.246+0530] {logging_mixin.py:188} INFO - [2025-11-14T10:48:50.245+0530] {dag.py:3947} INFO - Setting next_dagrun for dataset_produces_2 to None, run_after=None
[2025-11-14T10:48:50.572+0530] {processor.py:183} INFO - Processing /home/logi/txtai/venv/lib/python3.10/site-packages/airflow/example_dags/example_datasets.py took 0.824 seconds
[2025-11-14T10:49:21.228+0530] {processor.py:161} INFO - Started process (PID=6673) to work on /home/logi/txtai/venv/lib/python3.10/site-packages/airflow/example_dags/example_datasets.py
[2025-11-14T10:49:21.229+0530] {processor.py:830} INFO - Processing file /home/logi/txtai/venv/lib/python3.10/site-packages/airflow/example_dags/example_datasets.py for tasks to queue
[2025-11-14T10:49:21.233+0530] {logging_mixin.py:188} INFO - [2025-11-14T10:49:21.232+0530] {dagbag.py:545} INFO - Filling up the DagBag from /home/logi/txtai/venv/lib/python3.10/site-packages/airflow/example_dags/example_datasets.py
[2025-11-14T10:49:21.267+0530] {processor.py:840} INFO - DAG(s) 'dataset_produces_2', 'consume_1_and_2_with_dataset_expressions', 'dataset_consumes_1_and_2', 'consume_1_or_2_with_dataset_expressions', 'dataset_consumes_1_never_scheduled', 'dataset_consumes_unknown_never_scheduled', 'dataset_produces_1', 'consume_1_or_both_2_and_3_with_dataset_expressions', 'conditional_dataset_and_time_based_timetable', 'dataset_consumes_1' retrieved from /home/logi/txtai/venv/lib/python3.10/site-packages/airflow/example_dags/example_datasets.py
[2025-11-14T10:49:21.361+0530] {logging_mixin.py:188} INFO - [2025-11-14T10:49:21.361+0530] {dag.py:3089} INFO - Sync 10 DAGs
[2025-11-14T10:49:21.402+0530] {logging_mixin.py:188} INFO - [2025-11-14T10:49:21.401+0530] {dag.py:3947} INFO - Setting next_dagrun for conditional_dataset_and_time_based_timetable to 2025-11-12 01:00:00+00:00, run_after=2025-11-12 01:00:00+00:00
[2025-11-14T10:49:21.414+0530] {logging_mixin.py:188} INFO - [2025-11-14T10:49:21.413+0530] {dag.py:3947} INFO - Setting next_dagrun for consume_1_and_2_with_dataset_expressions to None, run_after=None
[2025-11-14T10:49:21.416+0530] {logging_mixin.py:188} INFO - [2025-11-14T10:49:21.416+0530] {dag.py:3947} INFO - Setting next_dagrun for consume_1_or_2_with_dataset_expressions to None, run_after=None
[2025-11-14T10:49:21.420+0530] {logging_mixin.py:188} INFO - [2025-11-14T10:49:21.419+0530] {dag.py:3947} INFO - Setting next_dagrun for consume_1_or_both_2_and_3_with_dataset_expressions to None, run_after=None
[2025-11-14T10:49:21.426+0530] {logging_mixin.py:188} INFO - [2025-11-14T10:49:21.426+0530] {dag.py:3947} INFO - Setting next_dagrun for dataset_consumes_1 to None, run_after=None
[2025-11-14T10:49:21.431+0530] {logging_mixin.py:188} INFO - [2025-11-14T10:49:21.430+0530] {dag.py:3947} INFO - Setting next_dagrun for dataset_consumes_1_and_2 to None, run_after=None
[2025-11-14T10:49:21.435+0530] {logging_mixin.py:188} INFO - [2025-11-14T10:49:21.435+0530] {dag.py:3947} INFO - Setting next_dagrun for dataset_consumes_1_never_scheduled to None, run_after=None
[2025-11-14T10:49:21.441+0530] {logging_mixin.py:188} INFO - [2025-11-14T10:49:21.440+0530] {dag.py:3947} INFO - Setting next_dagrun for dataset_consumes_unknown_never_scheduled to None, run_after=None
[2025-11-14T10:49:21.445+0530] {logging_mixin.py:188} INFO - [2025-11-14T10:49:21.445+0530] {dag.py:3947} INFO - Setting next_dagrun for dataset_produces_1 to 2025-11-13 00:00:00+00:00, run_after=2025-11-14 00:00:00+00:00
[2025-11-14T10:49:21.451+0530] {logging_mixin.py:188} INFO - [2025-11-14T10:49:21.450+0530] {dag.py:3947} INFO - Setting next_dagrun for dataset_produces_2 to None, run_after=None
[2025-11-14T10:49:21.524+0530] {processor.py:183} INFO - Processing /home/logi/txtai/venv/lib/python3.10/site-packages/airflow/example_dags/example_datasets.py took 0.304 seconds
[2025-11-14T10:49:51.670+0530] {processor.py:161} INFO - Started process (PID=7339) to work on /home/logi/txtai/venv/lib/python3.10/site-packages/airflow/example_dags/example_datasets.py
[2025-11-14T10:49:51.672+0530] {processor.py:830} INFO - Processing file /home/logi/txtai/venv/lib/python3.10/site-packages/airflow/example_dags/example_datasets.py for tasks to queue
[2025-11-14T10:49:51.675+0530] {logging_mixin.py:188} INFO - [2025-11-14T10:49:51.675+0530] {dagbag.py:545} INFO - Filling up the DagBag from /home/logi/txtai/venv/lib/python3.10/site-packages/airflow/example_dags/example_datasets.py
[2025-11-14T10:49:51.701+0530] {processor.py:840} INFO - DAG(s) 'conditional_dataset_and_time_based_timetable', 'dataset_consumes_1_and_2', 'dataset_produces_1', 'dataset_produces_2', 'dataset_consumes_1_never_scheduled', 'consume_1_and_2_with_dataset_expressions', 'consume_1_or_both_2_and_3_with_dataset_expressions', 'dataset_consumes_1', 'consume_1_or_2_with_dataset_expressions', 'dataset_consumes_unknown_never_scheduled' retrieved from /home/logi/txtai/venv/lib/python3.10/site-packages/airflow/example_dags/example_datasets.py
[2025-11-14T10:49:51.804+0530] {logging_mixin.py:188} INFO - [2025-11-14T10:49:51.804+0530] {dag.py:3089} INFO - Sync 10 DAGs
[2025-11-14T10:49:51.826+0530] {logging_mixin.py:188} INFO - [2025-11-14T10:49:51.825+0530] {dag.py:3947} INFO - Setting next_dagrun for conditional_dataset_and_time_based_timetable to 2025-11-12 01:00:00+00:00, run_after=2025-11-12 01:00:00+00:00
[2025-11-14T10:49:51.835+0530] {logging_mixin.py:188} INFO - [2025-11-14T10:49:51.835+0530] {dag.py:3947} INFO - Setting next_dagrun for consume_1_and_2_with_dataset_expressions to None, run_after=None
[2025-11-14T10:49:51.837+0530] {logging_mixin.py:188} INFO - [2025-11-14T10:49:51.836+0530] {dag.py:3947} INFO - Setting next_dagrun for consume_1_or_2_with_dataset_expressions to None, run_after=None
[2025-11-14T10:49:51.838+0530] {logging_mixin.py:188} INFO - [2025-11-14T10:49:51.838+0530] {dag.py:3947} INFO - Setting next_dagrun for consume_1_or_both_2_and_3_with_dataset_expressions to None, run_after=None
[2025-11-14T10:49:51.840+0530] {logging_mixin.py:188} INFO - [2025-11-14T10:49:51.840+0530] {dag.py:3947} INFO - Setting next_dagrun for dataset_consumes_1 to None, run_after=None
[2025-11-14T10:49:51.842+0530] {logging_mixin.py:188} INFO - [2025-11-14T10:49:51.842+0530] {dag.py:3947} INFO - Setting next_dagrun for dataset_consumes_1_and_2 to None, run_after=None
[2025-11-14T10:49:51.843+0530] {logging_mixin.py:188} INFO - [2025-11-14T10:49:51.843+0530] {dag.py:3947} INFO - Setting next_dagrun for dataset_consumes_1_never_scheduled to None, run_after=None
[2025-11-14T10:49:51.845+0530] {logging_mixin.py:188} INFO - [2025-11-14T10:49:51.845+0530] {dag.py:3947} INFO - Setting next_dagrun for dataset_consumes_unknown_never_scheduled to None, run_after=None
[2025-11-14T10:49:51.848+0530] {logging_mixin.py:188} INFO - [2025-11-14T10:49:51.848+0530] {dag.py:3947} INFO - Setting next_dagrun for dataset_produces_1 to 2025-11-13 00:00:00+00:00, run_after=2025-11-14 00:00:00+00:00
[2025-11-14T10:49:51.849+0530] {logging_mixin.py:188} INFO - [2025-11-14T10:49:51.849+0530] {dag.py:3947} INFO - Setting next_dagrun for dataset_produces_2 to None, run_after=None
[2025-11-14T10:49:51.906+0530] {processor.py:183} INFO - Processing /home/logi/txtai/venv/lib/python3.10/site-packages/airflow/example_dags/example_datasets.py took 0.247 seconds
[2025-11-14T10:50:22.236+0530] {processor.py:161} INFO - Started process (PID=7898) to work on /home/logi/txtai/venv/lib/python3.10/site-packages/airflow/example_dags/example_datasets.py
[2025-11-14T10:50:22.237+0530] {processor.py:830} INFO - Processing file /home/logi/txtai/venv/lib/python3.10/site-packages/airflow/example_dags/example_datasets.py for tasks to queue
[2025-11-14T10:50:22.240+0530] {logging_mixin.py:188} INFO - [2025-11-14T10:50:22.240+0530] {dagbag.py:545} INFO - Filling up the DagBag from /home/logi/txtai/venv/lib/python3.10/site-packages/airflow/example_dags/example_datasets.py
[2025-11-14T10:50:22.255+0530] {processor.py:840} INFO - DAG(s) 'consume_1_or_2_with_dataset_expressions', 'dataset_consumes_1_never_scheduled', 'dataset_produces_1', 'conditional_dataset_and_time_based_timetable', 'dataset_produces_2', 'dataset_consumes_1', 'consume_1_or_both_2_and_3_with_dataset_expressions', 'dataset_consumes_unknown_never_scheduled', 'consume_1_and_2_with_dataset_expressions', 'dataset_consumes_1_and_2' retrieved from /home/logi/txtai/venv/lib/python3.10/site-packages/airflow/example_dags/example_datasets.py
[2025-11-14T10:50:22.376+0530] {logging_mixin.py:188} INFO - [2025-11-14T10:50:22.376+0530] {dag.py:3089} INFO - Sync 10 DAGs
[2025-11-14T10:50:22.417+0530] {logging_mixin.py:188} INFO - [2025-11-14T10:50:22.416+0530] {dag.py:3947} INFO - Setting next_dagrun for conditional_dataset_and_time_based_timetable to 2025-11-12 01:00:00+00:00, run_after=2025-11-12 01:00:00+00:00
[2025-11-14T10:50:22.421+0530] {logging_mixin.py:188} INFO - [2025-11-14T10:50:22.421+0530] {dag.py:3947} INFO - Setting next_dagrun for consume_1_and_2_with_dataset_expressions to None, run_after=None
[2025-11-14T10:50:22.423+0530] {logging_mixin.py:188} INFO - [2025-11-14T10:50:22.423+0530] {dag.py:3947} INFO - Setting next_dagrun for consume_1_or_2_with_dataset_expressions to None, run_after=None
[2025-11-14T10:50:22.425+0530] {logging_mixin.py:188} INFO - [2025-11-14T10:50:22.425+0530] {dag.py:3947} INFO - Setting next_dagrun for consume_1_or_both_2_and_3_with_dataset_expressions to None, run_after=None
[2025-11-14T10:50:22.427+0530] {logging_mixin.py:188} INFO - [2025-11-14T10:50:22.427+0530] {dag.py:3947} INFO - Setting next_dagrun for dataset_consumes_1 to None, run_after=None
[2025-11-14T10:50:22.429+0530] {logging_mixin.py:188} INFO - [2025-11-14T10:50:22.428+0530] {dag.py:3947} INFO - Setting next_dagrun for dataset_consumes_1_and_2 to None, run_after=None
[2025-11-14T10:50:22.430+0530] {logging_mixin.py:188} INFO - [2025-11-14T10:50:22.430+0530] {dag.py:3947} INFO - Setting next_dagrun for dataset_consumes_1_never_scheduled to None, run_after=None
[2025-11-14T10:50:22.432+0530] {logging_mixin.py:188} INFO - [2025-11-14T10:50:22.432+0530] {dag.py:3947} INFO - Setting next_dagrun for dataset_consumes_unknown_never_scheduled to None, run_after=None
[2025-11-14T10:50:22.435+0530] {logging_mixin.py:188} INFO - [2025-11-14T10:50:22.434+0530] {dag.py:3947} INFO - Setting next_dagrun for dataset_produces_1 to 2025-11-13 00:00:00+00:00, run_after=2025-11-14 00:00:00+00:00
[2025-11-14T10:50:22.436+0530] {logging_mixin.py:188} INFO - [2025-11-14T10:50:22.436+0530] {dag.py:3947} INFO - Setting next_dagrun for dataset_produces_2 to None, run_after=None
[2025-11-14T10:50:22.491+0530] {processor.py:183} INFO - Processing /home/logi/txtai/venv/lib/python3.10/site-packages/airflow/example_dags/example_datasets.py took 0.271 seconds
[2025-11-14T10:50:53.203+0530] {processor.py:161} INFO - Started process (PID=8127) to work on /home/logi/txtai/venv/lib/python3.10/site-packages/airflow/example_dags/example_datasets.py
[2025-11-14T10:50:53.204+0530] {processor.py:830} INFO - Processing file /home/logi/txtai/venv/lib/python3.10/site-packages/airflow/example_dags/example_datasets.py for tasks to queue
[2025-11-14T10:50:53.206+0530] {logging_mixin.py:188} INFO - [2025-11-14T10:50:53.206+0530] {dagbag.py:545} INFO - Filling up the DagBag from /home/logi/txtai/venv/lib/python3.10/site-packages/airflow/example_dags/example_datasets.py
[2025-11-14T10:50:53.218+0530] {processor.py:840} INFO - DAG(s) 'conditional_dataset_and_time_based_timetable', 'dataset_consumes_1', 'dataset_consumes_unknown_never_scheduled', 'dataset_consumes_1_and_2', 'consume_1_or_2_with_dataset_expressions', 'consume_1_and_2_with_dataset_expressions', 'dataset_produces_2', 'dataset_consumes_1_never_scheduled', 'consume_1_or_both_2_and_3_with_dataset_expressions', 'dataset_produces_1' retrieved from /home/logi/txtai/venv/lib/python3.10/site-packages/airflow/example_dags/example_datasets.py
[2025-11-14T10:50:53.297+0530] {logging_mixin.py:188} INFO - [2025-11-14T10:50:53.296+0530] {dag.py:3089} INFO - Sync 10 DAGs
[2025-11-14T10:50:53.325+0530] {logging_mixin.py:188} INFO - [2025-11-14T10:50:53.325+0530] {dag.py:3947} INFO - Setting next_dagrun for conditional_dataset_and_time_based_timetable to 2025-11-12 01:00:00+00:00, run_after=2025-11-12 01:00:00+00:00
[2025-11-14T10:50:53.328+0530] {logging_mixin.py:188} INFO - [2025-11-14T10:50:53.328+0530] {dag.py:3947} INFO - Setting next_dagrun for consume_1_and_2_with_dataset_expressions to None, run_after=None
[2025-11-14T10:50:53.331+0530] {logging_mixin.py:188} INFO - [2025-11-14T10:50:53.330+0530] {dag.py:3947} INFO - Setting next_dagrun for consume_1_or_2_with_dataset_expressions to None, run_after=None
[2025-11-14T10:50:53.333+0530] {logging_mixin.py:188} INFO - [2025-11-14T10:50:53.333+0530] {dag.py:3947} INFO - Setting next_dagrun for consume_1_or_both_2_and_3_with_dataset_expressions to None, run_after=None
[2025-11-14T10:50:53.338+0530] {logging_mixin.py:188} INFO - [2025-11-14T10:50:53.337+0530] {dag.py:3947} INFO - Setting next_dagrun for dataset_consumes_1 to None, run_after=None
[2025-11-14T10:50:53.343+0530] {logging_mixin.py:188} INFO - [2025-11-14T10:50:53.343+0530] {dag.py:3947} INFO - Setting next_dagrun for dataset_consumes_1_and_2 to None, run_after=None
[2025-11-14T10:50:53.345+0530] {logging_mixin.py:188} INFO - [2025-11-14T10:50:53.345+0530] {dag.py:3947} INFO - Setting next_dagrun for dataset_consumes_1_never_scheduled to None, run_after=None
[2025-11-14T10:50:53.346+0530] {logging_mixin.py:188} INFO - [2025-11-14T10:50:53.346+0530] {dag.py:3947} INFO - Setting next_dagrun for dataset_consumes_unknown_never_scheduled to None, run_after=None
[2025-11-14T10:50:53.349+0530] {logging_mixin.py:188} INFO - [2025-11-14T10:50:53.349+0530] {dag.py:3947} INFO - Setting next_dagrun for dataset_produces_1 to 2025-11-13 00:00:00+00:00, run_after=2025-11-14 00:00:00+00:00
[2025-11-14T10:50:53.351+0530] {logging_mixin.py:188} INFO - [2025-11-14T10:50:53.350+0530] {dag.py:3947} INFO - Setting next_dagrun for dataset_produces_2 to None, run_after=None
[2025-11-14T10:50:53.426+0530] {processor.py:183} INFO - Processing /home/logi/txtai/venv/lib/python3.10/site-packages/airflow/example_dags/example_datasets.py took 0.231 seconds
[2025-11-14T10:51:24.302+0530] {processor.py:161} INFO - Started process (PID=8307) to work on /home/logi/txtai/venv/lib/python3.10/site-packages/airflow/example_dags/example_datasets.py
[2025-11-14T10:51:24.304+0530] {processor.py:830} INFO - Processing file /home/logi/txtai/venv/lib/python3.10/site-packages/airflow/example_dags/example_datasets.py for tasks to queue
[2025-11-14T10:51:24.307+0530] {logging_mixin.py:188} INFO - [2025-11-14T10:51:24.306+0530] {dagbag.py:545} INFO - Filling up the DagBag from /home/logi/txtai/venv/lib/python3.10/site-packages/airflow/example_dags/example_datasets.py
[2025-11-14T10:51:24.321+0530] {processor.py:840} INFO - DAG(s) 'consume_1_and_2_with_dataset_expressions', 'dataset_consumes_1_never_scheduled', 'dataset_produces_2', 'dataset_produces_1', 'consume_1_or_both_2_and_3_with_dataset_expressions', 'dataset_consumes_unknown_never_scheduled', 'conditional_dataset_and_time_based_timetable', 'consume_1_or_2_with_dataset_expressions', 'dataset_consumes_1_and_2', 'dataset_consumes_1' retrieved from /home/logi/txtai/venv/lib/python3.10/site-packages/airflow/example_dags/example_datasets.py
[2025-11-14T10:51:24.414+0530] {logging_mixin.py:188} INFO - [2025-11-14T10:51:24.414+0530] {dag.py:3089} INFO - Sync 10 DAGs
[2025-11-14T10:51:24.467+0530] {logging_mixin.py:188} INFO - [2025-11-14T10:51:24.466+0530] {dag.py:3947} INFO - Setting next_dagrun for conditional_dataset_and_time_based_timetable to 2025-11-12 01:00:00+00:00, run_after=2025-11-12 01:00:00+00:00
[2025-11-14T10:51:24.477+0530] {logging_mixin.py:188} INFO - [2025-11-14T10:51:24.477+0530] {dag.py:3947} INFO - Setting next_dagrun for consume_1_and_2_with_dataset_expressions to None, run_after=None
[2025-11-14T10:51:24.481+0530] {logging_mixin.py:188} INFO - [2025-11-14T10:51:24.481+0530] {dag.py:3947} INFO - Setting next_dagrun for consume_1_or_2_with_dataset_expressions to None, run_after=None
[2025-11-14T10:51:24.487+0530] {logging_mixin.py:188} INFO - [2025-11-14T10:51:24.486+0530] {dag.py:3947} INFO - Setting next_dagrun for consume_1_or_both_2_and_3_with_dataset_expressions to None, run_after=None
[2025-11-14T10:51:24.490+0530] {logging_mixin.py:188} INFO - [2025-11-14T10:51:24.489+0530] {dag.py:3947} INFO - Setting next_dagrun for dataset_consumes_1 to None, run_after=None
[2025-11-14T10:51:24.493+0530] {logging_mixin.py:188} INFO - [2025-11-14T10:51:24.492+0530] {dag.py:3947} INFO - Setting next_dagrun for dataset_consumes_1_and_2 to None, run_after=None
[2025-11-14T10:51:24.496+0530] {logging_mixin.py:188} INFO - [2025-11-14T10:51:24.495+0530] {dag.py:3947} INFO - Setting next_dagrun for dataset_consumes_1_never_scheduled to None, run_after=None
[2025-11-14T10:51:24.499+0530] {logging_mixin.py:188} INFO - [2025-11-14T10:51:24.498+0530] {dag.py:3947} INFO - Setting next_dagrun for dataset_consumes_unknown_never_scheduled to None, run_after=None
[2025-11-14T10:51:24.504+0530] {logging_mixin.py:188} INFO - [2025-11-14T10:51:24.504+0530] {dag.py:3947} INFO - Setting next_dagrun for dataset_produces_1 to 2025-11-13 00:00:00+00:00, run_after=2025-11-14 00:00:00+00:00
[2025-11-14T10:51:24.507+0530] {logging_mixin.py:188} INFO - [2025-11-14T10:51:24.507+0530] {dag.py:3947} INFO - Setting next_dagrun for dataset_produces_2 to None, run_after=None
[2025-11-14T10:51:24.582+0530] {processor.py:183} INFO - Processing /home/logi/txtai/venv/lib/python3.10/site-packages/airflow/example_dags/example_datasets.py took 0.299 seconds
[2025-11-14T10:51:54.925+0530] {processor.py:161} INFO - Started process (PID=8443) to work on /home/logi/txtai/venv/lib/python3.10/site-packages/airflow/example_dags/example_datasets.py
[2025-11-14T10:51:54.928+0530] {processor.py:830} INFO - Processing file /home/logi/txtai/venv/lib/python3.10/site-packages/airflow/example_dags/example_datasets.py for tasks to queue
[2025-11-14T10:51:54.931+0530] {logging_mixin.py:188} INFO - [2025-11-14T10:51:54.931+0530] {dagbag.py:545} INFO - Filling up the DagBag from /home/logi/txtai/venv/lib/python3.10/site-packages/airflow/example_dags/example_datasets.py
[2025-11-14T10:51:54.952+0530] {processor.py:840} INFO - DAG(s) 'dataset_consumes_1_never_scheduled', 'dataset_produces_2', 'consume_1_or_both_2_and_3_with_dataset_expressions', 'consume_1_or_2_with_dataset_expressions', 'conditional_dataset_and_time_based_timetable', 'dataset_produces_1', 'dataset_consumes_1_and_2', 'dataset_consumes_1', 'dataset_consumes_unknown_never_scheduled', 'consume_1_and_2_with_dataset_expressions' retrieved from /home/logi/txtai/venv/lib/python3.10/site-packages/airflow/example_dags/example_datasets.py
[2025-11-14T10:51:55.069+0530] {logging_mixin.py:188} INFO - [2025-11-14T10:51:55.068+0530] {dag.py:3089} INFO - Sync 10 DAGs
[2025-11-14T10:51:55.089+0530] {logging_mixin.py:188} INFO - [2025-11-14T10:51:55.088+0530] {dag.py:3947} INFO - Setting next_dagrun for conditional_dataset_and_time_based_timetable to 2025-11-12 01:00:00+00:00, run_after=2025-11-12 01:00:00+00:00
[2025-11-14T10:51:55.092+0530] {logging_mixin.py:188} INFO - [2025-11-14T10:51:55.092+0530] {dag.py:3947} INFO - Setting next_dagrun for consume_1_and_2_with_dataset_expressions to None, run_after=None
[2025-11-14T10:51:55.093+0530] {logging_mixin.py:188} INFO - [2025-11-14T10:51:55.093+0530] {dag.py:3947} INFO - Setting next_dagrun for consume_1_or_2_with_dataset_expressions to None, run_after=None
[2025-11-14T10:51:55.094+0530] {logging_mixin.py:188} INFO - [2025-11-14T10:51:55.094+0530] {dag.py:3947} INFO - Setting next_dagrun for consume_1_or_both_2_and_3_with_dataset_expressions to None, run_after=None
[2025-11-14T10:51:55.096+0530] {logging_mixin.py:188} INFO - [2025-11-14T10:51:55.096+0530] {dag.py:3947} INFO - Setting next_dagrun for dataset_consumes_1 to None, run_after=None
[2025-11-14T10:51:55.097+0530] {logging_mixin.py:188} INFO - [2025-11-14T10:51:55.097+0530] {dag.py:3947} INFO - Setting next_dagrun for dataset_consumes_1_and_2 to None, run_after=None
[2025-11-14T10:51:55.098+0530] {logging_mixin.py:188} INFO - [2025-11-14T10:51:55.098+0530] {dag.py:3947} INFO - Setting next_dagrun for dataset_consumes_1_never_scheduled to None, run_after=None
[2025-11-14T10:51:55.100+0530] {logging_mixin.py:188} INFO - [2025-11-14T10:51:55.099+0530] {dag.py:3947} INFO - Setting next_dagrun for dataset_consumes_unknown_never_scheduled to None, run_after=None
[2025-11-14T10:51:55.102+0530] {logging_mixin.py:188} INFO - [2025-11-14T10:51:55.102+0530] {dag.py:3947} INFO - Setting next_dagrun for dataset_produces_1 to 2025-11-13 00:00:00+00:00, run_after=2025-11-14 00:00:00+00:00
[2025-11-14T10:51:55.104+0530] {logging_mixin.py:188} INFO - [2025-11-14T10:51:55.103+0530] {dag.py:3947} INFO - Setting next_dagrun for dataset_produces_2 to None, run_after=None
[2025-11-14T10:51:55.155+0530] {processor.py:183} INFO - Processing /home/logi/txtai/venv/lib/python3.10/site-packages/airflow/example_dags/example_datasets.py took 0.246 seconds
[2025-11-14T10:52:27.381+0530] {processor.py:161} INFO - Started process (PID=8625) to work on /home/logi/txtai/venv/lib/python3.10/site-packages/airflow/example_dags/example_datasets.py
[2025-11-14T10:52:27.382+0530] {processor.py:830} INFO - Processing file /home/logi/txtai/venv/lib/python3.10/site-packages/airflow/example_dags/example_datasets.py for tasks to queue
[2025-11-14T10:52:27.385+0530] {logging_mixin.py:188} INFO - [2025-11-14T10:52:27.385+0530] {dagbag.py:545} INFO - Filling up the DagBag from /home/logi/txtai/venv/lib/python3.10/site-packages/airflow/example_dags/example_datasets.py
[2025-11-14T10:52:27.405+0530] {processor.py:840} INFO - DAG(s) 'dataset_produces_1', 'consume_1_and_2_with_dataset_expressions', 'dataset_consumes_1', 'dataset_consumes_unknown_never_scheduled', 'dataset_consumes_1_and_2', 'dataset_produces_2', 'consume_1_or_both_2_and_3_with_dataset_expressions', 'dataset_consumes_1_never_scheduled', 'consume_1_or_2_with_dataset_expressions', 'conditional_dataset_and_time_based_timetable' retrieved from /home/logi/txtai/venv/lib/python3.10/site-packages/airflow/example_dags/example_datasets.py
[2025-11-14T10:52:27.500+0530] {logging_mixin.py:188} INFO - [2025-11-14T10:52:27.500+0530] {dag.py:3089} INFO - Sync 10 DAGs
[2025-11-14T10:52:27.531+0530] {logging_mixin.py:188} INFO - [2025-11-14T10:52:27.531+0530] {dag.py:3947} INFO - Setting next_dagrun for conditional_dataset_and_time_based_timetable to 2025-11-12 01:00:00+00:00, run_after=2025-11-12 01:00:00+00:00
[2025-11-14T10:52:27.535+0530] {logging_mixin.py:188} INFO - [2025-11-14T10:52:27.535+0530] {dag.py:3947} INFO - Setting next_dagrun for consume_1_and_2_with_dataset_expressions to None, run_after=None
[2025-11-14T10:52:27.538+0530] {logging_mixin.py:188} INFO - [2025-11-14T10:52:27.537+0530] {dag.py:3947} INFO - Setting next_dagrun for consume_1_or_2_with_dataset_expressions to None, run_after=None
[2025-11-14T10:52:27.540+0530] {logging_mixin.py:188} INFO - [2025-11-14T10:52:27.540+0530] {dag.py:3947} INFO - Setting next_dagrun for consume_1_or_both_2_and_3_with_dataset_expressions to None, run_after=None
[2025-11-14T10:52:27.542+0530] {logging_mixin.py:188} INFO - [2025-11-14T10:52:27.542+0530] {dag.py:3947} INFO - Setting next_dagrun for dataset_consumes_1 to None, run_after=None
[2025-11-14T10:52:27.544+0530] {logging_mixin.py:188} INFO - [2025-11-14T10:52:27.544+0530] {dag.py:3947} INFO - Setting next_dagrun for dataset_consumes_1_and_2 to None, run_after=None
[2025-11-14T10:52:27.546+0530] {logging_mixin.py:188} INFO - [2025-11-14T10:52:27.546+0530] {dag.py:3947} INFO - Setting next_dagrun for dataset_consumes_1_never_scheduled to None, run_after=None
[2025-11-14T10:52:27.549+0530] {logging_mixin.py:188} INFO - [2025-11-14T10:52:27.548+0530] {dag.py:3947} INFO - Setting next_dagrun for dataset_consumes_unknown_never_scheduled to None, run_after=None
[2025-11-14T10:52:27.552+0530] {logging_mixin.py:188} INFO - [2025-11-14T10:52:27.552+0530] {dag.py:3947} INFO - Setting next_dagrun for dataset_produces_1 to 2025-11-13 00:00:00+00:00, run_after=2025-11-14 00:00:00+00:00
[2025-11-14T10:52:27.554+0530] {logging_mixin.py:188} INFO - [2025-11-14T10:52:27.554+0530] {dag.py:3947} INFO - Setting next_dagrun for dataset_produces_2 to None, run_after=None
[2025-11-14T10:52:27.640+0530] {processor.py:183} INFO - Processing /home/logi/txtai/venv/lib/python3.10/site-packages/airflow/example_dags/example_datasets.py took 0.276 seconds
[2025-11-14T10:52:58.143+0530] {processor.py:161} INFO - Started process (PID=8755) to work on /home/logi/txtai/venv/lib/python3.10/site-packages/airflow/example_dags/example_datasets.py
[2025-11-14T10:52:58.146+0530] {processor.py:830} INFO - Processing file /home/logi/txtai/venv/lib/python3.10/site-packages/airflow/example_dags/example_datasets.py for tasks to queue
[2025-11-14T10:52:58.151+0530] {logging_mixin.py:188} INFO - [2025-11-14T10:52:58.150+0530] {dagbag.py:545} INFO - Filling up the DagBag from /home/logi/txtai/venv/lib/python3.10/site-packages/airflow/example_dags/example_datasets.py
[2025-11-14T10:52:58.176+0530] {processor.py:840} INFO - DAG(s) 'consume_1_or_2_with_dataset_expressions', 'dataset_consumes_1_never_scheduled', 'dataset_produces_2', 'dataset_consumes_unknown_never_scheduled', 'dataset_consumes_1', 'consume_1_and_2_with_dataset_expressions', 'consume_1_or_both_2_and_3_with_dataset_expressions', 'dataset_consumes_1_and_2', 'dataset_produces_1', 'conditional_dataset_and_time_based_timetable' retrieved from /home/logi/txtai/venv/lib/python3.10/site-packages/airflow/example_dags/example_datasets.py
[2025-11-14T10:52:58.279+0530] {logging_mixin.py:188} INFO - [2025-11-14T10:52:58.278+0530] {dag.py:3089} INFO - Sync 10 DAGs
[2025-11-14T10:52:58.309+0530] {logging_mixin.py:188} INFO - [2025-11-14T10:52:58.308+0530] {dag.py:3947} INFO - Setting next_dagrun for conditional_dataset_and_time_based_timetable to 2025-11-12 01:00:00+00:00, run_after=2025-11-12 01:00:00+00:00
[2025-11-14T10:52:58.313+0530] {logging_mixin.py:188} INFO - [2025-11-14T10:52:58.313+0530] {dag.py:3947} INFO - Setting next_dagrun for consume_1_and_2_with_dataset_expressions to None, run_after=None
[2025-11-14T10:52:58.316+0530] {logging_mixin.py:188} INFO - [2025-11-14T10:52:58.315+0530] {dag.py:3947} INFO - Setting next_dagrun for consume_1_or_2_with_dataset_expressions to None, run_after=None
[2025-11-14T10:52:58.318+0530] {logging_mixin.py:188} INFO - [2025-11-14T10:52:58.317+0530] {dag.py:3947} INFO - Setting next_dagrun for consume_1_or_both_2_and_3_with_dataset_expressions to None, run_after=None
[2025-11-14T10:52:58.320+0530] {logging_mixin.py:188} INFO - [2025-11-14T10:52:58.319+0530] {dag.py:3947} INFO - Setting next_dagrun for dataset_consumes_1 to None, run_after=None
[2025-11-14T10:52:58.322+0530] {logging_mixin.py:188} INFO - [2025-11-14T10:52:58.322+0530] {dag.py:3947} INFO - Setting next_dagrun for dataset_consumes_1_and_2 to None, run_after=None
[2025-11-14T10:52:58.324+0530] {logging_mixin.py:188} INFO - [2025-11-14T10:52:58.323+0530] {dag.py:3947} INFO - Setting next_dagrun for dataset_consumes_1_never_scheduled to None, run_after=None
[2025-11-14T10:52:58.325+0530] {logging_mixin.py:188} INFO - [2025-11-14T10:52:58.325+0530] {dag.py:3947} INFO - Setting next_dagrun for dataset_consumes_unknown_never_scheduled to None, run_after=None
[2025-11-14T10:52:58.328+0530] {logging_mixin.py:188} INFO - [2025-11-14T10:52:58.328+0530] {dag.py:3947} INFO - Setting next_dagrun for dataset_produces_1 to 2025-11-13 00:00:00+00:00, run_after=2025-11-14 00:00:00+00:00
[2025-11-14T10:52:58.331+0530] {logging_mixin.py:188} INFO - [2025-11-14T10:52:58.330+0530] {dag.py:3947} INFO - Setting next_dagrun for dataset_produces_2 to None, run_after=None
[2025-11-14T10:52:58.378+0530] {processor.py:183} INFO - Processing /home/logi/txtai/venv/lib/python3.10/site-packages/airflow/example_dags/example_datasets.py took 0.250 seconds
[2025-11-14T10:53:28.929+0530] {processor.py:161} INFO - Started process (PID=8885) to work on /home/logi/txtai/venv/lib/python3.10/site-packages/airflow/example_dags/example_datasets.py
[2025-11-14T10:53:28.932+0530] {processor.py:830} INFO - Processing file /home/logi/txtai/venv/lib/python3.10/site-packages/airflow/example_dags/example_datasets.py for tasks to queue
[2025-11-14T10:53:28.935+0530] {logging_mixin.py:188} INFO - [2025-11-14T10:53:28.934+0530] {dagbag.py:545} INFO - Filling up the DagBag from /home/logi/txtai/venv/lib/python3.10/site-packages/airflow/example_dags/example_datasets.py
[2025-11-14T10:53:28.946+0530] {processor.py:840} INFO - DAG(s) 'consume_1_and_2_with_dataset_expressions', 'dataset_consumes_1', 'consume_1_or_both_2_and_3_with_dataset_expressions', 'dataset_consumes_1_and_2', 'dataset_produces_1', 'consume_1_or_2_with_dataset_expressions', 'dataset_consumes_1_never_scheduled', 'conditional_dataset_and_time_based_timetable', 'dataset_consumes_unknown_never_scheduled', 'dataset_produces_2' retrieved from /home/logi/txtai/venv/lib/python3.10/site-packages/airflow/example_dags/example_datasets.py
[2025-11-14T10:53:29.023+0530] {logging_mixin.py:188} INFO - [2025-11-14T10:53:29.023+0530] {dag.py:3089} INFO - Sync 10 DAGs
[2025-11-14T10:53:29.052+0530] {logging_mixin.py:188} INFO - [2025-11-14T10:53:29.052+0530] {dag.py:3947} INFO - Setting next_dagrun for conditional_dataset_and_time_based_timetable to 2025-11-12 01:00:00+00:00, run_after=2025-11-12 01:00:00+00:00
[2025-11-14T10:53:29.056+0530] {logging_mixin.py:188} INFO - [2025-11-14T10:53:29.056+0530] {dag.py:3947} INFO - Setting next_dagrun for consume_1_and_2_with_dataset_expressions to None, run_after=None
[2025-11-14T10:53:29.057+0530] {logging_mixin.py:188} INFO - [2025-11-14T10:53:29.057+0530] {dag.py:3947} INFO - Setting next_dagrun for consume_1_or_2_with_dataset_expressions to None, run_after=None
[2025-11-14T10:53:29.059+0530] {logging_mixin.py:188} INFO - [2025-11-14T10:53:29.059+0530] {dag.py:3947} INFO - Setting next_dagrun for consume_1_or_both_2_and_3_with_dataset_expressions to None, run_after=None
[2025-11-14T10:53:29.060+0530] {logging_mixin.py:188} INFO - [2025-11-14T10:53:29.060+0530] {dag.py:3947} INFO - Setting next_dagrun for dataset_consumes_1 to None, run_after=None
[2025-11-14T10:53:29.062+0530] {logging_mixin.py:188} INFO - [2025-11-14T10:53:29.062+0530] {dag.py:3947} INFO - Setting next_dagrun for dataset_consumes_1_and_2 to None, run_after=None
[2025-11-14T10:53:29.064+0530] {logging_mixin.py:188} INFO - [2025-11-14T10:53:29.063+0530] {dag.py:3947} INFO - Setting next_dagrun for dataset_consumes_1_never_scheduled to None, run_after=None
[2025-11-14T10:53:29.065+0530] {logging_mixin.py:188} INFO - [2025-11-14T10:53:29.065+0530] {dag.py:3947} INFO - Setting next_dagrun for dataset_consumes_unknown_never_scheduled to None, run_after=None
[2025-11-14T10:53:29.068+0530] {logging_mixin.py:188} INFO - [2025-11-14T10:53:29.068+0530] {dag.py:3947} INFO - Setting next_dagrun for dataset_produces_1 to 2025-11-13 00:00:00+00:00, run_after=2025-11-14 00:00:00+00:00
[2025-11-14T10:53:29.073+0530] {logging_mixin.py:188} INFO - [2025-11-14T10:53:29.072+0530] {dag.py:3947} INFO - Setting next_dagrun for dataset_produces_2 to None, run_after=None
[2025-11-14T10:53:29.125+0530] {processor.py:183} INFO - Processing /home/logi/txtai/venv/lib/python3.10/site-packages/airflow/example_dags/example_datasets.py took 0.205 seconds
[2025-11-14T10:53:59.934+0530] {processor.py:161} INFO - Started process (PID=9073) to work on /home/logi/txtai/venv/lib/python3.10/site-packages/airflow/example_dags/example_datasets.py
[2025-11-14T10:53:59.949+0530] {processor.py:830} INFO - Processing file /home/logi/txtai/venv/lib/python3.10/site-packages/airflow/example_dags/example_datasets.py for tasks to queue
[2025-11-14T10:53:59.952+0530] {logging_mixin.py:188} INFO - [2025-11-14T10:53:59.951+0530] {dagbag.py:545} INFO - Filling up the DagBag from /home/logi/txtai/venv/lib/python3.10/site-packages/airflow/example_dags/example_datasets.py
[2025-11-14T10:53:59.981+0530] {processor.py:840} INFO - DAG(s) 'dataset_consumes_unknown_never_scheduled', 'dataset_produces_2', 'dataset_produces_1', 'consume_1_or_both_2_and_3_with_dataset_expressions', 'dataset_consumes_1_never_scheduled', 'conditional_dataset_and_time_based_timetable', 'dataset_consumes_1', 'dataset_consumes_1_and_2', 'consume_1_or_2_with_dataset_expressions', 'consume_1_and_2_with_dataset_expressions' retrieved from /home/logi/txtai/venv/lib/python3.10/site-packages/airflow/example_dags/example_datasets.py
[2025-11-14T10:54:00.112+0530] {logging_mixin.py:188} INFO - [2025-11-14T10:54:00.112+0530] {dag.py:3089} INFO - Sync 10 DAGs
[2025-11-14T10:54:00.152+0530] {logging_mixin.py:188} INFO - [2025-11-14T10:54:00.152+0530] {dag.py:3947} INFO - Setting next_dagrun for conditional_dataset_and_time_based_timetable to 2025-11-12 01:00:00+00:00, run_after=2025-11-12 01:00:00+00:00
[2025-11-14T10:54:00.170+0530] {logging_mixin.py:188} INFO - [2025-11-14T10:54:00.169+0530] {dag.py:3947} INFO - Setting next_dagrun for consume_1_and_2_with_dataset_expressions to None, run_after=None
[2025-11-14T10:54:00.176+0530] {logging_mixin.py:188} INFO - [2025-11-14T10:54:00.175+0530] {dag.py:3947} INFO - Setting next_dagrun for consume_1_or_2_with_dataset_expressions to None, run_after=None
[2025-11-14T10:54:00.178+0530] {logging_mixin.py:188} INFO - [2025-11-14T10:54:00.178+0530] {dag.py:3947} INFO - Setting next_dagrun for consume_1_or_both_2_and_3_with_dataset_expressions to None, run_after=None
[2025-11-14T10:54:00.179+0530] {logging_mixin.py:188} INFO - [2025-11-14T10:54:00.179+0530] {dag.py:3947} INFO - Setting next_dagrun for dataset_consumes_1 to None, run_after=None
[2025-11-14T10:54:00.181+0530] {logging_mixin.py:188} INFO - [2025-11-14T10:54:00.181+0530] {dag.py:3947} INFO - Setting next_dagrun for dataset_consumes_1_and_2 to None, run_after=None
[2025-11-14T10:54:00.183+0530] {logging_mixin.py:188} INFO - [2025-11-14T10:54:00.183+0530] {dag.py:3947} INFO - Setting next_dagrun for dataset_consumes_1_never_scheduled to None, run_after=None
[2025-11-14T10:54:00.185+0530] {logging_mixin.py:188} INFO - [2025-11-14T10:54:00.185+0530] {dag.py:3947} INFO - Setting next_dagrun for dataset_consumes_unknown_never_scheduled to None, run_after=None
[2025-11-14T10:54:00.187+0530] {logging_mixin.py:188} INFO - [2025-11-14T10:54:00.187+0530] {dag.py:3947} INFO - Setting next_dagrun for dataset_produces_1 to 2025-11-13 00:00:00+00:00, run_after=2025-11-14 00:00:00+00:00
[2025-11-14T10:54:00.189+0530] {logging_mixin.py:188} INFO - [2025-11-14T10:54:00.189+0530] {dag.py:3947} INFO - Setting next_dagrun for dataset_produces_2 to None, run_after=None
[2025-11-14T10:54:00.229+0530] {processor.py:183} INFO - Processing /home/logi/txtai/venv/lib/python3.10/site-packages/airflow/example_dags/example_datasets.py took 0.313 seconds
[2025-11-14T10:54:31.053+0530] {processor.py:161} INFO - Started process (PID=9294) to work on /home/logi/txtai/venv/lib/python3.10/site-packages/airflow/example_dags/example_datasets.py
[2025-11-14T10:54:31.054+0530] {processor.py:830} INFO - Processing file /home/logi/txtai/venv/lib/python3.10/site-packages/airflow/example_dags/example_datasets.py for tasks to queue
[2025-11-14T10:54:31.057+0530] {logging_mixin.py:188} INFO - [2025-11-14T10:54:31.057+0530] {dagbag.py:545} INFO - Filling up the DagBag from /home/logi/txtai/venv/lib/python3.10/site-packages/airflow/example_dags/example_datasets.py
[2025-11-14T10:54:31.078+0530] {processor.py:840} INFO - DAG(s) 'dataset_consumes_1_and_2', 'dataset_consumes_1', 'dataset_consumes_1_never_scheduled', 'dataset_produces_2', 'consume_1_or_2_with_dataset_expressions', 'dataset_consumes_unknown_never_scheduled', 'consume_1_and_2_with_dataset_expressions', 'dataset_produces_1', 'consume_1_or_both_2_and_3_with_dataset_expressions', 'conditional_dataset_and_time_based_timetable' retrieved from /home/logi/txtai/venv/lib/python3.10/site-packages/airflow/example_dags/example_datasets.py
[2025-11-14T10:54:31.157+0530] {logging_mixin.py:188} INFO - [2025-11-14T10:54:31.157+0530] {dag.py:3089} INFO - Sync 10 DAGs
[2025-11-14T10:54:31.186+0530] {logging_mixin.py:188} INFO - [2025-11-14T10:54:31.185+0530] {dag.py:3947} INFO - Setting next_dagrun for conditional_dataset_and_time_based_timetable to 2025-11-12 01:00:00+00:00, run_after=2025-11-12 01:00:00+00:00
[2025-11-14T10:54:31.193+0530] {logging_mixin.py:188} INFO - [2025-11-14T10:54:31.193+0530] {dag.py:3947} INFO - Setting next_dagrun for consume_1_and_2_with_dataset_expressions to None, run_after=None
[2025-11-14T10:54:31.196+0530] {logging_mixin.py:188} INFO - [2025-11-14T10:54:31.195+0530] {dag.py:3947} INFO - Setting next_dagrun for consume_1_or_2_with_dataset_expressions to None, run_after=None
[2025-11-14T10:54:31.197+0530] {logging_mixin.py:188} INFO - [2025-11-14T10:54:31.197+0530] {dag.py:3947} INFO - Setting next_dagrun for consume_1_or_both_2_and_3_with_dataset_expressions to None, run_after=None
[2025-11-14T10:54:31.199+0530] {logging_mixin.py:188} INFO - [2025-11-14T10:54:31.199+0530] {dag.py:3947} INFO - Setting next_dagrun for dataset_consumes_1 to None, run_after=None
[2025-11-14T10:54:31.201+0530] {logging_mixin.py:188} INFO - [2025-11-14T10:54:31.201+0530] {dag.py:3947} INFO - Setting next_dagrun for dataset_consumes_1_and_2 to None, run_after=None
[2025-11-14T10:54:31.203+0530] {logging_mixin.py:188} INFO - [2025-11-14T10:54:31.203+0530] {dag.py:3947} INFO - Setting next_dagrun for dataset_consumes_1_never_scheduled to None, run_after=None
[2025-11-14T10:54:31.205+0530] {logging_mixin.py:188} INFO - [2025-11-14T10:54:31.205+0530] {dag.py:3947} INFO - Setting next_dagrun for dataset_consumes_unknown_never_scheduled to None, run_after=None
[2025-11-14T10:54:31.208+0530] {logging_mixin.py:188} INFO - [2025-11-14T10:54:31.208+0530] {dag.py:3947} INFO - Setting next_dagrun for dataset_produces_1 to 2025-11-13 00:00:00+00:00, run_after=2025-11-14 00:00:00+00:00
[2025-11-14T10:54:31.210+0530] {logging_mixin.py:188} INFO - [2025-11-14T10:54:31.209+0530] {dag.py:3947} INFO - Setting next_dagrun for dataset_produces_2 to None, run_after=None
[2025-11-14T10:54:31.266+0530] {processor.py:183} INFO - Processing /home/logi/txtai/venv/lib/python3.10/site-packages/airflow/example_dags/example_datasets.py took 0.223 seconds
[2025-11-14T10:55:02.117+0530] {processor.py:161} INFO - Started process (PID=9441) to work on /home/logi/txtai/venv/lib/python3.10/site-packages/airflow/example_dags/example_datasets.py
[2025-11-14T10:55:02.119+0530] {processor.py:830} INFO - Processing file /home/logi/txtai/venv/lib/python3.10/site-packages/airflow/example_dags/example_datasets.py for tasks to queue
[2025-11-14T10:55:02.122+0530] {logging_mixin.py:188} INFO - [2025-11-14T10:55:02.121+0530] {dagbag.py:545} INFO - Filling up the DagBag from /home/logi/txtai/venv/lib/python3.10/site-packages/airflow/example_dags/example_datasets.py
[2025-11-14T10:55:02.147+0530] {processor.py:840} INFO - DAG(s) 'dataset_consumes_1_and_2', 'dataset_consumes_1', 'dataset_consumes_unknown_never_scheduled', 'consume_1_and_2_with_dataset_expressions', 'dataset_consumes_1_never_scheduled', 'dataset_produces_1', 'consume_1_or_2_with_dataset_expressions', 'dataset_produces_2', 'conditional_dataset_and_time_based_timetable', 'consume_1_or_both_2_and_3_with_dataset_expressions' retrieved from /home/logi/txtai/venv/lib/python3.10/site-packages/airflow/example_dags/example_datasets.py
[2025-11-14T10:55:02.232+0530] {logging_mixin.py:188} INFO - [2025-11-14T10:55:02.231+0530] {dag.py:3089} INFO - Sync 10 DAGs
[2025-11-14T10:55:02.261+0530] {logging_mixin.py:188} INFO - [2025-11-14T10:55:02.261+0530] {dag.py:3947} INFO - Setting next_dagrun for conditional_dataset_and_time_based_timetable to 2025-11-12 01:00:00+00:00, run_after=2025-11-12 01:00:00+00:00
[2025-11-14T10:55:02.265+0530] {logging_mixin.py:188} INFO - [2025-11-14T10:55:02.265+0530] {dag.py:3947} INFO - Setting next_dagrun for consume_1_and_2_with_dataset_expressions to None, run_after=None
[2025-11-14T10:55:02.267+0530] {logging_mixin.py:188} INFO - [2025-11-14T10:55:02.266+0530] {dag.py:3947} INFO - Setting next_dagrun for consume_1_or_2_with_dataset_expressions to None, run_after=None
[2025-11-14T10:55:02.268+0530] {logging_mixin.py:188} INFO - [2025-11-14T10:55:02.268+0530] {dag.py:3947} INFO - Setting next_dagrun for consume_1_or_both_2_and_3_with_dataset_expressions to None, run_after=None
[2025-11-14T10:55:02.270+0530] {logging_mixin.py:188} INFO - [2025-11-14T10:55:02.270+0530] {dag.py:3947} INFO - Setting next_dagrun for dataset_consumes_1 to None, run_after=None
[2025-11-14T10:55:02.272+0530] {logging_mixin.py:188} INFO - [2025-11-14T10:55:02.271+0530] {dag.py:3947} INFO - Setting next_dagrun for dataset_consumes_1_and_2 to None, run_after=None
[2025-11-14T10:55:02.273+0530] {logging_mixin.py:188} INFO - [2025-11-14T10:55:02.273+0530] {dag.py:3947} INFO - Setting next_dagrun for dataset_consumes_1_never_scheduled to None, run_after=None
[2025-11-14T10:55:02.275+0530] {logging_mixin.py:188} INFO - [2025-11-14T10:55:02.275+0530] {dag.py:3947} INFO - Setting next_dagrun for dataset_consumes_unknown_never_scheduled to None, run_after=None
[2025-11-14T10:55:02.277+0530] {logging_mixin.py:188} INFO - [2025-11-14T10:55:02.277+0530] {dag.py:3947} INFO - Setting next_dagrun for dataset_produces_1 to 2025-11-13 00:00:00+00:00, run_after=2025-11-14 00:00:00+00:00
[2025-11-14T10:55:02.279+0530] {logging_mixin.py:188} INFO - [2025-11-14T10:55:02.279+0530] {dag.py:3947} INFO - Setting next_dagrun for dataset_produces_2 to None, run_after=None
[2025-11-14T10:55:02.349+0530] {processor.py:183} INFO - Processing /home/logi/txtai/venv/lib/python3.10/site-packages/airflow/example_dags/example_datasets.py took 0.243 seconds
[2025-11-14T10:55:32.428+0530] {processor.py:161} INFO - Started process (PID=9583) to work on /home/logi/txtai/venv/lib/python3.10/site-packages/airflow/example_dags/example_datasets.py
[2025-11-14T10:55:32.441+0530] {processor.py:830} INFO - Processing file /home/logi/txtai/venv/lib/python3.10/site-packages/airflow/example_dags/example_datasets.py for tasks to queue
[2025-11-14T10:55:32.447+0530] {logging_mixin.py:188} INFO - [2025-11-14T10:55:32.445+0530] {dagbag.py:545} INFO - Filling up the DagBag from /home/logi/txtai/venv/lib/python3.10/site-packages/airflow/example_dags/example_datasets.py
[2025-11-14T10:55:32.459+0530] {processor.py:840} INFO - DAG(s) 'dataset_consumes_1_never_scheduled', 'dataset_consumes_unknown_never_scheduled', 'consume_1_or_both_2_and_3_with_dataset_expressions', 'dataset_consumes_1', 'conditional_dataset_and_time_based_timetable', 'dataset_consumes_1_and_2', 'dataset_produces_2', 'dataset_produces_1', 'consume_1_or_2_with_dataset_expressions', 'consume_1_and_2_with_dataset_expressions' retrieved from /home/logi/txtai/venv/lib/python3.10/site-packages/airflow/example_dags/example_datasets.py
[2025-11-14T10:55:32.553+0530] {logging_mixin.py:188} INFO - [2025-11-14T10:55:32.552+0530] {dag.py:3089} INFO - Sync 10 DAGs
[2025-11-14T10:55:32.608+0530] {logging_mixin.py:188} INFO - [2025-11-14T10:55:32.607+0530] {dag.py:3947} INFO - Setting next_dagrun for conditional_dataset_and_time_based_timetable to 2025-11-12 01:00:00+00:00, run_after=2025-11-12 01:00:00+00:00
[2025-11-14T10:55:32.615+0530] {logging_mixin.py:188} INFO - [2025-11-14T10:55:32.614+0530] {dag.py:3947} INFO - Setting next_dagrun for consume_1_and_2_with_dataset_expressions to None, run_after=None
[2025-11-14T10:55:32.619+0530] {logging_mixin.py:188} INFO - [2025-11-14T10:55:32.618+0530] {dag.py:3947} INFO - Setting next_dagrun for consume_1_or_2_with_dataset_expressions to None, run_after=None
[2025-11-14T10:55:32.622+0530] {logging_mixin.py:188} INFO - [2025-11-14T10:55:32.621+0530] {dag.py:3947} INFO - Setting next_dagrun for consume_1_or_both_2_and_3_with_dataset_expressions to None, run_after=None
[2025-11-14T10:55:32.627+0530] {logging_mixin.py:188} INFO - [2025-11-14T10:55:32.626+0530] {dag.py:3947} INFO - Setting next_dagrun for dataset_consumes_1 to None, run_after=None
[2025-11-14T10:55:32.634+0530] {logging_mixin.py:188} INFO - [2025-11-14T10:55:32.633+0530] {dag.py:3947} INFO - Setting next_dagrun for dataset_consumes_1_and_2 to None, run_after=None
[2025-11-14T10:55:32.637+0530] {logging_mixin.py:188} INFO - [2025-11-14T10:55:32.637+0530] {dag.py:3947} INFO - Setting next_dagrun for dataset_consumes_1_never_scheduled to None, run_after=None
[2025-11-14T10:55:32.642+0530] {logging_mixin.py:188} INFO - [2025-11-14T10:55:32.641+0530] {dag.py:3947} INFO - Setting next_dagrun for dataset_consumes_unknown_never_scheduled to None, run_after=None
[2025-11-14T10:55:32.647+0530] {logging_mixin.py:188} INFO - [2025-11-14T10:55:32.647+0530] {dag.py:3947} INFO - Setting next_dagrun for dataset_produces_1 to 2025-11-13 00:00:00+00:00, run_after=2025-11-14 00:00:00+00:00
[2025-11-14T10:55:32.650+0530] {logging_mixin.py:188} INFO - [2025-11-14T10:55:32.649+0530] {dag.py:3947} INFO - Setting next_dagrun for dataset_produces_2 to None, run_after=None
[2025-11-14T10:55:32.756+0530] {processor.py:183} INFO - Processing /home/logi/txtai/venv/lib/python3.10/site-packages/airflow/example_dags/example_datasets.py took 0.334 seconds
[2025-11-14T10:56:03.065+0530] {processor.py:161} INFO - Started process (PID=9712) to work on /home/logi/txtai/venv/lib/python3.10/site-packages/airflow/example_dags/example_datasets.py
[2025-11-14T10:56:03.078+0530] {processor.py:830} INFO - Processing file /home/logi/txtai/venv/lib/python3.10/site-packages/airflow/example_dags/example_datasets.py for tasks to queue
[2025-11-14T10:56:03.081+0530] {logging_mixin.py:188} INFO - [2025-11-14T10:56:03.080+0530] {dagbag.py:545} INFO - Filling up the DagBag from /home/logi/txtai/venv/lib/python3.10/site-packages/airflow/example_dags/example_datasets.py
[2025-11-14T10:56:03.107+0530] {processor.py:840} INFO - DAG(s) 'dataset_consumes_1', 'dataset_consumes_1_and_2', 'dataset_consumes_1_never_scheduled', 'consume_1_or_both_2_and_3_with_dataset_expressions', 'dataset_consumes_unknown_never_scheduled', 'dataset_produces_1', 'dataset_produces_2', 'consume_1_or_2_with_dataset_expressions', 'conditional_dataset_and_time_based_timetable', 'consume_1_and_2_with_dataset_expressions' retrieved from /home/logi/txtai/venv/lib/python3.10/site-packages/airflow/example_dags/example_datasets.py
[2025-11-14T10:56:03.263+0530] {logging_mixin.py:188} INFO - [2025-11-14T10:56:03.263+0530] {dag.py:3089} INFO - Sync 10 DAGs
[2025-11-14T10:56:03.301+0530] {logging_mixin.py:188} INFO - [2025-11-14T10:56:03.300+0530] {dag.py:3947} INFO - Setting next_dagrun for conditional_dataset_and_time_based_timetable to 2025-11-12 01:00:00+00:00, run_after=2025-11-12 01:00:00+00:00
[2025-11-14T10:56:03.307+0530] {logging_mixin.py:188} INFO - [2025-11-14T10:56:03.306+0530] {dag.py:3947} INFO - Setting next_dagrun for consume_1_and_2_with_dataset_expressions to None, run_after=None
[2025-11-14T10:56:03.309+0530] {logging_mixin.py:188} INFO - [2025-11-14T10:56:03.308+0530] {dag.py:3947} INFO - Setting next_dagrun for consume_1_or_2_with_dataset_expressions to None, run_after=None
[2025-11-14T10:56:03.310+0530] {logging_mixin.py:188} INFO - [2025-11-14T10:56:03.310+0530] {dag.py:3947} INFO - Setting next_dagrun for consume_1_or_both_2_and_3_with_dataset_expressions to None, run_after=None
[2025-11-14T10:56:03.312+0530] {logging_mixin.py:188} INFO - [2025-11-14T10:56:03.312+0530] {dag.py:3947} INFO - Setting next_dagrun for dataset_consumes_1 to None, run_after=None
[2025-11-14T10:56:03.314+0530] {logging_mixin.py:188} INFO - [2025-11-14T10:56:03.313+0530] {dag.py:3947} INFO - Setting next_dagrun for dataset_consumes_1_and_2 to None, run_after=None
[2025-11-14T10:56:03.315+0530] {logging_mixin.py:188} INFO - [2025-11-14T10:56:03.315+0530] {dag.py:3947} INFO - Setting next_dagrun for dataset_consumes_1_never_scheduled to None, run_after=None
[2025-11-14T10:56:03.317+0530] {logging_mixin.py:188} INFO - [2025-11-14T10:56:03.316+0530] {dag.py:3947} INFO - Setting next_dagrun for dataset_consumes_unknown_never_scheduled to None, run_after=None
[2025-11-14T10:56:03.321+0530] {logging_mixin.py:188} INFO - [2025-11-14T10:56:03.321+0530] {dag.py:3947} INFO - Setting next_dagrun for dataset_produces_1 to 2025-11-13 00:00:00+00:00, run_after=2025-11-14 00:00:00+00:00
[2025-11-14T10:56:03.326+0530] {logging_mixin.py:188} INFO - [2025-11-14T10:56:03.325+0530] {dag.py:3947} INFO - Setting next_dagrun for dataset_produces_2 to None, run_after=None
[2025-11-14T10:56:03.412+0530] {processor.py:183} INFO - Processing /home/logi/txtai/venv/lib/python3.10/site-packages/airflow/example_dags/example_datasets.py took 0.364 seconds
[2025-11-14T10:56:33.537+0530] {processor.py:161} INFO - Started process (PID=9886) to work on /home/logi/txtai/venv/lib/python3.10/site-packages/airflow/example_dags/example_datasets.py
[2025-11-14T10:56:33.551+0530] {processor.py:830} INFO - Processing file /home/logi/txtai/venv/lib/python3.10/site-packages/airflow/example_dags/example_datasets.py for tasks to queue
[2025-11-14T10:56:33.554+0530] {logging_mixin.py:188} INFO - [2025-11-14T10:56:33.553+0530] {dagbag.py:545} INFO - Filling up the DagBag from /home/logi/txtai/venv/lib/python3.10/site-packages/airflow/example_dags/example_datasets.py
[2025-11-14T10:56:33.567+0530] {processor.py:840} INFO - DAG(s) 'consume_1_or_2_with_dataset_expressions', 'dataset_consumes_1_never_scheduled', 'conditional_dataset_and_time_based_timetable', 'consume_1_or_both_2_and_3_with_dataset_expressions', 'dataset_produces_1', 'dataset_consumes_1_and_2', 'dataset_consumes_1', 'dataset_produces_2', 'consume_1_and_2_with_dataset_expressions', 'dataset_consumes_unknown_never_scheduled' retrieved from /home/logi/txtai/venv/lib/python3.10/site-packages/airflow/example_dags/example_datasets.py
[2025-11-14T10:56:33.659+0530] {logging_mixin.py:188} INFO - [2025-11-14T10:56:33.658+0530] {dag.py:3089} INFO - Sync 10 DAGs
[2025-11-14T10:56:33.688+0530] {logging_mixin.py:188} INFO - [2025-11-14T10:56:33.687+0530] {dag.py:3947} INFO - Setting next_dagrun for conditional_dataset_and_time_based_timetable to 2025-11-12 01:00:00+00:00, run_after=2025-11-12 01:00:00+00:00
[2025-11-14T10:56:33.693+0530] {logging_mixin.py:188} INFO - [2025-11-14T10:56:33.692+0530] {dag.py:3947} INFO - Setting next_dagrun for consume_1_and_2_with_dataset_expressions to None, run_after=None
[2025-11-14T10:56:33.695+0530] {logging_mixin.py:188} INFO - [2025-11-14T10:56:33.694+0530] {dag.py:3947} INFO - Setting next_dagrun for consume_1_or_2_with_dataset_expressions to None, run_after=None
[2025-11-14T10:56:33.697+0530] {logging_mixin.py:188} INFO - [2025-11-14T10:56:33.696+0530] {dag.py:3947} INFO - Setting next_dagrun for consume_1_or_both_2_and_3_with_dataset_expressions to None, run_after=None
[2025-11-14T10:56:33.699+0530] {logging_mixin.py:188} INFO - [2025-11-14T10:56:33.699+0530] {dag.py:3947} INFO - Setting next_dagrun for dataset_consumes_1 to None, run_after=None
[2025-11-14T10:56:33.701+0530] {logging_mixin.py:188} INFO - [2025-11-14T10:56:33.701+0530] {dag.py:3947} INFO - Setting next_dagrun for dataset_consumes_1_and_2 to None, run_after=None
[2025-11-14T10:56:33.702+0530] {logging_mixin.py:188} INFO - [2025-11-14T10:56:33.702+0530] {dag.py:3947} INFO - Setting next_dagrun for dataset_consumes_1_never_scheduled to None, run_after=None
[2025-11-14T10:56:33.703+0530] {logging_mixin.py:188} INFO - [2025-11-14T10:56:33.703+0530] {dag.py:3947} INFO - Setting next_dagrun for dataset_consumes_unknown_never_scheduled to None, run_after=None
[2025-11-14T10:56:33.705+0530] {logging_mixin.py:188} INFO - [2025-11-14T10:56:33.705+0530] {dag.py:3947} INFO - Setting next_dagrun for dataset_produces_1 to 2025-11-13 00:00:00+00:00, run_after=2025-11-14 00:00:00+00:00
[2025-11-14T10:56:33.706+0530] {logging_mixin.py:188} INFO - [2025-11-14T10:56:33.706+0530] {dag.py:3947} INFO - Setting next_dagrun for dataset_produces_2 to None, run_after=None
[2025-11-14T10:56:33.760+0530] {processor.py:183} INFO - Processing /home/logi/txtai/venv/lib/python3.10/site-packages/airflow/example_dags/example_datasets.py took 0.233 seconds
[2025-11-14T10:57:03.820+0530] {processor.py:161} INFO - Started process (PID=10018) to work on /home/logi/txtai/venv/lib/python3.10/site-packages/airflow/example_dags/example_datasets.py
[2025-11-14T10:57:03.833+0530] {processor.py:830} INFO - Processing file /home/logi/txtai/venv/lib/python3.10/site-packages/airflow/example_dags/example_datasets.py for tasks to queue
[2025-11-14T10:57:03.838+0530] {logging_mixin.py:188} INFO - [2025-11-14T10:57:03.837+0530] {dagbag.py:545} INFO - Filling up the DagBag from /home/logi/txtai/venv/lib/python3.10/site-packages/airflow/example_dags/example_datasets.py
[2025-11-14T10:57:03.849+0530] {processor.py:840} INFO - DAG(s) 'consume_1_or_both_2_and_3_with_dataset_expressions', 'dataset_consumes_1', 'consume_1_and_2_with_dataset_expressions', 'dataset_produces_2', 'conditional_dataset_and_time_based_timetable', 'dataset_produces_1', 'consume_1_or_2_with_dataset_expressions', 'dataset_consumes_unknown_never_scheduled', 'dataset_consumes_1_never_scheduled', 'dataset_consumes_1_and_2' retrieved from /home/logi/txtai/venv/lib/python3.10/site-packages/airflow/example_dags/example_datasets.py
[2025-11-14T10:57:03.937+0530] {logging_mixin.py:188} INFO - [2025-11-14T10:57:03.936+0530] {dag.py:3089} INFO - Sync 10 DAGs
[2025-11-14T10:57:03.973+0530] {logging_mixin.py:188} INFO - [2025-11-14T10:57:03.973+0530] {dag.py:3947} INFO - Setting next_dagrun for conditional_dataset_and_time_based_timetable to 2025-11-12 01:00:00+00:00, run_after=2025-11-12 01:00:00+00:00
[2025-11-14T10:57:03.977+0530] {logging_mixin.py:188} INFO - [2025-11-14T10:57:03.977+0530] {dag.py:3947} INFO - Setting next_dagrun for consume_1_and_2_with_dataset_expressions to None, run_after=None
[2025-11-14T10:57:03.982+0530] {logging_mixin.py:188} INFO - [2025-11-14T10:57:03.982+0530] {dag.py:3947} INFO - Setting next_dagrun for consume_1_or_2_with_dataset_expressions to None, run_after=None
[2025-11-14T10:57:03.987+0530] {logging_mixin.py:188} INFO - [2025-11-14T10:57:03.987+0530] {dag.py:3947} INFO - Setting next_dagrun for consume_1_or_both_2_and_3_with_dataset_expressions to None, run_after=None
[2025-11-14T10:57:03.992+0530] {logging_mixin.py:188} INFO - [2025-11-14T10:57:03.991+0530] {dag.py:3947} INFO - Setting next_dagrun for dataset_consumes_1 to None, run_after=None
[2025-11-14T10:57:03.996+0530] {logging_mixin.py:188} INFO - [2025-11-14T10:57:03.995+0530] {dag.py:3947} INFO - Setting next_dagrun for dataset_consumes_1_and_2 to None, run_after=None
[2025-11-14T10:57:03.998+0530] {logging_mixin.py:188} INFO - [2025-11-14T10:57:03.997+0530] {dag.py:3947} INFO - Setting next_dagrun for dataset_consumes_1_never_scheduled to None, run_after=None
[2025-11-14T10:57:03.999+0530] {logging_mixin.py:188} INFO - [2025-11-14T10:57:03.999+0530] {dag.py:3947} INFO - Setting next_dagrun for dataset_consumes_unknown_never_scheduled to None, run_after=None
[2025-11-14T10:57:04.001+0530] {logging_mixin.py:188} INFO - [2025-11-14T10:57:04.001+0530] {dag.py:3947} INFO - Setting next_dagrun for dataset_produces_1 to 2025-11-13 00:00:00+00:00, run_after=2025-11-14 00:00:00+00:00
[2025-11-14T10:57:04.003+0530] {logging_mixin.py:188} INFO - [2025-11-14T10:57:04.003+0530] {dag.py:3947} INFO - Setting next_dagrun for dataset_produces_2 to None, run_after=None
[2025-11-14T10:57:04.044+0530] {processor.py:183} INFO - Processing /home/logi/txtai/venv/lib/python3.10/site-packages/airflow/example_dags/example_datasets.py took 0.236 seconds
[2025-11-14T10:57:34.214+0530] {processor.py:161} INFO - Started process (PID=10149) to work on /home/logi/txtai/venv/lib/python3.10/site-packages/airflow/example_dags/example_datasets.py
[2025-11-14T10:57:34.216+0530] {processor.py:830} INFO - Processing file /home/logi/txtai/venv/lib/python3.10/site-packages/airflow/example_dags/example_datasets.py for tasks to queue
[2025-11-14T10:57:34.218+0530] {logging_mixin.py:188} INFO - [2025-11-14T10:57:34.218+0530] {dagbag.py:545} INFO - Filling up the DagBag from /home/logi/txtai/venv/lib/python3.10/site-packages/airflow/example_dags/example_datasets.py
[2025-11-14T10:57:34.243+0530] {processor.py:840} INFO - DAG(s) 'consume_1_or_both_2_and_3_with_dataset_expressions', 'dataset_consumes_1_never_scheduled', 'dataset_consumes_unknown_never_scheduled', 'dataset_consumes_1_and_2', 'dataset_produces_1', 'consume_1_or_2_with_dataset_expressions', 'dataset_produces_2', 'consume_1_and_2_with_dataset_expressions', 'conditional_dataset_and_time_based_timetable', 'dataset_consumes_1' retrieved from /home/logi/txtai/venv/lib/python3.10/site-packages/airflow/example_dags/example_datasets.py
[2025-11-14T10:57:34.375+0530] {logging_mixin.py:188} INFO - [2025-11-14T10:57:34.374+0530] {dag.py:3089} INFO - Sync 10 DAGs
[2025-11-14T10:57:34.434+0530] {logging_mixin.py:188} INFO - [2025-11-14T10:57:34.434+0530] {dag.py:3947} INFO - Setting next_dagrun for conditional_dataset_and_time_based_timetable to 2025-11-12 01:00:00+00:00, run_after=2025-11-12 01:00:00+00:00
[2025-11-14T10:57:34.445+0530] {logging_mixin.py:188} INFO - [2025-11-14T10:57:34.444+0530] {dag.py:3947} INFO - Setting next_dagrun for consume_1_and_2_with_dataset_expressions to None, run_after=None
[2025-11-14T10:57:34.449+0530] {logging_mixin.py:188} INFO - [2025-11-14T10:57:34.448+0530] {dag.py:3947} INFO - Setting next_dagrun for consume_1_or_2_with_dataset_expressions to None, run_after=None
[2025-11-14T10:57:34.451+0530] {logging_mixin.py:188} INFO - [2025-11-14T10:57:34.451+0530] {dag.py:3947} INFO - Setting next_dagrun for consume_1_or_both_2_and_3_with_dataset_expressions to None, run_after=None
[2025-11-14T10:57:34.454+0530] {logging_mixin.py:188} INFO - [2025-11-14T10:57:34.454+0530] {dag.py:3947} INFO - Setting next_dagrun for dataset_consumes_1 to None, run_after=None
[2025-11-14T10:57:34.457+0530] {logging_mixin.py:188} INFO - [2025-11-14T10:57:34.457+0530] {dag.py:3947} INFO - Setting next_dagrun for dataset_consumes_1_and_2 to None, run_after=None
[2025-11-14T10:57:34.460+0530] {logging_mixin.py:188} INFO - [2025-11-14T10:57:34.459+0530] {dag.py:3947} INFO - Setting next_dagrun for dataset_consumes_1_never_scheduled to None, run_after=None
[2025-11-14T10:57:34.462+0530] {logging_mixin.py:188} INFO - [2025-11-14T10:57:34.462+0530] {dag.py:3947} INFO - Setting next_dagrun for dataset_consumes_unknown_never_scheduled to None, run_after=None
[2025-11-14T10:57:34.468+0530] {logging_mixin.py:188} INFO - [2025-11-14T10:57:34.467+0530] {dag.py:3947} INFO - Setting next_dagrun for dataset_produces_1 to 2025-11-13 00:00:00+00:00, run_after=2025-11-14 00:00:00+00:00
[2025-11-14T10:57:34.470+0530] {logging_mixin.py:188} INFO - [2025-11-14T10:57:34.470+0530] {dag.py:3947} INFO - Setting next_dagrun for dataset_produces_2 to None, run_after=None
[2025-11-14T10:57:34.550+0530] {processor.py:183} INFO - Processing /home/logi/txtai/venv/lib/python3.10/site-packages/airflow/example_dags/example_datasets.py took 0.346 seconds
[2025-11-14T10:58:04.867+0530] {processor.py:161} INFO - Started process (PID=10280) to work on /home/logi/txtai/venv/lib/python3.10/site-packages/airflow/example_dags/example_datasets.py
[2025-11-14T10:58:04.879+0530] {processor.py:830} INFO - Processing file /home/logi/txtai/venv/lib/python3.10/site-packages/airflow/example_dags/example_datasets.py for tasks to queue
[2025-11-14T10:58:04.882+0530] {logging_mixin.py:188} INFO - [2025-11-14T10:58:04.882+0530] {dagbag.py:545} INFO - Filling up the DagBag from /home/logi/txtai/venv/lib/python3.10/site-packages/airflow/example_dags/example_datasets.py
[2025-11-14T10:58:04.896+0530] {processor.py:840} INFO - DAG(s) 'dataset_produces_2', 'conditional_dataset_and_time_based_timetable', 'consume_1_or_2_with_dataset_expressions', 'dataset_consumes_unknown_never_scheduled', 'dataset_consumes_1', 'dataset_produces_1', 'dataset_consumes_1_and_2', 'consume_1_and_2_with_dataset_expressions', 'consume_1_or_both_2_and_3_with_dataset_expressions', 'dataset_consumes_1_never_scheduled' retrieved from /home/logi/txtai/venv/lib/python3.10/site-packages/airflow/example_dags/example_datasets.py
[2025-11-14T10:58:04.975+0530] {logging_mixin.py:188} INFO - [2025-11-14T10:58:04.975+0530] {dag.py:3089} INFO - Sync 10 DAGs
[2025-11-14T10:58:05.001+0530] {logging_mixin.py:188} INFO - [2025-11-14T10:58:05.000+0530] {dag.py:3947} INFO - Setting next_dagrun for conditional_dataset_and_time_based_timetable to 2025-11-12 01:00:00+00:00, run_after=2025-11-12 01:00:00+00:00
[2025-11-14T10:58:05.006+0530] {logging_mixin.py:188} INFO - [2025-11-14T10:58:05.005+0530] {dag.py:3947} INFO - Setting next_dagrun for consume_1_and_2_with_dataset_expressions to None, run_after=None
[2025-11-14T10:58:05.008+0530] {logging_mixin.py:188} INFO - [2025-11-14T10:58:05.008+0530] {dag.py:3947} INFO - Setting next_dagrun for consume_1_or_2_with_dataset_expressions to None, run_after=None
[2025-11-14T10:58:05.010+0530] {logging_mixin.py:188} INFO - [2025-11-14T10:58:05.010+0530] {dag.py:3947} INFO - Setting next_dagrun for consume_1_or_both_2_and_3_with_dataset_expressions to None, run_after=None
[2025-11-14T10:58:05.012+0530] {logging_mixin.py:188} INFO - [2025-11-14T10:58:05.012+0530] {dag.py:3947} INFO - Setting next_dagrun for dataset_consumes_1 to None, run_after=None
[2025-11-14T10:58:05.014+0530] {logging_mixin.py:188} INFO - [2025-11-14T10:58:05.014+0530] {dag.py:3947} INFO - Setting next_dagrun for dataset_consumes_1_and_2 to None, run_after=None
[2025-11-14T10:58:05.016+0530] {logging_mixin.py:188} INFO - [2025-11-14T10:58:05.015+0530] {dag.py:3947} INFO - Setting next_dagrun for dataset_consumes_1_never_scheduled to None, run_after=None
[2025-11-14T10:58:05.018+0530] {logging_mixin.py:188} INFO - [2025-11-14T10:58:05.017+0530] {dag.py:3947} INFO - Setting next_dagrun for dataset_consumes_unknown_never_scheduled to None, run_after=None
[2025-11-14T10:58:05.020+0530] {logging_mixin.py:188} INFO - [2025-11-14T10:58:05.020+0530] {dag.py:3947} INFO - Setting next_dagrun for dataset_produces_1 to 2025-11-13 00:00:00+00:00, run_after=2025-11-14 00:00:00+00:00
[2025-11-14T10:58:05.022+0530] {logging_mixin.py:188} INFO - [2025-11-14T10:58:05.022+0530] {dag.py:3947} INFO - Setting next_dagrun for dataset_produces_2 to None, run_after=None
[2025-11-14T10:58:05.066+0530] {processor.py:183} INFO - Processing /home/logi/txtai/venv/lib/python3.10/site-packages/airflow/example_dags/example_datasets.py took 0.211 seconds
[2025-11-14T10:58:35.208+0530] {processor.py:161} INFO - Started process (PID=10409) to work on /home/logi/txtai/venv/lib/python3.10/site-packages/airflow/example_dags/example_datasets.py
[2025-11-14T10:58:35.222+0530] {processor.py:830} INFO - Processing file /home/logi/txtai/venv/lib/python3.10/site-packages/airflow/example_dags/example_datasets.py for tasks to queue
[2025-11-14T10:58:35.225+0530] {logging_mixin.py:188} INFO - [2025-11-14T10:58:35.225+0530] {dagbag.py:545} INFO - Filling up the DagBag from /home/logi/txtai/venv/lib/python3.10/site-packages/airflow/example_dags/example_datasets.py
[2025-11-14T10:58:35.248+0530] {processor.py:840} INFO - DAG(s) 'dataset_consumes_unknown_never_scheduled', 'dataset_consumes_1', 'dataset_consumes_1_never_scheduled', 'consume_1_or_both_2_and_3_with_dataset_expressions', 'consume_1_or_2_with_dataset_expressions', 'dataset_produces_1', 'dataset_produces_2', 'consume_1_and_2_with_dataset_expressions', 'conditional_dataset_and_time_based_timetable', 'dataset_consumes_1_and_2' retrieved from /home/logi/txtai/venv/lib/python3.10/site-packages/airflow/example_dags/example_datasets.py
[2025-11-14T10:58:35.371+0530] {logging_mixin.py:188} INFO - [2025-11-14T10:58:35.370+0530] {dag.py:3089} INFO - Sync 10 DAGs
[2025-11-14T10:58:35.423+0530] {logging_mixin.py:188} INFO - [2025-11-14T10:58:35.423+0530] {dag.py:3947} INFO - Setting next_dagrun for conditional_dataset_and_time_based_timetable to 2025-11-12 01:00:00+00:00, run_after=2025-11-12 01:00:00+00:00
[2025-11-14T10:58:35.433+0530] {logging_mixin.py:188} INFO - [2025-11-14T10:58:35.433+0530] {dag.py:3947} INFO - Setting next_dagrun for consume_1_and_2_with_dataset_expressions to None, run_after=None
[2025-11-14T10:58:35.436+0530] {logging_mixin.py:188} INFO - [2025-11-14T10:58:35.436+0530] {dag.py:3947} INFO - Setting next_dagrun for consume_1_or_2_with_dataset_expressions to None, run_after=None
[2025-11-14T10:58:35.439+0530] {logging_mixin.py:188} INFO - [2025-11-14T10:58:35.438+0530] {dag.py:3947} INFO - Setting next_dagrun for consume_1_or_both_2_and_3_with_dataset_expressions to None, run_after=None
[2025-11-14T10:58:35.442+0530] {logging_mixin.py:188} INFO - [2025-11-14T10:58:35.441+0530] {dag.py:3947} INFO - Setting next_dagrun for dataset_consumes_1 to None, run_after=None
[2025-11-14T10:58:35.445+0530] {logging_mixin.py:188} INFO - [2025-11-14T10:58:35.444+0530] {dag.py:3947} INFO - Setting next_dagrun for dataset_consumes_1_and_2 to None, run_after=None
[2025-11-14T10:58:35.448+0530] {logging_mixin.py:188} INFO - [2025-11-14T10:58:35.447+0530] {dag.py:3947} INFO - Setting next_dagrun for dataset_consumes_1_never_scheduled to None, run_after=None
[2025-11-14T10:58:35.450+0530] {logging_mixin.py:188} INFO - [2025-11-14T10:58:35.450+0530] {dag.py:3947} INFO - Setting next_dagrun for dataset_consumes_unknown_never_scheduled to None, run_after=None
[2025-11-14T10:58:35.456+0530] {logging_mixin.py:188} INFO - [2025-11-14T10:58:35.455+0530] {dag.py:3947} INFO - Setting next_dagrun for dataset_produces_1 to 2025-11-13 00:00:00+00:00, run_after=2025-11-14 00:00:00+00:00
[2025-11-14T10:58:35.459+0530] {logging_mixin.py:188} INFO - [2025-11-14T10:58:35.459+0530] {dag.py:3947} INFO - Setting next_dagrun for dataset_produces_2 to None, run_after=None
[2025-11-14T10:58:35.537+0530] {processor.py:183} INFO - Processing /home/logi/txtai/venv/lib/python3.10/site-packages/airflow/example_dags/example_datasets.py took 0.341 seconds
[2025-11-14T10:59:05.760+0530] {processor.py:161} INFO - Started process (PID=10568) to work on /home/logi/txtai/venv/lib/python3.10/site-packages/airflow/example_dags/example_datasets.py
[2025-11-14T10:59:05.774+0530] {processor.py:830} INFO - Processing file /home/logi/txtai/venv/lib/python3.10/site-packages/airflow/example_dags/example_datasets.py for tasks to queue
[2025-11-14T10:59:05.777+0530] {logging_mixin.py:188} INFO - [2025-11-14T10:59:05.777+0530] {dagbag.py:545} INFO - Filling up the DagBag from /home/logi/txtai/venv/lib/python3.10/site-packages/airflow/example_dags/example_datasets.py
[2025-11-14T10:59:05.802+0530] {processor.py:840} INFO - DAG(s) 'dataset_consumes_1_and_2', 'dataset_produces_2', 'consume_1_or_both_2_and_3_with_dataset_expressions', 'dataset_consumes_unknown_never_scheduled', 'consume_1_or_2_with_dataset_expressions', 'conditional_dataset_and_time_based_timetable', 'dataset_produces_1', 'dataset_consumes_1_never_scheduled', 'dataset_consumes_1', 'consume_1_and_2_with_dataset_expressions' retrieved from /home/logi/txtai/venv/lib/python3.10/site-packages/airflow/example_dags/example_datasets.py
[2025-11-14T10:59:05.932+0530] {logging_mixin.py:188} INFO - [2025-11-14T10:59:05.932+0530] {dag.py:3089} INFO - Sync 10 DAGs
[2025-11-14T10:59:05.987+0530] {logging_mixin.py:188} INFO - [2025-11-14T10:59:05.986+0530] {dag.py:3947} INFO - Setting next_dagrun for conditional_dataset_and_time_based_timetable to 2025-11-12 01:00:00+00:00, run_after=2025-11-12 01:00:00+00:00
[2025-11-14T10:59:05.996+0530] {logging_mixin.py:188} INFO - [2025-11-14T10:59:05.995+0530] {dag.py:3947} INFO - Setting next_dagrun for consume_1_and_2_with_dataset_expressions to None, run_after=None
[2025-11-14T10:59:05.999+0530] {logging_mixin.py:188} INFO - [2025-11-14T10:59:05.998+0530] {dag.py:3947} INFO - Setting next_dagrun for consume_1_or_2_with_dataset_expressions to None, run_after=None
[2025-11-14T10:59:06.001+0530] {logging_mixin.py:188} INFO - [2025-11-14T10:59:06.001+0530] {dag.py:3947} INFO - Setting next_dagrun for consume_1_or_both_2_and_3_with_dataset_expressions to None, run_after=None
[2025-11-14T10:59:06.005+0530] {logging_mixin.py:188} INFO - [2025-11-14T10:59:06.004+0530] {dag.py:3947} INFO - Setting next_dagrun for dataset_consumes_1 to None, run_after=None
[2025-11-14T10:59:06.012+0530] {logging_mixin.py:188} INFO - [2025-11-14T10:59:06.011+0530] {dag.py:3947} INFO - Setting next_dagrun for dataset_consumes_1_and_2 to None, run_after=None
[2025-11-14T10:59:06.016+0530] {logging_mixin.py:188} INFO - [2025-11-14T10:59:06.016+0530] {dag.py:3947} INFO - Setting next_dagrun for dataset_consumes_1_never_scheduled to None, run_after=None
[2025-11-14T10:59:06.019+0530] {logging_mixin.py:188} INFO - [2025-11-14T10:59:06.019+0530] {dag.py:3947} INFO - Setting next_dagrun for dataset_consumes_unknown_never_scheduled to None, run_after=None
[2025-11-14T10:59:06.024+0530] {logging_mixin.py:188} INFO - [2025-11-14T10:59:06.024+0530] {dag.py:3947} INFO - Setting next_dagrun for dataset_produces_1 to 2025-11-13 00:00:00+00:00, run_after=2025-11-14 00:00:00+00:00
[2025-11-14T10:59:06.027+0530] {logging_mixin.py:188} INFO - [2025-11-14T10:59:06.026+0530] {dag.py:3947} INFO - Setting next_dagrun for dataset_produces_2 to None, run_after=None
[2025-11-14T10:59:06.110+0530] {processor.py:183} INFO - Processing /home/logi/txtai/venv/lib/python3.10/site-packages/airflow/example_dags/example_datasets.py took 0.364 seconds
[2025-11-14T10:59:36.724+0530] {processor.py:161} INFO - Started process (PID=10697) to work on /home/logi/txtai/venv/lib/python3.10/site-packages/airflow/example_dags/example_datasets.py
[2025-11-14T10:59:36.738+0530] {processor.py:830} INFO - Processing file /home/logi/txtai/venv/lib/python3.10/site-packages/airflow/example_dags/example_datasets.py for tasks to queue
[2025-11-14T10:59:36.741+0530] {logging_mixin.py:188} INFO - [2025-11-14T10:59:36.741+0530] {dagbag.py:545} INFO - Filling up the DagBag from /home/logi/txtai/venv/lib/python3.10/site-packages/airflow/example_dags/example_datasets.py
[2025-11-14T10:59:36.766+0530] {processor.py:840} INFO - DAG(s) 'dataset_consumes_1_never_scheduled', 'consume_1_and_2_with_dataset_expressions', 'consume_1_or_both_2_and_3_with_dataset_expressions', 'dataset_consumes_1_and_2', 'conditional_dataset_and_time_based_timetable', 'dataset_consumes_1', 'dataset_produces_2', 'consume_1_or_2_with_dataset_expressions', 'dataset_produces_1', 'dataset_consumes_unknown_never_scheduled' retrieved from /home/logi/txtai/venv/lib/python3.10/site-packages/airflow/example_dags/example_datasets.py
[2025-11-14T10:59:36.897+0530] {logging_mixin.py:188} INFO - [2025-11-14T10:59:36.896+0530] {dag.py:3089} INFO - Sync 10 DAGs
[2025-11-14T10:59:36.955+0530] {logging_mixin.py:188} INFO - [2025-11-14T10:59:36.955+0530] {dag.py:3947} INFO - Setting next_dagrun for conditional_dataset_and_time_based_timetable to 2025-11-12 01:00:00+00:00, run_after=2025-11-12 01:00:00+00:00
[2025-11-14T10:59:36.962+0530] {logging_mixin.py:188} INFO - [2025-11-14T10:59:36.962+0530] {dag.py:3947} INFO - Setting next_dagrun for consume_1_and_2_with_dataset_expressions to None, run_after=None
[2025-11-14T10:59:36.965+0530] {logging_mixin.py:188} INFO - [2025-11-14T10:59:36.965+0530] {dag.py:3947} INFO - Setting next_dagrun for consume_1_or_2_with_dataset_expressions to None, run_after=None
[2025-11-14T10:59:36.968+0530] {logging_mixin.py:188} INFO - [2025-11-14T10:59:36.968+0530] {dag.py:3947} INFO - Setting next_dagrun for consume_1_or_both_2_and_3_with_dataset_expressions to None, run_after=None
[2025-11-14T10:59:36.971+0530] {logging_mixin.py:188} INFO - [2025-11-14T10:59:36.970+0530] {dag.py:3947} INFO - Setting next_dagrun for dataset_consumes_1 to None, run_after=None
[2025-11-14T10:59:36.973+0530] {logging_mixin.py:188} INFO - [2025-11-14T10:59:36.973+0530] {dag.py:3947} INFO - Setting next_dagrun for dataset_consumes_1_and_2 to None, run_after=None
[2025-11-14T10:59:36.976+0530] {logging_mixin.py:188} INFO - [2025-11-14T10:59:36.976+0530] {dag.py:3947} INFO - Setting next_dagrun for dataset_consumes_1_never_scheduled to None, run_after=None
[2025-11-14T10:59:36.979+0530] {logging_mixin.py:188} INFO - [2025-11-14T10:59:36.978+0530] {dag.py:3947} INFO - Setting next_dagrun for dataset_consumes_unknown_never_scheduled to None, run_after=None
[2025-11-14T10:59:36.988+0530] {logging_mixin.py:188} INFO - [2025-11-14T10:59:36.987+0530] {dag.py:3947} INFO - Setting next_dagrun for dataset_produces_1 to 2025-11-13 00:00:00+00:00, run_after=2025-11-14 00:00:00+00:00
[2025-11-14T10:59:36.992+0530] {logging_mixin.py:188} INFO - [2025-11-14T10:59:36.992+0530] {dag.py:3947} INFO - Setting next_dagrun for dataset_produces_2 to None, run_after=None
[2025-11-14T10:59:37.072+0530] {processor.py:183} INFO - Processing /home/logi/txtai/venv/lib/python3.10/site-packages/airflow/example_dags/example_datasets.py took 0.360 seconds
[2025-11-14T11:00:07.317+0530] {processor.py:161} INFO - Started process (PID=10826) to work on /home/logi/txtai/venv/lib/python3.10/site-packages/airflow/example_dags/example_datasets.py
[2025-11-14T11:00:07.319+0530] {processor.py:830} INFO - Processing file /home/logi/txtai/venv/lib/python3.10/site-packages/airflow/example_dags/example_datasets.py for tasks to queue
[2025-11-14T11:00:07.320+0530] {logging_mixin.py:188} INFO - [2025-11-14T11:00:07.320+0530] {dagbag.py:545} INFO - Filling up the DagBag from /home/logi/txtai/venv/lib/python3.10/site-packages/airflow/example_dags/example_datasets.py
[2025-11-14T11:00:07.332+0530] {processor.py:840} INFO - DAG(s) 'consume_1_or_2_with_dataset_expressions', 'dataset_consumes_1_never_scheduled', 'dataset_produces_1', 'dataset_consumes_1', 'dataset_consumes_unknown_never_scheduled', 'conditional_dataset_and_time_based_timetable', 'dataset_consumes_1_and_2', 'dataset_produces_2', 'consume_1_and_2_with_dataset_expressions', 'consume_1_or_both_2_and_3_with_dataset_expressions' retrieved from /home/logi/txtai/venv/lib/python3.10/site-packages/airflow/example_dags/example_datasets.py
[2025-11-14T11:00:07.403+0530] {logging_mixin.py:188} INFO - [2025-11-14T11:00:07.403+0530] {dag.py:3089} INFO - Sync 10 DAGs
[2025-11-14T11:00:07.435+0530] {logging_mixin.py:188} INFO - [2025-11-14T11:00:07.434+0530] {dag.py:3947} INFO - Setting next_dagrun for conditional_dataset_and_time_based_timetable to 2025-11-12 01:00:00+00:00, run_after=2025-11-12 01:00:00+00:00
[2025-11-14T11:00:07.438+0530] {logging_mixin.py:188} INFO - [2025-11-14T11:00:07.438+0530] {dag.py:3947} INFO - Setting next_dagrun for consume_1_and_2_with_dataset_expressions to None, run_after=None
[2025-11-14T11:00:07.440+0530] {logging_mixin.py:188} INFO - [2025-11-14T11:00:07.440+0530] {dag.py:3947} INFO - Setting next_dagrun for consume_1_or_2_with_dataset_expressions to None, run_after=None
[2025-11-14T11:00:07.441+0530] {logging_mixin.py:188} INFO - [2025-11-14T11:00:07.441+0530] {dag.py:3947} INFO - Setting next_dagrun for consume_1_or_both_2_and_3_with_dataset_expressions to None, run_after=None
[2025-11-14T11:00:07.443+0530] {logging_mixin.py:188} INFO - [2025-11-14T11:00:07.443+0530] {dag.py:3947} INFO - Setting next_dagrun for dataset_consumes_1 to None, run_after=None
[2025-11-14T11:00:07.445+0530] {logging_mixin.py:188} INFO - [2025-11-14T11:00:07.445+0530] {dag.py:3947} INFO - Setting next_dagrun for dataset_consumes_1_and_2 to None, run_after=None
[2025-11-14T11:00:07.447+0530] {logging_mixin.py:188} INFO - [2025-11-14T11:00:07.447+0530] {dag.py:3947} INFO - Setting next_dagrun for dataset_consumes_1_never_scheduled to None, run_after=None
[2025-11-14T11:00:07.449+0530] {logging_mixin.py:188} INFO - [2025-11-14T11:00:07.449+0530] {dag.py:3947} INFO - Setting next_dagrun for dataset_consumes_unknown_never_scheduled to None, run_after=None
[2025-11-14T11:00:07.451+0530] {logging_mixin.py:188} INFO - [2025-11-14T11:00:07.451+0530] {dag.py:3947} INFO - Setting next_dagrun for dataset_produces_1 to 2025-11-13 00:00:00+00:00, run_after=2025-11-14 00:00:00+00:00
[2025-11-14T11:00:07.456+0530] {logging_mixin.py:188} INFO - [2025-11-14T11:00:07.455+0530] {dag.py:3947} INFO - Setting next_dagrun for dataset_produces_2 to None, run_after=None
[2025-11-14T11:00:07.501+0530] {processor.py:183} INFO - Processing /home/logi/txtai/venv/lib/python3.10/site-packages/airflow/example_dags/example_datasets.py took 0.196 seconds
[2025-11-14T11:00:37.647+0530] {processor.py:161} INFO - Started process (PID=10956) to work on /home/logi/txtai/venv/lib/python3.10/site-packages/airflow/example_dags/example_datasets.py
[2025-11-14T11:00:37.649+0530] {processor.py:830} INFO - Processing file /home/logi/txtai/venv/lib/python3.10/site-packages/airflow/example_dags/example_datasets.py for tasks to queue
[2025-11-14T11:00:37.652+0530] {logging_mixin.py:188} INFO - [2025-11-14T11:00:37.652+0530] {dagbag.py:545} INFO - Filling up the DagBag from /home/logi/txtai/venv/lib/python3.10/site-packages/airflow/example_dags/example_datasets.py
[2025-11-14T11:00:37.673+0530] {processor.py:840} INFO - DAG(s) 'dataset_consumes_unknown_never_scheduled', 'dataset_consumes_1_and_2', 'dataset_produces_1', 'dataset_produces_2', 'conditional_dataset_and_time_based_timetable', 'consume_1_or_2_with_dataset_expressions', 'dataset_consumes_1_never_scheduled', 'consume_1_or_both_2_and_3_with_dataset_expressions', 'consume_1_and_2_with_dataset_expressions', 'dataset_consumes_1' retrieved from /home/logi/txtai/venv/lib/python3.10/site-packages/airflow/example_dags/example_datasets.py
[2025-11-14T11:00:37.748+0530] {logging_mixin.py:188} INFO - [2025-11-14T11:00:37.748+0530] {dag.py:3089} INFO - Sync 10 DAGs
[2025-11-14T11:00:37.777+0530] {logging_mixin.py:188} INFO - [2025-11-14T11:00:37.776+0530] {dag.py:3947} INFO - Setting next_dagrun for conditional_dataset_and_time_based_timetable to 2025-11-12 01:00:00+00:00, run_after=2025-11-12 01:00:00+00:00
[2025-11-14T11:00:37.780+0530] {logging_mixin.py:188} INFO - [2025-11-14T11:00:37.780+0530] {dag.py:3947} INFO - Setting next_dagrun for consume_1_and_2_with_dataset_expressions to None, run_after=None
[2025-11-14T11:00:37.782+0530] {logging_mixin.py:188} INFO - [2025-11-14T11:00:37.781+0530] {dag.py:3947} INFO - Setting next_dagrun for consume_1_or_2_with_dataset_expressions to None, run_after=None
[2025-11-14T11:00:37.783+0530] {logging_mixin.py:188} INFO - [2025-11-14T11:00:37.783+0530] {dag.py:3947} INFO - Setting next_dagrun for consume_1_or_both_2_and_3_with_dataset_expressions to None, run_after=None
[2025-11-14T11:00:37.785+0530] {logging_mixin.py:188} INFO - [2025-11-14T11:00:37.784+0530] {dag.py:3947} INFO - Setting next_dagrun for dataset_consumes_1 to None, run_after=None
[2025-11-14T11:00:37.786+0530] {logging_mixin.py:188} INFO - [2025-11-14T11:00:37.786+0530] {dag.py:3947} INFO - Setting next_dagrun for dataset_consumes_1_and_2 to None, run_after=None
[2025-11-14T11:00:37.787+0530] {logging_mixin.py:188} INFO - [2025-11-14T11:00:37.787+0530] {dag.py:3947} INFO - Setting next_dagrun for dataset_consumes_1_never_scheduled to None, run_after=None
[2025-11-14T11:00:37.789+0530] {logging_mixin.py:188} INFO - [2025-11-14T11:00:37.789+0530] {dag.py:3947} INFO - Setting next_dagrun for dataset_consumes_unknown_never_scheduled to None, run_after=None
[2025-11-14T11:00:37.791+0530] {logging_mixin.py:188} INFO - [2025-11-14T11:00:37.791+0530] {dag.py:3947} INFO - Setting next_dagrun for dataset_produces_1 to 2025-11-13 00:00:00+00:00, run_after=2025-11-14 00:00:00+00:00
[2025-11-14T11:00:37.793+0530] {logging_mixin.py:188} INFO - [2025-11-14T11:00:37.792+0530] {dag.py:3947} INFO - Setting next_dagrun for dataset_produces_2 to None, run_after=None
[2025-11-14T11:00:37.844+0530] {processor.py:183} INFO - Processing /home/logi/txtai/venv/lib/python3.10/site-packages/airflow/example_dags/example_datasets.py took 0.207 seconds
[2025-11-14T11:01:08.189+0530] {processor.py:161} INFO - Started process (PID=11085) to work on /home/logi/txtai/venv/lib/python3.10/site-packages/airflow/example_dags/example_datasets.py
[2025-11-14T11:01:08.199+0530] {processor.py:830} INFO - Processing file /home/logi/txtai/venv/lib/python3.10/site-packages/airflow/example_dags/example_datasets.py for tasks to queue
[2025-11-14T11:01:08.202+0530] {logging_mixin.py:188} INFO - [2025-11-14T11:01:08.202+0530] {dagbag.py:545} INFO - Filling up the DagBag from /home/logi/txtai/venv/lib/python3.10/site-packages/airflow/example_dags/example_datasets.py
[2025-11-14T11:01:08.227+0530] {processor.py:840} INFO - DAG(s) 'consume_1_or_both_2_and_3_with_dataset_expressions', 'consume_1_and_2_with_dataset_expressions', 'dataset_consumes_unknown_never_scheduled', 'dataset_produces_2', 'conditional_dataset_and_time_based_timetable', 'dataset_consumes_1_never_scheduled', 'dataset_consumes_1', 'dataset_produces_1', 'dataset_consumes_1_and_2', 'consume_1_or_2_with_dataset_expressions' retrieved from /home/logi/txtai/venv/lib/python3.10/site-packages/airflow/example_dags/example_datasets.py
[2025-11-14T11:01:08.320+0530] {logging_mixin.py:188} INFO - [2025-11-14T11:01:08.320+0530] {dag.py:3089} INFO - Sync 10 DAGs
[2025-11-14T11:01:08.348+0530] {logging_mixin.py:188} INFO - [2025-11-14T11:01:08.348+0530] {dag.py:3947} INFO - Setting next_dagrun for conditional_dataset_and_time_based_timetable to 2025-11-12 01:00:00+00:00, run_after=2025-11-12 01:00:00+00:00
[2025-11-14T11:01:08.353+0530] {logging_mixin.py:188} INFO - [2025-11-14T11:01:08.352+0530] {dag.py:3947} INFO - Setting next_dagrun for consume_1_and_2_with_dataset_expressions to None, run_after=None
[2025-11-14T11:01:08.354+0530] {logging_mixin.py:188} INFO - [2025-11-14T11:01:08.354+0530] {dag.py:3947} INFO - Setting next_dagrun for consume_1_or_2_with_dataset_expressions to None, run_after=None
[2025-11-14T11:01:08.356+0530] {logging_mixin.py:188} INFO - [2025-11-14T11:01:08.356+0530] {dag.py:3947} INFO - Setting next_dagrun for consume_1_or_both_2_and_3_with_dataset_expressions to None, run_after=None
[2025-11-14T11:01:08.357+0530] {logging_mixin.py:188} INFO - [2025-11-14T11:01:08.357+0530] {dag.py:3947} INFO - Setting next_dagrun for dataset_consumes_1 to None, run_after=None
[2025-11-14T11:01:08.359+0530] {logging_mixin.py:188} INFO - [2025-11-14T11:01:08.359+0530] {dag.py:3947} INFO - Setting next_dagrun for dataset_consumes_1_and_2 to None, run_after=None
[2025-11-14T11:01:08.361+0530] {logging_mixin.py:188} INFO - [2025-11-14T11:01:08.360+0530] {dag.py:3947} INFO - Setting next_dagrun for dataset_consumes_1_never_scheduled to None, run_after=None
[2025-11-14T11:01:08.363+0530] {logging_mixin.py:188} INFO - [2025-11-14T11:01:08.363+0530] {dag.py:3947} INFO - Setting next_dagrun for dataset_consumes_unknown_never_scheduled to None, run_after=None
[2025-11-14T11:01:08.369+0530] {logging_mixin.py:188} INFO - [2025-11-14T11:01:08.368+0530] {dag.py:3947} INFO - Setting next_dagrun for dataset_produces_1 to 2025-11-13 00:00:00+00:00, run_after=2025-11-14 00:00:00+00:00
[2025-11-14T11:01:08.372+0530] {logging_mixin.py:188} INFO - [2025-11-14T11:01:08.371+0530] {dag.py:3947} INFO - Setting next_dagrun for dataset_produces_2 to None, run_after=None
[2025-11-14T11:01:08.412+0530] {processor.py:183} INFO - Processing /home/logi/txtai/venv/lib/python3.10/site-packages/airflow/example_dags/example_datasets.py took 0.238 seconds
[2025-11-14T11:01:38.730+0530] {processor.py:161} INFO - Started process (PID=11216) to work on /home/logi/txtai/venv/lib/python3.10/site-packages/airflow/example_dags/example_datasets.py
[2025-11-14T11:01:38.731+0530] {processor.py:830} INFO - Processing file /home/logi/txtai/venv/lib/python3.10/site-packages/airflow/example_dags/example_datasets.py for tasks to queue
[2025-11-14T11:01:38.733+0530] {logging_mixin.py:188} INFO - [2025-11-14T11:01:38.733+0530] {dagbag.py:545} INFO - Filling up the DagBag from /home/logi/txtai/venv/lib/python3.10/site-packages/airflow/example_dags/example_datasets.py
[2025-11-14T11:01:38.745+0530] {processor.py:840} INFO - DAG(s) 'dataset_consumes_1_never_scheduled', 'consume_1_or_both_2_and_3_with_dataset_expressions', 'consume_1_and_2_with_dataset_expressions', 'dataset_produces_2', 'conditional_dataset_and_time_based_timetable', 'consume_1_or_2_with_dataset_expressions', 'dataset_consumes_1_and_2', 'dataset_consumes_1', 'dataset_produces_1', 'dataset_consumes_unknown_never_scheduled' retrieved from /home/logi/txtai/venv/lib/python3.10/site-packages/airflow/example_dags/example_datasets.py
[2025-11-14T11:01:38.813+0530] {logging_mixin.py:188} INFO - [2025-11-14T11:01:38.813+0530] {dag.py:3089} INFO - Sync 10 DAGs
[2025-11-14T11:01:38.839+0530] {logging_mixin.py:188} INFO - [2025-11-14T11:01:38.839+0530] {dag.py:3947} INFO - Setting next_dagrun for conditional_dataset_and_time_based_timetable to 2025-11-12 01:00:00+00:00, run_after=2025-11-12 01:00:00+00:00
[2025-11-14T11:01:38.843+0530] {logging_mixin.py:188} INFO - [2025-11-14T11:01:38.842+0530] {dag.py:3947} INFO - Setting next_dagrun for consume_1_and_2_with_dataset_expressions to None, run_after=None
[2025-11-14T11:01:38.844+0530] {logging_mixin.py:188} INFO - [2025-11-14T11:01:38.844+0530] {dag.py:3947} INFO - Setting next_dagrun for consume_1_or_2_with_dataset_expressions to None, run_after=None
[2025-11-14T11:01:38.846+0530] {logging_mixin.py:188} INFO - [2025-11-14T11:01:38.846+0530] {dag.py:3947} INFO - Setting next_dagrun for consume_1_or_both_2_and_3_with_dataset_expressions to None, run_after=None
[2025-11-14T11:01:38.847+0530] {logging_mixin.py:188} INFO - [2025-11-14T11:01:38.847+0530] {dag.py:3947} INFO - Setting next_dagrun for dataset_consumes_1 to None, run_after=None
[2025-11-14T11:01:38.849+0530] {logging_mixin.py:188} INFO - [2025-11-14T11:01:38.849+0530] {dag.py:3947} INFO - Setting next_dagrun for dataset_consumes_1_and_2 to None, run_after=None
[2025-11-14T11:01:38.851+0530] {logging_mixin.py:188} INFO - [2025-11-14T11:01:38.851+0530] {dag.py:3947} INFO - Setting next_dagrun for dataset_consumes_1_never_scheduled to None, run_after=None
[2025-11-14T11:01:38.852+0530] {logging_mixin.py:188} INFO - [2025-11-14T11:01:38.852+0530] {dag.py:3947} INFO - Setting next_dagrun for dataset_consumes_unknown_never_scheduled to None, run_after=None
[2025-11-14T11:01:38.855+0530] {logging_mixin.py:188} INFO - [2025-11-14T11:01:38.855+0530] {dag.py:3947} INFO - Setting next_dagrun for dataset_produces_1 to 2025-11-13 00:00:00+00:00, run_after=2025-11-14 00:00:00+00:00
[2025-11-14T11:01:38.857+0530] {logging_mixin.py:188} INFO - [2025-11-14T11:01:38.856+0530] {dag.py:3947} INFO - Setting next_dagrun for dataset_produces_2 to None, run_after=None
[2025-11-14T11:01:38.898+0530] {processor.py:183} INFO - Processing /home/logi/txtai/venv/lib/python3.10/site-packages/airflow/example_dags/example_datasets.py took 0.174 seconds
[2025-11-14T11:02:09.225+0530] {processor.py:161} INFO - Started process (PID=11344) to work on /home/logi/txtai/venv/lib/python3.10/site-packages/airflow/example_dags/example_datasets.py
[2025-11-14T11:02:09.237+0530] {processor.py:830} INFO - Processing file /home/logi/txtai/venv/lib/python3.10/site-packages/airflow/example_dags/example_datasets.py for tasks to queue
[2025-11-14T11:02:09.239+0530] {logging_mixin.py:188} INFO - [2025-11-14T11:02:09.239+0530] {dagbag.py:545} INFO - Filling up the DagBag from /home/logi/txtai/venv/lib/python3.10/site-packages/airflow/example_dags/example_datasets.py
[2025-11-14T11:02:09.250+0530] {processor.py:840} INFO - DAG(s) 'dataset_consumes_1', 'dataset_consumes_unknown_never_scheduled', 'dataset_produces_1', 'consume_1_or_both_2_and_3_with_dataset_expressions', 'conditional_dataset_and_time_based_timetable', 'dataset_consumes_1_never_scheduled', 'consume_1_and_2_with_dataset_expressions', 'dataset_produces_2', 'dataset_consumes_1_and_2', 'consume_1_or_2_with_dataset_expressions' retrieved from /home/logi/txtai/venv/lib/python3.10/site-packages/airflow/example_dags/example_datasets.py
[2025-11-14T11:02:09.350+0530] {logging_mixin.py:188} INFO - [2025-11-14T11:02:09.350+0530] {dag.py:3089} INFO - Sync 10 DAGs
[2025-11-14T11:02:09.390+0530] {logging_mixin.py:188} INFO - [2025-11-14T11:02:09.390+0530] {dag.py:3947} INFO - Setting next_dagrun for conditional_dataset_and_time_based_timetable to 2025-11-12 01:00:00+00:00, run_after=2025-11-12 01:00:00+00:00
[2025-11-14T11:02:09.398+0530] {logging_mixin.py:188} INFO - [2025-11-14T11:02:09.398+0530] {dag.py:3947} INFO - Setting next_dagrun for consume_1_and_2_with_dataset_expressions to None, run_after=None
[2025-11-14T11:02:09.401+0530] {logging_mixin.py:188} INFO - [2025-11-14T11:02:09.401+0530] {dag.py:3947} INFO - Setting next_dagrun for consume_1_or_2_with_dataset_expressions to None, run_after=None
[2025-11-14T11:02:09.403+0530] {logging_mixin.py:188} INFO - [2025-11-14T11:02:09.403+0530] {dag.py:3947} INFO - Setting next_dagrun for consume_1_or_both_2_and_3_with_dataset_expressions to None, run_after=None
[2025-11-14T11:02:09.406+0530] {logging_mixin.py:188} INFO - [2025-11-14T11:02:09.406+0530] {dag.py:3947} INFO - Setting next_dagrun for dataset_consumes_1 to None, run_after=None
[2025-11-14T11:02:09.409+0530] {logging_mixin.py:188} INFO - [2025-11-14T11:02:09.409+0530] {dag.py:3947} INFO - Setting next_dagrun for dataset_consumes_1_and_2 to None, run_after=None
[2025-11-14T11:02:09.412+0530] {logging_mixin.py:188} INFO - [2025-11-14T11:02:09.411+0530] {dag.py:3947} INFO - Setting next_dagrun for dataset_consumes_1_never_scheduled to None, run_after=None
[2025-11-14T11:02:09.414+0530] {logging_mixin.py:188} INFO - [2025-11-14T11:02:09.414+0530] {dag.py:3947} INFO - Setting next_dagrun for dataset_consumes_unknown_never_scheduled to None, run_after=None
[2025-11-14T11:02:09.419+0530] {logging_mixin.py:188} INFO - [2025-11-14T11:02:09.418+0530] {dag.py:3947} INFO - Setting next_dagrun for dataset_produces_1 to 2025-11-13 00:00:00+00:00, run_after=2025-11-14 00:00:00+00:00
[2025-11-14T11:02:09.421+0530] {logging_mixin.py:188} INFO - [2025-11-14T11:02:09.421+0530] {dag.py:3947} INFO - Setting next_dagrun for dataset_produces_2 to None, run_after=None
[2025-11-14T11:02:09.485+0530] {processor.py:183} INFO - Processing /home/logi/txtai/venv/lib/python3.10/site-packages/airflow/example_dags/example_datasets.py took 0.270 seconds
[2025-11-14T11:02:40.260+0530] {processor.py:161} INFO - Started process (PID=11567) to work on /home/logi/txtai/venv/lib/python3.10/site-packages/airflow/example_dags/example_datasets.py
[2025-11-14T11:02:40.273+0530] {processor.py:830} INFO - Processing file /home/logi/txtai/venv/lib/python3.10/site-packages/airflow/example_dags/example_datasets.py for tasks to queue
[2025-11-14T11:02:40.276+0530] {logging_mixin.py:188} INFO - [2025-11-14T11:02:40.276+0530] {dagbag.py:545} INFO - Filling up the DagBag from /home/logi/txtai/venv/lib/python3.10/site-packages/airflow/example_dags/example_datasets.py
[2025-11-14T11:02:40.297+0530] {processor.py:840} INFO - DAG(s) 'dataset_consumes_1', 'consume_1_or_2_with_dataset_expressions', 'dataset_produces_1', 'dataset_produces_2', 'dataset_consumes_1_never_scheduled', 'dataset_consumes_unknown_never_scheduled', 'conditional_dataset_and_time_based_timetable', 'consume_1_or_both_2_and_3_with_dataset_expressions', 'consume_1_and_2_with_dataset_expressions', 'dataset_consumes_1_and_2' retrieved from /home/logi/txtai/venv/lib/python3.10/site-packages/airflow/example_dags/example_datasets.py
[2025-11-14T11:02:40.415+0530] {logging_mixin.py:188} INFO - [2025-11-14T11:02:40.414+0530] {dag.py:3089} INFO - Sync 10 DAGs
[2025-11-14T11:02:40.461+0530] {logging_mixin.py:188} INFO - [2025-11-14T11:02:40.460+0530] {dag.py:3947} INFO - Setting next_dagrun for conditional_dataset_and_time_based_timetable to 2025-11-12 01:00:00+00:00, run_after=2025-11-12 01:00:00+00:00
[2025-11-14T11:02:40.468+0530] {logging_mixin.py:188} INFO - [2025-11-14T11:02:40.467+0530] {dag.py:3947} INFO - Setting next_dagrun for consume_1_and_2_with_dataset_expressions to None, run_after=None
[2025-11-14T11:02:40.470+0530] {logging_mixin.py:188} INFO - [2025-11-14T11:02:40.470+0530] {dag.py:3947} INFO - Setting next_dagrun for consume_1_or_2_with_dataset_expressions to None, run_after=None
[2025-11-14T11:02:40.473+0530] {logging_mixin.py:188} INFO - [2025-11-14T11:02:40.472+0530] {dag.py:3947} INFO - Setting next_dagrun for consume_1_or_both_2_and_3_with_dataset_expressions to None, run_after=None
[2025-11-14T11:02:40.475+0530] {logging_mixin.py:188} INFO - [2025-11-14T11:02:40.475+0530] {dag.py:3947} INFO - Setting next_dagrun for dataset_consumes_1 to None, run_after=None
[2025-11-14T11:02:40.478+0530] {logging_mixin.py:188} INFO - [2025-11-14T11:02:40.477+0530] {dag.py:3947} INFO - Setting next_dagrun for dataset_consumes_1_and_2 to None, run_after=None
[2025-11-14T11:02:40.480+0530] {logging_mixin.py:188} INFO - [2025-11-14T11:02:40.480+0530] {dag.py:3947} INFO - Setting next_dagrun for dataset_consumes_1_never_scheduled to None, run_after=None
[2025-11-14T11:02:40.483+0530] {logging_mixin.py:188} INFO - [2025-11-14T11:02:40.482+0530] {dag.py:3947} INFO - Setting next_dagrun for dataset_consumes_unknown_never_scheduled to None, run_after=None
[2025-11-14T11:02:40.488+0530] {logging_mixin.py:188} INFO - [2025-11-14T11:02:40.487+0530] {dag.py:3947} INFO - Setting next_dagrun for dataset_produces_1 to 2025-11-13 00:00:00+00:00, run_after=2025-11-14 00:00:00+00:00
[2025-11-14T11:02:40.490+0530] {logging_mixin.py:188} INFO - [2025-11-14T11:02:40.490+0530] {dag.py:3947} INFO - Setting next_dagrun for dataset_produces_2 to None, run_after=None
[2025-11-14T11:02:40.557+0530] {processor.py:183} INFO - Processing /home/logi/txtai/venv/lib/python3.10/site-packages/airflow/example_dags/example_datasets.py took 0.309 seconds
[2025-11-14T11:03:11.144+0530] {processor.py:161} INFO - Started process (PID=11865) to work on /home/logi/txtai/venv/lib/python3.10/site-packages/airflow/example_dags/example_datasets.py
[2025-11-14T11:03:11.146+0530] {processor.py:830} INFO - Processing file /home/logi/txtai/venv/lib/python3.10/site-packages/airflow/example_dags/example_datasets.py for tasks to queue
[2025-11-14T11:03:11.149+0530] {logging_mixin.py:188} INFO - [2025-11-14T11:03:11.149+0530] {dagbag.py:545} INFO - Filling up the DagBag from /home/logi/txtai/venv/lib/python3.10/site-packages/airflow/example_dags/example_datasets.py
[2025-11-14T11:03:11.171+0530] {processor.py:840} INFO - DAG(s) 'dataset_consumes_1_never_scheduled', 'consume_1_or_both_2_and_3_with_dataset_expressions', 'consume_1_or_2_with_dataset_expressions', 'dataset_consumes_1', 'dataset_produces_1', 'consume_1_and_2_with_dataset_expressions', 'dataset_produces_2', 'conditional_dataset_and_time_based_timetable', 'dataset_consumes_1_and_2', 'dataset_consumes_unknown_never_scheduled' retrieved from /home/logi/txtai/venv/lib/python3.10/site-packages/airflow/example_dags/example_datasets.py
[2025-11-14T11:03:11.306+0530] {logging_mixin.py:188} INFO - [2025-11-14T11:03:11.306+0530] {dag.py:3089} INFO - Sync 10 DAGs
[2025-11-14T11:03:11.355+0530] {logging_mixin.py:188} INFO - [2025-11-14T11:03:11.355+0530] {dag.py:3947} INFO - Setting next_dagrun for conditional_dataset_and_time_based_timetable to 2025-11-12 01:00:00+00:00, run_after=2025-11-12 01:00:00+00:00
[2025-11-14T11:03:11.363+0530] {logging_mixin.py:188} INFO - [2025-11-14T11:03:11.363+0530] {dag.py:3947} INFO - Setting next_dagrun for consume_1_and_2_with_dataset_expressions to None, run_after=None
[2025-11-14T11:03:11.366+0530] {logging_mixin.py:188} INFO - [2025-11-14T11:03:11.365+0530] {dag.py:3947} INFO - Setting next_dagrun for consume_1_or_2_with_dataset_expressions to None, run_after=None
[2025-11-14T11:03:11.368+0530] {logging_mixin.py:188} INFO - [2025-11-14T11:03:11.368+0530] {dag.py:3947} INFO - Setting next_dagrun for consume_1_or_both_2_and_3_with_dataset_expressions to None, run_after=None
[2025-11-14T11:03:11.371+0530] {logging_mixin.py:188} INFO - [2025-11-14T11:03:11.370+0530] {dag.py:3947} INFO - Setting next_dagrun for dataset_consumes_1 to None, run_after=None
[2025-11-14T11:03:11.373+0530] {logging_mixin.py:188} INFO - [2025-11-14T11:03:11.373+0530] {dag.py:3947} INFO - Setting next_dagrun for dataset_consumes_1_and_2 to None, run_after=None
[2025-11-14T11:03:11.375+0530] {logging_mixin.py:188} INFO - [2025-11-14T11:03:11.375+0530] {dag.py:3947} INFO - Setting next_dagrun for dataset_consumes_1_never_scheduled to None, run_after=None
[2025-11-14T11:03:11.378+0530] {logging_mixin.py:188} INFO - [2025-11-14T11:03:11.377+0530] {dag.py:3947} INFO - Setting next_dagrun for dataset_consumes_unknown_never_scheduled to None, run_after=None
[2025-11-14T11:03:11.382+0530] {logging_mixin.py:188} INFO - [2025-11-14T11:03:11.382+0530] {dag.py:3947} INFO - Setting next_dagrun for dataset_produces_1 to 2025-11-13 00:00:00+00:00, run_after=2025-11-14 00:00:00+00:00
[2025-11-14T11:03:11.385+0530] {logging_mixin.py:188} INFO - [2025-11-14T11:03:11.384+0530] {dag.py:3947} INFO - Setting next_dagrun for dataset_produces_2 to None, run_after=None
[2025-11-14T11:03:11.452+0530] {processor.py:183} INFO - Processing /home/logi/txtai/venv/lib/python3.10/site-packages/airflow/example_dags/example_datasets.py took 0.319 seconds
[2025-11-14T11:03:41.641+0530] {processor.py:161} INFO - Started process (PID=12655) to work on /home/logi/txtai/venv/lib/python3.10/site-packages/airflow/example_dags/example_datasets.py
[2025-11-14T11:03:41.643+0530] {processor.py:830} INFO - Processing file /home/logi/txtai/venv/lib/python3.10/site-packages/airflow/example_dags/example_datasets.py for tasks to queue
[2025-11-14T11:03:41.646+0530] {logging_mixin.py:188} INFO - [2025-11-14T11:03:41.645+0530] {dagbag.py:545} INFO - Filling up the DagBag from /home/logi/txtai/venv/lib/python3.10/site-packages/airflow/example_dags/example_datasets.py
[2025-11-14T11:03:41.667+0530] {processor.py:840} INFO - DAG(s) 'dataset_consumes_1', 'consume_1_and_2_with_dataset_expressions', 'dataset_consumes_1_and_2', 'consume_1_or_both_2_and_3_with_dataset_expressions', 'conditional_dataset_and_time_based_timetable', 'dataset_produces_2', 'dataset_consumes_1_never_scheduled', 'consume_1_or_2_with_dataset_expressions', 'dataset_produces_1', 'dataset_consumes_unknown_never_scheduled' retrieved from /home/logi/txtai/venv/lib/python3.10/site-packages/airflow/example_dags/example_datasets.py
[2025-11-14T11:03:41.793+0530] {logging_mixin.py:188} INFO - [2025-11-14T11:03:41.793+0530] {dag.py:3089} INFO - Sync 10 DAGs
[2025-11-14T11:03:41.841+0530] {logging_mixin.py:188} INFO - [2025-11-14T11:03:41.841+0530] {dag.py:3947} INFO - Setting next_dagrun for conditional_dataset_and_time_based_timetable to 2025-11-12 01:00:00+00:00, run_after=2025-11-12 01:00:00+00:00
[2025-11-14T11:03:41.849+0530] {logging_mixin.py:188} INFO - [2025-11-14T11:03:41.848+0530] {dag.py:3947} INFO - Setting next_dagrun for consume_1_and_2_with_dataset_expressions to None, run_after=None
[2025-11-14T11:03:41.852+0530] {logging_mixin.py:188} INFO - [2025-11-14T11:03:41.852+0530] {dag.py:3947} INFO - Setting next_dagrun for consume_1_or_2_with_dataset_expressions to None, run_after=None
[2025-11-14T11:03:41.855+0530] {logging_mixin.py:188} INFO - [2025-11-14T11:03:41.854+0530] {dag.py:3947} INFO - Setting next_dagrun for consume_1_or_both_2_and_3_with_dataset_expressions to None, run_after=None
[2025-11-14T11:03:41.858+0530] {logging_mixin.py:188} INFO - [2025-11-14T11:03:41.857+0530] {dag.py:3947} INFO - Setting next_dagrun for dataset_consumes_1 to None, run_after=None
[2025-11-14T11:03:41.861+0530] {logging_mixin.py:188} INFO - [2025-11-14T11:03:41.860+0530] {dag.py:3947} INFO - Setting next_dagrun for dataset_consumes_1_and_2 to None, run_after=None
[2025-11-14T11:03:41.864+0530] {logging_mixin.py:188} INFO - [2025-11-14T11:03:41.863+0530] {dag.py:3947} INFO - Setting next_dagrun for dataset_consumes_1_never_scheduled to None, run_after=None
[2025-11-14T11:03:41.867+0530] {logging_mixin.py:188} INFO - [2025-11-14T11:03:41.866+0530] {dag.py:3947} INFO - Setting next_dagrun for dataset_consumes_unknown_never_scheduled to None, run_after=None
[2025-11-14T11:03:41.872+0530] {logging_mixin.py:188} INFO - [2025-11-14T11:03:41.871+0530] {dag.py:3947} INFO - Setting next_dagrun for dataset_produces_1 to 2025-11-13 00:00:00+00:00, run_after=2025-11-14 00:00:00+00:00
[2025-11-14T11:03:41.875+0530] {logging_mixin.py:188} INFO - [2025-11-14T11:03:41.874+0530] {dag.py:3947} INFO - Setting next_dagrun for dataset_produces_2 to None, run_after=None
[2025-11-14T11:03:41.950+0530] {processor.py:183} INFO - Processing /home/logi/txtai/venv/lib/python3.10/site-packages/airflow/example_dags/example_datasets.py took 0.321 seconds
[2025-11-14T11:04:12.148+0530] {processor.py:161} INFO - Started process (PID=12786) to work on /home/logi/txtai/venv/lib/python3.10/site-packages/airflow/example_dags/example_datasets.py
[2025-11-14T11:04:12.161+0530] {processor.py:830} INFO - Processing file /home/logi/txtai/venv/lib/python3.10/site-packages/airflow/example_dags/example_datasets.py for tasks to queue
[2025-11-14T11:04:12.165+0530] {logging_mixin.py:188} INFO - [2025-11-14T11:04:12.164+0530] {dagbag.py:545} INFO - Filling up the DagBag from /home/logi/txtai/venv/lib/python3.10/site-packages/airflow/example_dags/example_datasets.py
[2025-11-14T11:04:12.186+0530] {processor.py:840} INFO - DAG(s) 'dataset_produces_2', 'dataset_consumes_1', 'dataset_consumes_1_never_scheduled', 'conditional_dataset_and_time_based_timetable', 'consume_1_and_2_with_dataset_expressions', 'dataset_consumes_unknown_never_scheduled', 'dataset_produces_1', 'consume_1_or_2_with_dataset_expressions', 'consume_1_or_both_2_and_3_with_dataset_expressions', 'dataset_consumes_1_and_2' retrieved from /home/logi/txtai/venv/lib/python3.10/site-packages/airflow/example_dags/example_datasets.py
[2025-11-14T11:04:12.307+0530] {logging_mixin.py:188} INFO - [2025-11-14T11:04:12.307+0530] {dag.py:3089} INFO - Sync 10 DAGs
[2025-11-14T11:04:12.356+0530] {logging_mixin.py:188} INFO - [2025-11-14T11:04:12.356+0530] {dag.py:3947} INFO - Setting next_dagrun for conditional_dataset_and_time_based_timetable to 2025-11-12 01:00:00+00:00, run_after=2025-11-12 01:00:00+00:00
[2025-11-14T11:04:12.364+0530] {logging_mixin.py:188} INFO - [2025-11-14T11:04:12.364+0530] {dag.py:3947} INFO - Setting next_dagrun for consume_1_and_2_with_dataset_expressions to None, run_after=None
[2025-11-14T11:04:12.367+0530] {logging_mixin.py:188} INFO - [2025-11-14T11:04:12.367+0530] {dag.py:3947} INFO - Setting next_dagrun for consume_1_or_2_with_dataset_expressions to None, run_after=None
[2025-11-14T11:04:12.370+0530] {logging_mixin.py:188} INFO - [2025-11-14T11:04:12.370+0530] {dag.py:3947} INFO - Setting next_dagrun for consume_1_or_both_2_and_3_with_dataset_expressions to None, run_after=None
[2025-11-14T11:04:12.373+0530] {logging_mixin.py:188} INFO - [2025-11-14T11:04:12.373+0530] {dag.py:3947} INFO - Setting next_dagrun for dataset_consumes_1 to None, run_after=None
[2025-11-14T11:04:12.376+0530] {logging_mixin.py:188} INFO - [2025-11-14T11:04:12.376+0530] {dag.py:3947} INFO - Setting next_dagrun for dataset_consumes_1_and_2 to None, run_after=None
[2025-11-14T11:04:12.379+0530] {logging_mixin.py:188} INFO - [2025-11-14T11:04:12.379+0530] {dag.py:3947} INFO - Setting next_dagrun for dataset_consumes_1_never_scheduled to None, run_after=None
[2025-11-14T11:04:12.382+0530] {logging_mixin.py:188} INFO - [2025-11-14T11:04:12.382+0530] {dag.py:3947} INFO - Setting next_dagrun for dataset_consumes_unknown_never_scheduled to None, run_after=None
[2025-11-14T11:04:12.387+0530] {logging_mixin.py:188} INFO - [2025-11-14T11:04:12.387+0530] {dag.py:3947} INFO - Setting next_dagrun for dataset_produces_1 to 2025-11-13 00:00:00+00:00, run_after=2025-11-14 00:00:00+00:00
[2025-11-14T11:04:12.390+0530] {logging_mixin.py:188} INFO - [2025-11-14T11:04:12.390+0530] {dag.py:3947} INFO - Setting next_dagrun for dataset_produces_2 to None, run_after=None
[2025-11-14T11:04:12.462+0530] {processor.py:183} INFO - Processing /home/logi/txtai/venv/lib/python3.10/site-packages/airflow/example_dags/example_datasets.py took 0.326 seconds
[2025-11-14T11:04:43.104+0530] {processor.py:161} INFO - Started process (PID=12918) to work on /home/logi/txtai/venv/lib/python3.10/site-packages/airflow/example_dags/example_datasets.py
[2025-11-14T11:04:43.117+0530] {processor.py:830} INFO - Processing file /home/logi/txtai/venv/lib/python3.10/site-packages/airflow/example_dags/example_datasets.py for tasks to queue
[2025-11-14T11:04:43.120+0530] {logging_mixin.py:188} INFO - [2025-11-14T11:04:43.119+0530] {dagbag.py:545} INFO - Filling up the DagBag from /home/logi/txtai/venv/lib/python3.10/site-packages/airflow/example_dags/example_datasets.py
[2025-11-14T11:04:43.141+0530] {processor.py:840} INFO - DAG(s) 'dataset_consumes_1_and_2', 'dataset_produces_1', 'dataset_consumes_1', 'consume_1_and_2_with_dataset_expressions', 'dataset_consumes_1_never_scheduled', 'consume_1_or_both_2_and_3_with_dataset_expressions', 'dataset_produces_2', 'dataset_consumes_unknown_never_scheduled', 'consume_1_or_2_with_dataset_expressions', 'conditional_dataset_and_time_based_timetable' retrieved from /home/logi/txtai/venv/lib/python3.10/site-packages/airflow/example_dags/example_datasets.py
[2025-11-14T11:04:43.258+0530] {logging_mixin.py:188} INFO - [2025-11-14T11:04:43.257+0530] {dag.py:3089} INFO - Sync 10 DAGs
[2025-11-14T11:04:43.305+0530] {logging_mixin.py:188} INFO - [2025-11-14T11:04:43.305+0530] {dag.py:3947} INFO - Setting next_dagrun for conditional_dataset_and_time_based_timetable to 2025-11-12 01:00:00+00:00, run_after=2025-11-12 01:00:00+00:00
[2025-11-14T11:04:43.312+0530] {logging_mixin.py:188} INFO - [2025-11-14T11:04:43.312+0530] {dag.py:3947} INFO - Setting next_dagrun for consume_1_and_2_with_dataset_expressions to None, run_after=None
[2025-11-14T11:04:43.316+0530] {logging_mixin.py:188} INFO - [2025-11-14T11:04:43.315+0530] {dag.py:3947} INFO - Setting next_dagrun for consume_1_or_2_with_dataset_expressions to None, run_after=None
[2025-11-14T11:04:43.319+0530] {logging_mixin.py:188} INFO - [2025-11-14T11:04:43.318+0530] {dag.py:3947} INFO - Setting next_dagrun for consume_1_or_both_2_and_3_with_dataset_expressions to None, run_after=None
[2025-11-14T11:04:43.321+0530] {logging_mixin.py:188} INFO - [2025-11-14T11:04:43.321+0530] {dag.py:3947} INFO - Setting next_dagrun for dataset_consumes_1 to None, run_after=None
[2025-11-14T11:04:43.324+0530] {logging_mixin.py:188} INFO - [2025-11-14T11:04:43.324+0530] {dag.py:3947} INFO - Setting next_dagrun for dataset_consumes_1_and_2 to None, run_after=None
[2025-11-14T11:04:43.327+0530] {logging_mixin.py:188} INFO - [2025-11-14T11:04:43.327+0530] {dag.py:3947} INFO - Setting next_dagrun for dataset_consumes_1_never_scheduled to None, run_after=None
[2025-11-14T11:04:43.330+0530] {logging_mixin.py:188} INFO - [2025-11-14T11:04:43.330+0530] {dag.py:3947} INFO - Setting next_dagrun for dataset_consumes_unknown_never_scheduled to None, run_after=None
[2025-11-14T11:04:43.336+0530] {logging_mixin.py:188} INFO - [2025-11-14T11:04:43.335+0530] {dag.py:3947} INFO - Setting next_dagrun for dataset_produces_1 to 2025-11-13 00:00:00+00:00, run_after=2025-11-14 00:00:00+00:00
[2025-11-14T11:04:43.339+0530] {logging_mixin.py:188} INFO - [2025-11-14T11:04:43.338+0530] {dag.py:3947} INFO - Setting next_dagrun for dataset_produces_2 to None, run_after=None
[2025-11-14T11:04:43.411+0530] {processor.py:183} INFO - Processing /home/logi/txtai/venv/lib/python3.10/site-packages/airflow/example_dags/example_datasets.py took 0.320 seconds
[2025-11-14T11:05:13.875+0530] {processor.py:161} INFO - Started process (PID=13068) to work on /home/logi/txtai/venv/lib/python3.10/site-packages/airflow/example_dags/example_datasets.py
[2025-11-14T11:05:13.888+0530] {processor.py:830} INFO - Processing file /home/logi/txtai/venv/lib/python3.10/site-packages/airflow/example_dags/example_datasets.py for tasks to queue
[2025-11-14T11:05:13.891+0530] {logging_mixin.py:188} INFO - [2025-11-14T11:05:13.891+0530] {dagbag.py:545} INFO - Filling up the DagBag from /home/logi/txtai/venv/lib/python3.10/site-packages/airflow/example_dags/example_datasets.py
[2025-11-14T11:05:13.904+0530] {processor.py:840} INFO - DAG(s) 'consume_1_and_2_with_dataset_expressions', 'consume_1_or_2_with_dataset_expressions', 'dataset_consumes_1', 'dataset_produces_1', 'conditional_dataset_and_time_based_timetable', 'dataset_produces_2', 'dataset_consumes_1_and_2', 'consume_1_or_both_2_and_3_with_dataset_expressions', 'dataset_consumes_1_never_scheduled', 'dataset_consumes_unknown_never_scheduled' retrieved from /home/logi/txtai/venv/lib/python3.10/site-packages/airflow/example_dags/example_datasets.py
[2025-11-14T11:05:14.017+0530] {logging_mixin.py:188} INFO - [2025-11-14T11:05:14.017+0530] {dag.py:3089} INFO - Sync 10 DAGs
[2025-11-14T11:05:14.067+0530] {logging_mixin.py:188} INFO - [2025-11-14T11:05:14.066+0530] {dag.py:3947} INFO - Setting next_dagrun for conditional_dataset_and_time_based_timetable to 2025-11-12 01:00:00+00:00, run_after=2025-11-12 01:00:00+00:00
[2025-11-14T11:05:14.075+0530] {logging_mixin.py:188} INFO - [2025-11-14T11:05:14.074+0530] {dag.py:3947} INFO - Setting next_dagrun for consume_1_and_2_with_dataset_expressions to None, run_after=None
[2025-11-14T11:05:14.078+0530] {logging_mixin.py:188} INFO - [2025-11-14T11:05:14.077+0530] {dag.py:3947} INFO - Setting next_dagrun for consume_1_or_2_with_dataset_expressions to None, run_after=None
[2025-11-14T11:05:14.081+0530] {logging_mixin.py:188} INFO - [2025-11-14T11:05:14.080+0530] {dag.py:3947} INFO - Setting next_dagrun for consume_1_or_both_2_and_3_with_dataset_expressions to None, run_after=None
[2025-11-14T11:05:14.084+0530] {logging_mixin.py:188} INFO - [2025-11-14T11:05:14.083+0530] {dag.py:3947} INFO - Setting next_dagrun for dataset_consumes_1 to None, run_after=None
[2025-11-14T11:05:14.087+0530] {logging_mixin.py:188} INFO - [2025-11-14T11:05:14.086+0530] {dag.py:3947} INFO - Setting next_dagrun for dataset_consumes_1_and_2 to None, run_after=None
[2025-11-14T11:05:14.090+0530] {logging_mixin.py:188} INFO - [2025-11-14T11:05:14.089+0530] {dag.py:3947} INFO - Setting next_dagrun for dataset_consumes_1_never_scheduled to None, run_after=None
[2025-11-14T11:05:14.093+0530] {logging_mixin.py:188} INFO - [2025-11-14T11:05:14.092+0530] {dag.py:3947} INFO - Setting next_dagrun for dataset_consumes_unknown_never_scheduled to None, run_after=None
[2025-11-14T11:05:14.098+0530] {logging_mixin.py:188} INFO - [2025-11-14T11:05:14.097+0530] {dag.py:3947} INFO - Setting next_dagrun for dataset_produces_1 to 2025-11-13 00:00:00+00:00, run_after=2025-11-14 00:00:00+00:00
[2025-11-14T11:05:14.101+0530] {logging_mixin.py:188} INFO - [2025-11-14T11:05:14.101+0530] {dag.py:3947} INFO - Setting next_dagrun for dataset_produces_2 to None, run_after=None
[2025-11-14T11:05:14.176+0530] {processor.py:183} INFO - Processing /home/logi/txtai/venv/lib/python3.10/site-packages/airflow/example_dags/example_datasets.py took 0.309 seconds
[2025-11-14T11:05:44.267+0530] {processor.py:161} INFO - Started process (PID=13198) to work on /home/logi/txtai/venv/lib/python3.10/site-packages/airflow/example_dags/example_datasets.py
[2025-11-14T11:05:44.268+0530] {processor.py:830} INFO - Processing file /home/logi/txtai/venv/lib/python3.10/site-packages/airflow/example_dags/example_datasets.py for tasks to queue
[2025-11-14T11:05:44.270+0530] {logging_mixin.py:188} INFO - [2025-11-14T11:05:44.269+0530] {dagbag.py:545} INFO - Filling up the DagBag from /home/logi/txtai/venv/lib/python3.10/site-packages/airflow/example_dags/example_datasets.py
[2025-11-14T11:05:44.280+0530] {processor.py:840} INFO - DAG(s) 'dataset_produces_2', 'consume_1_or_2_with_dataset_expressions', 'consume_1_or_both_2_and_3_with_dataset_expressions', 'dataset_consumes_unknown_never_scheduled', 'dataset_produces_1', 'conditional_dataset_and_time_based_timetable', 'dataset_consumes_1_and_2', 'dataset_consumes_1', 'consume_1_and_2_with_dataset_expressions', 'dataset_consumes_1_never_scheduled' retrieved from /home/logi/txtai/venv/lib/python3.10/site-packages/airflow/example_dags/example_datasets.py
[2025-11-14T11:05:44.384+0530] {logging_mixin.py:188} INFO - [2025-11-14T11:05:44.384+0530] {dag.py:3089} INFO - Sync 10 DAGs
[2025-11-14T11:05:44.429+0530] {logging_mixin.py:188} INFO - [2025-11-14T11:05:44.429+0530] {dag.py:3947} INFO - Setting next_dagrun for conditional_dataset_and_time_based_timetable to 2025-11-12 01:00:00+00:00, run_after=2025-11-12 01:00:00+00:00
[2025-11-14T11:05:44.436+0530] {logging_mixin.py:188} INFO - [2025-11-14T11:05:44.436+0530] {dag.py:3947} INFO - Setting next_dagrun for consume_1_and_2_with_dataset_expressions to None, run_after=None
[2025-11-14T11:05:44.439+0530] {logging_mixin.py:188} INFO - [2025-11-14T11:05:44.438+0530] {dag.py:3947} INFO - Setting next_dagrun for consume_1_or_2_with_dataset_expressions to None, run_after=None
[2025-11-14T11:05:44.441+0530] {logging_mixin.py:188} INFO - [2025-11-14T11:05:44.441+0530] {dag.py:3947} INFO - Setting next_dagrun for consume_1_or_both_2_and_3_with_dataset_expressions to None, run_after=None
[2025-11-14T11:05:44.444+0530] {logging_mixin.py:188} INFO - [2025-11-14T11:05:44.443+0530] {dag.py:3947} INFO - Setting next_dagrun for dataset_consumes_1 to None, run_after=None
[2025-11-14T11:05:44.446+0530] {logging_mixin.py:188} INFO - [2025-11-14T11:05:44.446+0530] {dag.py:3947} INFO - Setting next_dagrun for dataset_consumes_1_and_2 to None, run_after=None
[2025-11-14T11:05:44.449+0530] {logging_mixin.py:188} INFO - [2025-11-14T11:05:44.448+0530] {dag.py:3947} INFO - Setting next_dagrun for dataset_consumes_1_never_scheduled to None, run_after=None
[2025-11-14T11:05:44.451+0530] {logging_mixin.py:188} INFO - [2025-11-14T11:05:44.451+0530] {dag.py:3947} INFO - Setting next_dagrun for dataset_consumes_unknown_never_scheduled to None, run_after=None
[2025-11-14T11:05:44.456+0530] {logging_mixin.py:188} INFO - [2025-11-14T11:05:44.456+0530] {dag.py:3947} INFO - Setting next_dagrun for dataset_produces_1 to 2025-11-13 00:00:00+00:00, run_after=2025-11-14 00:00:00+00:00
[2025-11-14T11:05:44.458+0530] {logging_mixin.py:188} INFO - [2025-11-14T11:05:44.458+0530] {dag.py:3947} INFO - Setting next_dagrun for dataset_produces_2 to None, run_after=None
[2025-11-14T11:05:44.535+0530] {processor.py:183} INFO - Processing /home/logi/txtai/venv/lib/python3.10/site-packages/airflow/example_dags/example_datasets.py took 0.274 seconds
[2025-11-14T11:06:14.649+0530] {processor.py:161} INFO - Started process (PID=13326) to work on /home/logi/txtai/venv/lib/python3.10/site-packages/airflow/example_dags/example_datasets.py
[2025-11-14T11:06:14.662+0530] {processor.py:830} INFO - Processing file /home/logi/txtai/venv/lib/python3.10/site-packages/airflow/example_dags/example_datasets.py for tasks to queue
[2025-11-14T11:06:14.665+0530] {logging_mixin.py:188} INFO - [2025-11-14T11:06:14.665+0530] {dagbag.py:545} INFO - Filling up the DagBag from /home/logi/txtai/venv/lib/python3.10/site-packages/airflow/example_dags/example_datasets.py
[2025-11-14T11:06:14.687+0530] {processor.py:840} INFO - DAG(s) 'conditional_dataset_and_time_based_timetable', 'dataset_consumes_unknown_never_scheduled', 'dataset_produces_2', 'dataset_produces_1', 'dataset_consumes_1', 'consume_1_or_both_2_and_3_with_dataset_expressions', 'dataset_consumes_1_never_scheduled', 'consume_1_and_2_with_dataset_expressions', 'dataset_consumes_1_and_2', 'consume_1_or_2_with_dataset_expressions' retrieved from /home/logi/txtai/venv/lib/python3.10/site-packages/airflow/example_dags/example_datasets.py
[2025-11-14T11:06:14.817+0530] {logging_mixin.py:188} INFO - [2025-11-14T11:06:14.817+0530] {dag.py:3089} INFO - Sync 10 DAGs
[2025-11-14T11:06:14.878+0530] {logging_mixin.py:188} INFO - [2025-11-14T11:06:14.878+0530] {dag.py:3947} INFO - Setting next_dagrun for conditional_dataset_and_time_based_timetable to 2025-11-12 01:00:00+00:00, run_after=2025-11-12 01:00:00+00:00
[2025-11-14T11:06:14.886+0530] {logging_mixin.py:188} INFO - [2025-11-14T11:06:14.886+0530] {dag.py:3947} INFO - Setting next_dagrun for consume_1_and_2_with_dataset_expressions to None, run_after=None
[2025-11-14T11:06:14.889+0530] {logging_mixin.py:188} INFO - [2025-11-14T11:06:14.889+0530] {dag.py:3947} INFO - Setting next_dagrun for consume_1_or_2_with_dataset_expressions to None, run_after=None
[2025-11-14T11:06:14.892+0530] {logging_mixin.py:188} INFO - [2025-11-14T11:06:14.892+0530] {dag.py:3947} INFO - Setting next_dagrun for consume_1_or_both_2_and_3_with_dataset_expressions to None, run_after=None
[2025-11-14T11:06:14.895+0530] {logging_mixin.py:188} INFO - [2025-11-14T11:06:14.895+0530] {dag.py:3947} INFO - Setting next_dagrun for dataset_consumes_1 to None, run_after=None
[2025-11-14T11:06:14.898+0530] {logging_mixin.py:188} INFO - [2025-11-14T11:06:14.898+0530] {dag.py:3947} INFO - Setting next_dagrun for dataset_consumes_1_and_2 to None, run_after=None
[2025-11-14T11:06:14.902+0530] {logging_mixin.py:188} INFO - [2025-11-14T11:06:14.901+0530] {dag.py:3947} INFO - Setting next_dagrun for dataset_consumes_1_never_scheduled to None, run_after=None
[2025-11-14T11:06:14.905+0530] {logging_mixin.py:188} INFO - [2025-11-14T11:06:14.904+0530] {dag.py:3947} INFO - Setting next_dagrun for dataset_consumes_unknown_never_scheduled to None, run_after=None
[2025-11-14T11:06:14.910+0530] {logging_mixin.py:188} INFO - [2025-11-14T11:06:14.910+0530] {dag.py:3947} INFO - Setting next_dagrun for dataset_produces_1 to 2025-11-13 00:00:00+00:00, run_after=2025-11-14 00:00:00+00:00
[2025-11-14T11:06:14.913+0530] {logging_mixin.py:188} INFO - [2025-11-14T11:06:14.913+0530] {dag.py:3947} INFO - Setting next_dagrun for dataset_produces_2 to None, run_after=None
[2025-11-14T11:06:14.994+0530] {processor.py:183} INFO - Processing /home/logi/txtai/venv/lib/python3.10/site-packages/airflow/example_dags/example_datasets.py took 0.358 seconds
[2025-11-14T11:06:45.135+0530] {processor.py:161} INFO - Started process (PID=13460) to work on /home/logi/txtai/venv/lib/python3.10/site-packages/airflow/example_dags/example_datasets.py
[2025-11-14T11:06:45.136+0530] {processor.py:830} INFO - Processing file /home/logi/txtai/venv/lib/python3.10/site-packages/airflow/example_dags/example_datasets.py for tasks to queue
[2025-11-14T11:06:45.138+0530] {logging_mixin.py:188} INFO - [2025-11-14T11:06:45.138+0530] {dagbag.py:545} INFO - Filling up the DagBag from /home/logi/txtai/venv/lib/python3.10/site-packages/airflow/example_dags/example_datasets.py
[2025-11-14T11:06:45.149+0530] {processor.py:840} INFO - DAG(s) 'dataset_produces_2', 'consume_1_or_2_with_dataset_expressions', 'dataset_consumes_1', 'dataset_consumes_unknown_never_scheduled', 'consume_1_and_2_with_dataset_expressions', 'dataset_produces_1', 'dataset_consumes_1_never_scheduled', 'dataset_consumes_1_and_2', 'consume_1_or_both_2_and_3_with_dataset_expressions', 'conditional_dataset_and_time_based_timetable' retrieved from /home/logi/txtai/venv/lib/python3.10/site-packages/airflow/example_dags/example_datasets.py
[2025-11-14T11:06:45.212+0530] {logging_mixin.py:188} INFO - [2025-11-14T11:06:45.212+0530] {dag.py:3089} INFO - Sync 10 DAGs
[2025-11-14T11:06:45.234+0530] {logging_mixin.py:188} INFO - [2025-11-14T11:06:45.234+0530] {dag.py:3947} INFO - Setting next_dagrun for conditional_dataset_and_time_based_timetable to 2025-11-12 01:00:00+00:00, run_after=2025-11-12 01:00:00+00:00
[2025-11-14T11:06:45.239+0530] {logging_mixin.py:188} INFO - [2025-11-14T11:06:45.239+0530] {dag.py:3947} INFO - Setting next_dagrun for consume_1_and_2_with_dataset_expressions to None, run_after=None
[2025-11-14T11:06:45.241+0530] {logging_mixin.py:188} INFO - [2025-11-14T11:06:45.241+0530] {dag.py:3947} INFO - Setting next_dagrun for consume_1_or_2_with_dataset_expressions to None, run_after=None
[2025-11-14T11:06:45.242+0530] {logging_mixin.py:188} INFO - [2025-11-14T11:06:45.242+0530] {dag.py:3947} INFO - Setting next_dagrun for consume_1_or_both_2_and_3_with_dataset_expressions to None, run_after=None
[2025-11-14T11:06:45.243+0530] {logging_mixin.py:188} INFO - [2025-11-14T11:06:45.243+0530] {dag.py:3947} INFO - Setting next_dagrun for dataset_consumes_1 to None, run_after=None
[2025-11-14T11:06:45.245+0530] {logging_mixin.py:188} INFO - [2025-11-14T11:06:45.245+0530] {dag.py:3947} INFO - Setting next_dagrun for dataset_consumes_1_and_2 to None, run_after=None
[2025-11-14T11:06:45.246+0530] {logging_mixin.py:188} INFO - [2025-11-14T11:06:45.246+0530] {dag.py:3947} INFO - Setting next_dagrun for dataset_consumes_1_never_scheduled to None, run_after=None
[2025-11-14T11:06:45.248+0530] {logging_mixin.py:188} INFO - [2025-11-14T11:06:45.247+0530] {dag.py:3947} INFO - Setting next_dagrun for dataset_consumes_unknown_never_scheduled to None, run_after=None
[2025-11-14T11:06:45.250+0530] {logging_mixin.py:188} INFO - [2025-11-14T11:06:45.249+0530] {dag.py:3947} INFO - Setting next_dagrun for dataset_produces_1 to 2025-11-13 00:00:00+00:00, run_after=2025-11-14 00:00:00+00:00
[2025-11-14T11:06:45.251+0530] {logging_mixin.py:188} INFO - [2025-11-14T11:06:45.251+0530] {dag.py:3947} INFO - Setting next_dagrun for dataset_produces_2 to None, run_after=None
[2025-11-14T11:06:45.287+0530] {processor.py:183} INFO - Processing /home/logi/txtai/venv/lib/python3.10/site-packages/airflow/example_dags/example_datasets.py took 0.158 seconds
[2025-11-14T11:07:15.496+0530] {processor.py:161} INFO - Started process (PID=13628) to work on /home/logi/txtai/venv/lib/python3.10/site-packages/airflow/example_dags/example_datasets.py
[2025-11-14T11:07:15.504+0530] {processor.py:830} INFO - Processing file /home/logi/txtai/venv/lib/python3.10/site-packages/airflow/example_dags/example_datasets.py for tasks to queue
[2025-11-14T11:07:15.571+0530] {logging_mixin.py:188} INFO - [2025-11-14T11:07:15.571+0530] {dagbag.py:545} INFO - Filling up the DagBag from /home/logi/txtai/venv/lib/python3.10/site-packages/airflow/example_dags/example_datasets.py
[2025-11-14T11:07:15.596+0530] {processor.py:840} INFO - DAG(s) 'dataset_produces_2', 'consume_1_and_2_with_dataset_expressions', 'dataset_consumes_1_and_2', 'conditional_dataset_and_time_based_timetable', 'dataset_consumes_1_never_scheduled', 'dataset_produces_1', 'dataset_consumes_1', 'consume_1_or_2_with_dataset_expressions', 'consume_1_or_both_2_and_3_with_dataset_expressions', 'dataset_consumes_unknown_never_scheduled' retrieved from /home/logi/txtai/venv/lib/python3.10/site-packages/airflow/example_dags/example_datasets.py
[2025-11-14T11:07:15.685+0530] {logging_mixin.py:188} INFO - [2025-11-14T11:07:15.685+0530] {dag.py:3089} INFO - Sync 10 DAGs
[2025-11-14T11:07:15.713+0530] {logging_mixin.py:188} INFO - [2025-11-14T11:07:15.713+0530] {dag.py:3947} INFO - Setting next_dagrun for conditional_dataset_and_time_based_timetable to 2025-11-12 01:00:00+00:00, run_after=2025-11-12 01:00:00+00:00
[2025-11-14T11:07:15.717+0530] {logging_mixin.py:188} INFO - [2025-11-14T11:07:15.717+0530] {dag.py:3947} INFO - Setting next_dagrun for consume_1_and_2_with_dataset_expressions to None, run_after=None
[2025-11-14T11:07:15.719+0530] {logging_mixin.py:188} INFO - [2025-11-14T11:07:15.719+0530] {dag.py:3947} INFO - Setting next_dagrun for consume_1_or_2_with_dataset_expressions to None, run_after=None
[2025-11-14T11:07:15.721+0530] {logging_mixin.py:188} INFO - [2025-11-14T11:07:15.721+0530] {dag.py:3947} INFO - Setting next_dagrun for consume_1_or_both_2_and_3_with_dataset_expressions to None, run_after=None
[2025-11-14T11:07:15.723+0530] {logging_mixin.py:188} INFO - [2025-11-14T11:07:15.723+0530] {dag.py:3947} INFO - Setting next_dagrun for dataset_consumes_1 to None, run_after=None
[2025-11-14T11:07:15.725+0530] {logging_mixin.py:188} INFO - [2025-11-14T11:07:15.725+0530] {dag.py:3947} INFO - Setting next_dagrun for dataset_consumes_1_and_2 to None, run_after=None
[2025-11-14T11:07:15.727+0530] {logging_mixin.py:188} INFO - [2025-11-14T11:07:15.726+0530] {dag.py:3947} INFO - Setting next_dagrun for dataset_consumes_1_never_scheduled to None, run_after=None
[2025-11-14T11:07:15.729+0530] {logging_mixin.py:188} INFO - [2025-11-14T11:07:15.728+0530] {dag.py:3947} INFO - Setting next_dagrun for dataset_consumes_unknown_never_scheduled to None, run_after=None
[2025-11-14T11:07:15.731+0530] {logging_mixin.py:188} INFO - [2025-11-14T11:07:15.731+0530] {dag.py:3947} INFO - Setting next_dagrun for dataset_produces_1 to 2025-11-13 00:00:00+00:00, run_after=2025-11-14 00:00:00+00:00
[2025-11-14T11:07:15.733+0530] {logging_mixin.py:188} INFO - [2025-11-14T11:07:15.733+0530] {dag.py:3947} INFO - Setting next_dagrun for dataset_produces_2 to None, run_after=None
[2025-11-14T11:07:15.810+0530] {processor.py:183} INFO - Processing /home/logi/txtai/venv/lib/python3.10/site-packages/airflow/example_dags/example_datasets.py took 0.326 seconds
[2025-11-14T11:07:46.165+0530] {processor.py:161} INFO - Started process (PID=13865) to work on /home/logi/txtai/venv/lib/python3.10/site-packages/airflow/example_dags/example_datasets.py
[2025-11-14T11:07:46.166+0530] {processor.py:830} INFO - Processing file /home/logi/txtai/venv/lib/python3.10/site-packages/airflow/example_dags/example_datasets.py for tasks to queue
[2025-11-14T11:07:46.170+0530] {logging_mixin.py:188} INFO - [2025-11-14T11:07:46.169+0530] {dagbag.py:545} INFO - Filling up the DagBag from /home/logi/txtai/venv/lib/python3.10/site-packages/airflow/example_dags/example_datasets.py
[2025-11-14T11:07:46.195+0530] {processor.py:840} INFO - DAG(s) 'dataset_produces_2', 'dataset_consumes_1_never_scheduled', 'dataset_consumes_unknown_never_scheduled', 'consume_1_or_2_with_dataset_expressions', 'consume_1_and_2_with_dataset_expressions', 'dataset_produces_1', 'consume_1_or_both_2_and_3_with_dataset_expressions', 'dataset_consumes_1', 'dataset_consumes_1_and_2', 'conditional_dataset_and_time_based_timetable' retrieved from /home/logi/txtai/venv/lib/python3.10/site-packages/airflow/example_dags/example_datasets.py
[2025-11-14T11:07:46.271+0530] {logging_mixin.py:188} INFO - [2025-11-14T11:07:46.270+0530] {dag.py:3089} INFO - Sync 10 DAGs
[2025-11-14T11:07:46.301+0530] {logging_mixin.py:188} INFO - [2025-11-14T11:07:46.301+0530] {dag.py:3947} INFO - Setting next_dagrun for conditional_dataset_and_time_based_timetable to 2025-11-12 01:00:00+00:00, run_after=2025-11-12 01:00:00+00:00
[2025-11-14T11:07:46.306+0530] {logging_mixin.py:188} INFO - [2025-11-14T11:07:46.306+0530] {dag.py:3947} INFO - Setting next_dagrun for consume_1_and_2_with_dataset_expressions to None, run_after=None
[2025-11-14T11:07:46.308+0530] {logging_mixin.py:188} INFO - [2025-11-14T11:07:46.308+0530] {dag.py:3947} INFO - Setting next_dagrun for consume_1_or_2_with_dataset_expressions to None, run_after=None
[2025-11-14T11:07:46.310+0530] {logging_mixin.py:188} INFO - [2025-11-14T11:07:46.310+0530] {dag.py:3947} INFO - Setting next_dagrun for consume_1_or_both_2_and_3_with_dataset_expressions to None, run_after=None
[2025-11-14T11:07:46.312+0530] {logging_mixin.py:188} INFO - [2025-11-14T11:07:46.312+0530] {dag.py:3947} INFO - Setting next_dagrun for dataset_consumes_1 to None, run_after=None
[2025-11-14T11:07:46.315+0530] {logging_mixin.py:188} INFO - [2025-11-14T11:07:46.315+0530] {dag.py:3947} INFO - Setting next_dagrun for dataset_consumes_1_and_2 to None, run_after=None
[2025-11-14T11:07:46.317+0530] {logging_mixin.py:188} INFO - [2025-11-14T11:07:46.316+0530] {dag.py:3947} INFO - Setting next_dagrun for dataset_consumes_1_never_scheduled to None, run_after=None
[2025-11-14T11:07:46.319+0530] {logging_mixin.py:188} INFO - [2025-11-14T11:07:46.318+0530] {dag.py:3947} INFO - Setting next_dagrun for dataset_consumes_unknown_never_scheduled to None, run_after=None
[2025-11-14T11:07:46.323+0530] {logging_mixin.py:188} INFO - [2025-11-14T11:07:46.323+0530] {dag.py:3947} INFO - Setting next_dagrun for dataset_produces_1 to 2025-11-13 00:00:00+00:00, run_after=2025-11-14 00:00:00+00:00
[2025-11-14T11:07:46.324+0530] {logging_mixin.py:188} INFO - [2025-11-14T11:07:46.324+0530] {dag.py:3947} INFO - Setting next_dagrun for dataset_produces_2 to None, run_after=None
[2025-11-14T11:07:46.397+0530] {processor.py:183} INFO - Processing /home/logi/txtai/venv/lib/python3.10/site-packages/airflow/example_dags/example_datasets.py took 0.246 seconds
[2025-11-14T11:08:16.578+0530] {processor.py:161} INFO - Started process (PID=14440) to work on /home/logi/txtai/venv/lib/python3.10/site-packages/airflow/example_dags/example_datasets.py
[2025-11-14T11:08:16.580+0530] {processor.py:830} INFO - Processing file /home/logi/txtai/venv/lib/python3.10/site-packages/airflow/example_dags/example_datasets.py for tasks to queue
[2025-11-14T11:08:16.584+0530] {logging_mixin.py:188} INFO - [2025-11-14T11:08:16.583+0530] {dagbag.py:545} INFO - Filling up the DagBag from /home/logi/txtai/venv/lib/python3.10/site-packages/airflow/example_dags/example_datasets.py
[2025-11-14T11:08:16.638+0530] {processor.py:840} INFO - DAG(s) 'dataset_produces_1', 'dataset_produces_2', 'consume_1_or_2_with_dataset_expressions', 'consume_1_and_2_with_dataset_expressions', 'dataset_consumes_1_never_scheduled', 'dataset_consumes_1_and_2', 'conditional_dataset_and_time_based_timetable', 'dataset_consumes_unknown_never_scheduled', 'consume_1_or_both_2_and_3_with_dataset_expressions', 'dataset_consumes_1' retrieved from /home/logi/txtai/venv/lib/python3.10/site-packages/airflow/example_dags/example_datasets.py
[2025-11-14T11:08:16.787+0530] {logging_mixin.py:188} INFO - [2025-11-14T11:08:16.787+0530] {dag.py:3089} INFO - Sync 10 DAGs
[2025-11-14T11:08:16.841+0530] {logging_mixin.py:188} INFO - [2025-11-14T11:08:16.840+0530] {dag.py:3947} INFO - Setting next_dagrun for conditional_dataset_and_time_based_timetable to 2025-11-12 01:00:00+00:00, run_after=2025-11-12 01:00:00+00:00
[2025-11-14T11:08:16.851+0530] {logging_mixin.py:188} INFO - [2025-11-14T11:08:16.851+0530] {dag.py:3947} INFO - Setting next_dagrun for consume_1_and_2_with_dataset_expressions to None, run_after=None
[2025-11-14T11:08:16.857+0530] {logging_mixin.py:188} INFO - [2025-11-14T11:08:16.856+0530] {dag.py:3947} INFO - Setting next_dagrun for consume_1_or_2_with_dataset_expressions to None, run_after=None
[2025-11-14T11:08:16.865+0530] {logging_mixin.py:188} INFO - [2025-11-14T11:08:16.865+0530] {dag.py:3947} INFO - Setting next_dagrun for consume_1_or_both_2_and_3_with_dataset_expressions to None, run_after=None
[2025-11-14T11:08:16.868+0530] {logging_mixin.py:188} INFO - [2025-11-14T11:08:16.868+0530] {dag.py:3947} INFO - Setting next_dagrun for dataset_consumes_1 to None, run_after=None
[2025-11-14T11:08:16.872+0530] {logging_mixin.py:188} INFO - [2025-11-14T11:08:16.871+0530] {dag.py:3947} INFO - Setting next_dagrun for dataset_consumes_1_and_2 to None, run_after=None
[2025-11-14T11:08:16.874+0530] {logging_mixin.py:188} INFO - [2025-11-14T11:08:16.874+0530] {dag.py:3947} INFO - Setting next_dagrun for dataset_consumes_1_never_scheduled to None, run_after=None
[2025-11-14T11:08:16.876+0530] {logging_mixin.py:188} INFO - [2025-11-14T11:08:16.876+0530] {dag.py:3947} INFO - Setting next_dagrun for dataset_consumes_unknown_never_scheduled to None, run_after=None
[2025-11-14T11:08:16.880+0530] {logging_mixin.py:188} INFO - [2025-11-14T11:08:16.879+0530] {dag.py:3947} INFO - Setting next_dagrun for dataset_produces_1 to 2025-11-13 00:00:00+00:00, run_after=2025-11-14 00:00:00+00:00
[2025-11-14T11:08:16.882+0530] {logging_mixin.py:188} INFO - [2025-11-14T11:08:16.882+0530] {dag.py:3947} INFO - Setting next_dagrun for dataset_produces_2 to None, run_after=None
[2025-11-14T11:08:16.959+0530] {processor.py:183} INFO - Processing /home/logi/txtai/venv/lib/python3.10/site-packages/airflow/example_dags/example_datasets.py took 0.397 seconds
[2025-11-14T11:08:47.124+0530] {processor.py:161} INFO - Started process (PID=14624) to work on /home/logi/txtai/venv/lib/python3.10/site-packages/airflow/example_dags/example_datasets.py
[2025-11-14T11:08:47.138+0530] {processor.py:830} INFO - Processing file /home/logi/txtai/venv/lib/python3.10/site-packages/airflow/example_dags/example_datasets.py for tasks to queue
[2025-11-14T11:08:47.141+0530] {logging_mixin.py:188} INFO - [2025-11-14T11:08:47.141+0530] {dagbag.py:545} INFO - Filling up the DagBag from /home/logi/txtai/venv/lib/python3.10/site-packages/airflow/example_dags/example_datasets.py
[2025-11-14T11:08:47.164+0530] {processor.py:840} INFO - DAG(s) 'dataset_produces_2', 'consume_1_and_2_with_dataset_expressions', 'dataset_consumes_1_and_2', 'dataset_consumes_1', 'consume_1_or_both_2_and_3_with_dataset_expressions', 'dataset_consumes_1_never_scheduled', 'dataset_consumes_unknown_never_scheduled', 'dataset_produces_1', 'conditional_dataset_and_time_based_timetable', 'consume_1_or_2_with_dataset_expressions' retrieved from /home/logi/txtai/venv/lib/python3.10/site-packages/airflow/example_dags/example_datasets.py
[2025-11-14T11:08:47.287+0530] {logging_mixin.py:188} INFO - [2025-11-14T11:08:47.286+0530] {dag.py:3089} INFO - Sync 10 DAGs
[2025-11-14T11:08:47.339+0530] {logging_mixin.py:188} INFO - [2025-11-14T11:08:47.338+0530] {dag.py:3947} INFO - Setting next_dagrun for conditional_dataset_and_time_based_timetable to 2025-11-12 01:00:00+00:00, run_after=2025-11-12 01:00:00+00:00
[2025-11-14T11:08:47.347+0530] {logging_mixin.py:188} INFO - [2025-11-14T11:08:47.347+0530] {dag.py:3947} INFO - Setting next_dagrun for consume_1_and_2_with_dataset_expressions to None, run_after=None
[2025-11-14T11:08:47.350+0530] {logging_mixin.py:188} INFO - [2025-11-14T11:08:47.350+0530] {dag.py:3947} INFO - Setting next_dagrun for consume_1_or_2_with_dataset_expressions to None, run_after=None
[2025-11-14T11:08:47.353+0530] {logging_mixin.py:188} INFO - [2025-11-14T11:08:47.353+0530] {dag.py:3947} INFO - Setting next_dagrun for consume_1_or_both_2_and_3_with_dataset_expressions to None, run_after=None
[2025-11-14T11:08:47.356+0530] {logging_mixin.py:188} INFO - [2025-11-14T11:08:47.356+0530] {dag.py:3947} INFO - Setting next_dagrun for dataset_consumes_1 to None, run_after=None
[2025-11-14T11:08:47.360+0530] {logging_mixin.py:188} INFO - [2025-11-14T11:08:47.359+0530] {dag.py:3947} INFO - Setting next_dagrun for dataset_consumes_1_and_2 to None, run_after=None
[2025-11-14T11:08:47.363+0530] {logging_mixin.py:188} INFO - [2025-11-14T11:08:47.362+0530] {dag.py:3947} INFO - Setting next_dagrun for dataset_consumes_1_never_scheduled to None, run_after=None
[2025-11-14T11:08:47.366+0530] {logging_mixin.py:188} INFO - [2025-11-14T11:08:47.365+0530] {dag.py:3947} INFO - Setting next_dagrun for dataset_consumes_unknown_never_scheduled to None, run_after=None
[2025-11-14T11:08:47.371+0530] {logging_mixin.py:188} INFO - [2025-11-14T11:08:47.371+0530] {dag.py:3947} INFO - Setting next_dagrun for dataset_produces_1 to 2025-11-13 00:00:00+00:00, run_after=2025-11-14 00:00:00+00:00
[2025-11-14T11:08:47.374+0530] {logging_mixin.py:188} INFO - [2025-11-14T11:08:47.374+0530] {dag.py:3947} INFO - Setting next_dagrun for dataset_produces_2 to None, run_after=None
[2025-11-14T11:08:47.447+0530] {processor.py:183} INFO - Processing /home/logi/txtai/venv/lib/python3.10/site-packages/airflow/example_dags/example_datasets.py took 0.336 seconds
[2025-11-14T11:09:17.797+0530] {processor.py:161} INFO - Started process (PID=14761) to work on /home/logi/txtai/venv/lib/python3.10/site-packages/airflow/example_dags/example_datasets.py
[2025-11-14T11:09:17.811+0530] {processor.py:830} INFO - Processing file /home/logi/txtai/venv/lib/python3.10/site-packages/airflow/example_dags/example_datasets.py for tasks to queue
[2025-11-14T11:09:17.814+0530] {logging_mixin.py:188} INFO - [2025-11-14T11:09:17.814+0530] {dagbag.py:545} INFO - Filling up the DagBag from /home/logi/txtai/venv/lib/python3.10/site-packages/airflow/example_dags/example_datasets.py
[2025-11-14T11:09:17.835+0530] {processor.py:840} INFO - DAG(s) 'dataset_consumes_1_never_scheduled', 'dataset_produces_1', 'dataset_consumes_unknown_never_scheduled', 'dataset_consumes_1', 'dataset_consumes_1_and_2', 'consume_1_and_2_with_dataset_expressions', 'dataset_produces_2', 'consume_1_or_both_2_and_3_with_dataset_expressions', 'conditional_dataset_and_time_based_timetable', 'consume_1_or_2_with_dataset_expressions' retrieved from /home/logi/txtai/venv/lib/python3.10/site-packages/airflow/example_dags/example_datasets.py
[2025-11-14T11:09:17.957+0530] {logging_mixin.py:188} INFO - [2025-11-14T11:09:17.957+0530] {dag.py:3089} INFO - Sync 10 DAGs
[2025-11-14T11:09:18.007+0530] {logging_mixin.py:188} INFO - [2025-11-14T11:09:18.007+0530] {dag.py:3947} INFO - Setting next_dagrun for conditional_dataset_and_time_based_timetable to 2025-11-12 01:00:00+00:00, run_after=2025-11-12 01:00:00+00:00
[2025-11-14T11:09:18.018+0530] {logging_mixin.py:188} INFO - [2025-11-14T11:09:18.018+0530] {dag.py:3947} INFO - Setting next_dagrun for consume_1_and_2_with_dataset_expressions to None, run_after=None
[2025-11-14T11:09:18.021+0530] {logging_mixin.py:188} INFO - [2025-11-14T11:09:18.021+0530] {dag.py:3947} INFO - Setting next_dagrun for consume_1_or_2_with_dataset_expressions to None, run_after=None
[2025-11-14T11:09:18.024+0530] {logging_mixin.py:188} INFO - [2025-11-14T11:09:18.023+0530] {dag.py:3947} INFO - Setting next_dagrun for consume_1_or_both_2_and_3_with_dataset_expressions to None, run_after=None
[2025-11-14T11:09:18.027+0530] {logging_mixin.py:188} INFO - [2025-11-14T11:09:18.026+0530] {dag.py:3947} INFO - Setting next_dagrun for dataset_consumes_1 to None, run_after=None
[2025-11-14T11:09:18.029+0530] {logging_mixin.py:188} INFO - [2025-11-14T11:09:18.029+0530] {dag.py:3947} INFO - Setting next_dagrun for dataset_consumes_1_and_2 to None, run_after=None
[2025-11-14T11:09:18.032+0530] {logging_mixin.py:188} INFO - [2025-11-14T11:09:18.031+0530] {dag.py:3947} INFO - Setting next_dagrun for dataset_consumes_1_never_scheduled to None, run_after=None
[2025-11-14T11:09:18.034+0530] {logging_mixin.py:188} INFO - [2025-11-14T11:09:18.034+0530] {dag.py:3947} INFO - Setting next_dagrun for dataset_consumes_unknown_never_scheduled to None, run_after=None
[2025-11-14T11:09:18.039+0530] {logging_mixin.py:188} INFO - [2025-11-14T11:09:18.038+0530] {dag.py:3947} INFO - Setting next_dagrun for dataset_produces_1 to 2025-11-13 00:00:00+00:00, run_after=2025-11-14 00:00:00+00:00
[2025-11-14T11:09:18.041+0530] {logging_mixin.py:188} INFO - [2025-11-14T11:09:18.041+0530] {dag.py:3947} INFO - Setting next_dagrun for dataset_produces_2 to None, run_after=None
[2025-11-14T11:09:18.105+0530] {processor.py:183} INFO - Processing /home/logi/txtai/venv/lib/python3.10/site-packages/airflow/example_dags/example_datasets.py took 0.320 seconds
[2025-11-14T11:09:48.233+0530] {processor.py:161} INFO - Started process (PID=14890) to work on /home/logi/txtai/venv/lib/python3.10/site-packages/airflow/example_dags/example_datasets.py
[2025-11-14T11:09:48.249+0530] {processor.py:830} INFO - Processing file /home/logi/txtai/venv/lib/python3.10/site-packages/airflow/example_dags/example_datasets.py for tasks to queue
[2025-11-14T11:09:48.252+0530] {logging_mixin.py:188} INFO - [2025-11-14T11:09:48.252+0530] {dagbag.py:545} INFO - Filling up the DagBag from /home/logi/txtai/venv/lib/python3.10/site-packages/airflow/example_dags/example_datasets.py
[2025-11-14T11:09:48.274+0530] {processor.py:840} INFO - DAG(s) 'dataset_consumes_1_and_2', 'consume_1_or_both_2_and_3_with_dataset_expressions', 'consume_1_and_2_with_dataset_expressions', 'dataset_consumes_unknown_never_scheduled', 'consume_1_or_2_with_dataset_expressions', 'dataset_produces_2', 'dataset_produces_1', 'dataset_consumes_1', 'dataset_consumes_1_never_scheduled', 'conditional_dataset_and_time_based_timetable' retrieved from /home/logi/txtai/venv/lib/python3.10/site-packages/airflow/example_dags/example_datasets.py
[2025-11-14T11:09:48.407+0530] {logging_mixin.py:188} INFO - [2025-11-14T11:09:48.407+0530] {dag.py:3089} INFO - Sync 10 DAGs
[2025-11-14T11:09:48.458+0530] {logging_mixin.py:188} INFO - [2025-11-14T11:09:48.457+0530] {dag.py:3947} INFO - Setting next_dagrun for conditional_dataset_and_time_based_timetable to 2025-11-12 01:00:00+00:00, run_after=2025-11-12 01:00:00+00:00
[2025-11-14T11:09:48.466+0530] {logging_mixin.py:188} INFO - [2025-11-14T11:09:48.465+0530] {dag.py:3947} INFO - Setting next_dagrun for consume_1_and_2_with_dataset_expressions to None, run_after=None
[2025-11-14T11:09:48.469+0530] {logging_mixin.py:188} INFO - [2025-11-14T11:09:48.468+0530] {dag.py:3947} INFO - Setting next_dagrun for consume_1_or_2_with_dataset_expressions to None, run_after=None
[2025-11-14T11:09:48.472+0530] {logging_mixin.py:188} INFO - [2025-11-14T11:09:48.472+0530] {dag.py:3947} INFO - Setting next_dagrun for consume_1_or_both_2_and_3_with_dataset_expressions to None, run_after=None
[2025-11-14T11:09:48.475+0530] {logging_mixin.py:188} INFO - [2025-11-14T11:09:48.474+0530] {dag.py:3947} INFO - Setting next_dagrun for dataset_consumes_1 to None, run_after=None
[2025-11-14T11:09:48.478+0530] {logging_mixin.py:188} INFO - [2025-11-14T11:09:48.477+0530] {dag.py:3947} INFO - Setting next_dagrun for dataset_consumes_1_and_2 to None, run_after=None
[2025-11-14T11:09:48.481+0530] {logging_mixin.py:188} INFO - [2025-11-14T11:09:48.480+0530] {dag.py:3947} INFO - Setting next_dagrun for dataset_consumes_1_never_scheduled to None, run_after=None
[2025-11-14T11:09:48.484+0530] {logging_mixin.py:188} INFO - [2025-11-14T11:09:48.483+0530] {dag.py:3947} INFO - Setting next_dagrun for dataset_consumes_unknown_never_scheduled to None, run_after=None
[2025-11-14T11:09:48.489+0530] {logging_mixin.py:188} INFO - [2025-11-14T11:09:48.489+0530] {dag.py:3947} INFO - Setting next_dagrun for dataset_produces_1 to 2025-11-13 00:00:00+00:00, run_after=2025-11-14 00:00:00+00:00
[2025-11-14T11:09:48.492+0530] {logging_mixin.py:188} INFO - [2025-11-14T11:09:48.492+0530] {dag.py:3947} INFO - Setting next_dagrun for dataset_produces_2 to None, run_after=None
[2025-11-14T11:09:48.580+0530] {processor.py:183} INFO - Processing /home/logi/txtai/venv/lib/python3.10/site-packages/airflow/example_dags/example_datasets.py took 0.362 seconds
[2025-11-14T11:10:19.189+0530] {processor.py:161} INFO - Started process (PID=15071) to work on /home/logi/txtai/venv/lib/python3.10/site-packages/airflow/example_dags/example_datasets.py
[2025-11-14T11:10:19.202+0530] {processor.py:830} INFO - Processing file /home/logi/txtai/venv/lib/python3.10/site-packages/airflow/example_dags/example_datasets.py for tasks to queue
[2025-11-14T11:10:19.205+0530] {logging_mixin.py:188} INFO - [2025-11-14T11:10:19.205+0530] {dagbag.py:545} INFO - Filling up the DagBag from /home/logi/txtai/venv/lib/python3.10/site-packages/airflow/example_dags/example_datasets.py
[2025-11-14T11:10:19.228+0530] {processor.py:840} INFO - DAG(s) 'dataset_consumes_1_never_scheduled', 'dataset_consumes_1_and_2', 'dataset_produces_1', 'consume_1_or_2_with_dataset_expressions', 'dataset_consumes_unknown_never_scheduled', 'dataset_produces_2', 'consume_1_or_both_2_and_3_with_dataset_expressions', 'conditional_dataset_and_time_based_timetable', 'dataset_consumes_1', 'consume_1_and_2_with_dataset_expressions' retrieved from /home/logi/txtai/venv/lib/python3.10/site-packages/airflow/example_dags/example_datasets.py
[2025-11-14T11:10:19.353+0530] {logging_mixin.py:188} INFO - [2025-11-14T11:10:19.353+0530] {dag.py:3089} INFO - Sync 10 DAGs
[2025-11-14T11:10:19.401+0530] {logging_mixin.py:188} INFO - [2025-11-14T11:10:19.401+0530] {dag.py:3947} INFO - Setting next_dagrun for conditional_dataset_and_time_based_timetable to 2025-11-12 01:00:00+00:00, run_after=2025-11-12 01:00:00+00:00
[2025-11-14T11:10:19.409+0530] {logging_mixin.py:188} INFO - [2025-11-14T11:10:19.409+0530] {dag.py:3947} INFO - Setting next_dagrun for consume_1_and_2_with_dataset_expressions to None, run_after=None
[2025-11-14T11:10:19.412+0530] {logging_mixin.py:188} INFO - [2025-11-14T11:10:19.412+0530] {dag.py:3947} INFO - Setting next_dagrun for consume_1_or_2_with_dataset_expressions to None, run_after=None
[2025-11-14T11:10:19.415+0530] {logging_mixin.py:188} INFO - [2025-11-14T11:10:19.415+0530] {dag.py:3947} INFO - Setting next_dagrun for consume_1_or_both_2_and_3_with_dataset_expressions to None, run_after=None
[2025-11-14T11:10:19.418+0530] {logging_mixin.py:188} INFO - [2025-11-14T11:10:19.418+0530] {dag.py:3947} INFO - Setting next_dagrun for dataset_consumes_1 to None, run_after=None
[2025-11-14T11:10:19.421+0530] {logging_mixin.py:188} INFO - [2025-11-14T11:10:19.421+0530] {dag.py:3947} INFO - Setting next_dagrun for dataset_consumes_1_and_2 to None, run_after=None
[2025-11-14T11:10:19.424+0530] {logging_mixin.py:188} INFO - [2025-11-14T11:10:19.424+0530] {dag.py:3947} INFO - Setting next_dagrun for dataset_consumes_1_never_scheduled to None, run_after=None
[2025-11-14T11:10:19.427+0530] {logging_mixin.py:188} INFO - [2025-11-14T11:10:19.427+0530] {dag.py:3947} INFO - Setting next_dagrun for dataset_consumes_unknown_never_scheduled to None, run_after=None
[2025-11-14T11:10:19.432+0530] {logging_mixin.py:188} INFO - [2025-11-14T11:10:19.432+0530] {dag.py:3947} INFO - Setting next_dagrun for dataset_produces_1 to 2025-11-13 00:00:00+00:00, run_after=2025-11-14 00:00:00+00:00
[2025-11-14T11:10:19.435+0530] {logging_mixin.py:188} INFO - [2025-11-14T11:10:19.435+0530] {dag.py:3947} INFO - Setting next_dagrun for dataset_produces_2 to None, run_after=None
[2025-11-14T11:10:19.509+0530] {processor.py:183} INFO - Processing /home/logi/txtai/venv/lib/python3.10/site-packages/airflow/example_dags/example_datasets.py took 0.333 seconds
