[2025-11-14T10:48:44.843+0530] {processor.py:161} INFO - Started process (PID=5921) to work on /home/logi/txtai/venv/lib/python3.10/site-packages/airflow/example_dags/example_xcom.py
[2025-11-14T10:48:44.844+0530] {processor.py:830} INFO - Processing file /home/logi/txtai/venv/lib/python3.10/site-packages/airflow/example_dags/example_xcom.py for tasks to queue
[2025-11-14T10:48:44.845+0530] {logging_mixin.py:188} INFO - [2025-11-14T10:48:44.845+0530] {dagbag.py:545} INFO - Filling up the DagBag from /home/logi/txtai/venv/lib/python3.10/site-packages/airflow/example_dags/example_xcom.py
[2025-11-14T10:48:44.862+0530] {processor.py:840} INFO - DAG(s) 'example_xcom' retrieved from /home/logi/txtai/venv/lib/python3.10/site-packages/airflow/example_dags/example_xcom.py
[2025-11-14T10:48:44.946+0530] {logging_mixin.py:188} INFO - [2025-11-14T10:48:44.945+0530] {dag.py:3089} INFO - Sync 1 DAGs
[2025-11-14T10:48:44.965+0530] {logging_mixin.py:188} INFO - [2025-11-14T10:48:44.964+0530] {dag.py:3947} INFO - Setting next_dagrun for example_xcom to 2021-01-01 00:00:00+00:00, run_after=2021-01-01 00:00:00+00:00
[2025-11-14T10:48:44.992+0530] {processor.py:183} INFO - Processing /home/logi/txtai/venv/lib/python3.10/site-packages/airflow/example_dags/example_xcom.py took 0.155 seconds
[2025-11-14T10:49:17.052+0530] {processor.py:161} INFO - Started process (PID=6556) to work on /home/logi/txtai/venv/lib/python3.10/site-packages/airflow/example_dags/example_xcom.py
[2025-11-14T10:49:17.056+0530] {processor.py:830} INFO - Processing file /home/logi/txtai/venv/lib/python3.10/site-packages/airflow/example_dags/example_xcom.py for tasks to queue
[2025-11-14T10:49:17.064+0530] {logging_mixin.py:188} INFO - [2025-11-14T10:49:17.063+0530] {dagbag.py:545} INFO - Filling up the DagBag from /home/logi/txtai/venv/lib/python3.10/site-packages/airflow/example_dags/example_xcom.py
[2025-11-14T10:49:17.078+0530] {processor.py:840} INFO - DAG(s) 'example_xcom' retrieved from /home/logi/txtai/venv/lib/python3.10/site-packages/airflow/example_dags/example_xcom.py
[2025-11-14T10:49:17.140+0530] {logging_mixin.py:188} INFO - [2025-11-14T10:49:17.139+0530] {dag.py:3089} INFO - Sync 1 DAGs
[2025-11-14T10:49:17.168+0530] {logging_mixin.py:188} INFO - [2025-11-14T10:49:17.167+0530] {dag.py:3947} INFO - Setting next_dagrun for example_xcom to 2021-01-01 00:00:00+00:00, run_after=2021-01-01 00:00:00+00:00
[2025-11-14T10:49:17.217+0530] {processor.py:183} INFO - Processing /home/logi/txtai/venv/lib/python3.10/site-packages/airflow/example_dags/example_xcom.py took 0.174 seconds
[2025-11-14T10:49:48.358+0530] {processor.py:161} INFO - Started process (PID=7224) to work on /home/logi/txtai/venv/lib/python3.10/site-packages/airflow/example_dags/example_xcom.py
[2025-11-14T10:49:48.359+0530] {processor.py:830} INFO - Processing file /home/logi/txtai/venv/lib/python3.10/site-packages/airflow/example_dags/example_xcom.py for tasks to queue
[2025-11-14T10:49:48.365+0530] {logging_mixin.py:188} INFO - [2025-11-14T10:49:48.363+0530] {dagbag.py:545} INFO - Filling up the DagBag from /home/logi/txtai/venv/lib/python3.10/site-packages/airflow/example_dags/example_xcom.py
[2025-11-14T10:49:48.388+0530] {processor.py:840} INFO - DAG(s) 'example_xcom' retrieved from /home/logi/txtai/venv/lib/python3.10/site-packages/airflow/example_dags/example_xcom.py
[2025-11-14T10:49:48.447+0530] {logging_mixin.py:188} INFO - [2025-11-14T10:49:48.446+0530] {dag.py:3089} INFO - Sync 1 DAGs
[2025-11-14T10:49:48.491+0530] {logging_mixin.py:188} INFO - [2025-11-14T10:49:48.491+0530] {dag.py:3947} INFO - Setting next_dagrun for example_xcom to 2021-01-01 00:00:00+00:00, run_after=2021-01-01 00:00:00+00:00
[2025-11-14T10:49:48.532+0530] {processor.py:183} INFO - Processing /home/logi/txtai/venv/lib/python3.10/site-packages/airflow/example_dags/example_xcom.py took 0.182 seconds
[2025-11-14T10:50:18.693+0530] {processor.py:161} INFO - Started process (PID=7783) to work on /home/logi/txtai/venv/lib/python3.10/site-packages/airflow/example_dags/example_xcom.py
[2025-11-14T10:50:18.694+0530] {processor.py:830} INFO - Processing file /home/logi/txtai/venv/lib/python3.10/site-packages/airflow/example_dags/example_xcom.py for tasks to queue
[2025-11-14T10:50:18.698+0530] {logging_mixin.py:188} INFO - [2025-11-14T10:50:18.698+0530] {dagbag.py:545} INFO - Filling up the DagBag from /home/logi/txtai/venv/lib/python3.10/site-packages/airflow/example_dags/example_xcom.py
[2025-11-14T10:50:18.709+0530] {processor.py:840} INFO - DAG(s) 'example_xcom' retrieved from /home/logi/txtai/venv/lib/python3.10/site-packages/airflow/example_dags/example_xcom.py
[2025-11-14T10:50:18.750+0530] {logging_mixin.py:188} INFO - [2025-11-14T10:50:18.749+0530] {dag.py:3089} INFO - Sync 1 DAGs
[2025-11-14T10:50:18.785+0530] {logging_mixin.py:188} INFO - [2025-11-14T10:50:18.784+0530] {dag.py:3947} INFO - Setting next_dagrun for example_xcom to 2021-01-01 00:00:00+00:00, run_after=2021-01-01 00:00:00+00:00
[2025-11-14T10:50:18.819+0530] {processor.py:183} INFO - Processing /home/logi/txtai/venv/lib/python3.10/site-packages/airflow/example_dags/example_xcom.py took 0.135 seconds
[2025-11-14T10:50:49.304+0530] {processor.py:161} INFO - Started process (PID=8058) to work on /home/logi/txtai/venv/lib/python3.10/site-packages/airflow/example_dags/example_xcom.py
[2025-11-14T10:50:49.305+0530] {processor.py:830} INFO - Processing file /home/logi/txtai/venv/lib/python3.10/site-packages/airflow/example_dags/example_xcom.py for tasks to queue
[2025-11-14T10:50:49.310+0530] {logging_mixin.py:188} INFO - [2025-11-14T10:50:49.309+0530] {dagbag.py:545} INFO - Filling up the DagBag from /home/logi/txtai/venv/lib/python3.10/site-packages/airflow/example_dags/example_xcom.py
[2025-11-14T10:50:49.325+0530] {processor.py:840} INFO - DAG(s) 'example_xcom' retrieved from /home/logi/txtai/venv/lib/python3.10/site-packages/airflow/example_dags/example_xcom.py
[2025-11-14T10:50:49.365+0530] {logging_mixin.py:188} INFO - [2025-11-14T10:50:49.365+0530] {dag.py:3089} INFO - Sync 1 DAGs
[2025-11-14T10:50:49.387+0530] {logging_mixin.py:188} INFO - [2025-11-14T10:50:49.387+0530] {dag.py:3947} INFO - Setting next_dagrun for example_xcom to 2021-01-01 00:00:00+00:00, run_after=2021-01-01 00:00:00+00:00
[2025-11-14T10:50:49.409+0530] {processor.py:183} INFO - Processing /home/logi/txtai/venv/lib/python3.10/site-packages/airflow/example_dags/example_xcom.py took 0.116 seconds
[2025-11-14T10:51:20.821+0530] {processor.py:161} INFO - Started process (PID=8225) to work on /home/logi/txtai/venv/lib/python3.10/site-packages/airflow/example_dags/example_xcom.py
[2025-11-14T10:51:20.824+0530] {processor.py:830} INFO - Processing file /home/logi/txtai/venv/lib/python3.10/site-packages/airflow/example_dags/example_xcom.py for tasks to queue
[2025-11-14T10:51:20.848+0530] {logging_mixin.py:188} INFO - [2025-11-14T10:51:20.846+0530] {dagbag.py:545} INFO - Filling up the DagBag from /home/logi/txtai/venv/lib/python3.10/site-packages/airflow/example_dags/example_xcom.py
[2025-11-14T10:51:20.883+0530] {processor.py:840} INFO - DAG(s) 'example_xcom' retrieved from /home/logi/txtai/venv/lib/python3.10/site-packages/airflow/example_dags/example_xcom.py
[2025-11-14T10:51:21.015+0530] {logging_mixin.py:188} INFO - [2025-11-14T10:51:21.014+0530] {dag.py:3089} INFO - Sync 1 DAGs
[2025-11-14T10:51:21.158+0530] {logging_mixin.py:188} INFO - [2025-11-14T10:51:21.157+0530] {dag.py:3947} INFO - Setting next_dagrun for example_xcom to 2021-01-01 00:00:00+00:00, run_after=2021-01-01 00:00:00+00:00
[2025-11-14T10:51:21.255+0530] {processor.py:183} INFO - Processing /home/logi/txtai/venv/lib/python3.10/site-packages/airflow/example_dags/example_xcom.py took 0.494 seconds
[2025-11-14T10:51:51.355+0530] {processor.py:161} INFO - Started process (PID=8375) to work on /home/logi/txtai/venv/lib/python3.10/site-packages/airflow/example_dags/example_xcom.py
[2025-11-14T10:51:51.356+0530] {processor.py:830} INFO - Processing file /home/logi/txtai/venv/lib/python3.10/site-packages/airflow/example_dags/example_xcom.py for tasks to queue
[2025-11-14T10:51:51.358+0530] {logging_mixin.py:188} INFO - [2025-11-14T10:51:51.357+0530] {dagbag.py:545} INFO - Filling up the DagBag from /home/logi/txtai/venv/lib/python3.10/site-packages/airflow/example_dags/example_xcom.py
[2025-11-14T10:51:51.367+0530] {processor.py:840} INFO - DAG(s) 'example_xcom' retrieved from /home/logi/txtai/venv/lib/python3.10/site-packages/airflow/example_dags/example_xcom.py
[2025-11-14T10:51:51.413+0530] {logging_mixin.py:188} INFO - [2025-11-14T10:51:51.413+0530] {dag.py:3089} INFO - Sync 1 DAGs
[2025-11-14T10:51:51.453+0530] {logging_mixin.py:188} INFO - [2025-11-14T10:51:51.452+0530] {dag.py:3947} INFO - Setting next_dagrun for example_xcom to 2021-01-01 00:00:00+00:00, run_after=2021-01-01 00:00:00+00:00
[2025-11-14T10:51:51.495+0530] {processor.py:183} INFO - Processing /home/logi/txtai/venv/lib/python3.10/site-packages/airflow/example_dags/example_xcom.py took 0.145 seconds
[2025-11-14T10:52:22.479+0530] {processor.py:161} INFO - Started process (PID=8546) to work on /home/logi/txtai/venv/lib/python3.10/site-packages/airflow/example_dags/example_xcom.py
[2025-11-14T10:52:22.484+0530] {processor.py:830} INFO - Processing file /home/logi/txtai/venv/lib/python3.10/site-packages/airflow/example_dags/example_xcom.py for tasks to queue
[2025-11-14T10:52:22.493+0530] {logging_mixin.py:188} INFO - [2025-11-14T10:52:22.492+0530] {dagbag.py:545} INFO - Filling up the DagBag from /home/logi/txtai/venv/lib/python3.10/site-packages/airflow/example_dags/example_xcom.py
[2025-11-14T10:52:22.531+0530] {processor.py:840} INFO - DAG(s) 'example_xcom' retrieved from /home/logi/txtai/venv/lib/python3.10/site-packages/airflow/example_dags/example_xcom.py
[2025-11-14T10:52:22.693+0530] {logging_mixin.py:188} INFO - [2025-11-14T10:52:22.691+0530] {dag.py:3089} INFO - Sync 1 DAGs
[2025-11-14T10:52:22.766+0530] {logging_mixin.py:188} INFO - [2025-11-14T10:52:22.765+0530] {dag.py:3947} INFO - Setting next_dagrun for example_xcom to 2021-01-01 00:00:00+00:00, run_after=2021-01-01 00:00:00+00:00
[2025-11-14T10:52:22.911+0530] {processor.py:183} INFO - Processing /home/logi/txtai/venv/lib/python3.10/site-packages/airflow/example_dags/example_xcom.py took 0.479 seconds
[2025-11-14T10:52:53.651+0530] {processor.py:161} INFO - Started process (PID=8686) to work on /home/logi/txtai/venv/lib/python3.10/site-packages/airflow/example_dags/example_xcom.py
[2025-11-14T10:52:53.655+0530] {processor.py:830} INFO - Processing file /home/logi/txtai/venv/lib/python3.10/site-packages/airflow/example_dags/example_xcom.py for tasks to queue
[2025-11-14T10:52:53.662+0530] {logging_mixin.py:188} INFO - [2025-11-14T10:52:53.660+0530] {dagbag.py:545} INFO - Filling up the DagBag from /home/logi/txtai/venv/lib/python3.10/site-packages/airflow/example_dags/example_xcom.py
[2025-11-14T10:52:53.673+0530] {processor.py:840} INFO - DAG(s) 'example_xcom' retrieved from /home/logi/txtai/venv/lib/python3.10/site-packages/airflow/example_dags/example_xcom.py
[2025-11-14T10:52:53.716+0530] {logging_mixin.py:188} INFO - [2025-11-14T10:52:53.715+0530] {dag.py:3089} INFO - Sync 1 DAGs
[2025-11-14T10:52:53.747+0530] {logging_mixin.py:188} INFO - [2025-11-14T10:52:53.747+0530] {dag.py:3947} INFO - Setting next_dagrun for example_xcom to 2021-01-01 00:00:00+00:00, run_after=2021-01-01 00:00:00+00:00
[2025-11-14T10:52:53.782+0530] {processor.py:183} INFO - Processing /home/logi/txtai/venv/lib/python3.10/site-packages/airflow/example_dags/example_xcom.py took 0.151 seconds
[2025-11-14T10:53:23.897+0530] {processor.py:161} INFO - Started process (PID=8816) to work on /home/logi/txtai/venv/lib/python3.10/site-packages/airflow/example_dags/example_xcom.py
[2025-11-14T10:53:23.910+0530] {processor.py:830} INFO - Processing file /home/logi/txtai/venv/lib/python3.10/site-packages/airflow/example_dags/example_xcom.py for tasks to queue
[2025-11-14T10:53:23.914+0530] {logging_mixin.py:188} INFO - [2025-11-14T10:53:23.914+0530] {dagbag.py:545} INFO - Filling up the DagBag from /home/logi/txtai/venv/lib/python3.10/site-packages/airflow/example_dags/example_xcom.py
[2025-11-14T10:53:23.929+0530] {processor.py:840} INFO - DAG(s) 'example_xcom' retrieved from /home/logi/txtai/venv/lib/python3.10/site-packages/airflow/example_dags/example_xcom.py
[2025-11-14T10:53:24.000+0530] {logging_mixin.py:188} INFO - [2025-11-14T10:53:23.999+0530] {dag.py:3089} INFO - Sync 1 DAGs
[2025-11-14T10:53:24.057+0530] {logging_mixin.py:188} INFO - [2025-11-14T10:53:24.056+0530] {dag.py:3947} INFO - Setting next_dagrun for example_xcom to 2021-01-01 00:00:00+00:00, run_after=2021-01-01 00:00:00+00:00
[2025-11-14T10:53:24.093+0530] {processor.py:183} INFO - Processing /home/logi/txtai/venv/lib/python3.10/site-packages/airflow/example_dags/example_xcom.py took 0.208 seconds
[2025-11-14T10:53:54.302+0530] {processor.py:161} INFO - Started process (PID=8980) to work on /home/logi/txtai/venv/lib/python3.10/site-packages/airflow/example_dags/example_xcom.py
[2025-11-14T10:53:54.307+0530] {processor.py:830} INFO - Processing file /home/logi/txtai/venv/lib/python3.10/site-packages/airflow/example_dags/example_xcom.py for tasks to queue
[2025-11-14T10:53:54.314+0530] {logging_mixin.py:188} INFO - [2025-11-14T10:53:54.312+0530] {dagbag.py:545} INFO - Filling up the DagBag from /home/logi/txtai/venv/lib/python3.10/site-packages/airflow/example_dags/example_xcom.py
[2025-11-14T10:53:54.323+0530] {processor.py:840} INFO - DAG(s) 'example_xcom' retrieved from /home/logi/txtai/venv/lib/python3.10/site-packages/airflow/example_dags/example_xcom.py
[2025-11-14T10:53:54.395+0530] {logging_mixin.py:188} INFO - [2025-11-14T10:53:54.394+0530] {dag.py:3089} INFO - Sync 1 DAGs
[2025-11-14T10:53:54.421+0530] {logging_mixin.py:188} INFO - [2025-11-14T10:53:54.421+0530] {dag.py:3947} INFO - Setting next_dagrun for example_xcom to 2021-01-01 00:00:00+00:00, run_after=2021-01-01 00:00:00+00:00
[2025-11-14T10:53:54.461+0530] {processor.py:183} INFO - Processing /home/logi/txtai/venv/lib/python3.10/site-packages/airflow/example_dags/example_xcom.py took 0.171 seconds
[2025-11-14T10:54:24.981+0530] {processor.py:161} INFO - Started process (PID=9225) to work on /home/logi/txtai/venv/lib/python3.10/site-packages/airflow/example_dags/example_xcom.py
[2025-11-14T10:54:24.982+0530] {processor.py:830} INFO - Processing file /home/logi/txtai/venv/lib/python3.10/site-packages/airflow/example_dags/example_xcom.py for tasks to queue
[2025-11-14T10:54:24.983+0530] {logging_mixin.py:188} INFO - [2025-11-14T10:54:24.983+0530] {dagbag.py:545} INFO - Filling up the DagBag from /home/logi/txtai/venv/lib/python3.10/site-packages/airflow/example_dags/example_xcom.py
[2025-11-14T10:54:24.989+0530] {processor.py:840} INFO - DAG(s) 'example_xcom' retrieved from /home/logi/txtai/venv/lib/python3.10/site-packages/airflow/example_dags/example_xcom.py
[2025-11-14T10:54:25.026+0530] {logging_mixin.py:188} INFO - [2025-11-14T10:54:25.026+0530] {dag.py:3089} INFO - Sync 1 DAGs
[2025-11-14T10:54:25.049+0530] {logging_mixin.py:188} INFO - [2025-11-14T10:54:25.049+0530] {dag.py:3947} INFO - Setting next_dagrun for example_xcom to 2021-01-01 00:00:00+00:00, run_after=2021-01-01 00:00:00+00:00
[2025-11-14T10:54:25.078+0530] {processor.py:183} INFO - Processing /home/logi/txtai/venv/lib/python3.10/site-packages/airflow/example_dags/example_xcom.py took 0.103 seconds
[2025-11-14T10:54:55.140+0530] {processor.py:161} INFO - Started process (PID=9367) to work on /home/logi/txtai/venv/lib/python3.10/site-packages/airflow/example_dags/example_xcom.py
[2025-11-14T10:54:55.152+0530] {processor.py:830} INFO - Processing file /home/logi/txtai/venv/lib/python3.10/site-packages/airflow/example_dags/example_xcom.py for tasks to queue
[2025-11-14T10:54:55.155+0530] {logging_mixin.py:188} INFO - [2025-11-14T10:54:55.155+0530] {dagbag.py:545} INFO - Filling up the DagBag from /home/logi/txtai/venv/lib/python3.10/site-packages/airflow/example_dags/example_xcom.py
[2025-11-14T10:54:55.171+0530] {processor.py:840} INFO - DAG(s) 'example_xcom' retrieved from /home/logi/txtai/venv/lib/python3.10/site-packages/airflow/example_dags/example_xcom.py
[2025-11-14T10:54:55.232+0530] {logging_mixin.py:188} INFO - [2025-11-14T10:54:55.232+0530] {dag.py:3089} INFO - Sync 1 DAGs
[2025-11-14T10:54:55.277+0530] {logging_mixin.py:188} INFO - [2025-11-14T10:54:55.276+0530] {dag.py:3947} INFO - Setting next_dagrun for example_xcom to 2021-01-01 00:00:00+00:00, run_after=2021-01-01 00:00:00+00:00
[2025-11-14T10:54:55.327+0530] {processor.py:183} INFO - Processing /home/logi/txtai/venv/lib/python3.10/site-packages/airflow/example_dags/example_xcom.py took 0.201 seconds
[2025-11-14T10:55:25.425+0530] {processor.py:161} INFO - Started process (PID=9514) to work on /home/logi/txtai/venv/lib/python3.10/site-packages/airflow/example_dags/example_xcom.py
[2025-11-14T10:55:25.438+0530] {processor.py:830} INFO - Processing file /home/logi/txtai/venv/lib/python3.10/site-packages/airflow/example_dags/example_xcom.py for tasks to queue
[2025-11-14T10:55:25.440+0530] {logging_mixin.py:188} INFO - [2025-11-14T10:55:25.440+0530] {dagbag.py:545} INFO - Filling up the DagBag from /home/logi/txtai/venv/lib/python3.10/site-packages/airflow/example_dags/example_xcom.py
[2025-11-14T10:55:25.449+0530] {processor.py:840} INFO - DAG(s) 'example_xcom' retrieved from /home/logi/txtai/venv/lib/python3.10/site-packages/airflow/example_dags/example_xcom.py
[2025-11-14T10:55:25.490+0530] {logging_mixin.py:188} INFO - [2025-11-14T10:55:25.489+0530] {dag.py:3089} INFO - Sync 1 DAGs
[2025-11-14T10:55:25.510+0530] {logging_mixin.py:188} INFO - [2025-11-14T10:55:25.510+0530] {dag.py:3947} INFO - Setting next_dagrun for example_xcom to 2021-01-01 00:00:00+00:00, run_after=2021-01-01 00:00:00+00:00
[2025-11-14T10:55:25.531+0530] {processor.py:183} INFO - Processing /home/logi/txtai/venv/lib/python3.10/site-packages/airflow/example_dags/example_xcom.py took 0.111 seconds
[2025-11-14T10:55:55.895+0530] {processor.py:161} INFO - Started process (PID=9642) to work on /home/logi/txtai/venv/lib/python3.10/site-packages/airflow/example_dags/example_xcom.py
[2025-11-14T10:55:55.908+0530] {processor.py:830} INFO - Processing file /home/logi/txtai/venv/lib/python3.10/site-packages/airflow/example_dags/example_xcom.py for tasks to queue
[2025-11-14T10:55:55.911+0530] {logging_mixin.py:188} INFO - [2025-11-14T10:55:55.910+0530] {dagbag.py:545} INFO - Filling up the DagBag from /home/logi/txtai/venv/lib/python3.10/site-packages/airflow/example_dags/example_xcom.py
[2025-11-14T10:55:55.927+0530] {processor.py:840} INFO - DAG(s) 'example_xcom' retrieved from /home/logi/txtai/venv/lib/python3.10/site-packages/airflow/example_dags/example_xcom.py
[2025-11-14T10:55:55.979+0530] {logging_mixin.py:188} INFO - [2025-11-14T10:55:55.979+0530] {dag.py:3089} INFO - Sync 1 DAGs
[2025-11-14T10:55:56.014+0530] {logging_mixin.py:188} INFO - [2025-11-14T10:55:56.014+0530] {dag.py:3947} INFO - Setting next_dagrun for example_xcom to 2021-01-01 00:00:00+00:00, run_after=2021-01-01 00:00:00+00:00
[2025-11-14T10:55:56.051+0530] {processor.py:183} INFO - Processing /home/logi/txtai/venv/lib/python3.10/site-packages/airflow/example_dags/example_xcom.py took 0.170 seconds
[2025-11-14T10:56:26.604+0530] {processor.py:161} INFO - Started process (PID=9806) to work on /home/logi/txtai/venv/lib/python3.10/site-packages/airflow/example_dags/example_xcom.py
[2025-11-14T10:56:26.609+0530] {processor.py:830} INFO - Processing file /home/logi/txtai/venv/lib/python3.10/site-packages/airflow/example_dags/example_xcom.py for tasks to queue
[2025-11-14T10:56:26.617+0530] {logging_mixin.py:188} INFO - [2025-11-14T10:56:26.616+0530] {dagbag.py:545} INFO - Filling up the DagBag from /home/logi/txtai/venv/lib/python3.10/site-packages/airflow/example_dags/example_xcom.py
[2025-11-14T10:56:26.651+0530] {processor.py:840} INFO - DAG(s) 'example_xcom' retrieved from /home/logi/txtai/venv/lib/python3.10/site-packages/airflow/example_dags/example_xcom.py
[2025-11-14T10:56:26.760+0530] {logging_mixin.py:188} INFO - [2025-11-14T10:56:26.758+0530] {dag.py:3089} INFO - Sync 1 DAGs
[2025-11-14T10:56:26.875+0530] {logging_mixin.py:188} INFO - [2025-11-14T10:56:26.874+0530] {dag.py:3947} INFO - Setting next_dagrun for example_xcom to 2021-01-01 00:00:00+00:00, run_after=2021-01-01 00:00:00+00:00
[2025-11-14T10:56:26.997+0530] {processor.py:183} INFO - Processing /home/logi/txtai/venv/lib/python3.10/site-packages/airflow/example_dags/example_xcom.py took 0.434 seconds
[2025-11-14T10:56:57.201+0530] {processor.py:161} INFO - Started process (PID=9948) to work on /home/logi/txtai/venv/lib/python3.10/site-packages/airflow/example_dags/example_xcom.py
[2025-11-14T10:56:57.202+0530] {processor.py:830} INFO - Processing file /home/logi/txtai/venv/lib/python3.10/site-packages/airflow/example_dags/example_xcom.py for tasks to queue
[2025-11-14T10:56:57.204+0530] {logging_mixin.py:188} INFO - [2025-11-14T10:56:57.204+0530] {dagbag.py:545} INFO - Filling up the DagBag from /home/logi/txtai/venv/lib/python3.10/site-packages/airflow/example_dags/example_xcom.py
[2025-11-14T10:56:57.210+0530] {processor.py:840} INFO - DAG(s) 'example_xcom' retrieved from /home/logi/txtai/venv/lib/python3.10/site-packages/airflow/example_dags/example_xcom.py
[2025-11-14T10:56:57.244+0530] {logging_mixin.py:188} INFO - [2025-11-14T10:56:57.244+0530] {dag.py:3089} INFO - Sync 1 DAGs
[2025-11-14T10:56:57.265+0530] {logging_mixin.py:188} INFO - [2025-11-14T10:56:57.265+0530] {dag.py:3947} INFO - Setting next_dagrun for example_xcom to 2021-01-01 00:00:00+00:00, run_after=2021-01-01 00:00:00+00:00
[2025-11-14T10:56:57.287+0530] {processor.py:183} INFO - Processing /home/logi/txtai/venv/lib/python3.10/site-packages/airflow/example_dags/example_xcom.py took 0.100 seconds
[2025-11-14T10:57:27.421+0530] {processor.py:161} INFO - Started process (PID=10080) to work on /home/logi/txtai/venv/lib/python3.10/site-packages/airflow/example_dags/example_xcom.py
[2025-11-14T10:57:27.423+0530] {processor.py:830} INFO - Processing file /home/logi/txtai/venv/lib/python3.10/site-packages/airflow/example_dags/example_xcom.py for tasks to queue
[2025-11-14T10:57:27.426+0530] {logging_mixin.py:188} INFO - [2025-11-14T10:57:27.425+0530] {dagbag.py:545} INFO - Filling up the DagBag from /home/logi/txtai/venv/lib/python3.10/site-packages/airflow/example_dags/example_xcom.py
[2025-11-14T10:57:27.442+0530] {processor.py:840} INFO - DAG(s) 'example_xcom' retrieved from /home/logi/txtai/venv/lib/python3.10/site-packages/airflow/example_dags/example_xcom.py
[2025-11-14T10:57:27.492+0530] {logging_mixin.py:188} INFO - [2025-11-14T10:57:27.492+0530] {dag.py:3089} INFO - Sync 1 DAGs
[2025-11-14T10:57:27.524+0530] {logging_mixin.py:188} INFO - [2025-11-14T10:57:27.524+0530] {dag.py:3947} INFO - Setting next_dagrun for example_xcom to 2021-01-01 00:00:00+00:00, run_after=2021-01-01 00:00:00+00:00
[2025-11-14T10:57:27.557+0530] {processor.py:183} INFO - Processing /home/logi/txtai/venv/lib/python3.10/site-packages/airflow/example_dags/example_xcom.py took 0.147 seconds
[2025-11-14T10:57:57.819+0530] {processor.py:161} INFO - Started process (PID=10209) to work on /home/logi/txtai/venv/lib/python3.10/site-packages/airflow/example_dags/example_xcom.py
[2025-11-14T10:57:57.820+0530] {processor.py:830} INFO - Processing file /home/logi/txtai/venv/lib/python3.10/site-packages/airflow/example_dags/example_xcom.py for tasks to queue
[2025-11-14T10:57:57.821+0530] {logging_mixin.py:188} INFO - [2025-11-14T10:57:57.821+0530] {dagbag.py:545} INFO - Filling up the DagBag from /home/logi/txtai/venv/lib/python3.10/site-packages/airflow/example_dags/example_xcom.py
[2025-11-14T10:57:57.828+0530] {processor.py:840} INFO - DAG(s) 'example_xcom' retrieved from /home/logi/txtai/venv/lib/python3.10/site-packages/airflow/example_dags/example_xcom.py
[2025-11-14T10:57:57.885+0530] {logging_mixin.py:188} INFO - [2025-11-14T10:57:57.884+0530] {dag.py:3089} INFO - Sync 1 DAGs
[2025-11-14T10:57:57.924+0530] {logging_mixin.py:188} INFO - [2025-11-14T10:57:57.924+0530] {dag.py:3947} INFO - Setting next_dagrun for example_xcom to 2021-01-01 00:00:00+00:00, run_after=2021-01-01 00:00:00+00:00
[2025-11-14T10:57:57.967+0530] {processor.py:183} INFO - Processing /home/logi/txtai/venv/lib/python3.10/site-packages/airflow/example_dags/example_xcom.py took 0.155 seconds
[2025-11-14T10:58:28.059+0530] {processor.py:161} INFO - Started process (PID=10339) to work on /home/logi/txtai/venv/lib/python3.10/site-packages/airflow/example_dags/example_xcom.py
[2025-11-14T10:58:28.060+0530] {processor.py:830} INFO - Processing file /home/logi/txtai/venv/lib/python3.10/site-packages/airflow/example_dags/example_xcom.py for tasks to queue
[2025-11-14T10:58:28.062+0530] {logging_mixin.py:188} INFO - [2025-11-14T10:58:28.062+0530] {dagbag.py:545} INFO - Filling up the DagBag from /home/logi/txtai/venv/lib/python3.10/site-packages/airflow/example_dags/example_xcom.py
[2025-11-14T10:58:28.071+0530] {processor.py:840} INFO - DAG(s) 'example_xcom' retrieved from /home/logi/txtai/venv/lib/python3.10/site-packages/airflow/example_dags/example_xcom.py
[2025-11-14T10:58:28.110+0530] {logging_mixin.py:188} INFO - [2025-11-14T10:58:28.110+0530] {dag.py:3089} INFO - Sync 1 DAGs
[2025-11-14T10:58:28.138+0530] {logging_mixin.py:188} INFO - [2025-11-14T10:58:28.137+0530] {dag.py:3947} INFO - Setting next_dagrun for example_xcom to 2021-01-01 00:00:00+00:00, run_after=2021-01-01 00:00:00+00:00
[2025-11-14T10:58:28.162+0530] {processor.py:183} INFO - Processing /home/logi/txtai/venv/lib/python3.10/site-packages/airflow/example_dags/example_xcom.py took 0.115 seconds
[2025-11-14T10:58:59.026+0530] {processor.py:161} INFO - Started process (PID=10499) to work on /home/logi/txtai/venv/lib/python3.10/site-packages/airflow/example_dags/example_xcom.py
[2025-11-14T10:58:59.027+0530] {processor.py:830} INFO - Processing file /home/logi/txtai/venv/lib/python3.10/site-packages/airflow/example_dags/example_xcom.py for tasks to queue
[2025-11-14T10:58:59.029+0530] {logging_mixin.py:188} INFO - [2025-11-14T10:58:59.029+0530] {dagbag.py:545} INFO - Filling up the DagBag from /home/logi/txtai/venv/lib/python3.10/site-packages/airflow/example_dags/example_xcom.py
[2025-11-14T10:58:59.041+0530] {processor.py:840} INFO - DAG(s) 'example_xcom' retrieved from /home/logi/txtai/venv/lib/python3.10/site-packages/airflow/example_dags/example_xcom.py
[2025-11-14T10:58:59.087+0530] {logging_mixin.py:188} INFO - [2025-11-14T10:58:59.087+0530] {dag.py:3089} INFO - Sync 1 DAGs
[2025-11-14T10:58:59.107+0530] {logging_mixin.py:188} INFO - [2025-11-14T10:58:59.107+0530] {dag.py:3947} INFO - Setting next_dagrun for example_xcom to 2021-01-01 00:00:00+00:00, run_after=2021-01-01 00:00:00+00:00
[2025-11-14T10:58:59.132+0530] {processor.py:183} INFO - Processing /home/logi/txtai/venv/lib/python3.10/site-packages/airflow/example_dags/example_xcom.py took 0.117 seconds
[2025-11-14T10:59:29.189+0530] {processor.py:161} INFO - Started process (PID=10627) to work on /home/logi/txtai/venv/lib/python3.10/site-packages/airflow/example_dags/example_xcom.py
[2025-11-14T10:59:29.190+0530] {processor.py:830} INFO - Processing file /home/logi/txtai/venv/lib/python3.10/site-packages/airflow/example_dags/example_xcom.py for tasks to queue
[2025-11-14T10:59:29.192+0530] {logging_mixin.py:188} INFO - [2025-11-14T10:59:29.192+0530] {dagbag.py:545} INFO - Filling up the DagBag from /home/logi/txtai/venv/lib/python3.10/site-packages/airflow/example_dags/example_xcom.py
[2025-11-14T10:59:29.198+0530] {processor.py:840} INFO - DAG(s) 'example_xcom' retrieved from /home/logi/txtai/venv/lib/python3.10/site-packages/airflow/example_dags/example_xcom.py
[2025-11-14T10:59:29.230+0530] {logging_mixin.py:188} INFO - [2025-11-14T10:59:29.230+0530] {dag.py:3089} INFO - Sync 1 DAGs
[2025-11-14T10:59:29.251+0530] {logging_mixin.py:188} INFO - [2025-11-14T10:59:29.251+0530] {dag.py:3947} INFO - Setting next_dagrun for example_xcom to 2021-01-01 00:00:00+00:00, run_after=2021-01-01 00:00:00+00:00
[2025-11-14T10:59:29.268+0530] {processor.py:183} INFO - Processing /home/logi/txtai/venv/lib/python3.10/site-packages/airflow/example_dags/example_xcom.py took 0.084 seconds
[2025-11-14T10:59:59.539+0530] {processor.py:161} INFO - Started process (PID=10757) to work on /home/logi/txtai/venv/lib/python3.10/site-packages/airflow/example_dags/example_xcom.py
[2025-11-14T10:59:59.541+0530] {processor.py:830} INFO - Processing file /home/logi/txtai/venv/lib/python3.10/site-packages/airflow/example_dags/example_xcom.py for tasks to queue
[2025-11-14T10:59:59.543+0530] {logging_mixin.py:188} INFO - [2025-11-14T10:59:59.543+0530] {dagbag.py:545} INFO - Filling up the DagBag from /home/logi/txtai/venv/lib/python3.10/site-packages/airflow/example_dags/example_xcom.py
[2025-11-14T10:59:59.555+0530] {processor.py:840} INFO - DAG(s) 'example_xcom' retrieved from /home/logi/txtai/venv/lib/python3.10/site-packages/airflow/example_dags/example_xcom.py
[2025-11-14T10:59:59.599+0530] {logging_mixin.py:188} INFO - [2025-11-14T10:59:59.598+0530] {dag.py:3089} INFO - Sync 1 DAGs
[2025-11-14T10:59:59.624+0530] {logging_mixin.py:188} INFO - [2025-11-14T10:59:59.623+0530] {dag.py:3947} INFO - Setting next_dagrun for example_xcom to 2021-01-01 00:00:00+00:00, run_after=2021-01-01 00:00:00+00:00
[2025-11-14T10:59:59.664+0530] {processor.py:183} INFO - Processing /home/logi/txtai/venv/lib/python3.10/site-packages/airflow/example_dags/example_xcom.py took 0.140 seconds
[2025-11-14T11:00:29.735+0530] {processor.py:161} INFO - Started process (PID=10886) to work on /home/logi/txtai/venv/lib/python3.10/site-packages/airflow/example_dags/example_xcom.py
[2025-11-14T11:00:29.736+0530] {processor.py:830} INFO - Processing file /home/logi/txtai/venv/lib/python3.10/site-packages/airflow/example_dags/example_xcom.py for tasks to queue
[2025-11-14T11:00:29.738+0530] {logging_mixin.py:188} INFO - [2025-11-14T11:00:29.738+0530] {dagbag.py:545} INFO - Filling up the DagBag from /home/logi/txtai/venv/lib/python3.10/site-packages/airflow/example_dags/example_xcom.py
[2025-11-14T11:00:29.745+0530] {processor.py:840} INFO - DAG(s) 'example_xcom' retrieved from /home/logi/txtai/venv/lib/python3.10/site-packages/airflow/example_dags/example_xcom.py
[2025-11-14T11:00:29.777+0530] {logging_mixin.py:188} INFO - [2025-11-14T11:00:29.777+0530] {dag.py:3089} INFO - Sync 1 DAGs
[2025-11-14T11:00:29.800+0530] {logging_mixin.py:188} INFO - [2025-11-14T11:00:29.800+0530] {dag.py:3947} INFO - Setting next_dagrun for example_xcom to 2021-01-01 00:00:00+00:00, run_after=2021-01-01 00:00:00+00:00
[2025-11-14T11:00:29.823+0530] {processor.py:183} INFO - Processing /home/logi/txtai/venv/lib/python3.10/site-packages/airflow/example_dags/example_xcom.py took 0.099 seconds
[2025-11-14T11:01:00.111+0530] {processor.py:161} INFO - Started process (PID=11016) to work on /home/logi/txtai/venv/lib/python3.10/site-packages/airflow/example_dags/example_xcom.py
[2025-11-14T11:01:00.113+0530] {processor.py:830} INFO - Processing file /home/logi/txtai/venv/lib/python3.10/site-packages/airflow/example_dags/example_xcom.py for tasks to queue
[2025-11-14T11:01:00.115+0530] {logging_mixin.py:188} INFO - [2025-11-14T11:01:00.114+0530] {dagbag.py:545} INFO - Filling up the DagBag from /home/logi/txtai/venv/lib/python3.10/site-packages/airflow/example_dags/example_xcom.py
[2025-11-14T11:01:00.121+0530] {processor.py:840} INFO - DAG(s) 'example_xcom' retrieved from /home/logi/txtai/venv/lib/python3.10/site-packages/airflow/example_dags/example_xcom.py
[2025-11-14T11:01:00.162+0530] {logging_mixin.py:188} INFO - [2025-11-14T11:01:00.162+0530] {dag.py:3089} INFO - Sync 1 DAGs
[2025-11-14T11:01:00.188+0530] {logging_mixin.py:188} INFO - [2025-11-14T11:01:00.188+0530] {dag.py:3947} INFO - Setting next_dagrun for example_xcom to 2021-01-01 00:00:00+00:00, run_after=2021-01-01 00:00:00+00:00
[2025-11-14T11:01:00.207+0530] {processor.py:183} INFO - Processing /home/logi/txtai/venv/lib/python3.10/site-packages/airflow/example_dags/example_xcom.py took 0.106 seconds
[2025-11-14T11:01:30.511+0530] {processor.py:161} INFO - Started process (PID=11146) to work on /home/logi/txtai/venv/lib/python3.10/site-packages/airflow/example_dags/example_xcom.py
[2025-11-14T11:01:30.513+0530] {processor.py:830} INFO - Processing file /home/logi/txtai/venv/lib/python3.10/site-packages/airflow/example_dags/example_xcom.py for tasks to queue
[2025-11-14T11:01:30.517+0530] {logging_mixin.py:188} INFO - [2025-11-14T11:01:30.516+0530] {dagbag.py:545} INFO - Filling up the DagBag from /home/logi/txtai/venv/lib/python3.10/site-packages/airflow/example_dags/example_xcom.py
[2025-11-14T11:01:30.534+0530] {processor.py:840} INFO - DAG(s) 'example_xcom' retrieved from /home/logi/txtai/venv/lib/python3.10/site-packages/airflow/example_dags/example_xcom.py
[2025-11-14T11:01:30.587+0530] {logging_mixin.py:188} INFO - [2025-11-14T11:01:30.587+0530] {dag.py:3089} INFO - Sync 1 DAGs
[2025-11-14T11:01:30.628+0530] {logging_mixin.py:188} INFO - [2025-11-14T11:01:30.627+0530] {dag.py:3947} INFO - Setting next_dagrun for example_xcom to 2021-01-01 00:00:00+00:00, run_after=2021-01-01 00:00:00+00:00
[2025-11-14T11:01:30.663+0530] {processor.py:183} INFO - Processing /home/logi/txtai/venv/lib/python3.10/site-packages/airflow/example_dags/example_xcom.py took 0.163 seconds
[2025-11-14T11:02:00.941+0530] {processor.py:161} INFO - Started process (PID=11275) to work on /home/logi/txtai/venv/lib/python3.10/site-packages/airflow/example_dags/example_xcom.py
[2025-11-14T11:02:00.942+0530] {processor.py:830} INFO - Processing file /home/logi/txtai/venv/lib/python3.10/site-packages/airflow/example_dags/example_xcom.py for tasks to queue
[2025-11-14T11:02:00.943+0530] {logging_mixin.py:188} INFO - [2025-11-14T11:02:00.943+0530] {dagbag.py:545} INFO - Filling up the DagBag from /home/logi/txtai/venv/lib/python3.10/site-packages/airflow/example_dags/example_xcom.py
[2025-11-14T11:02:00.950+0530] {processor.py:840} INFO - DAG(s) 'example_xcom' retrieved from /home/logi/txtai/venv/lib/python3.10/site-packages/airflow/example_dags/example_xcom.py
[2025-11-14T11:02:00.991+0530] {logging_mixin.py:188} INFO - [2025-11-14T11:02:00.990+0530] {dag.py:3089} INFO - Sync 1 DAGs
[2025-11-14T11:02:01.022+0530] {logging_mixin.py:188} INFO - [2025-11-14T11:02:01.022+0530] {dag.py:3947} INFO - Setting next_dagrun for example_xcom to 2021-01-01 00:00:00+00:00, run_after=2021-01-01 00:00:00+00:00
[2025-11-14T11:02:01.051+0530] {processor.py:183} INFO - Processing /home/logi/txtai/venv/lib/python3.10/site-packages/airflow/example_dags/example_xcom.py took 0.116 seconds
[2025-11-14T11:02:31.807+0530] {processor.py:161} INFO - Started process (PID=11424) to work on /home/logi/txtai/venv/lib/python3.10/site-packages/airflow/example_dags/example_xcom.py
[2025-11-14T11:02:31.808+0530] {processor.py:830} INFO - Processing file /home/logi/txtai/venv/lib/python3.10/site-packages/airflow/example_dags/example_xcom.py for tasks to queue
[2025-11-14T11:02:31.809+0530] {logging_mixin.py:188} INFO - [2025-11-14T11:02:31.809+0530] {dagbag.py:545} INFO - Filling up the DagBag from /home/logi/txtai/venv/lib/python3.10/site-packages/airflow/example_dags/example_xcom.py
[2025-11-14T11:02:31.816+0530] {processor.py:840} INFO - DAG(s) 'example_xcom' retrieved from /home/logi/txtai/venv/lib/python3.10/site-packages/airflow/example_dags/example_xcom.py
[2025-11-14T11:02:31.844+0530] {logging_mixin.py:188} INFO - [2025-11-14T11:02:31.844+0530] {dag.py:3089} INFO - Sync 1 DAGs
[2025-11-14T11:02:31.864+0530] {logging_mixin.py:188} INFO - [2025-11-14T11:02:31.864+0530] {dag.py:3947} INFO - Setting next_dagrun for example_xcom to 2021-01-01 00:00:00+00:00, run_after=2021-01-01 00:00:00+00:00
[2025-11-14T11:02:31.883+0530] {processor.py:183} INFO - Processing /home/logi/txtai/venv/lib/python3.10/site-packages/airflow/example_dags/example_xcom.py took 0.085 seconds
[2025-11-14T11:03:01.995+0530] {processor.py:161} INFO - Started process (PID=11761) to work on /home/logi/txtai/venv/lib/python3.10/site-packages/airflow/example_dags/example_xcom.py
[2025-11-14T11:03:01.997+0530] {processor.py:830} INFO - Processing file /home/logi/txtai/venv/lib/python3.10/site-packages/airflow/example_dags/example_xcom.py for tasks to queue
[2025-11-14T11:03:01.999+0530] {logging_mixin.py:188} INFO - [2025-11-14T11:03:01.999+0530] {dagbag.py:545} INFO - Filling up the DagBag from /home/logi/txtai/venv/lib/python3.10/site-packages/airflow/example_dags/example_xcom.py
[2025-11-14T11:03:02.008+0530] {processor.py:840} INFO - DAG(s) 'example_xcom' retrieved from /home/logi/txtai/venv/lib/python3.10/site-packages/airflow/example_dags/example_xcom.py
[2025-11-14T11:03:02.041+0530] {logging_mixin.py:188} INFO - [2025-11-14T11:03:02.040+0530] {dag.py:3089} INFO - Sync 1 DAGs
[2025-11-14T11:03:02.061+0530] {logging_mixin.py:188} INFO - [2025-11-14T11:03:02.060+0530] {dag.py:3947} INFO - Setting next_dagrun for example_xcom to 2021-01-01 00:00:00+00:00, run_after=2021-01-01 00:00:00+00:00
[2025-11-14T11:03:02.078+0530] {processor.py:183} INFO - Processing /home/logi/txtai/venv/lib/python3.10/site-packages/airflow/example_dags/example_xcom.py took 0.093 seconds
[2025-11-14T11:03:32.321+0530] {processor.py:161} INFO - Started process (PID=12583) to work on /home/logi/txtai/venv/lib/python3.10/site-packages/airflow/example_dags/example_xcom.py
[2025-11-14T11:03:32.323+0530] {processor.py:830} INFO - Processing file /home/logi/txtai/venv/lib/python3.10/site-packages/airflow/example_dags/example_xcom.py for tasks to queue
[2025-11-14T11:03:32.326+0530] {logging_mixin.py:188} INFO - [2025-11-14T11:03:32.326+0530] {dagbag.py:545} INFO - Filling up the DagBag from /home/logi/txtai/venv/lib/python3.10/site-packages/airflow/example_dags/example_xcom.py
[2025-11-14T11:03:32.342+0530] {processor.py:840} INFO - DAG(s) 'example_xcom' retrieved from /home/logi/txtai/venv/lib/python3.10/site-packages/airflow/example_dags/example_xcom.py
[2025-11-14T11:03:32.409+0530] {logging_mixin.py:188} INFO - [2025-11-14T11:03:32.408+0530] {dag.py:3089} INFO - Sync 1 DAGs
[2025-11-14T11:03:32.457+0530] {logging_mixin.py:188} INFO - [2025-11-14T11:03:32.457+0530] {dag.py:3947} INFO - Setting next_dagrun for example_xcom to 2021-01-01 00:00:00+00:00, run_after=2021-01-01 00:00:00+00:00
[2025-11-14T11:03:32.500+0530] {processor.py:183} INFO - Processing /home/logi/txtai/venv/lib/python3.10/site-packages/airflow/example_dags/example_xcom.py took 0.191 seconds
[2025-11-14T11:04:02.684+0530] {processor.py:161} INFO - Started process (PID=12716) to work on /home/logi/txtai/venv/lib/python3.10/site-packages/airflow/example_dags/example_xcom.py
[2025-11-14T11:04:02.686+0530] {processor.py:830} INFO - Processing file /home/logi/txtai/venv/lib/python3.10/site-packages/airflow/example_dags/example_xcom.py for tasks to queue
[2025-11-14T11:04:02.689+0530] {logging_mixin.py:188} INFO - [2025-11-14T11:04:02.689+0530] {dagbag.py:545} INFO - Filling up the DagBag from /home/logi/txtai/venv/lib/python3.10/site-packages/airflow/example_dags/example_xcom.py
[2025-11-14T11:04:02.703+0530] {processor.py:840} INFO - DAG(s) 'example_xcom' retrieved from /home/logi/txtai/venv/lib/python3.10/site-packages/airflow/example_dags/example_xcom.py
[2025-11-14T11:04:02.760+0530] {logging_mixin.py:188} INFO - [2025-11-14T11:04:02.759+0530] {dag.py:3089} INFO - Sync 1 DAGs
[2025-11-14T11:04:02.800+0530] {logging_mixin.py:188} INFO - [2025-11-14T11:04:02.799+0530] {dag.py:3947} INFO - Setting next_dagrun for example_xcom to 2021-01-01 00:00:00+00:00, run_after=2021-01-01 00:00:00+00:00
[2025-11-14T11:04:02.837+0530] {processor.py:183} INFO - Processing /home/logi/txtai/venv/lib/python3.10/site-packages/airflow/example_dags/example_xcom.py took 0.165 seconds
[2025-11-14T11:04:33.089+0530] {processor.py:161} INFO - Started process (PID=12848) to work on /home/logi/txtai/venv/lib/python3.10/site-packages/airflow/example_dags/example_xcom.py
[2025-11-14T11:04:33.091+0530] {processor.py:830} INFO - Processing file /home/logi/txtai/venv/lib/python3.10/site-packages/airflow/example_dags/example_xcom.py for tasks to queue
[2025-11-14T11:04:33.093+0530] {logging_mixin.py:188} INFO - [2025-11-14T11:04:33.093+0530] {dagbag.py:545} INFO - Filling up the DagBag from /home/logi/txtai/venv/lib/python3.10/site-packages/airflow/example_dags/example_xcom.py
[2025-11-14T11:04:33.106+0530] {processor.py:840} INFO - DAG(s) 'example_xcom' retrieved from /home/logi/txtai/venv/lib/python3.10/site-packages/airflow/example_dags/example_xcom.py
[2025-11-14T11:04:33.163+0530] {logging_mixin.py:188} INFO - [2025-11-14T11:04:33.162+0530] {dag.py:3089} INFO - Sync 1 DAGs
[2025-11-14T11:04:33.202+0530] {logging_mixin.py:188} INFO - [2025-11-14T11:04:33.202+0530] {dag.py:3947} INFO - Setting next_dagrun for example_xcom to 2021-01-01 00:00:00+00:00, run_after=2021-01-01 00:00:00+00:00
[2025-11-14T11:04:33.240+0530] {processor.py:183} INFO - Processing /home/logi/txtai/venv/lib/python3.10/site-packages/airflow/example_dags/example_xcom.py took 0.163 seconds
[2025-11-14T11:05:03.929+0530] {processor.py:161} INFO - Started process (PID=12998) to work on /home/logi/txtai/venv/lib/python3.10/site-packages/airflow/example_dags/example_xcom.py
[2025-11-14T11:05:03.931+0530] {processor.py:830} INFO - Processing file /home/logi/txtai/venv/lib/python3.10/site-packages/airflow/example_dags/example_xcom.py for tasks to queue
[2025-11-14T11:05:03.934+0530] {logging_mixin.py:188} INFO - [2025-11-14T11:05:03.933+0530] {dagbag.py:545} INFO - Filling up the DagBag from /home/logi/txtai/venv/lib/python3.10/site-packages/airflow/example_dags/example_xcom.py
[2025-11-14T11:05:03.947+0530] {processor.py:840} INFO - DAG(s) 'example_xcom' retrieved from /home/logi/txtai/venv/lib/python3.10/site-packages/airflow/example_dags/example_xcom.py
[2025-11-14T11:05:04.008+0530] {logging_mixin.py:188} INFO - [2025-11-14T11:05:04.007+0530] {dag.py:3089} INFO - Sync 1 DAGs
[2025-11-14T11:05:04.047+0530] {logging_mixin.py:188} INFO - [2025-11-14T11:05:04.047+0530] {dag.py:3947} INFO - Setting next_dagrun for example_xcom to 2021-01-01 00:00:00+00:00, run_after=2021-01-01 00:00:00+00:00
[2025-11-14T11:05:04.096+0530] {processor.py:183} INFO - Processing /home/logi/txtai/venv/lib/python3.10/site-packages/airflow/example_dags/example_xcom.py took 0.179 seconds
[2025-11-14T11:05:34.325+0530] {processor.py:161} INFO - Started process (PID=13126) to work on /home/logi/txtai/venv/lib/python3.10/site-packages/airflow/example_dags/example_xcom.py
[2025-11-14T11:05:34.327+0530] {processor.py:830} INFO - Processing file /home/logi/txtai/venv/lib/python3.10/site-packages/airflow/example_dags/example_xcom.py for tasks to queue
[2025-11-14T11:05:34.328+0530] {logging_mixin.py:188} INFO - [2025-11-14T11:05:34.328+0530] {dagbag.py:545} INFO - Filling up the DagBag from /home/logi/txtai/venv/lib/python3.10/site-packages/airflow/example_dags/example_xcom.py
[2025-11-14T11:05:34.334+0530] {processor.py:840} INFO - DAG(s) 'example_xcom' retrieved from /home/logi/txtai/venv/lib/python3.10/site-packages/airflow/example_dags/example_xcom.py
[2025-11-14T11:05:34.366+0530] {logging_mixin.py:188} INFO - [2025-11-14T11:05:34.366+0530] {dag.py:3089} INFO - Sync 1 DAGs
[2025-11-14T11:05:34.386+0530] {logging_mixin.py:188} INFO - [2025-11-14T11:05:34.386+0530] {dag.py:3947} INFO - Setting next_dagrun for example_xcom to 2021-01-01 00:00:00+00:00, run_after=2021-01-01 00:00:00+00:00
[2025-11-14T11:05:34.409+0530] {processor.py:183} INFO - Processing /home/logi/txtai/venv/lib/python3.10/site-packages/airflow/example_dags/example_xcom.py took 0.090 seconds
[2025-11-14T11:06:04.664+0530] {processor.py:161} INFO - Started process (PID=13255) to work on /home/logi/txtai/venv/lib/python3.10/site-packages/airflow/example_dags/example_xcom.py
[2025-11-14T11:06:04.666+0530] {processor.py:830} INFO - Processing file /home/logi/txtai/venv/lib/python3.10/site-packages/airflow/example_dags/example_xcom.py for tasks to queue
[2025-11-14T11:06:04.669+0530] {logging_mixin.py:188} INFO - [2025-11-14T11:06:04.668+0530] {dagbag.py:545} INFO - Filling up the DagBag from /home/logi/txtai/venv/lib/python3.10/site-packages/airflow/example_dags/example_xcom.py
[2025-11-14T11:06:04.682+0530] {processor.py:840} INFO - DAG(s) 'example_xcom' retrieved from /home/logi/txtai/venv/lib/python3.10/site-packages/airflow/example_dags/example_xcom.py
[2025-11-14T11:06:04.743+0530] {logging_mixin.py:188} INFO - [2025-11-14T11:06:04.742+0530] {dag.py:3089} INFO - Sync 1 DAGs
[2025-11-14T11:06:04.790+0530] {logging_mixin.py:188} INFO - [2025-11-14T11:06:04.789+0530] {dag.py:3947} INFO - Setting next_dagrun for example_xcom to 2021-01-01 00:00:00+00:00, run_after=2021-01-01 00:00:00+00:00
[2025-11-14T11:06:04.830+0530] {processor.py:183} INFO - Processing /home/logi/txtai/venv/lib/python3.10/site-packages/airflow/example_dags/example_xcom.py took 0.178 seconds
[2025-11-14T11:06:34.965+0530] {processor.py:161} INFO - Started process (PID=13386) to work on /home/logi/txtai/venv/lib/python3.10/site-packages/airflow/example_dags/example_xcom.py
[2025-11-14T11:06:34.967+0530] {processor.py:830} INFO - Processing file /home/logi/txtai/venv/lib/python3.10/site-packages/airflow/example_dags/example_xcom.py for tasks to queue
[2025-11-14T11:06:34.970+0530] {logging_mixin.py:188} INFO - [2025-11-14T11:06:34.970+0530] {dagbag.py:545} INFO - Filling up the DagBag from /home/logi/txtai/venv/lib/python3.10/site-packages/airflow/example_dags/example_xcom.py
[2025-11-14T11:06:34.988+0530] {processor.py:840} INFO - DAG(s) 'example_xcom' retrieved from /home/logi/txtai/venv/lib/python3.10/site-packages/airflow/example_dags/example_xcom.py
[2025-11-14T11:06:35.051+0530] {logging_mixin.py:188} INFO - [2025-11-14T11:06:35.050+0530] {dag.py:3089} INFO - Sync 1 DAGs
[2025-11-14T11:06:35.092+0530] {logging_mixin.py:188} INFO - [2025-11-14T11:06:35.091+0530] {dag.py:3947} INFO - Setting next_dagrun for example_xcom to 2021-01-01 00:00:00+00:00, run_after=2021-01-01 00:00:00+00:00
[2025-11-14T11:06:35.127+0530] {processor.py:183} INFO - Processing /home/logi/txtai/venv/lib/python3.10/site-packages/airflow/example_dags/example_xcom.py took 0.176 seconds
[2025-11-14T11:07:05.264+0530] {processor.py:161} INFO - Started process (PID=13564) to work on /home/logi/txtai/venv/lib/python3.10/site-packages/airflow/example_dags/example_xcom.py
[2025-11-14T11:07:05.278+0530] {processor.py:830} INFO - Processing file /home/logi/txtai/venv/lib/python3.10/site-packages/airflow/example_dags/example_xcom.py for tasks to queue
[2025-11-14T11:07:05.281+0530] {logging_mixin.py:188} INFO - [2025-11-14T11:07:05.280+0530] {dagbag.py:545} INFO - Filling up the DagBag from /home/logi/txtai/venv/lib/python3.10/site-packages/airflow/example_dags/example_xcom.py
[2025-11-14T11:07:05.293+0530] {processor.py:840} INFO - DAG(s) 'example_xcom' retrieved from /home/logi/txtai/venv/lib/python3.10/site-packages/airflow/example_dags/example_xcom.py
[2025-11-14T11:07:05.355+0530] {logging_mixin.py:188} INFO - [2025-11-14T11:07:05.354+0530] {dag.py:3089} INFO - Sync 1 DAGs
[2025-11-14T11:07:05.394+0530] {logging_mixin.py:188} INFO - [2025-11-14T11:07:05.394+0530] {dag.py:3947} INFO - Setting next_dagrun for example_xcom to 2021-01-01 00:00:00+00:00, run_after=2021-01-01 00:00:00+00:00
[2025-11-14T11:07:05.460+0530] {processor.py:183} INFO - Processing /home/logi/txtai/venv/lib/python3.10/site-packages/airflow/example_dags/example_xcom.py took 0.209 seconds
[2025-11-14T11:07:35.619+0530] {processor.py:161} INFO - Started process (PID=13755) to work on /home/logi/txtai/venv/lib/python3.10/site-packages/airflow/example_dags/example_xcom.py
[2025-11-14T11:07:35.621+0530] {processor.py:830} INFO - Processing file /home/logi/txtai/venv/lib/python3.10/site-packages/airflow/example_dags/example_xcom.py for tasks to queue
[2025-11-14T11:07:35.623+0530] {logging_mixin.py:188} INFO - [2025-11-14T11:07:35.623+0530] {dagbag.py:545} INFO - Filling up the DagBag from /home/logi/txtai/venv/lib/python3.10/site-packages/airflow/example_dags/example_xcom.py
[2025-11-14T11:07:35.638+0530] {processor.py:840} INFO - DAG(s) 'example_xcom' retrieved from /home/logi/txtai/venv/lib/python3.10/site-packages/airflow/example_dags/example_xcom.py
[2025-11-14T11:07:35.690+0530] {logging_mixin.py:188} INFO - [2025-11-14T11:07:35.690+0530] {dag.py:3089} INFO - Sync 1 DAGs
[2025-11-14T11:07:35.727+0530] {logging_mixin.py:188} INFO - [2025-11-14T11:07:35.727+0530] {dag.py:3947} INFO - Setting next_dagrun for example_xcom to 2021-01-01 00:00:00+00:00, run_after=2021-01-01 00:00:00+00:00
[2025-11-14T11:07:35.764+0530] {processor.py:183} INFO - Processing /home/logi/txtai/venv/lib/python3.10/site-packages/airflow/example_dags/example_xcom.py took 0.159 seconds
[2025-11-14T11:08:06.021+0530] {processor.py:161} INFO - Started process (PID=14012) to work on /home/logi/txtai/venv/lib/python3.10/site-packages/airflow/example_dags/example_xcom.py
[2025-11-14T11:08:06.024+0530] {processor.py:830} INFO - Processing file /home/logi/txtai/venv/lib/python3.10/site-packages/airflow/example_dags/example_xcom.py for tasks to queue
[2025-11-14T11:08:06.028+0530] {logging_mixin.py:188} INFO - [2025-11-14T11:08:06.027+0530] {dagbag.py:545} INFO - Filling up the DagBag from /home/logi/txtai/venv/lib/python3.10/site-packages/airflow/example_dags/example_xcom.py
[2025-11-14T11:08:06.062+0530] {processor.py:840} INFO - DAG(s) 'example_xcom' retrieved from /home/logi/txtai/venv/lib/python3.10/site-packages/airflow/example_dags/example_xcom.py
[2025-11-14T11:08:06.113+0530] {logging_mixin.py:188} INFO - [2025-11-14T11:08:06.112+0530] {dag.py:3089} INFO - Sync 1 DAGs
[2025-11-14T11:08:06.188+0530] {logging_mixin.py:188} INFO - [2025-11-14T11:08:06.188+0530] {dag.py:3947} INFO - Setting next_dagrun for example_xcom to 2021-01-01 00:00:00+00:00, run_after=2021-01-01 00:00:00+00:00
[2025-11-14T11:08:06.235+0530] {processor.py:183} INFO - Processing /home/logi/txtai/venv/lib/python3.10/site-packages/airflow/example_dags/example_xcom.py took 0.233 seconds
[2025-11-14T11:08:36.676+0530] {processor.py:161} INFO - Started process (PID=14568) to work on /home/logi/txtai/venv/lib/python3.10/site-packages/airflow/example_dags/example_xcom.py
[2025-11-14T11:08:36.677+0530] {processor.py:830} INFO - Processing file /home/logi/txtai/venv/lib/python3.10/site-packages/airflow/example_dags/example_xcom.py for tasks to queue
[2025-11-14T11:08:36.680+0530] {logging_mixin.py:188} INFO - [2025-11-14T11:08:36.679+0530] {dagbag.py:545} INFO - Filling up the DagBag from /home/logi/txtai/venv/lib/python3.10/site-packages/airflow/example_dags/example_xcom.py
[2025-11-14T11:08:36.691+0530] {processor.py:840} INFO - DAG(s) 'example_xcom' retrieved from /home/logi/txtai/venv/lib/python3.10/site-packages/airflow/example_dags/example_xcom.py
[2025-11-14T11:08:36.748+0530] {logging_mixin.py:188} INFO - [2025-11-14T11:08:36.748+0530] {dag.py:3089} INFO - Sync 1 DAGs
[2025-11-14T11:08:36.794+0530] {logging_mixin.py:188} INFO - [2025-11-14T11:08:36.794+0530] {dag.py:3947} INFO - Setting next_dagrun for example_xcom to 2021-01-01 00:00:00+00:00, run_after=2021-01-01 00:00:00+00:00
[2025-11-14T11:08:36.837+0530] {processor.py:183} INFO - Processing /home/logi/txtai/venv/lib/python3.10/site-packages/airflow/example_dags/example_xcom.py took 0.174 seconds
[2025-11-14T11:09:07.436+0530] {processor.py:161} INFO - Started process (PID=14704) to work on /home/logi/txtai/venv/lib/python3.10/site-packages/airflow/example_dags/example_xcom.py
[2025-11-14T11:09:07.438+0530] {processor.py:830} INFO - Processing file /home/logi/txtai/venv/lib/python3.10/site-packages/airflow/example_dags/example_xcom.py for tasks to queue
[2025-11-14T11:09:07.441+0530] {logging_mixin.py:188} INFO - [2025-11-14T11:09:07.441+0530] {dagbag.py:545} INFO - Filling up the DagBag from /home/logi/txtai/venv/lib/python3.10/site-packages/airflow/example_dags/example_xcom.py
[2025-11-14T11:09:07.455+0530] {processor.py:840} INFO - DAG(s) 'example_xcom' retrieved from /home/logi/txtai/venv/lib/python3.10/site-packages/airflow/example_dags/example_xcom.py
[2025-11-14T11:09:07.509+0530] {logging_mixin.py:188} INFO - [2025-11-14T11:09:07.509+0530] {dag.py:3089} INFO - Sync 1 DAGs
[2025-11-14T11:09:07.557+0530] {logging_mixin.py:188} INFO - [2025-11-14T11:09:07.556+0530] {dag.py:3947} INFO - Setting next_dagrun for example_xcom to 2021-01-01 00:00:00+00:00, run_after=2021-01-01 00:00:00+00:00
[2025-11-14T11:09:07.599+0530] {processor.py:183} INFO - Processing /home/logi/txtai/venv/lib/python3.10/site-packages/airflow/example_dags/example_xcom.py took 0.175 seconds
[2025-11-14T11:09:37.721+0530] {processor.py:161} INFO - Started process (PID=14833) to work on /home/logi/txtai/venv/lib/python3.10/site-packages/airflow/example_dags/example_xcom.py
[2025-11-14T11:09:37.723+0530] {processor.py:830} INFO - Processing file /home/logi/txtai/venv/lib/python3.10/site-packages/airflow/example_dags/example_xcom.py for tasks to queue
[2025-11-14T11:09:37.726+0530] {logging_mixin.py:188} INFO - [2025-11-14T11:09:37.726+0530] {dagbag.py:545} INFO - Filling up the DagBag from /home/logi/txtai/venv/lib/python3.10/site-packages/airflow/example_dags/example_xcom.py
[2025-11-14T11:09:37.740+0530] {processor.py:840} INFO - DAG(s) 'example_xcom' retrieved from /home/logi/txtai/venv/lib/python3.10/site-packages/airflow/example_dags/example_xcom.py
[2025-11-14T11:09:37.792+0530] {logging_mixin.py:188} INFO - [2025-11-14T11:09:37.792+0530] {dag.py:3089} INFO - Sync 1 DAGs
[2025-11-14T11:09:37.833+0530] {logging_mixin.py:188} INFO - [2025-11-14T11:09:37.832+0530] {dag.py:3947} INFO - Setting next_dagrun for example_xcom to 2021-01-01 00:00:00+00:00, run_after=2021-01-01 00:00:00+00:00
[2025-11-14T11:09:37.870+0530] {processor.py:183} INFO - Processing /home/logi/txtai/venv/lib/python3.10/site-packages/airflow/example_dags/example_xcom.py took 0.162 seconds
[2025-11-14T11:10:08.113+0530] {processor.py:161} INFO - Started process (PID=14985) to work on /home/logi/txtai/venv/lib/python3.10/site-packages/airflow/example_dags/example_xcom.py
[2025-11-14T11:10:08.115+0530] {processor.py:830} INFO - Processing file /home/logi/txtai/venv/lib/python3.10/site-packages/airflow/example_dags/example_xcom.py for tasks to queue
[2025-11-14T11:10:08.118+0530] {logging_mixin.py:188} INFO - [2025-11-14T11:10:08.117+0530] {dagbag.py:545} INFO - Filling up the DagBag from /home/logi/txtai/venv/lib/python3.10/site-packages/airflow/example_dags/example_xcom.py
[2025-11-14T11:10:08.131+0530] {processor.py:840} INFO - DAG(s) 'example_xcom' retrieved from /home/logi/txtai/venv/lib/python3.10/site-packages/airflow/example_dags/example_xcom.py
[2025-11-14T11:10:08.185+0530] {logging_mixin.py:188} INFO - [2025-11-14T11:10:08.184+0530] {dag.py:3089} INFO - Sync 1 DAGs
[2025-11-14T11:10:08.226+0530] {logging_mixin.py:188} INFO - [2025-11-14T11:10:08.226+0530] {dag.py:3947} INFO - Setting next_dagrun for example_xcom to 2021-01-01 00:00:00+00:00, run_after=2021-01-01 00:00:00+00:00
[2025-11-14T11:10:08.264+0530] {processor.py:183} INFO - Processing /home/logi/txtai/venv/lib/python3.10/site-packages/airflow/example_dags/example_xcom.py took 0.164 seconds
[2025-11-14T11:10:38.982+0530] {processor.py:161} INFO - Started process (PID=15204) to work on /home/logi/txtai/venv/lib/python3.10/site-packages/airflow/example_dags/example_xcom.py
[2025-11-14T11:10:38.984+0530] {processor.py:830} INFO - Processing file /home/logi/txtai/venv/lib/python3.10/site-packages/airflow/example_dags/example_xcom.py for tasks to queue
[2025-11-14T11:10:38.987+0530] {logging_mixin.py:188} INFO - [2025-11-14T11:10:38.986+0530] {dagbag.py:545} INFO - Filling up the DagBag from /home/logi/txtai/venv/lib/python3.10/site-packages/airflow/example_dags/example_xcom.py
[2025-11-14T11:10:39.000+0530] {processor.py:840} INFO - DAG(s) 'example_xcom' retrieved from /home/logi/txtai/venv/lib/python3.10/site-packages/airflow/example_dags/example_xcom.py
[2025-11-14T11:10:39.059+0530] {logging_mixin.py:188} INFO - [2025-11-14T11:10:39.058+0530] {dag.py:3089} INFO - Sync 1 DAGs
[2025-11-14T11:10:39.090+0530] {logging_mixin.py:188} INFO - [2025-11-14T11:10:39.090+0530] {dag.py:3947} INFO - Setting next_dagrun for example_xcom to 2021-01-01 00:00:00+00:00, run_after=2021-01-01 00:00:00+00:00
[2025-11-14T11:10:39.129+0530] {processor.py:183} INFO - Processing /home/logi/txtai/venv/lib/python3.10/site-packages/airflow/example_dags/example_xcom.py took 0.160 seconds
[2025-11-14T11:11:10.052+0530] {processor.py:161} INFO - Started process (PID=15478) to work on /home/logi/txtai/venv/lib/python3.10/site-packages/airflow/example_dags/example_xcom.py
[2025-11-14T11:11:10.054+0530] {processor.py:830} INFO - Processing file /home/logi/txtai/venv/lib/python3.10/site-packages/airflow/example_dags/example_xcom.py for tasks to queue
[2025-11-14T11:11:10.057+0530] {logging_mixin.py:188} INFO - [2025-11-14T11:11:10.057+0530] {dagbag.py:545} INFO - Filling up the DagBag from /home/logi/txtai/venv/lib/python3.10/site-packages/airflow/example_dags/example_xcom.py
[2025-11-14T11:11:10.070+0530] {processor.py:840} INFO - DAG(s) 'example_xcom' retrieved from /home/logi/txtai/venv/lib/python3.10/site-packages/airflow/example_dags/example_xcom.py
[2025-11-14T11:11:10.122+0530] {logging_mixin.py:188} INFO - [2025-11-14T11:11:10.122+0530] {dag.py:3089} INFO - Sync 1 DAGs
[2025-11-14T11:11:10.149+0530] {logging_mixin.py:188} INFO - [2025-11-14T11:11:10.148+0530] {dag.py:3947} INFO - Setting next_dagrun for example_xcom to 2021-01-01 00:00:00+00:00, run_after=2021-01-01 00:00:00+00:00
[2025-11-14T11:11:10.183+0530] {processor.py:183} INFO - Processing /home/logi/txtai/venv/lib/python3.10/site-packages/airflow/example_dags/example_xcom.py took 0.144 seconds
[2025-11-14T11:11:40.298+0530] {processor.py:161} INFO - Started process (PID=15605) to work on /home/logi/txtai/venv/lib/python3.10/site-packages/airflow/example_dags/example_xcom.py
[2025-11-14T11:11:40.300+0530] {processor.py:830} INFO - Processing file /home/logi/txtai/venv/lib/python3.10/site-packages/airflow/example_dags/example_xcom.py for tasks to queue
[2025-11-14T11:11:40.303+0530] {logging_mixin.py:188} INFO - [2025-11-14T11:11:40.302+0530] {dagbag.py:545} INFO - Filling up the DagBag from /home/logi/txtai/venv/lib/python3.10/site-packages/airflow/example_dags/example_xcom.py
[2025-11-14T11:11:40.318+0530] {processor.py:840} INFO - DAG(s) 'example_xcom' retrieved from /home/logi/txtai/venv/lib/python3.10/site-packages/airflow/example_dags/example_xcom.py
[2025-11-14T11:11:40.371+0530] {logging_mixin.py:188} INFO - [2025-11-14T11:11:40.370+0530] {dag.py:3089} INFO - Sync 1 DAGs
[2025-11-14T11:11:40.397+0530] {logging_mixin.py:188} INFO - [2025-11-14T11:11:40.396+0530] {dag.py:3947} INFO - Setting next_dagrun for example_xcom to 2021-01-01 00:00:00+00:00, run_after=2021-01-01 00:00:00+00:00
[2025-11-14T11:11:40.424+0530] {processor.py:183} INFO - Processing /home/logi/txtai/venv/lib/python3.10/site-packages/airflow/example_dags/example_xcom.py took 0.140 seconds
[2025-11-14T11:12:11.031+0530] {processor.py:161} INFO - Started process (PID=15795) to work on /home/logi/txtai/venv/lib/python3.10/site-packages/airflow/example_dags/example_xcom.py
[2025-11-14T11:12:11.033+0530] {processor.py:830} INFO - Processing file /home/logi/txtai/venv/lib/python3.10/site-packages/airflow/example_dags/example_xcom.py for tasks to queue
[2025-11-14T11:12:11.036+0530] {logging_mixin.py:188} INFO - [2025-11-14T11:12:11.035+0530] {dagbag.py:545} INFO - Filling up the DagBag from /home/logi/txtai/venv/lib/python3.10/site-packages/airflow/example_dags/example_xcom.py
[2025-11-14T11:12:11.055+0530] {processor.py:840} INFO - DAG(s) 'example_xcom' retrieved from /home/logi/txtai/venv/lib/python3.10/site-packages/airflow/example_dags/example_xcom.py
[2025-11-14T11:12:11.145+0530] {logging_mixin.py:188} INFO - [2025-11-14T11:12:11.144+0530] {dag.py:3089} INFO - Sync 1 DAGs
[2025-11-14T11:12:11.169+0530] {logging_mixin.py:188} INFO - [2025-11-14T11:12:11.169+0530] {dag.py:3947} INFO - Setting next_dagrun for example_xcom to 2021-01-01 00:00:00+00:00, run_after=2021-01-01 00:00:00+00:00
[2025-11-14T11:12:11.187+0530] {processor.py:183} INFO - Processing /home/logi/txtai/venv/lib/python3.10/site-packages/airflow/example_dags/example_xcom.py took 0.169 seconds
[2025-11-14T11:12:41.460+0530] {processor.py:161} INFO - Started process (PID=15986) to work on /home/logi/txtai/venv/lib/python3.10/site-packages/airflow/example_dags/example_xcom.py
[2025-11-14T11:12:41.462+0530] {processor.py:830} INFO - Processing file /home/logi/txtai/venv/lib/python3.10/site-packages/airflow/example_dags/example_xcom.py for tasks to queue
[2025-11-14T11:12:41.467+0530] {logging_mixin.py:188} INFO - [2025-11-14T11:12:41.467+0530] {dagbag.py:545} INFO - Filling up the DagBag from /home/logi/txtai/venv/lib/python3.10/site-packages/airflow/example_dags/example_xcom.py
[2025-11-14T11:12:41.475+0530] {processor.py:840} INFO - DAG(s) 'example_xcom' retrieved from /home/logi/txtai/venv/lib/python3.10/site-packages/airflow/example_dags/example_xcom.py
[2025-11-14T11:12:41.517+0530] {logging_mixin.py:188} INFO - [2025-11-14T11:12:41.516+0530] {dag.py:3089} INFO - Sync 1 DAGs
[2025-11-14T11:12:41.542+0530] {logging_mixin.py:188} INFO - [2025-11-14T11:12:41.541+0530] {dag.py:3947} INFO - Setting next_dagrun for example_xcom to 2021-01-01 00:00:00+00:00, run_after=2021-01-01 00:00:00+00:00
[2025-11-14T11:12:41.578+0530] {processor.py:183} INFO - Processing /home/logi/txtai/venv/lib/python3.10/site-packages/airflow/example_dags/example_xcom.py took 0.127 seconds
[2025-11-14T11:13:12.224+0530] {processor.py:161} INFO - Started process (PID=16199) to work on /home/logi/txtai/venv/lib/python3.10/site-packages/airflow/example_dags/example_xcom.py
[2025-11-14T11:13:12.239+0530] {processor.py:830} INFO - Processing file /home/logi/txtai/venv/lib/python3.10/site-packages/airflow/example_dags/example_xcom.py for tasks to queue
[2025-11-14T11:13:12.246+0530] {logging_mixin.py:188} INFO - [2025-11-14T11:13:12.245+0530] {dagbag.py:545} INFO - Filling up the DagBag from /home/logi/txtai/venv/lib/python3.10/site-packages/airflow/example_dags/example_xcom.py
[2025-11-14T11:13:12.265+0530] {processor.py:840} INFO - DAG(s) 'example_xcom' retrieved from /home/logi/txtai/venv/lib/python3.10/site-packages/airflow/example_dags/example_xcom.py
[2025-11-14T11:13:12.351+0530] {logging_mixin.py:188} INFO - [2025-11-14T11:13:12.351+0530] {dag.py:3089} INFO - Sync 1 DAGs
[2025-11-14T11:13:12.402+0530] {logging_mixin.py:188} INFO - [2025-11-14T11:13:12.401+0530] {dag.py:3947} INFO - Setting next_dagrun for example_xcom to 2021-01-01 00:00:00+00:00, run_after=2021-01-01 00:00:00+00:00
[2025-11-14T11:13:12.447+0530] {processor.py:183} INFO - Processing /home/logi/txtai/venv/lib/python3.10/site-packages/airflow/example_dags/example_xcom.py took 0.239 seconds
[2025-11-14T11:13:42.630+0530] {processor.py:161} INFO - Started process (PID=16439) to work on /home/logi/txtai/venv/lib/python3.10/site-packages/airflow/example_dags/example_xcom.py
[2025-11-14T11:13:42.645+0530] {processor.py:830} INFO - Processing file /home/logi/txtai/venv/lib/python3.10/site-packages/airflow/example_dags/example_xcom.py for tasks to queue
[2025-11-14T11:13:42.649+0530] {logging_mixin.py:188} INFO - [2025-11-14T11:13:42.648+0530] {dagbag.py:545} INFO - Filling up the DagBag from /home/logi/txtai/venv/lib/python3.10/site-packages/airflow/example_dags/example_xcom.py
[2025-11-14T11:13:42.667+0530] {processor.py:840} INFO - DAG(s) 'example_xcom' retrieved from /home/logi/txtai/venv/lib/python3.10/site-packages/airflow/example_dags/example_xcom.py
[2025-11-14T11:13:42.754+0530] {logging_mixin.py:188} INFO - [2025-11-14T11:13:42.753+0530] {dag.py:3089} INFO - Sync 1 DAGs
[2025-11-14T11:13:42.791+0530] {logging_mixin.py:188} INFO - [2025-11-14T11:13:42.790+0530] {dag.py:3947} INFO - Setting next_dagrun for example_xcom to 2021-01-01 00:00:00+00:00, run_after=2021-01-01 00:00:00+00:00
[2025-11-14T11:13:42.837+0530] {processor.py:183} INFO - Processing /home/logi/txtai/venv/lib/python3.10/site-packages/airflow/example_dags/example_xcom.py took 0.228 seconds
[2025-11-14T11:14:13.588+0530] {processor.py:161} INFO - Started process (PID=16721) to work on /home/logi/txtai/venv/lib/python3.10/site-packages/airflow/example_dags/example_xcom.py
[2025-11-14T11:14:13.589+0530] {processor.py:830} INFO - Processing file /home/logi/txtai/venv/lib/python3.10/site-packages/airflow/example_dags/example_xcom.py for tasks to queue
[2025-11-14T11:14:13.592+0530] {logging_mixin.py:188} INFO - [2025-11-14T11:14:13.591+0530] {dagbag.py:545} INFO - Filling up the DagBag from /home/logi/txtai/venv/lib/python3.10/site-packages/airflow/example_dags/example_xcom.py
[2025-11-14T11:14:13.599+0530] {processor.py:840} INFO - DAG(s) 'example_xcom' retrieved from /home/logi/txtai/venv/lib/python3.10/site-packages/airflow/example_dags/example_xcom.py
[2025-11-14T11:14:13.657+0530] {logging_mixin.py:188} INFO - [2025-11-14T11:14:13.657+0530] {dag.py:3089} INFO - Sync 1 DAGs
[2025-11-14T11:14:13.704+0530] {logging_mixin.py:188} INFO - [2025-11-14T11:14:13.703+0530] {dag.py:3947} INFO - Setting next_dagrun for example_xcom to 2021-01-01 00:00:00+00:00, run_after=2021-01-01 00:00:00+00:00
[2025-11-14T11:14:13.744+0530] {processor.py:183} INFO - Processing /home/logi/txtai/venv/lib/python3.10/site-packages/airflow/example_dags/example_xcom.py took 0.174 seconds
[2025-11-14T11:14:44.256+0530] {processor.py:161} INFO - Started process (PID=17002) to work on /home/logi/txtai/venv/lib/python3.10/site-packages/airflow/example_dags/example_xcom.py
[2025-11-14T11:14:44.258+0530] {processor.py:830} INFO - Processing file /home/logi/txtai/venv/lib/python3.10/site-packages/airflow/example_dags/example_xcom.py for tasks to queue
[2025-11-14T11:14:44.261+0530] {logging_mixin.py:188} INFO - [2025-11-14T11:14:44.261+0530] {dagbag.py:545} INFO - Filling up the DagBag from /home/logi/txtai/venv/lib/python3.10/site-packages/airflow/example_dags/example_xcom.py
[2025-11-14T11:14:44.276+0530] {processor.py:840} INFO - DAG(s) 'example_xcom' retrieved from /home/logi/txtai/venv/lib/python3.10/site-packages/airflow/example_dags/example_xcom.py
[2025-11-14T11:14:44.341+0530] {logging_mixin.py:188} INFO - [2025-11-14T11:14:44.340+0530] {dag.py:3089} INFO - Sync 1 DAGs
[2025-11-14T11:14:44.377+0530] {logging_mixin.py:188} INFO - [2025-11-14T11:14:44.376+0530] {dag.py:3947} INFO - Setting next_dagrun for example_xcom to 2021-01-01 00:00:00+00:00, run_after=2021-01-01 00:00:00+00:00
[2025-11-14T11:14:44.422+0530] {processor.py:183} INFO - Processing /home/logi/txtai/venv/lib/python3.10/site-packages/airflow/example_dags/example_xcom.py took 0.179 seconds
[2025-11-14T11:15:14.625+0530] {processor.py:161} INFO - Started process (PID=17135) to work on /home/logi/txtai/venv/lib/python3.10/site-packages/airflow/example_dags/example_xcom.py
[2025-11-14T11:15:14.627+0530] {processor.py:830} INFO - Processing file /home/logi/txtai/venv/lib/python3.10/site-packages/airflow/example_dags/example_xcom.py for tasks to queue
[2025-11-14T11:15:14.630+0530] {logging_mixin.py:188} INFO - [2025-11-14T11:15:14.629+0530] {dagbag.py:545} INFO - Filling up the DagBag from /home/logi/txtai/venv/lib/python3.10/site-packages/airflow/example_dags/example_xcom.py
[2025-11-14T11:15:14.643+0530] {processor.py:840} INFO - DAG(s) 'example_xcom' retrieved from /home/logi/txtai/venv/lib/python3.10/site-packages/airflow/example_dags/example_xcom.py
[2025-11-14T11:15:14.707+0530] {logging_mixin.py:188} INFO - [2025-11-14T11:15:14.706+0530] {dag.py:3089} INFO - Sync 1 DAGs
[2025-11-14T11:15:14.748+0530] {logging_mixin.py:188} INFO - [2025-11-14T11:15:14.748+0530] {dag.py:3947} INFO - Setting next_dagrun for example_xcom to 2021-01-01 00:00:00+00:00, run_after=2021-01-01 00:00:00+00:00
[2025-11-14T11:15:14.784+0530] {processor.py:183} INFO - Processing /home/logi/txtai/venv/lib/python3.10/site-packages/airflow/example_dags/example_xcom.py took 0.172 seconds
[2025-11-14T11:15:45.127+0530] {processor.py:161} INFO - Started process (PID=17271) to work on /home/logi/txtai/venv/lib/python3.10/site-packages/airflow/example_dags/example_xcom.py
[2025-11-14T11:15:45.130+0530] {processor.py:830} INFO - Processing file /home/logi/txtai/venv/lib/python3.10/site-packages/airflow/example_dags/example_xcom.py for tasks to queue
[2025-11-14T11:15:45.134+0530] {logging_mixin.py:188} INFO - [2025-11-14T11:15:45.133+0530] {dagbag.py:545} INFO - Filling up the DagBag from /home/logi/txtai/venv/lib/python3.10/site-packages/airflow/example_dags/example_xcom.py
[2025-11-14T11:15:45.153+0530] {processor.py:840} INFO - DAG(s) 'example_xcom' retrieved from /home/logi/txtai/venv/lib/python3.10/site-packages/airflow/example_dags/example_xcom.py
[2025-11-14T11:15:45.225+0530] {logging_mixin.py:188} INFO - [2025-11-14T11:15:45.225+0530] {dag.py:3089} INFO - Sync 1 DAGs
[2025-11-14T11:15:45.270+0530] {logging_mixin.py:188} INFO - [2025-11-14T11:15:45.270+0530] {dag.py:3947} INFO - Setting next_dagrun for example_xcom to 2021-01-01 00:00:00+00:00, run_after=2021-01-01 00:00:00+00:00
[2025-11-14T11:15:45.310+0530] {processor.py:183} INFO - Processing /home/logi/txtai/venv/lib/python3.10/site-packages/airflow/example_dags/example_xcom.py took 0.196 seconds
[2025-11-14T11:16:16.207+0530] {processor.py:161} INFO - Started process (PID=17482) to work on /home/logi/txtai/venv/lib/python3.10/site-packages/airflow/example_dags/example_xcom.py
[2025-11-14T11:16:16.209+0530] {processor.py:830} INFO - Processing file /home/logi/txtai/venv/lib/python3.10/site-packages/airflow/example_dags/example_xcom.py for tasks to queue
[2025-11-14T11:16:16.212+0530] {logging_mixin.py:188} INFO - [2025-11-14T11:16:16.211+0530] {dagbag.py:545} INFO - Filling up the DagBag from /home/logi/txtai/venv/lib/python3.10/site-packages/airflow/example_dags/example_xcom.py
[2025-11-14T11:16:16.225+0530] {processor.py:840} INFO - DAG(s) 'example_xcom' retrieved from /home/logi/txtai/venv/lib/python3.10/site-packages/airflow/example_dags/example_xcom.py
[2025-11-14T11:16:16.296+0530] {logging_mixin.py:188} INFO - [2025-11-14T11:16:16.296+0530] {dag.py:3089} INFO - Sync 1 DAGs
[2025-11-14T11:16:16.337+0530] {logging_mixin.py:188} INFO - [2025-11-14T11:16:16.336+0530] {dag.py:3947} INFO - Setting next_dagrun for example_xcom to 2021-01-01 00:00:00+00:00, run_after=2021-01-01 00:00:00+00:00
[2025-11-14T11:16:16.375+0530] {processor.py:183} INFO - Processing /home/logi/txtai/venv/lib/python3.10/site-packages/airflow/example_dags/example_xcom.py took 0.183 seconds
[2025-11-14T11:16:46.935+0530] {processor.py:161} INFO - Started process (PID=17620) to work on /home/logi/txtai/venv/lib/python3.10/site-packages/airflow/example_dags/example_xcom.py
[2025-11-14T11:16:46.937+0530] {processor.py:830} INFO - Processing file /home/logi/txtai/venv/lib/python3.10/site-packages/airflow/example_dags/example_xcom.py for tasks to queue
[2025-11-14T11:16:46.940+0530] {logging_mixin.py:188} INFO - [2025-11-14T11:16:46.940+0530] {dagbag.py:545} INFO - Filling up the DagBag from /home/logi/txtai/venv/lib/python3.10/site-packages/airflow/example_dags/example_xcom.py
[2025-11-14T11:16:46.953+0530] {processor.py:840} INFO - DAG(s) 'example_xcom' retrieved from /home/logi/txtai/venv/lib/python3.10/site-packages/airflow/example_dags/example_xcom.py
[2025-11-14T11:16:47.018+0530] {logging_mixin.py:188} INFO - [2025-11-14T11:16:47.018+0530] {dag.py:3089} INFO - Sync 1 DAGs
[2025-11-14T11:16:47.059+0530] {logging_mixin.py:188} INFO - [2025-11-14T11:16:47.059+0530] {dag.py:3947} INFO - Setting next_dagrun for example_xcom to 2021-01-01 00:00:00+00:00, run_after=2021-01-01 00:00:00+00:00
[2025-11-14T11:16:47.105+0530] {processor.py:183} INFO - Processing /home/logi/txtai/venv/lib/python3.10/site-packages/airflow/example_dags/example_xcom.py took 0.183 seconds
[2025-11-14T11:17:17.625+0530] {processor.py:161} INFO - Started process (PID=17794) to work on /home/logi/txtai/venv/lib/python3.10/site-packages/airflow/example_dags/example_xcom.py
[2025-11-14T11:17:17.632+0530] {processor.py:830} INFO - Processing file /home/logi/txtai/venv/lib/python3.10/site-packages/airflow/example_dags/example_xcom.py for tasks to queue
[2025-11-14T11:17:17.635+0530] {logging_mixin.py:188} INFO - [2025-11-14T11:17:17.635+0530] {dagbag.py:545} INFO - Filling up the DagBag from /home/logi/txtai/venv/lib/python3.10/site-packages/airflow/example_dags/example_xcom.py
[2025-11-14T11:17:17.650+0530] {processor.py:840} INFO - DAG(s) 'example_xcom' retrieved from /home/logi/txtai/venv/lib/python3.10/site-packages/airflow/example_dags/example_xcom.py
[2025-11-14T11:17:17.716+0530] {logging_mixin.py:188} INFO - [2025-11-14T11:17:17.715+0530] {dag.py:3089} INFO - Sync 1 DAGs
[2025-11-14T11:17:17.758+0530] {logging_mixin.py:188} INFO - [2025-11-14T11:17:17.757+0530] {dag.py:3947} INFO - Setting next_dagrun for example_xcom to 2021-01-01 00:00:00+00:00, run_after=2021-01-01 00:00:00+00:00
[2025-11-14T11:17:17.815+0530] {processor.py:183} INFO - Processing /home/logi/txtai/venv/lib/python3.10/site-packages/airflow/example_dags/example_xcom.py took 0.203 seconds
[2025-11-14T11:17:48.045+0530] {processor.py:161} INFO - Started process (PID=17965) to work on /home/logi/txtai/venv/lib/python3.10/site-packages/airflow/example_dags/example_xcom.py
[2025-11-14T11:17:48.047+0530] {processor.py:830} INFO - Processing file /home/logi/txtai/venv/lib/python3.10/site-packages/airflow/example_dags/example_xcom.py for tasks to queue
[2025-11-14T11:17:48.050+0530] {logging_mixin.py:188} INFO - [2025-11-14T11:17:48.050+0530] {dagbag.py:545} INFO - Filling up the DagBag from /home/logi/txtai/venv/lib/python3.10/site-packages/airflow/example_dags/example_xcom.py
[2025-11-14T11:17:48.065+0530] {processor.py:840} INFO - DAG(s) 'example_xcom' retrieved from /home/logi/txtai/venv/lib/python3.10/site-packages/airflow/example_dags/example_xcom.py
[2025-11-14T11:17:48.128+0530] {logging_mixin.py:188} INFO - [2025-11-14T11:17:48.127+0530] {dag.py:3089} INFO - Sync 1 DAGs
[2025-11-14T11:17:48.157+0530] {logging_mixin.py:188} INFO - [2025-11-14T11:17:48.156+0530] {dag.py:3947} INFO - Setting next_dagrun for example_xcom to 2021-01-01 00:00:00+00:00, run_after=2021-01-01 00:00:00+00:00
[2025-11-14T11:17:48.194+0530] {processor.py:183} INFO - Processing /home/logi/txtai/venv/lib/python3.10/site-packages/airflow/example_dags/example_xcom.py took 0.164 seconds
[2025-11-14T11:18:18.967+0530] {processor.py:161} INFO - Started process (PID=18134) to work on /home/logi/txtai/venv/lib/python3.10/site-packages/airflow/example_dags/example_xcom.py
[2025-11-14T11:18:18.969+0530] {processor.py:830} INFO - Processing file /home/logi/txtai/venv/lib/python3.10/site-packages/airflow/example_dags/example_xcom.py for tasks to queue
[2025-11-14T11:18:18.972+0530] {logging_mixin.py:188} INFO - [2025-11-14T11:18:18.971+0530] {dagbag.py:545} INFO - Filling up the DagBag from /home/logi/txtai/venv/lib/python3.10/site-packages/airflow/example_dags/example_xcom.py
[2025-11-14T11:18:18.985+0530] {processor.py:840} INFO - DAG(s) 'example_xcom' retrieved from /home/logi/txtai/venv/lib/python3.10/site-packages/airflow/example_dags/example_xcom.py
[2025-11-14T11:18:19.050+0530] {logging_mixin.py:188} INFO - [2025-11-14T11:18:19.049+0530] {dag.py:3089} INFO - Sync 1 DAGs
[2025-11-14T11:18:19.096+0530] {logging_mixin.py:188} INFO - [2025-11-14T11:18:19.096+0530] {dag.py:3947} INFO - Setting next_dagrun for example_xcom to 2021-01-01 00:00:00+00:00, run_after=2021-01-01 00:00:00+00:00
[2025-11-14T11:18:19.137+0530] {processor.py:183} INFO - Processing /home/logi/txtai/venv/lib/python3.10/site-packages/airflow/example_dags/example_xcom.py took 0.183 seconds
[2025-11-14T11:18:49.689+0530] {processor.py:161} INFO - Started process (PID=18308) to work on /home/logi/txtai/venv/lib/python3.10/site-packages/airflow/example_dags/example_xcom.py
[2025-11-14T11:18:49.695+0530] {processor.py:830} INFO - Processing file /home/logi/txtai/venv/lib/python3.10/site-packages/airflow/example_dags/example_xcom.py for tasks to queue
[2025-11-14T11:18:49.700+0530] {logging_mixin.py:188} INFO - [2025-11-14T11:18:49.699+0530] {dagbag.py:545} INFO - Filling up the DagBag from /home/logi/txtai/venv/lib/python3.10/site-packages/airflow/example_dags/example_xcom.py
[2025-11-14T11:18:49.714+0530] {processor.py:840} INFO - DAG(s) 'example_xcom' retrieved from /home/logi/txtai/venv/lib/python3.10/site-packages/airflow/example_dags/example_xcom.py
[2025-11-14T11:18:49.778+0530] {logging_mixin.py:188} INFO - [2025-11-14T11:18:49.777+0530] {dag.py:3089} INFO - Sync 1 DAGs
[2025-11-14T11:18:49.816+0530] {logging_mixin.py:188} INFO - [2025-11-14T11:18:49.815+0530] {dag.py:3947} INFO - Setting next_dagrun for example_xcom to 2021-01-01 00:00:00+00:00, run_after=2021-01-01 00:00:00+00:00
[2025-11-14T11:18:49.853+0530] {processor.py:183} INFO - Processing /home/logi/txtai/venv/lib/python3.10/site-packages/airflow/example_dags/example_xcom.py took 0.177 seconds
[2025-11-14T11:19:20.184+0530] {processor.py:161} INFO - Started process (PID=18479) to work on /home/logi/txtai/venv/lib/python3.10/site-packages/airflow/example_dags/example_xcom.py
[2025-11-14T11:19:20.186+0530] {processor.py:830} INFO - Processing file /home/logi/txtai/venv/lib/python3.10/site-packages/airflow/example_dags/example_xcom.py for tasks to queue
[2025-11-14T11:19:20.189+0530] {logging_mixin.py:188} INFO - [2025-11-14T11:19:20.189+0530] {dagbag.py:545} INFO - Filling up the DagBag from /home/logi/txtai/venv/lib/python3.10/site-packages/airflow/example_dags/example_xcom.py
[2025-11-14T11:19:20.203+0530] {processor.py:840} INFO - DAG(s) 'example_xcom' retrieved from /home/logi/txtai/venv/lib/python3.10/site-packages/airflow/example_dags/example_xcom.py
[2025-11-14T11:19:20.255+0530] {logging_mixin.py:188} INFO - [2025-11-14T11:19:20.255+0530] {dag.py:3089} INFO - Sync 1 DAGs
[2025-11-14T11:19:20.298+0530] {logging_mixin.py:188} INFO - [2025-11-14T11:19:20.297+0530] {dag.py:3947} INFO - Setting next_dagrun for example_xcom to 2021-01-01 00:00:00+00:00, run_after=2021-01-01 00:00:00+00:00
[2025-11-14T11:19:20.333+0530] {processor.py:183} INFO - Processing /home/logi/txtai/venv/lib/python3.10/site-packages/airflow/example_dags/example_xcom.py took 0.163 seconds
[2025-11-14T11:19:50.624+0530] {processor.py:161} INFO - Started process (PID=18645) to work on /home/logi/txtai/venv/lib/python3.10/site-packages/airflow/example_dags/example_xcom.py
[2025-11-14T11:19:50.633+0530] {processor.py:830} INFO - Processing file /home/logi/txtai/venv/lib/python3.10/site-packages/airflow/example_dags/example_xcom.py for tasks to queue
[2025-11-14T11:19:50.636+0530] {logging_mixin.py:188} INFO - [2025-11-14T11:19:50.636+0530] {dagbag.py:545} INFO - Filling up the DagBag from /home/logi/txtai/venv/lib/python3.10/site-packages/airflow/example_dags/example_xcom.py
[2025-11-14T11:19:50.649+0530] {processor.py:840} INFO - DAG(s) 'example_xcom' retrieved from /home/logi/txtai/venv/lib/python3.10/site-packages/airflow/example_dags/example_xcom.py
[2025-11-14T11:19:50.711+0530] {logging_mixin.py:188} INFO - [2025-11-14T11:19:50.711+0530] {dag.py:3089} INFO - Sync 1 DAGs
[2025-11-14T11:19:50.757+0530] {logging_mixin.py:188} INFO - [2025-11-14T11:19:50.757+0530] {dag.py:3947} INFO - Setting next_dagrun for example_xcom to 2021-01-01 00:00:00+00:00, run_after=2021-01-01 00:00:00+00:00
[2025-11-14T11:19:50.807+0530] {processor.py:183} INFO - Processing /home/logi/txtai/venv/lib/python3.10/site-packages/airflow/example_dags/example_xcom.py took 0.195 seconds
[2025-11-14T11:20:21.087+0530] {processor.py:161} INFO - Started process (PID=18818) to work on /home/logi/txtai/venv/lib/python3.10/site-packages/airflow/example_dags/example_xcom.py
[2025-11-14T11:20:21.089+0530] {processor.py:830} INFO - Processing file /home/logi/txtai/venv/lib/python3.10/site-packages/airflow/example_dags/example_xcom.py for tasks to queue
[2025-11-14T11:20:21.092+0530] {logging_mixin.py:188} INFO - [2025-11-14T11:20:21.092+0530] {dagbag.py:545} INFO - Filling up the DagBag from /home/logi/txtai/venv/lib/python3.10/site-packages/airflow/example_dags/example_xcom.py
[2025-11-14T11:20:21.105+0530] {processor.py:840} INFO - DAG(s) 'example_xcom' retrieved from /home/logi/txtai/venv/lib/python3.10/site-packages/airflow/example_dags/example_xcom.py
[2025-11-14T11:20:21.167+0530] {logging_mixin.py:188} INFO - [2025-11-14T11:20:21.166+0530] {dag.py:3089} INFO - Sync 1 DAGs
[2025-11-14T11:20:21.213+0530] {logging_mixin.py:188} INFO - [2025-11-14T11:20:21.213+0530] {dag.py:3947} INFO - Setting next_dagrun for example_xcom to 2021-01-01 00:00:00+00:00, run_after=2021-01-01 00:00:00+00:00
[2025-11-14T11:20:21.484+0530] {processor.py:183} INFO - Processing /home/logi/txtai/venv/lib/python3.10/site-packages/airflow/example_dags/example_xcom.py took 0.410 seconds
[2025-11-14T11:20:51.935+0530] {processor.py:161} INFO - Started process (PID=18986) to work on /home/logi/txtai/venv/lib/python3.10/site-packages/airflow/example_dags/example_xcom.py
[2025-11-14T11:20:51.938+0530] {processor.py:830} INFO - Processing file /home/logi/txtai/venv/lib/python3.10/site-packages/airflow/example_dags/example_xcom.py for tasks to queue
[2025-11-14T11:20:51.941+0530] {logging_mixin.py:188} INFO - [2025-11-14T11:20:51.940+0530] {dagbag.py:545} INFO - Filling up the DagBag from /home/logi/txtai/venv/lib/python3.10/site-packages/airflow/example_dags/example_xcom.py
[2025-11-14T11:20:51.954+0530] {processor.py:840} INFO - DAG(s) 'example_xcom' retrieved from /home/logi/txtai/venv/lib/python3.10/site-packages/airflow/example_dags/example_xcom.py
[2025-11-14T11:20:52.032+0530] {logging_mixin.py:188} INFO - [2025-11-14T11:20:52.031+0530] {dag.py:3089} INFO - Sync 1 DAGs
[2025-11-14T11:20:52.076+0530] {logging_mixin.py:188} INFO - [2025-11-14T11:20:52.075+0530] {dag.py:3947} INFO - Setting next_dagrun for example_xcom to 2021-01-01 00:00:00+00:00, run_after=2021-01-01 00:00:00+00:00
[2025-11-14T11:20:52.114+0530] {processor.py:183} INFO - Processing /home/logi/txtai/venv/lib/python3.10/site-packages/airflow/example_dags/example_xcom.py took 0.192 seconds
[2025-11-14T11:21:22.353+0530] {processor.py:161} INFO - Started process (PID=19152) to work on /home/logi/txtai/venv/lib/python3.10/site-packages/airflow/example_dags/example_xcom.py
[2025-11-14T11:21:22.356+0530] {processor.py:830} INFO - Processing file /home/logi/txtai/venv/lib/python3.10/site-packages/airflow/example_dags/example_xcom.py for tasks to queue
[2025-11-14T11:21:22.359+0530] {logging_mixin.py:188} INFO - [2025-11-14T11:21:22.358+0530] {dagbag.py:545} INFO - Filling up the DagBag from /home/logi/txtai/venv/lib/python3.10/site-packages/airflow/example_dags/example_xcom.py
[2025-11-14T11:21:22.374+0530] {processor.py:840} INFO - DAG(s) 'example_xcom' retrieved from /home/logi/txtai/venv/lib/python3.10/site-packages/airflow/example_dags/example_xcom.py
[2025-11-14T11:21:22.444+0530] {logging_mixin.py:188} INFO - [2025-11-14T11:21:22.443+0530] {dag.py:3089} INFO - Sync 1 DAGs
[2025-11-14T11:21:22.504+0530] {logging_mixin.py:188} INFO - [2025-11-14T11:21:22.503+0530] {dag.py:3947} INFO - Setting next_dagrun for example_xcom to 2021-01-01 00:00:00+00:00, run_after=2021-01-01 00:00:00+00:00
[2025-11-14T11:21:22.572+0530] {processor.py:183} INFO - Processing /home/logi/txtai/venv/lib/python3.10/site-packages/airflow/example_dags/example_xcom.py took 0.233 seconds
[2025-11-14T11:21:52.732+0530] {processor.py:161} INFO - Started process (PID=19319) to work on /home/logi/txtai/venv/lib/python3.10/site-packages/airflow/example_dags/example_xcom.py
[2025-11-14T11:21:52.747+0530] {processor.py:830} INFO - Processing file /home/logi/txtai/venv/lib/python3.10/site-packages/airflow/example_dags/example_xcom.py for tasks to queue
[2025-11-14T11:21:52.750+0530] {logging_mixin.py:188} INFO - [2025-11-14T11:21:52.750+0530] {dagbag.py:545} INFO - Filling up the DagBag from /home/logi/txtai/venv/lib/python3.10/site-packages/airflow/example_dags/example_xcom.py
[2025-11-14T11:21:52.763+0530] {processor.py:840} INFO - DAG(s) 'example_xcom' retrieved from /home/logi/txtai/venv/lib/python3.10/site-packages/airflow/example_dags/example_xcom.py
[2025-11-14T11:21:52.827+0530] {logging_mixin.py:188} INFO - [2025-11-14T11:21:52.827+0530] {dag.py:3089} INFO - Sync 1 DAGs
[2025-11-14T11:21:52.873+0530] {logging_mixin.py:188} INFO - [2025-11-14T11:21:52.871+0530] {dag.py:3947} INFO - Setting next_dagrun for example_xcom to 2021-01-01 00:00:00+00:00, run_after=2021-01-01 00:00:00+00:00
[2025-11-14T11:21:52.918+0530] {processor.py:183} INFO - Processing /home/logi/txtai/venv/lib/python3.10/site-packages/airflow/example_dags/example_xcom.py took 0.201 seconds
[2025-11-14T11:22:23.241+0530] {processor.py:161} INFO - Started process (PID=19497) to work on /home/logi/txtai/venv/lib/python3.10/site-packages/airflow/example_dags/example_xcom.py
[2025-11-14T11:22:23.243+0530] {processor.py:830} INFO - Processing file /home/logi/txtai/venv/lib/python3.10/site-packages/airflow/example_dags/example_xcom.py for tasks to queue
[2025-11-14T11:22:23.249+0530] {logging_mixin.py:188} INFO - [2025-11-14T11:22:23.249+0530] {dagbag.py:545} INFO - Filling up the DagBag from /home/logi/txtai/venv/lib/python3.10/site-packages/airflow/example_dags/example_xcom.py
[2025-11-14T11:22:23.267+0530] {processor.py:840} INFO - DAG(s) 'example_xcom' retrieved from /home/logi/txtai/venv/lib/python3.10/site-packages/airflow/example_dags/example_xcom.py
[2025-11-14T11:22:23.340+0530] {logging_mixin.py:188} INFO - [2025-11-14T11:22:23.340+0530] {dag.py:3089} INFO - Sync 1 DAGs
[2025-11-14T11:22:23.388+0530] {logging_mixin.py:188} INFO - [2025-11-14T11:22:23.388+0530] {dag.py:3947} INFO - Setting next_dagrun for example_xcom to 2021-01-01 00:00:00+00:00, run_after=2021-01-01 00:00:00+00:00
[2025-11-14T11:22:23.438+0530] {processor.py:183} INFO - Processing /home/logi/txtai/venv/lib/python3.10/site-packages/airflow/example_dags/example_xcom.py took 0.221 seconds
[2025-11-14T11:22:53.915+0530] {processor.py:161} INFO - Started process (PID=19766) to work on /home/logi/txtai/venv/lib/python3.10/site-packages/airflow/example_dags/example_xcom.py
[2025-11-14T11:22:53.917+0530] {processor.py:830} INFO - Processing file /home/logi/txtai/venv/lib/python3.10/site-packages/airflow/example_dags/example_xcom.py for tasks to queue
[2025-11-14T11:22:53.920+0530] {logging_mixin.py:188} INFO - [2025-11-14T11:22:53.920+0530] {dagbag.py:545} INFO - Filling up the DagBag from /home/logi/txtai/venv/lib/python3.10/site-packages/airflow/example_dags/example_xcom.py
[2025-11-14T11:22:53.933+0530] {processor.py:840} INFO - DAG(s) 'example_xcom' retrieved from /home/logi/txtai/venv/lib/python3.10/site-packages/airflow/example_dags/example_xcom.py
[2025-11-14T11:22:53.997+0530] {logging_mixin.py:188} INFO - [2025-11-14T11:22:53.997+0530] {dag.py:3089} INFO - Sync 1 DAGs
[2025-11-14T11:22:54.235+0530] {logging_mixin.py:188} INFO - [2025-11-14T11:22:54.235+0530] {dag.py:3947} INFO - Setting next_dagrun for example_xcom to 2021-01-01 00:00:00+00:00, run_after=2021-01-01 00:00:00+00:00
[2025-11-14T11:22:54.267+0530] {processor.py:183} INFO - Processing /home/logi/txtai/venv/lib/python3.10/site-packages/airflow/example_dags/example_xcom.py took 0.365 seconds
[2025-11-14T11:23:24.630+0530] {processor.py:161} INFO - Started process (PID=19940) to work on /home/logi/txtai/venv/lib/python3.10/site-packages/airflow/example_dags/example_xcom.py
[2025-11-14T11:23:24.633+0530] {processor.py:830} INFO - Processing file /home/logi/txtai/venv/lib/python3.10/site-packages/airflow/example_dags/example_xcom.py for tasks to queue
[2025-11-14T11:23:24.636+0530] {logging_mixin.py:188} INFO - [2025-11-14T11:23:24.635+0530] {dagbag.py:545} INFO - Filling up the DagBag from /home/logi/txtai/venv/lib/python3.10/site-packages/airflow/example_dags/example_xcom.py
[2025-11-14T11:23:24.650+0530] {processor.py:840} INFO - DAG(s) 'example_xcom' retrieved from /home/logi/txtai/venv/lib/python3.10/site-packages/airflow/example_dags/example_xcom.py
[2025-11-14T11:23:24.729+0530] {logging_mixin.py:188} INFO - [2025-11-14T11:23:24.728+0530] {dag.py:3089} INFO - Sync 1 DAGs
[2025-11-14T11:23:24.984+0530] {logging_mixin.py:188} INFO - [2025-11-14T11:23:24.984+0530] {dag.py:3947} INFO - Setting next_dagrun for example_xcom to 2021-01-01 00:00:00+00:00, run_after=2021-01-01 00:00:00+00:00
[2025-11-14T11:23:25.024+0530] {processor.py:183} INFO - Processing /home/logi/txtai/venv/lib/python3.10/site-packages/airflow/example_dags/example_xcom.py took 0.407 seconds
[2025-11-14T11:23:55.893+0530] {processor.py:161} INFO - Started process (PID=20107) to work on /home/logi/txtai/venv/lib/python3.10/site-packages/airflow/example_dags/example_xcom.py
[2025-11-14T11:23:55.895+0530] {processor.py:830} INFO - Processing file /home/logi/txtai/venv/lib/python3.10/site-packages/airflow/example_dags/example_xcom.py for tasks to queue
[2025-11-14T11:23:55.899+0530] {logging_mixin.py:188} INFO - [2025-11-14T11:23:55.898+0530] {dagbag.py:545} INFO - Filling up the DagBag from /home/logi/txtai/venv/lib/python3.10/site-packages/airflow/example_dags/example_xcom.py
[2025-11-14T11:23:55.927+0530] {processor.py:840} INFO - DAG(s) 'example_xcom' retrieved from /home/logi/txtai/venv/lib/python3.10/site-packages/airflow/example_dags/example_xcom.py
[2025-11-14T11:23:55.983+0530] {logging_mixin.py:188} INFO - [2025-11-14T11:23:55.983+0530] {dag.py:3089} INFO - Sync 1 DAGs
[2025-11-14T11:23:56.215+0530] {logging_mixin.py:188} INFO - [2025-11-14T11:23:56.214+0530] {dag.py:3947} INFO - Setting next_dagrun for example_xcom to 2021-01-01 00:00:00+00:00, run_after=2021-01-01 00:00:00+00:00
[2025-11-14T11:23:56.252+0530] {processor.py:183} INFO - Processing /home/logi/txtai/venv/lib/python3.10/site-packages/airflow/example_dags/example_xcom.py took 0.373 seconds
[2025-11-14T11:24:27.059+0530] {processor.py:161} INFO - Started process (PID=20265) to work on /home/logi/txtai/venv/lib/python3.10/site-packages/airflow/example_dags/example_xcom.py
[2025-11-14T11:24:27.073+0530] {processor.py:830} INFO - Processing file /home/logi/txtai/venv/lib/python3.10/site-packages/airflow/example_dags/example_xcom.py for tasks to queue
[2025-11-14T11:24:27.076+0530] {logging_mixin.py:188} INFO - [2025-11-14T11:24:27.075+0530] {dagbag.py:545} INFO - Filling up the DagBag from /home/logi/txtai/venv/lib/python3.10/site-packages/airflow/example_dags/example_xcom.py
[2025-11-14T11:24:27.090+0530] {processor.py:840} INFO - DAG(s) 'example_xcom' retrieved from /home/logi/txtai/venv/lib/python3.10/site-packages/airflow/example_dags/example_xcom.py
[2025-11-14T11:24:27.128+0530] {logging_mixin.py:188} INFO - [2025-11-14T11:24:27.128+0530] {dag.py:3089} INFO - Sync 1 DAGs
[2025-11-14T11:24:27.153+0530] {logging_mixin.py:188} INFO - [2025-11-14T11:24:27.152+0530] {dag.py:3947} INFO - Setting next_dagrun for example_xcom to 2021-01-01 00:00:00+00:00, run_after=2021-01-01 00:00:00+00:00
[2025-11-14T11:24:27.185+0530] {processor.py:183} INFO - Processing /home/logi/txtai/venv/lib/python3.10/site-packages/airflow/example_dags/example_xcom.py took 0.139 seconds
[2025-11-14T11:24:57.287+0530] {processor.py:161} INFO - Started process (PID=20421) to work on /home/logi/txtai/venv/lib/python3.10/site-packages/airflow/example_dags/example_xcom.py
[2025-11-14T11:24:57.289+0530] {processor.py:830} INFO - Processing file /home/logi/txtai/venv/lib/python3.10/site-packages/airflow/example_dags/example_xcom.py for tasks to queue
[2025-11-14T11:24:57.291+0530] {logging_mixin.py:188} INFO - [2025-11-14T11:24:57.290+0530] {dagbag.py:545} INFO - Filling up the DagBag from /home/logi/txtai/venv/lib/python3.10/site-packages/airflow/example_dags/example_xcom.py
[2025-11-14T11:24:57.299+0530] {processor.py:840} INFO - DAG(s) 'example_xcom' retrieved from /home/logi/txtai/venv/lib/python3.10/site-packages/airflow/example_dags/example_xcom.py
[2025-11-14T11:24:57.340+0530] {logging_mixin.py:188} INFO - [2025-11-14T11:24:57.339+0530] {dag.py:3089} INFO - Sync 1 DAGs
[2025-11-14T11:24:57.363+0530] {logging_mixin.py:188} INFO - [2025-11-14T11:24:57.363+0530] {dag.py:3947} INFO - Setting next_dagrun for example_xcom to 2021-01-01 00:00:00+00:00, run_after=2021-01-01 00:00:00+00:00
[2025-11-14T11:24:57.389+0530] {processor.py:183} INFO - Processing /home/logi/txtai/venv/lib/python3.10/site-packages/airflow/example_dags/example_xcom.py took 0.120 seconds
[2025-11-14T11:25:27.923+0530] {processor.py:161} INFO - Started process (PID=20582) to work on /home/logi/txtai/venv/lib/python3.10/site-packages/airflow/example_dags/example_xcom.py
[2025-11-14T11:25:27.931+0530] {processor.py:830} INFO - Processing file /home/logi/txtai/venv/lib/python3.10/site-packages/airflow/example_dags/example_xcom.py for tasks to queue
[2025-11-14T11:25:27.934+0530] {logging_mixin.py:188} INFO - [2025-11-14T11:25:27.933+0530] {dagbag.py:545} INFO - Filling up the DagBag from /home/logi/txtai/venv/lib/python3.10/site-packages/airflow/example_dags/example_xcom.py
[2025-11-14T11:25:27.956+0530] {processor.py:840} INFO - DAG(s) 'example_xcom' retrieved from /home/logi/txtai/venv/lib/python3.10/site-packages/airflow/example_dags/example_xcom.py
[2025-11-14T11:25:28.028+0530] {logging_mixin.py:188} INFO - [2025-11-14T11:25:28.027+0530] {dag.py:3089} INFO - Sync 1 DAGs
[2025-11-14T11:25:28.074+0530] {logging_mixin.py:188} INFO - [2025-11-14T11:25:28.074+0530] {dag.py:3947} INFO - Setting next_dagrun for example_xcom to 2021-01-01 00:00:00+00:00, run_after=2021-01-01 00:00:00+00:00
[2025-11-14T11:25:28.118+0530] {processor.py:183} INFO - Processing /home/logi/txtai/venv/lib/python3.10/site-packages/airflow/example_dags/example_xcom.py took 0.212 seconds
[2025-11-14T11:25:59.114+0530] {processor.py:161} INFO - Started process (PID=20742) to work on /home/logi/txtai/venv/lib/python3.10/site-packages/airflow/example_dags/example_xcom.py
[2025-11-14T11:25:59.117+0530] {processor.py:830} INFO - Processing file /home/logi/txtai/venv/lib/python3.10/site-packages/airflow/example_dags/example_xcom.py for tasks to queue
[2025-11-14T11:25:59.124+0530] {logging_mixin.py:188} INFO - [2025-11-14T11:25:59.123+0530] {dagbag.py:545} INFO - Filling up the DagBag from /home/logi/txtai/venv/lib/python3.10/site-packages/airflow/example_dags/example_xcom.py
[2025-11-14T11:25:59.142+0530] {processor.py:840} INFO - DAG(s) 'example_xcom' retrieved from /home/logi/txtai/venv/lib/python3.10/site-packages/airflow/example_dags/example_xcom.py
[2025-11-14T11:25:59.215+0530] {logging_mixin.py:188} INFO - [2025-11-14T11:25:59.215+0530] {dag.py:3089} INFO - Sync 1 DAGs
[2025-11-14T11:25:59.265+0530] {logging_mixin.py:188} INFO - [2025-11-14T11:25:59.265+0530] {dag.py:3947} INFO - Setting next_dagrun for example_xcom to 2021-01-01 00:00:00+00:00, run_after=2021-01-01 00:00:00+00:00
[2025-11-14T11:25:59.316+0530] {processor.py:183} INFO - Processing /home/logi/txtai/venv/lib/python3.10/site-packages/airflow/example_dags/example_xcom.py took 0.215 seconds
[2025-11-14T11:26:30.246+0530] {processor.py:161} INFO - Started process (PID=20900) to work on /home/logi/txtai/venv/lib/python3.10/site-packages/airflow/example_dags/example_xcom.py
[2025-11-14T11:26:30.255+0530] {processor.py:830} INFO - Processing file /home/logi/txtai/venv/lib/python3.10/site-packages/airflow/example_dags/example_xcom.py for tasks to queue
[2025-11-14T11:26:30.259+0530] {logging_mixin.py:188} INFO - [2025-11-14T11:26:30.258+0530] {dagbag.py:545} INFO - Filling up the DagBag from /home/logi/txtai/venv/lib/python3.10/site-packages/airflow/example_dags/example_xcom.py
[2025-11-14T11:26:30.279+0530] {processor.py:840} INFO - DAG(s) 'example_xcom' retrieved from /home/logi/txtai/venv/lib/python3.10/site-packages/airflow/example_dags/example_xcom.py
[2025-11-14T11:26:30.357+0530] {logging_mixin.py:188} INFO - [2025-11-14T11:26:30.357+0530] {dag.py:3089} INFO - Sync 1 DAGs
[2025-11-14T11:26:30.408+0530] {logging_mixin.py:188} INFO - [2025-11-14T11:26:30.408+0530] {dag.py:3947} INFO - Setting next_dagrun for example_xcom to 2021-01-01 00:00:00+00:00, run_after=2021-01-01 00:00:00+00:00
[2025-11-14T11:26:30.474+0530] {processor.py:183} INFO - Processing /home/logi/txtai/venv/lib/python3.10/site-packages/airflow/example_dags/example_xcom.py took 0.243 seconds
[2025-11-14T11:27:01.067+0530] {processor.py:161} INFO - Started process (PID=21061) to work on /home/logi/txtai/venv/lib/python3.10/site-packages/airflow/example_dags/example_xcom.py
[2025-11-14T11:27:01.082+0530] {processor.py:830} INFO - Processing file /home/logi/txtai/venv/lib/python3.10/site-packages/airflow/example_dags/example_xcom.py for tasks to queue
[2025-11-14T11:27:01.084+0530] {logging_mixin.py:188} INFO - [2025-11-14T11:27:01.084+0530] {dagbag.py:545} INFO - Filling up the DagBag from /home/logi/txtai/venv/lib/python3.10/site-packages/airflow/example_dags/example_xcom.py
[2025-11-14T11:27:01.100+0530] {processor.py:840} INFO - DAG(s) 'example_xcom' retrieved from /home/logi/txtai/venv/lib/python3.10/site-packages/airflow/example_dags/example_xcom.py
[2025-11-14T11:27:01.176+0530] {logging_mixin.py:188} INFO - [2025-11-14T11:27:01.175+0530] {dag.py:3089} INFO - Sync 1 DAGs
[2025-11-14T11:27:01.226+0530] {logging_mixin.py:188} INFO - [2025-11-14T11:27:01.225+0530] {dag.py:3947} INFO - Setting next_dagrun for example_xcom to 2021-01-01 00:00:00+00:00, run_after=2021-01-01 00:00:00+00:00
[2025-11-14T11:27:01.268+0530] {processor.py:183} INFO - Processing /home/logi/txtai/venv/lib/python3.10/site-packages/airflow/example_dags/example_xcom.py took 0.222 seconds
[2025-11-14T11:27:32.190+0530] {processor.py:161} INFO - Started process (PID=21220) to work on /home/logi/txtai/venv/lib/python3.10/site-packages/airflow/example_dags/example_xcom.py
[2025-11-14T11:27:32.204+0530] {processor.py:830} INFO - Processing file /home/logi/txtai/venv/lib/python3.10/site-packages/airflow/example_dags/example_xcom.py for tasks to queue
[2025-11-14T11:27:32.207+0530] {logging_mixin.py:188} INFO - [2025-11-14T11:27:32.206+0530] {dagbag.py:545} INFO - Filling up the DagBag from /home/logi/txtai/venv/lib/python3.10/site-packages/airflow/example_dags/example_xcom.py
[2025-11-14T11:27:32.226+0530] {processor.py:840} INFO - DAG(s) 'example_xcom' retrieved from /home/logi/txtai/venv/lib/python3.10/site-packages/airflow/example_dags/example_xcom.py
[2025-11-14T11:27:32.306+0530] {logging_mixin.py:188} INFO - [2025-11-14T11:27:32.305+0530] {dag.py:3089} INFO - Sync 1 DAGs
[2025-11-14T11:27:32.363+0530] {logging_mixin.py:188} INFO - [2025-11-14T11:27:32.363+0530] {dag.py:3947} INFO - Setting next_dagrun for example_xcom to 2021-01-01 00:00:00+00:00, run_after=2021-01-01 00:00:00+00:00
[2025-11-14T11:27:32.417+0530] {processor.py:183} INFO - Processing /home/logi/txtai/venv/lib/python3.10/site-packages/airflow/example_dags/example_xcom.py took 0.248 seconds
[2025-11-14T11:28:02.505+0530] {processor.py:161} INFO - Started process (PID=21383) to work on /home/logi/txtai/venv/lib/python3.10/site-packages/airflow/example_dags/example_xcom.py
[2025-11-14T11:28:02.508+0530] {processor.py:830} INFO - Processing file /home/logi/txtai/venv/lib/python3.10/site-packages/airflow/example_dags/example_xcom.py for tasks to queue
[2025-11-14T11:28:02.512+0530] {logging_mixin.py:188} INFO - [2025-11-14T11:28:02.512+0530] {dagbag.py:545} INFO - Filling up the DagBag from /home/logi/txtai/venv/lib/python3.10/site-packages/airflow/example_dags/example_xcom.py
[2025-11-14T11:28:02.528+0530] {processor.py:840} INFO - DAG(s) 'example_xcom' retrieved from /home/logi/txtai/venv/lib/python3.10/site-packages/airflow/example_dags/example_xcom.py
[2025-11-14T11:28:02.591+0530] {logging_mixin.py:188} INFO - [2025-11-14T11:28:02.590+0530] {dag.py:3089} INFO - Sync 1 DAGs
[2025-11-14T11:28:02.633+0530] {logging_mixin.py:188} INFO - [2025-11-14T11:28:02.633+0530] {dag.py:3947} INFO - Setting next_dagrun for example_xcom to 2021-01-01 00:00:00+00:00, run_after=2021-01-01 00:00:00+00:00
[2025-11-14T11:28:02.679+0530] {processor.py:183} INFO - Processing /home/logi/txtai/venv/lib/python3.10/site-packages/airflow/example_dags/example_xcom.py took 0.190 seconds
[2025-11-14T11:28:33.163+0530] {processor.py:161} INFO - Started process (PID=21734) to work on /home/logi/txtai/venv/lib/python3.10/site-packages/airflow/example_dags/example_xcom.py
[2025-11-14T11:28:33.178+0530] {processor.py:830} INFO - Processing file /home/logi/txtai/venv/lib/python3.10/site-packages/airflow/example_dags/example_xcom.py for tasks to queue
[2025-11-14T11:28:33.182+0530] {logging_mixin.py:188} INFO - [2025-11-14T11:28:33.182+0530] {dagbag.py:545} INFO - Filling up the DagBag from /home/logi/txtai/venv/lib/python3.10/site-packages/airflow/example_dags/example_xcom.py
[2025-11-14T11:28:33.201+0530] {processor.py:840} INFO - DAG(s) 'example_xcom' retrieved from /home/logi/txtai/venv/lib/python3.10/site-packages/airflow/example_dags/example_xcom.py
[2025-11-14T11:28:33.272+0530] {logging_mixin.py:188} INFO - [2025-11-14T11:28:33.272+0530] {dag.py:3089} INFO - Sync 1 DAGs
[2025-11-14T11:28:33.331+0530] {logging_mixin.py:188} INFO - [2025-11-14T11:28:33.330+0530] {dag.py:3947} INFO - Setting next_dagrun for example_xcom to 2021-01-01 00:00:00+00:00, run_after=2021-01-01 00:00:00+00:00
[2025-11-14T11:28:33.404+0530] {processor.py:183} INFO - Processing /home/logi/txtai/venv/lib/python3.10/site-packages/airflow/example_dags/example_xcom.py took 0.266 seconds
[2025-11-14T11:29:03.540+0530] {processor.py:161} INFO - Started process (PID=21896) to work on /home/logi/txtai/venv/lib/python3.10/site-packages/airflow/example_dags/example_xcom.py
[2025-11-14T11:29:03.543+0530] {processor.py:830} INFO - Processing file /home/logi/txtai/venv/lib/python3.10/site-packages/airflow/example_dags/example_xcom.py for tasks to queue
[2025-11-14T11:29:03.549+0530] {logging_mixin.py:188} INFO - [2025-11-14T11:29:03.549+0530] {dagbag.py:545} INFO - Filling up the DagBag from /home/logi/txtai/venv/lib/python3.10/site-packages/airflow/example_dags/example_xcom.py
[2025-11-14T11:29:03.568+0530] {processor.py:840} INFO - DAG(s) 'example_xcom' retrieved from /home/logi/txtai/venv/lib/python3.10/site-packages/airflow/example_dags/example_xcom.py
[2025-11-14T11:29:03.630+0530] {logging_mixin.py:188} INFO - [2025-11-14T11:29:03.629+0530] {dag.py:3089} INFO - Sync 1 DAGs
[2025-11-14T11:29:03.664+0530] {logging_mixin.py:188} INFO - [2025-11-14T11:29:03.664+0530] {dag.py:3947} INFO - Setting next_dagrun for example_xcom to 2021-01-01 00:00:00+00:00, run_after=2021-01-01 00:00:00+00:00
[2025-11-14T11:29:03.711+0530] {processor.py:183} INFO - Processing /home/logi/txtai/venv/lib/python3.10/site-packages/airflow/example_dags/example_xcom.py took 0.190 seconds
[2025-11-14T11:29:33.834+0530] {processor.py:161} INFO - Started process (PID=22098) to work on /home/logi/txtai/venv/lib/python3.10/site-packages/airflow/example_dags/example_xcom.py
[2025-11-14T11:29:33.836+0530] {processor.py:830} INFO - Processing file /home/logi/txtai/venv/lib/python3.10/site-packages/airflow/example_dags/example_xcom.py for tasks to queue
[2025-11-14T11:29:33.839+0530] {logging_mixin.py:188} INFO - [2025-11-14T11:29:33.839+0530] {dagbag.py:545} INFO - Filling up the DagBag from /home/logi/txtai/venv/lib/python3.10/site-packages/airflow/example_dags/example_xcom.py
[2025-11-14T11:29:33.853+0530] {processor.py:840} INFO - DAG(s) 'example_xcom' retrieved from /home/logi/txtai/venv/lib/python3.10/site-packages/airflow/example_dags/example_xcom.py
[2025-11-14T11:29:33.918+0530] {logging_mixin.py:188} INFO - [2025-11-14T11:29:33.917+0530] {dag.py:3089} INFO - Sync 1 DAGs
[2025-11-14T11:29:33.962+0530] {logging_mixin.py:188} INFO - [2025-11-14T11:29:33.962+0530] {dag.py:3947} INFO - Setting next_dagrun for example_xcom to 2021-01-01 00:00:00+00:00, run_after=2021-01-01 00:00:00+00:00
[2025-11-14T11:29:34.002+0530] {processor.py:183} INFO - Processing /home/logi/txtai/venv/lib/python3.10/site-packages/airflow/example_dags/example_xcom.py took 0.188 seconds
[2025-11-14T11:30:04.329+0530] {processor.py:161} INFO - Started process (PID=22464) to work on /home/logi/txtai/venv/lib/python3.10/site-packages/airflow/example_dags/example_xcom.py
[2025-11-14T11:30:04.344+0530] {processor.py:830} INFO - Processing file /home/logi/txtai/venv/lib/python3.10/site-packages/airflow/example_dags/example_xcom.py for tasks to queue
[2025-11-14T11:30:04.347+0530] {logging_mixin.py:188} INFO - [2025-11-14T11:30:04.347+0530] {dagbag.py:545} INFO - Filling up the DagBag from /home/logi/txtai/venv/lib/python3.10/site-packages/airflow/example_dags/example_xcom.py
[2025-11-14T11:30:04.366+0530] {processor.py:840} INFO - DAG(s) 'example_xcom' retrieved from /home/logi/txtai/venv/lib/python3.10/site-packages/airflow/example_dags/example_xcom.py
[2025-11-14T11:30:04.442+0530] {logging_mixin.py:188} INFO - [2025-11-14T11:30:04.441+0530] {dag.py:3089} INFO - Sync 1 DAGs
[2025-11-14T11:30:04.485+0530] {logging_mixin.py:188} INFO - [2025-11-14T11:30:04.485+0530] {dag.py:3947} INFO - Setting next_dagrun for example_xcom to 2021-01-01 00:00:00+00:00, run_after=2021-01-01 00:00:00+00:00
[2025-11-14T11:30:04.539+0530] {processor.py:183} INFO - Processing /home/logi/txtai/venv/lib/python3.10/site-packages/airflow/example_dags/example_xcom.py took 0.234 seconds
[2025-11-14T11:30:34.754+0530] {processor.py:161} INFO - Started process (PID=22629) to work on /home/logi/txtai/venv/lib/python3.10/site-packages/airflow/example_dags/example_xcom.py
[2025-11-14T11:30:34.758+0530] {processor.py:830} INFO - Processing file /home/logi/txtai/venv/lib/python3.10/site-packages/airflow/example_dags/example_xcom.py for tasks to queue
[2025-11-14T11:30:34.762+0530] {logging_mixin.py:188} INFO - [2025-11-14T11:30:34.762+0530] {dagbag.py:545} INFO - Filling up the DagBag from /home/logi/txtai/venv/lib/python3.10/site-packages/airflow/example_dags/example_xcom.py
[2025-11-14T11:30:34.783+0530] {processor.py:840} INFO - DAG(s) 'example_xcom' retrieved from /home/logi/txtai/venv/lib/python3.10/site-packages/airflow/example_dags/example_xcom.py
[2025-11-14T11:30:34.864+0530] {logging_mixin.py:188} INFO - [2025-11-14T11:30:34.863+0530] {dag.py:3089} INFO - Sync 1 DAGs
[2025-11-14T11:30:34.913+0530] {logging_mixin.py:188} INFO - [2025-11-14T11:30:34.912+0530] {dag.py:3947} INFO - Setting next_dagrun for example_xcom to 2021-01-01 00:00:00+00:00, run_after=2021-01-01 00:00:00+00:00
[2025-11-14T11:30:34.977+0530] {processor.py:183} INFO - Processing /home/logi/txtai/venv/lib/python3.10/site-packages/airflow/example_dags/example_xcom.py took 0.243 seconds
[2025-11-14T11:31:05.217+0530] {processor.py:161} INFO - Started process (PID=22797) to work on /home/logi/txtai/venv/lib/python3.10/site-packages/airflow/example_dags/example_xcom.py
[2025-11-14T11:31:05.233+0530] {processor.py:830} INFO - Processing file /home/logi/txtai/venv/lib/python3.10/site-packages/airflow/example_dags/example_xcom.py for tasks to queue
[2025-11-14T11:31:05.238+0530] {logging_mixin.py:188} INFO - [2025-11-14T11:31:05.237+0530] {dagbag.py:545} INFO - Filling up the DagBag from /home/logi/txtai/venv/lib/python3.10/site-packages/airflow/example_dags/example_xcom.py
[2025-11-14T11:31:05.257+0530] {processor.py:840} INFO - DAG(s) 'example_xcom' retrieved from /home/logi/txtai/venv/lib/python3.10/site-packages/airflow/example_dags/example_xcom.py
[2025-11-14T11:31:05.341+0530] {logging_mixin.py:188} INFO - [2025-11-14T11:31:05.340+0530] {dag.py:3089} INFO - Sync 1 DAGs
[2025-11-14T11:31:05.388+0530] {logging_mixin.py:188} INFO - [2025-11-14T11:31:05.387+0530] {dag.py:3947} INFO - Setting next_dagrun for example_xcom to 2021-01-01 00:00:00+00:00, run_after=2021-01-01 00:00:00+00:00
[2025-11-14T11:31:05.446+0530] {processor.py:183} INFO - Processing /home/logi/txtai/venv/lib/python3.10/site-packages/airflow/example_dags/example_xcom.py took 0.252 seconds
[2025-11-14T11:31:35.626+0530] {processor.py:161} INFO - Started process (PID=23462) to work on /home/logi/txtai/venv/lib/python3.10/site-packages/airflow/example_dags/example_xcom.py
[2025-11-14T11:31:35.641+0530] {processor.py:830} INFO - Processing file /home/logi/txtai/venv/lib/python3.10/site-packages/airflow/example_dags/example_xcom.py for tasks to queue
[2025-11-14T11:31:35.647+0530] {logging_mixin.py:188} INFO - [2025-11-14T11:31:35.645+0530] {dagbag.py:545} INFO - Filling up the DagBag from /home/logi/txtai/venv/lib/python3.10/site-packages/airflow/example_dags/example_xcom.py
[2025-11-14T11:31:35.665+0530] {processor.py:840} INFO - DAG(s) 'example_xcom' retrieved from /home/logi/txtai/venv/lib/python3.10/site-packages/airflow/example_dags/example_xcom.py
[2025-11-14T11:31:35.726+0530] {logging_mixin.py:188} INFO - [2025-11-14T11:31:35.725+0530] {dag.py:3089} INFO - Sync 1 DAGs
[2025-11-14T11:31:35.767+0530] {logging_mixin.py:188} INFO - [2025-11-14T11:31:35.767+0530] {dag.py:3947} INFO - Setting next_dagrun for example_xcom to 2021-01-01 00:00:00+00:00, run_after=2021-01-01 00:00:00+00:00
[2025-11-14T11:31:35.820+0530] {processor.py:183} INFO - Processing /home/logi/txtai/venv/lib/python3.10/site-packages/airflow/example_dags/example_xcom.py took 0.213 seconds
[2025-11-14T11:32:06.037+0530] {processor.py:161} INFO - Started process (PID=23687) to work on /home/logi/txtai/venv/lib/python3.10/site-packages/airflow/example_dags/example_xcom.py
[2025-11-14T11:32:06.039+0530] {processor.py:830} INFO - Processing file /home/logi/txtai/venv/lib/python3.10/site-packages/airflow/example_dags/example_xcom.py for tasks to queue
[2025-11-14T11:32:06.045+0530] {logging_mixin.py:188} INFO - [2025-11-14T11:32:06.044+0530] {dagbag.py:545} INFO - Filling up the DagBag from /home/logi/txtai/venv/lib/python3.10/site-packages/airflow/example_dags/example_xcom.py
[2025-11-14T11:32:06.063+0530] {processor.py:840} INFO - DAG(s) 'example_xcom' retrieved from /home/logi/txtai/venv/lib/python3.10/site-packages/airflow/example_dags/example_xcom.py
[2025-11-14T11:32:06.136+0530] {logging_mixin.py:188} INFO - [2025-11-14T11:32:06.136+0530] {dag.py:3089} INFO - Sync 1 DAGs
[2025-11-14T11:32:06.186+0530] {logging_mixin.py:188} INFO - [2025-11-14T11:32:06.185+0530] {dag.py:3947} INFO - Setting next_dagrun for example_xcom to 2021-01-01 00:00:00+00:00, run_after=2021-01-01 00:00:00+00:00
[2025-11-14T11:32:06.241+0530] {processor.py:183} INFO - Processing /home/logi/txtai/venv/lib/python3.10/site-packages/airflow/example_dags/example_xcom.py took 0.229 seconds
[2025-11-14T11:32:36.340+0530] {processor.py:161} INFO - Started process (PID=23846) to work on /home/logi/txtai/venv/lib/python3.10/site-packages/airflow/example_dags/example_xcom.py
[2025-11-14T11:32:36.353+0530] {processor.py:830} INFO - Processing file /home/logi/txtai/venv/lib/python3.10/site-packages/airflow/example_dags/example_xcom.py for tasks to queue
[2025-11-14T11:32:36.355+0530] {logging_mixin.py:188} INFO - [2025-11-14T11:32:36.355+0530] {dagbag.py:545} INFO - Filling up the DagBag from /home/logi/txtai/venv/lib/python3.10/site-packages/airflow/example_dags/example_xcom.py
[2025-11-14T11:32:36.362+0530] {processor.py:840} INFO - DAG(s) 'example_xcom' retrieved from /home/logi/txtai/venv/lib/python3.10/site-packages/airflow/example_dags/example_xcom.py
[2025-11-14T11:32:36.406+0530] {logging_mixin.py:188} INFO - [2025-11-14T11:32:36.405+0530] {dag.py:3089} INFO - Sync 1 DAGs
[2025-11-14T11:32:36.441+0530] {logging_mixin.py:188} INFO - [2025-11-14T11:32:36.440+0530] {dag.py:3947} INFO - Setting next_dagrun for example_xcom to 2021-01-01 00:00:00+00:00, run_after=2021-01-01 00:00:00+00:00
[2025-11-14T11:32:36.470+0530] {processor.py:183} INFO - Processing /home/logi/txtai/venv/lib/python3.10/site-packages/airflow/example_dags/example_xcom.py took 0.141 seconds
[2025-11-14T11:33:06.658+0530] {processor.py:161} INFO - Started process (PID=24009) to work on /home/logi/txtai/venv/lib/python3.10/site-packages/airflow/example_dags/example_xcom.py
[2025-11-14T11:33:06.660+0530] {processor.py:830} INFO - Processing file /home/logi/txtai/venv/lib/python3.10/site-packages/airflow/example_dags/example_xcom.py for tasks to queue
[2025-11-14T11:33:06.663+0530] {logging_mixin.py:188} INFO - [2025-11-14T11:33:06.662+0530] {dagbag.py:545} INFO - Filling up the DagBag from /home/logi/txtai/venv/lib/python3.10/site-packages/airflow/example_dags/example_xcom.py
[2025-11-14T11:33:06.674+0530] {processor.py:840} INFO - DAG(s) 'example_xcom' retrieved from /home/logi/txtai/venv/lib/python3.10/site-packages/airflow/example_dags/example_xcom.py
[2025-11-14T11:33:06.723+0530] {logging_mixin.py:188} INFO - [2025-11-14T11:33:06.722+0530] {dag.py:3089} INFO - Sync 1 DAGs
[2025-11-14T11:33:06.748+0530] {logging_mixin.py:188} INFO - [2025-11-14T11:33:06.748+0530] {dag.py:3947} INFO - Setting next_dagrun for example_xcom to 2021-01-01 00:00:00+00:00, run_after=2021-01-01 00:00:00+00:00
[2025-11-14T11:33:06.772+0530] {processor.py:183} INFO - Processing /home/logi/txtai/venv/lib/python3.10/site-packages/airflow/example_dags/example_xcom.py took 0.128 seconds
[2025-11-14T11:33:37.357+0530] {processor.py:161} INFO - Started process (PID=24223) to work on /home/logi/txtai/venv/lib/python3.10/site-packages/airflow/example_dags/example_xcom.py
[2025-11-14T11:33:37.371+0530] {processor.py:830} INFO - Processing file /home/logi/txtai/venv/lib/python3.10/site-packages/airflow/example_dags/example_xcom.py for tasks to queue
[2025-11-14T11:33:37.377+0530] {logging_mixin.py:188} INFO - [2025-11-14T11:33:37.377+0530] {dagbag.py:545} INFO - Filling up the DagBag from /home/logi/txtai/venv/lib/python3.10/site-packages/airflow/example_dags/example_xcom.py
[2025-11-14T11:33:37.391+0530] {processor.py:840} INFO - DAG(s) 'example_xcom' retrieved from /home/logi/txtai/venv/lib/python3.10/site-packages/airflow/example_dags/example_xcom.py
[2025-11-14T11:33:37.434+0530] {logging_mixin.py:188} INFO - [2025-11-14T11:33:37.434+0530] {dag.py:3089} INFO - Sync 1 DAGs
[2025-11-14T11:33:37.459+0530] {logging_mixin.py:188} INFO - [2025-11-14T11:33:37.459+0530] {dag.py:3947} INFO - Setting next_dagrun for example_xcom to 2021-01-01 00:00:00+00:00, run_after=2021-01-01 00:00:00+00:00
[2025-11-14T11:33:37.484+0530] {processor.py:183} INFO - Processing /home/logi/txtai/venv/lib/python3.10/site-packages/airflow/example_dags/example_xcom.py took 0.143 seconds
[2025-11-14T11:35:01.221+0530] {processor.py:161} INFO - Started process (PID=24631) to work on /home/logi/txtai/venv/lib/python3.10/site-packages/airflow/example_dags/example_xcom.py
[2025-11-14T11:35:01.223+0530] {processor.py:830} INFO - Processing file /home/logi/txtai/venv/lib/python3.10/site-packages/airflow/example_dags/example_xcom.py for tasks to queue
[2025-11-14T11:35:01.225+0530] {logging_mixin.py:188} INFO - [2025-11-14T11:35:01.225+0530] {dagbag.py:545} INFO - Filling up the DagBag from /home/logi/txtai/venv/lib/python3.10/site-packages/airflow/example_dags/example_xcom.py
[2025-11-14T11:35:01.234+0530] {processor.py:840} INFO - DAG(s) 'example_xcom' retrieved from /home/logi/txtai/venv/lib/python3.10/site-packages/airflow/example_dags/example_xcom.py
[2025-11-14T11:35:01.295+0530] {logging_mixin.py:188} INFO - [2025-11-14T11:35:01.295+0530] {dag.py:3089} INFO - Sync 1 DAGs
[2025-11-14T11:35:01.336+0530] {logging_mixin.py:188} INFO - [2025-11-14T11:35:01.335+0530] {dag.py:3947} INFO - Setting next_dagrun for example_xcom to 2021-01-01 00:00:00+00:00, run_after=2021-01-01 00:00:00+00:00
[2025-11-14T11:35:01.369+0530] {processor.py:183} INFO - Processing /home/logi/txtai/venv/lib/python3.10/site-packages/airflow/example_dags/example_xcom.py took 0.159 seconds
[2025-11-14T11:40:43.844+0530] {processor.py:161} INFO - Started process (PID=26156) to work on /home/logi/txtai/venv/lib/python3.10/site-packages/airflow/example_dags/example_xcom.py
[2025-11-14T11:40:43.846+0530] {processor.py:830} INFO - Processing file /home/logi/txtai/venv/lib/python3.10/site-packages/airflow/example_dags/example_xcom.py for tasks to queue
[2025-11-14T11:40:43.848+0530] {logging_mixin.py:188} INFO - [2025-11-14T11:40:43.848+0530] {dagbag.py:545} INFO - Filling up the DagBag from /home/logi/txtai/venv/lib/python3.10/site-packages/airflow/example_dags/example_xcom.py
[2025-11-14T11:40:43.856+0530] {processor.py:840} INFO - DAG(s) 'example_xcom' retrieved from /home/logi/txtai/venv/lib/python3.10/site-packages/airflow/example_dags/example_xcom.py
[2025-11-14T11:40:43.922+0530] {logging_mixin.py:188} INFO - [2025-11-14T11:40:43.921+0530] {dag.py:3089} INFO - Sync 1 DAGs
[2025-11-14T11:40:43.955+0530] {logging_mixin.py:188} INFO - [2025-11-14T11:40:43.954+0530] {dag.py:3947} INFO - Setting next_dagrun for example_xcom to 2021-01-01 00:00:00+00:00, run_after=2021-01-01 00:00:00+00:00
[2025-11-14T11:40:43.989+0530] {processor.py:183} INFO - Processing /home/logi/txtai/venv/lib/python3.10/site-packages/airflow/example_dags/example_xcom.py took 0.155 seconds
[2025-11-14T11:41:14.163+0530] {processor.py:161} INFO - Started process (PID=26416) to work on /home/logi/txtai/venv/lib/python3.10/site-packages/airflow/example_dags/example_xcom.py
[2025-11-14T11:41:14.164+0530] {processor.py:830} INFO - Processing file /home/logi/txtai/venv/lib/python3.10/site-packages/airflow/example_dags/example_xcom.py for tasks to queue
[2025-11-14T11:41:14.165+0530] {logging_mixin.py:188} INFO - [2025-11-14T11:41:14.165+0530] {dagbag.py:545} INFO - Filling up the DagBag from /home/logi/txtai/venv/lib/python3.10/site-packages/airflow/example_dags/example_xcom.py
[2025-11-14T11:41:14.172+0530] {processor.py:840} INFO - DAG(s) 'example_xcom' retrieved from /home/logi/txtai/venv/lib/python3.10/site-packages/airflow/example_dags/example_xcom.py
[2025-11-14T11:41:14.225+0530] {logging_mixin.py:188} INFO - [2025-11-14T11:41:14.225+0530] {dag.py:3089} INFO - Sync 1 DAGs
[2025-11-14T11:41:14.260+0530] {logging_mixin.py:188} INFO - [2025-11-14T11:41:14.260+0530] {dag.py:3947} INFO - Setting next_dagrun for example_xcom to 2021-01-01 00:00:00+00:00, run_after=2021-01-01 00:00:00+00:00
[2025-11-14T11:41:14.295+0530] {processor.py:183} INFO - Processing /home/logi/txtai/venv/lib/python3.10/site-packages/airflow/example_dags/example_xcom.py took 0.138 seconds
[2025-11-14T11:41:45.323+0530] {processor.py:161} INFO - Started process (PID=26581) to work on /home/logi/txtai/venv/lib/python3.10/site-packages/airflow/example_dags/example_xcom.py
[2025-11-14T11:41:45.326+0530] {processor.py:830} INFO - Processing file /home/logi/txtai/venv/lib/python3.10/site-packages/airflow/example_dags/example_xcom.py for tasks to queue
[2025-11-14T11:41:45.333+0530] {logging_mixin.py:188} INFO - [2025-11-14T11:41:45.332+0530] {dagbag.py:545} INFO - Filling up the DagBag from /home/logi/txtai/venv/lib/python3.10/site-packages/airflow/example_dags/example_xcom.py
[2025-11-14T11:41:45.350+0530] {processor.py:840} INFO - DAG(s) 'example_xcom' retrieved from /home/logi/txtai/venv/lib/python3.10/site-packages/airflow/example_dags/example_xcom.py
[2025-11-14T11:41:45.393+0530] {logging_mixin.py:188} INFO - [2025-11-14T11:41:45.393+0530] {dag.py:3089} INFO - Sync 1 DAGs
[2025-11-14T11:41:45.413+0530] {logging_mixin.py:188} INFO - [2025-11-14T11:41:45.412+0530] {dag.py:3947} INFO - Setting next_dagrun for example_xcom to 2021-01-01 00:00:00+00:00, run_after=2021-01-01 00:00:00+00:00
[2025-11-14T11:41:45.433+0530] {processor.py:183} INFO - Processing /home/logi/txtai/venv/lib/python3.10/site-packages/airflow/example_dags/example_xcom.py took 0.127 seconds
[2025-11-14T11:42:15.855+0530] {processor.py:161} INFO - Started process (PID=26722) to work on /home/logi/txtai/venv/lib/python3.10/site-packages/airflow/example_dags/example_xcom.py
[2025-11-14T11:42:15.857+0530] {processor.py:830} INFO - Processing file /home/logi/txtai/venv/lib/python3.10/site-packages/airflow/example_dags/example_xcom.py for tasks to queue
[2025-11-14T11:42:15.859+0530] {logging_mixin.py:188} INFO - [2025-11-14T11:42:15.859+0530] {dagbag.py:545} INFO - Filling up the DagBag from /home/logi/txtai/venv/lib/python3.10/site-packages/airflow/example_dags/example_xcom.py
[2025-11-14T11:42:15.871+0530] {processor.py:840} INFO - DAG(s) 'example_xcom' retrieved from /home/logi/txtai/venv/lib/python3.10/site-packages/airflow/example_dags/example_xcom.py
[2025-11-14T11:42:15.918+0530] {logging_mixin.py:188} INFO - [2025-11-14T11:42:15.917+0530] {dag.py:3089} INFO - Sync 1 DAGs
[2025-11-14T11:42:15.958+0530] {logging_mixin.py:188} INFO - [2025-11-14T11:42:15.958+0530] {dag.py:3947} INFO - Setting next_dagrun for example_xcom to 2021-01-01 00:00:00+00:00, run_after=2021-01-01 00:00:00+00:00
[2025-11-14T11:42:15.996+0530] {processor.py:183} INFO - Processing /home/logi/txtai/venv/lib/python3.10/site-packages/airflow/example_dags/example_xcom.py took 0.152 seconds
[2025-11-14T11:42:46.269+0530] {processor.py:161} INFO - Started process (PID=26941) to work on /home/logi/txtai/venv/lib/python3.10/site-packages/airflow/example_dags/example_xcom.py
[2025-11-14T11:42:46.270+0530] {processor.py:830} INFO - Processing file /home/logi/txtai/venv/lib/python3.10/site-packages/airflow/example_dags/example_xcom.py for tasks to queue
[2025-11-14T11:42:46.272+0530] {logging_mixin.py:188} INFO - [2025-11-14T11:42:46.271+0530] {dagbag.py:545} INFO - Filling up the DagBag from /home/logi/txtai/venv/lib/python3.10/site-packages/airflow/example_dags/example_xcom.py
[2025-11-14T11:42:46.279+0530] {processor.py:840} INFO - DAG(s) 'example_xcom' retrieved from /home/logi/txtai/venv/lib/python3.10/site-packages/airflow/example_dags/example_xcom.py
[2025-11-14T11:42:46.323+0530] {logging_mixin.py:188} INFO - [2025-11-14T11:42:46.323+0530] {dag.py:3089} INFO - Sync 1 DAGs
[2025-11-14T11:42:46.357+0530] {logging_mixin.py:188} INFO - [2025-11-14T11:42:46.357+0530] {dag.py:3947} INFO - Setting next_dagrun for example_xcom to 2021-01-01 00:00:00+00:00, run_after=2021-01-01 00:00:00+00:00
[2025-11-14T11:42:46.392+0530] {processor.py:183} INFO - Processing /home/logi/txtai/venv/lib/python3.10/site-packages/airflow/example_dags/example_xcom.py took 0.130 seconds
[2025-11-14T11:43:12.891+0530] {processor.py:161} INFO - Started process (PID=27332) to work on /home/logi/txtai/venv/lib/python3.10/site-packages/airflow/example_dags/example_xcom.py
[2025-11-14T11:43:12.893+0530] {processor.py:830} INFO - Processing file /home/logi/txtai/venv/lib/python3.10/site-packages/airflow/example_dags/example_xcom.py for tasks to queue
[2025-11-14T11:43:12.895+0530] {logging_mixin.py:188} INFO - [2025-11-14T11:43:12.895+0530] {dagbag.py:545} INFO - Filling up the DagBag from /home/logi/txtai/venv/lib/python3.10/site-packages/airflow/example_dags/example_xcom.py
[2025-11-14T11:43:12.910+0530] {processor.py:840} INFO - DAG(s) 'example_xcom' retrieved from /home/logi/txtai/venv/lib/python3.10/site-packages/airflow/example_dags/example_xcom.py
[2025-11-14T11:43:12.983+0530] {logging_mixin.py:188} INFO - [2025-11-14T11:43:12.982+0530] {dag.py:3089} INFO - Sync 1 DAGs
[2025-11-14T11:43:13.022+0530] {logging_mixin.py:188} INFO - [2025-11-14T11:43:13.021+0530] {dag.py:3947} INFO - Setting next_dagrun for example_xcom to 2021-01-01 00:00:00+00:00, run_after=2021-01-01 00:00:00+00:00
[2025-11-14T11:43:13.056+0530] {processor.py:183} INFO - Processing /home/logi/txtai/venv/lib/python3.10/site-packages/airflow/example_dags/example_xcom.py took 0.176 seconds
[2025-11-14T11:43:43.335+0530] {processor.py:161} INFO - Started process (PID=27581) to work on /home/logi/txtai/venv/lib/python3.10/site-packages/airflow/example_dags/example_xcom.py
[2025-11-14T11:43:43.337+0530] {processor.py:830} INFO - Processing file /home/logi/txtai/venv/lib/python3.10/site-packages/airflow/example_dags/example_xcom.py for tasks to queue
[2025-11-14T11:43:43.340+0530] {logging_mixin.py:188} INFO - [2025-11-14T11:43:43.340+0530] {dagbag.py:545} INFO - Filling up the DagBag from /home/logi/txtai/venv/lib/python3.10/site-packages/airflow/example_dags/example_xcom.py
[2025-11-14T11:43:43.352+0530] {processor.py:840} INFO - DAG(s) 'example_xcom' retrieved from /home/logi/txtai/venv/lib/python3.10/site-packages/airflow/example_dags/example_xcom.py
[2025-11-14T11:43:43.410+0530] {logging_mixin.py:188} INFO - [2025-11-14T11:43:43.409+0530] {dag.py:3089} INFO - Sync 1 DAGs
[2025-11-14T11:43:43.447+0530] {logging_mixin.py:188} INFO - [2025-11-14T11:43:43.447+0530] {dag.py:3947} INFO - Setting next_dagrun for example_xcom to 2021-01-01 00:00:00+00:00, run_after=2021-01-01 00:00:00+00:00
[2025-11-14T11:43:43.482+0530] {processor.py:183} INFO - Processing /home/logi/txtai/venv/lib/python3.10/site-packages/airflow/example_dags/example_xcom.py took 0.159 seconds
[2025-11-14T11:44:14.545+0530] {processor.py:161} INFO - Started process (PID=27774) to work on /home/logi/txtai/venv/lib/python3.10/site-packages/airflow/example_dags/example_xcom.py
[2025-11-14T11:44:14.547+0530] {processor.py:830} INFO - Processing file /home/logi/txtai/venv/lib/python3.10/site-packages/airflow/example_dags/example_xcom.py for tasks to queue
[2025-11-14T11:44:14.550+0530] {logging_mixin.py:188} INFO - [2025-11-14T11:44:14.549+0530] {dagbag.py:545} INFO - Filling up the DagBag from /home/logi/txtai/venv/lib/python3.10/site-packages/airflow/example_dags/example_xcom.py
[2025-11-14T11:44:14.561+0530] {processor.py:840} INFO - DAG(s) 'example_xcom' retrieved from /home/logi/txtai/venv/lib/python3.10/site-packages/airflow/example_dags/example_xcom.py
[2025-11-14T11:44:14.609+0530] {logging_mixin.py:188} INFO - [2025-11-14T11:44:14.609+0530] {dag.py:3089} INFO - Sync 1 DAGs
[2025-11-14T11:44:14.636+0530] {logging_mixin.py:188} INFO - [2025-11-14T11:44:14.635+0530] {dag.py:3947} INFO - Setting next_dagrun for example_xcom to 2021-01-01 00:00:00+00:00, run_after=2021-01-01 00:00:00+00:00
[2025-11-14T11:44:14.655+0530] {processor.py:183} INFO - Processing /home/logi/txtai/venv/lib/python3.10/site-packages/airflow/example_dags/example_xcom.py took 0.123 seconds
[2025-11-14T11:44:45.417+0530] {processor.py:161} INFO - Started process (PID=27976) to work on /home/logi/txtai/venv/lib/python3.10/site-packages/airflow/example_dags/example_xcom.py
[2025-11-14T11:44:45.419+0530] {processor.py:830} INFO - Processing file /home/logi/txtai/venv/lib/python3.10/site-packages/airflow/example_dags/example_xcom.py for tasks to queue
[2025-11-14T11:44:45.421+0530] {logging_mixin.py:188} INFO - [2025-11-14T11:44:45.421+0530] {dagbag.py:545} INFO - Filling up the DagBag from /home/logi/txtai/venv/lib/python3.10/site-packages/airflow/example_dags/example_xcom.py
[2025-11-14T11:44:45.433+0530] {processor.py:840} INFO - DAG(s) 'example_xcom' retrieved from /home/logi/txtai/venv/lib/python3.10/site-packages/airflow/example_dags/example_xcom.py
[2025-11-14T11:44:45.491+0530] {logging_mixin.py:188} INFO - [2025-11-14T11:44:45.490+0530] {dag.py:3089} INFO - Sync 1 DAGs
[2025-11-14T11:44:45.529+0530] {logging_mixin.py:188} INFO - [2025-11-14T11:44:45.529+0530] {dag.py:3947} INFO - Setting next_dagrun for example_xcom to 2021-01-01 00:00:00+00:00, run_after=2021-01-01 00:00:00+00:00
[2025-11-14T11:44:45.564+0530] {processor.py:183} INFO - Processing /home/logi/txtai/venv/lib/python3.10/site-packages/airflow/example_dags/example_xcom.py took 0.159 seconds
[2025-11-14T11:45:16.203+0530] {processor.py:161} INFO - Started process (PID=28124) to work on /home/logi/txtai/venv/lib/python3.10/site-packages/airflow/example_dags/example_xcom.py
[2025-11-14T11:45:16.206+0530] {processor.py:830} INFO - Processing file /home/logi/txtai/venv/lib/python3.10/site-packages/airflow/example_dags/example_xcom.py for tasks to queue
[2025-11-14T11:45:16.209+0530] {logging_mixin.py:188} INFO - [2025-11-14T11:45:16.208+0530] {dagbag.py:545} INFO - Filling up the DagBag from /home/logi/txtai/venv/lib/python3.10/site-packages/airflow/example_dags/example_xcom.py
[2025-11-14T11:45:16.224+0530] {processor.py:840} INFO - DAG(s) 'example_xcom' retrieved from /home/logi/txtai/venv/lib/python3.10/site-packages/airflow/example_dags/example_xcom.py
[2025-11-14T11:45:16.293+0530] {logging_mixin.py:188} INFO - [2025-11-14T11:45:16.293+0530] {dag.py:3089} INFO - Sync 1 DAGs
[2025-11-14T11:45:16.334+0530] {logging_mixin.py:188} INFO - [2025-11-14T11:45:16.334+0530] {dag.py:3947} INFO - Setting next_dagrun for example_xcom to 2021-01-01 00:00:00+00:00, run_after=2021-01-01 00:00:00+00:00
[2025-11-14T11:45:16.380+0530] {processor.py:183} INFO - Processing /home/logi/txtai/venv/lib/python3.10/site-packages/airflow/example_dags/example_xcom.py took 0.190 seconds
[2025-11-14T11:45:47.201+0530] {processor.py:161} INFO - Started process (PID=28341) to work on /home/logi/txtai/venv/lib/python3.10/site-packages/airflow/example_dags/example_xcom.py
[2025-11-14T11:45:47.203+0530] {processor.py:830} INFO - Processing file /home/logi/txtai/venv/lib/python3.10/site-packages/airflow/example_dags/example_xcom.py for tasks to queue
[2025-11-14T11:45:47.207+0530] {logging_mixin.py:188} INFO - [2025-11-14T11:45:47.206+0530] {dagbag.py:545} INFO - Filling up the DagBag from /home/logi/txtai/venv/lib/python3.10/site-packages/airflow/example_dags/example_xcom.py
[2025-11-14T11:45:47.227+0530] {processor.py:840} INFO - DAG(s) 'example_xcom' retrieved from /home/logi/txtai/venv/lib/python3.10/site-packages/airflow/example_dags/example_xcom.py
[2025-11-14T11:45:47.308+0530] {logging_mixin.py:188} INFO - [2025-11-14T11:45:47.307+0530] {dag.py:3089} INFO - Sync 1 DAGs
[2025-11-14T11:45:47.394+0530] {logging_mixin.py:188} INFO - [2025-11-14T11:45:47.392+0530] {dag.py:3947} INFO - Setting next_dagrun for example_xcom to 2021-01-01 00:00:00+00:00, run_after=2021-01-01 00:00:00+00:00
[2025-11-14T11:45:47.502+0530] {processor.py:183} INFO - Processing /home/logi/txtai/venv/lib/python3.10/site-packages/airflow/example_dags/example_xcom.py took 0.312 seconds
[2025-11-14T11:46:17.630+0530] {processor.py:161} INFO - Started process (PID=28941) to work on /home/logi/txtai/venv/lib/python3.10/site-packages/airflow/example_dags/example_xcom.py
[2025-11-14T11:46:17.632+0530] {processor.py:830} INFO - Processing file /home/logi/txtai/venv/lib/python3.10/site-packages/airflow/example_dags/example_xcom.py for tasks to queue
[2025-11-14T11:46:17.635+0530] {logging_mixin.py:188} INFO - [2025-11-14T11:46:17.635+0530] {dagbag.py:545} INFO - Filling up the DagBag from /home/logi/txtai/venv/lib/python3.10/site-packages/airflow/example_dags/example_xcom.py
[2025-11-14T11:46:17.645+0530] {processor.py:840} INFO - DAG(s) 'example_xcom' retrieved from /home/logi/txtai/venv/lib/python3.10/site-packages/airflow/example_dags/example_xcom.py
[2025-11-14T11:46:17.679+0530] {logging_mixin.py:188} INFO - [2025-11-14T11:46:17.678+0530] {dag.py:3089} INFO - Sync 1 DAGs
[2025-11-14T11:46:17.697+0530] {logging_mixin.py:188} INFO - [2025-11-14T11:46:17.697+0530] {dag.py:3947} INFO - Setting next_dagrun for example_xcom to 2021-01-01 00:00:00+00:00, run_after=2021-01-01 00:00:00+00:00
[2025-11-14T11:46:17.719+0530] {processor.py:183} INFO - Processing /home/logi/txtai/venv/lib/python3.10/site-packages/airflow/example_dags/example_xcom.py took 0.100 seconds
[2025-11-14T11:46:48.460+0530] {processor.py:161} INFO - Started process (PID=29654) to work on /home/logi/txtai/venv/lib/python3.10/site-packages/airflow/example_dags/example_xcom.py
[2025-11-14T11:46:48.462+0530] {processor.py:830} INFO - Processing file /home/logi/txtai/venv/lib/python3.10/site-packages/airflow/example_dags/example_xcom.py for tasks to queue
[2025-11-14T11:46:48.464+0530] {logging_mixin.py:188} INFO - [2025-11-14T11:46:48.464+0530] {dagbag.py:545} INFO - Filling up the DagBag from /home/logi/txtai/venv/lib/python3.10/site-packages/airflow/example_dags/example_xcom.py
[2025-11-14T11:46:48.472+0530] {processor.py:840} INFO - DAG(s) 'example_xcom' retrieved from /home/logi/txtai/venv/lib/python3.10/site-packages/airflow/example_dags/example_xcom.py
[2025-11-14T11:46:48.507+0530] {logging_mixin.py:188} INFO - [2025-11-14T11:46:48.507+0530] {dag.py:3089} INFO - Sync 1 DAGs
[2025-11-14T11:46:48.528+0530] {logging_mixin.py:188} INFO - [2025-11-14T11:46:48.528+0530] {dag.py:3947} INFO - Setting next_dagrun for example_xcom to 2021-01-01 00:00:00+00:00, run_after=2021-01-01 00:00:00+00:00
[2025-11-14T11:46:48.547+0530] {processor.py:183} INFO - Processing /home/logi/txtai/venv/lib/python3.10/site-packages/airflow/example_dags/example_xcom.py took 0.094 seconds
[2025-11-14T11:47:19.133+0530] {processor.py:161} INFO - Started process (PID=30382) to work on /home/logi/txtai/venv/lib/python3.10/site-packages/airflow/example_dags/example_xcom.py
[2025-11-14T11:47:19.135+0530] {processor.py:830} INFO - Processing file /home/logi/txtai/venv/lib/python3.10/site-packages/airflow/example_dags/example_xcom.py for tasks to queue
[2025-11-14T11:47:19.137+0530] {logging_mixin.py:188} INFO - [2025-11-14T11:47:19.137+0530] {dagbag.py:545} INFO - Filling up the DagBag from /home/logi/txtai/venv/lib/python3.10/site-packages/airflow/example_dags/example_xcom.py
[2025-11-14T11:47:19.146+0530] {processor.py:840} INFO - DAG(s) 'example_xcom' retrieved from /home/logi/txtai/venv/lib/python3.10/site-packages/airflow/example_dags/example_xcom.py
[2025-11-14T11:47:19.180+0530] {logging_mixin.py:188} INFO - [2025-11-14T11:47:19.180+0530] {dag.py:3089} INFO - Sync 1 DAGs
[2025-11-14T11:47:19.200+0530] {logging_mixin.py:188} INFO - [2025-11-14T11:47:19.200+0530] {dag.py:3947} INFO - Setting next_dagrun for example_xcom to 2021-01-01 00:00:00+00:00, run_after=2021-01-01 00:00:00+00:00
[2025-11-14T11:47:19.219+0530] {processor.py:183} INFO - Processing /home/logi/txtai/venv/lib/python3.10/site-packages/airflow/example_dags/example_xcom.py took 0.095 seconds
