[2025-11-14T10:48:49.544+0530] {processor.py:161} INFO - Started process (PID=6061) to work on /home/logi/txtai/venv/lib/python3.10/site-packages/airflow/example_dags/example_latest_only_with_trigger.py
[2025-11-14T10:48:49.549+0530] {processor.py:830} INFO - Processing file /home/logi/txtai/venv/lib/python3.10/site-packages/airflow/example_dags/example_latest_only_with_trigger.py for tasks to queue
[2025-11-14T10:48:49.554+0530] {logging_mixin.py:188} INFO - [2025-11-14T10:48:49.553+0530] {dagbag.py:545} INFO - Filling up the DagBag from /home/logi/txtai/venv/lib/python3.10/site-packages/airflow/example_dags/example_latest_only_with_trigger.py
[2025-11-14T10:48:49.568+0530] {processor.py:840} INFO - DAG(s) 'latest_only_with_trigger' retrieved from /home/logi/txtai/venv/lib/python3.10/site-packages/airflow/example_dags/example_latest_only_with_trigger.py
[2025-11-14T10:48:49.618+0530] {logging_mixin.py:188} INFO - [2025-11-14T10:48:49.618+0530] {dag.py:3089} INFO - Sync 1 DAGs
[2025-11-14T10:48:49.647+0530] {logging_mixin.py:188} INFO - [2025-11-14T10:48:49.647+0530] {dag.py:3947} INFO - Setting next_dagrun for latest_only_with_trigger to 2025-11-14 00:00:00+00:00, run_after=2025-11-14 04:00:00+00:00
[2025-11-14T10:48:49.704+0530] {processor.py:183} INFO - Processing /home/logi/txtai/venv/lib/python3.10/site-packages/airflow/example_dags/example_latest_only_with_trigger.py took 0.191 seconds
[2025-11-14T10:49:20.985+0530] {processor.py:161} INFO - Started process (PID=6669) to work on /home/logi/txtai/venv/lib/python3.10/site-packages/airflow/example_dags/example_latest_only_with_trigger.py
[2025-11-14T10:49:20.986+0530] {processor.py:830} INFO - Processing file /home/logi/txtai/venv/lib/python3.10/site-packages/airflow/example_dags/example_latest_only_with_trigger.py for tasks to queue
[2025-11-14T10:49:20.992+0530] {logging_mixin.py:188} INFO - [2025-11-14T10:49:20.991+0530] {dagbag.py:545} INFO - Filling up the DagBag from /home/logi/txtai/venv/lib/python3.10/site-packages/airflow/example_dags/example_latest_only_with_trigger.py
[2025-11-14T10:49:21.008+0530] {processor.py:840} INFO - DAG(s) 'latest_only_with_trigger' retrieved from /home/logi/txtai/venv/lib/python3.10/site-packages/airflow/example_dags/example_latest_only_with_trigger.py
[2025-11-14T10:49:21.072+0530] {logging_mixin.py:188} INFO - [2025-11-14T10:49:21.072+0530] {dag.py:3089} INFO - Sync 1 DAGs
[2025-11-14T10:49:21.115+0530] {logging_mixin.py:188} INFO - [2025-11-14T10:49:21.115+0530] {dag.py:3947} INFO - Setting next_dagrun for latest_only_with_trigger to 2025-11-14 00:00:00+00:00, run_after=2025-11-14 04:00:00+00:00
[2025-11-14T10:49:21.164+0530] {processor.py:183} INFO - Processing /home/logi/txtai/venv/lib/python3.10/site-packages/airflow/example_dags/example_latest_only_with_trigger.py took 0.199 seconds
[2025-11-14T10:49:51.341+0530] {processor.py:161} INFO - Started process (PID=7316) to work on /home/logi/txtai/venv/lib/python3.10/site-packages/airflow/example_dags/example_latest_only_with_trigger.py
[2025-11-14T10:49:51.343+0530] {processor.py:830} INFO - Processing file /home/logi/txtai/venv/lib/python3.10/site-packages/airflow/example_dags/example_latest_only_with_trigger.py for tasks to queue
[2025-11-14T10:49:51.346+0530] {logging_mixin.py:188} INFO - [2025-11-14T10:49:51.345+0530] {dagbag.py:545} INFO - Filling up the DagBag from /home/logi/txtai/venv/lib/python3.10/site-packages/airflow/example_dags/example_latest_only_with_trigger.py
[2025-11-14T10:49:51.362+0530] {processor.py:840} INFO - DAG(s) 'latest_only_with_trigger' retrieved from /home/logi/txtai/venv/lib/python3.10/site-packages/airflow/example_dags/example_latest_only_with_trigger.py
[2025-11-14T10:49:51.416+0530] {logging_mixin.py:188} INFO - [2025-11-14T10:49:51.415+0530] {dag.py:3089} INFO - Sync 1 DAGs
[2025-11-14T10:49:51.450+0530] {logging_mixin.py:188} INFO - [2025-11-14T10:49:51.450+0530] {dag.py:3947} INFO - Setting next_dagrun for latest_only_with_trigger to 2025-11-14 00:00:00+00:00, run_after=2025-11-14 04:00:00+00:00
[2025-11-14T10:49:51.476+0530] {processor.py:183} INFO - Processing /home/logi/txtai/venv/lib/python3.10/site-packages/airflow/example_dags/example_latest_only_with_trigger.py took 0.147 seconds
[2025-11-14T10:50:22.040+0530] {processor.py:161} INFO - Started process (PID=7894) to work on /home/logi/txtai/venv/lib/python3.10/site-packages/airflow/example_dags/example_latest_only_with_trigger.py
[2025-11-14T10:50:22.043+0530] {processor.py:830} INFO - Processing file /home/logi/txtai/venv/lib/python3.10/site-packages/airflow/example_dags/example_latest_only_with_trigger.py for tasks to queue
[2025-11-14T10:50:22.049+0530] {logging_mixin.py:188} INFO - [2025-11-14T10:50:22.048+0530] {dagbag.py:545} INFO - Filling up the DagBag from /home/logi/txtai/venv/lib/python3.10/site-packages/airflow/example_dags/example_latest_only_with_trigger.py
[2025-11-14T10:50:22.056+0530] {processor.py:840} INFO - DAG(s) 'latest_only_with_trigger' retrieved from /home/logi/txtai/venv/lib/python3.10/site-packages/airflow/example_dags/example_latest_only_with_trigger.py
[2025-11-14T10:50:22.108+0530] {logging_mixin.py:188} INFO - [2025-11-14T10:50:22.108+0530] {dag.py:3089} INFO - Sync 1 DAGs
[2025-11-14T10:50:22.142+0530] {logging_mixin.py:188} INFO - [2025-11-14T10:50:22.141+0530] {dag.py:3947} INFO - Setting next_dagrun for latest_only_with_trigger to 2025-11-14 00:00:00+00:00, run_after=2025-11-14 04:00:00+00:00
[2025-11-14T10:50:22.171+0530] {processor.py:183} INFO - Processing /home/logi/txtai/venv/lib/python3.10/site-packages/airflow/example_dags/example_latest_only_with_trigger.py took 0.144 seconds
[2025-11-14T10:50:53.169+0530] {processor.py:161} INFO - Started process (PID=8125) to work on /home/logi/txtai/venv/lib/python3.10/site-packages/airflow/example_dags/example_latest_only_with_trigger.py
[2025-11-14T10:50:53.170+0530] {processor.py:830} INFO - Processing file /home/logi/txtai/venv/lib/python3.10/site-packages/airflow/example_dags/example_latest_only_with_trigger.py for tasks to queue
[2025-11-14T10:50:53.172+0530] {logging_mixin.py:188} INFO - [2025-11-14T10:50:53.171+0530] {dagbag.py:545} INFO - Filling up the DagBag from /home/logi/txtai/venv/lib/python3.10/site-packages/airflow/example_dags/example_latest_only_with_trigger.py
[2025-11-14T10:50:53.177+0530] {processor.py:840} INFO - DAG(s) 'latest_only_with_trigger' retrieved from /home/logi/txtai/venv/lib/python3.10/site-packages/airflow/example_dags/example_latest_only_with_trigger.py
[2025-11-14T10:50:53.214+0530] {logging_mixin.py:188} INFO - [2025-11-14T10:50:53.214+0530] {dag.py:3089} INFO - Sync 1 DAGs
[2025-11-14T10:50:53.240+0530] {logging_mixin.py:188} INFO - [2025-11-14T10:50:53.240+0530] {dag.py:3947} INFO - Setting next_dagrun for latest_only_with_trigger to 2025-11-14 00:00:00+00:00, run_after=2025-11-14 04:00:00+00:00
[2025-11-14T10:50:53.266+0530] {processor.py:183} INFO - Processing /home/logi/txtai/venv/lib/python3.10/site-packages/airflow/example_dags/example_latest_only_with_trigger.py took 0.104 seconds
[2025-11-14T10:51:24.277+0530] {processor.py:161} INFO - Started process (PID=8306) to work on /home/logi/txtai/venv/lib/python3.10/site-packages/airflow/example_dags/example_latest_only_with_trigger.py
[2025-11-14T10:51:24.279+0530] {processor.py:830} INFO - Processing file /home/logi/txtai/venv/lib/python3.10/site-packages/airflow/example_dags/example_latest_only_with_trigger.py for tasks to queue
[2025-11-14T10:51:24.282+0530] {logging_mixin.py:188} INFO - [2025-11-14T10:51:24.281+0530] {dagbag.py:545} INFO - Filling up the DagBag from /home/logi/txtai/venv/lib/python3.10/site-packages/airflow/example_dags/example_latest_only_with_trigger.py
[2025-11-14T10:51:24.297+0530] {processor.py:840} INFO - DAG(s) 'latest_only_with_trigger' retrieved from /home/logi/txtai/venv/lib/python3.10/site-packages/airflow/example_dags/example_latest_only_with_trigger.py
[2025-11-14T10:51:24.346+0530] {logging_mixin.py:188} INFO - [2025-11-14T10:51:24.346+0530] {dag.py:3089} INFO - Sync 1 DAGs
[2025-11-14T10:51:24.383+0530] {logging_mixin.py:188} INFO - [2025-11-14T10:51:24.383+0530] {dag.py:3947} INFO - Setting next_dagrun for latest_only_with_trigger to 2025-11-14 00:00:00+00:00, run_after=2025-11-14 04:00:00+00:00
[2025-11-14T10:51:24.434+0530] {processor.py:183} INFO - Processing /home/logi/txtai/venv/lib/python3.10/site-packages/airflow/example_dags/example_latest_only_with_trigger.py took 0.168 seconds
[2025-11-14T10:51:54.904+0530] {processor.py:161} INFO - Started process (PID=8442) to work on /home/logi/txtai/venv/lib/python3.10/site-packages/airflow/example_dags/example_latest_only_with_trigger.py
[2025-11-14T10:51:54.906+0530] {processor.py:830} INFO - Processing file /home/logi/txtai/venv/lib/python3.10/site-packages/airflow/example_dags/example_latest_only_with_trigger.py for tasks to queue
[2025-11-14T10:51:54.908+0530] {logging_mixin.py:188} INFO - [2025-11-14T10:51:54.908+0530] {dagbag.py:545} INFO - Filling up the DagBag from /home/logi/txtai/venv/lib/python3.10/site-packages/airflow/example_dags/example_latest_only_with_trigger.py
[2025-11-14T10:51:54.917+0530] {processor.py:840} INFO - DAG(s) 'latest_only_with_trigger' retrieved from /home/logi/txtai/venv/lib/python3.10/site-packages/airflow/example_dags/example_latest_only_with_trigger.py
[2025-11-14T10:51:54.957+0530] {logging_mixin.py:188} INFO - [2025-11-14T10:51:54.956+0530] {dag.py:3089} INFO - Sync 1 DAGs
[2025-11-14T10:51:54.980+0530] {logging_mixin.py:188} INFO - [2025-11-14T10:51:54.979+0530] {dag.py:3947} INFO - Setting next_dagrun for latest_only_with_trigger to 2025-11-14 00:00:00+00:00, run_after=2025-11-14 04:00:00+00:00
[2025-11-14T10:51:55.005+0530] {processor.py:183} INFO - Processing /home/logi/txtai/venv/lib/python3.10/site-packages/airflow/example_dags/example_latest_only_with_trigger.py took 0.114 seconds
[2025-11-14T10:52:27.310+0530] {processor.py:161} INFO - Started process (PID=8623) to work on /home/logi/txtai/venv/lib/python3.10/site-packages/airflow/example_dags/example_latest_only_with_trigger.py
[2025-11-14T10:52:27.312+0530] {processor.py:830} INFO - Processing file /home/logi/txtai/venv/lib/python3.10/site-packages/airflow/example_dags/example_latest_only_with_trigger.py for tasks to queue
[2025-11-14T10:52:27.314+0530] {logging_mixin.py:188} INFO - [2025-11-14T10:52:27.313+0530] {dagbag.py:545} INFO - Filling up the DagBag from /home/logi/txtai/venv/lib/python3.10/site-packages/airflow/example_dags/example_latest_only_with_trigger.py
[2025-11-14T10:52:27.327+0530] {processor.py:840} INFO - DAG(s) 'latest_only_with_trigger' retrieved from /home/logi/txtai/venv/lib/python3.10/site-packages/airflow/example_dags/example_latest_only_with_trigger.py
[2025-11-14T10:52:27.380+0530] {logging_mixin.py:188} INFO - [2025-11-14T10:52:27.380+0530] {dag.py:3089} INFO - Sync 1 DAGs
[2025-11-14T10:52:27.409+0530] {logging_mixin.py:188} INFO - [2025-11-14T10:52:27.409+0530] {dag.py:3947} INFO - Setting next_dagrun for latest_only_with_trigger to 2025-11-14 00:00:00+00:00, run_after=2025-11-14 04:00:00+00:00
[2025-11-14T10:52:27.438+0530] {processor.py:183} INFO - Processing /home/logi/txtai/venv/lib/python3.10/site-packages/airflow/example_dags/example_latest_only_with_trigger.py took 0.142 seconds
[2025-11-14T10:52:57.990+0530] {processor.py:161} INFO - Started process (PID=8753) to work on /home/logi/txtai/venv/lib/python3.10/site-packages/airflow/example_dags/example_latest_only_with_trigger.py
[2025-11-14T10:52:57.992+0530] {processor.py:830} INFO - Processing file /home/logi/txtai/venv/lib/python3.10/site-packages/airflow/example_dags/example_latest_only_with_trigger.py for tasks to queue
[2025-11-14T10:52:57.994+0530] {logging_mixin.py:188} INFO - [2025-11-14T10:52:57.994+0530] {dagbag.py:545} INFO - Filling up the DagBag from /home/logi/txtai/venv/lib/python3.10/site-packages/airflow/example_dags/example_latest_only_with_trigger.py
[2025-11-14T10:52:58.006+0530] {processor.py:840} INFO - DAG(s) 'latest_only_with_trigger' retrieved from /home/logi/txtai/venv/lib/python3.10/site-packages/airflow/example_dags/example_latest_only_with_trigger.py
[2025-11-14T10:52:58.046+0530] {logging_mixin.py:188} INFO - [2025-11-14T10:52:58.045+0530] {dag.py:3089} INFO - Sync 1 DAGs
[2025-11-14T10:52:58.067+0530] {logging_mixin.py:188} INFO - [2025-11-14T10:52:58.067+0530] {dag.py:3947} INFO - Setting next_dagrun for latest_only_with_trigger to 2025-11-14 00:00:00+00:00, run_after=2025-11-14 04:00:00+00:00
[2025-11-14T10:52:58.091+0530] {processor.py:183} INFO - Processing /home/logi/txtai/venv/lib/python3.10/site-packages/airflow/example_dags/example_latest_only_with_trigger.py took 0.112 seconds
[2025-11-14T10:53:28.902+0530] {processor.py:161} INFO - Started process (PID=8883) to work on /home/logi/txtai/venv/lib/python3.10/site-packages/airflow/example_dags/example_latest_only_with_trigger.py
[2025-11-14T10:53:28.903+0530] {processor.py:830} INFO - Processing file /home/logi/txtai/venv/lib/python3.10/site-packages/airflow/example_dags/example_latest_only_with_trigger.py for tasks to queue
[2025-11-14T10:53:28.905+0530] {logging_mixin.py:188} INFO - [2025-11-14T10:53:28.905+0530] {dagbag.py:545} INFO - Filling up the DagBag from /home/logi/txtai/venv/lib/python3.10/site-packages/airflow/example_dags/example_latest_only_with_trigger.py
[2025-11-14T10:53:28.911+0530] {processor.py:840} INFO - DAG(s) 'latest_only_with_trigger' retrieved from /home/logi/txtai/venv/lib/python3.10/site-packages/airflow/example_dags/example_latest_only_with_trigger.py
[2025-11-14T10:53:28.947+0530] {logging_mixin.py:188} INFO - [2025-11-14T10:53:28.947+0530] {dag.py:3089} INFO - Sync 1 DAGs
[2025-11-14T10:53:28.974+0530] {logging_mixin.py:188} INFO - [2025-11-14T10:53:28.974+0530] {dag.py:3947} INFO - Setting next_dagrun for latest_only_with_trigger to 2025-11-14 00:00:00+00:00, run_after=2025-11-14 04:00:00+00:00
[2025-11-14T10:53:28.994+0530] {processor.py:183} INFO - Processing /home/logi/txtai/venv/lib/python3.10/site-packages/airflow/example_dags/example_latest_only_with_trigger.py took 0.102 seconds
[2025-11-14T10:53:59.817+0530] {processor.py:161} INFO - Started process (PID=9071) to work on /home/logi/txtai/venv/lib/python3.10/site-packages/airflow/example_dags/example_latest_only_with_trigger.py
[2025-11-14T10:53:59.824+0530] {processor.py:830} INFO - Processing file /home/logi/txtai/venv/lib/python3.10/site-packages/airflow/example_dags/example_latest_only_with_trigger.py for tasks to queue
[2025-11-14T10:53:59.829+0530] {logging_mixin.py:188} INFO - [2025-11-14T10:53:59.827+0530] {dagbag.py:545} INFO - Filling up the DagBag from /home/logi/txtai/venv/lib/python3.10/site-packages/airflow/example_dags/example_latest_only_with_trigger.py
[2025-11-14T10:53:59.843+0530] {processor.py:840} INFO - DAG(s) 'latest_only_with_trigger' retrieved from /home/logi/txtai/venv/lib/python3.10/site-packages/airflow/example_dags/example_latest_only_with_trigger.py
[2025-11-14T10:53:59.907+0530] {logging_mixin.py:188} INFO - [2025-11-14T10:53:59.906+0530] {dag.py:3089} INFO - Sync 1 DAGs
[2025-11-14T10:53:59.937+0530] {logging_mixin.py:188} INFO - [2025-11-14T10:53:59.936+0530] {dag.py:3947} INFO - Setting next_dagrun for latest_only_with_trigger to 2025-11-14 00:00:00+00:00, run_after=2025-11-14 04:00:00+00:00
[2025-11-14T10:53:59.960+0530] {processor.py:183} INFO - Processing /home/logi/txtai/venv/lib/python3.10/site-packages/airflow/example_dags/example_latest_only_with_trigger.py took 0.150 seconds
[2025-11-14T10:54:30.858+0530] {processor.py:161} INFO - Started process (PID=9292) to work on /home/logi/txtai/venv/lib/python3.10/site-packages/airflow/example_dags/example_latest_only_with_trigger.py
[2025-11-14T10:54:30.859+0530] {processor.py:830} INFO - Processing file /home/logi/txtai/venv/lib/python3.10/site-packages/airflow/example_dags/example_latest_only_with_trigger.py for tasks to queue
[2025-11-14T10:54:30.862+0530] {logging_mixin.py:188} INFO - [2025-11-14T10:54:30.861+0530] {dagbag.py:545} INFO - Filling up the DagBag from /home/logi/txtai/venv/lib/python3.10/site-packages/airflow/example_dags/example_latest_only_with_trigger.py
[2025-11-14T10:54:30.872+0530] {processor.py:840} INFO - DAG(s) 'latest_only_with_trigger' retrieved from /home/logi/txtai/venv/lib/python3.10/site-packages/airflow/example_dags/example_latest_only_with_trigger.py
[2025-11-14T10:54:30.935+0530] {logging_mixin.py:188} INFO - [2025-11-14T10:54:30.934+0530] {dag.py:3089} INFO - Sync 1 DAGs
[2025-11-14T10:54:30.970+0530] {logging_mixin.py:188} INFO - [2025-11-14T10:54:30.969+0530] {dag.py:3947} INFO - Setting next_dagrun for latest_only_with_trigger to 2025-11-14 00:00:00+00:00, run_after=2025-11-14 04:00:00+00:00
[2025-11-14T10:54:31.010+0530] {processor.py:183} INFO - Processing /home/logi/txtai/venv/lib/python3.10/site-packages/airflow/example_dags/example_latest_only_with_trigger.py took 0.165 seconds
[2025-11-14T10:55:01.081+0530] {processor.py:161} INFO - Started process (PID=9435) to work on /home/logi/txtai/venv/lib/python3.10/site-packages/airflow/example_dags/example_latest_only_with_trigger.py
[2025-11-14T10:55:01.095+0530] {processor.py:830} INFO - Processing file /home/logi/txtai/venv/lib/python3.10/site-packages/airflow/example_dags/example_latest_only_with_trigger.py for tasks to queue
[2025-11-14T10:55:01.098+0530] {logging_mixin.py:188} INFO - [2025-11-14T10:55:01.097+0530] {dagbag.py:545} INFO - Filling up the DagBag from /home/logi/txtai/venv/lib/python3.10/site-packages/airflow/example_dags/example_latest_only_with_trigger.py
[2025-11-14T10:55:01.107+0530] {processor.py:840} INFO - DAG(s) 'latest_only_with_trigger' retrieved from /home/logi/txtai/venv/lib/python3.10/site-packages/airflow/example_dags/example_latest_only_with_trigger.py
[2025-11-14T10:55:01.151+0530] {logging_mixin.py:188} INFO - [2025-11-14T10:55:01.151+0530] {dag.py:3089} INFO - Sync 1 DAGs
[2025-11-14T10:55:01.182+0530] {logging_mixin.py:188} INFO - [2025-11-14T10:55:01.181+0530] {dag.py:3947} INFO - Setting next_dagrun for latest_only_with_trigger to 2025-11-14 00:00:00+00:00, run_after=2025-11-14 04:00:00+00:00
[2025-11-14T10:55:01.210+0530] {processor.py:183} INFO - Processing /home/logi/txtai/venv/lib/python3.10/site-packages/airflow/example_dags/example_latest_only_with_trigger.py took 0.142 seconds
[2025-11-14T10:55:31.355+0530] {processor.py:161} INFO - Started process (PID=9581) to work on /home/logi/txtai/venv/lib/python3.10/site-packages/airflow/example_dags/example_latest_only_with_trigger.py
[2025-11-14T10:55:31.368+0530] {processor.py:830} INFO - Processing file /home/logi/txtai/venv/lib/python3.10/site-packages/airflow/example_dags/example_latest_only_with_trigger.py for tasks to queue
[2025-11-14T10:55:31.370+0530] {logging_mixin.py:188} INFO - [2025-11-14T10:55:31.370+0530] {dagbag.py:545} INFO - Filling up the DagBag from /home/logi/txtai/venv/lib/python3.10/site-packages/airflow/example_dags/example_latest_only_with_trigger.py
[2025-11-14T10:55:31.382+0530] {processor.py:840} INFO - DAG(s) 'latest_only_with_trigger' retrieved from /home/logi/txtai/venv/lib/python3.10/site-packages/airflow/example_dags/example_latest_only_with_trigger.py
[2025-11-14T10:55:31.429+0530] {logging_mixin.py:188} INFO - [2025-11-14T10:55:31.429+0530] {dag.py:3089} INFO - Sync 1 DAGs
[2025-11-14T10:55:31.449+0530] {logging_mixin.py:188} INFO - [2025-11-14T10:55:31.448+0530] {dag.py:3947} INFO - Setting next_dagrun for latest_only_with_trigger to 2025-11-14 00:00:00+00:00, run_after=2025-11-14 04:00:00+00:00
[2025-11-14T10:55:31.474+0530] {processor.py:183} INFO - Processing /home/logi/txtai/venv/lib/python3.10/site-packages/airflow/example_dags/example_latest_only_with_trigger.py took 0.132 seconds
[2025-11-14T10:56:01.983+0530] {processor.py:161} INFO - Started process (PID=9710) to work on /home/logi/txtai/venv/lib/python3.10/site-packages/airflow/example_dags/example_latest_only_with_trigger.py
[2025-11-14T10:56:01.997+0530] {processor.py:830} INFO - Processing file /home/logi/txtai/venv/lib/python3.10/site-packages/airflow/example_dags/example_latest_only_with_trigger.py for tasks to queue
[2025-11-14T10:56:02.001+0530] {logging_mixin.py:188} INFO - [2025-11-14T10:56:02.000+0530] {dagbag.py:545} INFO - Filling up the DagBag from /home/logi/txtai/venv/lib/python3.10/site-packages/airflow/example_dags/example_latest_only_with_trigger.py
[2025-11-14T10:56:02.010+0530] {processor.py:840} INFO - DAG(s) 'latest_only_with_trigger' retrieved from /home/logi/txtai/venv/lib/python3.10/site-packages/airflow/example_dags/example_latest_only_with_trigger.py
[2025-11-14T10:56:02.071+0530] {logging_mixin.py:188} INFO - [2025-11-14T10:56:02.070+0530] {dag.py:3089} INFO - Sync 1 DAGs
[2025-11-14T10:56:02.121+0530] {logging_mixin.py:188} INFO - [2025-11-14T10:56:02.120+0530] {dag.py:3947} INFO - Setting next_dagrun for latest_only_with_trigger to 2025-11-14 00:00:00+00:00, run_after=2025-11-14 04:00:00+00:00
[2025-11-14T10:56:02.177+0530] {processor.py:183} INFO - Processing /home/logi/txtai/venv/lib/python3.10/site-packages/airflow/example_dags/example_latest_only_with_trigger.py took 0.199 seconds
[2025-11-14T10:56:32.522+0530] {processor.py:161} INFO - Started process (PID=9884) to work on /home/logi/txtai/venv/lib/python3.10/site-packages/airflow/example_dags/example_latest_only_with_trigger.py
[2025-11-14T10:56:32.534+0530] {processor.py:830} INFO - Processing file /home/logi/txtai/venv/lib/python3.10/site-packages/airflow/example_dags/example_latest_only_with_trigger.py for tasks to queue
[2025-11-14T10:56:32.537+0530] {logging_mixin.py:188} INFO - [2025-11-14T10:56:32.537+0530] {dagbag.py:545} INFO - Filling up the DagBag from /home/logi/txtai/venv/lib/python3.10/site-packages/airflow/example_dags/example_latest_only_with_trigger.py
[2025-11-14T10:56:32.543+0530] {processor.py:840} INFO - DAG(s) 'latest_only_with_trigger' retrieved from /home/logi/txtai/venv/lib/python3.10/site-packages/airflow/example_dags/example_latest_only_with_trigger.py
[2025-11-14T10:56:32.582+0530] {logging_mixin.py:188} INFO - [2025-11-14T10:56:32.582+0530] {dag.py:3089} INFO - Sync 1 DAGs
[2025-11-14T10:56:32.603+0530] {logging_mixin.py:188} INFO - [2025-11-14T10:56:32.602+0530] {dag.py:3947} INFO - Setting next_dagrun for latest_only_with_trigger to 2025-11-14 00:00:00+00:00, run_after=2025-11-14 04:00:00+00:00
[2025-11-14T10:56:32.636+0530] {processor.py:183} INFO - Processing /home/logi/txtai/venv/lib/python3.10/site-packages/airflow/example_dags/example_latest_only_with_trigger.py took 0.120 seconds
[2025-11-14T10:57:02.804+0530] {processor.py:161} INFO - Started process (PID=10016) to work on /home/logi/txtai/venv/lib/python3.10/site-packages/airflow/example_dags/example_latest_only_with_trigger.py
[2025-11-14T10:57:02.816+0530] {processor.py:830} INFO - Processing file /home/logi/txtai/venv/lib/python3.10/site-packages/airflow/example_dags/example_latest_only_with_trigger.py for tasks to queue
[2025-11-14T10:57:02.819+0530] {logging_mixin.py:188} INFO - [2025-11-14T10:57:02.818+0530] {dagbag.py:545} INFO - Filling up the DagBag from /home/logi/txtai/venv/lib/python3.10/site-packages/airflow/example_dags/example_latest_only_with_trigger.py
[2025-11-14T10:57:02.828+0530] {processor.py:840} INFO - DAG(s) 'latest_only_with_trigger' retrieved from /home/logi/txtai/venv/lib/python3.10/site-packages/airflow/example_dags/example_latest_only_with_trigger.py
[2025-11-14T10:57:02.883+0530] {logging_mixin.py:188} INFO - [2025-11-14T10:57:02.882+0530] {dag.py:3089} INFO - Sync 1 DAGs
[2025-11-14T10:57:02.910+0530] {logging_mixin.py:188} INFO - [2025-11-14T10:57:02.910+0530] {dag.py:3947} INFO - Setting next_dagrun for latest_only_with_trigger to 2025-11-14 00:00:00+00:00, run_after=2025-11-14 04:00:00+00:00
[2025-11-14T10:57:02.930+0530] {processor.py:183} INFO - Processing /home/logi/txtai/venv/lib/python3.10/site-packages/airflow/example_dags/example_latest_only_with_trigger.py took 0.136 seconds
[2025-11-14T10:57:33.168+0530] {processor.py:161} INFO - Started process (PID=10147) to work on /home/logi/txtai/venv/lib/python3.10/site-packages/airflow/example_dags/example_latest_only_with_trigger.py
[2025-11-14T10:57:33.169+0530] {processor.py:830} INFO - Processing file /home/logi/txtai/venv/lib/python3.10/site-packages/airflow/example_dags/example_latest_only_with_trigger.py for tasks to queue
[2025-11-14T10:57:33.172+0530] {logging_mixin.py:188} INFO - [2025-11-14T10:57:33.171+0530] {dagbag.py:545} INFO - Filling up the DagBag from /home/logi/txtai/venv/lib/python3.10/site-packages/airflow/example_dags/example_latest_only_with_trigger.py
[2025-11-14T10:57:33.182+0530] {processor.py:840} INFO - DAG(s) 'latest_only_with_trigger' retrieved from /home/logi/txtai/venv/lib/python3.10/site-packages/airflow/example_dags/example_latest_only_with_trigger.py
[2025-11-14T10:57:33.225+0530] {logging_mixin.py:188} INFO - [2025-11-14T10:57:33.225+0530] {dag.py:3089} INFO - Sync 1 DAGs
[2025-11-14T10:57:33.262+0530] {logging_mixin.py:188} INFO - [2025-11-14T10:57:33.261+0530] {dag.py:3947} INFO - Setting next_dagrun for latest_only_with_trigger to 2025-11-14 00:00:00+00:00, run_after=2025-11-14 04:00:00+00:00
[2025-11-14T10:57:33.287+0530] {processor.py:183} INFO - Processing /home/logi/txtai/venv/lib/python3.10/site-packages/airflow/example_dags/example_latest_only_with_trigger.py took 0.130 seconds
[2025-11-14T10:58:03.848+0530] {processor.py:161} INFO - Started process (PID=10277) to work on /home/logi/txtai/venv/lib/python3.10/site-packages/airflow/example_dags/example_latest_only_with_trigger.py
[2025-11-14T10:58:03.850+0530] {processor.py:830} INFO - Processing file /home/logi/txtai/venv/lib/python3.10/site-packages/airflow/example_dags/example_latest_only_with_trigger.py for tasks to queue
[2025-11-14T10:58:03.852+0530] {logging_mixin.py:188} INFO - [2025-11-14T10:58:03.852+0530] {dagbag.py:545} INFO - Filling up the DagBag from /home/logi/txtai/venv/lib/python3.10/site-packages/airflow/example_dags/example_latest_only_with_trigger.py
[2025-11-14T10:58:03.865+0530] {processor.py:840} INFO - DAG(s) 'latest_only_with_trigger' retrieved from /home/logi/txtai/venv/lib/python3.10/site-packages/airflow/example_dags/example_latest_only_with_trigger.py
[2025-11-14T10:58:03.925+0530] {logging_mixin.py:188} INFO - [2025-11-14T10:58:03.924+0530] {dag.py:3089} INFO - Sync 1 DAGs
[2025-11-14T10:58:03.972+0530] {logging_mixin.py:188} INFO - [2025-11-14T10:58:03.972+0530] {dag.py:3947} INFO - Setting next_dagrun for latest_only_with_trigger to 2025-11-14 00:00:00+00:00, run_after=2025-11-14 04:00:00+00:00
[2025-11-14T10:58:04.013+0530] {processor.py:183} INFO - Processing /home/logi/txtai/venv/lib/python3.10/site-packages/airflow/example_dags/example_latest_only_with_trigger.py took 0.175 seconds
[2025-11-14T10:58:34.179+0530] {processor.py:161} INFO - Started process (PID=10406) to work on /home/logi/txtai/venv/lib/python3.10/site-packages/airflow/example_dags/example_latest_only_with_trigger.py
[2025-11-14T10:58:34.180+0530] {processor.py:830} INFO - Processing file /home/logi/txtai/venv/lib/python3.10/site-packages/airflow/example_dags/example_latest_only_with_trigger.py for tasks to queue
[2025-11-14T10:58:34.181+0530] {logging_mixin.py:188} INFO - [2025-11-14T10:58:34.181+0530] {dagbag.py:545} INFO - Filling up the DagBag from /home/logi/txtai/venv/lib/python3.10/site-packages/airflow/example_dags/example_latest_only_with_trigger.py
[2025-11-14T10:58:34.186+0530] {processor.py:840} INFO - DAG(s) 'latest_only_with_trigger' retrieved from /home/logi/txtai/venv/lib/python3.10/site-packages/airflow/example_dags/example_latest_only_with_trigger.py
[2025-11-14T10:58:34.224+0530] {logging_mixin.py:188} INFO - [2025-11-14T10:58:34.224+0530] {dag.py:3089} INFO - Sync 1 DAGs
[2025-11-14T10:58:34.253+0530] {logging_mixin.py:188} INFO - [2025-11-14T10:58:34.252+0530] {dag.py:3947} INFO - Setting next_dagrun for latest_only_with_trigger to 2025-11-14 00:00:00+00:00, run_after=2025-11-14 04:00:00+00:00
[2025-11-14T10:58:34.282+0530] {processor.py:183} INFO - Processing /home/logi/txtai/venv/lib/python3.10/site-packages/airflow/example_dags/example_latest_only_with_trigger.py took 0.109 seconds
[2025-11-14T10:59:04.657+0530] {processor.py:161} INFO - Started process (PID=10565) to work on /home/logi/txtai/venv/lib/python3.10/site-packages/airflow/example_dags/example_latest_only_with_trigger.py
[2025-11-14T10:59:04.658+0530] {processor.py:830} INFO - Processing file /home/logi/txtai/venv/lib/python3.10/site-packages/airflow/example_dags/example_latest_only_with_trigger.py for tasks to queue
[2025-11-14T10:59:04.660+0530] {logging_mixin.py:188} INFO - [2025-11-14T10:59:04.659+0530] {dagbag.py:545} INFO - Filling up the DagBag from /home/logi/txtai/venv/lib/python3.10/site-packages/airflow/example_dags/example_latest_only_with_trigger.py
[2025-11-14T10:59:04.670+0530] {processor.py:840} INFO - DAG(s) 'latest_only_with_trigger' retrieved from /home/logi/txtai/venv/lib/python3.10/site-packages/airflow/example_dags/example_latest_only_with_trigger.py
[2025-11-14T10:59:04.713+0530] {logging_mixin.py:188} INFO - [2025-11-14T10:59:04.712+0530] {dag.py:3089} INFO - Sync 1 DAGs
[2025-11-14T10:59:04.742+0530] {logging_mixin.py:188} INFO - [2025-11-14T10:59:04.742+0530] {dag.py:3947} INFO - Setting next_dagrun for latest_only_with_trigger to 2025-11-14 00:00:00+00:00, run_after=2025-11-14 04:00:00+00:00
[2025-11-14T10:59:04.772+0530] {processor.py:183} INFO - Processing /home/logi/txtai/venv/lib/python3.10/site-packages/airflow/example_dags/example_latest_only_with_trigger.py took 0.123 seconds
[2025-11-14T10:59:35.677+0530] {processor.py:161} INFO - Started process (PID=10695) to work on /home/logi/txtai/venv/lib/python3.10/site-packages/airflow/example_dags/example_latest_only_with_trigger.py
[2025-11-14T10:59:35.680+0530] {processor.py:830} INFO - Processing file /home/logi/txtai/venv/lib/python3.10/site-packages/airflow/example_dags/example_latest_only_with_trigger.py for tasks to queue
[2025-11-14T10:59:35.682+0530] {logging_mixin.py:188} INFO - [2025-11-14T10:59:35.682+0530] {dagbag.py:545} INFO - Filling up the DagBag from /home/logi/txtai/venv/lib/python3.10/site-packages/airflow/example_dags/example_latest_only_with_trigger.py
[2025-11-14T10:59:35.694+0530] {processor.py:840} INFO - DAG(s) 'latest_only_with_trigger' retrieved from /home/logi/txtai/venv/lib/python3.10/site-packages/airflow/example_dags/example_latest_only_with_trigger.py
[2025-11-14T10:59:35.749+0530] {logging_mixin.py:188} INFO - [2025-11-14T10:59:35.749+0530] {dag.py:3089} INFO - Sync 1 DAGs
[2025-11-14T10:59:35.793+0530] {logging_mixin.py:188} INFO - [2025-11-14T10:59:35.792+0530] {dag.py:3947} INFO - Setting next_dagrun for latest_only_with_trigger to 2025-11-14 00:00:00+00:00, run_after=2025-11-14 04:00:00+00:00
[2025-11-14T10:59:35.847+0530] {processor.py:183} INFO - Processing /home/logi/txtai/venv/lib/python3.10/site-packages/airflow/example_dags/example_latest_only_with_trigger.py took 0.176 seconds
[2025-11-14T11:00:06.289+0530] {processor.py:161} INFO - Started process (PID=10824) to work on /home/logi/txtai/venv/lib/python3.10/site-packages/airflow/example_dags/example_latest_only_with_trigger.py
[2025-11-14T11:00:06.291+0530] {processor.py:830} INFO - Processing file /home/logi/txtai/venv/lib/python3.10/site-packages/airflow/example_dags/example_latest_only_with_trigger.py for tasks to queue
[2025-11-14T11:00:06.292+0530] {logging_mixin.py:188} INFO - [2025-11-14T11:00:06.292+0530] {dagbag.py:545} INFO - Filling up the DagBag from /home/logi/txtai/venv/lib/python3.10/site-packages/airflow/example_dags/example_latest_only_with_trigger.py
[2025-11-14T11:00:06.297+0530] {processor.py:840} INFO - DAG(s) 'latest_only_with_trigger' retrieved from /home/logi/txtai/venv/lib/python3.10/site-packages/airflow/example_dags/example_latest_only_with_trigger.py
[2025-11-14T11:00:06.334+0530] {logging_mixin.py:188} INFO - [2025-11-14T11:00:06.333+0530] {dag.py:3089} INFO - Sync 1 DAGs
[2025-11-14T11:00:06.358+0530] {logging_mixin.py:188} INFO - [2025-11-14T11:00:06.358+0530] {dag.py:3947} INFO - Setting next_dagrun for latest_only_with_trigger to 2025-11-14 00:00:00+00:00, run_after=2025-11-14 04:00:00+00:00
[2025-11-14T11:00:06.385+0530] {processor.py:183} INFO - Processing /home/logi/txtai/venv/lib/python3.10/site-packages/airflow/example_dags/example_latest_only_with_trigger.py took 0.101 seconds
[2025-11-14T11:00:36.525+0530] {processor.py:161} INFO - Started process (PID=10954) to work on /home/logi/txtai/venv/lib/python3.10/site-packages/airflow/example_dags/example_latest_only_with_trigger.py
[2025-11-14T11:00:36.527+0530] {processor.py:830} INFO - Processing file /home/logi/txtai/venv/lib/python3.10/site-packages/airflow/example_dags/example_latest_only_with_trigger.py for tasks to queue
[2025-11-14T11:00:36.533+0530] {logging_mixin.py:188} INFO - [2025-11-14T11:00:36.531+0530] {dagbag.py:545} INFO - Filling up the DagBag from /home/logi/txtai/venv/lib/python3.10/site-packages/airflow/example_dags/example_latest_only_with_trigger.py
[2025-11-14T11:00:36.543+0530] {processor.py:840} INFO - DAG(s) 'latest_only_with_trigger' retrieved from /home/logi/txtai/venv/lib/python3.10/site-packages/airflow/example_dags/example_latest_only_with_trigger.py
[2025-11-14T11:00:36.582+0530] {logging_mixin.py:188} INFO - [2025-11-14T11:00:36.581+0530] {dag.py:3089} INFO - Sync 1 DAGs
[2025-11-14T11:00:36.606+0530] {logging_mixin.py:188} INFO - [2025-11-14T11:00:36.606+0530] {dag.py:3947} INFO - Setting next_dagrun for latest_only_with_trigger to 2025-11-14 00:00:00+00:00, run_after=2025-11-14 04:00:00+00:00
[2025-11-14T11:00:36.623+0530] {processor.py:183} INFO - Processing /home/logi/txtai/venv/lib/python3.10/site-packages/airflow/example_dags/example_latest_only_with_trigger.py took 0.108 seconds
[2025-11-14T11:01:07.141+0530] {processor.py:161} INFO - Started process (PID=11083) to work on /home/logi/txtai/venv/lib/python3.10/site-packages/airflow/example_dags/example_latest_only_with_trigger.py
[2025-11-14T11:01:07.143+0530] {processor.py:830} INFO - Processing file /home/logi/txtai/venv/lib/python3.10/site-packages/airflow/example_dags/example_latest_only_with_trigger.py for tasks to queue
[2025-11-14T11:01:07.144+0530] {logging_mixin.py:188} INFO - [2025-11-14T11:01:07.144+0530] {dagbag.py:545} INFO - Filling up the DagBag from /home/logi/txtai/venv/lib/python3.10/site-packages/airflow/example_dags/example_latest_only_with_trigger.py
[2025-11-14T11:01:07.149+0530] {processor.py:840} INFO - DAG(s) 'latest_only_with_trigger' retrieved from /home/logi/txtai/venv/lib/python3.10/site-packages/airflow/example_dags/example_latest_only_with_trigger.py
[2025-11-14T11:01:07.179+0530] {logging_mixin.py:188} INFO - [2025-11-14T11:01:07.178+0530] {dag.py:3089} INFO - Sync 1 DAGs
[2025-11-14T11:01:07.202+0530] {logging_mixin.py:188} INFO - [2025-11-14T11:01:07.202+0530] {dag.py:3947} INFO - Setting next_dagrun for latest_only_with_trigger to 2025-11-14 00:00:00+00:00, run_after=2025-11-14 04:00:00+00:00
[2025-11-14T11:01:07.221+0530] {processor.py:183} INFO - Processing /home/logi/txtai/venv/lib/python3.10/site-packages/airflow/example_dags/example_latest_only_with_trigger.py took 0.085 seconds
[2025-11-14T11:01:37.719+0530] {processor.py:161} INFO - Started process (PID=11214) to work on /home/logi/txtai/venv/lib/python3.10/site-packages/airflow/example_dags/example_latest_only_with_trigger.py
[2025-11-14T11:01:37.720+0530] {processor.py:830} INFO - Processing file /home/logi/txtai/venv/lib/python3.10/site-packages/airflow/example_dags/example_latest_only_with_trigger.py for tasks to queue
[2025-11-14T11:01:37.722+0530] {logging_mixin.py:188} INFO - [2025-11-14T11:01:37.722+0530] {dagbag.py:545} INFO - Filling up the DagBag from /home/logi/txtai/venv/lib/python3.10/site-packages/airflow/example_dags/example_latest_only_with_trigger.py
[2025-11-14T11:01:37.731+0530] {processor.py:840} INFO - DAG(s) 'latest_only_with_trigger' retrieved from /home/logi/txtai/venv/lib/python3.10/site-packages/airflow/example_dags/example_latest_only_with_trigger.py
[2025-11-14T11:01:37.768+0530] {logging_mixin.py:188} INFO - [2025-11-14T11:01:37.767+0530] {dag.py:3089} INFO - Sync 1 DAGs
[2025-11-14T11:01:37.789+0530] {logging_mixin.py:188} INFO - [2025-11-14T11:01:37.789+0530] {dag.py:3947} INFO - Setting next_dagrun for latest_only_with_trigger to 2025-11-14 00:00:00+00:00, run_after=2025-11-14 04:00:00+00:00
[2025-11-14T11:01:37.809+0530] {processor.py:183} INFO - Processing /home/logi/txtai/venv/lib/python3.10/site-packages/airflow/example_dags/example_latest_only_with_trigger.py took 0.102 seconds
[2025-11-14T11:02:08.194+0530] {processor.py:161} INFO - Started process (PID=11342) to work on /home/logi/txtai/venv/lib/python3.10/site-packages/airflow/example_dags/example_latest_only_with_trigger.py
[2025-11-14T11:02:08.196+0530] {processor.py:830} INFO - Processing file /home/logi/txtai/venv/lib/python3.10/site-packages/airflow/example_dags/example_latest_only_with_trigger.py for tasks to queue
[2025-11-14T11:02:08.198+0530] {logging_mixin.py:188} INFO - [2025-11-14T11:02:08.198+0530] {dagbag.py:545} INFO - Filling up the DagBag from /home/logi/txtai/venv/lib/python3.10/site-packages/airflow/example_dags/example_latest_only_with_trigger.py
[2025-11-14T11:02:08.208+0530] {processor.py:840} INFO - DAG(s) 'latest_only_with_trigger' retrieved from /home/logi/txtai/venv/lib/python3.10/site-packages/airflow/example_dags/example_latest_only_with_trigger.py
[2025-11-14T11:02:08.258+0530] {logging_mixin.py:188} INFO - [2025-11-14T11:02:08.258+0530] {dag.py:3089} INFO - Sync 1 DAGs
[2025-11-14T11:02:08.295+0530] {logging_mixin.py:188} INFO - [2025-11-14T11:02:08.294+0530] {dag.py:3947} INFO - Setting next_dagrun for latest_only_with_trigger to 2025-11-14 00:00:00+00:00, run_after=2025-11-14 04:00:00+00:00
[2025-11-14T11:02:08.327+0530] {processor.py:183} INFO - Processing /home/logi/txtai/venv/lib/python3.10/site-packages/airflow/example_dags/example_latest_only_with_trigger.py took 0.144 seconds
[2025-11-14T11:02:39.237+0530] {processor.py:161} INFO - Started process (PID=11564) to work on /home/logi/txtai/venv/lib/python3.10/site-packages/airflow/example_dags/example_latest_only_with_trigger.py
[2025-11-14T11:02:39.239+0530] {processor.py:830} INFO - Processing file /home/logi/txtai/venv/lib/python3.10/site-packages/airflow/example_dags/example_latest_only_with_trigger.py for tasks to queue
[2025-11-14T11:02:39.241+0530] {logging_mixin.py:188} INFO - [2025-11-14T11:02:39.241+0530] {dagbag.py:545} INFO - Filling up the DagBag from /home/logi/txtai/venv/lib/python3.10/site-packages/airflow/example_dags/example_latest_only_with_trigger.py
[2025-11-14T11:02:39.250+0530] {processor.py:840} INFO - DAG(s) 'latest_only_with_trigger' retrieved from /home/logi/txtai/venv/lib/python3.10/site-packages/airflow/example_dags/example_latest_only_with_trigger.py
[2025-11-14T11:02:39.301+0530] {logging_mixin.py:188} INFO - [2025-11-14T11:02:39.301+0530] {dag.py:3089} INFO - Sync 1 DAGs
[2025-11-14T11:02:39.336+0530] {logging_mixin.py:188} INFO - [2025-11-14T11:02:39.336+0530] {dag.py:3947} INFO - Setting next_dagrun for latest_only_with_trigger to 2025-11-14 00:00:00+00:00, run_after=2025-11-14 04:00:00+00:00
[2025-11-14T11:02:39.373+0530] {processor.py:183} INFO - Processing /home/logi/txtai/venv/lib/python3.10/site-packages/airflow/example_dags/example_latest_only_with_trigger.py took 0.147 seconds
[2025-11-14T11:03:10.122+0530] {processor.py:161} INFO - Started process (PID=11863) to work on /home/logi/txtai/venv/lib/python3.10/site-packages/airflow/example_dags/example_latest_only_with_trigger.py
[2025-11-14T11:03:10.124+0530] {processor.py:830} INFO - Processing file /home/logi/txtai/venv/lib/python3.10/site-packages/airflow/example_dags/example_latest_only_with_trigger.py for tasks to queue
[2025-11-14T11:03:10.127+0530] {logging_mixin.py:188} INFO - [2025-11-14T11:03:10.126+0530] {dagbag.py:545} INFO - Filling up the DagBag from /home/logi/txtai/venv/lib/python3.10/site-packages/airflow/example_dags/example_latest_only_with_trigger.py
[2025-11-14T11:03:10.136+0530] {processor.py:840} INFO - DAG(s) 'latest_only_with_trigger' retrieved from /home/logi/txtai/venv/lib/python3.10/site-packages/airflow/example_dags/example_latest_only_with_trigger.py
[2025-11-14T11:03:10.197+0530] {logging_mixin.py:188} INFO - [2025-11-14T11:03:10.197+0530] {dag.py:3089} INFO - Sync 1 DAGs
[2025-11-14T11:03:10.238+0530] {logging_mixin.py:188} INFO - [2025-11-14T11:03:10.238+0530] {dag.py:3947} INFO - Setting next_dagrun for latest_only_with_trigger to 2025-11-14 00:00:00+00:00, run_after=2025-11-14 04:00:00+00:00
[2025-11-14T11:03:10.288+0530] {processor.py:183} INFO - Processing /home/logi/txtai/venv/lib/python3.10/site-packages/airflow/example_dags/example_latest_only_with_trigger.py took 0.177 seconds
[2025-11-14T11:03:40.595+0530] {processor.py:161} INFO - Started process (PID=12653) to work on /home/logi/txtai/venv/lib/python3.10/site-packages/airflow/example_dags/example_latest_only_with_trigger.py
[2025-11-14T11:03:40.596+0530] {processor.py:830} INFO - Processing file /home/logi/txtai/venv/lib/python3.10/site-packages/airflow/example_dags/example_latest_only_with_trigger.py for tasks to queue
[2025-11-14T11:03:40.598+0530] {logging_mixin.py:188} INFO - [2025-11-14T11:03:40.598+0530] {dagbag.py:545} INFO - Filling up the DagBag from /home/logi/txtai/venv/lib/python3.10/site-packages/airflow/example_dags/example_latest_only_with_trigger.py
[2025-11-14T11:03:40.605+0530] {processor.py:840} INFO - DAG(s) 'latest_only_with_trigger' retrieved from /home/logi/txtai/venv/lib/python3.10/site-packages/airflow/example_dags/example_latest_only_with_trigger.py
[2025-11-14T11:03:40.658+0530] {logging_mixin.py:188} INFO - [2025-11-14T11:03:40.657+0530] {dag.py:3089} INFO - Sync 1 DAGs
[2025-11-14T11:03:40.695+0530] {logging_mixin.py:188} INFO - [2025-11-14T11:03:40.694+0530] {dag.py:3947} INFO - Setting next_dagrun for latest_only_with_trigger to 2025-11-14 00:00:00+00:00, run_after=2025-11-14 04:00:00+00:00
[2025-11-14T11:03:40.733+0530] {processor.py:183} INFO - Processing /home/logi/txtai/venv/lib/python3.10/site-packages/airflow/example_dags/example_latest_only_with_trigger.py took 0.146 seconds
[2025-11-14T11:04:10.947+0530] {processor.py:161} INFO - Started process (PID=12782) to work on /home/logi/txtai/venv/lib/python3.10/site-packages/airflow/example_dags/example_latest_only_with_trigger.py
[2025-11-14T11:04:10.949+0530] {processor.py:830} INFO - Processing file /home/logi/txtai/venv/lib/python3.10/site-packages/airflow/example_dags/example_latest_only_with_trigger.py for tasks to queue
[2025-11-14T11:04:10.951+0530] {logging_mixin.py:188} INFO - [2025-11-14T11:04:10.950+0530] {dagbag.py:545} INFO - Filling up the DagBag from /home/logi/txtai/venv/lib/python3.10/site-packages/airflow/example_dags/example_latest_only_with_trigger.py
[2025-11-14T11:04:10.956+0530] {processor.py:840} INFO - DAG(s) 'latest_only_with_trigger' retrieved from /home/logi/txtai/venv/lib/python3.10/site-packages/airflow/example_dags/example_latest_only_with_trigger.py
[2025-11-14T11:04:11.007+0530] {logging_mixin.py:188} INFO - [2025-11-14T11:04:11.007+0530] {dag.py:3089} INFO - Sync 1 DAGs
[2025-11-14T11:04:11.046+0530] {logging_mixin.py:188} INFO - [2025-11-14T11:04:11.045+0530] {dag.py:3947} INFO - Setting next_dagrun for latest_only_with_trigger to 2025-11-14 00:00:00+00:00, run_after=2025-11-14 04:00:00+00:00
[2025-11-14T11:04:11.096+0530] {processor.py:183} INFO - Processing /home/logi/txtai/venv/lib/python3.10/site-packages/airflow/example_dags/example_latest_only_with_trigger.py took 0.156 seconds
[2025-11-14T11:04:42.030+0530] {processor.py:161} INFO - Started process (PID=12916) to work on /home/logi/txtai/venv/lib/python3.10/site-packages/airflow/example_dags/example_latest_only_with_trigger.py
[2025-11-14T11:04:42.032+0530] {processor.py:830} INFO - Processing file /home/logi/txtai/venv/lib/python3.10/site-packages/airflow/example_dags/example_latest_only_with_trigger.py for tasks to queue
[2025-11-14T11:04:42.035+0530] {logging_mixin.py:188} INFO - [2025-11-14T11:04:42.035+0530] {dagbag.py:545} INFO - Filling up the DagBag from /home/logi/txtai/venv/lib/python3.10/site-packages/airflow/example_dags/example_latest_only_with_trigger.py
[2025-11-14T11:04:42.045+0530] {processor.py:840} INFO - DAG(s) 'latest_only_with_trigger' retrieved from /home/logi/txtai/venv/lib/python3.10/site-packages/airflow/example_dags/example_latest_only_with_trigger.py
[2025-11-14T11:04:42.107+0530] {logging_mixin.py:188} INFO - [2025-11-14T11:04:42.106+0530] {dag.py:3089} INFO - Sync 1 DAGs
[2025-11-14T11:04:42.147+0530] {logging_mixin.py:188} INFO - [2025-11-14T11:04:42.147+0530] {dag.py:3947} INFO - Setting next_dagrun for latest_only_with_trigger to 2025-11-14 00:00:00+00:00, run_after=2025-11-14 04:00:00+00:00
[2025-11-14T11:04:42.232+0530] {processor.py:183} INFO - Processing /home/logi/txtai/venv/lib/python3.10/site-packages/airflow/example_dags/example_latest_only_with_trigger.py took 0.214 seconds
[2025-11-14T11:05:12.765+0530] {processor.py:161} INFO - Started process (PID=13066) to work on /home/logi/txtai/venv/lib/python3.10/site-packages/airflow/example_dags/example_latest_only_with_trigger.py
[2025-11-14T11:05:12.767+0530] {processor.py:830} INFO - Processing file /home/logi/txtai/venv/lib/python3.10/site-packages/airflow/example_dags/example_latest_only_with_trigger.py for tasks to queue
[2025-11-14T11:05:12.770+0530] {logging_mixin.py:188} INFO - [2025-11-14T11:05:12.769+0530] {dagbag.py:545} INFO - Filling up the DagBag from /home/logi/txtai/venv/lib/python3.10/site-packages/airflow/example_dags/example_latest_only_with_trigger.py
[2025-11-14T11:05:12.780+0530] {processor.py:840} INFO - DAG(s) 'latest_only_with_trigger' retrieved from /home/logi/txtai/venv/lib/python3.10/site-packages/airflow/example_dags/example_latest_only_with_trigger.py
[2025-11-14T11:05:12.839+0530] {logging_mixin.py:188} INFO - [2025-11-14T11:05:12.839+0530] {dag.py:3089} INFO - Sync 1 DAGs
[2025-11-14T11:05:12.879+0530] {logging_mixin.py:188} INFO - [2025-11-14T11:05:12.878+0530] {dag.py:3947} INFO - Setting next_dagrun for latest_only_with_trigger to 2025-11-14 00:00:00+00:00, run_after=2025-11-14 04:00:00+00:00
[2025-11-14T11:05:12.914+0530] {processor.py:183} INFO - Processing /home/logi/txtai/venv/lib/python3.10/site-packages/airflow/example_dags/example_latest_only_with_trigger.py took 0.162 seconds
[2025-11-14T11:05:43.018+0530] {processor.py:161} INFO - Started process (PID=13193) to work on /home/logi/txtai/venv/lib/python3.10/site-packages/airflow/example_dags/example_latest_only_with_trigger.py
[2025-11-14T11:05:43.019+0530] {processor.py:830} INFO - Processing file /home/logi/txtai/venv/lib/python3.10/site-packages/airflow/example_dags/example_latest_only_with_trigger.py for tasks to queue
[2025-11-14T11:05:43.021+0530] {logging_mixin.py:188} INFO - [2025-11-14T11:05:43.021+0530] {dagbag.py:545} INFO - Filling up the DagBag from /home/logi/txtai/venv/lib/python3.10/site-packages/airflow/example_dags/example_latest_only_with_trigger.py
[2025-11-14T11:05:43.029+0530] {processor.py:840} INFO - DAG(s) 'latest_only_with_trigger' retrieved from /home/logi/txtai/venv/lib/python3.10/site-packages/airflow/example_dags/example_latest_only_with_trigger.py
[2025-11-14T11:05:43.065+0530] {logging_mixin.py:188} INFO - [2025-11-14T11:05:43.064+0530] {dag.py:3089} INFO - Sync 1 DAGs
[2025-11-14T11:05:43.085+0530] {logging_mixin.py:188} INFO - [2025-11-14T11:05:43.085+0530] {dag.py:3947} INFO - Setting next_dagrun for latest_only_with_trigger to 2025-11-14 00:00:00+00:00, run_after=2025-11-14 04:00:00+00:00
[2025-11-14T11:05:43.107+0530] {processor.py:183} INFO - Processing /home/logi/txtai/venv/lib/python3.10/site-packages/airflow/example_dags/example_latest_only_with_trigger.py took 0.098 seconds
[2025-11-14T11:06:13.484+0530] {processor.py:161} INFO - Started process (PID=13323) to work on /home/logi/txtai/venv/lib/python3.10/site-packages/airflow/example_dags/example_latest_only_with_trigger.py
[2025-11-14T11:06:13.485+0530] {processor.py:830} INFO - Processing file /home/logi/txtai/venv/lib/python3.10/site-packages/airflow/example_dags/example_latest_only_with_trigger.py for tasks to queue
[2025-11-14T11:06:13.487+0530] {logging_mixin.py:188} INFO - [2025-11-14T11:06:13.487+0530] {dagbag.py:545} INFO - Filling up the DagBag from /home/logi/txtai/venv/lib/python3.10/site-packages/airflow/example_dags/example_latest_only_with_trigger.py
[2025-11-14T11:06:13.493+0530] {processor.py:840} INFO - DAG(s) 'latest_only_with_trigger' retrieved from /home/logi/txtai/venv/lib/python3.10/site-packages/airflow/example_dags/example_latest_only_with_trigger.py
[2025-11-14T11:06:13.527+0530] {logging_mixin.py:188} INFO - [2025-11-14T11:06:13.527+0530] {dag.py:3089} INFO - Sync 1 DAGs
[2025-11-14T11:06:13.550+0530] {logging_mixin.py:188} INFO - [2025-11-14T11:06:13.549+0530] {dag.py:3947} INFO - Setting next_dagrun for latest_only_with_trigger to 2025-11-14 00:00:00+00:00, run_after=2025-11-14 04:00:00+00:00
[2025-11-14T11:06:13.582+0530] {processor.py:183} INFO - Processing /home/logi/txtai/venv/lib/python3.10/site-packages/airflow/example_dags/example_latest_only_with_trigger.py took 0.106 seconds
[2025-11-14T11:06:43.641+0530] {processor.py:161} INFO - Started process (PID=13441) to work on /home/logi/txtai/venv/lib/python3.10/site-packages/airflow/example_dags/example_latest_only_with_trigger.py
[2025-11-14T11:06:43.643+0530] {processor.py:830} INFO - Processing file /home/logi/txtai/venv/lib/python3.10/site-packages/airflow/example_dags/example_latest_only_with_trigger.py for tasks to queue
[2025-11-14T11:06:43.645+0530] {logging_mixin.py:188} INFO - [2025-11-14T11:06:43.645+0530] {dagbag.py:545} INFO - Filling up the DagBag from /home/logi/txtai/venv/lib/python3.10/site-packages/airflow/example_dags/example_latest_only_with_trigger.py
[2025-11-14T11:06:43.655+0530] {processor.py:840} INFO - DAG(s) 'latest_only_with_trigger' retrieved from /home/logi/txtai/venv/lib/python3.10/site-packages/airflow/example_dags/example_latest_only_with_trigger.py
[2025-11-14T11:06:43.708+0530] {logging_mixin.py:188} INFO - [2025-11-14T11:06:43.707+0530] {dag.py:3089} INFO - Sync 1 DAGs
[2025-11-14T11:06:43.746+0530] {logging_mixin.py:188} INFO - [2025-11-14T11:06:43.746+0530] {dag.py:3947} INFO - Setting next_dagrun for latest_only_with_trigger to 2025-11-14 00:00:00+00:00, run_after=2025-11-14 04:00:00+00:00
[2025-11-14T11:06:43.789+0530] {processor.py:183} INFO - Processing /home/logi/txtai/venv/lib/python3.10/site-packages/airflow/example_dags/example_latest_only_with_trigger.py took 0.160 seconds
[2025-11-14T11:07:14.445+0530] {processor.py:161} INFO - Started process (PID=13625) to work on /home/logi/txtai/venv/lib/python3.10/site-packages/airflow/example_dags/example_latest_only_with_trigger.py
[2025-11-14T11:07:14.453+0530] {processor.py:830} INFO - Processing file /home/logi/txtai/venv/lib/python3.10/site-packages/airflow/example_dags/example_latest_only_with_trigger.py for tasks to queue
[2025-11-14T11:07:14.456+0530] {logging_mixin.py:188} INFO - [2025-11-14T11:07:14.456+0530] {dagbag.py:545} INFO - Filling up the DagBag from /home/logi/txtai/venv/lib/python3.10/site-packages/airflow/example_dags/example_latest_only_with_trigger.py
[2025-11-14T11:07:14.465+0530] {processor.py:840} INFO - DAG(s) 'latest_only_with_trigger' retrieved from /home/logi/txtai/venv/lib/python3.10/site-packages/airflow/example_dags/example_latest_only_with_trigger.py
[2025-11-14T11:07:14.520+0530] {logging_mixin.py:188} INFO - [2025-11-14T11:07:14.519+0530] {dag.py:3089} INFO - Sync 1 DAGs
[2025-11-14T11:07:14.559+0530] {logging_mixin.py:188} INFO - [2025-11-14T11:07:14.558+0530] {dag.py:3947} INFO - Setting next_dagrun for latest_only_with_trigger to 2025-11-14 00:00:00+00:00, run_after=2025-11-14 04:00:00+00:00
[2025-11-14T11:07:14.598+0530] {processor.py:183} INFO - Processing /home/logi/txtai/venv/lib/python3.10/site-packages/airflow/example_dags/example_latest_only_with_trigger.py took 0.163 seconds
[2025-11-14T11:07:45.085+0530] {processor.py:161} INFO - Started process (PID=13855) to work on /home/logi/txtai/venv/lib/python3.10/site-packages/airflow/example_dags/example_latest_only_with_trigger.py
[2025-11-14T11:07:45.086+0530] {processor.py:830} INFO - Processing file /home/logi/txtai/venv/lib/python3.10/site-packages/airflow/example_dags/example_latest_only_with_trigger.py for tasks to queue
[2025-11-14T11:07:45.087+0530] {logging_mixin.py:188} INFO - [2025-11-14T11:07:45.087+0530] {dagbag.py:545} INFO - Filling up the DagBag from /home/logi/txtai/venv/lib/python3.10/site-packages/airflow/example_dags/example_latest_only_with_trigger.py
[2025-11-14T11:07:45.092+0530] {processor.py:840} INFO - DAG(s) 'latest_only_with_trigger' retrieved from /home/logi/txtai/venv/lib/python3.10/site-packages/airflow/example_dags/example_latest_only_with_trigger.py
[2025-11-14T11:07:45.133+0530] {logging_mixin.py:188} INFO - [2025-11-14T11:07:45.132+0530] {dag.py:3089} INFO - Sync 1 DAGs
[2025-11-14T11:07:45.160+0530] {logging_mixin.py:188} INFO - [2025-11-14T11:07:45.160+0530] {dag.py:3947} INFO - Setting next_dagrun for latest_only_with_trigger to 2025-11-14 00:00:00+00:00, run_after=2025-11-14 04:00:00+00:00
[2025-11-14T11:07:45.184+0530] {processor.py:183} INFO - Processing /home/logi/txtai/venv/lib/python3.10/site-packages/airflow/example_dags/example_latest_only_with_trigger.py took 0.105 seconds
[2025-11-14T11:08:15.535+0530] {processor.py:161} INFO - Started process (PID=14396) to work on /home/logi/txtai/venv/lib/python3.10/site-packages/airflow/example_dags/example_latest_only_with_trigger.py
[2025-11-14T11:08:15.536+0530] {processor.py:830} INFO - Processing file /home/logi/txtai/venv/lib/python3.10/site-packages/airflow/example_dags/example_latest_only_with_trigger.py for tasks to queue
[2025-11-14T11:08:15.537+0530] {logging_mixin.py:188} INFO - [2025-11-14T11:08:15.537+0530] {dagbag.py:545} INFO - Filling up the DagBag from /home/logi/txtai/venv/lib/python3.10/site-packages/airflow/example_dags/example_latest_only_with_trigger.py
[2025-11-14T11:08:15.542+0530] {processor.py:840} INFO - DAG(s) 'latest_only_with_trigger' retrieved from /home/logi/txtai/venv/lib/python3.10/site-packages/airflow/example_dags/example_latest_only_with_trigger.py
[2025-11-14T11:08:15.585+0530] {logging_mixin.py:188} INFO - [2025-11-14T11:08:15.585+0530] {dag.py:3089} INFO - Sync 1 DAGs
[2025-11-14T11:08:15.620+0530] {logging_mixin.py:188} INFO - [2025-11-14T11:08:15.619+0530] {dag.py:3947} INFO - Setting next_dagrun for latest_only_with_trigger to 2025-11-14 00:00:00+00:00, run_after=2025-11-14 04:00:00+00:00
[2025-11-14T11:08:15.653+0530] {processor.py:183} INFO - Processing /home/logi/txtai/venv/lib/python3.10/site-packages/airflow/example_dags/example_latest_only_with_trigger.py took 0.123 seconds
[2025-11-14T11:08:45.895+0530] {processor.py:161} INFO - Started process (PID=14622) to work on /home/logi/txtai/venv/lib/python3.10/site-packages/airflow/example_dags/example_latest_only_with_trigger.py
[2025-11-14T11:08:45.897+0530] {processor.py:830} INFO - Processing file /home/logi/txtai/venv/lib/python3.10/site-packages/airflow/example_dags/example_latest_only_with_trigger.py for tasks to queue
[2025-11-14T11:08:45.900+0530] {logging_mixin.py:188} INFO - [2025-11-14T11:08:45.900+0530] {dagbag.py:545} INFO - Filling up the DagBag from /home/logi/txtai/venv/lib/python3.10/site-packages/airflow/example_dags/example_latest_only_with_trigger.py
[2025-11-14T11:08:45.910+0530] {processor.py:840} INFO - DAG(s) 'latest_only_with_trigger' retrieved from /home/logi/txtai/venv/lib/python3.10/site-packages/airflow/example_dags/example_latest_only_with_trigger.py
[2025-11-14T11:08:45.969+0530] {logging_mixin.py:188} INFO - [2025-11-14T11:08:45.969+0530] {dag.py:3089} INFO - Sync 1 DAGs
[2025-11-14T11:08:46.011+0530] {logging_mixin.py:188} INFO - [2025-11-14T11:08:46.010+0530] {dag.py:3947} INFO - Setting next_dagrun for latest_only_with_trigger to 2025-11-14 00:00:00+00:00, run_after=2025-11-14 04:00:00+00:00
[2025-11-14T11:08:46.062+0530] {processor.py:183} INFO - Processing /home/logi/txtai/venv/lib/python3.10/site-packages/airflow/example_dags/example_latest_only_with_trigger.py took 0.179 seconds
[2025-11-14T11:09:16.731+0530] {processor.py:161} INFO - Started process (PID=14759) to work on /home/logi/txtai/venv/lib/python3.10/site-packages/airflow/example_dags/example_latest_only_with_trigger.py
[2025-11-14T11:09:16.733+0530] {processor.py:830} INFO - Processing file /home/logi/txtai/venv/lib/python3.10/site-packages/airflow/example_dags/example_latest_only_with_trigger.py for tasks to queue
[2025-11-14T11:09:16.736+0530] {logging_mixin.py:188} INFO - [2025-11-14T11:09:16.736+0530] {dagbag.py:545} INFO - Filling up the DagBag from /home/logi/txtai/venv/lib/python3.10/site-packages/airflow/example_dags/example_latest_only_with_trigger.py
[2025-11-14T11:09:16.747+0530] {processor.py:840} INFO - DAG(s) 'latest_only_with_trigger' retrieved from /home/logi/txtai/venv/lib/python3.10/site-packages/airflow/example_dags/example_latest_only_with_trigger.py
[2025-11-14T11:09:16.813+0530] {logging_mixin.py:188} INFO - [2025-11-14T11:09:16.812+0530] {dag.py:3089} INFO - Sync 1 DAGs
[2025-11-14T11:09:16.853+0530] {logging_mixin.py:188} INFO - [2025-11-14T11:09:16.853+0530] {dag.py:3947} INFO - Setting next_dagrun for latest_only_with_trigger to 2025-11-14 00:00:00+00:00, run_after=2025-11-14 04:00:00+00:00
[2025-11-14T11:09:16.903+0530] {processor.py:183} INFO - Processing /home/logi/txtai/venv/lib/python3.10/site-packages/airflow/example_dags/example_latest_only_with_trigger.py took 0.184 seconds
[2025-11-14T11:09:47.196+0530] {processor.py:161} INFO - Started process (PID=14888) to work on /home/logi/txtai/venv/lib/python3.10/site-packages/airflow/example_dags/example_latest_only_with_trigger.py
[2025-11-14T11:09:47.198+0530] {processor.py:830} INFO - Processing file /home/logi/txtai/venv/lib/python3.10/site-packages/airflow/example_dags/example_latest_only_with_trigger.py for tasks to queue
[2025-11-14T11:09:47.200+0530] {logging_mixin.py:188} INFO - [2025-11-14T11:09:47.199+0530] {dagbag.py:545} INFO - Filling up the DagBag from /home/logi/txtai/venv/lib/python3.10/site-packages/airflow/example_dags/example_latest_only_with_trigger.py
[2025-11-14T11:09:47.205+0530] {processor.py:840} INFO - DAG(s) 'latest_only_with_trigger' retrieved from /home/logi/txtai/venv/lib/python3.10/site-packages/airflow/example_dags/example_latest_only_with_trigger.py
[2025-11-14T11:09:47.252+0530] {logging_mixin.py:188} INFO - [2025-11-14T11:09:47.252+0530] {dag.py:3089} INFO - Sync 1 DAGs
[2025-11-14T11:09:47.287+0530] {logging_mixin.py:188} INFO - [2025-11-14T11:09:47.286+0530] {dag.py:3947} INFO - Setting next_dagrun for latest_only_with_trigger to 2025-11-14 00:00:00+00:00, run_after=2025-11-14 04:00:00+00:00
[2025-11-14T11:09:47.320+0530] {processor.py:183} INFO - Processing /home/logi/txtai/venv/lib/python3.10/site-packages/airflow/example_dags/example_latest_only_with_trigger.py took 0.130 seconds
[2025-11-14T11:10:18.115+0530] {processor.py:161} INFO - Started process (PID=15069) to work on /home/logi/txtai/venv/lib/python3.10/site-packages/airflow/example_dags/example_latest_only_with_trigger.py
[2025-11-14T11:10:18.116+0530] {processor.py:830} INFO - Processing file /home/logi/txtai/venv/lib/python3.10/site-packages/airflow/example_dags/example_latest_only_with_trigger.py for tasks to queue
[2025-11-14T11:10:18.118+0530] {logging_mixin.py:188} INFO - [2025-11-14T11:10:18.118+0530] {dagbag.py:545} INFO - Filling up the DagBag from /home/logi/txtai/venv/lib/python3.10/site-packages/airflow/example_dags/example_latest_only_with_trigger.py
[2025-11-14T11:10:18.122+0530] {processor.py:840} INFO - DAG(s) 'latest_only_with_trigger' retrieved from /home/logi/txtai/venv/lib/python3.10/site-packages/airflow/example_dags/example_latest_only_with_trigger.py
[2025-11-14T11:10:18.172+0530] {logging_mixin.py:188} INFO - [2025-11-14T11:10:18.171+0530] {dag.py:3089} INFO - Sync 1 DAGs
[2025-11-14T11:10:18.205+0530] {logging_mixin.py:188} INFO - [2025-11-14T11:10:18.205+0530] {dag.py:3947} INFO - Setting next_dagrun for latest_only_with_trigger to 2025-11-14 00:00:00+00:00, run_after=2025-11-14 04:00:00+00:00
[2025-11-14T11:10:18.238+0530] {processor.py:183} INFO - Processing /home/logi/txtai/venv/lib/python3.10/site-packages/airflow/example_dags/example_latest_only_with_trigger.py took 0.129 seconds
[2025-11-14T11:10:48.895+0530] {processor.py:161} INFO - Started process (PID=15334) to work on /home/logi/txtai/venv/lib/python3.10/site-packages/airflow/example_dags/example_latest_only_with_trigger.py
[2025-11-14T11:10:48.897+0530] {processor.py:830} INFO - Processing file /home/logi/txtai/venv/lib/python3.10/site-packages/airflow/example_dags/example_latest_only_with_trigger.py for tasks to queue
[2025-11-14T11:10:48.900+0530] {logging_mixin.py:188} INFO - [2025-11-14T11:10:48.899+0530] {dagbag.py:545} INFO - Filling up the DagBag from /home/logi/txtai/venv/lib/python3.10/site-packages/airflow/example_dags/example_latest_only_with_trigger.py
[2025-11-14T11:10:48.910+0530] {processor.py:840} INFO - DAG(s) 'latest_only_with_trigger' retrieved from /home/logi/txtai/venv/lib/python3.10/site-packages/airflow/example_dags/example_latest_only_with_trigger.py
[2025-11-14T11:10:48.970+0530] {logging_mixin.py:188} INFO - [2025-11-14T11:10:48.970+0530] {dag.py:3089} INFO - Sync 1 DAGs
[2025-11-14T11:10:49.012+0530] {logging_mixin.py:188} INFO - [2025-11-14T11:10:49.011+0530] {dag.py:3947} INFO - Setting next_dagrun for latest_only_with_trigger to 2025-11-14 00:00:00+00:00, run_after=2025-11-14 04:00:00+00:00
[2025-11-14T11:10:49.048+0530] {processor.py:183} INFO - Processing /home/logi/txtai/venv/lib/python3.10/site-packages/airflow/example_dags/example_latest_only_with_trigger.py took 0.166 seconds
[2025-11-14T11:11:20.144+0530] {processor.py:161} INFO - Started process (PID=15535) to work on /home/logi/txtai/venv/lib/python3.10/site-packages/airflow/example_dags/example_latest_only_with_trigger.py
[2025-11-14T11:11:20.148+0530] {processor.py:830} INFO - Processing file /home/logi/txtai/venv/lib/python3.10/site-packages/airflow/example_dags/example_latest_only_with_trigger.py for tasks to queue
[2025-11-14T11:11:20.154+0530] {logging_mixin.py:188} INFO - [2025-11-14T11:11:20.152+0530] {dagbag.py:545} INFO - Filling up the DagBag from /home/logi/txtai/venv/lib/python3.10/site-packages/airflow/example_dags/example_latest_only_with_trigger.py
[2025-11-14T11:11:20.170+0530] {processor.py:840} INFO - DAG(s) 'latest_only_with_trigger' retrieved from /home/logi/txtai/venv/lib/python3.10/site-packages/airflow/example_dags/example_latest_only_with_trigger.py
[2025-11-14T11:11:20.237+0530] {logging_mixin.py:188} INFO - [2025-11-14T11:11:20.236+0530] {dag.py:3089} INFO - Sync 1 DAGs
[2025-11-14T11:11:20.271+0530] {logging_mixin.py:188} INFO - [2025-11-14T11:11:20.270+0530] {dag.py:3947} INFO - Setting next_dagrun for latest_only_with_trigger to 2025-11-14 00:00:00+00:00, run_after=2025-11-14 04:00:00+00:00
[2025-11-14T11:11:20.311+0530] {processor.py:183} INFO - Processing /home/logi/txtai/venv/lib/python3.10/site-packages/airflow/example_dags/example_latest_only_with_trigger.py took 0.187 seconds
[2025-11-14T11:11:50.536+0530] {processor.py:161} INFO - Started process (PID=15689) to work on /home/logi/txtai/venv/lib/python3.10/site-packages/airflow/example_dags/example_latest_only_with_trigger.py
[2025-11-14T11:11:50.538+0530] {processor.py:830} INFO - Processing file /home/logi/txtai/venv/lib/python3.10/site-packages/airflow/example_dags/example_latest_only_with_trigger.py for tasks to queue
[2025-11-14T11:11:50.541+0530] {logging_mixin.py:188} INFO - [2025-11-14T11:11:50.540+0530] {dagbag.py:545} INFO - Filling up the DagBag from /home/logi/txtai/venv/lib/python3.10/site-packages/airflow/example_dags/example_latest_only_with_trigger.py
[2025-11-14T11:11:50.551+0530] {processor.py:840} INFO - DAG(s) 'latest_only_with_trigger' retrieved from /home/logi/txtai/venv/lib/python3.10/site-packages/airflow/example_dags/example_latest_only_with_trigger.py
[2025-11-14T11:11:50.611+0530] {logging_mixin.py:188} INFO - [2025-11-14T11:11:50.611+0530] {dag.py:3089} INFO - Sync 1 DAGs
[2025-11-14T11:11:50.653+0530] {logging_mixin.py:188} INFO - [2025-11-14T11:11:50.653+0530] {dag.py:3947} INFO - Setting next_dagrun for latest_only_with_trigger to 2025-11-14 00:00:00+00:00, run_after=2025-11-14 04:00:00+00:00
[2025-11-14T11:11:50.703+0530] {processor.py:183} INFO - Processing /home/logi/txtai/venv/lib/python3.10/site-packages/airflow/example_dags/example_latest_only_with_trigger.py took 0.180 seconds
[2025-11-14T11:12:21.163+0530] {processor.py:161} INFO - Started process (PID=15880) to work on /home/logi/txtai/venv/lib/python3.10/site-packages/airflow/example_dags/example_latest_only_with_trigger.py
[2025-11-14T11:12:21.168+0530] {processor.py:830} INFO - Processing file /home/logi/txtai/venv/lib/python3.10/site-packages/airflow/example_dags/example_latest_only_with_trigger.py for tasks to queue
[2025-11-14T11:12:21.173+0530] {logging_mixin.py:188} INFO - [2025-11-14T11:12:21.172+0530] {dagbag.py:545} INFO - Filling up the DagBag from /home/logi/txtai/venv/lib/python3.10/site-packages/airflow/example_dags/example_latest_only_with_trigger.py
[2025-11-14T11:12:21.190+0530] {processor.py:840} INFO - DAG(s) 'latest_only_with_trigger' retrieved from /home/logi/txtai/venv/lib/python3.10/site-packages/airflow/example_dags/example_latest_only_with_trigger.py
[2025-11-14T11:12:21.233+0530] {logging_mixin.py:188} INFO - [2025-11-14T11:12:21.233+0530] {dag.py:3089} INFO - Sync 1 DAGs
[2025-11-14T11:12:21.255+0530] {logging_mixin.py:188} INFO - [2025-11-14T11:12:21.255+0530] {dag.py:3947} INFO - Setting next_dagrun for latest_only_with_trigger to 2025-11-14 00:00:00+00:00, run_after=2025-11-14 04:00:00+00:00
[2025-11-14T11:12:21.276+0530] {processor.py:183} INFO - Processing /home/logi/txtai/venv/lib/python3.10/site-packages/airflow/example_dags/example_latest_only_with_trigger.py took 0.137 seconds
[2025-11-14T11:12:51.392+0530] {processor.py:161} INFO - Started process (PID=16091) to work on /home/logi/txtai/venv/lib/python3.10/site-packages/airflow/example_dags/example_latest_only_with_trigger.py
[2025-11-14T11:12:51.394+0530] {processor.py:830} INFO - Processing file /home/logi/txtai/venv/lib/python3.10/site-packages/airflow/example_dags/example_latest_only_with_trigger.py for tasks to queue
[2025-11-14T11:12:51.397+0530] {logging_mixin.py:188} INFO - [2025-11-14T11:12:51.396+0530] {dagbag.py:545} INFO - Filling up the DagBag from /home/logi/txtai/venv/lib/python3.10/site-packages/airflow/example_dags/example_latest_only_with_trigger.py
[2025-11-14T11:12:51.406+0530] {processor.py:840} INFO - DAG(s) 'latest_only_with_trigger' retrieved from /home/logi/txtai/venv/lib/python3.10/site-packages/airflow/example_dags/example_latest_only_with_trigger.py
[2025-11-14T11:12:51.464+0530] {logging_mixin.py:188} INFO - [2025-11-14T11:12:51.464+0530] {dag.py:3089} INFO - Sync 1 DAGs
[2025-11-14T11:12:51.503+0530] {logging_mixin.py:188} INFO - [2025-11-14T11:12:51.503+0530] {dag.py:3947} INFO - Setting next_dagrun for latest_only_with_trigger to 2025-11-14 00:00:00+00:00, run_after=2025-11-14 04:00:00+00:00
[2025-11-14T11:12:51.548+0530] {processor.py:183} INFO - Processing /home/logi/txtai/venv/lib/python3.10/site-packages/airflow/example_dags/example_latest_only_with_trigger.py took 0.168 seconds
[2025-11-14T11:13:21.892+0530] {processor.py:161} INFO - Started process (PID=16304) to work on /home/logi/txtai/venv/lib/python3.10/site-packages/airflow/example_dags/example_latest_only_with_trigger.py
[2025-11-14T11:13:21.896+0530] {processor.py:830} INFO - Processing file /home/logi/txtai/venv/lib/python3.10/site-packages/airflow/example_dags/example_latest_only_with_trigger.py for tasks to queue
[2025-11-14T11:13:21.903+0530] {logging_mixin.py:188} INFO - [2025-11-14T11:13:21.903+0530] {dagbag.py:545} INFO - Filling up the DagBag from /home/logi/txtai/venv/lib/python3.10/site-packages/airflow/example_dags/example_latest_only_with_trigger.py
[2025-11-14T11:13:21.915+0530] {processor.py:840} INFO - DAG(s) 'latest_only_with_trigger' retrieved from /home/logi/txtai/venv/lib/python3.10/site-packages/airflow/example_dags/example_latest_only_with_trigger.py
[2025-11-14T11:13:21.987+0530] {logging_mixin.py:188} INFO - [2025-11-14T11:13:21.986+0530] {dag.py:3089} INFO - Sync 1 DAGs
[2025-11-14T11:13:22.041+0530] {logging_mixin.py:188} INFO - [2025-11-14T11:13:22.041+0530] {dag.py:3947} INFO - Setting next_dagrun for latest_only_with_trigger to 2025-11-14 00:00:00+00:00, run_after=2025-11-14 04:00:00+00:00
[2025-11-14T11:13:22.085+0530] {processor.py:183} INFO - Processing /home/logi/txtai/venv/lib/python3.10/site-packages/airflow/example_dags/example_latest_only_with_trigger.py took 0.205 seconds
[2025-11-14T11:13:52.573+0530] {processor.py:161} INFO - Started process (PID=16535) to work on /home/logi/txtai/venv/lib/python3.10/site-packages/airflow/example_dags/example_latest_only_with_trigger.py
[2025-11-14T11:13:52.575+0530] {processor.py:830} INFO - Processing file /home/logi/txtai/venv/lib/python3.10/site-packages/airflow/example_dags/example_latest_only_with_trigger.py for tasks to queue
[2025-11-14T11:13:52.577+0530] {logging_mixin.py:188} INFO - [2025-11-14T11:13:52.577+0530] {dagbag.py:545} INFO - Filling up the DagBag from /home/logi/txtai/venv/lib/python3.10/site-packages/airflow/example_dags/example_latest_only_with_trigger.py
[2025-11-14T11:13:52.591+0530] {processor.py:840} INFO - DAG(s) 'latest_only_with_trigger' retrieved from /home/logi/txtai/venv/lib/python3.10/site-packages/airflow/example_dags/example_latest_only_with_trigger.py
[2025-11-14T11:13:52.649+0530] {logging_mixin.py:188} INFO - [2025-11-14T11:13:52.649+0530] {dag.py:3089} INFO - Sync 1 DAGs
[2025-11-14T11:13:52.674+0530] {logging_mixin.py:188} INFO - [2025-11-14T11:13:52.674+0530] {dag.py:3947} INFO - Setting next_dagrun for latest_only_with_trigger to 2025-11-14 00:00:00+00:00, run_after=2025-11-14 04:00:00+00:00
[2025-11-14T11:13:52.707+0530] {processor.py:183} INFO - Processing /home/logi/txtai/venv/lib/python3.10/site-packages/airflow/example_dags/example_latest_only_with_trigger.py took 0.145 seconds
[2025-11-14T11:14:23.090+0530] {processor.py:161} INFO - Started process (PID=16838) to work on /home/logi/txtai/venv/lib/python3.10/site-packages/airflow/example_dags/example_latest_only_with_trigger.py
[2025-11-14T11:14:23.091+0530] {processor.py:830} INFO - Processing file /home/logi/txtai/venv/lib/python3.10/site-packages/airflow/example_dags/example_latest_only_with_trigger.py for tasks to queue
[2025-11-14T11:14:23.094+0530] {logging_mixin.py:188} INFO - [2025-11-14T11:14:23.094+0530] {dagbag.py:545} INFO - Filling up the DagBag from /home/logi/txtai/venv/lib/python3.10/site-packages/airflow/example_dags/example_latest_only_with_trigger.py
[2025-11-14T11:14:23.101+0530] {processor.py:840} INFO - DAG(s) 'latest_only_with_trigger' retrieved from /home/logi/txtai/venv/lib/python3.10/site-packages/airflow/example_dags/example_latest_only_with_trigger.py
[2025-11-14T11:14:23.159+0530] {logging_mixin.py:188} INFO - [2025-11-14T11:14:23.159+0530] {dag.py:3089} INFO - Sync 1 DAGs
[2025-11-14T11:14:23.197+0530] {logging_mixin.py:188} INFO - [2025-11-14T11:14:23.197+0530] {dag.py:3947} INFO - Setting next_dagrun for latest_only_with_trigger to 2025-11-14 00:00:00+00:00, run_after=2025-11-14 04:00:00+00:00
[2025-11-14T11:14:23.254+0530] {processor.py:183} INFO - Processing /home/logi/txtai/venv/lib/python3.10/site-packages/airflow/example_dags/example_latest_only_with_trigger.py took 0.172 seconds
[2025-11-14T11:14:53.516+0530] {processor.py:161} INFO - Started process (PID=17069) to work on /home/logi/txtai/venv/lib/python3.10/site-packages/airflow/example_dags/example_latest_only_with_trigger.py
[2025-11-14T11:14:53.518+0530] {processor.py:830} INFO - Processing file /home/logi/txtai/venv/lib/python3.10/site-packages/airflow/example_dags/example_latest_only_with_trigger.py for tasks to queue
[2025-11-14T11:14:53.521+0530] {logging_mixin.py:188} INFO - [2025-11-14T11:14:53.520+0530] {dagbag.py:545} INFO - Filling up the DagBag from /home/logi/txtai/venv/lib/python3.10/site-packages/airflow/example_dags/example_latest_only_with_trigger.py
[2025-11-14T11:14:53.532+0530] {processor.py:840} INFO - DAG(s) 'latest_only_with_trigger' retrieved from /home/logi/txtai/venv/lib/python3.10/site-packages/airflow/example_dags/example_latest_only_with_trigger.py
[2025-11-14T11:14:53.590+0530] {logging_mixin.py:188} INFO - [2025-11-14T11:14:53.589+0530] {dag.py:3089} INFO - Sync 1 DAGs
[2025-11-14T11:14:53.631+0530] {logging_mixin.py:188} INFO - [2025-11-14T11:14:53.631+0530] {dag.py:3947} INFO - Setting next_dagrun for latest_only_with_trigger to 2025-11-14 00:00:00+00:00, run_after=2025-11-14 04:00:00+00:00
[2025-11-14T11:14:53.681+0530] {processor.py:183} INFO - Processing /home/logi/txtai/venv/lib/python3.10/site-packages/airflow/example_dags/example_latest_only_with_trigger.py took 0.177 seconds
[2025-11-14T11:15:24.198+0530] {processor.py:161} INFO - Started process (PID=17201) to work on /home/logi/txtai/venv/lib/python3.10/site-packages/airflow/example_dags/example_latest_only_with_trigger.py
[2025-11-14T11:15:24.200+0530] {processor.py:830} INFO - Processing file /home/logi/txtai/venv/lib/python3.10/site-packages/airflow/example_dags/example_latest_only_with_trigger.py for tasks to queue
[2025-11-14T11:15:24.203+0530] {logging_mixin.py:188} INFO - [2025-11-14T11:15:24.203+0530] {dagbag.py:545} INFO - Filling up the DagBag from /home/logi/txtai/venv/lib/python3.10/site-packages/airflow/example_dags/example_latest_only_with_trigger.py
[2025-11-14T11:15:24.213+0530] {processor.py:840} INFO - DAG(s) 'latest_only_with_trigger' retrieved from /home/logi/txtai/venv/lib/python3.10/site-packages/airflow/example_dags/example_latest_only_with_trigger.py
[2025-11-14T11:15:24.275+0530] {logging_mixin.py:188} INFO - [2025-11-14T11:15:24.274+0530] {dag.py:3089} INFO - Sync 1 DAGs
[2025-11-14T11:15:24.315+0530] {logging_mixin.py:188} INFO - [2025-11-14T11:15:24.315+0530] {dag.py:3947} INFO - Setting next_dagrun for latest_only_with_trigger to 2025-11-14 00:00:00+00:00, run_after=2025-11-14 04:00:00+00:00
[2025-11-14T11:15:24.365+0530] {processor.py:183} INFO - Processing /home/logi/txtai/venv/lib/python3.10/site-packages/airflow/example_dags/example_latest_only_with_trigger.py took 0.180 seconds
[2025-11-14T11:15:54.693+0530] {processor.py:161} INFO - Started process (PID=17347) to work on /home/logi/txtai/venv/lib/python3.10/site-packages/airflow/example_dags/example_latest_only_with_trigger.py
[2025-11-14T11:15:54.708+0530] {processor.py:830} INFO - Processing file /home/logi/txtai/venv/lib/python3.10/site-packages/airflow/example_dags/example_latest_only_with_trigger.py for tasks to queue
[2025-11-14T11:15:54.711+0530] {logging_mixin.py:188} INFO - [2025-11-14T11:15:54.711+0530] {dagbag.py:545} INFO - Filling up the DagBag from /home/logi/txtai/venv/lib/python3.10/site-packages/airflow/example_dags/example_latest_only_with_trigger.py
[2025-11-14T11:15:54.720+0530] {processor.py:840} INFO - DAG(s) 'latest_only_with_trigger' retrieved from /home/logi/txtai/venv/lib/python3.10/site-packages/airflow/example_dags/example_latest_only_with_trigger.py
[2025-11-14T11:15:54.791+0530] {logging_mixin.py:188} INFO - [2025-11-14T11:15:54.790+0530] {dag.py:3089} INFO - Sync 1 DAGs
[2025-11-14T11:15:54.835+0530] {logging_mixin.py:188} INFO - [2025-11-14T11:15:54.835+0530] {dag.py:3947} INFO - Setting next_dagrun for latest_only_with_trigger to 2025-11-14 00:00:00+00:00, run_after=2025-11-14 04:00:00+00:00
[2025-11-14T11:15:54.891+0530] {processor.py:183} INFO - Processing /home/logi/txtai/venv/lib/python3.10/site-packages/airflow/example_dags/example_latest_only_with_trigger.py took 0.209 seconds
[2025-11-14T11:16:25.012+0530] {processor.py:161} INFO - Started process (PID=17556) to work on /home/logi/txtai/venv/lib/python3.10/site-packages/airflow/example_dags/example_latest_only_with_trigger.py
[2025-11-14T11:16:25.014+0530] {processor.py:830} INFO - Processing file /home/logi/txtai/venv/lib/python3.10/site-packages/airflow/example_dags/example_latest_only_with_trigger.py for tasks to queue
[2025-11-14T11:16:25.017+0530] {logging_mixin.py:188} INFO - [2025-11-14T11:16:25.016+0530] {dagbag.py:545} INFO - Filling up the DagBag from /home/logi/txtai/venv/lib/python3.10/site-packages/airflow/example_dags/example_latest_only_with_trigger.py
[2025-11-14T11:16:25.026+0530] {processor.py:840} INFO - DAG(s) 'latest_only_with_trigger' retrieved from /home/logi/txtai/venv/lib/python3.10/site-packages/airflow/example_dags/example_latest_only_with_trigger.py
[2025-11-14T11:16:25.085+0530] {logging_mixin.py:188} INFO - [2025-11-14T11:16:25.085+0530] {dag.py:3089} INFO - Sync 1 DAGs
[2025-11-14T11:16:25.125+0530] {logging_mixin.py:188} INFO - [2025-11-14T11:16:25.124+0530] {dag.py:3947} INFO - Setting next_dagrun for latest_only_with_trigger to 2025-11-14 00:00:00+00:00, run_after=2025-11-14 04:00:00+00:00
[2025-11-14T11:16:25.170+0530] {processor.py:183} INFO - Processing /home/logi/txtai/venv/lib/python3.10/site-packages/airflow/example_dags/example_latest_only_with_trigger.py took 0.169 seconds
[2025-11-14T11:16:55.380+0530] {processor.py:161} INFO - Started process (PID=17700) to work on /home/logi/txtai/venv/lib/python3.10/site-packages/airflow/example_dags/example_latest_only_with_trigger.py
[2025-11-14T11:16:55.382+0530] {processor.py:830} INFO - Processing file /home/logi/txtai/venv/lib/python3.10/site-packages/airflow/example_dags/example_latest_only_with_trigger.py for tasks to queue
[2025-11-14T11:16:55.385+0530] {logging_mixin.py:188} INFO - [2025-11-14T11:16:55.384+0530] {dagbag.py:545} INFO - Filling up the DagBag from /home/logi/txtai/venv/lib/python3.10/site-packages/airflow/example_dags/example_latest_only_with_trigger.py
[2025-11-14T11:16:55.395+0530] {processor.py:840} INFO - DAG(s) 'latest_only_with_trigger' retrieved from /home/logi/txtai/venv/lib/python3.10/site-packages/airflow/example_dags/example_latest_only_with_trigger.py
[2025-11-14T11:16:55.458+0530] {logging_mixin.py:188} INFO - [2025-11-14T11:16:55.457+0530] {dag.py:3089} INFO - Sync 1 DAGs
[2025-11-14T11:16:55.501+0530] {logging_mixin.py:188} INFO - [2025-11-14T11:16:55.500+0530] {dag.py:3947} INFO - Setting next_dagrun for latest_only_with_trigger to 2025-11-14 00:00:00+00:00, run_after=2025-11-14 04:00:00+00:00
[2025-11-14T11:16:55.550+0530] {processor.py:183} INFO - Processing /home/logi/txtai/venv/lib/python3.10/site-packages/airflow/example_dags/example_latest_only_with_trigger.py took 0.183 seconds
[2025-11-14T11:17:25.905+0530] {processor.py:161} INFO - Started process (PID=17867) to work on /home/logi/txtai/venv/lib/python3.10/site-packages/airflow/example_dags/example_latest_only_with_trigger.py
[2025-11-14T11:17:25.907+0530] {processor.py:830} INFO - Processing file /home/logi/txtai/venv/lib/python3.10/site-packages/airflow/example_dags/example_latest_only_with_trigger.py for tasks to queue
[2025-11-14T11:17:25.909+0530] {logging_mixin.py:188} INFO - [2025-11-14T11:17:25.909+0530] {dagbag.py:545} INFO - Filling up the DagBag from /home/logi/txtai/venv/lib/python3.10/site-packages/airflow/example_dags/example_latest_only_with_trigger.py
[2025-11-14T11:17:25.919+0530] {processor.py:840} INFO - DAG(s) 'latest_only_with_trigger' retrieved from /home/logi/txtai/venv/lib/python3.10/site-packages/airflow/example_dags/example_latest_only_with_trigger.py
[2025-11-14T11:17:25.979+0530] {logging_mixin.py:188} INFO - [2025-11-14T11:17:25.978+0530] {dag.py:3089} INFO - Sync 1 DAGs
[2025-11-14T11:17:26.021+0530] {logging_mixin.py:188} INFO - [2025-11-14T11:17:26.021+0530] {dag.py:3947} INFO - Setting next_dagrun for latest_only_with_trigger to 2025-11-14 00:00:00+00:00, run_after=2025-11-14 04:00:00+00:00
[2025-11-14T11:17:26.068+0530] {processor.py:183} INFO - Processing /home/logi/txtai/venv/lib/python3.10/site-packages/airflow/example_dags/example_latest_only_with_trigger.py took 0.176 seconds
[2025-11-14T11:17:56.195+0530] {processor.py:161} INFO - Started process (PID=18037) to work on /home/logi/txtai/venv/lib/python3.10/site-packages/airflow/example_dags/example_latest_only_with_trigger.py
[2025-11-14T11:17:56.212+0530] {processor.py:830} INFO - Processing file /home/logi/txtai/venv/lib/python3.10/site-packages/airflow/example_dags/example_latest_only_with_trigger.py for tasks to queue
[2025-11-14T11:17:56.215+0530] {logging_mixin.py:188} INFO - [2025-11-14T11:17:56.214+0530] {dagbag.py:545} INFO - Filling up the DagBag from /home/logi/txtai/venv/lib/python3.10/site-packages/airflow/example_dags/example_latest_only_with_trigger.py
[2025-11-14T11:17:56.225+0530] {processor.py:840} INFO - DAG(s) 'latest_only_with_trigger' retrieved from /home/logi/txtai/venv/lib/python3.10/site-packages/airflow/example_dags/example_latest_only_with_trigger.py
[2025-11-14T11:17:56.291+0530] {logging_mixin.py:188} INFO - [2025-11-14T11:17:56.291+0530] {dag.py:3089} INFO - Sync 1 DAGs
[2025-11-14T11:17:56.334+0530] {logging_mixin.py:188} INFO - [2025-11-14T11:17:56.334+0530] {dag.py:3947} INFO - Setting next_dagrun for latest_only_with_trigger to 2025-11-14 00:00:00+00:00, run_after=2025-11-14 04:00:00+00:00
[2025-11-14T11:17:56.375+0530] {processor.py:183} INFO - Processing /home/logi/txtai/venv/lib/python3.10/site-packages/airflow/example_dags/example_latest_only_with_trigger.py took 0.192 seconds
[2025-11-14T11:18:27.392+0530] {processor.py:161} INFO - Started process (PID=18209) to work on /home/logi/txtai/venv/lib/python3.10/site-packages/airflow/example_dags/example_latest_only_with_trigger.py
[2025-11-14T11:18:27.404+0530] {processor.py:830} INFO - Processing file /home/logi/txtai/venv/lib/python3.10/site-packages/airflow/example_dags/example_latest_only_with_trigger.py for tasks to queue
[2025-11-14T11:18:27.407+0530] {logging_mixin.py:188} INFO - [2025-11-14T11:18:27.407+0530] {dagbag.py:545} INFO - Filling up the DagBag from /home/logi/txtai/venv/lib/python3.10/site-packages/airflow/example_dags/example_latest_only_with_trigger.py
[2025-11-14T11:18:27.418+0530] {processor.py:840} INFO - DAG(s) 'latest_only_with_trigger' retrieved from /home/logi/txtai/venv/lib/python3.10/site-packages/airflow/example_dags/example_latest_only_with_trigger.py
[2025-11-14T11:18:27.480+0530] {logging_mixin.py:188} INFO - [2025-11-14T11:18:27.480+0530] {dag.py:3089} INFO - Sync 1 DAGs
[2025-11-14T11:18:27.522+0530] {logging_mixin.py:188} INFO - [2025-11-14T11:18:27.522+0530] {dag.py:3947} INFO - Setting next_dagrun for latest_only_with_trigger to 2025-11-14 00:00:00+00:00, run_after=2025-11-14 04:00:00+00:00
[2025-11-14T11:18:27.561+0530] {processor.py:183} INFO - Processing /home/logi/txtai/venv/lib/python3.10/site-packages/airflow/example_dags/example_latest_only_with_trigger.py took 0.182 seconds
[2025-11-14T11:18:57.998+0530] {processor.py:161} INFO - Started process (PID=18381) to work on /home/logi/txtai/venv/lib/python3.10/site-packages/airflow/example_dags/example_latest_only_with_trigger.py
[2025-11-14T11:18:58.000+0530] {processor.py:830} INFO - Processing file /home/logi/txtai/venv/lib/python3.10/site-packages/airflow/example_dags/example_latest_only_with_trigger.py for tasks to queue
[2025-11-14T11:18:58.004+0530] {logging_mixin.py:188} INFO - [2025-11-14T11:18:58.003+0530] {dagbag.py:545} INFO - Filling up the DagBag from /home/logi/txtai/venv/lib/python3.10/site-packages/airflow/example_dags/example_latest_only_with_trigger.py
[2025-11-14T11:18:58.014+0530] {processor.py:840} INFO - DAG(s) 'latest_only_with_trigger' retrieved from /home/logi/txtai/venv/lib/python3.10/site-packages/airflow/example_dags/example_latest_only_with_trigger.py
[2025-11-14T11:18:58.072+0530] {logging_mixin.py:188} INFO - [2025-11-14T11:18:58.072+0530] {dag.py:3089} INFO - Sync 1 DAGs
[2025-11-14T11:18:58.115+0530] {logging_mixin.py:188} INFO - [2025-11-14T11:18:58.114+0530] {dag.py:3947} INFO - Setting next_dagrun for latest_only_with_trigger to 2025-11-14 00:00:00+00:00, run_after=2025-11-14 04:00:00+00:00
[2025-11-14T11:18:58.163+0530] {processor.py:183} INFO - Processing /home/logi/txtai/venv/lib/python3.10/site-packages/airflow/example_dags/example_latest_only_with_trigger.py took 0.176 seconds
[2025-11-14T11:19:28.491+0530] {processor.py:161} INFO - Started process (PID=18553) to work on /home/logi/txtai/venv/lib/python3.10/site-packages/airflow/example_dags/example_latest_only_with_trigger.py
[2025-11-14T11:19:28.493+0530] {processor.py:830} INFO - Processing file /home/logi/txtai/venv/lib/python3.10/site-packages/airflow/example_dags/example_latest_only_with_trigger.py for tasks to queue
[2025-11-14T11:19:28.495+0530] {logging_mixin.py:188} INFO - [2025-11-14T11:19:28.494+0530] {dagbag.py:545} INFO - Filling up the DagBag from /home/logi/txtai/venv/lib/python3.10/site-packages/airflow/example_dags/example_latest_only_with_trigger.py
[2025-11-14T11:19:28.501+0530] {processor.py:840} INFO - DAG(s) 'latest_only_with_trigger' retrieved from /home/logi/txtai/venv/lib/python3.10/site-packages/airflow/example_dags/example_latest_only_with_trigger.py
[2025-11-14T11:19:28.541+0530] {logging_mixin.py:188} INFO - [2025-11-14T11:19:28.541+0530] {dag.py:3089} INFO - Sync 1 DAGs
[2025-11-14T11:19:28.565+0530] {logging_mixin.py:188} INFO - [2025-11-14T11:19:28.565+0530] {dag.py:3947} INFO - Setting next_dagrun for latest_only_with_trigger to 2025-11-14 00:00:00+00:00, run_after=2025-11-14 04:00:00+00:00
[2025-11-14T11:19:28.588+0530] {processor.py:183} INFO - Processing /home/logi/txtai/venv/lib/python3.10/site-packages/airflow/example_dags/example_latest_only_with_trigger.py took 0.104 seconds
[2025-11-14T11:19:58.961+0530] {processor.py:161} INFO - Started process (PID=18712) to work on /home/logi/txtai/venv/lib/python3.10/site-packages/airflow/example_dags/example_latest_only_with_trigger.py
[2025-11-14T11:19:58.963+0530] {processor.py:830} INFO - Processing file /home/logi/txtai/venv/lib/python3.10/site-packages/airflow/example_dags/example_latest_only_with_trigger.py for tasks to queue
[2025-11-14T11:19:58.966+0530] {logging_mixin.py:188} INFO - [2025-11-14T11:19:58.966+0530] {dagbag.py:545} INFO - Filling up the DagBag from /home/logi/txtai/venv/lib/python3.10/site-packages/airflow/example_dags/example_latest_only_with_trigger.py
[2025-11-14T11:19:58.982+0530] {processor.py:840} INFO - DAG(s) 'latest_only_with_trigger' retrieved from /home/logi/txtai/venv/lib/python3.10/site-packages/airflow/example_dags/example_latest_only_with_trigger.py
[2025-11-14T11:19:59.045+0530] {logging_mixin.py:188} INFO - [2025-11-14T11:19:59.044+0530] {dag.py:3089} INFO - Sync 1 DAGs
[2025-11-14T11:19:59.089+0530] {logging_mixin.py:188} INFO - [2025-11-14T11:19:59.089+0530] {dag.py:3947} INFO - Setting next_dagrun for latest_only_with_trigger to 2025-11-14 00:00:00+00:00, run_after=2025-11-14 04:00:00+00:00
[2025-11-14T11:19:59.141+0530] {processor.py:183} INFO - Processing /home/logi/txtai/venv/lib/python3.10/site-packages/airflow/example_dags/example_latest_only_with_trigger.py took 0.199 seconds
[2025-11-14T11:20:29.349+0530] {processor.py:161} INFO - Started process (PID=18876) to work on /home/logi/txtai/venv/lib/python3.10/site-packages/airflow/example_dags/example_latest_only_with_trigger.py
[2025-11-14T11:20:29.362+0530] {processor.py:830} INFO - Processing file /home/logi/txtai/venv/lib/python3.10/site-packages/airflow/example_dags/example_latest_only_with_trigger.py for tasks to queue
[2025-11-14T11:20:29.365+0530] {logging_mixin.py:188} INFO - [2025-11-14T11:20:29.365+0530] {dagbag.py:545} INFO - Filling up the DagBag from /home/logi/txtai/venv/lib/python3.10/site-packages/airflow/example_dags/example_latest_only_with_trigger.py
[2025-11-14T11:20:29.376+0530] {processor.py:840} INFO - DAG(s) 'latest_only_with_trigger' retrieved from /home/logi/txtai/venv/lib/python3.10/site-packages/airflow/example_dags/example_latest_only_with_trigger.py
[2025-11-14T11:20:29.436+0530] {logging_mixin.py:188} INFO - [2025-11-14T11:20:29.436+0530] {dag.py:3089} INFO - Sync 1 DAGs
[2025-11-14T11:20:29.478+0530] {logging_mixin.py:188} INFO - [2025-11-14T11:20:29.477+0530] {dag.py:3947} INFO - Setting next_dagrun for latest_only_with_trigger to 2025-11-14 00:00:00+00:00, run_after=2025-11-14 04:00:00+00:00
[2025-11-14T11:20:29.528+0530] {processor.py:183} INFO - Processing /home/logi/txtai/venv/lib/python3.10/site-packages/airflow/example_dags/example_latest_only_with_trigger.py took 0.192 seconds
[2025-11-14T11:20:59.909+0530] {processor.py:161} INFO - Started process (PID=19042) to work on /home/logi/txtai/venv/lib/python3.10/site-packages/airflow/example_dags/example_latest_only_with_trigger.py
[2025-11-14T11:20:59.911+0530] {processor.py:830} INFO - Processing file /home/logi/txtai/venv/lib/python3.10/site-packages/airflow/example_dags/example_latest_only_with_trigger.py for tasks to queue
[2025-11-14T11:20:59.914+0530] {logging_mixin.py:188} INFO - [2025-11-14T11:20:59.914+0530] {dagbag.py:545} INFO - Filling up the DagBag from /home/logi/txtai/venv/lib/python3.10/site-packages/airflow/example_dags/example_latest_only_with_trigger.py
[2025-11-14T11:20:59.923+0530] {processor.py:840} INFO - DAG(s) 'latest_only_with_trigger' retrieved from /home/logi/txtai/venv/lib/python3.10/site-packages/airflow/example_dags/example_latest_only_with_trigger.py
[2025-11-14T11:20:59.980+0530] {logging_mixin.py:188} INFO - [2025-11-14T11:20:59.979+0530] {dag.py:3089} INFO - Sync 1 DAGs
[2025-11-14T11:21:00.018+0530] {logging_mixin.py:188} INFO - [2025-11-14T11:21:00.018+0530] {dag.py:3947} INFO - Setting next_dagrun for latest_only_with_trigger to 2025-11-14 00:00:00+00:00, run_after=2025-11-14 04:00:00+00:00
[2025-11-14T11:21:00.184+0530] {processor.py:183} INFO - Processing /home/logi/txtai/venv/lib/python3.10/site-packages/airflow/example_dags/example_latest_only_with_trigger.py took 0.286 seconds
[2025-11-14T11:21:30.566+0530] {processor.py:161} INFO - Started process (PID=19214) to work on /home/logi/txtai/venv/lib/python3.10/site-packages/airflow/example_dags/example_latest_only_with_trigger.py
[2025-11-14T11:21:30.574+0530] {processor.py:830} INFO - Processing file /home/logi/txtai/venv/lib/python3.10/site-packages/airflow/example_dags/example_latest_only_with_trigger.py for tasks to queue
[2025-11-14T11:21:30.577+0530] {logging_mixin.py:188} INFO - [2025-11-14T11:21:30.576+0530] {dagbag.py:545} INFO - Filling up the DagBag from /home/logi/txtai/venv/lib/python3.10/site-packages/airflow/example_dags/example_latest_only_with_trigger.py
[2025-11-14T11:21:30.587+0530] {processor.py:840} INFO - DAG(s) 'latest_only_with_trigger' retrieved from /home/logi/txtai/venv/lib/python3.10/site-packages/airflow/example_dags/example_latest_only_with_trigger.py
[2025-11-14T11:21:30.646+0530] {logging_mixin.py:188} INFO - [2025-11-14T11:21:30.646+0530] {dag.py:3089} INFO - Sync 1 DAGs
[2025-11-14T11:21:30.688+0530] {logging_mixin.py:188} INFO - [2025-11-14T11:21:30.688+0530] {dag.py:3947} INFO - Setting next_dagrun for latest_only_with_trigger to 2025-11-14 00:00:00+00:00, run_after=2025-11-14 04:00:00+00:00
[2025-11-14T11:21:30.737+0530] {processor.py:183} INFO - Processing /home/logi/txtai/venv/lib/python3.10/site-packages/airflow/example_dags/example_latest_only_with_trigger.py took 0.184 seconds
[2025-11-14T11:22:01.227+0530] {processor.py:161} INFO - Started process (PID=19379) to work on /home/logi/txtai/venv/lib/python3.10/site-packages/airflow/example_dags/example_latest_only_with_trigger.py
[2025-11-14T11:22:01.236+0530] {processor.py:830} INFO - Processing file /home/logi/txtai/venv/lib/python3.10/site-packages/airflow/example_dags/example_latest_only_with_trigger.py for tasks to queue
[2025-11-14T11:22:01.242+0530] {logging_mixin.py:188} INFO - [2025-11-14T11:22:01.242+0530] {dagbag.py:545} INFO - Filling up the DagBag from /home/logi/txtai/venv/lib/python3.10/site-packages/airflow/example_dags/example_latest_only_with_trigger.py
[2025-11-14T11:22:01.253+0530] {processor.py:840} INFO - DAG(s) 'latest_only_with_trigger' retrieved from /home/logi/txtai/venv/lib/python3.10/site-packages/airflow/example_dags/example_latest_only_with_trigger.py
[2025-11-14T11:22:01.321+0530] {logging_mixin.py:188} INFO - [2025-11-14T11:22:01.320+0530] {dag.py:3089} INFO - Sync 1 DAGs
[2025-11-14T11:22:01.362+0530] {logging_mixin.py:188} INFO - [2025-11-14T11:22:01.362+0530] {dag.py:3947} INFO - Setting next_dagrun for latest_only_with_trigger to 2025-11-14 00:00:00+00:00, run_after=2025-11-14 04:00:00+00:00
[2025-11-14T11:22:01.412+0530] {processor.py:183} INFO - Processing /home/logi/txtai/venv/lib/python3.10/site-packages/airflow/example_dags/example_latest_only_with_trigger.py took 0.197 seconds
[2025-11-14T11:22:31.739+0530] {processor.py:161} INFO - Started process (PID=19647) to work on /home/logi/txtai/venv/lib/python3.10/site-packages/airflow/example_dags/example_latest_only_with_trigger.py
[2025-11-14T11:22:31.754+0530] {processor.py:830} INFO - Processing file /home/logi/txtai/venv/lib/python3.10/site-packages/airflow/example_dags/example_latest_only_with_trigger.py for tasks to queue
[2025-11-14T11:22:31.757+0530] {logging_mixin.py:188} INFO - [2025-11-14T11:22:31.757+0530] {dagbag.py:545} INFO - Filling up the DagBag from /home/logi/txtai/venv/lib/python3.10/site-packages/airflow/example_dags/example_latest_only_with_trigger.py
[2025-11-14T11:22:31.766+0530] {processor.py:840} INFO - DAG(s) 'latest_only_with_trigger' retrieved from /home/logi/txtai/venv/lib/python3.10/site-packages/airflow/example_dags/example_latest_only_with_trigger.py
[2025-11-14T11:22:31.821+0530] {logging_mixin.py:188} INFO - [2025-11-14T11:22:31.820+0530] {dag.py:3089} INFO - Sync 1 DAGs
[2025-11-14T11:22:31.860+0530] {logging_mixin.py:188} INFO - [2025-11-14T11:22:31.860+0530] {dag.py:3947} INFO - Setting next_dagrun for latest_only_with_trigger to 2025-11-14 00:00:00+00:00, run_after=2025-11-14 04:00:00+00:00
[2025-11-14T11:22:31.905+0530] {processor.py:183} INFO - Processing /home/logi/txtai/venv/lib/python3.10/site-packages/airflow/example_dags/example_latest_only_with_trigger.py took 0.189 seconds
[2025-11-14T11:23:02.017+0530] {processor.py:161} INFO - Started process (PID=19827) to work on /home/logi/txtai/venv/lib/python3.10/site-packages/airflow/example_dags/example_latest_only_with_trigger.py
[2025-11-14T11:23:02.030+0530] {processor.py:830} INFO - Processing file /home/logi/txtai/venv/lib/python3.10/site-packages/airflow/example_dags/example_latest_only_with_trigger.py for tasks to queue
[2025-11-14T11:23:02.034+0530] {logging_mixin.py:188} INFO - [2025-11-14T11:23:02.034+0530] {dagbag.py:545} INFO - Filling up the DagBag from /home/logi/txtai/venv/lib/python3.10/site-packages/airflow/example_dags/example_latest_only_with_trigger.py
[2025-11-14T11:23:02.043+0530] {processor.py:840} INFO - DAG(s) 'latest_only_with_trigger' retrieved from /home/logi/txtai/venv/lib/python3.10/site-packages/airflow/example_dags/example_latest_only_with_trigger.py
[2025-11-14T11:23:02.108+0530] {logging_mixin.py:188} INFO - [2025-11-14T11:23:02.107+0530] {dag.py:3089} INFO - Sync 1 DAGs
[2025-11-14T11:23:02.188+0530] {logging_mixin.py:188} INFO - [2025-11-14T11:23:02.188+0530] {dag.py:3947} INFO - Setting next_dagrun for latest_only_with_trigger to 2025-11-14 00:00:00+00:00, run_after=2025-11-14 04:00:00+00:00
[2025-11-14T11:23:02.239+0530] {processor.py:183} INFO - Processing /home/logi/txtai/venv/lib/python3.10/site-packages/airflow/example_dags/example_latest_only_with_trigger.py took 0.239 seconds
[2025-11-14T11:23:33.128+0530] {processor.py:161} INFO - Started process (PID=20000) to work on /home/logi/txtai/venv/lib/python3.10/site-packages/airflow/example_dags/example_latest_only_with_trigger.py
[2025-11-14T11:23:33.142+0530] {processor.py:830} INFO - Processing file /home/logi/txtai/venv/lib/python3.10/site-packages/airflow/example_dags/example_latest_only_with_trigger.py for tasks to queue
[2025-11-14T11:23:33.145+0530] {logging_mixin.py:188} INFO - [2025-11-14T11:23:33.145+0530] {dagbag.py:545} INFO - Filling up the DagBag from /home/logi/txtai/venv/lib/python3.10/site-packages/airflow/example_dags/example_latest_only_with_trigger.py
[2025-11-14T11:23:33.156+0530] {processor.py:840} INFO - DAG(s) 'latest_only_with_trigger' retrieved from /home/logi/txtai/venv/lib/python3.10/site-packages/airflow/example_dags/example_latest_only_with_trigger.py
[2025-11-14T11:23:33.220+0530] {logging_mixin.py:188} INFO - [2025-11-14T11:23:33.219+0530] {dag.py:3089} INFO - Sync 1 DAGs
[2025-11-14T11:23:33.262+0530] {logging_mixin.py:188} INFO - [2025-11-14T11:23:33.261+0530] {dag.py:3947} INFO - Setting next_dagrun for latest_only_with_trigger to 2025-11-14 00:00:00+00:00, run_after=2025-11-14 04:00:00+00:00
[2025-11-14T11:23:33.311+0530] {processor.py:183} INFO - Processing /home/logi/txtai/venv/lib/python3.10/site-packages/airflow/example_dags/example_latest_only_with_trigger.py took 0.195 seconds
[2025-11-14T11:24:04.117+0530] {processor.py:161} INFO - Started process (PID=20168) to work on /home/logi/txtai/venv/lib/python3.10/site-packages/airflow/example_dags/example_latest_only_with_trigger.py
[2025-11-14T11:24:04.131+0530] {processor.py:830} INFO - Processing file /home/logi/txtai/venv/lib/python3.10/site-packages/airflow/example_dags/example_latest_only_with_trigger.py for tasks to queue
[2025-11-14T11:24:04.134+0530] {logging_mixin.py:188} INFO - [2025-11-14T11:24:04.134+0530] {dagbag.py:545} INFO - Filling up the DagBag from /home/logi/txtai/venv/lib/python3.10/site-packages/airflow/example_dags/example_latest_only_with_trigger.py
[2025-11-14T11:24:04.146+0530] {processor.py:840} INFO - DAG(s) 'latest_only_with_trigger' retrieved from /home/logi/txtai/venv/lib/python3.10/site-packages/airflow/example_dags/example_latest_only_with_trigger.py
[2025-11-14T11:24:04.211+0530] {logging_mixin.py:188} INFO - [2025-11-14T11:24:04.210+0530] {dag.py:3089} INFO - Sync 1 DAGs
[2025-11-14T11:24:04.463+0530] {logging_mixin.py:188} INFO - [2025-11-14T11:24:04.463+0530] {dag.py:3947} INFO - Setting next_dagrun for latest_only_with_trigger to 2025-11-14 00:00:00+00:00, run_after=2025-11-14 04:00:00+00:00
[2025-11-14T11:24:04.499+0530] {processor.py:183} INFO - Processing /home/logi/txtai/venv/lib/python3.10/site-packages/airflow/example_dags/example_latest_only_with_trigger.py took 0.395 seconds
[2025-11-14T11:24:34.732+0530] {processor.py:161} INFO - Started process (PID=20317) to work on /home/logi/txtai/venv/lib/python3.10/site-packages/airflow/example_dags/example_latest_only_with_trigger.py
[2025-11-14T11:24:34.745+0530] {processor.py:830} INFO - Processing file /home/logi/txtai/venv/lib/python3.10/site-packages/airflow/example_dags/example_latest_only_with_trigger.py for tasks to queue
[2025-11-14T11:24:34.748+0530] {logging_mixin.py:188} INFO - [2025-11-14T11:24:34.748+0530] {dagbag.py:545} INFO - Filling up the DagBag from /home/logi/txtai/venv/lib/python3.10/site-packages/airflow/example_dags/example_latest_only_with_trigger.py
[2025-11-14T11:24:34.757+0530] {processor.py:840} INFO - DAG(s) 'latest_only_with_trigger' retrieved from /home/logi/txtai/venv/lib/python3.10/site-packages/airflow/example_dags/example_latest_only_with_trigger.py
[2025-11-14T11:24:34.818+0530] {logging_mixin.py:188} INFO - [2025-11-14T11:24:34.818+0530] {dag.py:3089} INFO - Sync 1 DAGs
[2025-11-14T11:24:34.866+0530] {logging_mixin.py:188} INFO - [2025-11-14T11:24:34.865+0530] {dag.py:3947} INFO - Setting next_dagrun for latest_only_with_trigger to 2025-11-14 00:00:00+00:00, run_after=2025-11-14 04:00:00+00:00
[2025-11-14T11:24:34.900+0530] {processor.py:183} INFO - Processing /home/logi/txtai/venv/lib/python3.10/site-packages/airflow/example_dags/example_latest_only_with_trigger.py took 0.179 seconds
[2025-11-14T11:25:05.772+0530] {processor.py:161} INFO - Started process (PID=20477) to work on /home/logi/txtai/venv/lib/python3.10/site-packages/airflow/example_dags/example_latest_only_with_trigger.py
[2025-11-14T11:25:05.787+0530] {processor.py:830} INFO - Processing file /home/logi/txtai/venv/lib/python3.10/site-packages/airflow/example_dags/example_latest_only_with_trigger.py for tasks to queue
[2025-11-14T11:25:05.791+0530] {logging_mixin.py:188} INFO - [2025-11-14T11:25:05.790+0530] {dagbag.py:545} INFO - Filling up the DagBag from /home/logi/txtai/venv/lib/python3.10/site-packages/airflow/example_dags/example_latest_only_with_trigger.py
[2025-11-14T11:25:05.802+0530] {processor.py:840} INFO - DAG(s) 'latest_only_with_trigger' retrieved from /home/logi/txtai/venv/lib/python3.10/site-packages/airflow/example_dags/example_latest_only_with_trigger.py
[2025-11-14T11:25:05.867+0530] {logging_mixin.py:188} INFO - [2025-11-14T11:25:05.867+0530] {dag.py:3089} INFO - Sync 1 DAGs
[2025-11-14T11:25:05.920+0530] {logging_mixin.py:188} INFO - [2025-11-14T11:25:05.920+0530] {dag.py:3947} INFO - Setting next_dagrun for latest_only_with_trigger to 2025-11-14 00:00:00+00:00, run_after=2025-11-14 04:00:00+00:00
[2025-11-14T11:25:05.962+0530] {processor.py:183} INFO - Processing /home/logi/txtai/venv/lib/python3.10/site-packages/airflow/example_dags/example_latest_only_with_trigger.py took 0.203 seconds
[2025-11-14T11:25:36.365+0530] {processor.py:161} INFO - Started process (PID=20636) to work on /home/logi/txtai/venv/lib/python3.10/site-packages/airflow/example_dags/example_latest_only_with_trigger.py
[2025-11-14T11:25:36.380+0530] {processor.py:830} INFO - Processing file /home/logi/txtai/venv/lib/python3.10/site-packages/airflow/example_dags/example_latest_only_with_trigger.py for tasks to queue
[2025-11-14T11:25:36.383+0530] {logging_mixin.py:188} INFO - [2025-11-14T11:25:36.382+0530] {dagbag.py:545} INFO - Filling up the DagBag from /home/logi/txtai/venv/lib/python3.10/site-packages/airflow/example_dags/example_latest_only_with_trigger.py
[2025-11-14T11:25:36.396+0530] {processor.py:840} INFO - DAG(s) 'latest_only_with_trigger' retrieved from /home/logi/txtai/venv/lib/python3.10/site-packages/airflow/example_dags/example_latest_only_with_trigger.py
[2025-11-14T11:25:36.470+0530] {logging_mixin.py:188} INFO - [2025-11-14T11:25:36.469+0530] {dag.py:3089} INFO - Sync 1 DAGs
[2025-11-14T11:25:36.516+0530] {logging_mixin.py:188} INFO - [2025-11-14T11:25:36.515+0530] {dag.py:3947} INFO - Setting next_dagrun for latest_only_with_trigger to 2025-11-14 00:00:00+00:00, run_after=2025-11-14 04:00:00+00:00
[2025-11-14T11:25:36.575+0530] {processor.py:183} INFO - Processing /home/logi/txtai/venv/lib/python3.10/site-packages/airflow/example_dags/example_latest_only_with_trigger.py took 0.231 seconds
[2025-11-14T11:26:06.889+0530] {processor.py:161} INFO - Started process (PID=20796) to work on /home/logi/txtai/venv/lib/python3.10/site-packages/airflow/example_dags/example_latest_only_with_trigger.py
[2025-11-14T11:26:06.903+0530] {processor.py:830} INFO - Processing file /home/logi/txtai/venv/lib/python3.10/site-packages/airflow/example_dags/example_latest_only_with_trigger.py for tasks to queue
[2025-11-14T11:26:06.906+0530] {logging_mixin.py:188} INFO - [2025-11-14T11:26:06.906+0530] {dagbag.py:545} INFO - Filling up the DagBag from /home/logi/txtai/venv/lib/python3.10/site-packages/airflow/example_dags/example_latest_only_with_trigger.py
[2025-11-14T11:26:06.923+0530] {processor.py:840} INFO - DAG(s) 'latest_only_with_trigger' retrieved from /home/logi/txtai/venv/lib/python3.10/site-packages/airflow/example_dags/example_latest_only_with_trigger.py
[2025-11-14T11:26:07.018+0530] {logging_mixin.py:188} INFO - [2025-11-14T11:26:07.016+0530] {dag.py:3089} INFO - Sync 1 DAGs
[2025-11-14T11:26:07.089+0530] {logging_mixin.py:188} INFO - [2025-11-14T11:26:07.089+0530] {dag.py:3947} INFO - Setting next_dagrun for latest_only_with_trigger to 2025-11-14 00:00:00+00:00, run_after=2025-11-14 04:00:00+00:00
[2025-11-14T11:26:07.157+0530] {processor.py:183} INFO - Processing /home/logi/txtai/venv/lib/python3.10/site-packages/airflow/example_dags/example_latest_only_with_trigger.py took 0.283 seconds
[2025-11-14T11:26:37.593+0530] {processor.py:161} INFO - Started process (PID=20955) to work on /home/logi/txtai/venv/lib/python3.10/site-packages/airflow/example_dags/example_latest_only_with_trigger.py
[2025-11-14T11:26:37.608+0530] {processor.py:830} INFO - Processing file /home/logi/txtai/venv/lib/python3.10/site-packages/airflow/example_dags/example_latest_only_with_trigger.py for tasks to queue
[2025-11-14T11:26:37.611+0530] {logging_mixin.py:188} INFO - [2025-11-14T11:26:37.611+0530] {dagbag.py:545} INFO - Filling up the DagBag from /home/logi/txtai/venv/lib/python3.10/site-packages/airflow/example_dags/example_latest_only_with_trigger.py
[2025-11-14T11:26:37.631+0530] {processor.py:840} INFO - DAG(s) 'latest_only_with_trigger' retrieved from /home/logi/txtai/venv/lib/python3.10/site-packages/airflow/example_dags/example_latest_only_with_trigger.py
[2025-11-14T11:26:37.711+0530] {logging_mixin.py:188} INFO - [2025-11-14T11:26:37.710+0530] {dag.py:3089} INFO - Sync 1 DAGs
[2025-11-14T11:26:37.773+0530] {logging_mixin.py:188} INFO - [2025-11-14T11:26:37.772+0530] {dag.py:3947} INFO - Setting next_dagrun for latest_only_with_trigger to 2025-11-14 00:00:00+00:00, run_after=2025-11-14 04:00:00+00:00
[2025-11-14T11:26:37.837+0530] {processor.py:183} INFO - Processing /home/logi/txtai/venv/lib/python3.10/site-packages/airflow/example_dags/example_latest_only_with_trigger.py took 0.265 seconds
[2025-11-14T11:27:07.965+0530] {processor.py:161} INFO - Started process (PID=21113) to work on /home/logi/txtai/venv/lib/python3.10/site-packages/airflow/example_dags/example_latest_only_with_trigger.py
[2025-11-14T11:27:07.970+0530] {processor.py:830} INFO - Processing file /home/logi/txtai/venv/lib/python3.10/site-packages/airflow/example_dags/example_latest_only_with_trigger.py for tasks to queue
[2025-11-14T11:27:07.975+0530] {logging_mixin.py:188} INFO - [2025-11-14T11:27:07.974+0530] {dagbag.py:545} INFO - Filling up the DagBag from /home/logi/txtai/venv/lib/python3.10/site-packages/airflow/example_dags/example_latest_only_with_trigger.py
[2025-11-14T11:27:07.991+0530] {processor.py:840} INFO - DAG(s) 'latest_only_with_trigger' retrieved from /home/logi/txtai/venv/lib/python3.10/site-packages/airflow/example_dags/example_latest_only_with_trigger.py
[2025-11-14T11:27:08.066+0530] {logging_mixin.py:188} INFO - [2025-11-14T11:27:08.065+0530] {dag.py:3089} INFO - Sync 1 DAGs
[2025-11-14T11:27:08.115+0530] {logging_mixin.py:188} INFO - [2025-11-14T11:27:08.115+0530] {dag.py:3947} INFO - Setting next_dagrun for latest_only_with_trigger to 2025-11-14 00:00:00+00:00, run_after=2025-11-14 04:00:00+00:00
[2025-11-14T11:27:08.172+0530] {processor.py:183} INFO - Processing /home/logi/txtai/venv/lib/python3.10/site-packages/airflow/example_dags/example_latest_only_with_trigger.py took 0.230 seconds
[2025-11-14T11:27:38.588+0530] {processor.py:161} INFO - Started process (PID=21273) to work on /home/logi/txtai/venv/lib/python3.10/site-packages/airflow/example_dags/example_latest_only_with_trigger.py
[2025-11-14T11:27:38.592+0530] {processor.py:830} INFO - Processing file /home/logi/txtai/venv/lib/python3.10/site-packages/airflow/example_dags/example_latest_only_with_trigger.py for tasks to queue
[2025-11-14T11:27:38.599+0530] {logging_mixin.py:188} INFO - [2025-11-14T11:27:38.598+0530] {dagbag.py:545} INFO - Filling up the DagBag from /home/logi/txtai/venv/lib/python3.10/site-packages/airflow/example_dags/example_latest_only_with_trigger.py
[2025-11-14T11:27:38.619+0530] {processor.py:840} INFO - DAG(s) 'latest_only_with_trigger' retrieved from /home/logi/txtai/venv/lib/python3.10/site-packages/airflow/example_dags/example_latest_only_with_trigger.py
[2025-11-14T11:27:38.681+0530] {logging_mixin.py:188} INFO - [2025-11-14T11:27:38.681+0530] {dag.py:3089} INFO - Sync 1 DAGs
[2025-11-14T11:27:38.724+0530] {logging_mixin.py:188} INFO - [2025-11-14T11:27:38.724+0530] {dag.py:3947} INFO - Setting next_dagrun for latest_only_with_trigger to 2025-11-14 00:00:00+00:00, run_after=2025-11-14 04:00:00+00:00
[2025-11-14T11:27:38.782+0530] {processor.py:183} INFO - Processing /home/logi/txtai/venv/lib/python3.10/site-packages/airflow/example_dags/example_latest_only_with_trigger.py took 0.220 seconds
[2025-11-14T11:28:09.464+0530] {processor.py:161} INFO - Started process (PID=21434) to work on /home/logi/txtai/venv/lib/python3.10/site-packages/airflow/example_dags/example_latest_only_with_trigger.py
[2025-11-14T11:28:09.466+0530] {processor.py:830} INFO - Processing file /home/logi/txtai/venv/lib/python3.10/site-packages/airflow/example_dags/example_latest_only_with_trigger.py for tasks to queue
[2025-11-14T11:28:09.470+0530] {logging_mixin.py:188} INFO - [2025-11-14T11:28:09.469+0530] {dagbag.py:545} INFO - Filling up the DagBag from /home/logi/txtai/venv/lib/python3.10/site-packages/airflow/example_dags/example_latest_only_with_trigger.py
[2025-11-14T11:28:09.481+0530] {processor.py:840} INFO - DAG(s) 'latest_only_with_trigger' retrieved from /home/logi/txtai/venv/lib/python3.10/site-packages/airflow/example_dags/example_latest_only_with_trigger.py
[2025-11-14T11:28:09.543+0530] {logging_mixin.py:188} INFO - [2025-11-14T11:28:09.542+0530] {dag.py:3089} INFO - Sync 1 DAGs
[2025-11-14T11:28:09.583+0530] {logging_mixin.py:188} INFO - [2025-11-14T11:28:09.582+0530] {dag.py:3947} INFO - Setting next_dagrun for latest_only_with_trigger to 2025-11-14 00:00:00+00:00, run_after=2025-11-14 04:00:00+00:00
[2025-11-14T11:28:09.618+0530] {processor.py:183} INFO - Processing /home/logi/txtai/venv/lib/python3.10/site-packages/airflow/example_dags/example_latest_only_with_trigger.py took 0.169 seconds
[2025-11-14T11:28:40.159+0530] {processor.py:161} INFO - Started process (PID=21788) to work on /home/logi/txtai/venv/lib/python3.10/site-packages/airflow/example_dags/example_latest_only_with_trigger.py
[2025-11-14T11:28:40.160+0530] {processor.py:830} INFO - Processing file /home/logi/txtai/venv/lib/python3.10/site-packages/airflow/example_dags/example_latest_only_with_trigger.py for tasks to queue
[2025-11-14T11:28:40.163+0530] {logging_mixin.py:188} INFO - [2025-11-14T11:28:40.162+0530] {dagbag.py:545} INFO - Filling up the DagBag from /home/logi/txtai/venv/lib/python3.10/site-packages/airflow/example_dags/example_latest_only_with_trigger.py
[2025-11-14T11:28:40.171+0530] {processor.py:840} INFO - DAG(s) 'latest_only_with_trigger' retrieved from /home/logi/txtai/venv/lib/python3.10/site-packages/airflow/example_dags/example_latest_only_with_trigger.py
[2025-11-14T11:28:40.218+0530] {logging_mixin.py:188} INFO - [2025-11-14T11:28:40.218+0530] {dag.py:3089} INFO - Sync 1 DAGs
[2025-11-14T11:28:40.245+0530] {logging_mixin.py:188} INFO - [2025-11-14T11:28:40.245+0530] {dag.py:3947} INFO - Setting next_dagrun for latest_only_with_trigger to 2025-11-14 00:00:00+00:00, run_after=2025-11-14 04:00:00+00:00
[2025-11-14T11:28:40.268+0530] {processor.py:183} INFO - Processing /home/logi/txtai/venv/lib/python3.10/site-packages/airflow/example_dags/example_latest_only_with_trigger.py took 0.121 seconds
[2025-11-14T11:29:11.225+0530] {processor.py:161} INFO - Started process (PID=21971) to work on /home/logi/txtai/venv/lib/python3.10/site-packages/airflow/example_dags/example_latest_only_with_trigger.py
[2025-11-14T11:29:11.227+0530] {processor.py:830} INFO - Processing file /home/logi/txtai/venv/lib/python3.10/site-packages/airflow/example_dags/example_latest_only_with_trigger.py for tasks to queue
[2025-11-14T11:29:11.229+0530] {logging_mixin.py:188} INFO - [2025-11-14T11:29:11.228+0530] {dagbag.py:545} INFO - Filling up the DagBag from /home/logi/txtai/venv/lib/python3.10/site-packages/airflow/example_dags/example_latest_only_with_trigger.py
[2025-11-14T11:29:11.236+0530] {processor.py:840} INFO - DAG(s) 'latest_only_with_trigger' retrieved from /home/logi/txtai/venv/lib/python3.10/site-packages/airflow/example_dags/example_latest_only_with_trigger.py
[2025-11-14T11:29:11.312+0530] {logging_mixin.py:188} INFO - [2025-11-14T11:29:11.311+0530] {dag.py:3089} INFO - Sync 1 DAGs
[2025-11-14T11:29:11.363+0530] {logging_mixin.py:188} INFO - [2025-11-14T11:29:11.363+0530] {dag.py:3947} INFO - Setting next_dagrun for latest_only_with_trigger to 2025-11-14 00:00:00+00:00, run_after=2025-11-14 04:00:00+00:00
[2025-11-14T11:29:11.432+0530] {processor.py:183} INFO - Processing /home/logi/txtai/venv/lib/python3.10/site-packages/airflow/example_dags/example_latest_only_with_trigger.py took 0.219 seconds
[2025-11-14T11:29:41.901+0530] {processor.py:161} INFO - Started process (PID=22156) to work on /home/logi/txtai/venv/lib/python3.10/site-packages/airflow/example_dags/example_latest_only_with_trigger.py
[2025-11-14T11:29:41.914+0530] {processor.py:830} INFO - Processing file /home/logi/txtai/venv/lib/python3.10/site-packages/airflow/example_dags/example_latest_only_with_trigger.py for tasks to queue
[2025-11-14T11:29:41.917+0530] {logging_mixin.py:188} INFO - [2025-11-14T11:29:41.917+0530] {dagbag.py:545} INFO - Filling up the DagBag from /home/logi/txtai/venv/lib/python3.10/site-packages/airflow/example_dags/example_latest_only_with_trigger.py
[2025-11-14T11:29:41.928+0530] {processor.py:840} INFO - DAG(s) 'latest_only_with_trigger' retrieved from /home/logi/txtai/venv/lib/python3.10/site-packages/airflow/example_dags/example_latest_only_with_trigger.py
[2025-11-14T11:29:41.991+0530] {logging_mixin.py:188} INFO - [2025-11-14T11:29:41.991+0530] {dag.py:3089} INFO - Sync 1 DAGs
[2025-11-14T11:29:42.041+0530] {logging_mixin.py:188} INFO - [2025-11-14T11:29:42.041+0530] {dag.py:3947} INFO - Setting next_dagrun for latest_only_with_trigger to 2025-11-14 00:00:00+00:00, run_after=2025-11-14 04:00:00+00:00
[2025-11-14T11:29:42.081+0530] {processor.py:183} INFO - Processing /home/logi/txtai/venv/lib/python3.10/site-packages/airflow/example_dags/example_latest_only_with_trigger.py took 0.193 seconds
[2025-11-14T11:30:12.261+0530] {processor.py:161} INFO - Started process (PID=22523) to work on /home/logi/txtai/venv/lib/python3.10/site-packages/airflow/example_dags/example_latest_only_with_trigger.py
[2025-11-14T11:30:12.264+0530] {processor.py:830} INFO - Processing file /home/logi/txtai/venv/lib/python3.10/site-packages/airflow/example_dags/example_latest_only_with_trigger.py for tasks to queue
[2025-11-14T11:30:12.270+0530] {logging_mixin.py:188} INFO - [2025-11-14T11:30:12.269+0530] {dagbag.py:545} INFO - Filling up the DagBag from /home/logi/txtai/venv/lib/python3.10/site-packages/airflow/example_dags/example_latest_only_with_trigger.py
[2025-11-14T11:30:12.286+0530] {processor.py:840} INFO - DAG(s) 'latest_only_with_trigger' retrieved from /home/logi/txtai/venv/lib/python3.10/site-packages/airflow/example_dags/example_latest_only_with_trigger.py
[2025-11-14T11:30:12.361+0530] {logging_mixin.py:188} INFO - [2025-11-14T11:30:12.361+0530] {dag.py:3089} INFO - Sync 1 DAGs
[2025-11-14T11:30:12.413+0530] {logging_mixin.py:188} INFO - [2025-11-14T11:30:12.412+0530] {dag.py:3947} INFO - Setting next_dagrun for latest_only_with_trigger to 2025-11-14 00:00:00+00:00, run_after=2025-11-14 04:00:00+00:00
[2025-11-14T11:30:12.463+0530] {processor.py:183} INFO - Processing /home/logi/txtai/venv/lib/python3.10/site-packages/airflow/example_dags/example_latest_only_with_trigger.py took 0.226 seconds
[2025-11-14T11:30:42.705+0530] {processor.py:161} INFO - Started process (PID=22689) to work on /home/logi/txtai/venv/lib/python3.10/site-packages/airflow/example_dags/example_latest_only_with_trigger.py
[2025-11-14T11:30:42.709+0530] {processor.py:830} INFO - Processing file /home/logi/txtai/venv/lib/python3.10/site-packages/airflow/example_dags/example_latest_only_with_trigger.py for tasks to queue
[2025-11-14T11:30:42.714+0530] {logging_mixin.py:188} INFO - [2025-11-14T11:30:42.712+0530] {dagbag.py:545} INFO - Filling up the DagBag from /home/logi/txtai/venv/lib/python3.10/site-packages/airflow/example_dags/example_latest_only_with_trigger.py
[2025-11-14T11:30:42.734+0530] {processor.py:840} INFO - DAG(s) 'latest_only_with_trigger' retrieved from /home/logi/txtai/venv/lib/python3.10/site-packages/airflow/example_dags/example_latest_only_with_trigger.py
[2025-11-14T11:30:42.791+0530] {logging_mixin.py:188} INFO - [2025-11-14T11:30:42.790+0530] {dag.py:3089} INFO - Sync 1 DAGs
[2025-11-14T11:30:42.823+0530] {logging_mixin.py:188} INFO - [2025-11-14T11:30:42.823+0530] {dag.py:3947} INFO - Setting next_dagrun for latest_only_with_trigger to 2025-11-14 00:00:00+00:00, run_after=2025-11-14 04:00:00+00:00
[2025-11-14T11:30:42.875+0530] {processor.py:183} INFO - Processing /home/logi/txtai/venv/lib/python3.10/site-packages/airflow/example_dags/example_latest_only_with_trigger.py took 0.187 seconds
[2025-11-14T11:31:13.076+0530] {processor.py:161} INFO - Started process (PID=22967) to work on /home/logi/txtai/venv/lib/python3.10/site-packages/airflow/example_dags/example_latest_only_with_trigger.py
[2025-11-14T11:31:13.081+0530] {processor.py:830} INFO - Processing file /home/logi/txtai/venv/lib/python3.10/site-packages/airflow/example_dags/example_latest_only_with_trigger.py for tasks to queue
[2025-11-14T11:31:13.087+0530] {logging_mixin.py:188} INFO - [2025-11-14T11:31:13.086+0530] {dagbag.py:545} INFO - Filling up the DagBag from /home/logi/txtai/venv/lib/python3.10/site-packages/airflow/example_dags/example_latest_only_with_trigger.py
[2025-11-14T11:31:13.102+0530] {processor.py:840} INFO - DAG(s) 'latest_only_with_trigger' retrieved from /home/logi/txtai/venv/lib/python3.10/site-packages/airflow/example_dags/example_latest_only_with_trigger.py
[2025-11-14T11:31:13.181+0530] {logging_mixin.py:188} INFO - [2025-11-14T11:31:13.180+0530] {dag.py:3089} INFO - Sync 1 DAGs
[2025-11-14T11:31:13.233+0530] {logging_mixin.py:188} INFO - [2025-11-14T11:31:13.232+0530] {dag.py:3947} INFO - Setting next_dagrun for latest_only_with_trigger to 2025-11-14 00:00:00+00:00, run_after=2025-11-14 04:00:00+00:00
[2025-11-14T11:31:13.270+0530] {processor.py:183} INFO - Processing /home/logi/txtai/venv/lib/python3.10/site-packages/airflow/example_dags/example_latest_only_with_trigger.py took 0.214 seconds
[2025-11-14T11:31:43.612+0530] {processor.py:161} INFO - Started process (PID=23573) to work on /home/logi/txtai/venv/lib/python3.10/site-packages/airflow/example_dags/example_latest_only_with_trigger.py
[2025-11-14T11:31:43.613+0530] {processor.py:830} INFO - Processing file /home/logi/txtai/venv/lib/python3.10/site-packages/airflow/example_dags/example_latest_only_with_trigger.py for tasks to queue
[2025-11-14T11:31:43.620+0530] {logging_mixin.py:188} INFO - [2025-11-14T11:31:43.619+0530] {dagbag.py:545} INFO - Filling up the DagBag from /home/logi/txtai/venv/lib/python3.10/site-packages/airflow/example_dags/example_latest_only_with_trigger.py
[2025-11-14T11:31:43.638+0530] {processor.py:840} INFO - DAG(s) 'latest_only_with_trigger' retrieved from /home/logi/txtai/venv/lib/python3.10/site-packages/airflow/example_dags/example_latest_only_with_trigger.py
[2025-11-14T11:31:43.709+0530] {logging_mixin.py:188} INFO - [2025-11-14T11:31:43.709+0530] {dag.py:3089} INFO - Sync 1 DAGs
[2025-11-14T11:31:43.752+0530] {logging_mixin.py:188} INFO - [2025-11-14T11:31:43.751+0530] {dag.py:3947} INFO - Setting next_dagrun for latest_only_with_trigger to 2025-11-14 00:00:00+00:00, run_after=2025-11-14 04:00:00+00:00
[2025-11-14T11:31:43.786+0530] {processor.py:183} INFO - Processing /home/logi/txtai/venv/lib/python3.10/site-packages/airflow/example_dags/example_latest_only_with_trigger.py took 0.198 seconds
[2025-11-14T11:32:14.143+0530] {processor.py:161} INFO - Started process (PID=23745) to work on /home/logi/txtai/venv/lib/python3.10/site-packages/airflow/example_dags/example_latest_only_with_trigger.py
[2025-11-14T11:32:14.158+0530] {processor.py:830} INFO - Processing file /home/logi/txtai/venv/lib/python3.10/site-packages/airflow/example_dags/example_latest_only_with_trigger.py for tasks to queue
[2025-11-14T11:32:14.161+0530] {logging_mixin.py:188} INFO - [2025-11-14T11:32:14.161+0530] {dagbag.py:545} INFO - Filling up the DagBag from /home/logi/txtai/venv/lib/python3.10/site-packages/airflow/example_dags/example_latest_only_with_trigger.py
[2025-11-14T11:32:14.176+0530] {processor.py:840} INFO - DAG(s) 'latest_only_with_trigger' retrieved from /home/logi/txtai/venv/lib/python3.10/site-packages/airflow/example_dags/example_latest_only_with_trigger.py
[2025-11-14T11:32:14.247+0530] {logging_mixin.py:188} INFO - [2025-11-14T11:32:14.246+0530] {dag.py:3089} INFO - Sync 1 DAGs
[2025-11-14T11:32:14.296+0530] {logging_mixin.py:188} INFO - [2025-11-14T11:32:14.296+0530] {dag.py:3947} INFO - Setting next_dagrun for latest_only_with_trigger to 2025-11-14 00:00:00+00:00, run_after=2025-11-14 04:00:00+00:00
[2025-11-14T11:32:14.346+0530] {processor.py:183} INFO - Processing /home/logi/txtai/venv/lib/python3.10/site-packages/airflow/example_dags/example_latest_only_with_trigger.py took 0.225 seconds
[2025-11-14T11:32:45.072+0530] {processor.py:161} INFO - Started process (PID=23913) to work on /home/logi/txtai/venv/lib/python3.10/site-packages/airflow/example_dags/example_latest_only_with_trigger.py
[2025-11-14T11:32:45.074+0530] {processor.py:830} INFO - Processing file /home/logi/txtai/venv/lib/python3.10/site-packages/airflow/example_dags/example_latest_only_with_trigger.py for tasks to queue
[2025-11-14T11:32:45.076+0530] {logging_mixin.py:188} INFO - [2025-11-14T11:32:45.076+0530] {dagbag.py:545} INFO - Filling up the DagBag from /home/logi/txtai/venv/lib/python3.10/site-packages/airflow/example_dags/example_latest_only_with_trigger.py
[2025-11-14T11:32:45.085+0530] {processor.py:840} INFO - DAG(s) 'latest_only_with_trigger' retrieved from /home/logi/txtai/venv/lib/python3.10/site-packages/airflow/example_dags/example_latest_only_with_trigger.py
[2025-11-14T11:32:45.144+0530] {logging_mixin.py:188} INFO - [2025-11-14T11:32:45.143+0530] {dag.py:3089} INFO - Sync 1 DAGs
[2025-11-14T11:32:45.186+0530] {logging_mixin.py:188} INFO - [2025-11-14T11:32:45.186+0530] {dag.py:3947} INFO - Setting next_dagrun for latest_only_with_trigger to 2025-11-14 00:00:00+00:00, run_after=2025-11-14 04:00:00+00:00
[2025-11-14T11:32:45.220+0530] {processor.py:183} INFO - Processing /home/logi/txtai/venv/lib/python3.10/site-packages/airflow/example_dags/example_latest_only_with_trigger.py took 0.159 seconds
[2025-11-14T11:33:15.577+0530] {processor.py:161} INFO - Started process (PID=24074) to work on /home/logi/txtai/venv/lib/python3.10/site-packages/airflow/example_dags/example_latest_only_with_trigger.py
[2025-11-14T11:33:15.581+0530] {processor.py:830} INFO - Processing file /home/logi/txtai/venv/lib/python3.10/site-packages/airflow/example_dags/example_latest_only_with_trigger.py for tasks to queue
[2025-11-14T11:33:15.586+0530] {logging_mixin.py:188} INFO - [2025-11-14T11:33:15.585+0530] {dagbag.py:545} INFO - Filling up the DagBag from /home/logi/txtai/venv/lib/python3.10/site-packages/airflow/example_dags/example_latest_only_with_trigger.py
[2025-11-14T11:33:15.599+0530] {processor.py:840} INFO - DAG(s) 'latest_only_with_trigger' retrieved from /home/logi/txtai/venv/lib/python3.10/site-packages/airflow/example_dags/example_latest_only_with_trigger.py
[2025-11-14T11:33:15.677+0530] {logging_mixin.py:188} INFO - [2025-11-14T11:33:15.677+0530] {dag.py:3089} INFO - Sync 1 DAGs
[2025-11-14T11:33:15.737+0530] {logging_mixin.py:188} INFO - [2025-11-14T11:33:15.736+0530] {dag.py:3947} INFO - Setting next_dagrun for latest_only_with_trigger to 2025-11-14 00:00:00+00:00, run_after=2025-11-14 04:00:00+00:00
[2025-11-14T11:33:15.801+0530] {processor.py:183} INFO - Processing /home/logi/txtai/venv/lib/python3.10/site-packages/airflow/example_dags/example_latest_only_with_trigger.py took 0.248 seconds
[2025-11-14T11:33:46.372+0530] {processor.py:161} INFO - Started process (PID=24320) to work on /home/logi/txtai/venv/lib/python3.10/site-packages/airflow/example_dags/example_latest_only_with_trigger.py
[2025-11-14T11:33:46.374+0530] {processor.py:830} INFO - Processing file /home/logi/txtai/venv/lib/python3.10/site-packages/airflow/example_dags/example_latest_only_with_trigger.py for tasks to queue
[2025-11-14T11:33:46.383+0530] {logging_mixin.py:188} INFO - [2025-11-14T11:33:46.382+0530] {dagbag.py:545} INFO - Filling up the DagBag from /home/logi/txtai/venv/lib/python3.10/site-packages/airflow/example_dags/example_latest_only_with_trigger.py
[2025-11-14T11:33:46.392+0530] {processor.py:840} INFO - DAG(s) 'latest_only_with_trigger' retrieved from /home/logi/txtai/venv/lib/python3.10/site-packages/airflow/example_dags/example_latest_only_with_trigger.py
[2025-11-14T11:33:46.447+0530] {logging_mixin.py:188} INFO - [2025-11-14T11:33:46.447+0530] {dag.py:3089} INFO - Sync 1 DAGs
[2025-11-14T11:33:46.493+0530] {logging_mixin.py:188} INFO - [2025-11-14T11:33:46.492+0530] {dag.py:3947} INFO - Setting next_dagrun for latest_only_with_trigger to 2025-11-14 00:00:00+00:00, run_after=2025-11-14 04:00:00+00:00
[2025-11-14T11:33:46.534+0530] {processor.py:183} INFO - Processing /home/logi/txtai/venv/lib/python3.10/site-packages/airflow/example_dags/example_latest_only_with_trigger.py took 0.175 seconds
[2025-11-14T11:35:04.209+0530] {processor.py:161} INFO - Started process (PID=24691) to work on /home/logi/txtai/venv/lib/python3.10/site-packages/airflow/example_dags/example_latest_only_with_trigger.py
[2025-11-14T11:35:04.211+0530] {processor.py:830} INFO - Processing file /home/logi/txtai/venv/lib/python3.10/site-packages/airflow/example_dags/example_latest_only_with_trigger.py for tasks to queue
[2025-11-14T11:35:04.214+0530] {logging_mixin.py:188} INFO - [2025-11-14T11:35:04.213+0530] {dagbag.py:545} INFO - Filling up the DagBag from /home/logi/txtai/venv/lib/python3.10/site-packages/airflow/example_dags/example_latest_only_with_trigger.py
[2025-11-14T11:35:04.223+0530] {processor.py:840} INFO - DAG(s) 'latest_only_with_trigger' retrieved from /home/logi/txtai/venv/lib/python3.10/site-packages/airflow/example_dags/example_latest_only_with_trigger.py
[2025-11-14T11:35:04.286+0530] {logging_mixin.py:188} INFO - [2025-11-14T11:35:04.285+0530] {dag.py:3089} INFO - Sync 1 DAGs
[2025-11-14T11:35:04.327+0530] {logging_mixin.py:188} INFO - [2025-11-14T11:35:04.327+0530] {dag.py:3947} INFO - Setting next_dagrun for latest_only_with_trigger to 2025-11-14 00:00:00+00:00, run_after=2025-11-14 04:00:00+00:00
[2025-11-14T11:35:04.349+0530] {processor.py:183} INFO - Processing /home/logi/txtai/venv/lib/python3.10/site-packages/airflow/example_dags/example_latest_only_with_trigger.py took 0.150 seconds
[2025-11-14T11:40:46.639+0530] {processor.py:161} INFO - Started process (PID=26224) to work on /home/logi/txtai/venv/lib/python3.10/site-packages/airflow/example_dags/example_latest_only_with_trigger.py
[2025-11-14T11:40:46.641+0530] {processor.py:830} INFO - Processing file /home/logi/txtai/venv/lib/python3.10/site-packages/airflow/example_dags/example_latest_only_with_trigger.py for tasks to queue
[2025-11-14T11:40:46.645+0530] {logging_mixin.py:188} INFO - [2025-11-14T11:40:46.644+0530] {dagbag.py:545} INFO - Filling up the DagBag from /home/logi/txtai/venv/lib/python3.10/site-packages/airflow/example_dags/example_latest_only_with_trigger.py
[2025-11-14T11:40:46.654+0530] {processor.py:840} INFO - DAG(s) 'latest_only_with_trigger' retrieved from /home/logi/txtai/venv/lib/python3.10/site-packages/airflow/example_dags/example_latest_only_with_trigger.py
[2025-11-14T11:40:46.720+0530] {logging_mixin.py:188} INFO - [2025-11-14T11:40:46.720+0530] {dag.py:3089} INFO - Sync 1 DAGs
[2025-11-14T11:40:46.760+0530] {logging_mixin.py:188} INFO - [2025-11-14T11:40:46.760+0530] {dag.py:3947} INFO - Setting next_dagrun for latest_only_with_trigger to 2025-11-14 00:00:00+00:00, run_after=2025-11-14 04:00:00+00:00
[2025-11-14T11:40:46.796+0530] {processor.py:183} INFO - Processing /home/logi/txtai/venv/lib/python3.10/site-packages/airflow/example_dags/example_latest_only_with_trigger.py took 0.169 seconds
[2025-11-14T11:41:17.582+0530] {processor.py:161} INFO - Started process (PID=26470) to work on /home/logi/txtai/venv/lib/python3.10/site-packages/airflow/example_dags/example_latest_only_with_trigger.py
[2025-11-14T11:41:17.587+0530] {processor.py:830} INFO - Processing file /home/logi/txtai/venv/lib/python3.10/site-packages/airflow/example_dags/example_latest_only_with_trigger.py for tasks to queue
[2025-11-14T11:41:17.591+0530] {logging_mixin.py:188} INFO - [2025-11-14T11:41:17.590+0530] {dagbag.py:545} INFO - Filling up the DagBag from /home/logi/txtai/venv/lib/python3.10/site-packages/airflow/example_dags/example_latest_only_with_trigger.py
[2025-11-14T11:41:17.599+0530] {processor.py:840} INFO - DAG(s) 'latest_only_with_trigger' retrieved from /home/logi/txtai/venv/lib/python3.10/site-packages/airflow/example_dags/example_latest_only_with_trigger.py
[2025-11-14T11:41:17.675+0530] {logging_mixin.py:188} INFO - [2025-11-14T11:41:17.674+0530] {dag.py:3089} INFO - Sync 1 DAGs
[2025-11-14T11:41:17.726+0530] {logging_mixin.py:188} INFO - [2025-11-14T11:41:17.725+0530] {dag.py:3947} INFO - Setting next_dagrun for latest_only_with_trigger to 2025-11-14 00:00:00+00:00, run_after=2025-11-14 04:00:00+00:00
[2025-11-14T11:41:17.776+0530] {processor.py:183} INFO - Processing /home/logi/txtai/venv/lib/python3.10/site-packages/airflow/example_dags/example_latest_only_with_trigger.py took 0.212 seconds
[2025-11-14T11:41:48.445+0530] {processor.py:161} INFO - Started process (PID=26639) to work on /home/logi/txtai/venv/lib/python3.10/site-packages/airflow/example_dags/example_latest_only_with_trigger.py
[2025-11-14T11:41:48.447+0530] {processor.py:830} INFO - Processing file /home/logi/txtai/venv/lib/python3.10/site-packages/airflow/example_dags/example_latest_only_with_trigger.py for tasks to queue
[2025-11-14T11:41:48.450+0530] {logging_mixin.py:188} INFO - [2025-11-14T11:41:48.449+0530] {dagbag.py:545} INFO - Filling up the DagBag from /home/logi/txtai/venv/lib/python3.10/site-packages/airflow/example_dags/example_latest_only_with_trigger.py
[2025-11-14T11:41:48.459+0530] {processor.py:840} INFO - DAG(s) 'latest_only_with_trigger' retrieved from /home/logi/txtai/venv/lib/python3.10/site-packages/airflow/example_dags/example_latest_only_with_trigger.py
[2025-11-14T11:41:48.518+0530] {logging_mixin.py:188} INFO - [2025-11-14T11:41:48.518+0530] {dag.py:3089} INFO - Sync 1 DAGs
[2025-11-14T11:41:48.556+0530] {logging_mixin.py:188} INFO - [2025-11-14T11:41:48.556+0530] {dag.py:3947} INFO - Setting next_dagrun for latest_only_with_trigger to 2025-11-14 00:00:00+00:00, run_after=2025-11-14 04:00:00+00:00
[2025-11-14T11:41:48.589+0530] {processor.py:183} INFO - Processing /home/logi/txtai/venv/lib/python3.10/site-packages/airflow/example_dags/example_latest_only_with_trigger.py took 0.154 seconds
[2025-11-14T11:42:19.617+0530] {processor.py:161} INFO - Started process (PID=26780) to work on /home/logi/txtai/venv/lib/python3.10/site-packages/airflow/example_dags/example_latest_only_with_trigger.py
[2025-11-14T11:42:19.618+0530] {processor.py:830} INFO - Processing file /home/logi/txtai/venv/lib/python3.10/site-packages/airflow/example_dags/example_latest_only_with_trigger.py for tasks to queue
[2025-11-14T11:42:19.621+0530] {logging_mixin.py:188} INFO - [2025-11-14T11:42:19.621+0530] {dagbag.py:545} INFO - Filling up the DagBag from /home/logi/txtai/venv/lib/python3.10/site-packages/airflow/example_dags/example_latest_only_with_trigger.py
[2025-11-14T11:42:19.630+0530] {processor.py:840} INFO - DAG(s) 'latest_only_with_trigger' retrieved from /home/logi/txtai/venv/lib/python3.10/site-packages/airflow/example_dags/example_latest_only_with_trigger.py
[2025-11-14T11:42:19.671+0530] {logging_mixin.py:188} INFO - [2025-11-14T11:42:19.671+0530] {dag.py:3089} INFO - Sync 1 DAGs
[2025-11-14T11:42:19.700+0530] {logging_mixin.py:188} INFO - [2025-11-14T11:42:19.699+0530] {dag.py:3947} INFO - Setting next_dagrun for latest_only_with_trigger to 2025-11-14 00:00:00+00:00, run_after=2025-11-14 04:00:00+00:00
[2025-11-14T11:42:19.720+0530] {processor.py:183} INFO - Processing /home/logi/txtai/venv/lib/python3.10/site-packages/airflow/example_dags/example_latest_only_with_trigger.py took 0.115 seconds
[2025-11-14T11:42:49.937+0530] {processor.py:161} INFO - Started process (PID=27011) to work on /home/logi/txtai/venv/lib/python3.10/site-packages/airflow/example_dags/example_latest_only_with_trigger.py
[2025-11-14T11:42:49.939+0530] {processor.py:830} INFO - Processing file /home/logi/txtai/venv/lib/python3.10/site-packages/airflow/example_dags/example_latest_only_with_trigger.py for tasks to queue
[2025-11-14T11:42:49.942+0530] {logging_mixin.py:188} INFO - [2025-11-14T11:42:49.941+0530] {dagbag.py:545} INFO - Filling up the DagBag from /home/logi/txtai/venv/lib/python3.10/site-packages/airflow/example_dags/example_latest_only_with_trigger.py
[2025-11-14T11:42:49.951+0530] {processor.py:840} INFO - DAG(s) 'latest_only_with_trigger' retrieved from /home/logi/txtai/venv/lib/python3.10/site-packages/airflow/example_dags/example_latest_only_with_trigger.py
[2025-11-14T11:42:50.002+0530] {logging_mixin.py:188} INFO - [2025-11-14T11:42:50.002+0530] {dag.py:3089} INFO - Sync 1 DAGs
[2025-11-14T11:42:50.041+0530] {logging_mixin.py:188} INFO - [2025-11-14T11:42:50.041+0530] {dag.py:3947} INFO - Setting next_dagrun for latest_only_with_trigger to 2025-11-14 00:00:00+00:00, run_after=2025-11-14 04:00:00+00:00
[2025-11-14T11:42:50.071+0530] {processor.py:183} INFO - Processing /home/logi/txtai/venv/lib/python3.10/site-packages/airflow/example_dags/example_latest_only_with_trigger.py took 0.145 seconds
[2025-11-14T11:43:15.707+0530] {processor.py:161} INFO - Started process (PID=27401) to work on /home/logi/txtai/venv/lib/python3.10/site-packages/airflow/example_dags/example_latest_only_with_trigger.py
[2025-11-14T11:43:15.709+0530] {processor.py:830} INFO - Processing file /home/logi/txtai/venv/lib/python3.10/site-packages/airflow/example_dags/example_latest_only_with_trigger.py for tasks to queue
[2025-11-14T11:43:15.713+0530] {logging_mixin.py:188} INFO - [2025-11-14T11:43:15.711+0530] {dagbag.py:545} INFO - Filling up the DagBag from /home/logi/txtai/venv/lib/python3.10/site-packages/airflow/example_dags/example_latest_only_with_trigger.py
[2025-11-14T11:43:15.721+0530] {processor.py:840} INFO - DAG(s) 'latest_only_with_trigger' retrieved from /home/logi/txtai/venv/lib/python3.10/site-packages/airflow/example_dags/example_latest_only_with_trigger.py
[2025-11-14T11:43:15.782+0530] {logging_mixin.py:188} INFO - [2025-11-14T11:43:15.782+0530] {dag.py:3089} INFO - Sync 1 DAGs
[2025-11-14T11:43:15.823+0530] {logging_mixin.py:188} INFO - [2025-11-14T11:43:15.823+0530] {dag.py:3947} INFO - Setting next_dagrun for latest_only_with_trigger to 2025-11-14 00:00:00+00:00, run_after=2025-11-14 04:00:00+00:00
[2025-11-14T11:43:15.860+0530] {processor.py:183} INFO - Processing /home/logi/txtai/venv/lib/python3.10/site-packages/airflow/example_dags/example_latest_only_with_trigger.py took 0.164 seconds
[2025-11-14T11:43:46.647+0530] {processor.py:161} INFO - Started process (PID=27648) to work on /home/logi/txtai/venv/lib/python3.10/site-packages/airflow/example_dags/example_latest_only_with_trigger.py
[2025-11-14T11:43:46.651+0530] {processor.py:830} INFO - Processing file /home/logi/txtai/venv/lib/python3.10/site-packages/airflow/example_dags/example_latest_only_with_trigger.py for tasks to queue
[2025-11-14T11:43:46.656+0530] {logging_mixin.py:188} INFO - [2025-11-14T11:43:46.655+0530] {dagbag.py:545} INFO - Filling up the DagBag from /home/logi/txtai/venv/lib/python3.10/site-packages/airflow/example_dags/example_latest_only_with_trigger.py
[2025-11-14T11:43:46.668+0530] {processor.py:840} INFO - DAG(s) 'latest_only_with_trigger' retrieved from /home/logi/txtai/venv/lib/python3.10/site-packages/airflow/example_dags/example_latest_only_with_trigger.py
[2025-11-14T11:43:46.704+0530] {logging_mixin.py:188} INFO - [2025-11-14T11:43:46.703+0530] {dag.py:3089} INFO - Sync 1 DAGs
[2025-11-14T11:43:46.749+0530] {logging_mixin.py:188} INFO - [2025-11-14T11:43:46.748+0530] {dag.py:3947} INFO - Setting next_dagrun for latest_only_with_trigger to 2025-11-14 00:00:00+00:00, run_after=2025-11-14 04:00:00+00:00
[2025-11-14T11:43:46.770+0530] {processor.py:183} INFO - Processing /home/logi/txtai/venv/lib/python3.10/site-packages/airflow/example_dags/example_latest_only_with_trigger.py took 0.148 seconds
[2025-11-14T11:44:17.387+0530] {processor.py:161} INFO - Started process (PID=27840) to work on /home/logi/txtai/venv/lib/python3.10/site-packages/airflow/example_dags/example_latest_only_with_trigger.py
[2025-11-14T11:44:17.388+0530] {processor.py:830} INFO - Processing file /home/logi/txtai/venv/lib/python3.10/site-packages/airflow/example_dags/example_latest_only_with_trigger.py for tasks to queue
[2025-11-14T11:44:17.391+0530] {logging_mixin.py:188} INFO - [2025-11-14T11:44:17.391+0530] {dagbag.py:545} INFO - Filling up the DagBag from /home/logi/txtai/venv/lib/python3.10/site-packages/airflow/example_dags/example_latest_only_with_trigger.py
[2025-11-14T11:44:17.401+0530] {processor.py:840} INFO - DAG(s) 'latest_only_with_trigger' retrieved from /home/logi/txtai/venv/lib/python3.10/site-packages/airflow/example_dags/example_latest_only_with_trigger.py
[2025-11-14T11:44:17.461+0530] {logging_mixin.py:188} INFO - [2025-11-14T11:44:17.461+0530] {dag.py:3089} INFO - Sync 1 DAGs
[2025-11-14T11:44:17.502+0530] {logging_mixin.py:188} INFO - [2025-11-14T11:44:17.502+0530] {dag.py:3947} INFO - Setting next_dagrun for latest_only_with_trigger to 2025-11-14 00:00:00+00:00, run_after=2025-11-14 04:00:00+00:00
[2025-11-14T11:44:17.547+0530] {processor.py:183} INFO - Processing /home/logi/txtai/venv/lib/python3.10/site-packages/airflow/example_dags/example_latest_only_with_trigger.py took 0.171 seconds
[2025-11-14T11:44:48.160+0530] {processor.py:161} INFO - Started process (PID=28031) to work on /home/logi/txtai/venv/lib/python3.10/site-packages/airflow/example_dags/example_latest_only_with_trigger.py
[2025-11-14T11:44:48.162+0530] {processor.py:830} INFO - Processing file /home/logi/txtai/venv/lib/python3.10/site-packages/airflow/example_dags/example_latest_only_with_trigger.py for tasks to queue
[2025-11-14T11:44:48.166+0530] {logging_mixin.py:188} INFO - [2025-11-14T11:44:48.165+0530] {dagbag.py:545} INFO - Filling up the DagBag from /home/logi/txtai/venv/lib/python3.10/site-packages/airflow/example_dags/example_latest_only_with_trigger.py
[2025-11-14T11:44:48.179+0530] {processor.py:840} INFO - DAG(s) 'latest_only_with_trigger' retrieved from /home/logi/txtai/venv/lib/python3.10/site-packages/airflow/example_dags/example_latest_only_with_trigger.py
[2025-11-14T11:44:48.238+0530] {logging_mixin.py:188} INFO - [2025-11-14T11:44:48.237+0530] {dag.py:3089} INFO - Sync 1 DAGs
[2025-11-14T11:44:48.278+0530] {logging_mixin.py:188} INFO - [2025-11-14T11:44:48.277+0530] {dag.py:3947} INFO - Setting next_dagrun for latest_only_with_trigger to 2025-11-14 00:00:00+00:00, run_after=2025-11-14 04:00:00+00:00
[2025-11-14T11:44:48.313+0530] {processor.py:183} INFO - Processing /home/logi/txtai/venv/lib/python3.10/site-packages/airflow/example_dags/example_latest_only_with_trigger.py took 0.163 seconds
[2025-11-14T11:45:19.842+0530] {processor.py:161} INFO - Started process (PID=28178) to work on /home/logi/txtai/venv/lib/python3.10/site-packages/airflow/example_dags/example_latest_only_with_trigger.py
[2025-11-14T11:45:19.844+0530] {processor.py:830} INFO - Processing file /home/logi/txtai/venv/lib/python3.10/site-packages/airflow/example_dags/example_latest_only_with_trigger.py for tasks to queue
[2025-11-14T11:45:19.846+0530] {logging_mixin.py:188} INFO - [2025-11-14T11:45:19.846+0530] {dagbag.py:545} INFO - Filling up the DagBag from /home/logi/txtai/venv/lib/python3.10/site-packages/airflow/example_dags/example_latest_only_with_trigger.py
[2025-11-14T11:45:19.855+0530] {processor.py:840} INFO - DAG(s) 'latest_only_with_trigger' retrieved from /home/logi/txtai/venv/lib/python3.10/site-packages/airflow/example_dags/example_latest_only_with_trigger.py
[2025-11-14T11:45:19.913+0530] {logging_mixin.py:188} INFO - [2025-11-14T11:45:19.912+0530] {dag.py:3089} INFO - Sync 1 DAGs
[2025-11-14T11:45:19.954+0530] {logging_mixin.py:188} INFO - [2025-11-14T11:45:19.953+0530] {dag.py:3947} INFO - Setting next_dagrun for latest_only_with_trigger to 2025-11-14 00:00:00+00:00, run_after=2025-11-14 04:00:00+00:00
[2025-11-14T11:45:19.997+0530] {processor.py:183} INFO - Processing /home/logi/txtai/venv/lib/python3.10/site-packages/airflow/example_dags/example_latest_only_with_trigger.py took 0.166 seconds
[2025-11-14T11:45:52.364+0530] {processor.py:161} INFO - Started process (PID=28439) to work on /home/logi/txtai/venv/lib/python3.10/site-packages/airflow/example_dags/example_latest_only_with_trigger.py
[2025-11-14T11:45:52.368+0530] {processor.py:830} INFO - Processing file /home/logi/txtai/venv/lib/python3.10/site-packages/airflow/example_dags/example_latest_only_with_trigger.py for tasks to queue
[2025-11-14T11:45:52.373+0530] {logging_mixin.py:188} INFO - [2025-11-14T11:45:52.372+0530] {dagbag.py:545} INFO - Filling up the DagBag from /home/logi/txtai/venv/lib/python3.10/site-packages/airflow/example_dags/example_latest_only_with_trigger.py
[2025-11-14T11:45:52.388+0530] {processor.py:840} INFO - DAG(s) 'latest_only_with_trigger' retrieved from /home/logi/txtai/venv/lib/python3.10/site-packages/airflow/example_dags/example_latest_only_with_trigger.py
[2025-11-14T11:45:52.461+0530] {logging_mixin.py:188} INFO - [2025-11-14T11:45:52.461+0530] {dag.py:3089} INFO - Sync 1 DAGs
[2025-11-14T11:45:52.505+0530] {logging_mixin.py:188} INFO - [2025-11-14T11:45:52.504+0530] {dag.py:3947} INFO - Setting next_dagrun for latest_only_with_trigger to 2025-11-14 00:00:00+00:00, run_after=2025-11-14 04:00:00+00:00
[2025-11-14T11:45:52.561+0530] {processor.py:183} INFO - Processing /home/logi/txtai/venv/lib/python3.10/site-packages/airflow/example_dags/example_latest_only_with_trigger.py took 0.218 seconds
[2025-11-14T11:46:23.552+0530] {processor.py:161} INFO - Started process (PID=29102) to work on /home/logi/txtai/venv/lib/python3.10/site-packages/airflow/example_dags/example_latest_only_with_trigger.py
[2025-11-14T11:46:23.566+0530] {processor.py:830} INFO - Processing file /home/logi/txtai/venv/lib/python3.10/site-packages/airflow/example_dags/example_latest_only_with_trigger.py for tasks to queue
[2025-11-14T11:46:23.569+0530] {logging_mixin.py:188} INFO - [2025-11-14T11:46:23.569+0530] {dagbag.py:545} INFO - Filling up the DagBag from /home/logi/txtai/venv/lib/python3.10/site-packages/airflow/example_dags/example_latest_only_with_trigger.py
[2025-11-14T11:46:23.581+0530] {processor.py:840} INFO - DAG(s) 'latest_only_with_trigger' retrieved from /home/logi/txtai/venv/lib/python3.10/site-packages/airflow/example_dags/example_latest_only_with_trigger.py
[2025-11-14T11:46:23.623+0530] {logging_mixin.py:188} INFO - [2025-11-14T11:46:23.622+0530] {dag.py:3089} INFO - Sync 1 DAGs
[2025-11-14T11:46:23.648+0530] {logging_mixin.py:188} INFO - [2025-11-14T11:46:23.648+0530] {dag.py:3947} INFO - Setting next_dagrun for latest_only_with_trigger to 2025-11-14 00:00:00+00:00, run_after=2025-11-14 04:00:00+00:00
[2025-11-14T11:46:23.679+0530] {processor.py:183} INFO - Processing /home/logi/txtai/venv/lib/python3.10/site-packages/airflow/example_dags/example_latest_only_with_trigger.py took 0.140 seconds
[2025-11-14T11:46:54.121+0530] {processor.py:161} INFO - Started process (PID=29825) to work on /home/logi/txtai/venv/lib/python3.10/site-packages/airflow/example_dags/example_latest_only_with_trigger.py
[2025-11-14T11:46:54.123+0530] {processor.py:830} INFO - Processing file /home/logi/txtai/venv/lib/python3.10/site-packages/airflow/example_dags/example_latest_only_with_trigger.py for tasks to queue
[2025-11-14T11:46:54.126+0530] {logging_mixin.py:188} INFO - [2025-11-14T11:46:54.126+0530] {dagbag.py:545} INFO - Filling up the DagBag from /home/logi/txtai/venv/lib/python3.10/site-packages/airflow/example_dags/example_latest_only_with_trigger.py
[2025-11-14T11:46:54.133+0530] {processor.py:840} INFO - DAG(s) 'latest_only_with_trigger' retrieved from /home/logi/txtai/venv/lib/python3.10/site-packages/airflow/example_dags/example_latest_only_with_trigger.py
[2025-11-14T11:46:54.193+0530] {logging_mixin.py:188} INFO - [2025-11-14T11:46:54.192+0530] {dag.py:3089} INFO - Sync 1 DAGs
[2025-11-14T11:46:54.240+0530] {logging_mixin.py:188} INFO - [2025-11-14T11:46:54.240+0530] {dag.py:3947} INFO - Setting next_dagrun for latest_only_with_trigger to 2025-11-14 00:00:00+00:00, run_after=2025-11-14 04:00:00+00:00
[2025-11-14T11:46:54.281+0530] {processor.py:183} INFO - Processing /home/logi/txtai/venv/lib/python3.10/site-packages/airflow/example_dags/example_latest_only_with_trigger.py took 0.170 seconds
[2025-11-14T11:47:24.779+0530] {processor.py:161} INFO - Started process (PID=30546) to work on /home/logi/txtai/venv/lib/python3.10/site-packages/airflow/example_dags/example_latest_only_with_trigger.py
[2025-11-14T11:47:24.785+0530] {processor.py:830} INFO - Processing file /home/logi/txtai/venv/lib/python3.10/site-packages/airflow/example_dags/example_latest_only_with_trigger.py for tasks to queue
[2025-11-14T11:47:24.794+0530] {logging_mixin.py:188} INFO - [2025-11-14T11:47:24.793+0530] {dagbag.py:545} INFO - Filling up the DagBag from /home/logi/txtai/venv/lib/python3.10/site-packages/airflow/example_dags/example_latest_only_with_trigger.py
[2025-11-14T11:47:24.821+0530] {processor.py:840} INFO - DAG(s) 'latest_only_with_trigger' retrieved from /home/logi/txtai/venv/lib/python3.10/site-packages/airflow/example_dags/example_latest_only_with_trigger.py
[2025-11-14T11:47:24.918+0530] {logging_mixin.py:188} INFO - [2025-11-14T11:47:24.917+0530] {dag.py:3089} INFO - Sync 1 DAGs
[2025-11-14T11:47:24.975+0530] {logging_mixin.py:188} INFO - [2025-11-14T11:47:24.974+0530] {dag.py:3947} INFO - Setting next_dagrun for latest_only_with_trigger to 2025-11-14 00:00:00+00:00, run_after=2025-11-14 04:00:00+00:00
[2025-11-14T11:47:25.027+0530] {processor.py:183} INFO - Processing /home/logi/txtai/venv/lib/python3.10/site-packages/airflow/example_dags/example_latest_only_with_trigger.py took 0.283 seconds
