[2025-11-14T10:48:47.453+0530] {processor.py:161} INFO - Started process (PID=5996) to work on /home/logi/txtai/venv/lib/python3.10/site-packages/airflow/example_dags/example_params_trigger_ui.py
[2025-11-14T10:48:47.455+0530] {processor.py:830} INFO - Processing file /home/logi/txtai/venv/lib/python3.10/site-packages/airflow/example_dags/example_params_trigger_ui.py for tasks to queue
[2025-11-14T10:48:47.462+0530] {logging_mixin.py:188} INFO - [2025-11-14T10:48:47.462+0530] {dagbag.py:545} INFO - Filling up the DagBag from /home/logi/txtai/venv/lib/python3.10/site-packages/airflow/example_dags/example_params_trigger_ui.py
[2025-11-14T10:48:47.482+0530] {processor.py:840} INFO - DAG(s) 'example_params_trigger_ui' retrieved from /home/logi/txtai/venv/lib/python3.10/site-packages/airflow/example_dags/example_params_trigger_ui.py
[2025-11-14T10:48:47.615+0530] {logging_mixin.py:188} INFO - [2025-11-14T10:48:47.614+0530] {dag.py:3089} INFO - Sync 1 DAGs
[2025-11-14T10:48:47.674+0530] {logging_mixin.py:188} INFO - [2025-11-14T10:48:47.674+0530] {dag.py:3947} INFO - Setting next_dagrun for example_params_trigger_ui to None, run_after=None
[2025-11-14T10:48:47.753+0530] {processor.py:183} INFO - Processing /home/logi/txtai/venv/lib/python3.10/site-packages/airflow/example_dags/example_params_trigger_ui.py took 0.322 seconds
[2025-11-14T10:49:19.462+0530] {processor.py:161} INFO - Started process (PID=6649) to work on /home/logi/txtai/venv/lib/python3.10/site-packages/airflow/example_dags/example_params_trigger_ui.py
[2025-11-14T10:49:19.466+0530] {processor.py:830} INFO - Processing file /home/logi/txtai/venv/lib/python3.10/site-packages/airflow/example_dags/example_params_trigger_ui.py for tasks to queue
[2025-11-14T10:49:19.469+0530] {logging_mixin.py:188} INFO - [2025-11-14T10:49:19.469+0530] {dagbag.py:545} INFO - Filling up the DagBag from /home/logi/txtai/venv/lib/python3.10/site-packages/airflow/example_dags/example_params_trigger_ui.py
[2025-11-14T10:49:19.484+0530] {processor.py:840} INFO - DAG(s) 'example_params_trigger_ui' retrieved from /home/logi/txtai/venv/lib/python3.10/site-packages/airflow/example_dags/example_params_trigger_ui.py
[2025-11-14T10:49:19.574+0530] {logging_mixin.py:188} INFO - [2025-11-14T10:49:19.573+0530] {dag.py:3089} INFO - Sync 1 DAGs
[2025-11-14T10:49:19.602+0530] {logging_mixin.py:188} INFO - [2025-11-14T10:49:19.601+0530] {dag.py:3947} INFO - Setting next_dagrun for example_params_trigger_ui to None, run_after=None
[2025-11-14T10:49:19.678+0530] {processor.py:183} INFO - Processing /home/logi/txtai/venv/lib/python3.10/site-packages/airflow/example_dags/example_params_trigger_ui.py took 0.230 seconds
[2025-11-14T10:49:50.323+0530] {processor.py:161} INFO - Started process (PID=7295) to work on /home/logi/txtai/venv/lib/python3.10/site-packages/airflow/example_dags/example_params_trigger_ui.py
[2025-11-14T10:49:50.326+0530] {processor.py:830} INFO - Processing file /home/logi/txtai/venv/lib/python3.10/site-packages/airflow/example_dags/example_params_trigger_ui.py for tasks to queue
[2025-11-14T10:49:50.332+0530] {logging_mixin.py:188} INFO - [2025-11-14T10:49:50.331+0530] {dagbag.py:545} INFO - Filling up the DagBag from /home/logi/txtai/venv/lib/python3.10/site-packages/airflow/example_dags/example_params_trigger_ui.py
[2025-11-14T10:49:50.346+0530] {processor.py:840} INFO - DAG(s) 'example_params_trigger_ui' retrieved from /home/logi/txtai/venv/lib/python3.10/site-packages/airflow/example_dags/example_params_trigger_ui.py
[2025-11-14T10:49:50.418+0530] {logging_mixin.py:188} INFO - [2025-11-14T10:49:50.418+0530] {dag.py:3089} INFO - Sync 1 DAGs
[2025-11-14T10:49:50.431+0530] {logging_mixin.py:188} INFO - [2025-11-14T10:49:50.430+0530] {dag.py:3947} INFO - Setting next_dagrun for example_params_trigger_ui to None, run_after=None
[2025-11-14T10:49:50.458+0530] {processor.py:183} INFO - Processing /home/logi/txtai/venv/lib/python3.10/site-packages/airflow/example_dags/example_params_trigger_ui.py took 0.149 seconds
[2025-11-14T10:50:21.106+0530] {processor.py:161} INFO - Started process (PID=7843) to work on /home/logi/txtai/venv/lib/python3.10/site-packages/airflow/example_dags/example_params_trigger_ui.py
[2025-11-14T10:50:21.108+0530] {processor.py:830} INFO - Processing file /home/logi/txtai/venv/lib/python3.10/site-packages/airflow/example_dags/example_params_trigger_ui.py for tasks to queue
[2025-11-14T10:50:21.111+0530] {logging_mixin.py:188} INFO - [2025-11-14T10:50:21.110+0530] {dagbag.py:545} INFO - Filling up the DagBag from /home/logi/txtai/venv/lib/python3.10/site-packages/airflow/example_dags/example_params_trigger_ui.py
[2025-11-14T10:50:21.132+0530] {processor.py:840} INFO - DAG(s) 'example_params_trigger_ui' retrieved from /home/logi/txtai/venv/lib/python3.10/site-packages/airflow/example_dags/example_params_trigger_ui.py
[2025-11-14T10:50:21.216+0530] {logging_mixin.py:188} INFO - [2025-11-14T10:50:21.216+0530] {dag.py:3089} INFO - Sync 1 DAGs
[2025-11-14T10:50:21.239+0530] {logging_mixin.py:188} INFO - [2025-11-14T10:50:21.239+0530] {dag.py:3947} INFO - Setting next_dagrun for example_params_trigger_ui to None, run_after=None
[2025-11-14T10:50:21.279+0530] {processor.py:183} INFO - Processing /home/logi/txtai/venv/lib/python3.10/site-packages/airflow/example_dags/example_params_trigger_ui.py took 0.187 seconds
[2025-11-14T10:50:52.196+0530] {processor.py:161} INFO - Started process (PID=8104) to work on /home/logi/txtai/venv/lib/python3.10/site-packages/airflow/example_dags/example_params_trigger_ui.py
[2025-11-14T10:50:52.198+0530] {processor.py:830} INFO - Processing file /home/logi/txtai/venv/lib/python3.10/site-packages/airflow/example_dags/example_params_trigger_ui.py for tasks to queue
[2025-11-14T10:50:52.200+0530] {logging_mixin.py:188} INFO - [2025-11-14T10:50:52.199+0530] {dagbag.py:545} INFO - Filling up the DagBag from /home/logi/txtai/venv/lib/python3.10/site-packages/airflow/example_dags/example_params_trigger_ui.py
[2025-11-14T10:50:52.210+0530] {processor.py:840} INFO - DAG(s) 'example_params_trigger_ui' retrieved from /home/logi/txtai/venv/lib/python3.10/site-packages/airflow/example_dags/example_params_trigger_ui.py
[2025-11-14T10:50:52.275+0530] {logging_mixin.py:188} INFO - [2025-11-14T10:50:52.275+0530] {dag.py:3089} INFO - Sync 1 DAGs
[2025-11-14T10:50:52.305+0530] {logging_mixin.py:188} INFO - [2025-11-14T10:50:52.304+0530] {dag.py:3947} INFO - Setting next_dagrun for example_params_trigger_ui to None, run_after=None
[2025-11-14T10:50:52.336+0530] {processor.py:183} INFO - Processing /home/logi/txtai/venv/lib/python3.10/site-packages/airflow/example_dags/example_params_trigger_ui.py took 0.151 seconds
[2025-11-14T10:51:23.318+0530] {processor.py:161} INFO - Started process (PID=8286) to work on /home/logi/txtai/venv/lib/python3.10/site-packages/airflow/example_dags/example_params_trigger_ui.py
[2025-11-14T10:51:23.320+0530] {processor.py:830} INFO - Processing file /home/logi/txtai/venv/lib/python3.10/site-packages/airflow/example_dags/example_params_trigger_ui.py for tasks to queue
[2025-11-14T10:51:23.325+0530] {logging_mixin.py:188} INFO - [2025-11-14T10:51:23.323+0530] {dagbag.py:545} INFO - Filling up the DagBag from /home/logi/txtai/venv/lib/python3.10/site-packages/airflow/example_dags/example_params_trigger_ui.py
[2025-11-14T10:51:23.337+0530] {processor.py:840} INFO - DAG(s) 'example_params_trigger_ui' retrieved from /home/logi/txtai/venv/lib/python3.10/site-packages/airflow/example_dags/example_params_trigger_ui.py
[2025-11-14T10:51:23.391+0530] {logging_mixin.py:188} INFO - [2025-11-14T10:51:23.391+0530] {dag.py:3089} INFO - Sync 1 DAGs
[2025-11-14T10:51:23.408+0530] {logging_mixin.py:188} INFO - [2025-11-14T10:51:23.408+0530] {dag.py:3947} INFO - Setting next_dagrun for example_params_trigger_ui to None, run_after=None
[2025-11-14T10:51:23.442+0530] {processor.py:183} INFO - Processing /home/logi/txtai/venv/lib/python3.10/site-packages/airflow/example_dags/example_params_trigger_ui.py took 0.134 seconds
[2025-11-14T10:51:53.751+0530] {processor.py:161} INFO - Started process (PID=8421) to work on /home/logi/txtai/venv/lib/python3.10/site-packages/airflow/example_dags/example_params_trigger_ui.py
[2025-11-14T10:51:53.752+0530] {processor.py:830} INFO - Processing file /home/logi/txtai/venv/lib/python3.10/site-packages/airflow/example_dags/example_params_trigger_ui.py for tasks to queue
[2025-11-14T10:51:53.754+0530] {logging_mixin.py:188} INFO - [2025-11-14T10:51:53.754+0530] {dagbag.py:545} INFO - Filling up the DagBag from /home/logi/txtai/venv/lib/python3.10/site-packages/airflow/example_dags/example_params_trigger_ui.py
[2025-11-14T10:51:53.762+0530] {processor.py:840} INFO - DAG(s) 'example_params_trigger_ui' retrieved from /home/logi/txtai/venv/lib/python3.10/site-packages/airflow/example_dags/example_params_trigger_ui.py
[2025-11-14T10:51:53.812+0530] {logging_mixin.py:188} INFO - [2025-11-14T10:51:53.812+0530] {dag.py:3089} INFO - Sync 1 DAGs
[2025-11-14T10:51:53.824+0530] {logging_mixin.py:188} INFO - [2025-11-14T10:51:53.824+0530] {dag.py:3947} INFO - Setting next_dagrun for example_params_trigger_ui to None, run_after=None
[2025-11-14T10:51:53.851+0530] {processor.py:183} INFO - Processing /home/logi/txtai/venv/lib/python3.10/site-packages/airflow/example_dags/example_params_trigger_ui.py took 0.105 seconds
[2025-11-14T10:52:26.230+0530] {processor.py:161} INFO - Started process (PID=8603) to work on /home/logi/txtai/venv/lib/python3.10/site-packages/airflow/example_dags/example_params_trigger_ui.py
[2025-11-14T10:52:26.235+0530] {processor.py:830} INFO - Processing file /home/logi/txtai/venv/lib/python3.10/site-packages/airflow/example_dags/example_params_trigger_ui.py for tasks to queue
[2025-11-14T10:52:26.239+0530] {logging_mixin.py:188} INFO - [2025-11-14T10:52:26.238+0530] {dagbag.py:545} INFO - Filling up the DagBag from /home/logi/txtai/venv/lib/python3.10/site-packages/airflow/example_dags/example_params_trigger_ui.py
[2025-11-14T10:52:26.258+0530] {processor.py:840} INFO - DAG(s) 'example_params_trigger_ui' retrieved from /home/logi/txtai/venv/lib/python3.10/site-packages/airflow/example_dags/example_params_trigger_ui.py
[2025-11-14T10:52:26.326+0530] {logging_mixin.py:188} INFO - [2025-11-14T10:52:26.326+0530] {dag.py:3089} INFO - Sync 1 DAGs
[2025-11-14T10:52:26.345+0530] {logging_mixin.py:188} INFO - [2025-11-14T10:52:26.345+0530] {dag.py:3947} INFO - Setting next_dagrun for example_params_trigger_ui to None, run_after=None
[2025-11-14T10:52:26.384+0530] {processor.py:183} INFO - Processing /home/logi/txtai/venv/lib/python3.10/site-packages/airflow/example_dags/example_params_trigger_ui.py took 0.174 seconds
[2025-11-14T10:52:56.850+0530] {processor.py:161} INFO - Started process (PID=8732) to work on /home/logi/txtai/venv/lib/python3.10/site-packages/airflow/example_dags/example_params_trigger_ui.py
[2025-11-14T10:52:56.852+0530] {processor.py:830} INFO - Processing file /home/logi/txtai/venv/lib/python3.10/site-packages/airflow/example_dags/example_params_trigger_ui.py for tasks to queue
[2025-11-14T10:52:56.855+0530] {logging_mixin.py:188} INFO - [2025-11-14T10:52:56.854+0530] {dagbag.py:545} INFO - Filling up the DagBag from /home/logi/txtai/venv/lib/python3.10/site-packages/airflow/example_dags/example_params_trigger_ui.py
[2025-11-14T10:52:56.870+0530] {processor.py:840} INFO - DAG(s) 'example_params_trigger_ui' retrieved from /home/logi/txtai/venv/lib/python3.10/site-packages/airflow/example_dags/example_params_trigger_ui.py
[2025-11-14T10:52:56.945+0530] {logging_mixin.py:188} INFO - [2025-11-14T10:52:56.944+0530] {dag.py:3089} INFO - Sync 1 DAGs
[2025-11-14T10:52:56.970+0530] {logging_mixin.py:188} INFO - [2025-11-14T10:52:56.969+0530] {dag.py:3947} INFO - Setting next_dagrun for example_params_trigger_ui to None, run_after=None
[2025-11-14T10:52:57.001+0530] {processor.py:183} INFO - Processing /home/logi/txtai/venv/lib/python3.10/site-packages/airflow/example_dags/example_params_trigger_ui.py took 0.158 seconds
[2025-11-14T10:53:27.594+0530] {processor.py:161} INFO - Started process (PID=8850) to work on /home/logi/txtai/venv/lib/python3.10/site-packages/airflow/example_dags/example_params_trigger_ui.py
[2025-11-14T10:53:27.596+0530] {processor.py:830} INFO - Processing file /home/logi/txtai/venv/lib/python3.10/site-packages/airflow/example_dags/example_params_trigger_ui.py for tasks to queue
[2025-11-14T10:53:27.599+0530] {logging_mixin.py:188} INFO - [2025-11-14T10:53:27.598+0530] {dagbag.py:545} INFO - Filling up the DagBag from /home/logi/txtai/venv/lib/python3.10/site-packages/airflow/example_dags/example_params_trigger_ui.py
[2025-11-14T10:53:27.614+0530] {processor.py:840} INFO - DAG(s) 'example_params_trigger_ui' retrieved from /home/logi/txtai/venv/lib/python3.10/site-packages/airflow/example_dags/example_params_trigger_ui.py
[2025-11-14T10:53:27.697+0530] {logging_mixin.py:188} INFO - [2025-11-14T10:53:27.697+0530] {dag.py:3089} INFO - Sync 1 DAGs
[2025-11-14T10:53:27.711+0530] {logging_mixin.py:188} INFO - [2025-11-14T10:53:27.710+0530] {dag.py:3947} INFO - Setting next_dagrun for example_params_trigger_ui to None, run_after=None
[2025-11-14T10:53:27.751+0530] {processor.py:183} INFO - Processing /home/logi/txtai/venv/lib/python3.10/site-packages/airflow/example_dags/example_params_trigger_ui.py took 0.173 seconds
[2025-11-14T10:53:57.990+0530] {processor.py:161} INFO - Started process (PID=9036) to work on /home/logi/txtai/venv/lib/python3.10/site-packages/airflow/example_dags/example_params_trigger_ui.py
[2025-11-14T10:53:57.992+0530] {processor.py:830} INFO - Processing file /home/logi/txtai/venv/lib/python3.10/site-packages/airflow/example_dags/example_params_trigger_ui.py for tasks to queue
[2025-11-14T10:53:57.994+0530] {logging_mixin.py:188} INFO - [2025-11-14T10:53:57.994+0530] {dagbag.py:545} INFO - Filling up the DagBag from /home/logi/txtai/venv/lib/python3.10/site-packages/airflow/example_dags/example_params_trigger_ui.py
[2025-11-14T10:53:58.013+0530] {processor.py:840} INFO - DAG(s) 'example_params_trigger_ui' retrieved from /home/logi/txtai/venv/lib/python3.10/site-packages/airflow/example_dags/example_params_trigger_ui.py
[2025-11-14T10:53:58.115+0530] {logging_mixin.py:188} INFO - [2025-11-14T10:53:58.114+0530] {dag.py:3089} INFO - Sync 1 DAGs
[2025-11-14T10:53:58.132+0530] {logging_mixin.py:188} INFO - [2025-11-14T10:53:58.131+0530] {dag.py:3947} INFO - Setting next_dagrun for example_params_trigger_ui to None, run_after=None
[2025-11-14T10:53:58.178+0530] {processor.py:183} INFO - Processing /home/logi/txtai/venv/lib/python3.10/site-packages/airflow/example_dags/example_params_trigger_ui.py took 0.201 seconds
[2025-11-14T10:54:28.758+0530] {processor.py:161} INFO - Started process (PID=9271) to work on /home/logi/txtai/venv/lib/python3.10/site-packages/airflow/example_dags/example_params_trigger_ui.py
[2025-11-14T10:54:28.759+0530] {processor.py:830} INFO - Processing file /home/logi/txtai/venv/lib/python3.10/site-packages/airflow/example_dags/example_params_trigger_ui.py for tasks to queue
[2025-11-14T10:54:28.761+0530] {logging_mixin.py:188} INFO - [2025-11-14T10:54:28.761+0530] {dagbag.py:545} INFO - Filling up the DagBag from /home/logi/txtai/venv/lib/python3.10/site-packages/airflow/example_dags/example_params_trigger_ui.py
[2025-11-14T10:54:28.769+0530] {processor.py:840} INFO - DAG(s) 'example_params_trigger_ui' retrieved from /home/logi/txtai/venv/lib/python3.10/site-packages/airflow/example_dags/example_params_trigger_ui.py
[2025-11-14T10:54:28.823+0530] {logging_mixin.py:188} INFO - [2025-11-14T10:54:28.822+0530] {dag.py:3089} INFO - Sync 1 DAGs
[2025-11-14T10:54:28.834+0530] {logging_mixin.py:188} INFO - [2025-11-14T10:54:28.834+0530] {dag.py:3947} INFO - Setting next_dagrun for example_params_trigger_ui to None, run_after=None
[2025-11-14T10:54:28.857+0530] {processor.py:183} INFO - Processing /home/logi/txtai/venv/lib/python3.10/site-packages/airflow/example_dags/example_params_trigger_ui.py took 0.104 seconds
[2025-11-14T10:54:58.979+0530] {processor.py:161} INFO - Started process (PID=9414) to work on /home/logi/txtai/venv/lib/python3.10/site-packages/airflow/example_dags/example_params_trigger_ui.py
[2025-11-14T10:54:58.981+0530] {processor.py:830} INFO - Processing file /home/logi/txtai/venv/lib/python3.10/site-packages/airflow/example_dags/example_params_trigger_ui.py for tasks to queue
[2025-11-14T10:54:58.984+0530] {logging_mixin.py:188} INFO - [2025-11-14T10:54:58.983+0530] {dagbag.py:545} INFO - Filling up the DagBag from /home/logi/txtai/venv/lib/python3.10/site-packages/airflow/example_dags/example_params_trigger_ui.py
[2025-11-14T10:54:58.998+0530] {processor.py:840} INFO - DAG(s) 'example_params_trigger_ui' retrieved from /home/logi/txtai/venv/lib/python3.10/site-packages/airflow/example_dags/example_params_trigger_ui.py
[2025-11-14T10:54:59.085+0530] {logging_mixin.py:188} INFO - [2025-11-14T10:54:59.085+0530] {dag.py:3089} INFO - Sync 1 DAGs
[2025-11-14T10:54:59.097+0530] {logging_mixin.py:188} INFO - [2025-11-14T10:54:59.097+0530] {dag.py:3947} INFO - Setting next_dagrun for example_params_trigger_ui to None, run_after=None
[2025-11-14T10:54:59.139+0530] {processor.py:183} INFO - Processing /home/logi/txtai/venv/lib/python3.10/site-packages/airflow/example_dags/example_params_trigger_ui.py took 0.175 seconds
[2025-11-14T10:55:29.456+0530] {processor.py:161} INFO - Started process (PID=9561) to work on /home/logi/txtai/venv/lib/python3.10/site-packages/airflow/example_dags/example_params_trigger_ui.py
[2025-11-14T10:55:29.458+0530] {processor.py:830} INFO - Processing file /home/logi/txtai/venv/lib/python3.10/site-packages/airflow/example_dags/example_params_trigger_ui.py for tasks to queue
[2025-11-14T10:55:29.461+0530] {logging_mixin.py:188} INFO - [2025-11-14T10:55:29.461+0530] {dagbag.py:545} INFO - Filling up the DagBag from /home/logi/txtai/venv/lib/python3.10/site-packages/airflow/example_dags/example_params_trigger_ui.py
[2025-11-14T10:55:29.485+0530] {processor.py:840} INFO - DAG(s) 'example_params_trigger_ui' retrieved from /home/logi/txtai/venv/lib/python3.10/site-packages/airflow/example_dags/example_params_trigger_ui.py
[2025-11-14T10:55:29.574+0530] {logging_mixin.py:188} INFO - [2025-11-14T10:55:29.573+0530] {dag.py:3089} INFO - Sync 1 DAGs
[2025-11-14T10:55:29.597+0530] {logging_mixin.py:188} INFO - [2025-11-14T10:55:29.597+0530] {dag.py:3947} INFO - Setting next_dagrun for example_params_trigger_ui to None, run_after=None
[2025-11-14T10:55:29.631+0530] {processor.py:183} INFO - Processing /home/logi/txtai/venv/lib/python3.10/site-packages/airflow/example_dags/example_params_trigger_ui.py took 0.195 seconds
[2025-11-14T10:55:59.993+0530] {processor.py:161} INFO - Started process (PID=9690) to work on /home/logi/txtai/venv/lib/python3.10/site-packages/airflow/example_dags/example_params_trigger_ui.py
[2025-11-14T10:55:59.995+0530] {processor.py:830} INFO - Processing file /home/logi/txtai/venv/lib/python3.10/site-packages/airflow/example_dags/example_params_trigger_ui.py for tasks to queue
[2025-11-14T10:55:59.999+0530] {logging_mixin.py:188} INFO - [2025-11-14T10:55:59.998+0530] {dagbag.py:545} INFO - Filling up the DagBag from /home/logi/txtai/venv/lib/python3.10/site-packages/airflow/example_dags/example_params_trigger_ui.py
[2025-11-14T10:56:00.022+0530] {processor.py:840} INFO - DAG(s) 'example_params_trigger_ui' retrieved from /home/logi/txtai/venv/lib/python3.10/site-packages/airflow/example_dags/example_params_trigger_ui.py
[2025-11-14T10:56:00.080+0530] {logging_mixin.py:188} INFO - [2025-11-14T10:56:00.080+0530] {dag.py:3089} INFO - Sync 1 DAGs
[2025-11-14T10:56:00.092+0530] {logging_mixin.py:188} INFO - [2025-11-14T10:56:00.091+0530] {dag.py:3947} INFO - Setting next_dagrun for example_params_trigger_ui to None, run_after=None
[2025-11-14T10:56:00.126+0530] {processor.py:183} INFO - Processing /home/logi/txtai/venv/lib/python3.10/site-packages/airflow/example_dags/example_params_trigger_ui.py took 0.144 seconds
[2025-11-14T10:56:30.574+0530] {processor.py:161} INFO - Started process (PID=9864) to work on /home/logi/txtai/venv/lib/python3.10/site-packages/airflow/example_dags/example_params_trigger_ui.py
[2025-11-14T10:56:30.577+0530] {processor.py:830} INFO - Processing file /home/logi/txtai/venv/lib/python3.10/site-packages/airflow/example_dags/example_params_trigger_ui.py for tasks to queue
[2025-11-14T10:56:30.580+0530] {logging_mixin.py:188} INFO - [2025-11-14T10:56:30.579+0530] {dagbag.py:545} INFO - Filling up the DagBag from /home/logi/txtai/venv/lib/python3.10/site-packages/airflow/example_dags/example_params_trigger_ui.py
[2025-11-14T10:56:30.591+0530] {processor.py:840} INFO - DAG(s) 'example_params_trigger_ui' retrieved from /home/logi/txtai/venv/lib/python3.10/site-packages/airflow/example_dags/example_params_trigger_ui.py
[2025-11-14T10:56:30.662+0530] {logging_mixin.py:188} INFO - [2025-11-14T10:56:30.661+0530] {dag.py:3089} INFO - Sync 1 DAGs
[2025-11-14T10:56:30.704+0530] {logging_mixin.py:188} INFO - [2025-11-14T10:56:30.703+0530] {dag.py:3947} INFO - Setting next_dagrun for example_params_trigger_ui to None, run_after=None
[2025-11-14T10:56:30.746+0530] {processor.py:183} INFO - Processing /home/logi/txtai/venv/lib/python3.10/site-packages/airflow/example_dags/example_params_trigger_ui.py took 0.190 seconds
[2025-11-14T10:57:00.935+0530] {processor.py:161} INFO - Started process (PID=9996) to work on /home/logi/txtai/venv/lib/python3.10/site-packages/airflow/example_dags/example_params_trigger_ui.py
[2025-11-14T10:57:00.937+0530] {processor.py:830} INFO - Processing file /home/logi/txtai/venv/lib/python3.10/site-packages/airflow/example_dags/example_params_trigger_ui.py for tasks to queue
[2025-11-14T10:57:00.938+0530] {logging_mixin.py:188} INFO - [2025-11-14T10:57:00.938+0530] {dagbag.py:545} INFO - Filling up the DagBag from /home/logi/txtai/venv/lib/python3.10/site-packages/airflow/example_dags/example_params_trigger_ui.py
[2025-11-14T10:57:00.960+0530] {processor.py:840} INFO - DAG(s) 'example_params_trigger_ui' retrieved from /home/logi/txtai/venv/lib/python3.10/site-packages/airflow/example_dags/example_params_trigger_ui.py
[2025-11-14T10:57:01.046+0530] {logging_mixin.py:188} INFO - [2025-11-14T10:57:01.045+0530] {dag.py:3089} INFO - Sync 1 DAGs
[2025-11-14T10:57:01.072+0530] {logging_mixin.py:188} INFO - [2025-11-14T10:57:01.071+0530] {dag.py:3947} INFO - Setting next_dagrun for example_params_trigger_ui to None, run_after=None
[2025-11-14T10:57:01.110+0530] {processor.py:183} INFO - Processing /home/logi/txtai/venv/lib/python3.10/site-packages/airflow/example_dags/example_params_trigger_ui.py took 0.181 seconds
[2025-11-14T10:57:32.204+0530] {processor.py:161} INFO - Started process (PID=10127) to work on /home/logi/txtai/venv/lib/python3.10/site-packages/airflow/example_dags/example_params_trigger_ui.py
[2025-11-14T10:57:32.206+0530] {processor.py:830} INFO - Processing file /home/logi/txtai/venv/lib/python3.10/site-packages/airflow/example_dags/example_params_trigger_ui.py for tasks to queue
[2025-11-14T10:57:32.209+0530] {logging_mixin.py:188} INFO - [2025-11-14T10:57:32.208+0530] {dagbag.py:545} INFO - Filling up the DagBag from /home/logi/txtai/venv/lib/python3.10/site-packages/airflow/example_dags/example_params_trigger_ui.py
[2025-11-14T10:57:32.225+0530] {processor.py:840} INFO - DAG(s) 'example_params_trigger_ui' retrieved from /home/logi/txtai/venv/lib/python3.10/site-packages/airflow/example_dags/example_params_trigger_ui.py
[2025-11-14T10:57:32.294+0530] {logging_mixin.py:188} INFO - [2025-11-14T10:57:32.294+0530] {dag.py:3089} INFO - Sync 1 DAGs
[2025-11-14T10:57:32.305+0530] {logging_mixin.py:188} INFO - [2025-11-14T10:57:32.305+0530] {dag.py:3947} INFO - Setting next_dagrun for example_params_trigger_ui to None, run_after=None
[2025-11-14T10:57:32.331+0530] {processor.py:183} INFO - Processing /home/logi/txtai/venv/lib/python3.10/site-packages/airflow/example_dags/example_params_trigger_ui.py took 0.144 seconds
[2025-11-14T10:58:02.500+0530] {processor.py:161} INFO - Started process (PID=10256) to work on /home/logi/txtai/venv/lib/python3.10/site-packages/airflow/example_dags/example_params_trigger_ui.py
[2025-11-14T10:58:02.501+0530] {processor.py:830} INFO - Processing file /home/logi/txtai/venv/lib/python3.10/site-packages/airflow/example_dags/example_params_trigger_ui.py for tasks to queue
[2025-11-14T10:58:02.504+0530] {logging_mixin.py:188} INFO - [2025-11-14T10:58:02.504+0530] {dagbag.py:545} INFO - Filling up the DagBag from /home/logi/txtai/venv/lib/python3.10/site-packages/airflow/example_dags/example_params_trigger_ui.py
[2025-11-14T10:58:02.523+0530] {processor.py:840} INFO - DAG(s) 'example_params_trigger_ui' retrieved from /home/logi/txtai/venv/lib/python3.10/site-packages/airflow/example_dags/example_params_trigger_ui.py
[2025-11-14T10:58:02.637+0530] {logging_mixin.py:188} INFO - [2025-11-14T10:58:02.637+0530] {dag.py:3089} INFO - Sync 1 DAGs
[2025-11-14T10:58:02.650+0530] {logging_mixin.py:188} INFO - [2025-11-14T10:58:02.650+0530] {dag.py:3947} INFO - Setting next_dagrun for example_params_trigger_ui to None, run_after=None
[2025-11-14T10:58:02.688+0530] {processor.py:183} INFO - Processing /home/logi/txtai/venv/lib/python3.10/site-packages/airflow/example_dags/example_params_trigger_ui.py took 0.199 seconds
[2025-11-14T10:58:33.010+0530] {processor.py:161} INFO - Started process (PID=10386) to work on /home/logi/txtai/venv/lib/python3.10/site-packages/airflow/example_dags/example_params_trigger_ui.py
[2025-11-14T10:58:33.012+0530] {processor.py:830} INFO - Processing file /home/logi/txtai/venv/lib/python3.10/site-packages/airflow/example_dags/example_params_trigger_ui.py for tasks to queue
[2025-11-14T10:58:33.015+0530] {logging_mixin.py:188} INFO - [2025-11-14T10:58:33.015+0530] {dagbag.py:545} INFO - Filling up the DagBag from /home/logi/txtai/venv/lib/python3.10/site-packages/airflow/example_dags/example_params_trigger_ui.py
[2025-11-14T10:58:33.029+0530] {processor.py:840} INFO - DAG(s) 'example_params_trigger_ui' retrieved from /home/logi/txtai/venv/lib/python3.10/site-packages/airflow/example_dags/example_params_trigger_ui.py
[2025-11-14T10:58:33.130+0530] {logging_mixin.py:188} INFO - [2025-11-14T10:58:33.129+0530] {dag.py:3089} INFO - Sync 1 DAGs
[2025-11-14T10:58:33.143+0530] {logging_mixin.py:188} INFO - [2025-11-14T10:58:33.143+0530] {dag.py:3947} INFO - Setting next_dagrun for example_params_trigger_ui to None, run_after=None
[2025-11-14T10:58:33.182+0530] {processor.py:183} INFO - Processing /home/logi/txtai/venv/lib/python3.10/site-packages/airflow/example_dags/example_params_trigger_ui.py took 0.187 seconds
[2025-11-14T10:59:03.666+0530] {processor.py:161} INFO - Started process (PID=10545) to work on /home/logi/txtai/venv/lib/python3.10/site-packages/airflow/example_dags/example_params_trigger_ui.py
[2025-11-14T10:59:03.668+0530] {processor.py:830} INFO - Processing file /home/logi/txtai/venv/lib/python3.10/site-packages/airflow/example_dags/example_params_trigger_ui.py for tasks to queue
[2025-11-14T10:59:03.673+0530] {logging_mixin.py:188} INFO - [2025-11-14T10:59:03.671+0530] {dagbag.py:545} INFO - Filling up the DagBag from /home/logi/txtai/venv/lib/python3.10/site-packages/airflow/example_dags/example_params_trigger_ui.py
[2025-11-14T10:59:03.683+0530] {processor.py:840} INFO - DAG(s) 'example_params_trigger_ui' retrieved from /home/logi/txtai/venv/lib/python3.10/site-packages/airflow/example_dags/example_params_trigger_ui.py
[2025-11-14T10:59:03.745+0530] {logging_mixin.py:188} INFO - [2025-11-14T10:59:03.745+0530] {dag.py:3089} INFO - Sync 1 DAGs
[2025-11-14T10:59:03.762+0530] {logging_mixin.py:188} INFO - [2025-11-14T10:59:03.762+0530] {dag.py:3947} INFO - Setting next_dagrun for example_params_trigger_ui to None, run_after=None
[2025-11-14T10:59:03.800+0530] {processor.py:183} INFO - Processing /home/logi/txtai/venv/lib/python3.10/site-packages/airflow/example_dags/example_params_trigger_ui.py took 0.142 seconds
[2025-11-14T10:59:34.704+0530] {processor.py:161} INFO - Started process (PID=10673) to work on /home/logi/txtai/venv/lib/python3.10/site-packages/airflow/example_dags/example_params_trigger_ui.py
[2025-11-14T10:59:34.705+0530] {processor.py:830} INFO - Processing file /home/logi/txtai/venv/lib/python3.10/site-packages/airflow/example_dags/example_params_trigger_ui.py for tasks to queue
[2025-11-14T10:59:34.707+0530] {logging_mixin.py:188} INFO - [2025-11-14T10:59:34.706+0530] {dagbag.py:545} INFO - Filling up the DagBag from /home/logi/txtai/venv/lib/python3.10/site-packages/airflow/example_dags/example_params_trigger_ui.py
[2025-11-14T10:59:34.715+0530] {processor.py:840} INFO - DAG(s) 'example_params_trigger_ui' retrieved from /home/logi/txtai/venv/lib/python3.10/site-packages/airflow/example_dags/example_params_trigger_ui.py
[2025-11-14T10:59:34.777+0530] {logging_mixin.py:188} INFO - [2025-11-14T10:59:34.777+0530] {dag.py:3089} INFO - Sync 1 DAGs
[2025-11-14T10:59:34.789+0530] {logging_mixin.py:188} INFO - [2025-11-14T10:59:34.788+0530] {dag.py:3947} INFO - Setting next_dagrun for example_params_trigger_ui to None, run_after=None
[2025-11-14T10:59:34.817+0530] {processor.py:183} INFO - Processing /home/logi/txtai/venv/lib/python3.10/site-packages/airflow/example_dags/example_params_trigger_ui.py took 0.124 seconds
[2025-11-14T11:00:04.889+0530] {processor.py:161} INFO - Started process (PID=10791) to work on /home/logi/txtai/venv/lib/python3.10/site-packages/airflow/example_dags/example_params_trigger_ui.py
[2025-11-14T11:00:04.891+0530] {processor.py:830} INFO - Processing file /home/logi/txtai/venv/lib/python3.10/site-packages/airflow/example_dags/example_params_trigger_ui.py for tasks to queue
[2025-11-14T11:00:04.893+0530] {logging_mixin.py:188} INFO - [2025-11-14T11:00:04.893+0530] {dagbag.py:545} INFO - Filling up the DagBag from /home/logi/txtai/venv/lib/python3.10/site-packages/airflow/example_dags/example_params_trigger_ui.py
[2025-11-14T11:00:04.909+0530] {processor.py:840} INFO - DAG(s) 'example_params_trigger_ui' retrieved from /home/logi/txtai/venv/lib/python3.10/site-packages/airflow/example_dags/example_params_trigger_ui.py
[2025-11-14T11:00:04.974+0530] {logging_mixin.py:188} INFO - [2025-11-14T11:00:04.973+0530] {dag.py:3089} INFO - Sync 1 DAGs
[2025-11-14T11:00:04.988+0530] {logging_mixin.py:188} INFO - [2025-11-14T11:00:04.988+0530] {dag.py:3947} INFO - Setting next_dagrun for example_params_trigger_ui to None, run_after=None
[2025-11-14T11:00:05.008+0530] {processor.py:183} INFO - Processing /home/logi/txtai/venv/lib/python3.10/site-packages/airflow/example_dags/example_params_trigger_ui.py took 0.132 seconds
[2025-11-14T11:00:35.231+0530] {processor.py:161} INFO - Started process (PID=10921) to work on /home/logi/txtai/venv/lib/python3.10/site-packages/airflow/example_dags/example_params_trigger_ui.py
[2025-11-14T11:00:35.232+0530] {processor.py:830} INFO - Processing file /home/logi/txtai/venv/lib/python3.10/site-packages/airflow/example_dags/example_params_trigger_ui.py for tasks to queue
[2025-11-14T11:00:35.234+0530] {logging_mixin.py:188} INFO - [2025-11-14T11:00:35.233+0530] {dagbag.py:545} INFO - Filling up the DagBag from /home/logi/txtai/venv/lib/python3.10/site-packages/airflow/example_dags/example_params_trigger_ui.py
[2025-11-14T11:00:35.242+0530] {processor.py:840} INFO - DAG(s) 'example_params_trigger_ui' retrieved from /home/logi/txtai/venv/lib/python3.10/site-packages/airflow/example_dags/example_params_trigger_ui.py
[2025-11-14T11:00:35.298+0530] {logging_mixin.py:188} INFO - [2025-11-14T11:00:35.298+0530] {dag.py:3089} INFO - Sync 1 DAGs
[2025-11-14T11:00:35.309+0530] {logging_mixin.py:188} INFO - [2025-11-14T11:00:35.309+0530] {dag.py:3947} INFO - Setting next_dagrun for example_params_trigger_ui to None, run_after=None
[2025-11-14T11:00:35.334+0530] {processor.py:183} INFO - Processing /home/logi/txtai/venv/lib/python3.10/site-packages/airflow/example_dags/example_params_trigger_ui.py took 0.111 seconds
[2025-11-14T11:01:05.585+0530] {processor.py:161} INFO - Started process (PID=11050) to work on /home/logi/txtai/venv/lib/python3.10/site-packages/airflow/example_dags/example_params_trigger_ui.py
[2025-11-14T11:01:05.586+0530] {processor.py:830} INFO - Processing file /home/logi/txtai/venv/lib/python3.10/site-packages/airflow/example_dags/example_params_trigger_ui.py for tasks to queue
[2025-11-14T11:01:05.588+0530] {logging_mixin.py:188} INFO - [2025-11-14T11:01:05.588+0530] {dagbag.py:545} INFO - Filling up the DagBag from /home/logi/txtai/venv/lib/python3.10/site-packages/airflow/example_dags/example_params_trigger_ui.py
[2025-11-14T11:01:05.596+0530] {processor.py:840} INFO - DAG(s) 'example_params_trigger_ui' retrieved from /home/logi/txtai/venv/lib/python3.10/site-packages/airflow/example_dags/example_params_trigger_ui.py
[2025-11-14T11:01:05.654+0530] {logging_mixin.py:188} INFO - [2025-11-14T11:01:05.654+0530] {dag.py:3089} INFO - Sync 1 DAGs
[2025-11-14T11:01:05.666+0530] {logging_mixin.py:188} INFO - [2025-11-14T11:01:05.666+0530] {dag.py:3947} INFO - Setting next_dagrun for example_params_trigger_ui to None, run_after=None
[2025-11-14T11:01:05.691+0530] {processor.py:183} INFO - Processing /home/logi/txtai/venv/lib/python3.10/site-packages/airflow/example_dags/example_params_trigger_ui.py took 0.112 seconds
[2025-11-14T11:01:35.783+0530] {processor.py:161} INFO - Started process (PID=11181) to work on /home/logi/txtai/venv/lib/python3.10/site-packages/airflow/example_dags/example_params_trigger_ui.py
[2025-11-14T11:01:35.784+0530] {processor.py:830} INFO - Processing file /home/logi/txtai/venv/lib/python3.10/site-packages/airflow/example_dags/example_params_trigger_ui.py for tasks to queue
[2025-11-14T11:01:35.786+0530] {logging_mixin.py:188} INFO - [2025-11-14T11:01:35.786+0530] {dagbag.py:545} INFO - Filling up the DagBag from /home/logi/txtai/venv/lib/python3.10/site-packages/airflow/example_dags/example_params_trigger_ui.py
[2025-11-14T11:01:35.795+0530] {processor.py:840} INFO - DAG(s) 'example_params_trigger_ui' retrieved from /home/logi/txtai/venv/lib/python3.10/site-packages/airflow/example_dags/example_params_trigger_ui.py
[2025-11-14T11:01:35.846+0530] {logging_mixin.py:188} INFO - [2025-11-14T11:01:35.846+0530] {dag.py:3089} INFO - Sync 1 DAGs
[2025-11-14T11:01:35.857+0530] {logging_mixin.py:188} INFO - [2025-11-14T11:01:35.857+0530] {dag.py:3947} INFO - Setting next_dagrun for example_params_trigger_ui to None, run_after=None
[2025-11-14T11:01:35.876+0530] {processor.py:183} INFO - Processing /home/logi/txtai/venv/lib/python3.10/site-packages/airflow/example_dags/example_params_trigger_ui.py took 0.099 seconds
[2025-11-14T11:02:06.189+0530] {processor.py:161} INFO - Started process (PID=11309) to work on /home/logi/txtai/venv/lib/python3.10/site-packages/airflow/example_dags/example_params_trigger_ui.py
[2025-11-14T11:02:06.190+0530] {processor.py:830} INFO - Processing file /home/logi/txtai/venv/lib/python3.10/site-packages/airflow/example_dags/example_params_trigger_ui.py for tasks to queue
[2025-11-14T11:02:06.191+0530] {logging_mixin.py:188} INFO - [2025-11-14T11:02:06.191+0530] {dagbag.py:545} INFO - Filling up the DagBag from /home/logi/txtai/venv/lib/python3.10/site-packages/airflow/example_dags/example_params_trigger_ui.py
[2025-11-14T11:02:06.199+0530] {processor.py:840} INFO - DAG(s) 'example_params_trigger_ui' retrieved from /home/logi/txtai/venv/lib/python3.10/site-packages/airflow/example_dags/example_params_trigger_ui.py
[2025-11-14T11:02:06.250+0530] {logging_mixin.py:188} INFO - [2025-11-14T11:02:06.249+0530] {dag.py:3089} INFO - Sync 1 DAGs
[2025-11-14T11:02:06.262+0530] {logging_mixin.py:188} INFO - [2025-11-14T11:02:06.262+0530] {dag.py:3947} INFO - Setting next_dagrun for example_params_trigger_ui to None, run_after=None
[2025-11-14T11:02:06.282+0530] {processor.py:183} INFO - Processing /home/logi/txtai/venv/lib/python3.10/site-packages/airflow/example_dags/example_params_trigger_ui.py took 0.099 seconds
[2025-11-14T11:02:36.910+0530] {processor.py:161} INFO - Started process (PID=11531) to work on /home/logi/txtai/venv/lib/python3.10/site-packages/airflow/example_dags/example_params_trigger_ui.py
[2025-11-14T11:02:36.913+0530] {processor.py:830} INFO - Processing file /home/logi/txtai/venv/lib/python3.10/site-packages/airflow/example_dags/example_params_trigger_ui.py for tasks to queue
[2025-11-14T11:02:36.915+0530] {logging_mixin.py:188} INFO - [2025-11-14T11:02:36.915+0530] {dagbag.py:545} INFO - Filling up the DagBag from /home/logi/txtai/venv/lib/python3.10/site-packages/airflow/example_dags/example_params_trigger_ui.py
[2025-11-14T11:02:36.929+0530] {processor.py:840} INFO - DAG(s) 'example_params_trigger_ui' retrieved from /home/logi/txtai/venv/lib/python3.10/site-packages/airflow/example_dags/example_params_trigger_ui.py
[2025-11-14T11:02:37.029+0530] {logging_mixin.py:188} INFO - [2025-11-14T11:02:37.029+0530] {dag.py:3089} INFO - Sync 1 DAGs
[2025-11-14T11:02:37.047+0530] {logging_mixin.py:188} INFO - [2025-11-14T11:02:37.047+0530] {dag.py:3947} INFO - Setting next_dagrun for example_params_trigger_ui to None, run_after=None
[2025-11-14T11:02:37.091+0530] {processor.py:183} INFO - Processing /home/logi/txtai/venv/lib/python3.10/site-packages/airflow/example_dags/example_params_trigger_ui.py took 0.192 seconds
[2025-11-14T11:03:07.787+0530] {processor.py:161} INFO - Started process (PID=11795) to work on /home/logi/txtai/venv/lib/python3.10/site-packages/airflow/example_dags/example_params_trigger_ui.py
[2025-11-14T11:03:07.790+0530] {processor.py:830} INFO - Processing file /home/logi/txtai/venv/lib/python3.10/site-packages/airflow/example_dags/example_params_trigger_ui.py for tasks to queue
[2025-11-14T11:03:07.793+0530] {logging_mixin.py:188} INFO - [2025-11-14T11:03:07.792+0530] {dagbag.py:545} INFO - Filling up the DagBag from /home/logi/txtai/venv/lib/python3.10/site-packages/airflow/example_dags/example_params_trigger_ui.py
[2025-11-14T11:03:07.808+0530] {processor.py:840} INFO - DAG(s) 'example_params_trigger_ui' retrieved from /home/logi/txtai/venv/lib/python3.10/site-packages/airflow/example_dags/example_params_trigger_ui.py
[2025-11-14T11:03:07.914+0530] {logging_mixin.py:188} INFO - [2025-11-14T11:03:07.914+0530] {dag.py:3089} INFO - Sync 1 DAGs
[2025-11-14T11:03:07.928+0530] {logging_mixin.py:188} INFO - [2025-11-14T11:03:07.928+0530] {dag.py:3947} INFO - Setting next_dagrun for example_params_trigger_ui to None, run_after=None
[2025-11-14T11:03:07.966+0530] {processor.py:183} INFO - Processing /home/logi/txtai/venv/lib/python3.10/site-packages/airflow/example_dags/example_params_trigger_ui.py took 0.190 seconds
[2025-11-14T11:03:38.038+0530] {processor.py:161} INFO - Started process (PID=12620) to work on /home/logi/txtai/venv/lib/python3.10/site-packages/airflow/example_dags/example_params_trigger_ui.py
[2025-11-14T11:03:38.040+0530] {processor.py:830} INFO - Processing file /home/logi/txtai/venv/lib/python3.10/site-packages/airflow/example_dags/example_params_trigger_ui.py for tasks to queue
[2025-11-14T11:03:38.043+0530] {logging_mixin.py:188} INFO - [2025-11-14T11:03:38.042+0530] {dagbag.py:545} INFO - Filling up the DagBag from /home/logi/txtai/venv/lib/python3.10/site-packages/airflow/example_dags/example_params_trigger_ui.py
[2025-11-14T11:03:38.058+0530] {processor.py:840} INFO - DAG(s) 'example_params_trigger_ui' retrieved from /home/logi/txtai/venv/lib/python3.10/site-packages/airflow/example_dags/example_params_trigger_ui.py
[2025-11-14T11:03:38.152+0530] {logging_mixin.py:188} INFO - [2025-11-14T11:03:38.152+0530] {dag.py:3089} INFO - Sync 1 DAGs
[2025-11-14T11:03:38.166+0530] {logging_mixin.py:188} INFO - [2025-11-14T11:03:38.166+0530] {dag.py:3947} INFO - Setting next_dagrun for example_params_trigger_ui to None, run_after=None
[2025-11-14T11:03:38.211+0530] {processor.py:183} INFO - Processing /home/logi/txtai/venv/lib/python3.10/site-packages/airflow/example_dags/example_params_trigger_ui.py took 0.185 seconds
[2025-11-14T11:04:08.493+0530] {processor.py:161} INFO - Started process (PID=12750) to work on /home/logi/txtai/venv/lib/python3.10/site-packages/airflow/example_dags/example_params_trigger_ui.py
[2025-11-14T11:04:08.495+0530] {processor.py:830} INFO - Processing file /home/logi/txtai/venv/lib/python3.10/site-packages/airflow/example_dags/example_params_trigger_ui.py for tasks to queue
[2025-11-14T11:04:08.498+0530] {logging_mixin.py:188} INFO - [2025-11-14T11:04:08.498+0530] {dagbag.py:545} INFO - Filling up the DagBag from /home/logi/txtai/venv/lib/python3.10/site-packages/airflow/example_dags/example_params_trigger_ui.py
[2025-11-14T11:04:08.515+0530] {processor.py:840} INFO - DAG(s) 'example_params_trigger_ui' retrieved from /home/logi/txtai/venv/lib/python3.10/site-packages/airflow/example_dags/example_params_trigger_ui.py
[2025-11-14T11:04:08.612+0530] {logging_mixin.py:188} INFO - [2025-11-14T11:04:08.611+0530] {dag.py:3089} INFO - Sync 1 DAGs
[2025-11-14T11:04:08.626+0530] {logging_mixin.py:188} INFO - [2025-11-14T11:04:08.625+0530] {dag.py:3947} INFO - Setting next_dagrun for example_params_trigger_ui to None, run_after=None
[2025-11-14T11:04:08.662+0530] {processor.py:183} INFO - Processing /home/logi/txtai/venv/lib/python3.10/site-packages/airflow/example_dags/example_params_trigger_ui.py took 0.181 seconds
[2025-11-14T11:04:38.772+0530] {processor.py:161} INFO - Started process (PID=12883) to work on /home/logi/txtai/venv/lib/python3.10/site-packages/airflow/example_dags/example_params_trigger_ui.py
[2025-11-14T11:04:38.774+0530] {processor.py:830} INFO - Processing file /home/logi/txtai/venv/lib/python3.10/site-packages/airflow/example_dags/example_params_trigger_ui.py for tasks to queue
[2025-11-14T11:04:38.776+0530] {logging_mixin.py:188} INFO - [2025-11-14T11:04:38.776+0530] {dagbag.py:545} INFO - Filling up the DagBag from /home/logi/txtai/venv/lib/python3.10/site-packages/airflow/example_dags/example_params_trigger_ui.py
[2025-11-14T11:04:38.791+0530] {processor.py:840} INFO - DAG(s) 'example_params_trigger_ui' retrieved from /home/logi/txtai/venv/lib/python3.10/site-packages/airflow/example_dags/example_params_trigger_ui.py
[2025-11-14T11:04:38.877+0530] {logging_mixin.py:188} INFO - [2025-11-14T11:04:38.877+0530] {dag.py:3089} INFO - Sync 1 DAGs
[2025-11-14T11:04:38.891+0530] {logging_mixin.py:188} INFO - [2025-11-14T11:04:38.891+0530] {dag.py:3947} INFO - Setting next_dagrun for example_params_trigger_ui to None, run_after=None
[2025-11-14T11:04:38.940+0530] {processor.py:183} INFO - Processing /home/logi/txtai/venv/lib/python3.10/site-packages/airflow/example_dags/example_params_trigger_ui.py took 0.176 seconds
[2025-11-14T11:05:09.114+0530] {processor.py:161} INFO - Started process (PID=13032) to work on /home/logi/txtai/venv/lib/python3.10/site-packages/airflow/example_dags/example_params_trigger_ui.py
[2025-11-14T11:05:09.116+0530] {processor.py:830} INFO - Processing file /home/logi/txtai/venv/lib/python3.10/site-packages/airflow/example_dags/example_params_trigger_ui.py for tasks to queue
[2025-11-14T11:05:09.119+0530] {logging_mixin.py:188} INFO - [2025-11-14T11:05:09.118+0530] {dagbag.py:545} INFO - Filling up the DagBag from /home/logi/txtai/venv/lib/python3.10/site-packages/airflow/example_dags/example_params_trigger_ui.py
[2025-11-14T11:05:09.134+0530] {processor.py:840} INFO - DAG(s) 'example_params_trigger_ui' retrieved from /home/logi/txtai/venv/lib/python3.10/site-packages/airflow/example_dags/example_params_trigger_ui.py
[2025-11-14T11:05:09.220+0530] {logging_mixin.py:188} INFO - [2025-11-14T11:05:09.219+0530] {dag.py:3089} INFO - Sync 1 DAGs
[2025-11-14T11:05:09.233+0530] {logging_mixin.py:188} INFO - [2025-11-14T11:05:09.233+0530] {dag.py:3947} INFO - Setting next_dagrun for example_params_trigger_ui to None, run_after=None
[2025-11-14T11:05:09.280+0530] {processor.py:183} INFO - Processing /home/logi/txtai/venv/lib/python3.10/site-packages/airflow/example_dags/example_params_trigger_ui.py took 0.182 seconds
[2025-11-14T11:05:39.872+0530] {processor.py:161} INFO - Started process (PID=13161) to work on /home/logi/txtai/venv/lib/python3.10/site-packages/airflow/example_dags/example_params_trigger_ui.py
[2025-11-14T11:05:39.875+0530] {processor.py:830} INFO - Processing file /home/logi/txtai/venv/lib/python3.10/site-packages/airflow/example_dags/example_params_trigger_ui.py for tasks to queue
[2025-11-14T11:05:39.878+0530] {logging_mixin.py:188} INFO - [2025-11-14T11:05:39.877+0530] {dagbag.py:545} INFO - Filling up the DagBag from /home/logi/txtai/venv/lib/python3.10/site-packages/airflow/example_dags/example_params_trigger_ui.py
[2025-11-14T11:05:39.896+0530] {processor.py:840} INFO - DAG(s) 'example_params_trigger_ui' retrieved from /home/logi/txtai/venv/lib/python3.10/site-packages/airflow/example_dags/example_params_trigger_ui.py
[2025-11-14T11:05:40.005+0530] {logging_mixin.py:188} INFO - [2025-11-14T11:05:40.005+0530] {dag.py:3089} INFO - Sync 1 DAGs
[2025-11-14T11:05:40.019+0530] {logging_mixin.py:188} INFO - [2025-11-14T11:05:40.019+0530] {dag.py:3947} INFO - Setting next_dagrun for example_params_trigger_ui to None, run_after=None
[2025-11-14T11:05:40.057+0530] {processor.py:183} INFO - Processing /home/logi/txtai/venv/lib/python3.10/site-packages/airflow/example_dags/example_params_trigger_ui.py took 0.198 seconds
[2025-11-14T11:06:10.554+0530] {processor.py:161} INFO - Started process (PID=13290) to work on /home/logi/txtai/venv/lib/python3.10/site-packages/airflow/example_dags/example_params_trigger_ui.py
[2025-11-14T11:06:10.556+0530] {processor.py:830} INFO - Processing file /home/logi/txtai/venv/lib/python3.10/site-packages/airflow/example_dags/example_params_trigger_ui.py for tasks to queue
[2025-11-14T11:06:10.557+0530] {logging_mixin.py:188} INFO - [2025-11-14T11:06:10.557+0530] {dagbag.py:545} INFO - Filling up the DagBag from /home/logi/txtai/venv/lib/python3.10/site-packages/airflow/example_dags/example_params_trigger_ui.py
[2025-11-14T11:06:10.566+0530] {processor.py:840} INFO - DAG(s) 'example_params_trigger_ui' retrieved from /home/logi/txtai/venv/lib/python3.10/site-packages/airflow/example_dags/example_params_trigger_ui.py
[2025-11-14T11:06:10.624+0530] {logging_mixin.py:188} INFO - [2025-11-14T11:06:10.624+0530] {dag.py:3089} INFO - Sync 1 DAGs
[2025-11-14T11:06:10.637+0530] {logging_mixin.py:188} INFO - [2025-11-14T11:06:10.637+0530] {dag.py:3947} INFO - Setting next_dagrun for example_params_trigger_ui to None, run_after=None
[2025-11-14T11:06:10.660+0530] {processor.py:183} INFO - Processing /home/logi/txtai/venv/lib/python3.10/site-packages/airflow/example_dags/example_params_trigger_ui.py took 0.114 seconds
[2025-11-14T11:06:40.926+0530] {processor.py:161} INFO - Started process (PID=13421) to work on /home/logi/txtai/venv/lib/python3.10/site-packages/airflow/example_dags/example_params_trigger_ui.py
[2025-11-14T11:06:40.927+0530] {processor.py:830} INFO - Processing file /home/logi/txtai/venv/lib/python3.10/site-packages/airflow/example_dags/example_params_trigger_ui.py for tasks to queue
[2025-11-14T11:06:40.930+0530] {logging_mixin.py:188} INFO - [2025-11-14T11:06:40.930+0530] {dagbag.py:545} INFO - Filling up the DagBag from /home/logi/txtai/venv/lib/python3.10/site-packages/airflow/example_dags/example_params_trigger_ui.py
[2025-11-14T11:06:40.944+0530] {processor.py:840} INFO - DAG(s) 'example_params_trigger_ui' retrieved from /home/logi/txtai/venv/lib/python3.10/site-packages/airflow/example_dags/example_params_trigger_ui.py
[2025-11-14T11:06:41.029+0530] {logging_mixin.py:188} INFO - [2025-11-14T11:06:41.029+0530] {dag.py:3089} INFO - Sync 1 DAGs
[2025-11-14T11:06:41.041+0530] {logging_mixin.py:188} INFO - [2025-11-14T11:06:41.041+0530] {dag.py:3947} INFO - Setting next_dagrun for example_params_trigger_ui to None, run_after=None
[2025-11-14T11:06:41.061+0530] {processor.py:183} INFO - Processing /home/logi/txtai/venv/lib/python3.10/site-packages/airflow/example_dags/example_params_trigger_ui.py took 0.146 seconds
[2025-11-14T11:07:11.397+0530] {processor.py:161} INFO - Started process (PID=13604) to work on /home/logi/txtai/venv/lib/python3.10/site-packages/airflow/example_dags/example_params_trigger_ui.py
[2025-11-14T11:07:11.405+0530] {processor.py:830} INFO - Processing file /home/logi/txtai/venv/lib/python3.10/site-packages/airflow/example_dags/example_params_trigger_ui.py for tasks to queue
[2025-11-14T11:07:11.408+0530] {logging_mixin.py:188} INFO - [2025-11-14T11:07:11.407+0530] {dagbag.py:545} INFO - Filling up the DagBag from /home/logi/txtai/venv/lib/python3.10/site-packages/airflow/example_dags/example_params_trigger_ui.py
[2025-11-14T11:07:11.422+0530] {processor.py:840} INFO - DAG(s) 'example_params_trigger_ui' retrieved from /home/logi/txtai/venv/lib/python3.10/site-packages/airflow/example_dags/example_params_trigger_ui.py
[2025-11-14T11:07:11.523+0530] {logging_mixin.py:188} INFO - [2025-11-14T11:07:11.522+0530] {dag.py:3089} INFO - Sync 1 DAGs
[2025-11-14T11:07:11.543+0530] {logging_mixin.py:188} INFO - [2025-11-14T11:07:11.543+0530] {dag.py:3947} INFO - Setting next_dagrun for example_params_trigger_ui to None, run_after=None
[2025-11-14T11:07:11.641+0530] {processor.py:183} INFO - Processing /home/logi/txtai/venv/lib/python3.10/site-packages/airflow/example_dags/example_params_trigger_ui.py took 0.254 seconds
[2025-11-14T11:07:42.273+0530] {processor.py:161} INFO - Started process (PID=13829) to work on /home/logi/txtai/venv/lib/python3.10/site-packages/airflow/example_dags/example_params_trigger_ui.py
[2025-11-14T11:07:42.275+0530] {processor.py:830} INFO - Processing file /home/logi/txtai/venv/lib/python3.10/site-packages/airflow/example_dags/example_params_trigger_ui.py for tasks to queue
[2025-11-14T11:07:42.281+0530] {logging_mixin.py:188} INFO - [2025-11-14T11:07:42.280+0530] {dagbag.py:545} INFO - Filling up the DagBag from /home/logi/txtai/venv/lib/python3.10/site-packages/airflow/example_dags/example_params_trigger_ui.py
[2025-11-14T11:07:42.297+0530] {processor.py:840} INFO - DAG(s) 'example_params_trigger_ui' retrieved from /home/logi/txtai/venv/lib/python3.10/site-packages/airflow/example_dags/example_params_trigger_ui.py
[2025-11-14T11:07:42.399+0530] {logging_mixin.py:188} INFO - [2025-11-14T11:07:42.399+0530] {dag.py:3089} INFO - Sync 1 DAGs
[2025-11-14T11:07:42.414+0530] {logging_mixin.py:188} INFO - [2025-11-14T11:07:42.413+0530] {dag.py:3947} INFO - Setting next_dagrun for example_params_trigger_ui to None, run_after=None
[2025-11-14T11:07:42.457+0530] {processor.py:183} INFO - Processing /home/logi/txtai/venv/lib/python3.10/site-packages/airflow/example_dags/example_params_trigger_ui.py took 0.198 seconds
[2025-11-14T11:08:13.225+0530] {processor.py:161} INFO - Started process (PID=14336) to work on /home/logi/txtai/venv/lib/python3.10/site-packages/airflow/example_dags/example_params_trigger_ui.py
[2025-11-14T11:08:13.227+0530] {processor.py:830} INFO - Processing file /home/logi/txtai/venv/lib/python3.10/site-packages/airflow/example_dags/example_params_trigger_ui.py for tasks to queue
[2025-11-14T11:08:13.232+0530] {logging_mixin.py:188} INFO - [2025-11-14T11:08:13.232+0530] {dagbag.py:545} INFO - Filling up the DagBag from /home/logi/txtai/venv/lib/python3.10/site-packages/airflow/example_dags/example_params_trigger_ui.py
[2025-11-14T11:08:13.252+0530] {processor.py:840} INFO - DAG(s) 'example_params_trigger_ui' retrieved from /home/logi/txtai/venv/lib/python3.10/site-packages/airflow/example_dags/example_params_trigger_ui.py
[2025-11-14T11:08:13.350+0530] {logging_mixin.py:188} INFO - [2025-11-14T11:08:13.349+0530] {dag.py:3089} INFO - Sync 1 DAGs
[2025-11-14T11:08:13.386+0530] {logging_mixin.py:188} INFO - [2025-11-14T11:08:13.385+0530] {dag.py:3947} INFO - Setting next_dagrun for example_params_trigger_ui to None, run_after=None
[2025-11-14T11:08:13.454+0530] {processor.py:183} INFO - Processing /home/logi/txtai/venv/lib/python3.10/site-packages/airflow/example_dags/example_params_trigger_ui.py took 0.247 seconds
[2025-11-14T11:08:44.495+0530] {processor.py:161} INFO - Started process (PID=14602) to work on /home/logi/txtai/venv/lib/python3.10/site-packages/airflow/example_dags/example_params_trigger_ui.py
[2025-11-14T11:08:44.510+0530] {processor.py:830} INFO - Processing file /home/logi/txtai/venv/lib/python3.10/site-packages/airflow/example_dags/example_params_trigger_ui.py for tasks to queue
[2025-11-14T11:08:44.513+0530] {logging_mixin.py:188} INFO - [2025-11-14T11:08:44.512+0530] {dagbag.py:545} INFO - Filling up the DagBag from /home/logi/txtai/venv/lib/python3.10/site-packages/airflow/example_dags/example_params_trigger_ui.py
[2025-11-14T11:08:44.530+0530] {processor.py:840} INFO - DAG(s) 'example_params_trigger_ui' retrieved from /home/logi/txtai/venv/lib/python3.10/site-packages/airflow/example_dags/example_params_trigger_ui.py
[2025-11-14T11:08:44.632+0530] {logging_mixin.py:188} INFO - [2025-11-14T11:08:44.631+0530] {dag.py:3089} INFO - Sync 1 DAGs
[2025-11-14T11:08:44.646+0530] {logging_mixin.py:188} INFO - [2025-11-14T11:08:44.645+0530] {dag.py:3947} INFO - Setting next_dagrun for example_params_trigger_ui to None, run_after=None
[2025-11-14T11:08:44.672+0530] {processor.py:183} INFO - Processing /home/logi/txtai/venv/lib/python3.10/site-packages/airflow/example_dags/example_params_trigger_ui.py took 0.193 seconds
[2025-11-14T11:09:15.347+0530] {processor.py:161} INFO - Started process (PID=14739) to work on /home/logi/txtai/venv/lib/python3.10/site-packages/airflow/example_dags/example_params_trigger_ui.py
[2025-11-14T11:09:15.360+0530] {processor.py:830} INFO - Processing file /home/logi/txtai/venv/lib/python3.10/site-packages/airflow/example_dags/example_params_trigger_ui.py for tasks to queue
[2025-11-14T11:09:15.363+0530] {logging_mixin.py:188} INFO - [2025-11-14T11:09:15.363+0530] {dagbag.py:545} INFO - Filling up the DagBag from /home/logi/txtai/venv/lib/python3.10/site-packages/airflow/example_dags/example_params_trigger_ui.py
[2025-11-14T11:09:15.379+0530] {processor.py:840} INFO - DAG(s) 'example_params_trigger_ui' retrieved from /home/logi/txtai/venv/lib/python3.10/site-packages/airflow/example_dags/example_params_trigger_ui.py
[2025-11-14T11:09:15.463+0530] {logging_mixin.py:188} INFO - [2025-11-14T11:09:15.462+0530] {dag.py:3089} INFO - Sync 1 DAGs
[2025-11-14T11:09:15.484+0530] {logging_mixin.py:188} INFO - [2025-11-14T11:09:15.483+0530] {dag.py:3947} INFO - Setting next_dagrun for example_params_trigger_ui to None, run_after=None
[2025-11-14T11:09:15.519+0530] {processor.py:183} INFO - Processing /home/logi/txtai/venv/lib/python3.10/site-packages/airflow/example_dags/example_params_trigger_ui.py took 0.184 seconds
[2025-11-14T11:09:45.717+0530] {processor.py:161} INFO - Started process (PID=14867) to work on /home/logi/txtai/venv/lib/python3.10/site-packages/airflow/example_dags/example_params_trigger_ui.py
[2025-11-14T11:09:45.731+0530] {processor.py:830} INFO - Processing file /home/logi/txtai/venv/lib/python3.10/site-packages/airflow/example_dags/example_params_trigger_ui.py for tasks to queue
[2025-11-14T11:09:45.734+0530] {logging_mixin.py:188} INFO - [2025-11-14T11:09:45.734+0530] {dagbag.py:545} INFO - Filling up the DagBag from /home/logi/txtai/venv/lib/python3.10/site-packages/airflow/example_dags/example_params_trigger_ui.py
[2025-11-14T11:09:45.750+0530] {processor.py:840} INFO - DAG(s) 'example_params_trigger_ui' retrieved from /home/logi/txtai/venv/lib/python3.10/site-packages/airflow/example_dags/example_params_trigger_ui.py
[2025-11-14T11:09:45.862+0530] {logging_mixin.py:188} INFO - [2025-11-14T11:09:45.861+0530] {dag.py:3089} INFO - Sync 1 DAGs
[2025-11-14T11:09:45.879+0530] {logging_mixin.py:188} INFO - [2025-11-14T11:09:45.878+0530] {dag.py:3947} INFO - Setting next_dagrun for example_params_trigger_ui to None, run_after=None
[2025-11-14T11:09:45.916+0530] {processor.py:183} INFO - Processing /home/logi/txtai/venv/lib/python3.10/site-packages/airflow/example_dags/example_params_trigger_ui.py took 0.211 seconds
[2025-11-14T11:10:16.037+0530] {processor.py:161} INFO - Started process (PID=15035) to work on /home/logi/txtai/venv/lib/python3.10/site-packages/airflow/example_dags/example_params_trigger_ui.py
[2025-11-14T11:10:16.055+0530] {processor.py:830} INFO - Processing file /home/logi/txtai/venv/lib/python3.10/site-packages/airflow/example_dags/example_params_trigger_ui.py for tasks to queue
[2025-11-14T11:10:16.064+0530] {logging_mixin.py:188} INFO - [2025-11-14T11:10:16.062+0530] {dagbag.py:545} INFO - Filling up the DagBag from /home/logi/txtai/venv/lib/python3.10/site-packages/airflow/example_dags/example_params_trigger_ui.py
[2025-11-14T11:10:16.095+0530] {processor.py:840} INFO - DAG(s) 'example_params_trigger_ui' retrieved from /home/logi/txtai/venv/lib/python3.10/site-packages/airflow/example_dags/example_params_trigger_ui.py
[2025-11-14T11:10:16.173+0530] {logging_mixin.py:188} INFO - [2025-11-14T11:10:16.173+0530] {dag.py:3089} INFO - Sync 1 DAGs
[2025-11-14T11:10:16.188+0530] {logging_mixin.py:188} INFO - [2025-11-14T11:10:16.188+0530] {dag.py:3947} INFO - Setting next_dagrun for example_params_trigger_ui to None, run_after=None
[2025-11-14T11:10:16.224+0530] {processor.py:183} INFO - Processing /home/logi/txtai/venv/lib/python3.10/site-packages/airflow/example_dags/example_params_trigger_ui.py took 0.218 seconds
[2025-11-14T11:10:46.866+0530] {processor.py:161} INFO - Started process (PID=15291) to work on /home/logi/txtai/venv/lib/python3.10/site-packages/airflow/example_dags/example_params_trigger_ui.py
[2025-11-14T11:10:46.880+0530] {processor.py:830} INFO - Processing file /home/logi/txtai/venv/lib/python3.10/site-packages/airflow/example_dags/example_params_trigger_ui.py for tasks to queue
[2025-11-14T11:10:46.883+0530] {logging_mixin.py:188} INFO - [2025-11-14T11:10:46.883+0530] {dagbag.py:545} INFO - Filling up the DagBag from /home/logi/txtai/venv/lib/python3.10/site-packages/airflow/example_dags/example_params_trigger_ui.py
[2025-11-14T11:10:46.900+0530] {processor.py:840} INFO - DAG(s) 'example_params_trigger_ui' retrieved from /home/logi/txtai/venv/lib/python3.10/site-packages/airflow/example_dags/example_params_trigger_ui.py
[2025-11-14T11:10:46.997+0530] {logging_mixin.py:188} INFO - [2025-11-14T11:10:46.996+0530] {dag.py:3089} INFO - Sync 1 DAGs
[2025-11-14T11:10:47.012+0530] {logging_mixin.py:188} INFO - [2025-11-14T11:10:47.011+0530] {dag.py:3947} INFO - Setting next_dagrun for example_params_trigger_ui to None, run_after=None
[2025-11-14T11:10:47.048+0530] {processor.py:183} INFO - Processing /home/logi/txtai/venv/lib/python3.10/site-packages/airflow/example_dags/example_params_trigger_ui.py took 0.194 seconds
[2025-11-14T11:11:17.310+0530] {processor.py:161} INFO - Started process (PID=15517) to work on /home/logi/txtai/venv/lib/python3.10/site-packages/airflow/example_dags/example_params_trigger_ui.py
[2025-11-14T11:11:17.313+0530] {processor.py:830} INFO - Processing file /home/logi/txtai/venv/lib/python3.10/site-packages/airflow/example_dags/example_params_trigger_ui.py for tasks to queue
[2025-11-14T11:11:17.317+0530] {logging_mixin.py:188} INFO - [2025-11-14T11:11:17.316+0530] {dagbag.py:545} INFO - Filling up the DagBag from /home/logi/txtai/venv/lib/python3.10/site-packages/airflow/example_dags/example_params_trigger_ui.py
[2025-11-14T11:11:17.341+0530] {processor.py:840} INFO - DAG(s) 'example_params_trigger_ui' retrieved from /home/logi/txtai/venv/lib/python3.10/site-packages/airflow/example_dags/example_params_trigger_ui.py
[2025-11-14T11:11:17.450+0530] {logging_mixin.py:188} INFO - [2025-11-14T11:11:17.449+0530] {dag.py:3089} INFO - Sync 1 DAGs
[2025-11-14T11:11:17.471+0530] {logging_mixin.py:188} INFO - [2025-11-14T11:11:17.470+0530] {dag.py:3947} INFO - Setting next_dagrun for example_params_trigger_ui to None, run_after=None
[2025-11-14T11:11:17.519+0530] {processor.py:183} INFO - Processing /home/logi/txtai/venv/lib/python3.10/site-packages/airflow/example_dags/example_params_trigger_ui.py took 0.228 seconds
[2025-11-14T11:11:47.628+0530] {processor.py:161} INFO - Started process (PID=15669) to work on /home/logi/txtai/venv/lib/python3.10/site-packages/airflow/example_dags/example_params_trigger_ui.py
[2025-11-14T11:11:47.641+0530] {processor.py:830} INFO - Processing file /home/logi/txtai/venv/lib/python3.10/site-packages/airflow/example_dags/example_params_trigger_ui.py for tasks to queue
[2025-11-14T11:11:47.645+0530] {logging_mixin.py:188} INFO - [2025-11-14T11:11:47.644+0530] {dagbag.py:545} INFO - Filling up the DagBag from /home/logi/txtai/venv/lib/python3.10/site-packages/airflow/example_dags/example_params_trigger_ui.py
[2025-11-14T11:11:47.661+0530] {processor.py:840} INFO - DAG(s) 'example_params_trigger_ui' retrieved from /home/logi/txtai/venv/lib/python3.10/site-packages/airflow/example_dags/example_params_trigger_ui.py
[2025-11-14T11:11:47.780+0530] {logging_mixin.py:188} INFO - [2025-11-14T11:11:47.780+0530] {dag.py:3089} INFO - Sync 1 DAGs
[2025-11-14T11:11:47.802+0530] {logging_mixin.py:188} INFO - [2025-11-14T11:11:47.801+0530] {dag.py:3947} INFO - Setting next_dagrun for example_params_trigger_ui to None, run_after=None
[2025-11-14T11:11:47.844+0530] {processor.py:183} INFO - Processing /home/logi/txtai/venv/lib/python3.10/site-packages/airflow/example_dags/example_params_trigger_ui.py took 0.230 seconds
[2025-11-14T11:12:17.904+0530] {processor.py:161} INFO - Started process (PID=15858) to work on /home/logi/txtai/venv/lib/python3.10/site-packages/airflow/example_dags/example_params_trigger_ui.py
[2025-11-14T11:12:17.917+0530] {processor.py:830} INFO - Processing file /home/logi/txtai/venv/lib/python3.10/site-packages/airflow/example_dags/example_params_trigger_ui.py for tasks to queue
[2025-11-14T11:12:17.920+0530] {logging_mixin.py:188} INFO - [2025-11-14T11:12:17.920+0530] {dagbag.py:545} INFO - Filling up the DagBag from /home/logi/txtai/venv/lib/python3.10/site-packages/airflow/example_dags/example_params_trigger_ui.py
[2025-11-14T11:12:17.934+0530] {processor.py:840} INFO - DAG(s) 'example_params_trigger_ui' retrieved from /home/logi/txtai/venv/lib/python3.10/site-packages/airflow/example_dags/example_params_trigger_ui.py
[2025-11-14T11:12:17.998+0530] {logging_mixin.py:188} INFO - [2025-11-14T11:12:17.997+0530] {dag.py:3089} INFO - Sync 1 DAGs
[2025-11-14T11:12:18.012+0530] {logging_mixin.py:188} INFO - [2025-11-14T11:12:18.012+0530] {dag.py:3947} INFO - Setting next_dagrun for example_params_trigger_ui to None, run_after=None
[2025-11-14T11:12:18.035+0530] {processor.py:183} INFO - Processing /home/logi/txtai/venv/lib/python3.10/site-packages/airflow/example_dags/example_params_trigger_ui.py took 0.142 seconds
[2025-11-14T11:12:48.479+0530] {processor.py:161} INFO - Started process (PID=16061) to work on /home/logi/txtai/venv/lib/python3.10/site-packages/airflow/example_dags/example_params_trigger_ui.py
[2025-11-14T11:12:48.492+0530] {processor.py:830} INFO - Processing file /home/logi/txtai/venv/lib/python3.10/site-packages/airflow/example_dags/example_params_trigger_ui.py for tasks to queue
[2025-11-14T11:12:48.495+0530] {logging_mixin.py:188} INFO - [2025-11-14T11:12:48.495+0530] {dagbag.py:545} INFO - Filling up the DagBag from /home/logi/txtai/venv/lib/python3.10/site-packages/airflow/example_dags/example_params_trigger_ui.py
[2025-11-14T11:12:48.511+0530] {processor.py:840} INFO - DAG(s) 'example_params_trigger_ui' retrieved from /home/logi/txtai/venv/lib/python3.10/site-packages/airflow/example_dags/example_params_trigger_ui.py
[2025-11-14T11:12:48.621+0530] {logging_mixin.py:188} INFO - [2025-11-14T11:12:48.620+0530] {dag.py:3089} INFO - Sync 1 DAGs
[2025-11-14T11:12:48.654+0530] {logging_mixin.py:188} INFO - [2025-11-14T11:12:48.654+0530] {dag.py:3947} INFO - Setting next_dagrun for example_params_trigger_ui to None, run_after=None
[2025-11-14T11:12:48.742+0530] {processor.py:183} INFO - Processing /home/logi/txtai/venv/lib/python3.10/site-packages/airflow/example_dags/example_params_trigger_ui.py took 0.275 seconds
[2025-11-14T11:13:19.229+0530] {processor.py:161} INFO - Started process (PID=16277) to work on /home/logi/txtai/venv/lib/python3.10/site-packages/airflow/example_dags/example_params_trigger_ui.py
[2025-11-14T11:13:19.241+0530] {processor.py:830} INFO - Processing file /home/logi/txtai/venv/lib/python3.10/site-packages/airflow/example_dags/example_params_trigger_ui.py for tasks to queue
[2025-11-14T11:13:19.244+0530] {logging_mixin.py:188} INFO - [2025-11-14T11:13:19.244+0530] {dagbag.py:545} INFO - Filling up the DagBag from /home/logi/txtai/venv/lib/python3.10/site-packages/airflow/example_dags/example_params_trigger_ui.py
[2025-11-14T11:13:19.258+0530] {processor.py:840} INFO - DAG(s) 'example_params_trigger_ui' retrieved from /home/logi/txtai/venv/lib/python3.10/site-packages/airflow/example_dags/example_params_trigger_ui.py
[2025-11-14T11:13:19.331+0530] {logging_mixin.py:188} INFO - [2025-11-14T11:13:19.331+0530] {dag.py:3089} INFO - Sync 1 DAGs
[2025-11-14T11:13:19.344+0530] {logging_mixin.py:188} INFO - [2025-11-14T11:13:19.344+0530] {dag.py:3947} INFO - Setting next_dagrun for example_params_trigger_ui to None, run_after=None
[2025-11-14T11:13:19.373+0530] {processor.py:183} INFO - Processing /home/logi/txtai/venv/lib/python3.10/site-packages/airflow/example_dags/example_params_trigger_ui.py took 0.150 seconds
[2025-11-14T11:13:49.798+0530] {processor.py:161} INFO - Started process (PID=16514) to work on /home/logi/txtai/venv/lib/python3.10/site-packages/airflow/example_dags/example_params_trigger_ui.py
[2025-11-14T11:13:49.811+0530] {processor.py:830} INFO - Processing file /home/logi/txtai/venv/lib/python3.10/site-packages/airflow/example_dags/example_params_trigger_ui.py for tasks to queue
[2025-11-14T11:13:49.814+0530] {logging_mixin.py:188} INFO - [2025-11-14T11:13:49.814+0530] {dagbag.py:545} INFO - Filling up the DagBag from /home/logi/txtai/venv/lib/python3.10/site-packages/airflow/example_dags/example_params_trigger_ui.py
[2025-11-14T11:13:49.829+0530] {processor.py:840} INFO - DAG(s) 'example_params_trigger_ui' retrieved from /home/logi/txtai/venv/lib/python3.10/site-packages/airflow/example_dags/example_params_trigger_ui.py
[2025-11-14T11:13:49.892+0530] {logging_mixin.py:188} INFO - [2025-11-14T11:13:49.892+0530] {dag.py:3089} INFO - Sync 1 DAGs
[2025-11-14T11:13:49.904+0530] {logging_mixin.py:188} INFO - [2025-11-14T11:13:49.904+0530] {dag.py:3947} INFO - Setting next_dagrun for example_params_trigger_ui to None, run_after=None
[2025-11-14T11:13:49.924+0530] {processor.py:183} INFO - Processing /home/logi/txtai/venv/lib/python3.10/site-packages/airflow/example_dags/example_params_trigger_ui.py took 0.137 seconds
[2025-11-14T11:14:20.198+0530] {processor.py:161} INFO - Started process (PID=16788) to work on /home/logi/txtai/venv/lib/python3.10/site-packages/airflow/example_dags/example_params_trigger_ui.py
[2025-11-14T11:14:20.211+0530] {processor.py:830} INFO - Processing file /home/logi/txtai/venv/lib/python3.10/site-packages/airflow/example_dags/example_params_trigger_ui.py for tasks to queue
[2025-11-14T11:14:20.215+0530] {logging_mixin.py:188} INFO - [2025-11-14T11:14:20.214+0530] {dagbag.py:545} INFO - Filling up the DagBag from /home/logi/txtai/venv/lib/python3.10/site-packages/airflow/example_dags/example_params_trigger_ui.py
[2025-11-14T11:14:20.231+0530] {processor.py:840} INFO - DAG(s) 'example_params_trigger_ui' retrieved from /home/logi/txtai/venv/lib/python3.10/site-packages/airflow/example_dags/example_params_trigger_ui.py
[2025-11-14T11:14:20.324+0530] {logging_mixin.py:188} INFO - [2025-11-14T11:14:20.323+0530] {dag.py:3089} INFO - Sync 1 DAGs
[2025-11-14T11:14:20.340+0530] {logging_mixin.py:188} INFO - [2025-11-14T11:14:20.340+0530] {dag.py:3947} INFO - Setting next_dagrun for example_params_trigger_ui to None, run_after=None
[2025-11-14T11:14:20.378+0530] {processor.py:183} INFO - Processing /home/logi/txtai/venv/lib/python3.10/site-packages/airflow/example_dags/example_params_trigger_ui.py took 0.192 seconds
[2025-11-14T11:14:50.780+0530] {processor.py:161} INFO - Started process (PID=17051) to work on /home/logi/txtai/venv/lib/python3.10/site-packages/airflow/example_dags/example_params_trigger_ui.py
[2025-11-14T11:14:50.793+0530] {processor.py:830} INFO - Processing file /home/logi/txtai/venv/lib/python3.10/site-packages/airflow/example_dags/example_params_trigger_ui.py for tasks to queue
[2025-11-14T11:14:50.796+0530] {logging_mixin.py:188} INFO - [2025-11-14T11:14:50.796+0530] {dagbag.py:545} INFO - Filling up the DagBag from /home/logi/txtai/venv/lib/python3.10/site-packages/airflow/example_dags/example_params_trigger_ui.py
[2025-11-14T11:14:50.813+0530] {processor.py:840} INFO - DAG(s) 'example_params_trigger_ui' retrieved from /home/logi/txtai/venv/lib/python3.10/site-packages/airflow/example_dags/example_params_trigger_ui.py
[2025-11-14T11:14:50.912+0530] {logging_mixin.py:188} INFO - [2025-11-14T11:14:50.911+0530] {dag.py:3089} INFO - Sync 1 DAGs
[2025-11-14T11:14:50.925+0530] {logging_mixin.py:188} INFO - [2025-11-14T11:14:50.924+0530] {dag.py:3947} INFO - Setting next_dagrun for example_params_trigger_ui to None, run_after=None
[2025-11-14T11:14:50.956+0530] {processor.py:183} INFO - Processing /home/logi/txtai/venv/lib/python3.10/site-packages/airflow/example_dags/example_params_trigger_ui.py took 0.188 seconds
[2025-11-14T11:15:21.482+0530] {processor.py:161} INFO - Started process (PID=17183) to work on /home/logi/txtai/venv/lib/python3.10/site-packages/airflow/example_dags/example_params_trigger_ui.py
[2025-11-14T11:15:21.484+0530] {processor.py:830} INFO - Processing file /home/logi/txtai/venv/lib/python3.10/site-packages/airflow/example_dags/example_params_trigger_ui.py for tasks to queue
[2025-11-14T11:15:21.487+0530] {logging_mixin.py:188} INFO - [2025-11-14T11:15:21.486+0530] {dagbag.py:545} INFO - Filling up the DagBag from /home/logi/txtai/venv/lib/python3.10/site-packages/airflow/example_dags/example_params_trigger_ui.py
[2025-11-14T11:15:21.504+0530] {processor.py:840} INFO - DAG(s) 'example_params_trigger_ui' retrieved from /home/logi/txtai/venv/lib/python3.10/site-packages/airflow/example_dags/example_params_trigger_ui.py
[2025-11-14T11:15:21.604+0530] {logging_mixin.py:188} INFO - [2025-11-14T11:15:21.604+0530] {dag.py:3089} INFO - Sync 1 DAGs
[2025-11-14T11:15:21.617+0530] {logging_mixin.py:188} INFO - [2025-11-14T11:15:21.616+0530] {dag.py:3947} INFO - Setting next_dagrun for example_params_trigger_ui to None, run_after=None
[2025-11-14T11:15:21.648+0530] {processor.py:183} INFO - Processing /home/logi/txtai/venv/lib/python3.10/site-packages/airflow/example_dags/example_params_trigger_ui.py took 0.179 seconds
[2025-11-14T11:15:51.813+0530] {processor.py:161} INFO - Started process (PID=17328) to work on /home/logi/txtai/venv/lib/python3.10/site-packages/airflow/example_dags/example_params_trigger_ui.py
[2025-11-14T11:15:51.826+0530] {processor.py:830} INFO - Processing file /home/logi/txtai/venv/lib/python3.10/site-packages/airflow/example_dags/example_params_trigger_ui.py for tasks to queue
[2025-11-14T11:15:51.830+0530] {logging_mixin.py:188} INFO - [2025-11-14T11:15:51.829+0530] {dagbag.py:545} INFO - Filling up the DagBag from /home/logi/txtai/venv/lib/python3.10/site-packages/airflow/example_dags/example_params_trigger_ui.py
[2025-11-14T11:15:51.847+0530] {processor.py:840} INFO - DAG(s) 'example_params_trigger_ui' retrieved from /home/logi/txtai/venv/lib/python3.10/site-packages/airflow/example_dags/example_params_trigger_ui.py
[2025-11-14T11:15:51.956+0530] {logging_mixin.py:188} INFO - [2025-11-14T11:15:51.955+0530] {dag.py:3089} INFO - Sync 1 DAGs
[2025-11-14T11:15:51.970+0530] {logging_mixin.py:188} INFO - [2025-11-14T11:15:51.969+0530] {dag.py:3947} INFO - Setting next_dagrun for example_params_trigger_ui to None, run_after=None
[2025-11-14T11:15:52.006+0530] {processor.py:183} INFO - Processing /home/logi/txtai/venv/lib/python3.10/site-packages/airflow/example_dags/example_params_trigger_ui.py took 0.206 seconds
[2025-11-14T11:16:22.992+0530] {processor.py:161} INFO - Started process (PID=17537) to work on /home/logi/txtai/venv/lib/python3.10/site-packages/airflow/example_dags/example_params_trigger_ui.py
[2025-11-14T11:16:22.996+0530] {processor.py:830} INFO - Processing file /home/logi/txtai/venv/lib/python3.10/site-packages/airflow/example_dags/example_params_trigger_ui.py for tasks to queue
[2025-11-14T11:16:23.001+0530] {logging_mixin.py:188} INFO - [2025-11-14T11:16:23.000+0530] {dagbag.py:545} INFO - Filling up the DagBag from /home/logi/txtai/venv/lib/python3.10/site-packages/airflow/example_dags/example_params_trigger_ui.py
[2025-11-14T11:16:23.022+0530] {processor.py:840} INFO - DAG(s) 'example_params_trigger_ui' retrieved from /home/logi/txtai/venv/lib/python3.10/site-packages/airflow/example_dags/example_params_trigger_ui.py
[2025-11-14T11:16:23.113+0530] {logging_mixin.py:188} INFO - [2025-11-14T11:16:23.113+0530] {dag.py:3089} INFO - Sync 1 DAGs
[2025-11-14T11:16:23.131+0530] {logging_mixin.py:188} INFO - [2025-11-14T11:16:23.131+0530] {dag.py:3947} INFO - Setting next_dagrun for example_params_trigger_ui to None, run_after=None
[2025-11-14T11:16:23.168+0530] {processor.py:183} INFO - Processing /home/logi/txtai/venv/lib/python3.10/site-packages/airflow/example_dags/example_params_trigger_ui.py took 0.192 seconds
[2025-11-14T11:16:53.459+0530] {processor.py:161} INFO - Started process (PID=17675) to work on /home/logi/txtai/venv/lib/python3.10/site-packages/airflow/example_dags/example_params_trigger_ui.py
[2025-11-14T11:16:53.473+0530] {processor.py:830} INFO - Processing file /home/logi/txtai/venv/lib/python3.10/site-packages/airflow/example_dags/example_params_trigger_ui.py for tasks to queue
[2025-11-14T11:16:53.476+0530] {logging_mixin.py:188} INFO - [2025-11-14T11:16:53.475+0530] {dagbag.py:545} INFO - Filling up the DagBag from /home/logi/txtai/venv/lib/python3.10/site-packages/airflow/example_dags/example_params_trigger_ui.py
[2025-11-14T11:16:53.493+0530] {processor.py:840} INFO - DAG(s) 'example_params_trigger_ui' retrieved from /home/logi/txtai/venv/lib/python3.10/site-packages/airflow/example_dags/example_params_trigger_ui.py
[2025-11-14T11:16:53.605+0530] {logging_mixin.py:188} INFO - [2025-11-14T11:16:53.605+0530] {dag.py:3089} INFO - Sync 1 DAGs
[2025-11-14T11:16:53.628+0530] {logging_mixin.py:188} INFO - [2025-11-14T11:16:53.628+0530] {dag.py:3947} INFO - Setting next_dagrun for example_params_trigger_ui to None, run_after=None
[2025-11-14T11:16:53.670+0530] {processor.py:183} INFO - Processing /home/logi/txtai/venv/lib/python3.10/site-packages/airflow/example_dags/example_params_trigger_ui.py took 0.223 seconds
[2025-11-14T11:17:23.936+0530] {processor.py:161} INFO - Started process (PID=17849) to work on /home/logi/txtai/venv/lib/python3.10/site-packages/airflow/example_dags/example_params_trigger_ui.py
[2025-11-14T11:17:23.950+0530] {processor.py:830} INFO - Processing file /home/logi/txtai/venv/lib/python3.10/site-packages/airflow/example_dags/example_params_trigger_ui.py for tasks to queue
[2025-11-14T11:17:23.953+0530] {logging_mixin.py:188} INFO - [2025-11-14T11:17:23.952+0530] {dagbag.py:545} INFO - Filling up the DagBag from /home/logi/txtai/venv/lib/python3.10/site-packages/airflow/example_dags/example_params_trigger_ui.py
[2025-11-14T11:17:23.970+0530] {processor.py:840} INFO - DAG(s) 'example_params_trigger_ui' retrieved from /home/logi/txtai/venv/lib/python3.10/site-packages/airflow/example_dags/example_params_trigger_ui.py
[2025-11-14T11:17:24.082+0530] {logging_mixin.py:188} INFO - [2025-11-14T11:17:24.082+0530] {dag.py:3089} INFO - Sync 1 DAGs
[2025-11-14T11:17:24.096+0530] {logging_mixin.py:188} INFO - [2025-11-14T11:17:24.095+0530] {dag.py:3947} INFO - Setting next_dagrun for example_params_trigger_ui to None, run_after=None
[2025-11-14T11:17:24.134+0530] {processor.py:183} INFO - Processing /home/logi/txtai/venv/lib/python3.10/site-packages/airflow/example_dags/example_params_trigger_ui.py took 0.212 seconds
[2025-11-14T11:17:54.184+0530] {processor.py:161} INFO - Started process (PID=18019) to work on /home/logi/txtai/venv/lib/python3.10/site-packages/airflow/example_dags/example_params_trigger_ui.py
[2025-11-14T11:17:54.186+0530] {processor.py:830} INFO - Processing file /home/logi/txtai/venv/lib/python3.10/site-packages/airflow/example_dags/example_params_trigger_ui.py for tasks to queue
[2025-11-14T11:17:54.189+0530] {logging_mixin.py:188} INFO - [2025-11-14T11:17:54.188+0530] {dagbag.py:545} INFO - Filling up the DagBag from /home/logi/txtai/venv/lib/python3.10/site-packages/airflow/example_dags/example_params_trigger_ui.py
[2025-11-14T11:17:54.205+0530] {processor.py:840} INFO - DAG(s) 'example_params_trigger_ui' retrieved from /home/logi/txtai/venv/lib/python3.10/site-packages/airflow/example_dags/example_params_trigger_ui.py
[2025-11-14T11:17:54.313+0530] {logging_mixin.py:188} INFO - [2025-11-14T11:17:54.312+0530] {dag.py:3089} INFO - Sync 1 DAGs
[2025-11-14T11:17:54.328+0530] {logging_mixin.py:188} INFO - [2025-11-14T11:17:54.328+0530] {dag.py:3947} INFO - Setting next_dagrun for example_params_trigger_ui to None, run_after=None
[2025-11-14T11:17:54.368+0530] {processor.py:183} INFO - Processing /home/logi/txtai/venv/lib/python3.10/site-packages/airflow/example_dags/example_params_trigger_ui.py took 0.197 seconds
[2025-11-14T11:18:24.921+0530] {processor.py:161} INFO - Started process (PID=18179) to work on /home/logi/txtai/venv/lib/python3.10/site-packages/airflow/example_dags/example_params_trigger_ui.py
[2025-11-14T11:18:24.923+0530] {processor.py:830} INFO - Processing file /home/logi/txtai/venv/lib/python3.10/site-packages/airflow/example_dags/example_params_trigger_ui.py for tasks to queue
[2025-11-14T11:18:24.927+0530] {logging_mixin.py:188} INFO - [2025-11-14T11:18:24.926+0530] {dagbag.py:545} INFO - Filling up the DagBag from /home/logi/txtai/venv/lib/python3.10/site-packages/airflow/example_dags/example_params_trigger_ui.py
[2025-11-14T11:18:24.947+0530] {processor.py:840} INFO - DAG(s) 'example_params_trigger_ui' retrieved from /home/logi/txtai/venv/lib/python3.10/site-packages/airflow/example_dags/example_params_trigger_ui.py
[2025-11-14T11:18:25.063+0530] {logging_mixin.py:188} INFO - [2025-11-14T11:18:25.063+0530] {dag.py:3089} INFO - Sync 1 DAGs
[2025-11-14T11:18:25.081+0530] {logging_mixin.py:188} INFO - [2025-11-14T11:18:25.081+0530] {dag.py:3947} INFO - Setting next_dagrun for example_params_trigger_ui to None, run_after=None
[2025-11-14T11:18:25.132+0530] {processor.py:183} INFO - Processing /home/logi/txtai/venv/lib/python3.10/site-packages/airflow/example_dags/example_params_trigger_ui.py took 0.224 seconds
[2025-11-14T11:18:55.534+0530] {processor.py:161} INFO - Started process (PID=18350) to work on /home/logi/txtai/venv/lib/python3.10/site-packages/airflow/example_dags/example_params_trigger_ui.py
[2025-11-14T11:18:55.548+0530] {processor.py:830} INFO - Processing file /home/logi/txtai/venv/lib/python3.10/site-packages/airflow/example_dags/example_params_trigger_ui.py for tasks to queue
[2025-11-14T11:18:55.551+0530] {logging_mixin.py:188} INFO - [2025-11-14T11:18:55.550+0530] {dagbag.py:545} INFO - Filling up the DagBag from /home/logi/txtai/venv/lib/python3.10/site-packages/airflow/example_dags/example_params_trigger_ui.py
[2025-11-14T11:18:55.566+0530] {processor.py:840} INFO - DAG(s) 'example_params_trigger_ui' retrieved from /home/logi/txtai/venv/lib/python3.10/site-packages/airflow/example_dags/example_params_trigger_ui.py
[2025-11-14T11:18:55.674+0530] {logging_mixin.py:188} INFO - [2025-11-14T11:18:55.673+0530] {dag.py:3089} INFO - Sync 1 DAGs
[2025-11-14T11:18:55.695+0530] {logging_mixin.py:188} INFO - [2025-11-14T11:18:55.695+0530] {dag.py:3947} INFO - Setting next_dagrun for example_params_trigger_ui to None, run_after=None
[2025-11-14T11:18:55.732+0530] {processor.py:183} INFO - Processing /home/logi/txtai/venv/lib/python3.10/site-packages/airflow/example_dags/example_params_trigger_ui.py took 0.210 seconds
[2025-11-14T11:19:26.190+0530] {processor.py:161} INFO - Started process (PID=18523) to work on /home/logi/txtai/venv/lib/python3.10/site-packages/airflow/example_dags/example_params_trigger_ui.py
[2025-11-14T11:19:26.204+0530] {processor.py:830} INFO - Processing file /home/logi/txtai/venv/lib/python3.10/site-packages/airflow/example_dags/example_params_trigger_ui.py for tasks to queue
[2025-11-14T11:19:26.207+0530] {logging_mixin.py:188} INFO - [2025-11-14T11:19:26.206+0530] {dagbag.py:545} INFO - Filling up the DagBag from /home/logi/txtai/venv/lib/python3.10/site-packages/airflow/example_dags/example_params_trigger_ui.py
[2025-11-14T11:19:26.223+0530] {processor.py:840} INFO - DAG(s) 'example_params_trigger_ui' retrieved from /home/logi/txtai/venv/lib/python3.10/site-packages/airflow/example_dags/example_params_trigger_ui.py
[2025-11-14T11:19:26.336+0530] {logging_mixin.py:188} INFO - [2025-11-14T11:19:26.336+0530] {dag.py:3089} INFO - Sync 1 DAGs
[2025-11-14T11:19:26.359+0530] {logging_mixin.py:188} INFO - [2025-11-14T11:19:26.359+0530] {dag.py:3947} INFO - Setting next_dagrun for example_params_trigger_ui to None, run_after=None
[2025-11-14T11:19:26.395+0530] {processor.py:183} INFO - Processing /home/logi/txtai/venv/lib/python3.10/site-packages/airflow/example_dags/example_params_trigger_ui.py took 0.217 seconds
[2025-11-14T11:19:56.932+0530] {processor.py:161} INFO - Started process (PID=18686) to work on /home/logi/txtai/venv/lib/python3.10/site-packages/airflow/example_dags/example_params_trigger_ui.py
[2025-11-14T11:19:56.946+0530] {processor.py:830} INFO - Processing file /home/logi/txtai/venv/lib/python3.10/site-packages/airflow/example_dags/example_params_trigger_ui.py for tasks to queue
[2025-11-14T11:19:56.954+0530] {logging_mixin.py:188} INFO - [2025-11-14T11:19:56.953+0530] {dagbag.py:545} INFO - Filling up the DagBag from /home/logi/txtai/venv/lib/python3.10/site-packages/airflow/example_dags/example_params_trigger_ui.py
[2025-11-14T11:19:56.973+0530] {processor.py:840} INFO - DAG(s) 'example_params_trigger_ui' retrieved from /home/logi/txtai/venv/lib/python3.10/site-packages/airflow/example_dags/example_params_trigger_ui.py
[2025-11-14T11:19:57.087+0530] {logging_mixin.py:188} INFO - [2025-11-14T11:19:57.087+0530] {dag.py:3089} INFO - Sync 1 DAGs
[2025-11-14T11:19:57.102+0530] {logging_mixin.py:188} INFO - [2025-11-14T11:19:57.101+0530] {dag.py:3947} INFO - Setting next_dagrun for example_params_trigger_ui to None, run_after=None
[2025-11-14T11:19:57.143+0530] {processor.py:183} INFO - Processing /home/logi/txtai/venv/lib/python3.10/site-packages/airflow/example_dags/example_params_trigger_ui.py took 0.224 seconds
[2025-11-14T11:20:27.351+0530] {processor.py:161} INFO - Started process (PID=18858) to work on /home/logi/txtai/venv/lib/python3.10/site-packages/airflow/example_dags/example_params_trigger_ui.py
[2025-11-14T11:20:27.354+0530] {processor.py:830} INFO - Processing file /home/logi/txtai/venv/lib/python3.10/site-packages/airflow/example_dags/example_params_trigger_ui.py for tasks to queue
[2025-11-14T11:20:27.357+0530] {logging_mixin.py:188} INFO - [2025-11-14T11:20:27.357+0530] {dagbag.py:545} INFO - Filling up the DagBag from /home/logi/txtai/venv/lib/python3.10/site-packages/airflow/example_dags/example_params_trigger_ui.py
[2025-11-14T11:20:27.375+0530] {processor.py:840} INFO - DAG(s) 'example_params_trigger_ui' retrieved from /home/logi/txtai/venv/lib/python3.10/site-packages/airflow/example_dags/example_params_trigger_ui.py
[2025-11-14T11:20:27.481+0530] {logging_mixin.py:188} INFO - [2025-11-14T11:20:27.480+0530] {dag.py:3089} INFO - Sync 1 DAGs
[2025-11-14T11:20:27.496+0530] {logging_mixin.py:188} INFO - [2025-11-14T11:20:27.495+0530] {dag.py:3947} INFO - Setting next_dagrun for example_params_trigger_ui to None, run_after=None
[2025-11-14T11:20:27.537+0530] {processor.py:183} INFO - Processing /home/logi/txtai/venv/lib/python3.10/site-packages/airflow/example_dags/example_params_trigger_ui.py took 0.197 seconds
[2025-11-14T11:20:57.754+0530] {processor.py:161} INFO - Started process (PID=19023) to work on /home/logi/txtai/venv/lib/python3.10/site-packages/airflow/example_dags/example_params_trigger_ui.py
[2025-11-14T11:20:57.756+0530] {processor.py:830} INFO - Processing file /home/logi/txtai/venv/lib/python3.10/site-packages/airflow/example_dags/example_params_trigger_ui.py for tasks to queue
[2025-11-14T11:20:57.759+0530] {logging_mixin.py:188} INFO - [2025-11-14T11:20:57.759+0530] {dagbag.py:545} INFO - Filling up the DagBag from /home/logi/txtai/venv/lib/python3.10/site-packages/airflow/example_dags/example_params_trigger_ui.py
[2025-11-14T11:20:57.774+0530] {processor.py:840} INFO - DAG(s) 'example_params_trigger_ui' retrieved from /home/logi/txtai/venv/lib/python3.10/site-packages/airflow/example_dags/example_params_trigger_ui.py
[2025-11-14T11:20:57.883+0530] {logging_mixin.py:188} INFO - [2025-11-14T11:20:57.882+0530] {dag.py:3089} INFO - Sync 1 DAGs
[2025-11-14T11:20:57.896+0530] {logging_mixin.py:188} INFO - [2025-11-14T11:20:57.896+0530] {dag.py:3947} INFO - Setting next_dagrun for example_params_trigger_ui to None, run_after=None
[2025-11-14T11:20:58.142+0530] {processor.py:183} INFO - Processing /home/logi/txtai/venv/lib/python3.10/site-packages/airflow/example_dags/example_params_trigger_ui.py took 0.404 seconds
[2025-11-14T11:21:28.439+0530] {processor.py:161} INFO - Started process (PID=19196) to work on /home/logi/txtai/venv/lib/python3.10/site-packages/airflow/example_dags/example_params_trigger_ui.py
[2025-11-14T11:21:28.441+0530] {processor.py:830} INFO - Processing file /home/logi/txtai/venv/lib/python3.10/site-packages/airflow/example_dags/example_params_trigger_ui.py for tasks to queue
[2025-11-14T11:21:28.444+0530] {logging_mixin.py:188} INFO - [2025-11-14T11:21:28.444+0530] {dagbag.py:545} INFO - Filling up the DagBag from /home/logi/txtai/venv/lib/python3.10/site-packages/airflow/example_dags/example_params_trigger_ui.py
[2025-11-14T11:21:28.462+0530] {processor.py:840} INFO - DAG(s) 'example_params_trigger_ui' retrieved from /home/logi/txtai/venv/lib/python3.10/site-packages/airflow/example_dags/example_params_trigger_ui.py
[2025-11-14T11:21:28.572+0530] {logging_mixin.py:188} INFO - [2025-11-14T11:21:28.571+0530] {dag.py:3089} INFO - Sync 1 DAGs
[2025-11-14T11:21:28.593+0530] {logging_mixin.py:188} INFO - [2025-11-14T11:21:28.592+0530] {dag.py:3947} INFO - Setting next_dagrun for example_params_trigger_ui to None, run_after=None
[2025-11-14T11:21:28.629+0530] {processor.py:183} INFO - Processing /home/logi/txtai/venv/lib/python3.10/site-packages/airflow/example_dags/example_params_trigger_ui.py took 0.202 seconds
[2025-11-14T11:21:58.962+0530] {processor.py:161} INFO - Started process (PID=19360) to work on /home/logi/txtai/venv/lib/python3.10/site-packages/airflow/example_dags/example_params_trigger_ui.py
[2025-11-14T11:21:58.964+0530] {processor.py:830} INFO - Processing file /home/logi/txtai/venv/lib/python3.10/site-packages/airflow/example_dags/example_params_trigger_ui.py for tasks to queue
[2025-11-14T11:21:58.966+0530] {logging_mixin.py:188} INFO - [2025-11-14T11:21:58.965+0530] {dagbag.py:545} INFO - Filling up the DagBag from /home/logi/txtai/venv/lib/python3.10/site-packages/airflow/example_dags/example_params_trigger_ui.py
[2025-11-14T11:21:58.975+0530] {processor.py:840} INFO - DAG(s) 'example_params_trigger_ui' retrieved from /home/logi/txtai/venv/lib/python3.10/site-packages/airflow/example_dags/example_params_trigger_ui.py
[2025-11-14T11:21:59.066+0530] {logging_mixin.py:188} INFO - [2025-11-14T11:21:59.066+0530] {dag.py:3089} INFO - Sync 1 DAGs
[2025-11-14T11:21:59.078+0530] {logging_mixin.py:188} INFO - [2025-11-14T11:21:59.078+0530] {dag.py:3947} INFO - Setting next_dagrun for example_params_trigger_ui to None, run_after=None
[2025-11-14T11:21:59.119+0530] {processor.py:183} INFO - Processing /home/logi/txtai/venv/lib/python3.10/site-packages/airflow/example_dags/example_params_trigger_ui.py took 0.177 seconds
[2025-11-14T11:22:29.267+0530] {processor.py:161} INFO - Started process (PID=19538) to work on /home/logi/txtai/venv/lib/python3.10/site-packages/airflow/example_dags/example_params_trigger_ui.py
[2025-11-14T11:22:29.271+0530] {processor.py:830} INFO - Processing file /home/logi/txtai/venv/lib/python3.10/site-packages/airflow/example_dags/example_params_trigger_ui.py for tasks to queue
[2025-11-14T11:22:29.274+0530] {logging_mixin.py:188} INFO - [2025-11-14T11:22:29.274+0530] {dagbag.py:545} INFO - Filling up the DagBag from /home/logi/txtai/venv/lib/python3.10/site-packages/airflow/example_dags/example_params_trigger_ui.py
[2025-11-14T11:22:29.302+0530] {processor.py:840} INFO - DAG(s) 'example_params_trigger_ui' retrieved from /home/logi/txtai/venv/lib/python3.10/site-packages/airflow/example_dags/example_params_trigger_ui.py
[2025-11-14T11:22:29.411+0530] {logging_mixin.py:188} INFO - [2025-11-14T11:22:29.410+0530] {dag.py:3089} INFO - Sync 1 DAGs
[2025-11-14T11:22:29.435+0530] {logging_mixin.py:188} INFO - [2025-11-14T11:22:29.435+0530] {dag.py:3947} INFO - Setting next_dagrun for example_params_trigger_ui to None, run_after=None
[2025-11-14T11:22:29.481+0530] {processor.py:183} INFO - Processing /home/logi/txtai/venv/lib/python3.10/site-packages/airflow/example_dags/example_params_trigger_ui.py took 0.234 seconds
[2025-11-14T11:22:59.890+0530] {processor.py:161} INFO - Started process (PID=19809) to work on /home/logi/txtai/venv/lib/python3.10/site-packages/airflow/example_dags/example_params_trigger_ui.py
[2025-11-14T11:22:59.892+0530] {processor.py:830} INFO - Processing file /home/logi/txtai/venv/lib/python3.10/site-packages/airflow/example_dags/example_params_trigger_ui.py for tasks to queue
[2025-11-14T11:22:59.898+0530] {logging_mixin.py:188} INFO - [2025-11-14T11:22:59.898+0530] {dagbag.py:545} INFO - Filling up the DagBag from /home/logi/txtai/venv/lib/python3.10/site-packages/airflow/example_dags/example_params_trigger_ui.py
[2025-11-14T11:22:59.925+0530] {processor.py:840} INFO - DAG(s) 'example_params_trigger_ui' retrieved from /home/logi/txtai/venv/lib/python3.10/site-packages/airflow/example_dags/example_params_trigger_ui.py
[2025-11-14T11:23:00.039+0530] {logging_mixin.py:188} INFO - [2025-11-14T11:23:00.038+0530] {dag.py:3089} INFO - Sync 1 DAGs
[2025-11-14T11:23:00.062+0530] {logging_mixin.py:188} INFO - [2025-11-14T11:23:00.061+0530] {dag.py:3947} INFO - Setting next_dagrun for example_params_trigger_ui to None, run_after=None
[2025-11-14T11:23:00.104+0530] {processor.py:183} INFO - Processing /home/logi/txtai/venv/lib/python3.10/site-packages/airflow/example_dags/example_params_trigger_ui.py took 0.237 seconds
[2025-11-14T11:23:31.019+0530] {processor.py:161} INFO - Started process (PID=19982) to work on /home/logi/txtai/venv/lib/python3.10/site-packages/airflow/example_dags/example_params_trigger_ui.py
[2025-11-14T11:23:31.021+0530] {processor.py:830} INFO - Processing file /home/logi/txtai/venv/lib/python3.10/site-packages/airflow/example_dags/example_params_trigger_ui.py for tasks to queue
[2025-11-14T11:23:31.024+0530] {logging_mixin.py:188} INFO - [2025-11-14T11:23:31.024+0530] {dagbag.py:545} INFO - Filling up the DagBag from /home/logi/txtai/venv/lib/python3.10/site-packages/airflow/example_dags/example_params_trigger_ui.py
[2025-11-14T11:23:31.041+0530] {processor.py:840} INFO - DAG(s) 'example_params_trigger_ui' retrieved from /home/logi/txtai/venv/lib/python3.10/site-packages/airflow/example_dags/example_params_trigger_ui.py
[2025-11-14T11:23:31.148+0530] {logging_mixin.py:188} INFO - [2025-11-14T11:23:31.147+0530] {dag.py:3089} INFO - Sync 1 DAGs
[2025-11-14T11:23:31.162+0530] {logging_mixin.py:188} INFO - [2025-11-14T11:23:31.162+0530] {dag.py:3947} INFO - Setting next_dagrun for example_params_trigger_ui to None, run_after=None
[2025-11-14T11:23:31.211+0530] {processor.py:183} INFO - Processing /home/logi/txtai/venv/lib/python3.10/site-packages/airflow/example_dags/example_params_trigger_ui.py took 0.211 seconds
[2025-11-14T11:24:01.531+0530] {processor.py:161} INFO - Started process (PID=20150) to work on /home/logi/txtai/venv/lib/python3.10/site-packages/airflow/example_dags/example_params_trigger_ui.py
[2025-11-14T11:24:01.533+0530] {processor.py:830} INFO - Processing file /home/logi/txtai/venv/lib/python3.10/site-packages/airflow/example_dags/example_params_trigger_ui.py for tasks to queue
[2025-11-14T11:24:01.536+0530] {logging_mixin.py:188} INFO - [2025-11-14T11:24:01.535+0530] {dagbag.py:545} INFO - Filling up the DagBag from /home/logi/txtai/venv/lib/python3.10/site-packages/airflow/example_dags/example_params_trigger_ui.py
[2025-11-14T11:24:01.551+0530] {processor.py:840} INFO - DAG(s) 'example_params_trigger_ui' retrieved from /home/logi/txtai/venv/lib/python3.10/site-packages/airflow/example_dags/example_params_trigger_ui.py
[2025-11-14T11:24:01.860+0530] {logging_mixin.py:188} INFO - [2025-11-14T11:24:01.860+0530] {dag.py:3089} INFO - Sync 1 DAGs
[2025-11-14T11:24:01.872+0530] {logging_mixin.py:188} INFO - [2025-11-14T11:24:01.871+0530] {dag.py:3947} INFO - Setting next_dagrun for example_params_trigger_ui to None, run_after=None
[2025-11-14T11:24:01.906+0530] {processor.py:183} INFO - Processing /home/logi/txtai/venv/lib/python3.10/site-packages/airflow/example_dags/example_params_trigger_ui.py took 0.387 seconds
[2025-11-14T11:24:32.877+0530] {processor.py:161} INFO - Started process (PID=20299) to work on /home/logi/txtai/venv/lib/python3.10/site-packages/airflow/example_dags/example_params_trigger_ui.py
[2025-11-14T11:24:32.890+0530] {processor.py:830} INFO - Processing file /home/logi/txtai/venv/lib/python3.10/site-packages/airflow/example_dags/example_params_trigger_ui.py for tasks to queue
[2025-11-14T11:24:32.893+0530] {logging_mixin.py:188} INFO - [2025-11-14T11:24:32.893+0530] {dagbag.py:545} INFO - Filling up the DagBag from /home/logi/txtai/venv/lib/python3.10/site-packages/airflow/example_dags/example_params_trigger_ui.py
[2025-11-14T11:24:32.911+0530] {processor.py:840} INFO - DAG(s) 'example_params_trigger_ui' retrieved from /home/logi/txtai/venv/lib/python3.10/site-packages/airflow/example_dags/example_params_trigger_ui.py
[2025-11-14T11:24:33.026+0530] {logging_mixin.py:188} INFO - [2025-11-14T11:24:33.025+0530] {dag.py:3089} INFO - Sync 1 DAGs
[2025-11-14T11:24:33.048+0530] {logging_mixin.py:188} INFO - [2025-11-14T11:24:33.048+0530] {dag.py:3947} INFO - Setting next_dagrun for example_params_trigger_ui to None, run_after=None
[2025-11-14T11:24:33.091+0530] {processor.py:183} INFO - Processing /home/logi/txtai/venv/lib/python3.10/site-packages/airflow/example_dags/example_params_trigger_ui.py took 0.228 seconds
[2025-11-14T11:25:03.826+0530] {processor.py:161} INFO - Started process (PID=20459) to work on /home/logi/txtai/venv/lib/python3.10/site-packages/airflow/example_dags/example_params_trigger_ui.py
[2025-11-14T11:25:03.839+0530] {processor.py:830} INFO - Processing file /home/logi/txtai/venv/lib/python3.10/site-packages/airflow/example_dags/example_params_trigger_ui.py for tasks to queue
[2025-11-14T11:25:03.842+0530] {logging_mixin.py:188} INFO - [2025-11-14T11:25:03.842+0530] {dagbag.py:545} INFO - Filling up the DagBag from /home/logi/txtai/venv/lib/python3.10/site-packages/airflow/example_dags/example_params_trigger_ui.py
[2025-11-14T11:25:03.859+0530] {processor.py:840} INFO - DAG(s) 'example_params_trigger_ui' retrieved from /home/logi/txtai/venv/lib/python3.10/site-packages/airflow/example_dags/example_params_trigger_ui.py
[2025-11-14T11:25:03.973+0530] {logging_mixin.py:188} INFO - [2025-11-14T11:25:03.973+0530] {dag.py:3089} INFO - Sync 1 DAGs
[2025-11-14T11:25:03.988+0530] {logging_mixin.py:188} INFO - [2025-11-14T11:25:03.987+0530] {dag.py:3947} INFO - Setting next_dagrun for example_params_trigger_ui to None, run_after=None
[2025-11-14T11:25:04.028+0530] {processor.py:183} INFO - Processing /home/logi/txtai/venv/lib/python3.10/site-packages/airflow/example_dags/example_params_trigger_ui.py took 0.214 seconds
[2025-11-14T11:25:34.315+0530] {processor.py:161} INFO - Started process (PID=20619) to work on /home/logi/txtai/venv/lib/python3.10/site-packages/airflow/example_dags/example_params_trigger_ui.py
[2025-11-14T11:25:34.327+0530] {processor.py:830} INFO - Processing file /home/logi/txtai/venv/lib/python3.10/site-packages/airflow/example_dags/example_params_trigger_ui.py for tasks to queue
[2025-11-14T11:25:34.334+0530] {logging_mixin.py:188} INFO - [2025-11-14T11:25:34.333+0530] {dagbag.py:545} INFO - Filling up the DagBag from /home/logi/txtai/venv/lib/python3.10/site-packages/airflow/example_dags/example_params_trigger_ui.py
[2025-11-14T11:25:34.363+0530] {processor.py:840} INFO - DAG(s) 'example_params_trigger_ui' retrieved from /home/logi/txtai/venv/lib/python3.10/site-packages/airflow/example_dags/example_params_trigger_ui.py
[2025-11-14T11:25:34.459+0530] {logging_mixin.py:188} INFO - [2025-11-14T11:25:34.458+0530] {dag.py:3089} INFO - Sync 1 DAGs
[2025-11-14T11:25:34.483+0530] {logging_mixin.py:188} INFO - [2025-11-14T11:25:34.482+0530] {dag.py:3947} INFO - Setting next_dagrun for example_params_trigger_ui to None, run_after=None
[2025-11-14T11:25:34.542+0530] {processor.py:183} INFO - Processing /home/logi/txtai/venv/lib/python3.10/site-packages/airflow/example_dags/example_params_trigger_ui.py took 0.254 seconds
[2025-11-14T11:26:04.694+0530] {processor.py:161} INFO - Started process (PID=20780) to work on /home/logi/txtai/venv/lib/python3.10/site-packages/airflow/example_dags/example_params_trigger_ui.py
[2025-11-14T11:26:04.696+0530] {processor.py:830} INFO - Processing file /home/logi/txtai/venv/lib/python3.10/site-packages/airflow/example_dags/example_params_trigger_ui.py for tasks to queue
[2025-11-14T11:26:04.702+0530] {logging_mixin.py:188} INFO - [2025-11-14T11:26:04.701+0530] {dagbag.py:545} INFO - Filling up the DagBag from /home/logi/txtai/venv/lib/python3.10/site-packages/airflow/example_dags/example_params_trigger_ui.py
[2025-11-14T11:26:04.726+0530] {processor.py:840} INFO - DAG(s) 'example_params_trigger_ui' retrieved from /home/logi/txtai/venv/lib/python3.10/site-packages/airflow/example_dags/example_params_trigger_ui.py
[2025-11-14T11:26:04.821+0530] {logging_mixin.py:188} INFO - [2025-11-14T11:26:04.821+0530] {dag.py:3089} INFO - Sync 1 DAGs
[2025-11-14T11:26:04.842+0530] {logging_mixin.py:188} INFO - [2025-11-14T11:26:04.841+0530] {dag.py:3947} INFO - Setting next_dagrun for example_params_trigger_ui to None, run_after=None
[2025-11-14T11:26:04.884+0530] {processor.py:183} INFO - Processing /home/logi/txtai/venv/lib/python3.10/site-packages/airflow/example_dags/example_params_trigger_ui.py took 0.209 seconds
[2025-11-14T11:26:35.426+0530] {processor.py:161} INFO - Started process (PID=20937) to work on /home/logi/txtai/venv/lib/python3.10/site-packages/airflow/example_dags/example_params_trigger_ui.py
[2025-11-14T11:26:35.428+0530] {processor.py:830} INFO - Processing file /home/logi/txtai/venv/lib/python3.10/site-packages/airflow/example_dags/example_params_trigger_ui.py for tasks to queue
[2025-11-14T11:26:35.431+0530] {logging_mixin.py:188} INFO - [2025-11-14T11:26:35.431+0530] {dagbag.py:545} INFO - Filling up the DagBag from /home/logi/txtai/venv/lib/python3.10/site-packages/airflow/example_dags/example_params_trigger_ui.py
[2025-11-14T11:26:35.452+0530] {processor.py:840} INFO - DAG(s) 'example_params_trigger_ui' retrieved from /home/logi/txtai/venv/lib/python3.10/site-packages/airflow/example_dags/example_params_trigger_ui.py
[2025-11-14T11:26:35.519+0530] {logging_mixin.py:188} INFO - [2025-11-14T11:26:35.518+0530] {dag.py:3089} INFO - Sync 1 DAGs
[2025-11-14T11:26:35.538+0530] {logging_mixin.py:188} INFO - [2025-11-14T11:26:35.537+0530] {dag.py:3947} INFO - Setting next_dagrun for example_params_trigger_ui to None, run_after=None
[2025-11-14T11:26:35.578+0530] {processor.py:183} INFO - Processing /home/logi/txtai/venv/lib/python3.10/site-packages/airflow/example_dags/example_params_trigger_ui.py took 0.173 seconds
[2025-11-14T11:27:06.441+0530] {processor.py:161} INFO - Started process (PID=21095) to work on /home/logi/txtai/venv/lib/python3.10/site-packages/airflow/example_dags/example_params_trigger_ui.py
[2025-11-14T11:27:06.443+0530] {processor.py:830} INFO - Processing file /home/logi/txtai/venv/lib/python3.10/site-packages/airflow/example_dags/example_params_trigger_ui.py for tasks to queue
[2025-11-14T11:27:06.446+0530] {logging_mixin.py:188} INFO - [2025-11-14T11:27:06.445+0530] {dagbag.py:545} INFO - Filling up the DagBag from /home/logi/txtai/venv/lib/python3.10/site-packages/airflow/example_dags/example_params_trigger_ui.py
[2025-11-14T11:27:06.465+0530] {processor.py:840} INFO - DAG(s) 'example_params_trigger_ui' retrieved from /home/logi/txtai/venv/lib/python3.10/site-packages/airflow/example_dags/example_params_trigger_ui.py
[2025-11-14T11:27:06.536+0530] {logging_mixin.py:188} INFO - [2025-11-14T11:27:06.535+0530] {dag.py:3089} INFO - Sync 1 DAGs
[2025-11-14T11:27:06.553+0530] {logging_mixin.py:188} INFO - [2025-11-14T11:27:06.553+0530] {dag.py:3947} INFO - Setting next_dagrun for example_params_trigger_ui to None, run_after=None
[2025-11-14T11:27:06.599+0530] {processor.py:183} INFO - Processing /home/logi/txtai/venv/lib/python3.10/site-packages/airflow/example_dags/example_params_trigger_ui.py took 0.173 seconds
[2025-11-14T11:27:37.188+0530] {processor.py:161} INFO - Started process (PID=21255) to work on /home/logi/txtai/venv/lib/python3.10/site-packages/airflow/example_dags/example_params_trigger_ui.py
[2025-11-14T11:27:37.189+0530] {processor.py:830} INFO - Processing file /home/logi/txtai/venv/lib/python3.10/site-packages/airflow/example_dags/example_params_trigger_ui.py for tasks to queue
[2025-11-14T11:27:37.193+0530] {logging_mixin.py:188} INFO - [2025-11-14T11:27:37.192+0530] {dagbag.py:545} INFO - Filling up the DagBag from /home/logi/txtai/venv/lib/python3.10/site-packages/airflow/example_dags/example_params_trigger_ui.py
[2025-11-14T11:27:37.212+0530] {processor.py:840} INFO - DAG(s) 'example_params_trigger_ui' retrieved from /home/logi/txtai/venv/lib/python3.10/site-packages/airflow/example_dags/example_params_trigger_ui.py
[2025-11-14T11:27:37.286+0530] {logging_mixin.py:188} INFO - [2025-11-14T11:27:37.285+0530] {dag.py:3089} INFO - Sync 1 DAGs
[2025-11-14T11:27:37.308+0530] {logging_mixin.py:188} INFO - [2025-11-14T11:27:37.307+0530] {dag.py:3947} INFO - Setting next_dagrun for example_params_trigger_ui to None, run_after=None
[2025-11-14T11:27:37.356+0530] {processor.py:183} INFO - Processing /home/logi/txtai/venv/lib/python3.10/site-packages/airflow/example_dags/example_params_trigger_ui.py took 0.185 seconds
[2025-11-14T11:28:07.469+0530] {processor.py:161} INFO - Started process (PID=21416) to work on /home/logi/txtai/venv/lib/python3.10/site-packages/airflow/example_dags/example_params_trigger_ui.py
[2025-11-14T11:28:07.471+0530] {processor.py:830} INFO - Processing file /home/logi/txtai/venv/lib/python3.10/site-packages/airflow/example_dags/example_params_trigger_ui.py for tasks to queue
[2025-11-14T11:28:07.474+0530] {logging_mixin.py:188} INFO - [2025-11-14T11:28:07.474+0530] {dagbag.py:545} INFO - Filling up the DagBag from /home/logi/txtai/venv/lib/python3.10/site-packages/airflow/example_dags/example_params_trigger_ui.py
[2025-11-14T11:28:07.491+0530] {processor.py:840} INFO - DAG(s) 'example_params_trigger_ui' retrieved from /home/logi/txtai/venv/lib/python3.10/site-packages/airflow/example_dags/example_params_trigger_ui.py
[2025-11-14T11:28:07.581+0530] {logging_mixin.py:188} INFO - [2025-11-14T11:28:07.580+0530] {dag.py:3089} INFO - Sync 1 DAGs
[2025-11-14T11:28:07.596+0530] {logging_mixin.py:188} INFO - [2025-11-14T11:28:07.596+0530] {dag.py:3947} INFO - Setting next_dagrun for example_params_trigger_ui to None, run_after=None
[2025-11-14T11:28:07.646+0530] {processor.py:183} INFO - Processing /home/logi/txtai/venv/lib/python3.10/site-packages/airflow/example_dags/example_params_trigger_ui.py took 0.189 seconds
[2025-11-14T11:28:38.109+0530] {processor.py:161} INFO - Started process (PID=21770) to work on /home/logi/txtai/venv/lib/python3.10/site-packages/airflow/example_dags/example_params_trigger_ui.py
[2025-11-14T11:28:38.110+0530] {processor.py:830} INFO - Processing file /home/logi/txtai/venv/lib/python3.10/site-packages/airflow/example_dags/example_params_trigger_ui.py for tasks to queue
[2025-11-14T11:28:38.112+0530] {logging_mixin.py:188} INFO - [2025-11-14T11:28:38.112+0530] {dagbag.py:545} INFO - Filling up the DagBag from /home/logi/txtai/venv/lib/python3.10/site-packages/airflow/example_dags/example_params_trigger_ui.py
[2025-11-14T11:28:38.120+0530] {processor.py:840} INFO - DAG(s) 'example_params_trigger_ui' retrieved from /home/logi/txtai/venv/lib/python3.10/site-packages/airflow/example_dags/example_params_trigger_ui.py
[2025-11-14T11:28:38.207+0530] {logging_mixin.py:188} INFO - [2025-11-14T11:28:38.206+0530] {dag.py:3089} INFO - Sync 1 DAGs
[2025-11-14T11:28:38.219+0530] {logging_mixin.py:188} INFO - [2025-11-14T11:28:38.219+0530] {dag.py:3947} INFO - Setting next_dagrun for example_params_trigger_ui to None, run_after=None
[2025-11-14T11:28:38.250+0530] {processor.py:183} INFO - Processing /home/logi/txtai/venv/lib/python3.10/site-packages/airflow/example_dags/example_params_trigger_ui.py took 0.148 seconds
[2025-11-14T11:29:08.459+0530] {processor.py:161} INFO - Started process (PID=21940) to work on /home/logi/txtai/venv/lib/python3.10/site-packages/airflow/example_dags/example_params_trigger_ui.py
[2025-11-14T11:29:08.461+0530] {processor.py:830} INFO - Processing file /home/logi/txtai/venv/lib/python3.10/site-packages/airflow/example_dags/example_params_trigger_ui.py for tasks to queue
[2025-11-14T11:29:08.465+0530] {logging_mixin.py:188} INFO - [2025-11-14T11:29:08.464+0530] {dagbag.py:545} INFO - Filling up the DagBag from /home/logi/txtai/venv/lib/python3.10/site-packages/airflow/example_dags/example_params_trigger_ui.py
[2025-11-14T11:29:08.479+0530] {processor.py:840} INFO - DAG(s) 'example_params_trigger_ui' retrieved from /home/logi/txtai/venv/lib/python3.10/site-packages/airflow/example_dags/example_params_trigger_ui.py
[2025-11-14T11:29:08.562+0530] {logging_mixin.py:188} INFO - [2025-11-14T11:29:08.561+0530] {dag.py:3089} INFO - Sync 1 DAGs
[2025-11-14T11:29:08.585+0530] {logging_mixin.py:188} INFO - [2025-11-14T11:29:08.585+0530] {dag.py:3947} INFO - Setting next_dagrun for example_params_trigger_ui to None, run_after=None
[2025-11-14T11:29:08.638+0530] {processor.py:183} INFO - Processing /home/logi/txtai/venv/lib/python3.10/site-packages/airflow/example_dags/example_params_trigger_ui.py took 0.194 seconds
[2025-11-14T11:29:38.823+0530] {processor.py:161} INFO - Started process (PID=22131) to work on /home/logi/txtai/venv/lib/python3.10/site-packages/airflow/example_dags/example_params_trigger_ui.py
[2025-11-14T11:29:38.825+0530] {processor.py:830} INFO - Processing file /home/logi/txtai/venv/lib/python3.10/site-packages/airflow/example_dags/example_params_trigger_ui.py for tasks to queue
[2025-11-14T11:29:38.827+0530] {logging_mixin.py:188} INFO - [2025-11-14T11:29:38.827+0530] {dagbag.py:545} INFO - Filling up the DagBag from /home/logi/txtai/venv/lib/python3.10/site-packages/airflow/example_dags/example_params_trigger_ui.py
[2025-11-14T11:29:38.843+0530] {processor.py:840} INFO - DAG(s) 'example_params_trigger_ui' retrieved from /home/logi/txtai/venv/lib/python3.10/site-packages/airflow/example_dags/example_params_trigger_ui.py
[2025-11-14T11:29:38.953+0530] {logging_mixin.py:188} INFO - [2025-11-14T11:29:38.953+0530] {dag.py:3089} INFO - Sync 1 DAGs
[2025-11-14T11:29:38.968+0530] {logging_mixin.py:188} INFO - [2025-11-14T11:29:38.968+0530] {dag.py:3947} INFO - Setting next_dagrun for example_params_trigger_ui to None, run_after=None
[2025-11-14T11:29:38.992+0530] {processor.py:183} INFO - Processing /home/logi/txtai/venv/lib/python3.10/site-packages/airflow/example_dags/example_params_trigger_ui.py took 0.182 seconds
[2025-11-14T11:30:09.868+0530] {processor.py:161} INFO - Started process (PID=22498) to work on /home/logi/txtai/venv/lib/python3.10/site-packages/airflow/example_dags/example_params_trigger_ui.py
[2025-11-14T11:30:09.871+0530] {processor.py:830} INFO - Processing file /home/logi/txtai/venv/lib/python3.10/site-packages/airflow/example_dags/example_params_trigger_ui.py for tasks to queue
[2025-11-14T11:30:09.873+0530] {logging_mixin.py:188} INFO - [2025-11-14T11:30:09.872+0530] {dagbag.py:545} INFO - Filling up the DagBag from /home/logi/txtai/venv/lib/python3.10/site-packages/airflow/example_dags/example_params_trigger_ui.py
[2025-11-14T11:30:09.888+0530] {processor.py:840} INFO - DAG(s) 'example_params_trigger_ui' retrieved from /home/logi/txtai/venv/lib/python3.10/site-packages/airflow/example_dags/example_params_trigger_ui.py
[2025-11-14T11:30:09.964+0530] {logging_mixin.py:188} INFO - [2025-11-14T11:30:09.964+0530] {dag.py:3089} INFO - Sync 1 DAGs
[2025-11-14T11:30:09.985+0530] {logging_mixin.py:188} INFO - [2025-11-14T11:30:09.985+0530] {dag.py:3947} INFO - Setting next_dagrun for example_params_trigger_ui to None, run_after=None
[2025-11-14T11:30:10.025+0530] {processor.py:183} INFO - Processing /home/logi/txtai/venv/lib/python3.10/site-packages/airflow/example_dags/example_params_trigger_ui.py took 0.176 seconds
[2025-11-14T11:30:40.178+0530] {processor.py:161} INFO - Started process (PID=22664) to work on /home/logi/txtai/venv/lib/python3.10/site-packages/airflow/example_dags/example_params_trigger_ui.py
[2025-11-14T11:30:40.182+0530] {processor.py:830} INFO - Processing file /home/logi/txtai/venv/lib/python3.10/site-packages/airflow/example_dags/example_params_trigger_ui.py for tasks to queue
[2025-11-14T11:30:40.184+0530] {logging_mixin.py:188} INFO - [2025-11-14T11:30:40.183+0530] {dagbag.py:545} INFO - Filling up the DagBag from /home/logi/txtai/venv/lib/python3.10/site-packages/airflow/example_dags/example_params_trigger_ui.py
[2025-11-14T11:30:40.203+0530] {processor.py:840} INFO - DAG(s) 'example_params_trigger_ui' retrieved from /home/logi/txtai/venv/lib/python3.10/site-packages/airflow/example_dags/example_params_trigger_ui.py
[2025-11-14T11:30:40.306+0530] {logging_mixin.py:188} INFO - [2025-11-14T11:30:40.306+0530] {dag.py:3089} INFO - Sync 1 DAGs
[2025-11-14T11:30:40.330+0530] {logging_mixin.py:188} INFO - [2025-11-14T11:30:40.329+0530] {dag.py:3947} INFO - Setting next_dagrun for example_params_trigger_ui to None, run_after=None
[2025-11-14T11:30:40.372+0530] {processor.py:183} INFO - Processing /home/logi/txtai/venv/lib/python3.10/site-packages/airflow/example_dags/example_params_trigger_ui.py took 0.216 seconds
[2025-11-14T11:31:10.788+0530] {processor.py:161} INFO - Started process (PID=22922) to work on /home/logi/txtai/venv/lib/python3.10/site-packages/airflow/example_dags/example_params_trigger_ui.py
[2025-11-14T11:31:10.790+0530] {processor.py:830} INFO - Processing file /home/logi/txtai/venv/lib/python3.10/site-packages/airflow/example_dags/example_params_trigger_ui.py for tasks to queue
[2025-11-14T11:31:10.792+0530] {logging_mixin.py:188} INFO - [2025-11-14T11:31:10.792+0530] {dagbag.py:545} INFO - Filling up the DagBag from /home/logi/txtai/venv/lib/python3.10/site-packages/airflow/example_dags/example_params_trigger_ui.py
[2025-11-14T11:31:10.802+0530] {processor.py:840} INFO - DAG(s) 'example_params_trigger_ui' retrieved from /home/logi/txtai/venv/lib/python3.10/site-packages/airflow/example_dags/example_params_trigger_ui.py
[2025-11-14T11:31:10.894+0530] {logging_mixin.py:188} INFO - [2025-11-14T11:31:10.894+0530] {dag.py:3089} INFO - Sync 1 DAGs
[2025-11-14T11:31:10.920+0530] {logging_mixin.py:188} INFO - [2025-11-14T11:31:10.919+0530] {dag.py:3947} INFO - Setting next_dagrun for example_params_trigger_ui to None, run_after=None
[2025-11-14T11:31:10.968+0530] {processor.py:183} INFO - Processing /home/logi/txtai/venv/lib/python3.10/site-packages/airflow/example_dags/example_params_trigger_ui.py took 0.188 seconds
[2025-11-14T11:31:41.208+0530] {processor.py:161} INFO - Started process (PID=23555) to work on /home/logi/txtai/venv/lib/python3.10/site-packages/airflow/example_dags/example_params_trigger_ui.py
[2025-11-14T11:31:41.210+0530] {processor.py:830} INFO - Processing file /home/logi/txtai/venv/lib/python3.10/site-packages/airflow/example_dags/example_params_trigger_ui.py for tasks to queue
[2025-11-14T11:31:41.215+0530] {logging_mixin.py:188} INFO - [2025-11-14T11:31:41.215+0530] {dagbag.py:545} INFO - Filling up the DagBag from /home/logi/txtai/venv/lib/python3.10/site-packages/airflow/example_dags/example_params_trigger_ui.py
[2025-11-14T11:31:41.232+0530] {processor.py:840} INFO - DAG(s) 'example_params_trigger_ui' retrieved from /home/logi/txtai/venv/lib/python3.10/site-packages/airflow/example_dags/example_params_trigger_ui.py
[2025-11-14T11:31:41.308+0530] {logging_mixin.py:188} INFO - [2025-11-14T11:31:41.307+0530] {dag.py:3089} INFO - Sync 1 DAGs
[2025-11-14T11:31:41.330+0530] {logging_mixin.py:188} INFO - [2025-11-14T11:31:41.330+0530] {dag.py:3947} INFO - Setting next_dagrun for example_params_trigger_ui to None, run_after=None
[2025-11-14T11:31:41.371+0530] {processor.py:183} INFO - Processing /home/logi/txtai/venv/lib/python3.10/site-packages/airflow/example_dags/example_params_trigger_ui.py took 0.180 seconds
[2025-11-14T11:32:11.945+0530] {processor.py:161} INFO - Started process (PID=23726) to work on /home/logi/txtai/venv/lib/python3.10/site-packages/airflow/example_dags/example_params_trigger_ui.py
[2025-11-14T11:32:11.947+0530] {processor.py:830} INFO - Processing file /home/logi/txtai/venv/lib/python3.10/site-packages/airflow/example_dags/example_params_trigger_ui.py for tasks to queue
[2025-11-14T11:32:11.949+0530] {logging_mixin.py:188} INFO - [2025-11-14T11:32:11.949+0530] {dagbag.py:545} INFO - Filling up the DagBag from /home/logi/txtai/venv/lib/python3.10/site-packages/airflow/example_dags/example_params_trigger_ui.py
[2025-11-14T11:32:11.964+0530] {processor.py:840} INFO - DAG(s) 'example_params_trigger_ui' retrieved from /home/logi/txtai/venv/lib/python3.10/site-packages/airflow/example_dags/example_params_trigger_ui.py
[2025-11-14T11:32:12.073+0530] {logging_mixin.py:188} INFO - [2025-11-14T11:32:12.073+0530] {dag.py:3089} INFO - Sync 1 DAGs
[2025-11-14T11:32:12.087+0530] {logging_mixin.py:188} INFO - [2025-11-14T11:32:12.087+0530] {dag.py:3947} INFO - Setting next_dagrun for example_params_trigger_ui to None, run_after=None
[2025-11-14T11:32:12.127+0530] {processor.py:183} INFO - Processing /home/logi/txtai/venv/lib/python3.10/site-packages/airflow/example_dags/example_params_trigger_ui.py took 0.192 seconds
[2025-11-14T11:32:42.225+0530] {processor.py:161} INFO - Started process (PID=23888) to work on /home/logi/txtai/venv/lib/python3.10/site-packages/airflow/example_dags/example_params_trigger_ui.py
[2025-11-14T11:32:42.226+0530] {processor.py:830} INFO - Processing file /home/logi/txtai/venv/lib/python3.10/site-packages/airflow/example_dags/example_params_trigger_ui.py for tasks to queue
[2025-11-14T11:32:42.228+0530] {logging_mixin.py:188} INFO - [2025-11-14T11:32:42.228+0530] {dagbag.py:545} INFO - Filling up the DagBag from /home/logi/txtai/venv/lib/python3.10/site-packages/airflow/example_dags/example_params_trigger_ui.py
[2025-11-14T11:32:42.237+0530] {processor.py:840} INFO - DAG(s) 'example_params_trigger_ui' retrieved from /home/logi/txtai/venv/lib/python3.10/site-packages/airflow/example_dags/example_params_trigger_ui.py
[2025-11-14T11:32:42.295+0530] {logging_mixin.py:188} INFO - [2025-11-14T11:32:42.295+0530] {dag.py:3089} INFO - Sync 1 DAGs
[2025-11-14T11:32:42.307+0530] {logging_mixin.py:188} INFO - [2025-11-14T11:32:42.307+0530] {dag.py:3947} INFO - Setting next_dagrun for example_params_trigger_ui to None, run_after=None
[2025-11-14T11:32:42.328+0530] {processor.py:183} INFO - Processing /home/logi/txtai/venv/lib/python3.10/site-packages/airflow/example_dags/example_params_trigger_ui.py took 0.111 seconds
[2025-11-14T11:33:12.632+0530] {processor.py:161} INFO - Started process (PID=24052) to work on /home/logi/txtai/venv/lib/python3.10/site-packages/airflow/example_dags/example_params_trigger_ui.py
[2025-11-14T11:33:12.633+0530] {processor.py:830} INFO - Processing file /home/logi/txtai/venv/lib/python3.10/site-packages/airflow/example_dags/example_params_trigger_ui.py for tasks to queue
[2025-11-14T11:33:12.636+0530] {logging_mixin.py:188} INFO - [2025-11-14T11:33:12.636+0530] {dagbag.py:545} INFO - Filling up the DagBag from /home/logi/txtai/venv/lib/python3.10/site-packages/airflow/example_dags/example_params_trigger_ui.py
[2025-11-14T11:33:12.650+0530] {processor.py:840} INFO - DAG(s) 'example_params_trigger_ui' retrieved from /home/logi/txtai/venv/lib/python3.10/site-packages/airflow/example_dags/example_params_trigger_ui.py
[2025-11-14T11:33:12.751+0530] {logging_mixin.py:188} INFO - [2025-11-14T11:33:12.751+0530] {dag.py:3089} INFO - Sync 1 DAGs
[2025-11-14T11:33:12.763+0530] {logging_mixin.py:188} INFO - [2025-11-14T11:33:12.763+0530] {dag.py:3947} INFO - Setting next_dagrun for example_params_trigger_ui to None, run_after=None
[2025-11-14T11:33:12.811+0530] {processor.py:183} INFO - Processing /home/logi/txtai/venv/lib/python3.10/site-packages/airflow/example_dags/example_params_trigger_ui.py took 0.190 seconds
[2025-11-14T11:33:43.245+0530] {processor.py:161} INFO - Started process (PID=24303) to work on /home/logi/txtai/venv/lib/python3.10/site-packages/airflow/example_dags/example_params_trigger_ui.py
[2025-11-14T11:33:43.246+0530] {processor.py:830} INFO - Processing file /home/logi/txtai/venv/lib/python3.10/site-packages/airflow/example_dags/example_params_trigger_ui.py for tasks to queue
[2025-11-14T11:33:43.248+0530] {logging_mixin.py:188} INFO - [2025-11-14T11:33:43.247+0530] {dagbag.py:545} INFO - Filling up the DagBag from /home/logi/txtai/venv/lib/python3.10/site-packages/airflow/example_dags/example_params_trigger_ui.py
[2025-11-14T11:33:43.256+0530] {processor.py:840} INFO - DAG(s) 'example_params_trigger_ui' retrieved from /home/logi/txtai/venv/lib/python3.10/site-packages/airflow/example_dags/example_params_trigger_ui.py
[2025-11-14T11:33:43.334+0530] {logging_mixin.py:188} INFO - [2025-11-14T11:33:43.334+0530] {dag.py:3089} INFO - Sync 1 DAGs
[2025-11-14T11:33:43.346+0530] {logging_mixin.py:188} INFO - [2025-11-14T11:33:43.346+0530] {dag.py:3947} INFO - Setting next_dagrun for example_params_trigger_ui to None, run_after=None
[2025-11-14T11:33:43.371+0530] {processor.py:183} INFO - Processing /home/logi/txtai/venv/lib/python3.10/site-packages/airflow/example_dags/example_params_trigger_ui.py took 0.132 seconds
[2025-11-14T11:35:03.014+0530] {processor.py:161} INFO - Started process (PID=24671) to work on /home/logi/txtai/venv/lib/python3.10/site-packages/airflow/example_dags/example_params_trigger_ui.py
[2025-11-14T11:35:03.016+0530] {processor.py:830} INFO - Processing file /home/logi/txtai/venv/lib/python3.10/site-packages/airflow/example_dags/example_params_trigger_ui.py for tasks to queue
[2025-11-14T11:35:03.019+0530] {logging_mixin.py:188} INFO - [2025-11-14T11:35:03.018+0530] {dagbag.py:545} INFO - Filling up the DagBag from /home/logi/txtai/venv/lib/python3.10/site-packages/airflow/example_dags/example_params_trigger_ui.py
[2025-11-14T11:35:03.033+0530] {processor.py:840} INFO - DAG(s) 'example_params_trigger_ui' retrieved from /home/logi/txtai/venv/lib/python3.10/site-packages/airflow/example_dags/example_params_trigger_ui.py
[2025-11-14T11:35:03.137+0530] {logging_mixin.py:188} INFO - [2025-11-14T11:35:03.137+0530] {dag.py:3089} INFO - Sync 1 DAGs
[2025-11-14T11:35:03.149+0530] {logging_mixin.py:188} INFO - [2025-11-14T11:35:03.149+0530] {dag.py:3947} INFO - Setting next_dagrun for example_params_trigger_ui to None, run_after=None
[2025-11-14T11:35:03.182+0530] {processor.py:183} INFO - Processing /home/logi/txtai/venv/lib/python3.10/site-packages/airflow/example_dags/example_params_trigger_ui.py took 0.180 seconds
[2025-11-14T11:40:45.611+0530] {processor.py:161} INFO - Started process (PID=26191) to work on /home/logi/txtai/venv/lib/python3.10/site-packages/airflow/example_dags/example_params_trigger_ui.py
[2025-11-14T11:40:45.613+0530] {processor.py:830} INFO - Processing file /home/logi/txtai/venv/lib/python3.10/site-packages/airflow/example_dags/example_params_trigger_ui.py for tasks to queue
[2025-11-14T11:40:45.616+0530] {logging_mixin.py:188} INFO - [2025-11-14T11:40:45.615+0530] {dagbag.py:545} INFO - Filling up the DagBag from /home/logi/txtai/venv/lib/python3.10/site-packages/airflow/example_dags/example_params_trigger_ui.py
[2025-11-14T11:40:45.631+0530] {processor.py:840} INFO - DAG(s) 'example_params_trigger_ui' retrieved from /home/logi/txtai/venv/lib/python3.10/site-packages/airflow/example_dags/example_params_trigger_ui.py
[2025-11-14T11:40:45.728+0530] {logging_mixin.py:188} INFO - [2025-11-14T11:40:45.728+0530] {dag.py:3089} INFO - Sync 1 DAGs
[2025-11-14T11:40:45.743+0530] {logging_mixin.py:188} INFO - [2025-11-14T11:40:45.742+0530] {dag.py:3947} INFO - Setting next_dagrun for example_params_trigger_ui to None, run_after=None
[2025-11-14T11:40:45.778+0530] {processor.py:183} INFO - Processing /home/logi/txtai/venv/lib/python3.10/site-packages/airflow/example_dags/example_params_trigger_ui.py took 0.177 seconds
[2025-11-14T11:41:15.955+0530] {processor.py:161} INFO - Started process (PID=26450) to work on /home/logi/txtai/venv/lib/python3.10/site-packages/airflow/example_dags/example_params_trigger_ui.py
[2025-11-14T11:41:15.957+0530] {processor.py:830} INFO - Processing file /home/logi/txtai/venv/lib/python3.10/site-packages/airflow/example_dags/example_params_trigger_ui.py for tasks to queue
[2025-11-14T11:41:15.960+0530] {logging_mixin.py:188} INFO - [2025-11-14T11:41:15.959+0530] {dagbag.py:545} INFO - Filling up the DagBag from /home/logi/txtai/venv/lib/python3.10/site-packages/airflow/example_dags/example_params_trigger_ui.py
[2025-11-14T11:41:15.975+0530] {processor.py:840} INFO - DAG(s) 'example_params_trigger_ui' retrieved from /home/logi/txtai/venv/lib/python3.10/site-packages/airflow/example_dags/example_params_trigger_ui.py
[2025-11-14T11:41:16.072+0530] {logging_mixin.py:188} INFO - [2025-11-14T11:41:16.072+0530] {dag.py:3089} INFO - Sync 1 DAGs
[2025-11-14T11:41:16.084+0530] {logging_mixin.py:188} INFO - [2025-11-14T11:41:16.084+0530] {dag.py:3947} INFO - Setting next_dagrun for example_params_trigger_ui to None, run_after=None
[2025-11-14T11:41:16.118+0530] {processor.py:183} INFO - Processing /home/logi/txtai/venv/lib/python3.10/site-packages/airflow/example_dags/example_params_trigger_ui.py took 0.174 seconds
[2025-11-14T11:41:47.404+0530] {processor.py:161} INFO - Started process (PID=26617) to work on /home/logi/txtai/venv/lib/python3.10/site-packages/airflow/example_dags/example_params_trigger_ui.py
[2025-11-14T11:41:47.406+0530] {processor.py:830} INFO - Processing file /home/logi/txtai/venv/lib/python3.10/site-packages/airflow/example_dags/example_params_trigger_ui.py for tasks to queue
[2025-11-14T11:41:47.409+0530] {logging_mixin.py:188} INFO - [2025-11-14T11:41:47.408+0530] {dagbag.py:545} INFO - Filling up the DagBag from /home/logi/txtai/venv/lib/python3.10/site-packages/airflow/example_dags/example_params_trigger_ui.py
[2025-11-14T11:41:47.426+0530] {processor.py:840} INFO - DAG(s) 'example_params_trigger_ui' retrieved from /home/logi/txtai/venv/lib/python3.10/site-packages/airflow/example_dags/example_params_trigger_ui.py
[2025-11-14T11:41:47.516+0530] {logging_mixin.py:188} INFO - [2025-11-14T11:41:47.515+0530] {dag.py:3089} INFO - Sync 1 DAGs
[2025-11-14T11:41:47.528+0530] {logging_mixin.py:188} INFO - [2025-11-14T11:41:47.528+0530] {dag.py:3947} INFO - Setting next_dagrun for example_params_trigger_ui to None, run_after=None
[2025-11-14T11:41:47.550+0530] {processor.py:183} INFO - Processing /home/logi/txtai/venv/lib/python3.10/site-packages/airflow/example_dags/example_params_trigger_ui.py took 0.158 seconds
[2025-11-14T11:42:18.423+0530] {processor.py:161} INFO - Started process (PID=26760) to work on /home/logi/txtai/venv/lib/python3.10/site-packages/airflow/example_dags/example_params_trigger_ui.py
[2025-11-14T11:42:18.425+0530] {processor.py:830} INFO - Processing file /home/logi/txtai/venv/lib/python3.10/site-packages/airflow/example_dags/example_params_trigger_ui.py for tasks to queue
[2025-11-14T11:42:18.427+0530] {logging_mixin.py:188} INFO - [2025-11-14T11:42:18.427+0530] {dagbag.py:545} INFO - Filling up the DagBag from /home/logi/txtai/venv/lib/python3.10/site-packages/airflow/example_dags/example_params_trigger_ui.py
[2025-11-14T11:42:18.442+0530] {processor.py:840} INFO - DAG(s) 'example_params_trigger_ui' retrieved from /home/logi/txtai/venv/lib/python3.10/site-packages/airflow/example_dags/example_params_trigger_ui.py
[2025-11-14T11:42:18.549+0530] {logging_mixin.py:188} INFO - [2025-11-14T11:42:18.549+0530] {dag.py:3089} INFO - Sync 1 DAGs
[2025-11-14T11:42:18.563+0530] {logging_mixin.py:188} INFO - [2025-11-14T11:42:18.562+0530] {dag.py:3947} INFO - Setting next_dagrun for example_params_trigger_ui to None, run_after=None
[2025-11-14T11:42:18.597+0530] {processor.py:183} INFO - Processing /home/logi/txtai/venv/lib/python3.10/site-packages/airflow/example_dags/example_params_trigger_ui.py took 0.187 seconds
[2025-11-14T11:42:49.035+0530] {processor.py:161} INFO - Started process (PID=26991) to work on /home/logi/txtai/venv/lib/python3.10/site-packages/airflow/example_dags/example_params_trigger_ui.py
[2025-11-14T11:42:49.037+0530] {processor.py:830} INFO - Processing file /home/logi/txtai/venv/lib/python3.10/site-packages/airflow/example_dags/example_params_trigger_ui.py for tasks to queue
[2025-11-14T11:42:49.040+0530] {logging_mixin.py:188} INFO - [2025-11-14T11:42:49.039+0530] {dagbag.py:545} INFO - Filling up the DagBag from /home/logi/txtai/venv/lib/python3.10/site-packages/airflow/example_dags/example_params_trigger_ui.py
[2025-11-14T11:42:49.055+0530] {processor.py:840} INFO - DAG(s) 'example_params_trigger_ui' retrieved from /home/logi/txtai/venv/lib/python3.10/site-packages/airflow/example_dags/example_params_trigger_ui.py
[2025-11-14T11:42:49.124+0530] {logging_mixin.py:188} INFO - [2025-11-14T11:42:49.124+0530] {dag.py:3089} INFO - Sync 1 DAGs
[2025-11-14T11:42:49.135+0530] {logging_mixin.py:188} INFO - [2025-11-14T11:42:49.135+0530] {dag.py:3947} INFO - Setting next_dagrun for example_params_trigger_ui to None, run_after=None
[2025-11-14T11:42:49.154+0530] {processor.py:183} INFO - Processing /home/logi/txtai/venv/lib/python3.10/site-packages/airflow/example_dags/example_params_trigger_ui.py took 0.131 seconds
[2025-11-14T11:43:14.741+0530] {processor.py:161} INFO - Started process (PID=27366) to work on /home/logi/txtai/venv/lib/python3.10/site-packages/airflow/example_dags/example_params_trigger_ui.py
[2025-11-14T11:43:14.743+0530] {processor.py:830} INFO - Processing file /home/logi/txtai/venv/lib/python3.10/site-packages/airflow/example_dags/example_params_trigger_ui.py for tasks to queue
[2025-11-14T11:43:14.746+0530] {logging_mixin.py:188} INFO - [2025-11-14T11:43:14.746+0530] {dagbag.py:545} INFO - Filling up the DagBag from /home/logi/txtai/venv/lib/python3.10/site-packages/airflow/example_dags/example_params_trigger_ui.py
[2025-11-14T11:43:14.763+0530] {processor.py:840} INFO - DAG(s) 'example_params_trigger_ui' retrieved from /home/logi/txtai/venv/lib/python3.10/site-packages/airflow/example_dags/example_params_trigger_ui.py
[2025-11-14T11:43:14.852+0530] {logging_mixin.py:188} INFO - [2025-11-14T11:43:14.852+0530] {dag.py:3089} INFO - Sync 1 DAGs
[2025-11-14T11:43:14.873+0530] {logging_mixin.py:188} INFO - [2025-11-14T11:43:14.872+0530] {dag.py:3947} INFO - Setting next_dagrun for example_params_trigger_ui to None, run_after=None
[2025-11-14T11:43:14.902+0530] {processor.py:183} INFO - Processing /home/logi/txtai/venv/lib/python3.10/site-packages/airflow/example_dags/example_params_trigger_ui.py took 0.175 seconds
[2025-11-14T11:43:44.993+0530] {processor.py:161} INFO - Started process (PID=27612) to work on /home/logi/txtai/venv/lib/python3.10/site-packages/airflow/example_dags/example_params_trigger_ui.py
[2025-11-14T11:43:44.999+0530] {processor.py:830} INFO - Processing file /home/logi/txtai/venv/lib/python3.10/site-packages/airflow/example_dags/example_params_trigger_ui.py for tasks to queue
[2025-11-14T11:43:45.009+0530] {logging_mixin.py:188} INFO - [2025-11-14T11:43:45.008+0530] {dagbag.py:545} INFO - Filling up the DagBag from /home/logi/txtai/venv/lib/python3.10/site-packages/airflow/example_dags/example_params_trigger_ui.py
[2025-11-14T11:43:45.039+0530] {processor.py:840} INFO - DAG(s) 'example_params_trigger_ui' retrieved from /home/logi/txtai/venv/lib/python3.10/site-packages/airflow/example_dags/example_params_trigger_ui.py
[2025-11-14T11:43:45.149+0530] {logging_mixin.py:188} INFO - [2025-11-14T11:43:45.148+0530] {dag.py:3089} INFO - Sync 1 DAGs
[2025-11-14T11:43:45.173+0530] {logging_mixin.py:188} INFO - [2025-11-14T11:43:45.172+0530] {dag.py:3947} INFO - Setting next_dagrun for example_params_trigger_ui to None, run_after=None
[2025-11-14T11:43:45.218+0530] {processor.py:183} INFO - Processing /home/logi/txtai/venv/lib/python3.10/site-packages/airflow/example_dags/example_params_trigger_ui.py took 0.253 seconds
[2025-11-14T11:44:16.255+0530] {processor.py:161} INFO - Started process (PID=27819) to work on /home/logi/txtai/venv/lib/python3.10/site-packages/airflow/example_dags/example_params_trigger_ui.py
[2025-11-14T11:44:16.257+0530] {processor.py:830} INFO - Processing file /home/logi/txtai/venv/lib/python3.10/site-packages/airflow/example_dags/example_params_trigger_ui.py for tasks to queue
[2025-11-14T11:44:16.259+0530] {logging_mixin.py:188} INFO - [2025-11-14T11:44:16.259+0530] {dagbag.py:545} INFO - Filling up the DagBag from /home/logi/txtai/venv/lib/python3.10/site-packages/airflow/example_dags/example_params_trigger_ui.py
[2025-11-14T11:44:16.274+0530] {processor.py:840} INFO - DAG(s) 'example_params_trigger_ui' retrieved from /home/logi/txtai/venv/lib/python3.10/site-packages/airflow/example_dags/example_params_trigger_ui.py
[2025-11-14T11:44:16.376+0530] {logging_mixin.py:188} INFO - [2025-11-14T11:44:16.375+0530] {dag.py:3089} INFO - Sync 1 DAGs
[2025-11-14T11:44:16.388+0530] {logging_mixin.py:188} INFO - [2025-11-14T11:44:16.388+0530] {dag.py:3947} INFO - Setting next_dagrun for example_params_trigger_ui to None, run_after=None
[2025-11-14T11:44:16.421+0530] {processor.py:183} INFO - Processing /home/logi/txtai/venv/lib/python3.10/site-packages/airflow/example_dags/example_params_trigger_ui.py took 0.177 seconds
[2025-11-14T11:44:47.113+0530] {processor.py:161} INFO - Started process (PID=28010) to work on /home/logi/txtai/venv/lib/python3.10/site-packages/airflow/example_dags/example_params_trigger_ui.py
[2025-11-14T11:44:47.115+0530] {processor.py:830} INFO - Processing file /home/logi/txtai/venv/lib/python3.10/site-packages/airflow/example_dags/example_params_trigger_ui.py for tasks to queue
[2025-11-14T11:44:47.118+0530] {logging_mixin.py:188} INFO - [2025-11-14T11:44:47.117+0530] {dagbag.py:545} INFO - Filling up the DagBag from /home/logi/txtai/venv/lib/python3.10/site-packages/airflow/example_dags/example_params_trigger_ui.py
[2025-11-14T11:44:47.133+0530] {processor.py:840} INFO - DAG(s) 'example_params_trigger_ui' retrieved from /home/logi/txtai/venv/lib/python3.10/site-packages/airflow/example_dags/example_params_trigger_ui.py
[2025-11-14T11:44:47.232+0530] {logging_mixin.py:188} INFO - [2025-11-14T11:44:47.231+0530] {dag.py:3089} INFO - Sync 1 DAGs
[2025-11-14T11:44:47.245+0530] {logging_mixin.py:188} INFO - [2025-11-14T11:44:47.244+0530] {dag.py:3947} INFO - Setting next_dagrun for example_params_trigger_ui to None, run_after=None
[2025-11-14T11:44:47.279+0530] {processor.py:183} INFO - Processing /home/logi/txtai/venv/lib/python3.10/site-packages/airflow/example_dags/example_params_trigger_ui.py took 0.177 seconds
[2025-11-14T11:45:18.470+0530] {processor.py:161} INFO - Started process (PID=28158) to work on /home/logi/txtai/venv/lib/python3.10/site-packages/airflow/example_dags/example_params_trigger_ui.py
[2025-11-14T11:45:18.472+0530] {processor.py:830} INFO - Processing file /home/logi/txtai/venv/lib/python3.10/site-packages/airflow/example_dags/example_params_trigger_ui.py for tasks to queue
[2025-11-14T11:45:18.474+0530] {logging_mixin.py:188} INFO - [2025-11-14T11:45:18.474+0530] {dagbag.py:545} INFO - Filling up the DagBag from /home/logi/txtai/venv/lib/python3.10/site-packages/airflow/example_dags/example_params_trigger_ui.py
[2025-11-14T11:45:18.489+0530] {processor.py:840} INFO - DAG(s) 'example_params_trigger_ui' retrieved from /home/logi/txtai/venv/lib/python3.10/site-packages/airflow/example_dags/example_params_trigger_ui.py
[2025-11-14T11:45:18.592+0530] {logging_mixin.py:188} INFO - [2025-11-14T11:45:18.591+0530] {dag.py:3089} INFO - Sync 1 DAGs
[2025-11-14T11:45:18.604+0530] {logging_mixin.py:188} INFO - [2025-11-14T11:45:18.604+0530] {dag.py:3947} INFO - Setting next_dagrun for example_params_trigger_ui to None, run_after=None
[2025-11-14T11:45:18.642+0530] {processor.py:183} INFO - Processing /home/logi/txtai/venv/lib/python3.10/site-packages/airflow/example_dags/example_params_trigger_ui.py took 0.184 seconds
[2025-11-14T11:45:50.794+0530] {processor.py:161} INFO - Started process (PID=28393) to work on /home/logi/txtai/venv/lib/python3.10/site-packages/airflow/example_dags/example_params_trigger_ui.py
[2025-11-14T11:45:50.795+0530] {processor.py:830} INFO - Processing file /home/logi/txtai/venv/lib/python3.10/site-packages/airflow/example_dags/example_params_trigger_ui.py for tasks to queue
[2025-11-14T11:45:50.798+0530] {logging_mixin.py:188} INFO - [2025-11-14T11:45:50.797+0530] {dagbag.py:545} INFO - Filling up the DagBag from /home/logi/txtai/venv/lib/python3.10/site-packages/airflow/example_dags/example_params_trigger_ui.py
[2025-11-14T11:45:50.813+0530] {processor.py:840} INFO - DAG(s) 'example_params_trigger_ui' retrieved from /home/logi/txtai/venv/lib/python3.10/site-packages/airflow/example_dags/example_params_trigger_ui.py
[2025-11-14T11:45:50.907+0530] {logging_mixin.py:188} INFO - [2025-11-14T11:45:50.906+0530] {dag.py:3089} INFO - Sync 1 DAGs
[2025-11-14T11:45:50.944+0530] {logging_mixin.py:188} INFO - [2025-11-14T11:45:50.943+0530] {dag.py:3947} INFO - Setting next_dagrun for example_params_trigger_ui to None, run_after=None
[2025-11-14T11:45:50.993+0530] {processor.py:183} INFO - Processing /home/logi/txtai/venv/lib/python3.10/site-packages/airflow/example_dags/example_params_trigger_ui.py took 0.222 seconds
[2025-11-14T11:46:21.408+0530] {processor.py:161} INFO - Started process (PID=29075) to work on /home/logi/txtai/venv/lib/python3.10/site-packages/airflow/example_dags/example_params_trigger_ui.py
[2025-11-14T11:46:21.411+0530] {processor.py:830} INFO - Processing file /home/logi/txtai/venv/lib/python3.10/site-packages/airflow/example_dags/example_params_trigger_ui.py for tasks to queue
[2025-11-14T11:46:21.414+0530] {logging_mixin.py:188} INFO - [2025-11-14T11:46:21.414+0530] {dagbag.py:545} INFO - Filling up the DagBag from /home/logi/txtai/venv/lib/python3.10/site-packages/airflow/example_dags/example_params_trigger_ui.py
[2025-11-14T11:46:21.432+0530] {processor.py:840} INFO - DAG(s) 'example_params_trigger_ui' retrieved from /home/logi/txtai/venv/lib/python3.10/site-packages/airflow/example_dags/example_params_trigger_ui.py
[2025-11-14T11:46:21.493+0530] {logging_mixin.py:188} INFO - [2025-11-14T11:46:21.492+0530] {dag.py:3089} INFO - Sync 1 DAGs
[2025-11-14T11:46:21.515+0530] {logging_mixin.py:188} INFO - [2025-11-14T11:46:21.514+0530] {dag.py:3947} INFO - Setting next_dagrun for example_params_trigger_ui to None, run_after=None
[2025-11-14T11:46:21.560+0530] {processor.py:183} INFO - Processing /home/logi/txtai/venv/lib/python3.10/site-packages/airflow/example_dags/example_params_trigger_ui.py took 0.164 seconds
[2025-11-14T11:46:52.163+0530] {processor.py:161} INFO - Started process (PID=29788) to work on /home/logi/txtai/venv/lib/python3.10/site-packages/airflow/example_dags/example_params_trigger_ui.py
[2025-11-14T11:46:52.165+0530] {processor.py:830} INFO - Processing file /home/logi/txtai/venv/lib/python3.10/site-packages/airflow/example_dags/example_params_trigger_ui.py for tasks to queue
[2025-11-14T11:46:52.166+0530] {logging_mixin.py:188} INFO - [2025-11-14T11:46:52.166+0530] {dagbag.py:545} INFO - Filling up the DagBag from /home/logi/txtai/venv/lib/python3.10/site-packages/airflow/example_dags/example_params_trigger_ui.py
[2025-11-14T11:46:52.174+0530] {processor.py:840} INFO - DAG(s) 'example_params_trigger_ui' retrieved from /home/logi/txtai/venv/lib/python3.10/site-packages/airflow/example_dags/example_params_trigger_ui.py
[2025-11-14T11:46:52.233+0530] {logging_mixin.py:188} INFO - [2025-11-14T11:46:52.232+0530] {dag.py:3089} INFO - Sync 1 DAGs
[2025-11-14T11:46:52.245+0530] {logging_mixin.py:188} INFO - [2025-11-14T11:46:52.245+0530] {dag.py:3947} INFO - Setting next_dagrun for example_params_trigger_ui to None, run_after=None
[2025-11-14T11:46:52.265+0530] {processor.py:183} INFO - Processing /home/logi/txtai/venv/lib/python3.10/site-packages/airflow/example_dags/example_params_trigger_ui.py took 0.108 seconds
[2025-11-14T11:47:23.136+0530] {processor.py:161} INFO - Started process (PID=30504) to work on /home/logi/txtai/venv/lib/python3.10/site-packages/airflow/example_dags/example_params_trigger_ui.py
[2025-11-14T11:47:23.137+0530] {processor.py:830} INFO - Processing file /home/logi/txtai/venv/lib/python3.10/site-packages/airflow/example_dags/example_params_trigger_ui.py for tasks to queue
[2025-11-14T11:47:23.139+0530] {logging_mixin.py:188} INFO - [2025-11-14T11:47:23.139+0530] {dagbag.py:545} INFO - Filling up the DagBag from /home/logi/txtai/venv/lib/python3.10/site-packages/airflow/example_dags/example_params_trigger_ui.py
[2025-11-14T11:47:23.154+0530] {processor.py:840} INFO - DAG(s) 'example_params_trigger_ui' retrieved from /home/logi/txtai/venv/lib/python3.10/site-packages/airflow/example_dags/example_params_trigger_ui.py
[2025-11-14T11:47:23.204+0530] {logging_mixin.py:188} INFO - [2025-11-14T11:47:23.204+0530] {dag.py:3089} INFO - Sync 1 DAGs
[2025-11-14T11:47:23.218+0530] {logging_mixin.py:188} INFO - [2025-11-14T11:47:23.218+0530] {dag.py:3947} INFO - Setting next_dagrun for example_params_trigger_ui to None, run_after=None
[2025-11-14T11:47:23.241+0530] {processor.py:183} INFO - Processing /home/logi/txtai/venv/lib/python3.10/site-packages/airflow/example_dags/example_params_trigger_ui.py took 0.113 seconds
