[2025-11-13T05:50:47.810+0530] {processor.py:161} INFO - Started process (PID=6813) to work on /home/logi/txtai/venv/lib/python3.10/site-packages/airflow/example_dags/plugins/event_listener.py
[2025-11-13T05:50:47.812+0530] {processor.py:830} INFO - Processing file /home/logi/txtai/venv/lib/python3.10/site-packages/airflow/example_dags/plugins/event_listener.py for tasks to queue
[2025-11-13T05:50:47.815+0530] {logging_mixin.py:188} INFO - [2025-11-13T05:50:47.814+0530] {dagbag.py:545} INFO - Filling up the DagBag from /home/logi/txtai/venv/lib/python3.10/site-packages/airflow/example_dags/plugins/event_listener.py
[2025-11-13T05:50:47.818+0530] {processor.py:842} WARNING - No viable dags retrieved from /home/logi/txtai/venv/lib/python3.10/site-packages/airflow/example_dags/plugins/event_listener.py
[2025-11-13T05:50:47.831+0530] {processor.py:183} INFO - Processing /home/logi/txtai/venv/lib/python3.10/site-packages/airflow/example_dags/plugins/event_listener.py took 0.031 seconds
[2025-11-13T05:52:22.931+0530] {processor.py:161} INFO - Started process (PID=7797) to work on /home/logi/txtai/venv/lib/python3.10/site-packages/airflow/example_dags/plugins/event_listener.py
[2025-11-13T05:52:22.933+0530] {processor.py:830} INFO - Processing file /home/logi/txtai/venv/lib/python3.10/site-packages/airflow/example_dags/plugins/event_listener.py for tasks to queue
[2025-11-13T05:52:22.936+0530] {logging_mixin.py:188} INFO - [2025-11-13T05:52:22.935+0530] {dagbag.py:545} INFO - Filling up the DagBag from /home/logi/txtai/venv/lib/python3.10/site-packages/airflow/example_dags/plugins/event_listener.py
[2025-11-13T05:52:22.939+0530] {processor.py:842} WARNING - No viable dags retrieved from /home/logi/txtai/venv/lib/python3.10/site-packages/airflow/example_dags/plugins/event_listener.py
[2025-11-13T05:52:22.955+0530] {processor.py:183} INFO - Processing /home/logi/txtai/venv/lib/python3.10/site-packages/airflow/example_dags/plugins/event_listener.py took 0.034 seconds
[2025-11-13T05:53:54.160+0530] {processor.py:161} INFO - Started process (PID=8652) to work on /home/logi/txtai/venv/lib/python3.10/site-packages/airflow/example_dags/plugins/event_listener.py
[2025-11-13T05:53:54.174+0530] {processor.py:830} INFO - Processing file /home/logi/txtai/venv/lib/python3.10/site-packages/airflow/example_dags/plugins/event_listener.py for tasks to queue
[2025-11-13T05:53:54.177+0530] {logging_mixin.py:188} INFO - [2025-11-13T05:53:54.176+0530] {dagbag.py:545} INFO - Filling up the DagBag from /home/logi/txtai/venv/lib/python3.10/site-packages/airflow/example_dags/plugins/event_listener.py
[2025-11-13T05:53:54.180+0530] {processor.py:842} WARNING - No viable dags retrieved from /home/logi/txtai/venv/lib/python3.10/site-packages/airflow/example_dags/plugins/event_listener.py
[2025-11-13T05:53:54.192+0530] {processor.py:183} INFO - Processing /home/logi/txtai/venv/lib/python3.10/site-packages/airflow/example_dags/plugins/event_listener.py took 0.041 seconds
[2025-11-13T05:55:50.942+0530] {processor.py:161} INFO - Started process (PID=9920) to work on /home/logi/txtai/venv/lib/python3.10/site-packages/airflow/example_dags/plugins/event_listener.py
[2025-11-13T05:55:50.955+0530] {processor.py:830} INFO - Processing file /home/logi/txtai/venv/lib/python3.10/site-packages/airflow/example_dags/plugins/event_listener.py for tasks to queue
[2025-11-13T05:55:50.958+0530] {logging_mixin.py:188} INFO - [2025-11-13T05:55:50.958+0530] {dagbag.py:545} INFO - Filling up the DagBag from /home/logi/txtai/venv/lib/python3.10/site-packages/airflow/example_dags/plugins/event_listener.py
[2025-11-13T05:55:50.962+0530] {processor.py:842} WARNING - No viable dags retrieved from /home/logi/txtai/venv/lib/python3.10/site-packages/airflow/example_dags/plugins/event_listener.py
[2025-11-13T05:55:50.981+0530] {processor.py:183} INFO - Processing /home/logi/txtai/venv/lib/python3.10/site-packages/airflow/example_dags/plugins/event_listener.py took 0.050 seconds
[2025-11-13T05:57:59.037+0530] {processor.py:161} INFO - Started process (PID=11102) to work on /home/logi/txtai/venv/lib/python3.10/site-packages/airflow/example_dags/plugins/event_listener.py
[2025-11-13T05:57:59.051+0530] {processor.py:830} INFO - Processing file /home/logi/txtai/venv/lib/python3.10/site-packages/airflow/example_dags/plugins/event_listener.py for tasks to queue
[2025-11-13T05:57:59.054+0530] {logging_mixin.py:188} INFO - [2025-11-13T05:57:59.053+0530] {dagbag.py:545} INFO - Filling up the DagBag from /home/logi/txtai/venv/lib/python3.10/site-packages/airflow/example_dags/plugins/event_listener.py
[2025-11-13T05:57:59.058+0530] {processor.py:842} WARNING - No viable dags retrieved from /home/logi/txtai/venv/lib/python3.10/site-packages/airflow/example_dags/plugins/event_listener.py
[2025-11-13T05:57:59.076+0530] {processor.py:183} INFO - Processing /home/logi/txtai/venv/lib/python3.10/site-packages/airflow/example_dags/plugins/event_listener.py took 0.046 seconds
[2025-11-13T06:00:31.530+0530] {processor.py:161} INFO - Started process (PID=12833) to work on /home/logi/txtai/venv/lib/python3.10/site-packages/airflow/example_dags/plugins/event_listener.py
[2025-11-13T06:00:31.532+0530] {processor.py:830} INFO - Processing file /home/logi/txtai/venv/lib/python3.10/site-packages/airflow/example_dags/plugins/event_listener.py for tasks to queue
[2025-11-13T06:00:31.537+0530] {logging_mixin.py:188} INFO - [2025-11-13T06:00:31.536+0530] {dagbag.py:545} INFO - Filling up the DagBag from /home/logi/txtai/venv/lib/python3.10/site-packages/airflow/example_dags/plugins/event_listener.py
[2025-11-13T06:00:31.541+0530] {processor.py:842} WARNING - No viable dags retrieved from /home/logi/txtai/venv/lib/python3.10/site-packages/airflow/example_dags/plugins/event_listener.py
[2025-11-13T06:00:31.558+0530] {processor.py:183} INFO - Processing /home/logi/txtai/venv/lib/python3.10/site-packages/airflow/example_dags/plugins/event_listener.py took 0.039 seconds
[2025-11-13T06:02:48.281+0530] {processor.py:161} INFO - Started process (PID=14440) to work on /home/logi/txtai/venv/lib/python3.10/site-packages/airflow/example_dags/plugins/event_listener.py
[2025-11-13T06:02:48.295+0530] {processor.py:830} INFO - Processing file /home/logi/txtai/venv/lib/python3.10/site-packages/airflow/example_dags/plugins/event_listener.py for tasks to queue
[2025-11-13T06:02:48.298+0530] {logging_mixin.py:188} INFO - [2025-11-13T06:02:48.297+0530] {dagbag.py:545} INFO - Filling up the DagBag from /home/logi/txtai/venv/lib/python3.10/site-packages/airflow/example_dags/plugins/event_listener.py
[2025-11-13T06:02:48.301+0530] {processor.py:842} WARNING - No viable dags retrieved from /home/logi/txtai/venv/lib/python3.10/site-packages/airflow/example_dags/plugins/event_listener.py
[2025-11-13T06:02:48.311+0530] {processor.py:183} INFO - Processing /home/logi/txtai/venv/lib/python3.10/site-packages/airflow/example_dags/plugins/event_listener.py took 0.039 seconds
[2025-11-13T10:40:38.327+0530] {processor.py:161} INFO - Started process (PID=16994) to work on /home/logi/txtai/venv/lib/python3.10/site-packages/airflow/example_dags/plugins/event_listener.py
[2025-11-13T10:40:38.328+0530] {processor.py:830} INFO - Processing file /home/logi/txtai/venv/lib/python3.10/site-packages/airflow/example_dags/plugins/event_listener.py for tasks to queue
[2025-11-13T10:40:38.330+0530] {logging_mixin.py:188} INFO - [2025-11-13T10:40:38.329+0530] {dagbag.py:545} INFO - Filling up the DagBag from /home/logi/txtai/venv/lib/python3.10/site-packages/airflow/example_dags/plugins/event_listener.py
[2025-11-13T10:40:38.331+0530] {processor.py:842} WARNING - No viable dags retrieved from /home/logi/txtai/venv/lib/python3.10/site-packages/airflow/example_dags/plugins/event_listener.py
[2025-11-13T10:40:38.356+0530] {processor.py:183} INFO - Processing /home/logi/txtai/venv/lib/python3.10/site-packages/airflow/example_dags/plugins/event_listener.py took 0.035 seconds
[2025-11-13T10:41:09.687+0530] {processor.py:161} INFO - Started process (PID=17385) to work on /home/logi/txtai/venv/lib/python3.10/site-packages/airflow/example_dags/plugins/event_listener.py
[2025-11-13T10:41:09.703+0530] {processor.py:830} INFO - Processing file /home/logi/txtai/venv/lib/python3.10/site-packages/airflow/example_dags/plugins/event_listener.py for tasks to queue
[2025-11-13T10:41:09.707+0530] {logging_mixin.py:188} INFO - [2025-11-13T10:41:09.707+0530] {dagbag.py:545} INFO - Filling up the DagBag from /home/logi/txtai/venv/lib/python3.10/site-packages/airflow/example_dags/plugins/event_listener.py
[2025-11-13T10:41:09.709+0530] {processor.py:842} WARNING - No viable dags retrieved from /home/logi/txtai/venv/lib/python3.10/site-packages/airflow/example_dags/plugins/event_listener.py
[2025-11-13T10:41:09.741+0530] {processor.py:183} INFO - Processing /home/logi/txtai/venv/lib/python3.10/site-packages/airflow/example_dags/plugins/event_listener.py took 0.065 seconds
[2025-11-13T10:41:41.481+0530] {processor.py:161} INFO - Started process (PID=18061) to work on /home/logi/txtai/venv/lib/python3.10/site-packages/airflow/example_dags/plugins/event_listener.py
[2025-11-13T10:41:41.484+0530] {processor.py:830} INFO - Processing file /home/logi/txtai/venv/lib/python3.10/site-packages/airflow/example_dags/plugins/event_listener.py for tasks to queue
[2025-11-13T10:41:41.486+0530] {logging_mixin.py:188} INFO - [2025-11-13T10:41:41.486+0530] {dagbag.py:545} INFO - Filling up the DagBag from /home/logi/txtai/venv/lib/python3.10/site-packages/airflow/example_dags/plugins/event_listener.py
[2025-11-13T10:41:41.490+0530] {processor.py:842} WARNING - No viable dags retrieved from /home/logi/txtai/venv/lib/python3.10/site-packages/airflow/example_dags/plugins/event_listener.py
[2025-11-13T10:41:41.525+0530] {processor.py:183} INFO - Processing /home/logi/txtai/venv/lib/python3.10/site-packages/airflow/example_dags/plugins/event_listener.py took 0.056 seconds
[2025-11-13T10:42:12.746+0530] {processor.py:161} INFO - Started process (PID=18640) to work on /home/logi/txtai/venv/lib/python3.10/site-packages/airflow/example_dags/plugins/event_listener.py
[2025-11-13T10:42:12.748+0530] {processor.py:830} INFO - Processing file /home/logi/txtai/venv/lib/python3.10/site-packages/airflow/example_dags/plugins/event_listener.py for tasks to queue
[2025-11-13T10:42:12.751+0530] {logging_mixin.py:188} INFO - [2025-11-13T10:42:12.750+0530] {dagbag.py:545} INFO - Filling up the DagBag from /home/logi/txtai/venv/lib/python3.10/site-packages/airflow/example_dags/plugins/event_listener.py
[2025-11-13T10:42:12.754+0530] {processor.py:842} WARNING - No viable dags retrieved from /home/logi/txtai/venv/lib/python3.10/site-packages/airflow/example_dags/plugins/event_listener.py
[2025-11-13T10:42:12.781+0530] {processor.py:183} INFO - Processing /home/logi/txtai/venv/lib/python3.10/site-packages/airflow/example_dags/plugins/event_listener.py took 0.046 seconds
[2025-11-13T10:42:43.883+0530] {processor.py:161} INFO - Started process (PID=18940) to work on /home/logi/txtai/venv/lib/python3.10/site-packages/airflow/example_dags/plugins/event_listener.py
[2025-11-13T10:42:43.885+0530] {processor.py:830} INFO - Processing file /home/logi/txtai/venv/lib/python3.10/site-packages/airflow/example_dags/plugins/event_listener.py for tasks to queue
[2025-11-13T10:42:43.888+0530] {logging_mixin.py:188} INFO - [2025-11-13T10:42:43.887+0530] {dagbag.py:545} INFO - Filling up the DagBag from /home/logi/txtai/venv/lib/python3.10/site-packages/airflow/example_dags/plugins/event_listener.py
[2025-11-13T10:42:43.891+0530] {processor.py:842} WARNING - No viable dags retrieved from /home/logi/txtai/venv/lib/python3.10/site-packages/airflow/example_dags/plugins/event_listener.py
[2025-11-13T10:42:43.944+0530] {processor.py:183} INFO - Processing /home/logi/txtai/venv/lib/python3.10/site-packages/airflow/example_dags/plugins/event_listener.py took 0.074 seconds
[2025-11-13T10:43:14.834+0530] {processor.py:161} INFO - Started process (PID=19080) to work on /home/logi/txtai/venv/lib/python3.10/site-packages/airflow/example_dags/plugins/event_listener.py
[2025-11-13T10:43:14.835+0530] {processor.py:830} INFO - Processing file /home/logi/txtai/venv/lib/python3.10/site-packages/airflow/example_dags/plugins/event_listener.py for tasks to queue
[2025-11-13T10:43:14.837+0530] {logging_mixin.py:188} INFO - [2025-11-13T10:43:14.837+0530] {dagbag.py:545} INFO - Filling up the DagBag from /home/logi/txtai/venv/lib/python3.10/site-packages/airflow/example_dags/plugins/event_listener.py
[2025-11-13T10:43:14.839+0530] {processor.py:842} WARNING - No viable dags retrieved from /home/logi/txtai/venv/lib/python3.10/site-packages/airflow/example_dags/plugins/event_listener.py
[2025-11-13T10:43:14.869+0530] {processor.py:183} INFO - Processing /home/logi/txtai/venv/lib/python3.10/site-packages/airflow/example_dags/plugins/event_listener.py took 0.044 seconds
[2025-11-13T10:43:45.828+0530] {processor.py:161} INFO - Started process (PID=19209) to work on /home/logi/txtai/venv/lib/python3.10/site-packages/airflow/example_dags/plugins/event_listener.py
[2025-11-13T10:43:45.831+0530] {processor.py:830} INFO - Processing file /home/logi/txtai/venv/lib/python3.10/site-packages/airflow/example_dags/plugins/event_listener.py for tasks to queue
[2025-11-13T10:43:45.835+0530] {logging_mixin.py:188} INFO - [2025-11-13T10:43:45.835+0530] {dagbag.py:545} INFO - Filling up the DagBag from /home/logi/txtai/venv/lib/python3.10/site-packages/airflow/example_dags/plugins/event_listener.py
[2025-11-13T10:43:45.839+0530] {processor.py:842} WARNING - No viable dags retrieved from /home/logi/txtai/venv/lib/python3.10/site-packages/airflow/example_dags/plugins/event_listener.py
[2025-11-13T10:43:45.891+0530] {processor.py:183} INFO - Processing /home/logi/txtai/venv/lib/python3.10/site-packages/airflow/example_dags/plugins/event_listener.py took 0.076 seconds
[2025-11-13T10:44:17.246+0530] {processor.py:161} INFO - Started process (PID=19353) to work on /home/logi/txtai/venv/lib/python3.10/site-packages/airflow/example_dags/plugins/event_listener.py
[2025-11-13T10:44:17.248+0530] {processor.py:830} INFO - Processing file /home/logi/txtai/venv/lib/python3.10/site-packages/airflow/example_dags/plugins/event_listener.py for tasks to queue
[2025-11-13T10:44:17.250+0530] {logging_mixin.py:188} INFO - [2025-11-13T10:44:17.249+0530] {dagbag.py:545} INFO - Filling up the DagBag from /home/logi/txtai/venv/lib/python3.10/site-packages/airflow/example_dags/plugins/event_listener.py
[2025-11-13T10:44:17.252+0530] {processor.py:842} WARNING - No viable dags retrieved from /home/logi/txtai/venv/lib/python3.10/site-packages/airflow/example_dags/plugins/event_listener.py
[2025-11-13T10:44:17.295+0530] {processor.py:183} INFO - Processing /home/logi/txtai/venv/lib/python3.10/site-packages/airflow/example_dags/plugins/event_listener.py took 0.056 seconds
[2025-11-13T10:44:48.732+0530] {processor.py:161} INFO - Started process (PID=19494) to work on /home/logi/txtai/venv/lib/python3.10/site-packages/airflow/example_dags/plugins/event_listener.py
[2025-11-13T10:44:48.734+0530] {processor.py:830} INFO - Processing file /home/logi/txtai/venv/lib/python3.10/site-packages/airflow/example_dags/plugins/event_listener.py for tasks to queue
[2025-11-13T10:44:48.737+0530] {logging_mixin.py:188} INFO - [2025-11-13T10:44:48.737+0530] {dagbag.py:545} INFO - Filling up the DagBag from /home/logi/txtai/venv/lib/python3.10/site-packages/airflow/example_dags/plugins/event_listener.py
[2025-11-13T10:44:48.741+0530] {processor.py:842} WARNING - No viable dags retrieved from /home/logi/txtai/venv/lib/python3.10/site-packages/airflow/example_dags/plugins/event_listener.py
[2025-11-13T10:44:48.789+0530] {processor.py:183} INFO - Processing /home/logi/txtai/venv/lib/python3.10/site-packages/airflow/example_dags/plugins/event_listener.py took 0.069 seconds
[2025-11-13T10:45:19.297+0530] {processor.py:161} INFO - Started process (PID=19627) to work on /home/logi/txtai/venv/lib/python3.10/site-packages/airflow/example_dags/plugins/event_listener.py
[2025-11-13T10:45:19.300+0530] {processor.py:830} INFO - Processing file /home/logi/txtai/venv/lib/python3.10/site-packages/airflow/example_dags/plugins/event_listener.py for tasks to queue
[2025-11-13T10:45:19.302+0530] {logging_mixin.py:188} INFO - [2025-11-13T10:45:19.302+0530] {dagbag.py:545} INFO - Filling up the DagBag from /home/logi/txtai/venv/lib/python3.10/site-packages/airflow/example_dags/plugins/event_listener.py
[2025-11-13T10:45:19.306+0530] {processor.py:842} WARNING - No viable dags retrieved from /home/logi/txtai/venv/lib/python3.10/site-packages/airflow/example_dags/plugins/event_listener.py
[2025-11-13T10:45:19.347+0530] {processor.py:183} INFO - Processing /home/logi/txtai/venv/lib/python3.10/site-packages/airflow/example_dags/plugins/event_listener.py took 0.061 seconds
[2025-11-13T10:45:49.415+0530] {processor.py:161} INFO - Started process (PID=19795) to work on /home/logi/txtai/venv/lib/python3.10/site-packages/airflow/example_dags/plugins/event_listener.py
[2025-11-13T10:45:49.420+0530] {processor.py:830} INFO - Processing file /home/logi/txtai/venv/lib/python3.10/site-packages/airflow/example_dags/plugins/event_listener.py for tasks to queue
[2025-11-13T10:45:49.422+0530] {logging_mixin.py:188} INFO - [2025-11-13T10:45:49.422+0530] {dagbag.py:545} INFO - Filling up the DagBag from /home/logi/txtai/venv/lib/python3.10/site-packages/airflow/example_dags/plugins/event_listener.py
[2025-11-13T10:45:49.428+0530] {processor.py:842} WARNING - No viable dags retrieved from /home/logi/txtai/venv/lib/python3.10/site-packages/airflow/example_dags/plugins/event_listener.py
[2025-11-13T10:45:49.474+0530] {processor.py:183} INFO - Processing /home/logi/txtai/venv/lib/python3.10/site-packages/airflow/example_dags/plugins/event_listener.py took 0.072 seconds
[2025-11-13T10:46:20.316+0530] {processor.py:161} INFO - Started process (PID=19937) to work on /home/logi/txtai/venv/lib/python3.10/site-packages/airflow/example_dags/plugins/event_listener.py
[2025-11-13T10:46:20.320+0530] {processor.py:830} INFO - Processing file /home/logi/txtai/venv/lib/python3.10/site-packages/airflow/example_dags/plugins/event_listener.py for tasks to queue
[2025-11-13T10:46:20.322+0530] {logging_mixin.py:188} INFO - [2025-11-13T10:46:20.322+0530] {dagbag.py:545} INFO - Filling up the DagBag from /home/logi/txtai/venv/lib/python3.10/site-packages/airflow/example_dags/plugins/event_listener.py
[2025-11-13T10:46:20.329+0530] {processor.py:842} WARNING - No viable dags retrieved from /home/logi/txtai/venv/lib/python3.10/site-packages/airflow/example_dags/plugins/event_listener.py
[2025-11-13T10:46:20.364+0530] {processor.py:183} INFO - Processing /home/logi/txtai/venv/lib/python3.10/site-packages/airflow/example_dags/plugins/event_listener.py took 0.057 seconds
[2025-11-13T10:46:50.713+0530] {processor.py:161} INFO - Started process (PID=20068) to work on /home/logi/txtai/venv/lib/python3.10/site-packages/airflow/example_dags/plugins/event_listener.py
[2025-11-13T10:46:50.714+0530] {processor.py:830} INFO - Processing file /home/logi/txtai/venv/lib/python3.10/site-packages/airflow/example_dags/plugins/event_listener.py for tasks to queue
[2025-11-13T10:46:50.717+0530] {logging_mixin.py:188} INFO - [2025-11-13T10:46:50.717+0530] {dagbag.py:545} INFO - Filling up the DagBag from /home/logi/txtai/venv/lib/python3.10/site-packages/airflow/example_dags/plugins/event_listener.py
[2025-11-13T10:46:50.721+0530] {processor.py:842} WARNING - No viable dags retrieved from /home/logi/txtai/venv/lib/python3.10/site-packages/airflow/example_dags/plugins/event_listener.py
[2025-11-13T10:46:50.770+0530] {processor.py:183} INFO - Processing /home/logi/txtai/venv/lib/python3.10/site-packages/airflow/example_dags/plugins/event_listener.py took 0.070 seconds
[2025-11-13T10:47:21.452+0530] {processor.py:161} INFO - Started process (PID=20211) to work on /home/logi/txtai/venv/lib/python3.10/site-packages/airflow/example_dags/plugins/event_listener.py
[2025-11-13T10:47:21.459+0530] {processor.py:830} INFO - Processing file /home/logi/txtai/venv/lib/python3.10/site-packages/airflow/example_dags/plugins/event_listener.py for tasks to queue
[2025-11-13T10:47:21.462+0530] {logging_mixin.py:188} INFO - [2025-11-13T10:47:21.461+0530] {dagbag.py:545} INFO - Filling up the DagBag from /home/logi/txtai/venv/lib/python3.10/site-packages/airflow/example_dags/plugins/event_listener.py
[2025-11-13T10:47:21.464+0530] {processor.py:842} WARNING - No viable dags retrieved from /home/logi/txtai/venv/lib/python3.10/site-packages/airflow/example_dags/plugins/event_listener.py
[2025-11-13T10:47:21.492+0530] {processor.py:183} INFO - Processing /home/logi/txtai/venv/lib/python3.10/site-packages/airflow/example_dags/plugins/event_listener.py took 0.062 seconds
[2025-11-13T10:47:51.892+0530] {processor.py:161} INFO - Started process (PID=20353) to work on /home/logi/txtai/venv/lib/python3.10/site-packages/airflow/example_dags/plugins/event_listener.py
[2025-11-13T10:47:51.893+0530] {processor.py:830} INFO - Processing file /home/logi/txtai/venv/lib/python3.10/site-packages/airflow/example_dags/plugins/event_listener.py for tasks to queue
[2025-11-13T10:47:51.896+0530] {logging_mixin.py:188} INFO - [2025-11-13T10:47:51.896+0530] {dagbag.py:545} INFO - Filling up the DagBag from /home/logi/txtai/venv/lib/python3.10/site-packages/airflow/example_dags/plugins/event_listener.py
[2025-11-13T10:47:51.900+0530] {processor.py:842} WARNING - No viable dags retrieved from /home/logi/txtai/venv/lib/python3.10/site-packages/airflow/example_dags/plugins/event_listener.py
[2025-11-13T10:47:51.950+0530] {processor.py:183} INFO - Processing /home/logi/txtai/venv/lib/python3.10/site-packages/airflow/example_dags/plugins/event_listener.py took 0.071 seconds
[2025-11-13T10:48:22.486+0530] {processor.py:161} INFO - Started process (PID=20495) to work on /home/logi/txtai/venv/lib/python3.10/site-packages/airflow/example_dags/plugins/event_listener.py
[2025-11-13T10:48:22.488+0530] {processor.py:830} INFO - Processing file /home/logi/txtai/venv/lib/python3.10/site-packages/airflow/example_dags/plugins/event_listener.py for tasks to queue
[2025-11-13T10:48:22.491+0530] {logging_mixin.py:188} INFO - [2025-11-13T10:48:22.491+0530] {dagbag.py:545} INFO - Filling up the DagBag from /home/logi/txtai/venv/lib/python3.10/site-packages/airflow/example_dags/plugins/event_listener.py
[2025-11-13T10:48:22.495+0530] {processor.py:842} WARNING - No viable dags retrieved from /home/logi/txtai/venv/lib/python3.10/site-packages/airflow/example_dags/plugins/event_listener.py
[2025-11-13T10:48:22.546+0530] {processor.py:183} INFO - Processing /home/logi/txtai/venv/lib/python3.10/site-packages/airflow/example_dags/plugins/event_listener.py took 0.073 seconds
[2025-11-13T10:48:52.686+0530] {processor.py:161} INFO - Started process (PID=20638) to work on /home/logi/txtai/venv/lib/python3.10/site-packages/airflow/example_dags/plugins/event_listener.py
[2025-11-13T10:48:52.688+0530] {processor.py:830} INFO - Processing file /home/logi/txtai/venv/lib/python3.10/site-packages/airflow/example_dags/plugins/event_listener.py for tasks to queue
[2025-11-13T10:48:52.691+0530] {logging_mixin.py:188} INFO - [2025-11-13T10:48:52.691+0530] {dagbag.py:545} INFO - Filling up the DagBag from /home/logi/txtai/venv/lib/python3.10/site-packages/airflow/example_dags/plugins/event_listener.py
[2025-11-13T10:48:52.694+0530] {processor.py:842} WARNING - No viable dags retrieved from /home/logi/txtai/venv/lib/python3.10/site-packages/airflow/example_dags/plugins/event_listener.py
[2025-11-13T10:48:52.755+0530] {processor.py:183} INFO - Processing /home/logi/txtai/venv/lib/python3.10/site-packages/airflow/example_dags/plugins/event_listener.py took 0.083 seconds
[2025-11-13T10:49:22.833+0530] {processor.py:161} INFO - Started process (PID=20782) to work on /home/logi/txtai/venv/lib/python3.10/site-packages/airflow/example_dags/plugins/event_listener.py
[2025-11-13T10:49:22.837+0530] {processor.py:830} INFO - Processing file /home/logi/txtai/venv/lib/python3.10/site-packages/airflow/example_dags/plugins/event_listener.py for tasks to queue
[2025-11-13T10:49:22.840+0530] {logging_mixin.py:188} INFO - [2025-11-13T10:49:22.840+0530] {dagbag.py:545} INFO - Filling up the DagBag from /home/logi/txtai/venv/lib/python3.10/site-packages/airflow/example_dags/plugins/event_listener.py
[2025-11-13T10:49:22.844+0530] {processor.py:842} WARNING - No viable dags retrieved from /home/logi/txtai/venv/lib/python3.10/site-packages/airflow/example_dags/plugins/event_listener.py
[2025-11-13T10:49:22.892+0530] {processor.py:183} INFO - Processing /home/logi/txtai/venv/lib/python3.10/site-packages/airflow/example_dags/plugins/event_listener.py took 0.071 seconds
[2025-11-13T10:49:53.599+0530] {processor.py:161} INFO - Started process (PID=20925) to work on /home/logi/txtai/venv/lib/python3.10/site-packages/airflow/example_dags/plugins/event_listener.py
[2025-11-13T10:49:53.602+0530] {processor.py:830} INFO - Processing file /home/logi/txtai/venv/lib/python3.10/site-packages/airflow/example_dags/plugins/event_listener.py for tasks to queue
[2025-11-13T10:49:53.605+0530] {logging_mixin.py:188} INFO - [2025-11-13T10:49:53.604+0530] {dagbag.py:545} INFO - Filling up the DagBag from /home/logi/txtai/venv/lib/python3.10/site-packages/airflow/example_dags/plugins/event_listener.py
[2025-11-13T10:49:53.608+0530] {processor.py:842} WARNING - No viable dags retrieved from /home/logi/txtai/venv/lib/python3.10/site-packages/airflow/example_dags/plugins/event_listener.py
[2025-11-13T10:49:53.659+0530] {processor.py:183} INFO - Processing /home/logi/txtai/venv/lib/python3.10/site-packages/airflow/example_dags/plugins/event_listener.py took 0.074 seconds
[2025-11-13T10:50:24.121+0530] {processor.py:161} INFO - Started process (PID=21068) to work on /home/logi/txtai/venv/lib/python3.10/site-packages/airflow/example_dags/plugins/event_listener.py
[2025-11-13T10:50:24.123+0530] {processor.py:830} INFO - Processing file /home/logi/txtai/venv/lib/python3.10/site-packages/airflow/example_dags/plugins/event_listener.py for tasks to queue
[2025-11-13T10:50:24.126+0530] {logging_mixin.py:188} INFO - [2025-11-13T10:50:24.126+0530] {dagbag.py:545} INFO - Filling up the DagBag from /home/logi/txtai/venv/lib/python3.10/site-packages/airflow/example_dags/plugins/event_listener.py
[2025-11-13T10:50:24.130+0530] {processor.py:842} WARNING - No viable dags retrieved from /home/logi/txtai/venv/lib/python3.10/site-packages/airflow/example_dags/plugins/event_listener.py
[2025-11-13T10:50:24.177+0530] {processor.py:183} INFO - Processing /home/logi/txtai/venv/lib/python3.10/site-packages/airflow/example_dags/plugins/event_listener.py took 0.069 seconds
[2025-11-13T10:50:54.247+0530] {processor.py:161} INFO - Started process (PID=21237) to work on /home/logi/txtai/venv/lib/python3.10/site-packages/airflow/example_dags/plugins/event_listener.py
[2025-11-13T10:50:54.248+0530] {processor.py:830} INFO - Processing file /home/logi/txtai/venv/lib/python3.10/site-packages/airflow/example_dags/plugins/event_listener.py for tasks to queue
[2025-11-13T10:50:54.252+0530] {logging_mixin.py:188} INFO - [2025-11-13T10:50:54.251+0530] {dagbag.py:545} INFO - Filling up the DagBag from /home/logi/txtai/venv/lib/python3.10/site-packages/airflow/example_dags/plugins/event_listener.py
[2025-11-13T10:50:54.256+0530] {processor.py:842} WARNING - No viable dags retrieved from /home/logi/txtai/venv/lib/python3.10/site-packages/airflow/example_dags/plugins/event_listener.py
[2025-11-13T10:50:54.303+0530] {processor.py:183} INFO - Processing /home/logi/txtai/venv/lib/python3.10/site-packages/airflow/example_dags/plugins/event_listener.py took 0.064 seconds
[2025-11-13T10:51:24.465+0530] {processor.py:161} INFO - Started process (PID=21391) to work on /home/logi/txtai/venv/lib/python3.10/site-packages/airflow/example_dags/plugins/event_listener.py
[2025-11-13T10:51:24.467+0530] {processor.py:830} INFO - Processing file /home/logi/txtai/venv/lib/python3.10/site-packages/airflow/example_dags/plugins/event_listener.py for tasks to queue
[2025-11-13T10:51:24.470+0530] {logging_mixin.py:188} INFO - [2025-11-13T10:51:24.470+0530] {dagbag.py:545} INFO - Filling up the DagBag from /home/logi/txtai/venv/lib/python3.10/site-packages/airflow/example_dags/plugins/event_listener.py
[2025-11-13T10:51:24.474+0530] {processor.py:842} WARNING - No viable dags retrieved from /home/logi/txtai/venv/lib/python3.10/site-packages/airflow/example_dags/plugins/event_listener.py
[2025-11-13T10:51:24.523+0530] {processor.py:183} INFO - Processing /home/logi/txtai/venv/lib/python3.10/site-packages/airflow/example_dags/plugins/event_listener.py took 0.071 seconds
[2025-11-13T10:51:54.684+0530] {processor.py:161} INFO - Started process (PID=21532) to work on /home/logi/txtai/venv/lib/python3.10/site-packages/airflow/example_dags/plugins/event_listener.py
[2025-11-13T10:51:54.686+0530] {processor.py:830} INFO - Processing file /home/logi/txtai/venv/lib/python3.10/site-packages/airflow/example_dags/plugins/event_listener.py for tasks to queue
[2025-11-13T10:51:54.689+0530] {logging_mixin.py:188} INFO - [2025-11-13T10:51:54.689+0530] {dagbag.py:545} INFO - Filling up the DagBag from /home/logi/txtai/venv/lib/python3.10/site-packages/airflow/example_dags/plugins/event_listener.py
[2025-11-13T10:51:54.693+0530] {processor.py:842} WARNING - No viable dags retrieved from /home/logi/txtai/venv/lib/python3.10/site-packages/airflow/example_dags/plugins/event_listener.py
[2025-11-13T10:51:54.742+0530] {processor.py:183} INFO - Processing /home/logi/txtai/venv/lib/python3.10/site-packages/airflow/example_dags/plugins/event_listener.py took 0.070 seconds
[2025-11-13T10:52:25.651+0530] {processor.py:161} INFO - Started process (PID=21736) to work on /home/logi/txtai/venv/lib/python3.10/site-packages/airflow/example_dags/plugins/event_listener.py
[2025-11-13T10:52:25.653+0530] {processor.py:830} INFO - Processing file /home/logi/txtai/venv/lib/python3.10/site-packages/airflow/example_dags/plugins/event_listener.py for tasks to queue
[2025-11-13T10:52:25.656+0530] {logging_mixin.py:188} INFO - [2025-11-13T10:52:25.655+0530] {dagbag.py:545} INFO - Filling up the DagBag from /home/logi/txtai/venv/lib/python3.10/site-packages/airflow/example_dags/plugins/event_listener.py
[2025-11-13T10:52:25.659+0530] {processor.py:842} WARNING - No viable dags retrieved from /home/logi/txtai/venv/lib/python3.10/site-packages/airflow/example_dags/plugins/event_listener.py
[2025-11-13T10:52:25.706+0530] {processor.py:183} INFO - Processing /home/logi/txtai/venv/lib/python3.10/site-packages/airflow/example_dags/plugins/event_listener.py took 0.067 seconds
[2025-11-13T10:52:56.125+0530] {processor.py:161} INFO - Started process (PID=21882) to work on /home/logi/txtai/venv/lib/python3.10/site-packages/airflow/example_dags/plugins/event_listener.py
[2025-11-13T10:52:56.128+0530] {processor.py:830} INFO - Processing file /home/logi/txtai/venv/lib/python3.10/site-packages/airflow/example_dags/plugins/event_listener.py for tasks to queue
[2025-11-13T10:52:56.131+0530] {logging_mixin.py:188} INFO - [2025-11-13T10:52:56.131+0530] {dagbag.py:545} INFO - Filling up the DagBag from /home/logi/txtai/venv/lib/python3.10/site-packages/airflow/example_dags/plugins/event_listener.py
[2025-11-13T10:52:56.135+0530] {processor.py:842} WARNING - No viable dags retrieved from /home/logi/txtai/venv/lib/python3.10/site-packages/airflow/example_dags/plugins/event_listener.py
[2025-11-13T10:52:56.184+0530] {processor.py:183} INFO - Processing /home/logi/txtai/venv/lib/python3.10/site-packages/airflow/example_dags/plugins/event_listener.py took 0.070 seconds
[2025-11-13T10:53:26.402+0530] {processor.py:161} INFO - Started process (PID=22176) to work on /home/logi/txtai/venv/lib/python3.10/site-packages/airflow/example_dags/plugins/event_listener.py
[2025-11-13T10:53:26.404+0530] {processor.py:830} INFO - Processing file /home/logi/txtai/venv/lib/python3.10/site-packages/airflow/example_dags/plugins/event_listener.py for tasks to queue
[2025-11-13T10:53:26.408+0530] {logging_mixin.py:188} INFO - [2025-11-13T10:53:26.407+0530] {dagbag.py:545} INFO - Filling up the DagBag from /home/logi/txtai/venv/lib/python3.10/site-packages/airflow/example_dags/plugins/event_listener.py
[2025-11-13T10:53:26.411+0530] {processor.py:842} WARNING - No viable dags retrieved from /home/logi/txtai/venv/lib/python3.10/site-packages/airflow/example_dags/plugins/event_listener.py
[2025-11-13T10:53:26.460+0530] {processor.py:183} INFO - Processing /home/logi/txtai/venv/lib/python3.10/site-packages/airflow/example_dags/plugins/event_listener.py took 0.071 seconds
[2025-11-13T10:53:57.024+0530] {processor.py:161} INFO - Started process (PID=22318) to work on /home/logi/txtai/venv/lib/python3.10/site-packages/airflow/example_dags/plugins/event_listener.py
[2025-11-13T10:53:57.026+0530] {processor.py:830} INFO - Processing file /home/logi/txtai/venv/lib/python3.10/site-packages/airflow/example_dags/plugins/event_listener.py for tasks to queue
[2025-11-13T10:53:57.029+0530] {logging_mixin.py:188} INFO - [2025-11-13T10:53:57.028+0530] {dagbag.py:545} INFO - Filling up the DagBag from /home/logi/txtai/venv/lib/python3.10/site-packages/airflow/example_dags/plugins/event_listener.py
[2025-11-13T10:53:57.032+0530] {processor.py:842} WARNING - No viable dags retrieved from /home/logi/txtai/venv/lib/python3.10/site-packages/airflow/example_dags/plugins/event_listener.py
[2025-11-13T10:53:57.080+0530] {processor.py:183} INFO - Processing /home/logi/txtai/venv/lib/python3.10/site-packages/airflow/example_dags/plugins/event_listener.py took 0.068 seconds
[2025-11-13T10:54:27.215+0530] {processor.py:161} INFO - Started process (PID=22475) to work on /home/logi/txtai/venv/lib/python3.10/site-packages/airflow/example_dags/plugins/event_listener.py
[2025-11-13T10:54:27.216+0530] {processor.py:830} INFO - Processing file /home/logi/txtai/venv/lib/python3.10/site-packages/airflow/example_dags/plugins/event_listener.py for tasks to queue
[2025-11-13T10:54:27.218+0530] {logging_mixin.py:188} INFO - [2025-11-13T10:54:27.218+0530] {dagbag.py:545} INFO - Filling up the DagBag from /home/logi/txtai/venv/lib/python3.10/site-packages/airflow/example_dags/plugins/event_listener.py
[2025-11-13T10:54:27.220+0530] {processor.py:842} WARNING - No viable dags retrieved from /home/logi/txtai/venv/lib/python3.10/site-packages/airflow/example_dags/plugins/event_listener.py
[2025-11-13T10:54:27.253+0530] {processor.py:183} INFO - Processing /home/logi/txtai/venv/lib/python3.10/site-packages/airflow/example_dags/plugins/event_listener.py took 0.046 seconds
[2025-11-13T10:54:57.343+0530] {processor.py:161} INFO - Started process (PID=22666) to work on /home/logi/txtai/venv/lib/python3.10/site-packages/airflow/example_dags/plugins/event_listener.py
[2025-11-13T10:54:57.345+0530] {processor.py:830} INFO - Processing file /home/logi/txtai/venv/lib/python3.10/site-packages/airflow/example_dags/plugins/event_listener.py for tasks to queue
[2025-11-13T10:54:57.347+0530] {logging_mixin.py:188} INFO - [2025-11-13T10:54:57.347+0530] {dagbag.py:545} INFO - Filling up the DagBag from /home/logi/txtai/venv/lib/python3.10/site-packages/airflow/example_dags/plugins/event_listener.py
[2025-11-13T10:54:57.349+0530] {processor.py:842} WARNING - No viable dags retrieved from /home/logi/txtai/venv/lib/python3.10/site-packages/airflow/example_dags/plugins/event_listener.py
[2025-11-13T10:54:57.385+0530] {processor.py:183} INFO - Processing /home/logi/txtai/venv/lib/python3.10/site-packages/airflow/example_dags/plugins/event_listener.py took 0.051 seconds
[2025-11-13T10:55:28.055+0530] {processor.py:161} INFO - Started process (PID=23104) to work on /home/logi/txtai/venv/lib/python3.10/site-packages/airflow/example_dags/plugins/event_listener.py
[2025-11-13T10:55:28.057+0530] {processor.py:830} INFO - Processing file /home/logi/txtai/venv/lib/python3.10/site-packages/airflow/example_dags/plugins/event_listener.py for tasks to queue
[2025-11-13T10:55:28.060+0530] {logging_mixin.py:188} INFO - [2025-11-13T10:55:28.059+0530] {dagbag.py:545} INFO - Filling up the DagBag from /home/logi/txtai/venv/lib/python3.10/site-packages/airflow/example_dags/plugins/event_listener.py
[2025-11-13T10:55:28.063+0530] {processor.py:842} WARNING - No viable dags retrieved from /home/logi/txtai/venv/lib/python3.10/site-packages/airflow/example_dags/plugins/event_listener.py
[2025-11-13T10:55:28.111+0530] {processor.py:183} INFO - Processing /home/logi/txtai/venv/lib/python3.10/site-packages/airflow/example_dags/plugins/event_listener.py took 0.068 seconds
[2025-11-13T10:55:58.552+0530] {processor.py:161} INFO - Started process (PID=23424) to work on /home/logi/txtai/venv/lib/python3.10/site-packages/airflow/example_dags/plugins/event_listener.py
[2025-11-13T10:55:58.554+0530] {processor.py:830} INFO - Processing file /home/logi/txtai/venv/lib/python3.10/site-packages/airflow/example_dags/plugins/event_listener.py for tasks to queue
[2025-11-13T10:55:58.556+0530] {logging_mixin.py:188} INFO - [2025-11-13T10:55:58.555+0530] {dagbag.py:545} INFO - Filling up the DagBag from /home/logi/txtai/venv/lib/python3.10/site-packages/airflow/example_dags/plugins/event_listener.py
[2025-11-13T10:55:58.558+0530] {processor.py:842} WARNING - No viable dags retrieved from /home/logi/txtai/venv/lib/python3.10/site-packages/airflow/example_dags/plugins/event_listener.py
[2025-11-13T10:55:58.587+0530] {processor.py:183} INFO - Processing /home/logi/txtai/venv/lib/python3.10/site-packages/airflow/example_dags/plugins/event_listener.py took 0.045 seconds
[2025-11-13T10:56:28.681+0530] {processor.py:161} INFO - Started process (PID=23681) to work on /home/logi/txtai/venv/lib/python3.10/site-packages/airflow/example_dags/plugins/event_listener.py
[2025-11-13T10:56:28.683+0530] {processor.py:830} INFO - Processing file /home/logi/txtai/venv/lib/python3.10/site-packages/airflow/example_dags/plugins/event_listener.py for tasks to queue
[2025-11-13T10:56:28.685+0530] {logging_mixin.py:188} INFO - [2025-11-13T10:56:28.685+0530] {dagbag.py:545} INFO - Filling up the DagBag from /home/logi/txtai/venv/lib/python3.10/site-packages/airflow/example_dags/plugins/event_listener.py
[2025-11-13T10:56:28.688+0530] {processor.py:842} WARNING - No viable dags retrieved from /home/logi/txtai/venv/lib/python3.10/site-packages/airflow/example_dags/plugins/event_listener.py
[2025-11-13T10:56:28.734+0530] {processor.py:183} INFO - Processing /home/logi/txtai/venv/lib/python3.10/site-packages/airflow/example_dags/plugins/event_listener.py took 0.064 seconds
[2025-11-13T10:56:59.241+0530] {processor.py:161} INFO - Started process (PID=23827) to work on /home/logi/txtai/venv/lib/python3.10/site-packages/airflow/example_dags/plugins/event_listener.py
[2025-11-13T10:56:59.242+0530] {processor.py:830} INFO - Processing file /home/logi/txtai/venv/lib/python3.10/site-packages/airflow/example_dags/plugins/event_listener.py for tasks to queue
[2025-11-13T10:56:59.246+0530] {logging_mixin.py:188} INFO - [2025-11-13T10:56:59.246+0530] {dagbag.py:545} INFO - Filling up the DagBag from /home/logi/txtai/venv/lib/python3.10/site-packages/airflow/example_dags/plugins/event_listener.py
[2025-11-13T10:56:59.251+0530] {processor.py:842} WARNING - No viable dags retrieved from /home/logi/txtai/venv/lib/python3.10/site-packages/airflow/example_dags/plugins/event_listener.py
[2025-11-13T10:56:59.298+0530] {processor.py:183} INFO - Processing /home/logi/txtai/venv/lib/python3.10/site-packages/airflow/example_dags/plugins/event_listener.py took 0.065 seconds
[2025-11-13T10:57:29.940+0530] {processor.py:161} INFO - Started process (PID=23971) to work on /home/logi/txtai/venv/lib/python3.10/site-packages/airflow/example_dags/plugins/event_listener.py
[2025-11-13T10:57:29.942+0530] {processor.py:830} INFO - Processing file /home/logi/txtai/venv/lib/python3.10/site-packages/airflow/example_dags/plugins/event_listener.py for tasks to queue
[2025-11-13T10:57:29.946+0530] {logging_mixin.py:188} INFO - [2025-11-13T10:57:29.945+0530] {dagbag.py:545} INFO - Filling up the DagBag from /home/logi/txtai/venv/lib/python3.10/site-packages/airflow/example_dags/plugins/event_listener.py
[2025-11-13T10:57:29.950+0530] {processor.py:842} WARNING - No viable dags retrieved from /home/logi/txtai/venv/lib/python3.10/site-packages/airflow/example_dags/plugins/event_listener.py
[2025-11-13T10:57:30.001+0530] {processor.py:183} INFO - Processing /home/logi/txtai/venv/lib/python3.10/site-packages/airflow/example_dags/plugins/event_listener.py took 0.076 seconds
[2025-11-13T10:58:00.373+0530] {processor.py:161} INFO - Started process (PID=24113) to work on /home/logi/txtai/venv/lib/python3.10/site-packages/airflow/example_dags/plugins/event_listener.py
[2025-11-13T10:58:00.374+0530] {processor.py:830} INFO - Processing file /home/logi/txtai/venv/lib/python3.10/site-packages/airflow/example_dags/plugins/event_listener.py for tasks to queue
[2025-11-13T10:58:00.377+0530] {logging_mixin.py:188} INFO - [2025-11-13T10:58:00.376+0530] {dagbag.py:545} INFO - Filling up the DagBag from /home/logi/txtai/venv/lib/python3.10/site-packages/airflow/example_dags/plugins/event_listener.py
[2025-11-13T10:58:00.380+0530] {processor.py:842} WARNING - No viable dags retrieved from /home/logi/txtai/venv/lib/python3.10/site-packages/airflow/example_dags/plugins/event_listener.py
[2025-11-13T10:58:00.417+0530] {processor.py:183} INFO - Processing /home/logi/txtai/venv/lib/python3.10/site-packages/airflow/example_dags/plugins/event_listener.py took 0.055 seconds
[2025-11-13T10:58:30.634+0530] {processor.py:161} INFO - Started process (PID=24255) to work on /home/logi/txtai/venv/lib/python3.10/site-packages/airflow/example_dags/plugins/event_listener.py
[2025-11-13T10:58:30.636+0530] {processor.py:830} INFO - Processing file /home/logi/txtai/venv/lib/python3.10/site-packages/airflow/example_dags/plugins/event_listener.py for tasks to queue
[2025-11-13T10:58:30.640+0530] {logging_mixin.py:188} INFO - [2025-11-13T10:58:30.640+0530] {dagbag.py:545} INFO - Filling up the DagBag from /home/logi/txtai/venv/lib/python3.10/site-packages/airflow/example_dags/plugins/event_listener.py
[2025-11-13T10:58:30.644+0530] {processor.py:842} WARNING - No viable dags retrieved from /home/logi/txtai/venv/lib/python3.10/site-packages/airflow/example_dags/plugins/event_listener.py
[2025-11-13T10:58:30.687+0530] {processor.py:183} INFO - Processing /home/logi/txtai/venv/lib/python3.10/site-packages/airflow/example_dags/plugins/event_listener.py took 0.068 seconds
[2025-11-13T10:59:01.050+0530] {processor.py:161} INFO - Started process (PID=24398) to work on /home/logi/txtai/venv/lib/python3.10/site-packages/airflow/example_dags/plugins/event_listener.py
[2025-11-13T10:59:01.051+0530] {processor.py:830} INFO - Processing file /home/logi/txtai/venv/lib/python3.10/site-packages/airflow/example_dags/plugins/event_listener.py for tasks to queue
[2025-11-13T10:59:01.055+0530] {logging_mixin.py:188} INFO - [2025-11-13T10:59:01.054+0530] {dagbag.py:545} INFO - Filling up the DagBag from /home/logi/txtai/venv/lib/python3.10/site-packages/airflow/example_dags/plugins/event_listener.py
[2025-11-13T10:59:01.058+0530] {processor.py:842} WARNING - No viable dags retrieved from /home/logi/txtai/venv/lib/python3.10/site-packages/airflow/example_dags/plugins/event_listener.py
[2025-11-13T10:59:01.109+0530] {processor.py:183} INFO - Processing /home/logi/txtai/venv/lib/python3.10/site-packages/airflow/example_dags/plugins/event_listener.py took 0.071 seconds
[2025-11-13T10:59:31.547+0530] {processor.py:161} INFO - Started process (PID=24599) to work on /home/logi/txtai/venv/lib/python3.10/site-packages/airflow/example_dags/plugins/event_listener.py
[2025-11-13T10:59:31.549+0530] {processor.py:830} INFO - Processing file /home/logi/txtai/venv/lib/python3.10/site-packages/airflow/example_dags/plugins/event_listener.py for tasks to queue
[2025-11-13T10:59:31.552+0530] {logging_mixin.py:188} INFO - [2025-11-13T10:59:31.552+0530] {dagbag.py:545} INFO - Filling up the DagBag from /home/logi/txtai/venv/lib/python3.10/site-packages/airflow/example_dags/plugins/event_listener.py
[2025-11-13T10:59:31.555+0530] {processor.py:842} WARNING - No viable dags retrieved from /home/logi/txtai/venv/lib/python3.10/site-packages/airflow/example_dags/plugins/event_listener.py
[2025-11-13T10:59:31.596+0530] {processor.py:183} INFO - Processing /home/logi/txtai/venv/lib/python3.10/site-packages/airflow/example_dags/plugins/event_listener.py took 0.061 seconds
[2025-11-13T11:00:01.869+0530] {processor.py:161} INFO - Started process (PID=24802) to work on /home/logi/txtai/venv/lib/python3.10/site-packages/airflow/example_dags/plugins/event_listener.py
[2025-11-13T11:00:01.871+0530] {processor.py:830} INFO - Processing file /home/logi/txtai/venv/lib/python3.10/site-packages/airflow/example_dags/plugins/event_listener.py for tasks to queue
[2025-11-13T11:00:01.874+0530] {logging_mixin.py:188} INFO - [2025-11-13T11:00:01.874+0530] {dagbag.py:545} INFO - Filling up the DagBag from /home/logi/txtai/venv/lib/python3.10/site-packages/airflow/example_dags/plugins/event_listener.py
[2025-11-13T11:00:01.879+0530] {processor.py:842} WARNING - No viable dags retrieved from /home/logi/txtai/venv/lib/python3.10/site-packages/airflow/example_dags/plugins/event_listener.py
[2025-11-13T11:00:01.915+0530] {processor.py:183} INFO - Processing /home/logi/txtai/venv/lib/python3.10/site-packages/airflow/example_dags/plugins/event_listener.py took 0.057 seconds
[2025-11-13T11:00:32.466+0530] {processor.py:161} INFO - Started process (PID=25376) to work on /home/logi/txtai/venv/lib/python3.10/site-packages/airflow/example_dags/plugins/event_listener.py
[2025-11-13T11:00:32.468+0530] {processor.py:830} INFO - Processing file /home/logi/txtai/venv/lib/python3.10/site-packages/airflow/example_dags/plugins/event_listener.py for tasks to queue
[2025-11-13T11:00:32.471+0530] {logging_mixin.py:188} INFO - [2025-11-13T11:00:32.470+0530] {dagbag.py:545} INFO - Filling up the DagBag from /home/logi/txtai/venv/lib/python3.10/site-packages/airflow/example_dags/plugins/event_listener.py
[2025-11-13T11:00:32.475+0530] {processor.py:842} WARNING - No viable dags retrieved from /home/logi/txtai/venv/lib/python3.10/site-packages/airflow/example_dags/plugins/event_listener.py
[2025-11-13T11:00:32.521+0530] {processor.py:183} INFO - Processing /home/logi/txtai/venv/lib/python3.10/site-packages/airflow/example_dags/plugins/event_listener.py took 0.068 seconds
[2025-11-13T11:01:03.144+0530] {processor.py:161} INFO - Started process (PID=25645) to work on /home/logi/txtai/venv/lib/python3.10/site-packages/airflow/example_dags/plugins/event_listener.py
[2025-11-13T11:01:03.146+0530] {processor.py:830} INFO - Processing file /home/logi/txtai/venv/lib/python3.10/site-packages/airflow/example_dags/plugins/event_listener.py for tasks to queue
[2025-11-13T11:01:03.150+0530] {logging_mixin.py:188} INFO - [2025-11-13T11:01:03.149+0530] {dagbag.py:545} INFO - Filling up the DagBag from /home/logi/txtai/venv/lib/python3.10/site-packages/airflow/example_dags/plugins/event_listener.py
[2025-11-13T11:01:03.153+0530] {processor.py:842} WARNING - No viable dags retrieved from /home/logi/txtai/venv/lib/python3.10/site-packages/airflow/example_dags/plugins/event_listener.py
[2025-11-13T11:01:03.203+0530] {processor.py:183} INFO - Processing /home/logi/txtai/venv/lib/python3.10/site-packages/airflow/example_dags/plugins/event_listener.py took 0.072 seconds
[2025-11-13T11:01:33.630+0530] {processor.py:161} INFO - Started process (PID=25788) to work on /home/logi/txtai/venv/lib/python3.10/site-packages/airflow/example_dags/plugins/event_listener.py
[2025-11-13T11:01:33.634+0530] {processor.py:830} INFO - Processing file /home/logi/txtai/venv/lib/python3.10/site-packages/airflow/example_dags/plugins/event_listener.py for tasks to queue
[2025-11-13T11:01:33.638+0530] {logging_mixin.py:188} INFO - [2025-11-13T11:01:33.637+0530] {dagbag.py:545} INFO - Filling up the DagBag from /home/logi/txtai/venv/lib/python3.10/site-packages/airflow/example_dags/plugins/event_listener.py
[2025-11-13T11:01:33.643+0530] {processor.py:842} WARNING - No viable dags retrieved from /home/logi/txtai/venv/lib/python3.10/site-packages/airflow/example_dags/plugins/event_listener.py
[2025-11-13T11:01:33.701+0530] {processor.py:183} INFO - Processing /home/logi/txtai/venv/lib/python3.10/site-packages/airflow/example_dags/plugins/event_listener.py took 0.085 seconds
[2025-11-13T11:02:04.291+0530] {processor.py:161} INFO - Started process (PID=25942) to work on /home/logi/txtai/venv/lib/python3.10/site-packages/airflow/example_dags/plugins/event_listener.py
[2025-11-13T11:02:04.293+0530] {processor.py:830} INFO - Processing file /home/logi/txtai/venv/lib/python3.10/site-packages/airflow/example_dags/plugins/event_listener.py for tasks to queue
[2025-11-13T11:02:04.296+0530] {logging_mixin.py:188} INFO - [2025-11-13T11:02:04.296+0530] {dagbag.py:545} INFO - Filling up the DagBag from /home/logi/txtai/venv/lib/python3.10/site-packages/airflow/example_dags/plugins/event_listener.py
[2025-11-13T11:02:04.300+0530] {processor.py:842} WARNING - No viable dags retrieved from /home/logi/txtai/venv/lib/python3.10/site-packages/airflow/example_dags/plugins/event_listener.py
[2025-11-13T11:02:04.349+0530] {processor.py:183} INFO - Processing /home/logi/txtai/venv/lib/python3.10/site-packages/airflow/example_dags/plugins/event_listener.py took 0.071 seconds
[2025-11-13T11:02:34.681+0530] {processor.py:161} INFO - Started process (PID=26129) to work on /home/logi/txtai/venv/lib/python3.10/site-packages/airflow/example_dags/plugins/event_listener.py
[2025-11-13T11:02:34.683+0530] {processor.py:830} INFO - Processing file /home/logi/txtai/venv/lib/python3.10/site-packages/airflow/example_dags/plugins/event_listener.py for tasks to queue
[2025-11-13T11:02:34.686+0530] {logging_mixin.py:188} INFO - [2025-11-13T11:02:34.685+0530] {dagbag.py:545} INFO - Filling up the DagBag from /home/logi/txtai/venv/lib/python3.10/site-packages/airflow/example_dags/plugins/event_listener.py
[2025-11-13T11:02:34.689+0530] {processor.py:842} WARNING - No viable dags retrieved from /home/logi/txtai/venv/lib/python3.10/site-packages/airflow/example_dags/plugins/event_listener.py
[2025-11-13T11:02:34.735+0530] {processor.py:183} INFO - Processing /home/logi/txtai/venv/lib/python3.10/site-packages/airflow/example_dags/plugins/event_listener.py took 0.068 seconds
[2025-11-13T11:03:05.324+0530] {processor.py:161} INFO - Started process (PID=26276) to work on /home/logi/txtai/venv/lib/python3.10/site-packages/airflow/example_dags/plugins/event_listener.py
[2025-11-13T11:03:05.326+0530] {processor.py:830} INFO - Processing file /home/logi/txtai/venv/lib/python3.10/site-packages/airflow/example_dags/plugins/event_listener.py for tasks to queue
[2025-11-13T11:03:05.329+0530] {logging_mixin.py:188} INFO - [2025-11-13T11:03:05.329+0530] {dagbag.py:545} INFO - Filling up the DagBag from /home/logi/txtai/venv/lib/python3.10/site-packages/airflow/example_dags/plugins/event_listener.py
[2025-11-13T11:03:05.333+0530] {processor.py:842} WARNING - No viable dags retrieved from /home/logi/txtai/venv/lib/python3.10/site-packages/airflow/example_dags/plugins/event_listener.py
[2025-11-13T11:03:05.382+0530] {processor.py:183} INFO - Processing /home/logi/txtai/venv/lib/python3.10/site-packages/airflow/example_dags/plugins/event_listener.py took 0.070 seconds
[2025-11-13T11:03:36.171+0530] {processor.py:161} INFO - Started process (PID=26418) to work on /home/logi/txtai/venv/lib/python3.10/site-packages/airflow/example_dags/plugins/event_listener.py
[2025-11-13T11:03:36.173+0530] {processor.py:830} INFO - Processing file /home/logi/txtai/venv/lib/python3.10/site-packages/airflow/example_dags/plugins/event_listener.py for tasks to queue
[2025-11-13T11:03:36.176+0530] {logging_mixin.py:188} INFO - [2025-11-13T11:03:36.176+0530] {dagbag.py:545} INFO - Filling up the DagBag from /home/logi/txtai/venv/lib/python3.10/site-packages/airflow/example_dags/plugins/event_listener.py
[2025-11-13T11:03:36.180+0530] {processor.py:842} WARNING - No viable dags retrieved from /home/logi/txtai/venv/lib/python3.10/site-packages/airflow/example_dags/plugins/event_listener.py
[2025-11-13T11:03:36.228+0530] {processor.py:183} INFO - Processing /home/logi/txtai/venv/lib/python3.10/site-packages/airflow/example_dags/plugins/event_listener.py took 0.070 seconds
[2025-11-13T11:04:06.365+0530] {processor.py:161} INFO - Started process (PID=26561) to work on /home/logi/txtai/venv/lib/python3.10/site-packages/airflow/example_dags/plugins/event_listener.py
[2025-11-13T11:04:06.366+0530] {processor.py:830} INFO - Processing file /home/logi/txtai/venv/lib/python3.10/site-packages/airflow/example_dags/plugins/event_listener.py for tasks to queue
[2025-11-13T11:04:06.368+0530] {logging_mixin.py:188} INFO - [2025-11-13T11:04:06.368+0530] {dagbag.py:545} INFO - Filling up the DagBag from /home/logi/txtai/venv/lib/python3.10/site-packages/airflow/example_dags/plugins/event_listener.py
[2025-11-13T11:04:06.372+0530] {processor.py:842} WARNING - No viable dags retrieved from /home/logi/txtai/venv/lib/python3.10/site-packages/airflow/example_dags/plugins/event_listener.py
[2025-11-13T11:04:06.416+0530] {processor.py:183} INFO - Processing /home/logi/txtai/venv/lib/python3.10/site-packages/airflow/example_dags/plugins/event_listener.py took 0.058 seconds
[2025-11-13T11:04:36.877+0530] {processor.py:161} INFO - Started process (PID=26699) to work on /home/logi/txtai/venv/lib/python3.10/site-packages/airflow/example_dags/plugins/event_listener.py
[2025-11-13T11:04:36.879+0530] {processor.py:830} INFO - Processing file /home/logi/txtai/venv/lib/python3.10/site-packages/airflow/example_dags/plugins/event_listener.py for tasks to queue
[2025-11-13T11:04:36.882+0530] {logging_mixin.py:188} INFO - [2025-11-13T11:04:36.881+0530] {dagbag.py:545} INFO - Filling up the DagBag from /home/logi/txtai/venv/lib/python3.10/site-packages/airflow/example_dags/plugins/event_listener.py
[2025-11-13T11:04:36.885+0530] {processor.py:842} WARNING - No viable dags retrieved from /home/logi/txtai/venv/lib/python3.10/site-packages/airflow/example_dags/plugins/event_listener.py
[2025-11-13T11:04:36.931+0530] {processor.py:183} INFO - Processing /home/logi/txtai/venv/lib/python3.10/site-packages/airflow/example_dags/plugins/event_listener.py took 0.064 seconds
[2025-11-13T11:05:07.642+0530] {processor.py:161} INFO - Started process (PID=26840) to work on /home/logi/txtai/venv/lib/python3.10/site-packages/airflow/example_dags/plugins/event_listener.py
[2025-11-13T11:05:07.643+0530] {processor.py:830} INFO - Processing file /home/logi/txtai/venv/lib/python3.10/site-packages/airflow/example_dags/plugins/event_listener.py for tasks to queue
[2025-11-13T11:05:07.646+0530] {logging_mixin.py:188} INFO - [2025-11-13T11:05:07.646+0530] {dagbag.py:545} INFO - Filling up the DagBag from /home/logi/txtai/venv/lib/python3.10/site-packages/airflow/example_dags/plugins/event_listener.py
[2025-11-13T11:05:07.649+0530] {processor.py:842} WARNING - No viable dags retrieved from /home/logi/txtai/venv/lib/python3.10/site-packages/airflow/example_dags/plugins/event_listener.py
[2025-11-13T11:05:07.694+0530] {processor.py:183} INFO - Processing /home/logi/txtai/venv/lib/python3.10/site-packages/airflow/example_dags/plugins/event_listener.py took 0.063 seconds
[2025-11-13T17:53:48.360+0530] {processor.py:161} INFO - Started process (PID=30941) to work on /home/logi/txtai/venv/lib/python3.10/site-packages/airflow/example_dags/plugins/event_listener.py
[2025-11-13T17:53:48.362+0530] {processor.py:830} INFO - Processing file /home/logi/txtai/venv/lib/python3.10/site-packages/airflow/example_dags/plugins/event_listener.py for tasks to queue
[2025-11-13T17:53:48.364+0530] {logging_mixin.py:188} INFO - [2025-11-13T17:53:48.363+0530] {dagbag.py:545} INFO - Filling up the DagBag from /home/logi/txtai/venv/lib/python3.10/site-packages/airflow/example_dags/plugins/event_listener.py
[2025-11-13T17:53:48.372+0530] {processor.py:842} WARNING - No viable dags retrieved from /home/logi/txtai/venv/lib/python3.10/site-packages/airflow/example_dags/plugins/event_listener.py
[2025-11-13T17:53:48.443+0530] {processor.py:183} INFO - Processing /home/logi/txtai/venv/lib/python3.10/site-packages/airflow/example_dags/plugins/event_listener.py took 0.109 seconds
[2025-11-13T17:54:18.755+0530] {processor.py:161} INFO - Started process (PID=31229) to work on /home/logi/txtai/venv/lib/python3.10/site-packages/airflow/example_dags/plugins/event_listener.py
[2025-11-13T17:54:18.756+0530] {processor.py:830} INFO - Processing file /home/logi/txtai/venv/lib/python3.10/site-packages/airflow/example_dags/plugins/event_listener.py for tasks to queue
[2025-11-13T17:54:18.758+0530] {logging_mixin.py:188} INFO - [2025-11-13T17:54:18.757+0530] {dagbag.py:545} INFO - Filling up the DagBag from /home/logi/txtai/venv/lib/python3.10/site-packages/airflow/example_dags/plugins/event_listener.py
[2025-11-13T17:54:18.763+0530] {processor.py:842} WARNING - No viable dags retrieved from /home/logi/txtai/venv/lib/python3.10/site-packages/airflow/example_dags/plugins/event_listener.py
[2025-11-13T17:54:18.823+0530] {processor.py:183} INFO - Processing /home/logi/txtai/venv/lib/python3.10/site-packages/airflow/example_dags/plugins/event_listener.py took 0.090 seconds
[2025-11-13T17:56:08.145+0530] {processor.py:161} INFO - Started process (PID=32245) to work on /home/logi/txtai/venv/lib/python3.10/site-packages/airflow/example_dags/plugins/event_listener.py
[2025-11-13T17:56:08.151+0530] {processor.py:830} INFO - Processing file /home/logi/txtai/venv/lib/python3.10/site-packages/airflow/example_dags/plugins/event_listener.py for tasks to queue
[2025-11-13T17:56:08.153+0530] {logging_mixin.py:188} INFO - [2025-11-13T17:56:08.153+0530] {dagbag.py:545} INFO - Filling up the DagBag from /home/logi/txtai/venv/lib/python3.10/site-packages/airflow/example_dags/plugins/event_listener.py
[2025-11-13T17:56:08.157+0530] {processor.py:842} WARNING - No viable dags retrieved from /home/logi/txtai/venv/lib/python3.10/site-packages/airflow/example_dags/plugins/event_listener.py
[2025-11-13T17:56:08.184+0530] {processor.py:183} INFO - Processing /home/logi/txtai/venv/lib/python3.10/site-packages/airflow/example_dags/plugins/event_listener.py took 0.049 seconds
[2025-11-13T17:56:39.148+0530] {processor.py:161} INFO - Started process (PID=32922) to work on /home/logi/txtai/venv/lib/python3.10/site-packages/airflow/example_dags/plugins/event_listener.py
[2025-11-13T17:56:39.151+0530] {processor.py:830} INFO - Processing file /home/logi/txtai/venv/lib/python3.10/site-packages/airflow/example_dags/plugins/event_listener.py for tasks to queue
[2025-11-13T17:56:39.156+0530] {logging_mixin.py:188} INFO - [2025-11-13T17:56:39.155+0530] {dagbag.py:545} INFO - Filling up the DagBag from /home/logi/txtai/venv/lib/python3.10/site-packages/airflow/example_dags/plugins/event_listener.py
[2025-11-13T17:56:39.160+0530] {processor.py:842} WARNING - No viable dags retrieved from /home/logi/txtai/venv/lib/python3.10/site-packages/airflow/example_dags/plugins/event_listener.py
[2025-11-13T17:56:39.195+0530] {processor.py:183} INFO - Processing /home/logi/txtai/venv/lib/python3.10/site-packages/airflow/example_dags/plugins/event_listener.py took 0.058 seconds
[2025-11-13T17:57:10.155+0530] {processor.py:161} INFO - Started process (PID=33687) to work on /home/logi/txtai/venv/lib/python3.10/site-packages/airflow/example_dags/plugins/event_listener.py
[2025-11-13T17:57:10.157+0530] {processor.py:830} INFO - Processing file /home/logi/txtai/venv/lib/python3.10/site-packages/airflow/example_dags/plugins/event_listener.py for tasks to queue
[2025-11-13T17:57:10.160+0530] {logging_mixin.py:188} INFO - [2025-11-13T17:57:10.159+0530] {dagbag.py:545} INFO - Filling up the DagBag from /home/logi/txtai/venv/lib/python3.10/site-packages/airflow/example_dags/plugins/event_listener.py
[2025-11-13T17:57:10.164+0530] {processor.py:842} WARNING - No viable dags retrieved from /home/logi/txtai/venv/lib/python3.10/site-packages/airflow/example_dags/plugins/event_listener.py
[2025-11-13T17:57:10.213+0530] {processor.py:183} INFO - Processing /home/logi/txtai/venv/lib/python3.10/site-packages/airflow/example_dags/plugins/event_listener.py took 0.069 seconds
[2025-11-13T17:57:40.286+0530] {processor.py:161} INFO - Started process (PID=34040) to work on /home/logi/txtai/venv/lib/python3.10/site-packages/airflow/example_dags/plugins/event_listener.py
[2025-11-13T17:57:40.294+0530] {processor.py:830} INFO - Processing file /home/logi/txtai/venv/lib/python3.10/site-packages/airflow/example_dags/plugins/event_listener.py for tasks to queue
[2025-11-13T17:57:40.298+0530] {logging_mixin.py:188} INFO - [2025-11-13T17:57:40.297+0530] {dagbag.py:545} INFO - Filling up the DagBag from /home/logi/txtai/venv/lib/python3.10/site-packages/airflow/example_dags/plugins/event_listener.py
[2025-11-13T17:57:40.301+0530] {processor.py:842} WARNING - No viable dags retrieved from /home/logi/txtai/venv/lib/python3.10/site-packages/airflow/example_dags/plugins/event_listener.py
[2025-11-13T17:57:40.349+0530] {processor.py:183} INFO - Processing /home/logi/txtai/venv/lib/python3.10/site-packages/airflow/example_dags/plugins/event_listener.py took 0.075 seconds
[2025-11-13T17:58:11.123+0530] {processor.py:161} INFO - Started process (PID=34654) to work on /home/logi/txtai/venv/lib/python3.10/site-packages/airflow/example_dags/plugins/event_listener.py
[2025-11-13T17:58:11.126+0530] {processor.py:830} INFO - Processing file /home/logi/txtai/venv/lib/python3.10/site-packages/airflow/example_dags/plugins/event_listener.py for tasks to queue
[2025-11-13T17:58:11.131+0530] {logging_mixin.py:188} INFO - [2025-11-13T17:58:11.130+0530] {dagbag.py:545} INFO - Filling up the DagBag from /home/logi/txtai/venv/lib/python3.10/site-packages/airflow/example_dags/plugins/event_listener.py
[2025-11-13T17:58:11.135+0530] {processor.py:842} WARNING - No viable dags retrieved from /home/logi/txtai/venv/lib/python3.10/site-packages/airflow/example_dags/plugins/event_listener.py
[2025-11-13T17:58:11.190+0530] {processor.py:183} INFO - Processing /home/logi/txtai/venv/lib/python3.10/site-packages/airflow/example_dags/plugins/event_listener.py took 0.096 seconds
[2025-11-13T23:22:10.014+0530] {processor.py:161} INFO - Started process (PID=5728) to work on /home/logi/txtai/venv/lib/python3.10/site-packages/airflow/example_dags/plugins/event_listener.py
[2025-11-13T23:22:10.018+0530] {processor.py:830} INFO - Processing file /home/logi/txtai/venv/lib/python3.10/site-packages/airflow/example_dags/plugins/event_listener.py for tasks to queue
[2025-11-13T23:22:10.021+0530] {logging_mixin.py:188} INFO - [2025-11-13T23:22:10.020+0530] {dagbag.py:545} INFO - Filling up the DagBag from /home/logi/txtai/venv/lib/python3.10/site-packages/airflow/example_dags/plugins/event_listener.py
[2025-11-13T23:22:10.030+0530] {processor.py:842} WARNING - No viable dags retrieved from /home/logi/txtai/venv/lib/python3.10/site-packages/airflow/example_dags/plugins/event_listener.py
[2025-11-13T23:22:10.077+0530] {processor.py:183} INFO - Processing /home/logi/txtai/venv/lib/python3.10/site-packages/airflow/example_dags/plugins/event_listener.py took 0.089 seconds
[2025-11-13T23:22:41.413+0530] {processor.py:161} INFO - Started process (PID=6474) to work on /home/logi/txtai/venv/lib/python3.10/site-packages/airflow/example_dags/plugins/event_listener.py
[2025-11-13T23:22:41.415+0530] {processor.py:830} INFO - Processing file /home/logi/txtai/venv/lib/python3.10/site-packages/airflow/example_dags/plugins/event_listener.py for tasks to queue
[2025-11-13T23:22:41.419+0530] {logging_mixin.py:188} INFO - [2025-11-13T23:22:41.418+0530] {dagbag.py:545} INFO - Filling up the DagBag from /home/logi/txtai/venv/lib/python3.10/site-packages/airflow/example_dags/plugins/event_listener.py
[2025-11-13T23:22:41.421+0530] {processor.py:842} WARNING - No viable dags retrieved from /home/logi/txtai/venv/lib/python3.10/site-packages/airflow/example_dags/plugins/event_listener.py
[2025-11-13T23:22:41.455+0530] {processor.py:183} INFO - Processing /home/logi/txtai/venv/lib/python3.10/site-packages/airflow/example_dags/plugins/event_listener.py took 0.061 seconds
[2025-11-13T23:23:12.919+0530] {processor.py:161} INFO - Started process (PID=7177) to work on /home/logi/txtai/venv/lib/python3.10/site-packages/airflow/example_dags/plugins/event_listener.py
[2025-11-13T23:23:12.921+0530] {processor.py:830} INFO - Processing file /home/logi/txtai/venv/lib/python3.10/site-packages/airflow/example_dags/plugins/event_listener.py for tasks to queue
[2025-11-13T23:23:12.922+0530] {logging_mixin.py:188} INFO - [2025-11-13T23:23:12.922+0530] {dagbag.py:545} INFO - Filling up the DagBag from /home/logi/txtai/venv/lib/python3.10/site-packages/airflow/example_dags/plugins/event_listener.py
[2025-11-13T23:23:12.924+0530] {processor.py:842} WARNING - No viable dags retrieved from /home/logi/txtai/venv/lib/python3.10/site-packages/airflow/example_dags/plugins/event_listener.py
[2025-11-13T23:23:12.947+0530] {processor.py:183} INFO - Processing /home/logi/txtai/venv/lib/python3.10/site-packages/airflow/example_dags/plugins/event_listener.py took 0.034 seconds
[2025-11-13T23:23:44.684+0530] {processor.py:161} INFO - Started process (PID=7421) to work on /home/logi/txtai/venv/lib/python3.10/site-packages/airflow/example_dags/plugins/event_listener.py
[2025-11-13T23:23:44.685+0530] {processor.py:830} INFO - Processing file /home/logi/txtai/venv/lib/python3.10/site-packages/airflow/example_dags/plugins/event_listener.py for tasks to queue
[2025-11-13T23:23:44.687+0530] {logging_mixin.py:188} INFO - [2025-11-13T23:23:44.687+0530] {dagbag.py:545} INFO - Filling up the DagBag from /home/logi/txtai/venv/lib/python3.10/site-packages/airflow/example_dags/plugins/event_listener.py
[2025-11-13T23:23:44.689+0530] {processor.py:842} WARNING - No viable dags retrieved from /home/logi/txtai/venv/lib/python3.10/site-packages/airflow/example_dags/plugins/event_listener.py
[2025-11-13T23:23:44.716+0530] {processor.py:183} INFO - Processing /home/logi/txtai/venv/lib/python3.10/site-packages/airflow/example_dags/plugins/event_listener.py took 0.039 seconds
[2025-11-13T23:24:15.683+0530] {processor.py:161} INFO - Started process (PID=7692) to work on /home/logi/txtai/venv/lib/python3.10/site-packages/airflow/example_dags/plugins/event_listener.py
[2025-11-13T23:24:15.687+0530] {processor.py:830} INFO - Processing file /home/logi/txtai/venv/lib/python3.10/site-packages/airflow/example_dags/plugins/event_listener.py for tasks to queue
[2025-11-13T23:24:15.689+0530] {logging_mixin.py:188} INFO - [2025-11-13T23:24:15.689+0530] {dagbag.py:545} INFO - Filling up the DagBag from /home/logi/txtai/venv/lib/python3.10/site-packages/airflow/example_dags/plugins/event_listener.py
[2025-11-13T23:24:15.696+0530] {processor.py:842} WARNING - No viable dags retrieved from /home/logi/txtai/venv/lib/python3.10/site-packages/airflow/example_dags/plugins/event_listener.py
[2025-11-13T23:24:15.735+0530] {processor.py:183} INFO - Processing /home/logi/txtai/venv/lib/python3.10/site-packages/airflow/example_dags/plugins/event_listener.py took 0.073 seconds
[2025-11-13T23:24:47.301+0530] {processor.py:161} INFO - Started process (PID=7954) to work on /home/logi/txtai/venv/lib/python3.10/site-packages/airflow/example_dags/plugins/event_listener.py
[2025-11-13T23:24:47.305+0530] {processor.py:830} INFO - Processing file /home/logi/txtai/venv/lib/python3.10/site-packages/airflow/example_dags/plugins/event_listener.py for tasks to queue
[2025-11-13T23:24:47.310+0530] {logging_mixin.py:188} INFO - [2025-11-13T23:24:47.309+0530] {dagbag.py:545} INFO - Filling up the DagBag from /home/logi/txtai/venv/lib/python3.10/site-packages/airflow/example_dags/plugins/event_listener.py
[2025-11-13T23:24:47.313+0530] {processor.py:842} WARNING - No viable dags retrieved from /home/logi/txtai/venv/lib/python3.10/site-packages/airflow/example_dags/plugins/event_listener.py
[2025-11-13T23:24:47.337+0530] {processor.py:183} INFO - Processing /home/logi/txtai/venv/lib/python3.10/site-packages/airflow/example_dags/plugins/event_listener.py took 0.042 seconds
[2025-11-13T23:25:19.143+0530] {processor.py:161} INFO - Started process (PID=8738) to work on /home/logi/txtai/venv/lib/python3.10/site-packages/airflow/example_dags/plugins/event_listener.py
[2025-11-13T23:25:19.149+0530] {processor.py:830} INFO - Processing file /home/logi/txtai/venv/lib/python3.10/site-packages/airflow/example_dags/plugins/event_listener.py for tasks to queue
[2025-11-13T23:25:19.150+0530] {logging_mixin.py:188} INFO - [2025-11-13T23:25:19.150+0530] {dagbag.py:545} INFO - Filling up the DagBag from /home/logi/txtai/venv/lib/python3.10/site-packages/airflow/example_dags/plugins/event_listener.py
[2025-11-13T23:25:19.153+0530] {processor.py:842} WARNING - No viable dags retrieved from /home/logi/txtai/venv/lib/python3.10/site-packages/airflow/example_dags/plugins/event_listener.py
[2025-11-13T23:25:19.193+0530] {processor.py:183} INFO - Processing /home/logi/txtai/venv/lib/python3.10/site-packages/airflow/example_dags/plugins/event_listener.py took 0.059 seconds
[2025-11-13T23:25:49.946+0530] {processor.py:161} INFO - Started process (PID=9288) to work on /home/logi/txtai/venv/lib/python3.10/site-packages/airflow/example_dags/plugins/event_listener.py
[2025-11-13T23:25:49.960+0530] {processor.py:830} INFO - Processing file /home/logi/txtai/venv/lib/python3.10/site-packages/airflow/example_dags/plugins/event_listener.py for tasks to queue
[2025-11-13T23:25:49.962+0530] {logging_mixin.py:188} INFO - [2025-11-13T23:25:49.962+0530] {dagbag.py:545} INFO - Filling up the DagBag from /home/logi/txtai/venv/lib/python3.10/site-packages/airflow/example_dags/plugins/event_listener.py
[2025-11-13T23:25:49.964+0530] {processor.py:842} WARNING - No viable dags retrieved from /home/logi/txtai/venv/lib/python3.10/site-packages/airflow/example_dags/plugins/event_listener.py
[2025-11-13T23:25:49.990+0530] {processor.py:183} INFO - Processing /home/logi/txtai/venv/lib/python3.10/site-packages/airflow/example_dags/plugins/event_listener.py took 0.051 seconds
[2025-11-13T23:26:22.143+0530] {processor.py:161} INFO - Started process (PID=9492) to work on /home/logi/txtai/venv/lib/python3.10/site-packages/airflow/example_dags/plugins/event_listener.py
[2025-11-13T23:26:22.156+0530] {processor.py:830} INFO - Processing file /home/logi/txtai/venv/lib/python3.10/site-packages/airflow/example_dags/plugins/event_listener.py for tasks to queue
[2025-11-13T23:26:22.158+0530] {logging_mixin.py:188} INFO - [2025-11-13T23:26:22.158+0530] {dagbag.py:545} INFO - Filling up the DagBag from /home/logi/txtai/venv/lib/python3.10/site-packages/airflow/example_dags/plugins/event_listener.py
[2025-11-13T23:26:22.160+0530] {processor.py:842} WARNING - No viable dags retrieved from /home/logi/txtai/venv/lib/python3.10/site-packages/airflow/example_dags/plugins/event_listener.py
[2025-11-13T23:26:22.202+0530] {processor.py:183} INFO - Processing /home/logi/txtai/venv/lib/python3.10/site-packages/airflow/example_dags/plugins/event_listener.py took 0.078 seconds
[2025-11-13T23:26:53.160+0530] {processor.py:161} INFO - Started process (PID=9656) to work on /home/logi/txtai/venv/lib/python3.10/site-packages/airflow/example_dags/plugins/event_listener.py
[2025-11-13T23:26:53.162+0530] {processor.py:830} INFO - Processing file /home/logi/txtai/venv/lib/python3.10/site-packages/airflow/example_dags/plugins/event_listener.py for tasks to queue
[2025-11-13T23:26:53.165+0530] {logging_mixin.py:188} INFO - [2025-11-13T23:26:53.164+0530] {dagbag.py:545} INFO - Filling up the DagBag from /home/logi/txtai/venv/lib/python3.10/site-packages/airflow/example_dags/plugins/event_listener.py
[2025-11-13T23:26:53.168+0530] {processor.py:842} WARNING - No viable dags retrieved from /home/logi/txtai/venv/lib/python3.10/site-packages/airflow/example_dags/plugins/event_listener.py
[2025-11-13T23:26:53.215+0530] {processor.py:183} INFO - Processing /home/logi/txtai/venv/lib/python3.10/site-packages/airflow/example_dags/plugins/event_listener.py took 0.067 seconds
[2025-11-13T23:27:24.758+0530] {processor.py:161} INFO - Started process (PID=9842) to work on /home/logi/txtai/venv/lib/python3.10/site-packages/airflow/example_dags/plugins/event_listener.py
[2025-11-13T23:27:24.760+0530] {processor.py:830} INFO - Processing file /home/logi/txtai/venv/lib/python3.10/site-packages/airflow/example_dags/plugins/event_listener.py for tasks to queue
[2025-11-13T23:27:24.763+0530] {logging_mixin.py:188} INFO - [2025-11-13T23:27:24.762+0530] {dagbag.py:545} INFO - Filling up the DagBag from /home/logi/txtai/venv/lib/python3.10/site-packages/airflow/example_dags/plugins/event_listener.py
[2025-11-13T23:27:24.766+0530] {processor.py:842} WARNING - No viable dags retrieved from /home/logi/txtai/venv/lib/python3.10/site-packages/airflow/example_dags/plugins/event_listener.py
[2025-11-13T23:27:24.814+0530] {processor.py:183} INFO - Processing /home/logi/txtai/venv/lib/python3.10/site-packages/airflow/example_dags/plugins/event_listener.py took 0.069 seconds
[2025-11-13T23:27:55.669+0530] {processor.py:161} INFO - Started process (PID=9997) to work on /home/logi/txtai/venv/lib/python3.10/site-packages/airflow/example_dags/plugins/event_listener.py
[2025-11-13T23:27:55.671+0530] {processor.py:830} INFO - Processing file /home/logi/txtai/venv/lib/python3.10/site-packages/airflow/example_dags/plugins/event_listener.py for tasks to queue
[2025-11-13T23:27:55.674+0530] {logging_mixin.py:188} INFO - [2025-11-13T23:27:55.673+0530] {dagbag.py:545} INFO - Filling up the DagBag from /home/logi/txtai/venv/lib/python3.10/site-packages/airflow/example_dags/plugins/event_listener.py
[2025-11-13T23:27:55.677+0530] {processor.py:842} WARNING - No viable dags retrieved from /home/logi/txtai/venv/lib/python3.10/site-packages/airflow/example_dags/plugins/event_listener.py
[2025-11-13T23:27:55.727+0530] {processor.py:183} INFO - Processing /home/logi/txtai/venv/lib/python3.10/site-packages/airflow/example_dags/plugins/event_listener.py took 0.070 seconds
[2025-11-13T23:28:26.988+0530] {processor.py:161} INFO - Started process (PID=10155) to work on /home/logi/txtai/venv/lib/python3.10/site-packages/airflow/example_dags/plugins/event_listener.py
[2025-11-13T23:28:26.990+0530] {processor.py:830} INFO - Processing file /home/logi/txtai/venv/lib/python3.10/site-packages/airflow/example_dags/plugins/event_listener.py for tasks to queue
[2025-11-13T23:28:26.992+0530] {logging_mixin.py:188} INFO - [2025-11-13T23:28:26.992+0530] {dagbag.py:545} INFO - Filling up the DagBag from /home/logi/txtai/venv/lib/python3.10/site-packages/airflow/example_dags/plugins/event_listener.py
[2025-11-13T23:28:26.995+0530] {processor.py:842} WARNING - No viable dags retrieved from /home/logi/txtai/venv/lib/python3.10/site-packages/airflow/example_dags/plugins/event_listener.py
[2025-11-13T23:28:27.040+0530] {processor.py:183} INFO - Processing /home/logi/txtai/venv/lib/python3.10/site-packages/airflow/example_dags/plugins/event_listener.py took 0.060 seconds
[2025-11-13T23:28:58.516+0530] {processor.py:161} INFO - Started process (PID=10393) to work on /home/logi/txtai/venv/lib/python3.10/site-packages/airflow/example_dags/plugins/event_listener.py
[2025-11-13T23:28:58.518+0530] {processor.py:830} INFO - Processing file /home/logi/txtai/venv/lib/python3.10/site-packages/airflow/example_dags/plugins/event_listener.py for tasks to queue
[2025-11-13T23:28:58.521+0530] {logging_mixin.py:188} INFO - [2025-11-13T23:28:58.521+0530] {dagbag.py:545} INFO - Filling up the DagBag from /home/logi/txtai/venv/lib/python3.10/site-packages/airflow/example_dags/plugins/event_listener.py
[2025-11-13T23:28:58.526+0530] {processor.py:842} WARNING - No viable dags retrieved from /home/logi/txtai/venv/lib/python3.10/site-packages/airflow/example_dags/plugins/event_listener.py
[2025-11-13T23:28:58.569+0530] {processor.py:183} INFO - Processing /home/logi/txtai/venv/lib/python3.10/site-packages/airflow/example_dags/plugins/event_listener.py took 0.066 seconds
[2025-11-13T23:29:30.218+0530] {processor.py:161} INFO - Started process (PID=10595) to work on /home/logi/txtai/venv/lib/python3.10/site-packages/airflow/example_dags/plugins/event_listener.py
[2025-11-13T23:29:30.220+0530] {processor.py:830} INFO - Processing file /home/logi/txtai/venv/lib/python3.10/site-packages/airflow/example_dags/plugins/event_listener.py for tasks to queue
[2025-11-13T23:29:30.223+0530] {logging_mixin.py:188} INFO - [2025-11-13T23:29:30.223+0530] {dagbag.py:545} INFO - Filling up the DagBag from /home/logi/txtai/venv/lib/python3.10/site-packages/airflow/example_dags/plugins/event_listener.py
[2025-11-13T23:29:30.227+0530] {processor.py:842} WARNING - No viable dags retrieved from /home/logi/txtai/venv/lib/python3.10/site-packages/airflow/example_dags/plugins/event_listener.py
[2025-11-13T23:29:30.278+0530] {processor.py:183} INFO - Processing /home/logi/txtai/venv/lib/python3.10/site-packages/airflow/example_dags/plugins/event_listener.py took 0.073 seconds
[2025-11-13T23:30:01.956+0530] {processor.py:161} INFO - Started process (PID=10769) to work on /home/logi/txtai/venv/lib/python3.10/site-packages/airflow/example_dags/plugins/event_listener.py
[2025-11-13T23:30:01.958+0530] {processor.py:830} INFO - Processing file /home/logi/txtai/venv/lib/python3.10/site-packages/airflow/example_dags/plugins/event_listener.py for tasks to queue
[2025-11-13T23:30:01.961+0530] {logging_mixin.py:188} INFO - [2025-11-13T23:30:01.961+0530] {dagbag.py:545} INFO - Filling up the DagBag from /home/logi/txtai/venv/lib/python3.10/site-packages/airflow/example_dags/plugins/event_listener.py
[2025-11-13T23:30:01.965+0530] {processor.py:842} WARNING - No viable dags retrieved from /home/logi/txtai/venv/lib/python3.10/site-packages/airflow/example_dags/plugins/event_listener.py
[2025-11-13T23:30:02.011+0530] {processor.py:183} INFO - Processing /home/logi/txtai/venv/lib/python3.10/site-packages/airflow/example_dags/plugins/event_listener.py took 0.068 seconds
[2025-11-13T23:30:33.045+0530] {processor.py:161} INFO - Started process (PID=11308) to work on /home/logi/txtai/venv/lib/python3.10/site-packages/airflow/example_dags/plugins/event_listener.py
[2025-11-13T23:30:33.047+0530] {processor.py:830} INFO - Processing file /home/logi/txtai/venv/lib/python3.10/site-packages/airflow/example_dags/plugins/event_listener.py for tasks to queue
[2025-11-13T23:30:33.050+0530] {logging_mixin.py:188} INFO - [2025-11-13T23:30:33.050+0530] {dagbag.py:545} INFO - Filling up the DagBag from /home/logi/txtai/venv/lib/python3.10/site-packages/airflow/example_dags/plugins/event_listener.py
[2025-11-13T23:30:33.054+0530] {processor.py:842} WARNING - No viable dags retrieved from /home/logi/txtai/venv/lib/python3.10/site-packages/airflow/example_dags/plugins/event_listener.py
[2025-11-13T23:30:33.093+0530] {processor.py:183} INFO - Processing /home/logi/txtai/venv/lib/python3.10/site-packages/airflow/example_dags/plugins/event_listener.py took 0.055 seconds
[2025-11-13T23:31:04.257+0530] {processor.py:161} INFO - Started process (PID=11525) to work on /home/logi/txtai/venv/lib/python3.10/site-packages/airflow/example_dags/plugins/event_listener.py
[2025-11-13T23:31:04.262+0530] {processor.py:830} INFO - Processing file /home/logi/txtai/venv/lib/python3.10/site-packages/airflow/example_dags/plugins/event_listener.py for tasks to queue
[2025-11-13T23:31:04.269+0530] {logging_mixin.py:188} INFO - [2025-11-13T23:31:04.268+0530] {dagbag.py:545} INFO - Filling up the DagBag from /home/logi/txtai/venv/lib/python3.10/site-packages/airflow/example_dags/plugins/event_listener.py
[2025-11-13T23:31:04.278+0530] {processor.py:842} WARNING - No viable dags retrieved from /home/logi/txtai/venv/lib/python3.10/site-packages/airflow/example_dags/plugins/event_listener.py
[2025-11-13T23:31:04.358+0530] {processor.py:183} INFO - Processing /home/logi/txtai/venv/lib/python3.10/site-packages/airflow/example_dags/plugins/event_listener.py took 0.136 seconds
[2025-11-13T23:31:35.196+0530] {processor.py:161} INFO - Started process (PID=12017) to work on /home/logi/txtai/venv/lib/python3.10/site-packages/airflow/example_dags/plugins/event_listener.py
[2025-11-13T23:31:35.198+0530] {processor.py:830} INFO - Processing file /home/logi/txtai/venv/lib/python3.10/site-packages/airflow/example_dags/plugins/event_listener.py for tasks to queue
[2025-11-13T23:31:35.203+0530] {logging_mixin.py:188} INFO - [2025-11-13T23:31:35.202+0530] {dagbag.py:545} INFO - Filling up the DagBag from /home/logi/txtai/venv/lib/python3.10/site-packages/airflow/example_dags/plugins/event_listener.py
[2025-11-13T23:31:35.210+0530] {processor.py:842} WARNING - No viable dags retrieved from /home/logi/txtai/venv/lib/python3.10/site-packages/airflow/example_dags/plugins/event_listener.py
[2025-11-13T23:31:35.248+0530] {processor.py:183} INFO - Processing /home/logi/txtai/venv/lib/python3.10/site-packages/airflow/example_dags/plugins/event_listener.py took 0.063 seconds
[2025-11-13T23:32:06.055+0530] {processor.py:161} INFO - Started process (PID=12346) to work on /home/logi/txtai/venv/lib/python3.10/site-packages/airflow/example_dags/plugins/event_listener.py
[2025-11-13T23:32:06.058+0530] {processor.py:830} INFO - Processing file /home/logi/txtai/venv/lib/python3.10/site-packages/airflow/example_dags/plugins/event_listener.py for tasks to queue
[2025-11-13T23:32:06.059+0530] {logging_mixin.py:188} INFO - [2025-11-13T23:32:06.059+0530] {dagbag.py:545} INFO - Filling up the DagBag from /home/logi/txtai/venv/lib/python3.10/site-packages/airflow/example_dags/plugins/event_listener.py
[2025-11-13T23:32:06.063+0530] {processor.py:842} WARNING - No viable dags retrieved from /home/logi/txtai/venv/lib/python3.10/site-packages/airflow/example_dags/plugins/event_listener.py
[2025-11-13T23:32:06.132+0530] {processor.py:183} INFO - Processing /home/logi/txtai/venv/lib/python3.10/site-packages/airflow/example_dags/plugins/event_listener.py took 0.085 seconds
[2025-11-13T23:32:38.046+0530] {processor.py:161} INFO - Started process (PID=12806) to work on /home/logi/txtai/venv/lib/python3.10/site-packages/airflow/example_dags/plugins/event_listener.py
[2025-11-13T23:32:38.048+0530] {processor.py:830} INFO - Processing file /home/logi/txtai/venv/lib/python3.10/site-packages/airflow/example_dags/plugins/event_listener.py for tasks to queue
[2025-11-13T23:32:38.051+0530] {logging_mixin.py:188} INFO - [2025-11-13T23:32:38.051+0530] {dagbag.py:545} INFO - Filling up the DagBag from /home/logi/txtai/venv/lib/python3.10/site-packages/airflow/example_dags/plugins/event_listener.py
[2025-11-13T23:32:38.055+0530] {processor.py:842} WARNING - No viable dags retrieved from /home/logi/txtai/venv/lib/python3.10/site-packages/airflow/example_dags/plugins/event_listener.py
[2025-11-13T23:32:38.101+0530] {processor.py:183} INFO - Processing /home/logi/txtai/venv/lib/python3.10/site-packages/airflow/example_dags/plugins/event_listener.py took 0.075 seconds
[2025-11-13T23:33:09.851+0530] {processor.py:161} INFO - Started process (PID=13116) to work on /home/logi/txtai/venv/lib/python3.10/site-packages/airflow/example_dags/plugins/event_listener.py
[2025-11-13T23:33:09.852+0530] {processor.py:830} INFO - Processing file /home/logi/txtai/venv/lib/python3.10/site-packages/airflow/example_dags/plugins/event_listener.py for tasks to queue
[2025-11-13T23:33:09.854+0530] {logging_mixin.py:188} INFO - [2025-11-13T23:33:09.853+0530] {dagbag.py:545} INFO - Filling up the DagBag from /home/logi/txtai/venv/lib/python3.10/site-packages/airflow/example_dags/plugins/event_listener.py
[2025-11-13T23:33:09.855+0530] {processor.py:842} WARNING - No viable dags retrieved from /home/logi/txtai/venv/lib/python3.10/site-packages/airflow/example_dags/plugins/event_listener.py
[2025-11-13T23:33:09.894+0530] {processor.py:183} INFO - Processing /home/logi/txtai/venv/lib/python3.10/site-packages/airflow/example_dags/plugins/event_listener.py took 0.052 seconds
[2025-11-13T23:33:41.309+0530] {processor.py:161} INFO - Started process (PID=13699) to work on /home/logi/txtai/venv/lib/python3.10/site-packages/airflow/example_dags/plugins/event_listener.py
[2025-11-13T23:33:41.310+0530] {processor.py:830} INFO - Processing file /home/logi/txtai/venv/lib/python3.10/site-packages/airflow/example_dags/plugins/event_listener.py for tasks to queue
[2025-11-13T23:33:41.312+0530] {logging_mixin.py:188} INFO - [2025-11-13T23:33:41.312+0530] {dagbag.py:545} INFO - Filling up the DagBag from /home/logi/txtai/venv/lib/python3.10/site-packages/airflow/example_dags/plugins/event_listener.py
[2025-11-13T23:33:41.315+0530] {processor.py:842} WARNING - No viable dags retrieved from /home/logi/txtai/venv/lib/python3.10/site-packages/airflow/example_dags/plugins/event_listener.py
[2025-11-13T23:33:41.344+0530] {processor.py:183} INFO - Processing /home/logi/txtai/venv/lib/python3.10/site-packages/airflow/example_dags/plugins/event_listener.py took 0.042 seconds
[2025-11-13T23:34:12.242+0530] {processor.py:161} INFO - Started process (PID=14103) to work on /home/logi/txtai/venv/lib/python3.10/site-packages/airflow/example_dags/plugins/event_listener.py
[2025-11-13T23:34:12.243+0530] {processor.py:830} INFO - Processing file /home/logi/txtai/venv/lib/python3.10/site-packages/airflow/example_dags/plugins/event_listener.py for tasks to queue
[2025-11-13T23:34:12.246+0530] {logging_mixin.py:188} INFO - [2025-11-13T23:34:12.246+0530] {dagbag.py:545} INFO - Filling up the DagBag from /home/logi/txtai/venv/lib/python3.10/site-packages/airflow/example_dags/plugins/event_listener.py
[2025-11-13T23:34:12.249+0530] {processor.py:842} WARNING - No viable dags retrieved from /home/logi/txtai/venv/lib/python3.10/site-packages/airflow/example_dags/plugins/event_listener.py
[2025-11-13T23:34:12.282+0530] {processor.py:183} INFO - Processing /home/logi/txtai/venv/lib/python3.10/site-packages/airflow/example_dags/plugins/event_listener.py took 0.050 seconds
[2025-11-13T23:34:42.507+0530] {processor.py:161} INFO - Started process (PID=14557) to work on /home/logi/txtai/venv/lib/python3.10/site-packages/airflow/example_dags/plugins/event_listener.py
[2025-11-13T23:34:42.512+0530] {processor.py:830} INFO - Processing file /home/logi/txtai/venv/lib/python3.10/site-packages/airflow/example_dags/plugins/event_listener.py for tasks to queue
[2025-11-13T23:34:42.519+0530] {logging_mixin.py:188} INFO - [2025-11-13T23:34:42.518+0530] {dagbag.py:545} INFO - Filling up the DagBag from /home/logi/txtai/venv/lib/python3.10/site-packages/airflow/example_dags/plugins/event_listener.py
[2025-11-13T23:34:42.526+0530] {processor.py:842} WARNING - No viable dags retrieved from /home/logi/txtai/venv/lib/python3.10/site-packages/airflow/example_dags/plugins/event_listener.py
[2025-11-13T23:34:42.601+0530] {processor.py:183} INFO - Processing /home/logi/txtai/venv/lib/python3.10/site-packages/airflow/example_dags/plugins/event_listener.py took 0.124 seconds
[2025-11-13T23:35:12.876+0530] {processor.py:161} INFO - Started process (PID=14924) to work on /home/logi/txtai/venv/lib/python3.10/site-packages/airflow/example_dags/plugins/event_listener.py
[2025-11-13T23:35:12.878+0530] {processor.py:830} INFO - Processing file /home/logi/txtai/venv/lib/python3.10/site-packages/airflow/example_dags/plugins/event_listener.py for tasks to queue
[2025-11-13T23:35:12.881+0530] {logging_mixin.py:188} INFO - [2025-11-13T23:35:12.881+0530] {dagbag.py:545} INFO - Filling up the DagBag from /home/logi/txtai/venv/lib/python3.10/site-packages/airflow/example_dags/plugins/event_listener.py
[2025-11-13T23:35:12.884+0530] {processor.py:842} WARNING - No viable dags retrieved from /home/logi/txtai/venv/lib/python3.10/site-packages/airflow/example_dags/plugins/event_listener.py
[2025-11-13T23:35:12.930+0530] {processor.py:183} INFO - Processing /home/logi/txtai/venv/lib/python3.10/site-packages/airflow/example_dags/plugins/event_listener.py took 0.064 seconds
[2025-11-13T23:35:43.039+0530] {processor.py:161} INFO - Started process (PID=15396) to work on /home/logi/txtai/venv/lib/python3.10/site-packages/airflow/example_dags/plugins/event_listener.py
[2025-11-13T23:35:43.041+0530] {processor.py:830} INFO - Processing file /home/logi/txtai/venv/lib/python3.10/site-packages/airflow/example_dags/plugins/event_listener.py for tasks to queue
[2025-11-13T23:35:43.044+0530] {logging_mixin.py:188} INFO - [2025-11-13T23:35:43.043+0530] {dagbag.py:545} INFO - Filling up the DagBag from /home/logi/txtai/venv/lib/python3.10/site-packages/airflow/example_dags/plugins/event_listener.py
[2025-11-13T23:35:43.048+0530] {processor.py:842} WARNING - No viable dags retrieved from /home/logi/txtai/venv/lib/python3.10/site-packages/airflow/example_dags/plugins/event_listener.py
[2025-11-13T23:35:43.098+0530] {processor.py:183} INFO - Processing /home/logi/txtai/venv/lib/python3.10/site-packages/airflow/example_dags/plugins/event_listener.py took 0.073 seconds
[2025-11-13T23:36:13.691+0530] {processor.py:161} INFO - Started process (PID=15839) to work on /home/logi/txtai/venv/lib/python3.10/site-packages/airflow/example_dags/plugins/event_listener.py
[2025-11-13T23:36:13.693+0530] {processor.py:830} INFO - Processing file /home/logi/txtai/venv/lib/python3.10/site-packages/airflow/example_dags/plugins/event_listener.py for tasks to queue
[2025-11-13T23:36:13.695+0530] {logging_mixin.py:188} INFO - [2025-11-13T23:36:13.695+0530] {dagbag.py:545} INFO - Filling up the DagBag from /home/logi/txtai/venv/lib/python3.10/site-packages/airflow/example_dags/plugins/event_listener.py
[2025-11-13T23:36:13.700+0530] {processor.py:842} WARNING - No viable dags retrieved from /home/logi/txtai/venv/lib/python3.10/site-packages/airflow/example_dags/plugins/event_listener.py
[2025-11-13T23:36:13.735+0530] {processor.py:183} INFO - Processing /home/logi/txtai/venv/lib/python3.10/site-packages/airflow/example_dags/plugins/event_listener.py took 0.056 seconds
[2025-11-13T23:36:43.991+0530] {processor.py:161} INFO - Started process (PID=16151) to work on /home/logi/txtai/venv/lib/python3.10/site-packages/airflow/example_dags/plugins/event_listener.py
[2025-11-13T23:36:43.992+0530] {processor.py:830} INFO - Processing file /home/logi/txtai/venv/lib/python3.10/site-packages/airflow/example_dags/plugins/event_listener.py for tasks to queue
[2025-11-13T23:36:43.995+0530] {logging_mixin.py:188} INFO - [2025-11-13T23:36:43.995+0530] {dagbag.py:545} INFO - Filling up the DagBag from /home/logi/txtai/venv/lib/python3.10/site-packages/airflow/example_dags/plugins/event_listener.py
[2025-11-13T23:36:43.998+0530] {processor.py:842} WARNING - No viable dags retrieved from /home/logi/txtai/venv/lib/python3.10/site-packages/airflow/example_dags/plugins/event_listener.py
[2025-11-13T23:36:44.064+0530] {processor.py:183} INFO - Processing /home/logi/txtai/venv/lib/python3.10/site-packages/airflow/example_dags/plugins/event_listener.py took 0.086 seconds
[2025-11-13T23:37:14.215+0530] {processor.py:161} INFO - Started process (PID=16565) to work on /home/logi/txtai/venv/lib/python3.10/site-packages/airflow/example_dags/plugins/event_listener.py
[2025-11-13T23:37:14.216+0530] {processor.py:830} INFO - Processing file /home/logi/txtai/venv/lib/python3.10/site-packages/airflow/example_dags/plugins/event_listener.py for tasks to queue
[2025-11-13T23:37:14.219+0530] {logging_mixin.py:188} INFO - [2025-11-13T23:37:14.218+0530] {dagbag.py:545} INFO - Filling up the DagBag from /home/logi/txtai/venv/lib/python3.10/site-packages/airflow/example_dags/plugins/event_listener.py
[2025-11-13T23:37:14.222+0530] {processor.py:842} WARNING - No viable dags retrieved from /home/logi/txtai/venv/lib/python3.10/site-packages/airflow/example_dags/plugins/event_listener.py
[2025-11-13T23:37:14.260+0530] {processor.py:183} INFO - Processing /home/logi/txtai/venv/lib/python3.10/site-packages/airflow/example_dags/plugins/event_listener.py took 0.056 seconds
[2025-11-13T23:37:44.441+0530] {processor.py:161} INFO - Started process (PID=16974) to work on /home/logi/txtai/venv/lib/python3.10/site-packages/airflow/example_dags/plugins/event_listener.py
[2025-11-13T23:37:44.447+0530] {processor.py:830} INFO - Processing file /home/logi/txtai/venv/lib/python3.10/site-packages/airflow/example_dags/plugins/event_listener.py for tasks to queue
[2025-11-13T23:37:44.454+0530] {logging_mixin.py:188} INFO - [2025-11-13T23:37:44.453+0530] {dagbag.py:545} INFO - Filling up the DagBag from /home/logi/txtai/venv/lib/python3.10/site-packages/airflow/example_dags/plugins/event_listener.py
[2025-11-13T23:37:44.462+0530] {processor.py:842} WARNING - No viable dags retrieved from /home/logi/txtai/venv/lib/python3.10/site-packages/airflow/example_dags/plugins/event_listener.py
[2025-11-13T23:37:44.524+0530] {processor.py:183} INFO - Processing /home/logi/txtai/venv/lib/python3.10/site-packages/airflow/example_dags/plugins/event_listener.py took 0.103 seconds
[2025-11-13T23:38:15.541+0530] {processor.py:161} INFO - Started process (PID=17444) to work on /home/logi/txtai/venv/lib/python3.10/site-packages/airflow/example_dags/plugins/event_listener.py
[2025-11-13T23:38:15.546+0530] {processor.py:830} INFO - Processing file /home/logi/txtai/venv/lib/python3.10/site-packages/airflow/example_dags/plugins/event_listener.py for tasks to queue
[2025-11-13T23:38:15.553+0530] {logging_mixin.py:188} INFO - [2025-11-13T23:38:15.551+0530] {dagbag.py:545} INFO - Filling up the DagBag from /home/logi/txtai/venv/lib/python3.10/site-packages/airflow/example_dags/plugins/event_listener.py
[2025-11-13T23:38:15.562+0530] {processor.py:842} WARNING - No viable dags retrieved from /home/logi/txtai/venv/lib/python3.10/site-packages/airflow/example_dags/plugins/event_listener.py
[2025-11-13T23:38:15.638+0530] {processor.py:183} INFO - Processing /home/logi/txtai/venv/lib/python3.10/site-packages/airflow/example_dags/plugins/event_listener.py took 0.125 seconds
[2025-11-13T23:38:45.718+0530] {processor.py:161} INFO - Started process (PID=17844) to work on /home/logi/txtai/venv/lib/python3.10/site-packages/airflow/example_dags/plugins/event_listener.py
[2025-11-13T23:38:45.720+0530] {processor.py:830} INFO - Processing file /home/logi/txtai/venv/lib/python3.10/site-packages/airflow/example_dags/plugins/event_listener.py for tasks to queue
[2025-11-13T23:38:45.723+0530] {logging_mixin.py:188} INFO - [2025-11-13T23:38:45.722+0530] {dagbag.py:545} INFO - Filling up the DagBag from /home/logi/txtai/venv/lib/python3.10/site-packages/airflow/example_dags/plugins/event_listener.py
[2025-11-13T23:38:45.726+0530] {processor.py:842} WARNING - No viable dags retrieved from /home/logi/txtai/venv/lib/python3.10/site-packages/airflow/example_dags/plugins/event_listener.py
[2025-11-13T23:38:45.773+0530] {processor.py:183} INFO - Processing /home/logi/txtai/venv/lib/python3.10/site-packages/airflow/example_dags/plugins/event_listener.py took 0.068 seconds
[2025-11-13T23:39:15.839+0530] {processor.py:161} INFO - Started process (PID=18258) to work on /home/logi/txtai/venv/lib/python3.10/site-packages/airflow/example_dags/plugins/event_listener.py
[2025-11-13T23:39:15.841+0530] {processor.py:830} INFO - Processing file /home/logi/txtai/venv/lib/python3.10/site-packages/airflow/example_dags/plugins/event_listener.py for tasks to queue
[2025-11-13T23:39:15.842+0530] {logging_mixin.py:188} INFO - [2025-11-13T23:39:15.842+0530] {dagbag.py:545} INFO - Filling up the DagBag from /home/logi/txtai/venv/lib/python3.10/site-packages/airflow/example_dags/plugins/event_listener.py
[2025-11-13T23:39:15.846+0530] {processor.py:842} WARNING - No viable dags retrieved from /home/logi/txtai/venv/lib/python3.10/site-packages/airflow/example_dags/plugins/event_listener.py
[2025-11-13T23:39:15.888+0530] {processor.py:183} INFO - Processing /home/logi/txtai/venv/lib/python3.10/site-packages/airflow/example_dags/plugins/event_listener.py took 0.060 seconds
[2025-11-13T23:39:46.020+0530] {processor.py:161} INFO - Started process (PID=18632) to work on /home/logi/txtai/venv/lib/python3.10/site-packages/airflow/example_dags/plugins/event_listener.py
[2025-11-13T23:39:46.022+0530] {processor.py:830} INFO - Processing file /home/logi/txtai/venv/lib/python3.10/site-packages/airflow/example_dags/plugins/event_listener.py for tasks to queue
[2025-11-13T23:39:46.025+0530] {logging_mixin.py:188} INFO - [2025-11-13T23:39:46.024+0530] {dagbag.py:545} INFO - Filling up the DagBag from /home/logi/txtai/venv/lib/python3.10/site-packages/airflow/example_dags/plugins/event_listener.py
[2025-11-13T23:39:46.028+0530] {processor.py:842} WARNING - No viable dags retrieved from /home/logi/txtai/venv/lib/python3.10/site-packages/airflow/example_dags/plugins/event_listener.py
[2025-11-13T23:39:46.077+0530] {processor.py:183} INFO - Processing /home/logi/txtai/venv/lib/python3.10/site-packages/airflow/example_dags/plugins/event_listener.py took 0.070 seconds
[2025-11-13T23:40:16.656+0530] {processor.py:161} INFO - Started process (PID=19029) to work on /home/logi/txtai/venv/lib/python3.10/site-packages/airflow/example_dags/plugins/event_listener.py
[2025-11-13T23:40:16.663+0530] {processor.py:830} INFO - Processing file /home/logi/txtai/venv/lib/python3.10/site-packages/airflow/example_dags/plugins/event_listener.py for tasks to queue
[2025-11-13T23:40:16.665+0530] {logging_mixin.py:188} INFO - [2025-11-13T23:40:16.665+0530] {dagbag.py:545} INFO - Filling up the DagBag from /home/logi/txtai/venv/lib/python3.10/site-packages/airflow/example_dags/plugins/event_listener.py
[2025-11-13T23:40:16.668+0530] {processor.py:842} WARNING - No viable dags retrieved from /home/logi/txtai/venv/lib/python3.10/site-packages/airflow/example_dags/plugins/event_listener.py
[2025-11-13T23:40:16.695+0530] {processor.py:183} INFO - Processing /home/logi/txtai/venv/lib/python3.10/site-packages/airflow/example_dags/plugins/event_listener.py took 0.045 seconds
[2025-11-13T23:40:46.826+0530] {processor.py:161} INFO - Started process (PID=19388) to work on /home/logi/txtai/venv/lib/python3.10/site-packages/airflow/example_dags/plugins/event_listener.py
[2025-11-13T23:40:46.827+0530] {processor.py:830} INFO - Processing file /home/logi/txtai/venv/lib/python3.10/site-packages/airflow/example_dags/plugins/event_listener.py for tasks to queue
[2025-11-13T23:40:46.830+0530] {logging_mixin.py:188} INFO - [2025-11-13T23:40:46.830+0530] {dagbag.py:545} INFO - Filling up the DagBag from /home/logi/txtai/venv/lib/python3.10/site-packages/airflow/example_dags/plugins/event_listener.py
[2025-11-13T23:40:46.834+0530] {processor.py:842} WARNING - No viable dags retrieved from /home/logi/txtai/venv/lib/python3.10/site-packages/airflow/example_dags/plugins/event_listener.py
[2025-11-13T23:40:46.889+0530] {processor.py:183} INFO - Processing /home/logi/txtai/venv/lib/python3.10/site-packages/airflow/example_dags/plugins/event_listener.py took 0.076 seconds
[2025-11-13T23:41:17.469+0530] {processor.py:161} INFO - Started process (PID=19841) to work on /home/logi/txtai/venv/lib/python3.10/site-packages/airflow/example_dags/plugins/event_listener.py
[2025-11-13T23:41:17.474+0530] {processor.py:830} INFO - Processing file /home/logi/txtai/venv/lib/python3.10/site-packages/airflow/example_dags/plugins/event_listener.py for tasks to queue
[2025-11-13T23:41:17.483+0530] {logging_mixin.py:188} INFO - [2025-11-13T23:41:17.482+0530] {dagbag.py:545} INFO - Filling up the DagBag from /home/logi/txtai/venv/lib/python3.10/site-packages/airflow/example_dags/plugins/event_listener.py
[2025-11-13T23:41:17.494+0530] {processor.py:842} WARNING - No viable dags retrieved from /home/logi/txtai/venv/lib/python3.10/site-packages/airflow/example_dags/plugins/event_listener.py
[2025-11-13T23:41:17.584+0530] {processor.py:183} INFO - Processing /home/logi/txtai/venv/lib/python3.10/site-packages/airflow/example_dags/plugins/event_listener.py took 0.149 seconds
[2025-11-13T23:41:48.285+0530] {processor.py:161} INFO - Started process (PID=20238) to work on /home/logi/txtai/venv/lib/python3.10/site-packages/airflow/example_dags/plugins/event_listener.py
[2025-11-13T23:41:48.288+0530] {processor.py:830} INFO - Processing file /home/logi/txtai/venv/lib/python3.10/site-packages/airflow/example_dags/plugins/event_listener.py for tasks to queue
[2025-11-13T23:41:48.295+0530] {logging_mixin.py:188} INFO - [2025-11-13T23:41:48.294+0530] {dagbag.py:545} INFO - Filling up the DagBag from /home/logi/txtai/venv/lib/python3.10/site-packages/airflow/example_dags/plugins/event_listener.py
[2025-11-13T23:41:48.302+0530] {processor.py:842} WARNING - No viable dags retrieved from /home/logi/txtai/venv/lib/python3.10/site-packages/airflow/example_dags/plugins/event_listener.py
[2025-11-13T23:41:48.326+0530] {processor.py:183} INFO - Processing /home/logi/txtai/venv/lib/python3.10/site-packages/airflow/example_dags/plugins/event_listener.py took 0.063 seconds
[2025-11-13T23:42:19.063+0530] {processor.py:161} INFO - Started process (PID=20661) to work on /home/logi/txtai/venv/lib/python3.10/site-packages/airflow/example_dags/plugins/event_listener.py
[2025-11-13T23:42:19.065+0530] {processor.py:830} INFO - Processing file /home/logi/txtai/venv/lib/python3.10/site-packages/airflow/example_dags/plugins/event_listener.py for tasks to queue
[2025-11-13T23:42:19.068+0530] {logging_mixin.py:188} INFO - [2025-11-13T23:42:19.067+0530] {dagbag.py:545} INFO - Filling up the DagBag from /home/logi/txtai/venv/lib/python3.10/site-packages/airflow/example_dags/plugins/event_listener.py
[2025-11-13T23:42:19.071+0530] {processor.py:842} WARNING - No viable dags retrieved from /home/logi/txtai/venv/lib/python3.10/site-packages/airflow/example_dags/plugins/event_listener.py
[2025-11-13T23:42:19.108+0530] {processor.py:183} INFO - Processing /home/logi/txtai/venv/lib/python3.10/site-packages/airflow/example_dags/plugins/event_listener.py took 0.057 seconds
[2025-11-13T23:42:49.286+0530] {processor.py:161} INFO - Started process (PID=21277) to work on /home/logi/txtai/venv/lib/python3.10/site-packages/airflow/example_dags/plugins/event_listener.py
[2025-11-13T23:42:49.287+0530] {processor.py:830} INFO - Processing file /home/logi/txtai/venv/lib/python3.10/site-packages/airflow/example_dags/plugins/event_listener.py for tasks to queue
[2025-11-13T23:42:49.289+0530] {logging_mixin.py:188} INFO - [2025-11-13T23:42:49.289+0530] {dagbag.py:545} INFO - Filling up the DagBag from /home/logi/txtai/venv/lib/python3.10/site-packages/airflow/example_dags/plugins/event_listener.py
[2025-11-13T23:42:49.291+0530] {processor.py:842} WARNING - No viable dags retrieved from /home/logi/txtai/venv/lib/python3.10/site-packages/airflow/example_dags/plugins/event_listener.py
[2025-11-13T23:42:49.316+0530] {processor.py:183} INFO - Processing /home/logi/txtai/venv/lib/python3.10/site-packages/airflow/example_dags/plugins/event_listener.py took 0.041 seconds
[2025-11-13T23:43:19.932+0530] {processor.py:161} INFO - Started process (PID=21796) to work on /home/logi/txtai/venv/lib/python3.10/site-packages/airflow/example_dags/plugins/event_listener.py
[2025-11-13T23:43:19.937+0530] {processor.py:830} INFO - Processing file /home/logi/txtai/venv/lib/python3.10/site-packages/airflow/example_dags/plugins/event_listener.py for tasks to queue
[2025-11-13T23:43:19.947+0530] {logging_mixin.py:188} INFO - [2025-11-13T23:43:19.945+0530] {dagbag.py:545} INFO - Filling up the DagBag from /home/logi/txtai/venv/lib/python3.10/site-packages/airflow/example_dags/plugins/event_listener.py
[2025-11-13T23:43:19.957+0530] {processor.py:842} WARNING - No viable dags retrieved from /home/logi/txtai/venv/lib/python3.10/site-packages/airflow/example_dags/plugins/event_listener.py
[2025-11-13T23:43:20.041+0530] {processor.py:183} INFO - Processing /home/logi/txtai/venv/lib/python3.10/site-packages/airflow/example_dags/plugins/event_listener.py took 0.146 seconds
[2025-11-13T23:43:50.808+0530] {processor.py:161} INFO - Started process (PID=22129) to work on /home/logi/txtai/venv/lib/python3.10/site-packages/airflow/example_dags/plugins/event_listener.py
[2025-11-13T23:43:50.811+0530] {processor.py:830} INFO - Processing file /home/logi/txtai/venv/lib/python3.10/site-packages/airflow/example_dags/plugins/event_listener.py for tasks to queue
[2025-11-13T23:43:50.814+0530] {logging_mixin.py:188} INFO - [2025-11-13T23:43:50.813+0530] {dagbag.py:545} INFO - Filling up the DagBag from /home/logi/txtai/venv/lib/python3.10/site-packages/airflow/example_dags/plugins/event_listener.py
[2025-11-13T23:43:50.817+0530] {processor.py:842} WARNING - No viable dags retrieved from /home/logi/txtai/venv/lib/python3.10/site-packages/airflow/example_dags/plugins/event_listener.py
[2025-11-13T23:43:50.862+0530] {processor.py:183} INFO - Processing /home/logi/txtai/venv/lib/python3.10/site-packages/airflow/example_dags/plugins/event_listener.py took 0.066 seconds
[2025-11-13T23:44:21.621+0530] {processor.py:161} INFO - Started process (PID=22570) to work on /home/logi/txtai/venv/lib/python3.10/site-packages/airflow/example_dags/plugins/event_listener.py
[2025-11-13T23:44:21.622+0530] {processor.py:830} INFO - Processing file /home/logi/txtai/venv/lib/python3.10/site-packages/airflow/example_dags/plugins/event_listener.py for tasks to queue
[2025-11-13T23:44:21.625+0530] {logging_mixin.py:188} INFO - [2025-11-13T23:44:21.625+0530] {dagbag.py:545} INFO - Filling up the DagBag from /home/logi/txtai/venv/lib/python3.10/site-packages/airflow/example_dags/plugins/event_listener.py
[2025-11-13T23:44:21.628+0530] {processor.py:842} WARNING - No viable dags retrieved from /home/logi/txtai/venv/lib/python3.10/site-packages/airflow/example_dags/plugins/event_listener.py
[2025-11-13T23:44:21.662+0530] {processor.py:183} INFO - Processing /home/logi/txtai/venv/lib/python3.10/site-packages/airflow/example_dags/plugins/event_listener.py took 0.053 seconds
[2025-11-13T23:44:51.792+0530] {processor.py:161} INFO - Started process (PID=23121) to work on /home/logi/txtai/venv/lib/python3.10/site-packages/airflow/example_dags/plugins/event_listener.py
[2025-11-13T23:44:51.794+0530] {processor.py:830} INFO - Processing file /home/logi/txtai/venv/lib/python3.10/site-packages/airflow/example_dags/plugins/event_listener.py for tasks to queue
[2025-11-13T23:44:51.797+0530] {logging_mixin.py:188} INFO - [2025-11-13T23:44:51.797+0530] {dagbag.py:545} INFO - Filling up the DagBag from /home/logi/txtai/venv/lib/python3.10/site-packages/airflow/example_dags/plugins/event_listener.py
[2025-11-13T23:44:51.801+0530] {processor.py:842} WARNING - No viable dags retrieved from /home/logi/txtai/venv/lib/python3.10/site-packages/airflow/example_dags/plugins/event_listener.py
[2025-11-13T23:44:51.847+0530] {processor.py:183} INFO - Processing /home/logi/txtai/venv/lib/python3.10/site-packages/airflow/example_dags/plugins/event_listener.py took 0.068 seconds
[2025-11-13T23:45:22.321+0530] {processor.py:161} INFO - Started process (PID=23664) to work on /home/logi/txtai/venv/lib/python3.10/site-packages/airflow/example_dags/plugins/event_listener.py
[2025-11-13T23:45:22.323+0530] {processor.py:830} INFO - Processing file /home/logi/txtai/venv/lib/python3.10/site-packages/airflow/example_dags/plugins/event_listener.py for tasks to queue
[2025-11-13T23:45:22.326+0530] {logging_mixin.py:188} INFO - [2025-11-13T23:45:22.325+0530] {dagbag.py:545} INFO - Filling up the DagBag from /home/logi/txtai/venv/lib/python3.10/site-packages/airflow/example_dags/plugins/event_listener.py
[2025-11-13T23:45:22.328+0530] {processor.py:842} WARNING - No viable dags retrieved from /home/logi/txtai/venv/lib/python3.10/site-packages/airflow/example_dags/plugins/event_listener.py
[2025-11-13T23:45:22.360+0530] {processor.py:183} INFO - Processing /home/logi/txtai/venv/lib/python3.10/site-packages/airflow/example_dags/plugins/event_listener.py took 0.051 seconds
[2025-11-13T23:45:52.691+0530] {processor.py:161} INFO - Started process (PID=23983) to work on /home/logi/txtai/venv/lib/python3.10/site-packages/airflow/example_dags/plugins/event_listener.py
[2025-11-13T23:45:52.693+0530] {processor.py:830} INFO - Processing file /home/logi/txtai/venv/lib/python3.10/site-packages/airflow/example_dags/plugins/event_listener.py for tasks to queue
[2025-11-13T23:45:52.696+0530] {logging_mixin.py:188} INFO - [2025-11-13T23:45:52.695+0530] {dagbag.py:545} INFO - Filling up the DagBag from /home/logi/txtai/venv/lib/python3.10/site-packages/airflow/example_dags/plugins/event_listener.py
[2025-11-13T23:45:52.700+0530] {processor.py:842} WARNING - No viable dags retrieved from /home/logi/txtai/venv/lib/python3.10/site-packages/airflow/example_dags/plugins/event_listener.py
[2025-11-13T23:45:52.749+0530] {processor.py:183} INFO - Processing /home/logi/txtai/venv/lib/python3.10/site-packages/airflow/example_dags/plugins/event_listener.py took 0.070 seconds
[2025-11-13T23:46:23.905+0530] {processor.py:161} INFO - Started process (PID=24564) to work on /home/logi/txtai/venv/lib/python3.10/site-packages/airflow/example_dags/plugins/event_listener.py
[2025-11-13T23:46:23.907+0530] {processor.py:830} INFO - Processing file /home/logi/txtai/venv/lib/python3.10/site-packages/airflow/example_dags/plugins/event_listener.py for tasks to queue
[2025-11-13T23:46:23.909+0530] {logging_mixin.py:188} INFO - [2025-11-13T23:46:23.909+0530] {dagbag.py:545} INFO - Filling up the DagBag from /home/logi/txtai/venv/lib/python3.10/site-packages/airflow/example_dags/plugins/event_listener.py
[2025-11-13T23:46:23.913+0530] {processor.py:842} WARNING - No viable dags retrieved from /home/logi/txtai/venv/lib/python3.10/site-packages/airflow/example_dags/plugins/event_listener.py
[2025-11-13T23:46:23.959+0530] {processor.py:183} INFO - Processing /home/logi/txtai/venv/lib/python3.10/site-packages/airflow/example_dags/plugins/event_listener.py took 0.065 seconds
[2025-11-13T23:46:54.082+0530] {processor.py:161} INFO - Started process (PID=24919) to work on /home/logi/txtai/venv/lib/python3.10/site-packages/airflow/example_dags/plugins/event_listener.py
[2025-11-13T23:46:54.083+0530] {processor.py:830} INFO - Processing file /home/logi/txtai/venv/lib/python3.10/site-packages/airflow/example_dags/plugins/event_listener.py for tasks to queue
[2025-11-13T23:46:54.085+0530] {logging_mixin.py:188} INFO - [2025-11-13T23:46:54.085+0530] {dagbag.py:545} INFO - Filling up the DagBag from /home/logi/txtai/venv/lib/python3.10/site-packages/airflow/example_dags/plugins/event_listener.py
[2025-11-13T23:46:54.087+0530] {processor.py:842} WARNING - No viable dags retrieved from /home/logi/txtai/venv/lib/python3.10/site-packages/airflow/example_dags/plugins/event_listener.py
[2025-11-13T23:46:54.129+0530] {processor.py:183} INFO - Processing /home/logi/txtai/venv/lib/python3.10/site-packages/airflow/example_dags/plugins/event_listener.py took 0.052 seconds
[2025-11-13T23:47:25.307+0530] {processor.py:161} INFO - Started process (PID=25423) to work on /home/logi/txtai/venv/lib/python3.10/site-packages/airflow/example_dags/plugins/event_listener.py
[2025-11-13T23:47:25.324+0530] {processor.py:830} INFO - Processing file /home/logi/txtai/venv/lib/python3.10/site-packages/airflow/example_dags/plugins/event_listener.py for tasks to queue
[2025-11-13T23:47:25.326+0530] {logging_mixin.py:188} INFO - [2025-11-13T23:47:25.326+0530] {dagbag.py:545} INFO - Filling up the DagBag from /home/logi/txtai/venv/lib/python3.10/site-packages/airflow/example_dags/plugins/event_listener.py
[2025-11-13T23:47:25.328+0530] {processor.py:842} WARNING - No viable dags retrieved from /home/logi/txtai/venv/lib/python3.10/site-packages/airflow/example_dags/plugins/event_listener.py
[2025-11-13T23:47:25.354+0530] {processor.py:183} INFO - Processing /home/logi/txtai/venv/lib/python3.10/site-packages/airflow/example_dags/plugins/event_listener.py took 0.069 seconds
[2025-11-13T23:47:56.236+0530] {processor.py:161} INFO - Started process (PID=25678) to work on /home/logi/txtai/venv/lib/python3.10/site-packages/airflow/example_dags/plugins/event_listener.py
[2025-11-13T23:47:56.238+0530] {processor.py:830} INFO - Processing file /home/logi/txtai/venv/lib/python3.10/site-packages/airflow/example_dags/plugins/event_listener.py for tasks to queue
[2025-11-13T23:47:56.243+0530] {logging_mixin.py:188} INFO - [2025-11-13T23:47:56.242+0530] {dagbag.py:545} INFO - Filling up the DagBag from /home/logi/txtai/venv/lib/python3.10/site-packages/airflow/example_dags/plugins/event_listener.py
[2025-11-13T23:47:56.248+0530] {processor.py:842} WARNING - No viable dags retrieved from /home/logi/txtai/venv/lib/python3.10/site-packages/airflow/example_dags/plugins/event_listener.py
[2025-11-13T23:47:56.316+0530] {processor.py:183} INFO - Processing /home/logi/txtai/venv/lib/python3.10/site-packages/airflow/example_dags/plugins/event_listener.py took 0.100 seconds
[2025-11-13T23:48:29.602+0530] {processor.py:161} INFO - Started process (PID=26212) to work on /home/logi/txtai/venv/lib/python3.10/site-packages/airflow/example_dags/plugins/event_listener.py
[2025-11-13T23:48:29.618+0530] {processor.py:830} INFO - Processing file /home/logi/txtai/venv/lib/python3.10/site-packages/airflow/example_dags/plugins/event_listener.py for tasks to queue
[2025-11-13T23:48:29.625+0530] {logging_mixin.py:188} INFO - [2025-11-13T23:48:29.624+0530] {dagbag.py:545} INFO - Filling up the DagBag from /home/logi/txtai/venv/lib/python3.10/site-packages/airflow/example_dags/plugins/event_listener.py
[2025-11-13T23:48:29.631+0530] {processor.py:842} WARNING - No viable dags retrieved from /home/logi/txtai/venv/lib/python3.10/site-packages/airflow/example_dags/plugins/event_listener.py
[2025-11-13T23:48:29.665+0530] {processor.py:183} INFO - Processing /home/logi/txtai/venv/lib/python3.10/site-packages/airflow/example_dags/plugins/event_listener.py took 0.089 seconds
[2025-11-13T23:49:00.243+0530] {processor.py:161} INFO - Started process (PID=26459) to work on /home/logi/txtai/venv/lib/python3.10/site-packages/airflow/example_dags/plugins/event_listener.py
[2025-11-13T23:49:00.245+0530] {processor.py:830} INFO - Processing file /home/logi/txtai/venv/lib/python3.10/site-packages/airflow/example_dags/plugins/event_listener.py for tasks to queue
[2025-11-13T23:49:00.249+0530] {logging_mixin.py:188} INFO - [2025-11-13T23:49:00.248+0530] {dagbag.py:545} INFO - Filling up the DagBag from /home/logi/txtai/venv/lib/python3.10/site-packages/airflow/example_dags/plugins/event_listener.py
[2025-11-13T23:49:00.252+0530] {processor.py:842} WARNING - No viable dags retrieved from /home/logi/txtai/venv/lib/python3.10/site-packages/airflow/example_dags/plugins/event_listener.py
[2025-11-13T23:49:00.296+0530] {processor.py:183} INFO - Processing /home/logi/txtai/venv/lib/python3.10/site-packages/airflow/example_dags/plugins/event_listener.py took 0.065 seconds
[2025-11-13T23:49:30.520+0530] {processor.py:161} INFO - Started process (PID=27004) to work on /home/logi/txtai/venv/lib/python3.10/site-packages/airflow/example_dags/plugins/event_listener.py
[2025-11-13T23:49:30.521+0530] {processor.py:830} INFO - Processing file /home/logi/txtai/venv/lib/python3.10/site-packages/airflow/example_dags/plugins/event_listener.py for tasks to queue
[2025-11-13T23:49:30.523+0530] {logging_mixin.py:188} INFO - [2025-11-13T23:49:30.523+0530] {dagbag.py:545} INFO - Filling up the DagBag from /home/logi/txtai/venv/lib/python3.10/site-packages/airflow/example_dags/plugins/event_listener.py
[2025-11-13T23:49:30.525+0530] {processor.py:842} WARNING - No viable dags retrieved from /home/logi/txtai/venv/lib/python3.10/site-packages/airflow/example_dags/plugins/event_listener.py
[2025-11-13T23:49:30.553+0530] {processor.py:183} INFO - Processing /home/logi/txtai/venv/lib/python3.10/site-packages/airflow/example_dags/plugins/event_listener.py took 0.049 seconds
[2025-11-13T23:50:01.192+0530] {processor.py:161} INFO - Started process (PID=27232) to work on /home/logi/txtai/venv/lib/python3.10/site-packages/airflow/example_dags/plugins/event_listener.py
[2025-11-13T23:50:01.207+0530] {processor.py:830} INFO - Processing file /home/logi/txtai/venv/lib/python3.10/site-packages/airflow/example_dags/plugins/event_listener.py for tasks to queue
[2025-11-13T23:50:01.213+0530] {logging_mixin.py:188} INFO - [2025-11-13T23:50:01.213+0530] {dagbag.py:545} INFO - Filling up the DagBag from /home/logi/txtai/venv/lib/python3.10/site-packages/airflow/example_dags/plugins/event_listener.py
[2025-11-13T23:50:01.219+0530] {processor.py:842} WARNING - No viable dags retrieved from /home/logi/txtai/venv/lib/python3.10/site-packages/airflow/example_dags/plugins/event_listener.py
[2025-11-13T23:50:01.286+0530] {processor.py:183} INFO - Processing /home/logi/txtai/venv/lib/python3.10/site-packages/airflow/example_dags/plugins/event_listener.py took 0.117 seconds
[2025-11-13T23:50:31.678+0530] {processor.py:161} INFO - Started process (PID=27879) to work on /home/logi/txtai/venv/lib/python3.10/site-packages/airflow/example_dags/plugins/event_listener.py
[2025-11-13T23:50:31.692+0530] {processor.py:830} INFO - Processing file /home/logi/txtai/venv/lib/python3.10/site-packages/airflow/example_dags/plugins/event_listener.py for tasks to queue
[2025-11-13T23:50:31.695+0530] {logging_mixin.py:188} INFO - [2025-11-13T23:50:31.694+0530] {dagbag.py:545} INFO - Filling up the DagBag from /home/logi/txtai/venv/lib/python3.10/site-packages/airflow/example_dags/plugins/event_listener.py
[2025-11-13T23:50:31.702+0530] {processor.py:842} WARNING - No viable dags retrieved from /home/logi/txtai/venv/lib/python3.10/site-packages/airflow/example_dags/plugins/event_listener.py
[2025-11-13T23:50:31.746+0530] {processor.py:183} INFO - Processing /home/logi/txtai/venv/lib/python3.10/site-packages/airflow/example_dags/plugins/event_listener.py took 0.085 seconds
[2025-11-13T23:51:01.832+0530] {processor.py:161} INFO - Started process (PID=28421) to work on /home/logi/txtai/venv/lib/python3.10/site-packages/airflow/example_dags/plugins/event_listener.py
[2025-11-13T23:51:01.833+0530] {processor.py:830} INFO - Processing file /home/logi/txtai/venv/lib/python3.10/site-packages/airflow/example_dags/plugins/event_listener.py for tasks to queue
[2025-11-13T23:51:01.835+0530] {logging_mixin.py:188} INFO - [2025-11-13T23:51:01.835+0530] {dagbag.py:545} INFO - Filling up the DagBag from /home/logi/txtai/venv/lib/python3.10/site-packages/airflow/example_dags/plugins/event_listener.py
[2025-11-13T23:51:01.837+0530] {processor.py:842} WARNING - No viable dags retrieved from /home/logi/txtai/venv/lib/python3.10/site-packages/airflow/example_dags/plugins/event_listener.py
[2025-11-13T23:51:01.872+0530] {processor.py:183} INFO - Processing /home/logi/txtai/venv/lib/python3.10/site-packages/airflow/example_dags/plugins/event_listener.py took 0.047 seconds
[2025-11-13T23:51:32.638+0530] {processor.py:161} INFO - Started process (PID=28814) to work on /home/logi/txtai/venv/lib/python3.10/site-packages/airflow/example_dags/plugins/event_listener.py
[2025-11-13T23:51:32.641+0530] {processor.py:830} INFO - Processing file /home/logi/txtai/venv/lib/python3.10/site-packages/airflow/example_dags/plugins/event_listener.py for tasks to queue
[2025-11-13T23:51:32.644+0530] {logging_mixin.py:188} INFO - [2025-11-13T23:51:32.643+0530] {dagbag.py:545} INFO - Filling up the DagBag from /home/logi/txtai/venv/lib/python3.10/site-packages/airflow/example_dags/plugins/event_listener.py
[2025-11-13T23:51:32.650+0530] {processor.py:842} WARNING - No viable dags retrieved from /home/logi/txtai/venv/lib/python3.10/site-packages/airflow/example_dags/plugins/event_listener.py
[2025-11-13T23:51:32.704+0530] {processor.py:183} INFO - Processing /home/logi/txtai/venv/lib/python3.10/site-packages/airflow/example_dags/plugins/event_listener.py took 0.085 seconds
[2025-11-13T23:52:02.774+0530] {processor.py:161} INFO - Started process (PID=29308) to work on /home/logi/txtai/venv/lib/python3.10/site-packages/airflow/example_dags/plugins/event_listener.py
[2025-11-13T23:52:02.775+0530] {processor.py:830} INFO - Processing file /home/logi/txtai/venv/lib/python3.10/site-packages/airflow/example_dags/plugins/event_listener.py for tasks to queue
[2025-11-13T23:52:02.781+0530] {logging_mixin.py:188} INFO - [2025-11-13T23:52:02.781+0530] {dagbag.py:545} INFO - Filling up the DagBag from /home/logi/txtai/venv/lib/python3.10/site-packages/airflow/example_dags/plugins/event_listener.py
[2025-11-13T23:52:02.785+0530] {processor.py:842} WARNING - No viable dags retrieved from /home/logi/txtai/venv/lib/python3.10/site-packages/airflow/example_dags/plugins/event_listener.py
[2025-11-13T23:52:02.842+0530] {processor.py:183} INFO - Processing /home/logi/txtai/venv/lib/python3.10/site-packages/airflow/example_dags/plugins/event_listener.py took 0.081 seconds
[2025-11-13T23:52:33.932+0530] {processor.py:161} INFO - Started process (PID=29845) to work on /home/logi/txtai/venv/lib/python3.10/site-packages/airflow/example_dags/plugins/event_listener.py
[2025-11-13T23:52:33.933+0530] {processor.py:830} INFO - Processing file /home/logi/txtai/venv/lib/python3.10/site-packages/airflow/example_dags/plugins/event_listener.py for tasks to queue
[2025-11-13T23:52:33.934+0530] {logging_mixin.py:188} INFO - [2025-11-13T23:52:33.934+0530] {dagbag.py:545} INFO - Filling up the DagBag from /home/logi/txtai/venv/lib/python3.10/site-packages/airflow/example_dags/plugins/event_listener.py
[2025-11-13T23:52:33.936+0530] {processor.py:842} WARNING - No viable dags retrieved from /home/logi/txtai/venv/lib/python3.10/site-packages/airflow/example_dags/plugins/event_listener.py
[2025-11-13T23:52:33.965+0530] {processor.py:183} INFO - Processing /home/logi/txtai/venv/lib/python3.10/site-packages/airflow/example_dags/plugins/event_listener.py took 0.039 seconds
[2025-11-13T23:53:05.482+0530] {processor.py:161} INFO - Started process (PID=30115) to work on /home/logi/txtai/venv/lib/python3.10/site-packages/airflow/example_dags/plugins/event_listener.py
[2025-11-13T23:53:05.484+0530] {processor.py:830} INFO - Processing file /home/logi/txtai/venv/lib/python3.10/site-packages/airflow/example_dags/plugins/event_listener.py for tasks to queue
[2025-11-13T23:53:05.486+0530] {logging_mixin.py:188} INFO - [2025-11-13T23:53:05.486+0530] {dagbag.py:545} INFO - Filling up the DagBag from /home/logi/txtai/venv/lib/python3.10/site-packages/airflow/example_dags/plugins/event_listener.py
[2025-11-13T23:53:05.490+0530] {processor.py:842} WARNING - No viable dags retrieved from /home/logi/txtai/venv/lib/python3.10/site-packages/airflow/example_dags/plugins/event_listener.py
[2025-11-13T23:53:05.535+0530] {processor.py:183} INFO - Processing /home/logi/txtai/venv/lib/python3.10/site-packages/airflow/example_dags/plugins/event_listener.py took 0.064 seconds
[2025-11-13T23:53:35.708+0530] {processor.py:161} INFO - Started process (PID=30495) to work on /home/logi/txtai/venv/lib/python3.10/site-packages/airflow/example_dags/plugins/event_listener.py
[2025-11-13T23:53:35.726+0530] {processor.py:830} INFO - Processing file /home/logi/txtai/venv/lib/python3.10/site-packages/airflow/example_dags/plugins/event_listener.py for tasks to queue
[2025-11-13T23:53:35.729+0530] {logging_mixin.py:188} INFO - [2025-11-13T23:53:35.729+0530] {dagbag.py:545} INFO - Filling up the DagBag from /home/logi/txtai/venv/lib/python3.10/site-packages/airflow/example_dags/plugins/event_listener.py
[2025-11-13T23:53:35.733+0530] {processor.py:842} WARNING - No viable dags retrieved from /home/logi/txtai/venv/lib/python3.10/site-packages/airflow/example_dags/plugins/event_listener.py
[2025-11-13T23:53:35.774+0530] {processor.py:183} INFO - Processing /home/logi/txtai/venv/lib/python3.10/site-packages/airflow/example_dags/plugins/event_listener.py took 0.079 seconds
[2025-11-13T23:54:05.993+0530] {processor.py:161} INFO - Started process (PID=30719) to work on /home/logi/txtai/venv/lib/python3.10/site-packages/airflow/example_dags/plugins/event_listener.py
[2025-11-13T23:54:06.008+0530] {processor.py:830} INFO - Processing file /home/logi/txtai/venv/lib/python3.10/site-packages/airflow/example_dags/plugins/event_listener.py for tasks to queue
[2025-11-13T23:54:06.011+0530] {logging_mixin.py:188} INFO - [2025-11-13T23:54:06.010+0530] {dagbag.py:545} INFO - Filling up the DagBag from /home/logi/txtai/venv/lib/python3.10/site-packages/airflow/example_dags/plugins/event_listener.py
[2025-11-13T23:54:06.015+0530] {processor.py:842} WARNING - No viable dags retrieved from /home/logi/txtai/venv/lib/python3.10/site-packages/airflow/example_dags/plugins/event_listener.py
[2025-11-13T23:54:06.073+0530] {processor.py:183} INFO - Processing /home/logi/txtai/venv/lib/python3.10/site-packages/airflow/example_dags/plugins/event_listener.py took 0.108 seconds
[2025-11-13T23:54:36.257+0530] {processor.py:161} INFO - Started process (PID=31271) to work on /home/logi/txtai/venv/lib/python3.10/site-packages/airflow/example_dags/plugins/event_listener.py
[2025-11-13T23:54:36.276+0530] {processor.py:830} INFO - Processing file /home/logi/txtai/venv/lib/python3.10/site-packages/airflow/example_dags/plugins/event_listener.py for tasks to queue
[2025-11-13T23:54:36.282+0530] {logging_mixin.py:188} INFO - [2025-11-13T23:54:36.281+0530] {dagbag.py:545} INFO - Filling up the DagBag from /home/logi/txtai/venv/lib/python3.10/site-packages/airflow/example_dags/plugins/event_listener.py
[2025-11-13T23:54:36.289+0530] {processor.py:842} WARNING - No viable dags retrieved from /home/logi/txtai/venv/lib/python3.10/site-packages/airflow/example_dags/plugins/event_listener.py
[2025-11-13T23:54:36.325+0530] {processor.py:183} INFO - Processing /home/logi/txtai/venv/lib/python3.10/site-packages/airflow/example_dags/plugins/event_listener.py took 0.089 seconds
[2025-11-13T23:55:06.848+0530] {processor.py:161} INFO - Started process (PID=31823) to work on /home/logi/txtai/venv/lib/python3.10/site-packages/airflow/example_dags/plugins/event_listener.py
[2025-11-13T23:55:06.850+0530] {processor.py:830} INFO - Processing file /home/logi/txtai/venv/lib/python3.10/site-packages/airflow/example_dags/plugins/event_listener.py for tasks to queue
[2025-11-13T23:55:06.852+0530] {logging_mixin.py:188} INFO - [2025-11-13T23:55:06.852+0530] {dagbag.py:545} INFO - Filling up the DagBag from /home/logi/txtai/venv/lib/python3.10/site-packages/airflow/example_dags/plugins/event_listener.py
[2025-11-13T23:55:06.856+0530] {processor.py:842} WARNING - No viable dags retrieved from /home/logi/txtai/venv/lib/python3.10/site-packages/airflow/example_dags/plugins/event_listener.py
[2025-11-13T23:55:06.895+0530] {processor.py:183} INFO - Processing /home/logi/txtai/venv/lib/python3.10/site-packages/airflow/example_dags/plugins/event_listener.py took 0.059 seconds
[2025-11-13T23:55:37.481+0530] {processor.py:161} INFO - Started process (PID=32571) to work on /home/logi/txtai/venv/lib/python3.10/site-packages/airflow/example_dags/plugins/event_listener.py
[2025-11-13T23:55:37.483+0530] {processor.py:830} INFO - Processing file /home/logi/txtai/venv/lib/python3.10/site-packages/airflow/example_dags/plugins/event_listener.py for tasks to queue
[2025-11-13T23:55:37.486+0530] {logging_mixin.py:188} INFO - [2025-11-13T23:55:37.485+0530] {dagbag.py:545} INFO - Filling up the DagBag from /home/logi/txtai/venv/lib/python3.10/site-packages/airflow/example_dags/plugins/event_listener.py
[2025-11-13T23:55:37.490+0530] {processor.py:842} WARNING - No viable dags retrieved from /home/logi/txtai/venv/lib/python3.10/site-packages/airflow/example_dags/plugins/event_listener.py
[2025-11-13T23:55:37.527+0530] {processor.py:183} INFO - Processing /home/logi/txtai/venv/lib/python3.10/site-packages/airflow/example_dags/plugins/event_listener.py took 0.061 seconds
[2025-11-13T23:56:07.954+0530] {processor.py:161} INFO - Started process (PID=33331) to work on /home/logi/txtai/venv/lib/python3.10/site-packages/airflow/example_dags/plugins/event_listener.py
[2025-11-13T23:56:07.962+0530] {processor.py:830} INFO - Processing file /home/logi/txtai/venv/lib/python3.10/site-packages/airflow/example_dags/plugins/event_listener.py for tasks to queue
[2025-11-13T23:56:07.966+0530] {logging_mixin.py:188} INFO - [2025-11-13T23:56:07.965+0530] {dagbag.py:545} INFO - Filling up the DagBag from /home/logi/txtai/venv/lib/python3.10/site-packages/airflow/example_dags/plugins/event_listener.py
[2025-11-13T23:56:07.974+0530] {processor.py:842} WARNING - No viable dags retrieved from /home/logi/txtai/venv/lib/python3.10/site-packages/airflow/example_dags/plugins/event_listener.py
[2025-11-13T23:56:08.036+0530] {processor.py:183} INFO - Processing /home/logi/txtai/venv/lib/python3.10/site-packages/airflow/example_dags/plugins/event_listener.py took 0.104 seconds
[2025-11-13T23:56:38.245+0530] {processor.py:161} INFO - Started process (PID=34047) to work on /home/logi/txtai/venv/lib/python3.10/site-packages/airflow/example_dags/plugins/event_listener.py
[2025-11-13T23:56:38.250+0530] {processor.py:830} INFO - Processing file /home/logi/txtai/venv/lib/python3.10/site-packages/airflow/example_dags/plugins/event_listener.py for tasks to queue
[2025-11-13T23:56:38.254+0530] {logging_mixin.py:188} INFO - [2025-11-13T23:56:38.252+0530] {dagbag.py:545} INFO - Filling up the DagBag from /home/logi/txtai/venv/lib/python3.10/site-packages/airflow/example_dags/plugins/event_listener.py
[2025-11-13T23:56:38.262+0530] {processor.py:842} WARNING - No viable dags retrieved from /home/logi/txtai/venv/lib/python3.10/site-packages/airflow/example_dags/plugins/event_listener.py
[2025-11-13T23:56:38.336+0530] {processor.py:183} INFO - Processing /home/logi/txtai/venv/lib/python3.10/site-packages/airflow/example_dags/plugins/event_listener.py took 0.121 seconds
[2025-11-13T23:57:08.415+0530] {processor.py:161} INFO - Started process (PID=34775) to work on /home/logi/txtai/venv/lib/python3.10/site-packages/airflow/example_dags/plugins/event_listener.py
[2025-11-13T23:57:08.417+0530] {processor.py:830} INFO - Processing file /home/logi/txtai/venv/lib/python3.10/site-packages/airflow/example_dags/plugins/event_listener.py for tasks to queue
[2025-11-13T23:57:08.419+0530] {logging_mixin.py:188} INFO - [2025-11-13T23:57:08.418+0530] {dagbag.py:545} INFO - Filling up the DagBag from /home/logi/txtai/venv/lib/python3.10/site-packages/airflow/example_dags/plugins/event_listener.py
[2025-11-13T23:57:08.423+0530] {processor.py:842} WARNING - No viable dags retrieved from /home/logi/txtai/venv/lib/python3.10/site-packages/airflow/example_dags/plugins/event_listener.py
[2025-11-13T23:57:08.462+0530] {processor.py:183} INFO - Processing /home/logi/txtai/venv/lib/python3.10/site-packages/airflow/example_dags/plugins/event_listener.py took 0.061 seconds
