[2025-11-11T18:16:42.774+0530] {processor.py:161} INFO - Started process (PID=8762) to work on /home/logi/txtai/venv/lib/python3.10/site-packages/airflow/example_dags/example_branch_labels.py
[2025-11-11T18:16:42.777+0530] {processor.py:830} INFO - Processing file /home/logi/txtai/venv/lib/python3.10/site-packages/airflow/example_dags/example_branch_labels.py for tasks to queue
[2025-11-11T18:16:42.780+0530] {logging_mixin.py:188} INFO - [2025-11-11T18:16:42.779+0530] {dagbag.py:545} INFO - Filling up the DagBag from /home/logi/txtai/venv/lib/python3.10/site-packages/airflow/example_dags/example_branch_labels.py
[2025-11-11T18:16:42.795+0530] {processor.py:840} INFO - DAG(s) 'example_branch_labels' retrieved from /home/logi/txtai/venv/lib/python3.10/site-packages/airflow/example_dags/example_branch_labels.py
[2025-11-11T18:16:42.906+0530] {logging_mixin.py:188} INFO - [2025-11-11T18:16:42.905+0530] {override.py:1858} INFO - Created Permission View: can read on DAG:example_branch_labels
[2025-11-11T18:16:42.926+0530] {logging_mixin.py:188} INFO - [2025-11-11T18:16:42.925+0530] {override.py:1858} INFO - Created Permission View: can edit on DAG:example_branch_labels
[2025-11-11T18:16:42.942+0530] {logging_mixin.py:188} INFO - [2025-11-11T18:16:42.941+0530] {override.py:1858} INFO - Created Permission View: can delete on DAG:example_branch_labels
[2025-11-11T18:16:42.942+0530] {logging_mixin.py:188} INFO - [2025-11-11T18:16:42.942+0530] {dag.py:3089} INFO - Sync 1 DAGs
[2025-11-11T18:16:42.969+0530] {logging_mixin.py:188} INFO - [2025-11-11T18:16:42.968+0530] {dag.py:3111} INFO - Creating ORM DAG for example_branch_labels
[2025-11-11T18:16:42.988+0530] {logging_mixin.py:188} INFO - [2025-11-11T18:16:42.987+0530] {dag.py:3947} INFO - Setting next_dagrun for example_branch_labels to 2025-11-10 00:00:00+00:00, run_after=2025-11-11 00:00:00+00:00
[2025-11-11T18:16:43.023+0530] {processor.py:183} INFO - Processing /home/logi/txtai/venv/lib/python3.10/site-packages/airflow/example_dags/example_branch_labels.py took 0.263 seconds
[2025-11-11T18:17:38.090+0530] {processor.py:161} INFO - Started process (PID=8956) to work on /home/logi/txtai/venv/lib/python3.10/site-packages/airflow/example_dags/example_branch_labels.py
[2025-11-11T18:17:38.103+0530] {processor.py:830} INFO - Processing file /home/logi/txtai/venv/lib/python3.10/site-packages/airflow/example_dags/example_branch_labels.py for tasks to queue
[2025-11-11T18:17:38.107+0530] {logging_mixin.py:188} INFO - [2025-11-11T18:17:38.106+0530] {dagbag.py:545} INFO - Filling up the DagBag from /home/logi/txtai/venv/lib/python3.10/site-packages/airflow/example_dags/example_branch_labels.py
[2025-11-11T18:17:38.120+0530] {processor.py:840} INFO - DAG(s) 'example_branch_labels' retrieved from /home/logi/txtai/venv/lib/python3.10/site-packages/airflow/example_dags/example_branch_labels.py
[2025-11-11T18:17:38.149+0530] {logging_mixin.py:188} INFO - [2025-11-11T18:17:38.148+0530] {dag.py:3089} INFO - Sync 1 DAGs
[2025-11-11T18:17:38.169+0530] {logging_mixin.py:188} INFO - [2025-11-11T18:17:38.169+0530] {dag.py:3947} INFO - Setting next_dagrun for example_branch_labels to 2025-11-10 00:00:00+00:00, run_after=2025-11-11 00:00:00+00:00
[2025-11-11T18:17:38.195+0530] {processor.py:183} INFO - Processing /home/logi/txtai/venv/lib/python3.10/site-packages/airflow/example_dags/example_branch_labels.py took 0.116 seconds
[2025-11-11T18:18:49.802+0530] {processor.py:161} INFO - Started process (PID=9239) to work on /home/logi/txtai/venv/lib/python3.10/site-packages/airflow/example_dags/example_branch_labels.py
[2025-11-11T18:18:49.815+0530] {processor.py:830} INFO - Processing file /home/logi/txtai/venv/lib/python3.10/site-packages/airflow/example_dags/example_branch_labels.py for tasks to queue
[2025-11-11T18:18:49.818+0530] {logging_mixin.py:188} INFO - [2025-11-11T18:18:49.818+0530] {dagbag.py:545} INFO - Filling up the DagBag from /home/logi/txtai/venv/lib/python3.10/site-packages/airflow/example_dags/example_branch_labels.py
[2025-11-11T18:18:49.831+0530] {processor.py:840} INFO - DAG(s) 'example_branch_labels' retrieved from /home/logi/txtai/venv/lib/python3.10/site-packages/airflow/example_dags/example_branch_labels.py
[2025-11-11T18:18:49.863+0530] {logging_mixin.py:188} INFO - [2025-11-11T18:18:49.862+0530] {dag.py:3089} INFO - Sync 1 DAGs
[2025-11-11T18:18:49.881+0530] {logging_mixin.py:188} INFO - [2025-11-11T18:18:49.881+0530] {dag.py:3947} INFO - Setting next_dagrun for example_branch_labels to 2025-11-10 00:00:00+00:00, run_after=2025-11-11 00:00:00+00:00
[2025-11-11T18:18:49.901+0530] {processor.py:183} INFO - Processing /home/logi/txtai/venv/lib/python3.10/site-packages/airflow/example_dags/example_branch_labels.py took 0.110 seconds
[2025-11-11T18:26:23.182+0530] {processor.py:161} INFO - Started process (PID=10548) to work on /home/logi/txtai/venv/lib/python3.10/site-packages/airflow/example_dags/example_branch_labels.py
[2025-11-11T18:26:23.196+0530] {processor.py:830} INFO - Processing file /home/logi/txtai/venv/lib/python3.10/site-packages/airflow/example_dags/example_branch_labels.py for tasks to queue
[2025-11-11T18:26:23.199+0530] {logging_mixin.py:188} INFO - [2025-11-11T18:26:23.198+0530] {dagbag.py:545} INFO - Filling up the DagBag from /home/logi/txtai/venv/lib/python3.10/site-packages/airflow/example_dags/example_branch_labels.py
[2025-11-11T18:26:23.213+0530] {processor.py:840} INFO - DAG(s) 'example_branch_labels' retrieved from /home/logi/txtai/venv/lib/python3.10/site-packages/airflow/example_dags/example_branch_labels.py
[2025-11-11T18:26:23.305+0530] {logging_mixin.py:188} INFO - [2025-11-11T18:26:23.304+0530] {dag.py:3089} INFO - Sync 1 DAGs
[2025-11-11T18:26:23.322+0530] {logging_mixin.py:188} INFO - [2025-11-11T18:26:23.322+0530] {dag.py:3947} INFO - Setting next_dagrun for example_branch_labels to 2025-11-10 00:00:00+00:00, run_after=2025-11-11 00:00:00+00:00
[2025-11-11T18:26:23.356+0530] {processor.py:183} INFO - Processing /home/logi/txtai/venv/lib/python3.10/site-packages/airflow/example_dags/example_branch_labels.py took 0.186 seconds
[2025-11-11T18:27:20.143+0530] {processor.py:161} INFO - Started process (PID=10618) to work on /home/logi/txtai/venv/lib/python3.10/site-packages/airflow/example_dags/example_branch_labels.py
[2025-11-11T18:27:20.157+0530] {processor.py:830} INFO - Processing file /home/logi/txtai/venv/lib/python3.10/site-packages/airflow/example_dags/example_branch_labels.py for tasks to queue
[2025-11-11T18:27:20.160+0530] {logging_mixin.py:188} INFO - [2025-11-11T18:27:20.159+0530] {dagbag.py:545} INFO - Filling up the DagBag from /home/logi/txtai/venv/lib/python3.10/site-packages/airflow/example_dags/example_branch_labels.py
[2025-11-11T18:27:20.174+0530] {processor.py:840} INFO - DAG(s) 'example_branch_labels' retrieved from /home/logi/txtai/venv/lib/python3.10/site-packages/airflow/example_dags/example_branch_labels.py
[2025-11-11T18:27:20.202+0530] {logging_mixin.py:188} INFO - [2025-11-11T18:27:20.202+0530] {dag.py:3089} INFO - Sync 1 DAGs
[2025-11-11T18:27:20.222+0530] {logging_mixin.py:188} INFO - [2025-11-11T18:27:20.222+0530] {dag.py:3947} INFO - Setting next_dagrun for example_branch_labels to 2025-11-10 00:00:00+00:00, run_after=2025-11-11 00:00:00+00:00
[2025-11-11T18:27:20.242+0530] {processor.py:183} INFO - Processing /home/logi/txtai/venv/lib/python3.10/site-packages/airflow/example_dags/example_branch_labels.py took 0.110 seconds
[2025-11-11T18:28:32.909+0530] {processor.py:161} INFO - Started process (PID=10714) to work on /home/logi/txtai/venv/lib/python3.10/site-packages/airflow/example_dags/example_branch_labels.py
[2025-11-11T18:28:32.922+0530] {processor.py:830} INFO - Processing file /home/logi/txtai/venv/lib/python3.10/site-packages/airflow/example_dags/example_branch_labels.py for tasks to queue
[2025-11-11T18:28:32.926+0530] {logging_mixin.py:188} INFO - [2025-11-11T18:28:32.925+0530] {dagbag.py:545} INFO - Filling up the DagBag from /home/logi/txtai/venv/lib/python3.10/site-packages/airflow/example_dags/example_branch_labels.py
[2025-11-11T18:28:32.940+0530] {processor.py:840} INFO - DAG(s) 'example_branch_labels' retrieved from /home/logi/txtai/venv/lib/python3.10/site-packages/airflow/example_dags/example_branch_labels.py
[2025-11-11T18:28:32.970+0530] {logging_mixin.py:188} INFO - [2025-11-11T18:28:32.969+0530] {dag.py:3089} INFO - Sync 1 DAGs
[2025-11-11T18:28:32.988+0530] {logging_mixin.py:188} INFO - [2025-11-11T18:28:32.987+0530] {dag.py:3947} INFO - Setting next_dagrun for example_branch_labels to 2025-11-10 00:00:00+00:00, run_after=2025-11-11 00:00:00+00:00
[2025-11-11T18:28:33.007+0530] {processor.py:183} INFO - Processing /home/logi/txtai/venv/lib/python3.10/site-packages/airflow/example_dags/example_branch_labels.py took 0.110 seconds
[2025-11-11T18:29:49.122+0530] {processor.py:161} INFO - Started process (PID=10835) to work on /home/logi/txtai/venv/lib/python3.10/site-packages/airflow/example_dags/example_branch_labels.py
[2025-11-11T18:29:49.124+0530] {processor.py:830} INFO - Processing file /home/logi/txtai/venv/lib/python3.10/site-packages/airflow/example_dags/example_branch_labels.py for tasks to queue
[2025-11-11T18:29:49.126+0530] {logging_mixin.py:188} INFO - [2025-11-11T18:29:49.126+0530] {dagbag.py:545} INFO - Filling up the DagBag from /home/logi/txtai/venv/lib/python3.10/site-packages/airflow/example_dags/example_branch_labels.py
[2025-11-11T18:29:49.139+0530] {processor.py:840} INFO - DAG(s) 'example_branch_labels' retrieved from /home/logi/txtai/venv/lib/python3.10/site-packages/airflow/example_dags/example_branch_labels.py
[2025-11-11T18:29:49.164+0530] {logging_mixin.py:188} INFO - [2025-11-11T18:29:49.164+0530] {dag.py:3089} INFO - Sync 1 DAGs
[2025-11-11T18:29:49.180+0530] {logging_mixin.py:188} INFO - [2025-11-11T18:29:49.180+0530] {dag.py:3947} INFO - Setting next_dagrun for example_branch_labels to 2025-11-10 00:00:00+00:00, run_after=2025-11-11 00:00:00+00:00
[2025-11-11T18:29:49.199+0530] {processor.py:183} INFO - Processing /home/logi/txtai/venv/lib/python3.10/site-packages/airflow/example_dags/example_branch_labels.py took 0.089 seconds
[2025-11-11T18:31:05.352+0530] {processor.py:161} INFO - Started process (PID=10960) to work on /home/logi/txtai/venv/lib/python3.10/site-packages/airflow/example_dags/example_branch_labels.py
[2025-11-11T18:31:05.365+0530] {processor.py:830} INFO - Processing file /home/logi/txtai/venv/lib/python3.10/site-packages/airflow/example_dags/example_branch_labels.py for tasks to queue
[2025-11-11T18:31:05.368+0530] {logging_mixin.py:188} INFO - [2025-11-11T18:31:05.368+0530] {dagbag.py:545} INFO - Filling up the DagBag from /home/logi/txtai/venv/lib/python3.10/site-packages/airflow/example_dags/example_branch_labels.py
[2025-11-11T18:31:05.382+0530] {processor.py:840} INFO - DAG(s) 'example_branch_labels' retrieved from /home/logi/txtai/venv/lib/python3.10/site-packages/airflow/example_dags/example_branch_labels.py
[2025-11-11T18:31:05.411+0530] {logging_mixin.py:188} INFO - [2025-11-11T18:31:05.410+0530] {dag.py:3089} INFO - Sync 1 DAGs
[2025-11-11T18:31:05.430+0530] {logging_mixin.py:188} INFO - [2025-11-11T18:31:05.429+0530] {dag.py:3947} INFO - Setting next_dagrun for example_branch_labels to 2025-11-10 00:00:00+00:00, run_after=2025-11-11 00:00:00+00:00
[2025-11-11T18:31:05.449+0530] {processor.py:183} INFO - Processing /home/logi/txtai/venv/lib/python3.10/site-packages/airflow/example_dags/example_branch_labels.py took 0.108 seconds
[2025-11-11T18:32:20.559+0530] {processor.py:161} INFO - Started process (PID=11044) to work on /home/logi/txtai/venv/lib/python3.10/site-packages/airflow/example_dags/example_branch_labels.py
[2025-11-11T18:32:20.573+0530] {processor.py:830} INFO - Processing file /home/logi/txtai/venv/lib/python3.10/site-packages/airflow/example_dags/example_branch_labels.py for tasks to queue
[2025-11-11T18:32:20.576+0530] {logging_mixin.py:188} INFO - [2025-11-11T18:32:20.576+0530] {dagbag.py:545} INFO - Filling up the DagBag from /home/logi/txtai/venv/lib/python3.10/site-packages/airflow/example_dags/example_branch_labels.py
[2025-11-11T18:32:20.590+0530] {processor.py:840} INFO - DAG(s) 'example_branch_labels' retrieved from /home/logi/txtai/venv/lib/python3.10/site-packages/airflow/example_dags/example_branch_labels.py
[2025-11-11T18:32:20.619+0530] {logging_mixin.py:188} INFO - [2025-11-11T18:32:20.618+0530] {dag.py:3089} INFO - Sync 1 DAGs
[2025-11-11T18:32:20.639+0530] {logging_mixin.py:188} INFO - [2025-11-11T18:32:20.638+0530] {dag.py:3947} INFO - Setting next_dagrun for example_branch_labels to 2025-11-10 00:00:00+00:00, run_after=2025-11-11 00:00:00+00:00
[2025-11-11T18:32:20.659+0530] {processor.py:183} INFO - Processing /home/logi/txtai/venv/lib/python3.10/site-packages/airflow/example_dags/example_branch_labels.py took 0.112 seconds
[2025-11-11T18:33:38.118+0530] {processor.py:161} INFO - Started process (PID=11143) to work on /home/logi/txtai/venv/lib/python3.10/site-packages/airflow/example_dags/example_branch_labels.py
[2025-11-11T18:33:38.131+0530] {processor.py:830} INFO - Processing file /home/logi/txtai/venv/lib/python3.10/site-packages/airflow/example_dags/example_branch_labels.py for tasks to queue
[2025-11-11T18:33:38.134+0530] {logging_mixin.py:188} INFO - [2025-11-11T18:33:38.134+0530] {dagbag.py:545} INFO - Filling up the DagBag from /home/logi/txtai/venv/lib/python3.10/site-packages/airflow/example_dags/example_branch_labels.py
[2025-11-11T18:33:38.148+0530] {processor.py:840} INFO - DAG(s) 'example_branch_labels' retrieved from /home/logi/txtai/venv/lib/python3.10/site-packages/airflow/example_dags/example_branch_labels.py
[2025-11-11T18:33:38.177+0530] {logging_mixin.py:188} INFO - [2025-11-11T18:33:38.177+0530] {dag.py:3089} INFO - Sync 1 DAGs
[2025-11-11T18:33:38.197+0530] {logging_mixin.py:188} INFO - [2025-11-11T18:33:38.197+0530] {dag.py:3947} INFO - Setting next_dagrun for example_branch_labels to 2025-11-10 00:00:00+00:00, run_after=2025-11-11 00:00:00+00:00
[2025-11-11T18:33:38.225+0530] {processor.py:183} INFO - Processing /home/logi/txtai/venv/lib/python3.10/site-packages/airflow/example_dags/example_branch_labels.py took 0.118 seconds
[2025-11-11T18:34:56.604+0530] {processor.py:161} INFO - Started process (PID=11233) to work on /home/logi/txtai/venv/lib/python3.10/site-packages/airflow/example_dags/example_branch_labels.py
[2025-11-11T18:34:56.617+0530] {processor.py:830} INFO - Processing file /home/logi/txtai/venv/lib/python3.10/site-packages/airflow/example_dags/example_branch_labels.py for tasks to queue
[2025-11-11T18:34:56.620+0530] {logging_mixin.py:188} INFO - [2025-11-11T18:34:56.620+0530] {dagbag.py:545} INFO - Filling up the DagBag from /home/logi/txtai/venv/lib/python3.10/site-packages/airflow/example_dags/example_branch_labels.py
[2025-11-11T18:34:56.634+0530] {processor.py:840} INFO - DAG(s) 'example_branch_labels' retrieved from /home/logi/txtai/venv/lib/python3.10/site-packages/airflow/example_dags/example_branch_labels.py
[2025-11-11T18:34:56.663+0530] {logging_mixin.py:188} INFO - [2025-11-11T18:34:56.663+0530] {dag.py:3089} INFO - Sync 1 DAGs
[2025-11-11T18:34:56.683+0530] {logging_mixin.py:188} INFO - [2025-11-11T18:34:56.682+0530] {dag.py:3947} INFO - Setting next_dagrun for example_branch_labels to 2025-11-10 00:00:00+00:00, run_after=2025-11-11 00:00:00+00:00
[2025-11-11T18:34:56.703+0530] {processor.py:183} INFO - Processing /home/logi/txtai/venv/lib/python3.10/site-packages/airflow/example_dags/example_branch_labels.py took 0.111 seconds
[2025-11-11T18:36:11.120+0530] {processor.py:161} INFO - Started process (PID=11359) to work on /home/logi/txtai/venv/lib/python3.10/site-packages/airflow/example_dags/example_branch_labels.py
[2025-11-11T18:36:11.133+0530] {processor.py:830} INFO - Processing file /home/logi/txtai/venv/lib/python3.10/site-packages/airflow/example_dags/example_branch_labels.py for tasks to queue
[2025-11-11T18:36:11.136+0530] {logging_mixin.py:188} INFO - [2025-11-11T18:36:11.136+0530] {dagbag.py:545} INFO - Filling up the DagBag from /home/logi/txtai/venv/lib/python3.10/site-packages/airflow/example_dags/example_branch_labels.py
[2025-11-11T18:36:11.150+0530] {processor.py:840} INFO - DAG(s) 'example_branch_labels' retrieved from /home/logi/txtai/venv/lib/python3.10/site-packages/airflow/example_dags/example_branch_labels.py
[2025-11-11T18:36:11.179+0530] {logging_mixin.py:188} INFO - [2025-11-11T18:36:11.178+0530] {dag.py:3089} INFO - Sync 1 DAGs
[2025-11-11T18:36:11.197+0530] {logging_mixin.py:188} INFO - [2025-11-11T18:36:11.197+0530] {dag.py:3947} INFO - Setting next_dagrun for example_branch_labels to 2025-11-10 00:00:00+00:00, run_after=2025-11-11 00:00:00+00:00
[2025-11-11T18:36:11.216+0530] {processor.py:183} INFO - Processing /home/logi/txtai/venv/lib/python3.10/site-packages/airflow/example_dags/example_branch_labels.py took 0.108 seconds
[2025-11-11T18:37:28.683+0530] {processor.py:161} INFO - Started process (PID=11445) to work on /home/logi/txtai/venv/lib/python3.10/site-packages/airflow/example_dags/example_branch_labels.py
[2025-11-11T18:37:28.685+0530] {processor.py:830} INFO - Processing file /home/logi/txtai/venv/lib/python3.10/site-packages/airflow/example_dags/example_branch_labels.py for tasks to queue
[2025-11-11T18:37:28.688+0530] {logging_mixin.py:188} INFO - [2025-11-11T18:37:28.687+0530] {dagbag.py:545} INFO - Filling up the DagBag from /home/logi/txtai/venv/lib/python3.10/site-packages/airflow/example_dags/example_branch_labels.py
[2025-11-11T18:37:28.701+0530] {processor.py:840} INFO - DAG(s) 'example_branch_labels' retrieved from /home/logi/txtai/venv/lib/python3.10/site-packages/airflow/example_dags/example_branch_labels.py
[2025-11-11T18:37:28.726+0530] {logging_mixin.py:188} INFO - [2025-11-11T18:37:28.725+0530] {dag.py:3089} INFO - Sync 1 DAGs
[2025-11-11T18:37:28.742+0530] {logging_mixin.py:188} INFO - [2025-11-11T18:37:28.742+0530] {dag.py:3947} INFO - Setting next_dagrun for example_branch_labels to 2025-11-10 00:00:00+00:00, run_after=2025-11-11 00:00:00+00:00
[2025-11-11T18:37:28.763+0530] {processor.py:183} INFO - Processing /home/logi/txtai/venv/lib/python3.10/site-packages/airflow/example_dags/example_branch_labels.py took 0.092 seconds
[2025-11-11T18:38:47.061+0530] {processor.py:161} INFO - Started process (PID=11547) to work on /home/logi/txtai/venv/lib/python3.10/site-packages/airflow/example_dags/example_branch_labels.py
[2025-11-11T18:38:47.074+0530] {processor.py:830} INFO - Processing file /home/logi/txtai/venv/lib/python3.10/site-packages/airflow/example_dags/example_branch_labels.py for tasks to queue
[2025-11-11T18:38:47.078+0530] {logging_mixin.py:188} INFO - [2025-11-11T18:38:47.077+0530] {dagbag.py:545} INFO - Filling up the DagBag from /home/logi/txtai/venv/lib/python3.10/site-packages/airflow/example_dags/example_branch_labels.py
[2025-11-11T18:38:47.092+0530] {processor.py:840} INFO - DAG(s) 'example_branch_labels' retrieved from /home/logi/txtai/venv/lib/python3.10/site-packages/airflow/example_dags/example_branch_labels.py
[2025-11-11T18:38:47.121+0530] {logging_mixin.py:188} INFO - [2025-11-11T18:38:47.120+0530] {dag.py:3089} INFO - Sync 1 DAGs
[2025-11-11T18:38:47.138+0530] {logging_mixin.py:188} INFO - [2025-11-11T18:38:47.138+0530] {dag.py:3947} INFO - Setting next_dagrun for example_branch_labels to 2025-11-10 00:00:00+00:00, run_after=2025-11-11 00:00:00+00:00
[2025-11-11T18:38:47.158+0530] {processor.py:183} INFO - Processing /home/logi/txtai/venv/lib/python3.10/site-packages/airflow/example_dags/example_branch_labels.py took 0.108 seconds
[2025-11-11T18:40:04.618+0530] {processor.py:161} INFO - Started process (PID=11633) to work on /home/logi/txtai/venv/lib/python3.10/site-packages/airflow/example_dags/example_branch_labels.py
[2025-11-11T18:40:04.631+0530] {processor.py:830} INFO - Processing file /home/logi/txtai/venv/lib/python3.10/site-packages/airflow/example_dags/example_branch_labels.py for tasks to queue
[2025-11-11T18:40:04.634+0530] {logging_mixin.py:188} INFO - [2025-11-11T18:40:04.634+0530] {dagbag.py:545} INFO - Filling up the DagBag from /home/logi/txtai/venv/lib/python3.10/site-packages/airflow/example_dags/example_branch_labels.py
[2025-11-11T18:40:04.648+0530] {processor.py:840} INFO - DAG(s) 'example_branch_labels' retrieved from /home/logi/txtai/venv/lib/python3.10/site-packages/airflow/example_dags/example_branch_labels.py
[2025-11-11T18:40:04.677+0530] {logging_mixin.py:188} INFO - [2025-11-11T18:40:04.676+0530] {dag.py:3089} INFO - Sync 1 DAGs
[2025-11-11T18:40:04.696+0530] {logging_mixin.py:188} INFO - [2025-11-11T18:40:04.696+0530] {dag.py:3947} INFO - Setting next_dagrun for example_branch_labels to 2025-11-10 00:00:00+00:00, run_after=2025-11-11 00:00:00+00:00
[2025-11-11T18:40:04.722+0530] {processor.py:183} INFO - Processing /home/logi/txtai/venv/lib/python3.10/site-packages/airflow/example_dags/example_branch_labels.py took 0.116 seconds
[2025-11-11T18:41:14.924+0530] {processor.py:161} INFO - Started process (PID=11756) to work on /home/logi/txtai/venv/lib/python3.10/site-packages/airflow/example_dags/example_branch_labels.py
[2025-11-11T18:41:14.938+0530] {processor.py:830} INFO - Processing file /home/logi/txtai/venv/lib/python3.10/site-packages/airflow/example_dags/example_branch_labels.py for tasks to queue
[2025-11-11T18:41:14.941+0530] {logging_mixin.py:188} INFO - [2025-11-11T18:41:14.940+0530] {dagbag.py:545} INFO - Filling up the DagBag from /home/logi/txtai/venv/lib/python3.10/site-packages/airflow/example_dags/example_branch_labels.py
[2025-11-11T18:41:14.954+0530] {processor.py:840} INFO - DAG(s) 'example_branch_labels' retrieved from /home/logi/txtai/venv/lib/python3.10/site-packages/airflow/example_dags/example_branch_labels.py
[2025-11-11T18:41:14.983+0530] {logging_mixin.py:188} INFO - [2025-11-11T18:41:14.983+0530] {dag.py:3089} INFO - Sync 1 DAGs
[2025-11-11T18:41:15.001+0530] {logging_mixin.py:188} INFO - [2025-11-11T18:41:15.000+0530] {dag.py:3947} INFO - Setting next_dagrun for example_branch_labels to 2025-11-10 00:00:00+00:00, run_after=2025-11-11 00:00:00+00:00
[2025-11-11T18:41:15.022+0530] {processor.py:183} INFO - Processing /home/logi/txtai/venv/lib/python3.10/site-packages/airflow/example_dags/example_branch_labels.py took 0.109 seconds
[2025-11-11T18:42:27.057+0530] {processor.py:161} INFO - Started process (PID=11837) to work on /home/logi/txtai/venv/lib/python3.10/site-packages/airflow/example_dags/example_branch_labels.py
[2025-11-11T18:42:27.071+0530] {processor.py:830} INFO - Processing file /home/logi/txtai/venv/lib/python3.10/site-packages/airflow/example_dags/example_branch_labels.py for tasks to queue
[2025-11-11T18:42:27.074+0530] {logging_mixin.py:188} INFO - [2025-11-11T18:42:27.074+0530] {dagbag.py:545} INFO - Filling up the DagBag from /home/logi/txtai/venv/lib/python3.10/site-packages/airflow/example_dags/example_branch_labels.py
[2025-11-11T18:42:27.088+0530] {processor.py:840} INFO - DAG(s) 'example_branch_labels' retrieved from /home/logi/txtai/venv/lib/python3.10/site-packages/airflow/example_dags/example_branch_labels.py
[2025-11-11T18:42:27.115+0530] {logging_mixin.py:188} INFO - [2025-11-11T18:42:27.115+0530] {dag.py:3089} INFO - Sync 1 DAGs
[2025-11-11T18:42:27.135+0530] {logging_mixin.py:188} INFO - [2025-11-11T18:42:27.135+0530] {dag.py:3947} INFO - Setting next_dagrun for example_branch_labels to 2025-11-10 00:00:00+00:00, run_after=2025-11-11 00:00:00+00:00
[2025-11-11T18:42:27.161+0530] {processor.py:183} INFO - Processing /home/logi/txtai/venv/lib/python3.10/site-packages/airflow/example_dags/example_branch_labels.py took 0.116 seconds
[2025-11-11T18:43:45.626+0530] {processor.py:161} INFO - Started process (PID=11954) to work on /home/logi/txtai/venv/lib/python3.10/site-packages/airflow/example_dags/example_branch_labels.py
[2025-11-11T18:43:45.632+0530] {processor.py:830} INFO - Processing file /home/logi/txtai/venv/lib/python3.10/site-packages/airflow/example_dags/example_branch_labels.py for tasks to queue
[2025-11-11T18:43:45.635+0530] {logging_mixin.py:188} INFO - [2025-11-11T18:43:45.634+0530] {dagbag.py:545} INFO - Filling up the DagBag from /home/logi/txtai/venv/lib/python3.10/site-packages/airflow/example_dags/example_branch_labels.py
[2025-11-11T18:43:45.648+0530] {processor.py:840} INFO - DAG(s) 'example_branch_labels' retrieved from /home/logi/txtai/venv/lib/python3.10/site-packages/airflow/example_dags/example_branch_labels.py
[2025-11-11T18:43:45.675+0530] {logging_mixin.py:188} INFO - [2025-11-11T18:43:45.675+0530] {dag.py:3089} INFO - Sync 1 DAGs
[2025-11-11T18:43:45.692+0530] {logging_mixin.py:188} INFO - [2025-11-11T18:43:45.692+0530] {dag.py:3947} INFO - Setting next_dagrun for example_branch_labels to 2025-11-10 00:00:00+00:00, run_after=2025-11-11 00:00:00+00:00
[2025-11-11T18:43:45.711+0530] {processor.py:183} INFO - Processing /home/logi/txtai/venv/lib/python3.10/site-packages/airflow/example_dags/example_branch_labels.py took 0.097 seconds
[2025-11-11T18:45:04.947+0530] {processor.py:161} INFO - Started process (PID=12045) to work on /home/logi/txtai/venv/lib/python3.10/site-packages/airflow/example_dags/example_branch_labels.py
[2025-11-11T18:45:04.961+0530] {processor.py:830} INFO - Processing file /home/logi/txtai/venv/lib/python3.10/site-packages/airflow/example_dags/example_branch_labels.py for tasks to queue
[2025-11-11T18:45:04.964+0530] {logging_mixin.py:188} INFO - [2025-11-11T18:45:04.963+0530] {dagbag.py:545} INFO - Filling up the DagBag from /home/logi/txtai/venv/lib/python3.10/site-packages/airflow/example_dags/example_branch_labels.py
[2025-11-11T18:45:04.978+0530] {processor.py:840} INFO - DAG(s) 'example_branch_labels' retrieved from /home/logi/txtai/venv/lib/python3.10/site-packages/airflow/example_dags/example_branch_labels.py
[2025-11-11T18:45:05.007+0530] {logging_mixin.py:188} INFO - [2025-11-11T18:45:05.007+0530] {dag.py:3089} INFO - Sync 1 DAGs
[2025-11-11T18:45:05.026+0530] {logging_mixin.py:188} INFO - [2025-11-11T18:45:05.025+0530] {dag.py:3947} INFO - Setting next_dagrun for example_branch_labels to 2025-11-10 00:00:00+00:00, run_after=2025-11-11 00:00:00+00:00
[2025-11-11T18:45:05.053+0530] {processor.py:183} INFO - Processing /home/logi/txtai/venv/lib/python3.10/site-packages/airflow/example_dags/example_branch_labels.py took 0.117 seconds
[2025-11-11T18:46:17.488+0530] {processor.py:161} INFO - Started process (PID=12167) to work on /home/logi/txtai/venv/lib/python3.10/site-packages/airflow/example_dags/example_branch_labels.py
[2025-11-11T18:46:17.501+0530] {processor.py:830} INFO - Processing file /home/logi/txtai/venv/lib/python3.10/site-packages/airflow/example_dags/example_branch_labels.py for tasks to queue
[2025-11-11T18:46:17.506+0530] {logging_mixin.py:188} INFO - [2025-11-11T18:46:17.505+0530] {dagbag.py:545} INFO - Filling up the DagBag from /home/logi/txtai/venv/lib/python3.10/site-packages/airflow/example_dags/example_branch_labels.py
[2025-11-11T18:46:17.518+0530] {processor.py:840} INFO - DAG(s) 'example_branch_labels' retrieved from /home/logi/txtai/venv/lib/python3.10/site-packages/airflow/example_dags/example_branch_labels.py
[2025-11-11T18:46:17.546+0530] {logging_mixin.py:188} INFO - [2025-11-11T18:46:17.545+0530] {dag.py:3089} INFO - Sync 1 DAGs
[2025-11-11T18:46:17.565+0530] {logging_mixin.py:188} INFO - [2025-11-11T18:46:17.564+0530] {dag.py:3947} INFO - Setting next_dagrun for example_branch_labels to 2025-11-10 00:00:00+00:00, run_after=2025-11-11 00:00:00+00:00
[2025-11-11T18:46:17.592+0530] {processor.py:183} INFO - Processing /home/logi/txtai/venv/lib/python3.10/site-packages/airflow/example_dags/example_branch_labels.py took 0.114 seconds
[2025-11-11T18:47:15.157+0530] {processor.py:161} INFO - Started process (PID=12232) to work on /home/logi/txtai/venv/lib/python3.10/site-packages/airflow/example_dags/example_branch_labels.py
[2025-11-11T18:47:15.171+0530] {processor.py:830} INFO - Processing file /home/logi/txtai/venv/lib/python3.10/site-packages/airflow/example_dags/example_branch_labels.py for tasks to queue
[2025-11-11T18:47:15.174+0530] {logging_mixin.py:188} INFO - [2025-11-11T18:47:15.174+0530] {dagbag.py:545} INFO - Filling up the DagBag from /home/logi/txtai/venv/lib/python3.10/site-packages/airflow/example_dags/example_branch_labels.py
[2025-11-11T18:47:15.188+0530] {processor.py:840} INFO - DAG(s) 'example_branch_labels' retrieved from /home/logi/txtai/venv/lib/python3.10/site-packages/airflow/example_dags/example_branch_labels.py
[2025-11-11T18:47:15.216+0530] {logging_mixin.py:188} INFO - [2025-11-11T18:47:15.216+0530] {dag.py:3089} INFO - Sync 1 DAGs
[2025-11-11T18:47:15.236+0530] {logging_mixin.py:188} INFO - [2025-11-11T18:47:15.236+0530] {dag.py:3947} INFO - Setting next_dagrun for example_branch_labels to 2025-11-10 00:00:00+00:00, run_after=2025-11-11 00:00:00+00:00
[2025-11-11T18:47:15.262+0530] {processor.py:183} INFO - Processing /home/logi/txtai/venv/lib/python3.10/site-packages/airflow/example_dags/example_branch_labels.py took 0.116 seconds
[2025-11-11T18:48:35.530+0530] {processor.py:161} INFO - Started process (PID=12322) to work on /home/logi/txtai/venv/lib/python3.10/site-packages/airflow/example_dags/example_branch_labels.py
[2025-11-11T18:48:35.544+0530] {processor.py:830} INFO - Processing file /home/logi/txtai/venv/lib/python3.10/site-packages/airflow/example_dags/example_branch_labels.py for tasks to queue
[2025-11-11T18:48:35.547+0530] {logging_mixin.py:188} INFO - [2025-11-11T18:48:35.546+0530] {dagbag.py:545} INFO - Filling up the DagBag from /home/logi/txtai/venv/lib/python3.10/site-packages/airflow/example_dags/example_branch_labels.py
[2025-11-11T18:48:35.561+0530] {processor.py:840} INFO - DAG(s) 'example_branch_labels' retrieved from /home/logi/txtai/venv/lib/python3.10/site-packages/airflow/example_dags/example_branch_labels.py
[2025-11-11T18:48:35.590+0530] {logging_mixin.py:188} INFO - [2025-11-11T18:48:35.590+0530] {dag.py:3089} INFO - Sync 1 DAGs
[2025-11-11T18:48:35.609+0530] {logging_mixin.py:188} INFO - [2025-11-11T18:48:35.608+0530] {dag.py:3947} INFO - Setting next_dagrun for example_branch_labels to 2025-11-10 00:00:00+00:00, run_after=2025-11-11 00:00:00+00:00
[2025-11-11T18:48:35.635+0530] {processor.py:183} INFO - Processing /home/logi/txtai/venv/lib/python3.10/site-packages/airflow/example_dags/example_branch_labels.py took 0.117 seconds
[2025-11-11T18:52:05.845+0530] {processor.py:161} INFO - Started process (PID=12673) to work on /home/logi/txtai/venv/lib/python3.10/site-packages/airflow/example_dags/example_branch_labels.py
[2025-11-11T18:52:05.859+0530] {processor.py:830} INFO - Processing file /home/logi/txtai/venv/lib/python3.10/site-packages/airflow/example_dags/example_branch_labels.py for tasks to queue
[2025-11-11T18:52:05.863+0530] {logging_mixin.py:188} INFO - [2025-11-11T18:52:05.862+0530] {dagbag.py:545} INFO - Filling up the DagBag from /home/logi/txtai/venv/lib/python3.10/site-packages/airflow/example_dags/example_branch_labels.py
[2025-11-11T18:52:05.878+0530] {processor.py:840} INFO - DAG(s) 'example_branch_labels' retrieved from /home/logi/txtai/venv/lib/python3.10/site-packages/airflow/example_dags/example_branch_labels.py
[2025-11-11T18:52:05.903+0530] {logging_mixin.py:188} INFO - [2025-11-11T18:52:05.903+0530] {dag.py:3089} INFO - Sync 1 DAGs
[2025-11-11T18:52:05.925+0530] {logging_mixin.py:188} INFO - [2025-11-11T18:52:05.924+0530] {dag.py:3947} INFO - Setting next_dagrun for example_branch_labels to 2025-11-10 00:00:00+00:00, run_after=2025-11-11 00:00:00+00:00
[2025-11-11T18:52:05.980+0530] {processor.py:183} INFO - Processing /home/logi/txtai/venv/lib/python3.10/site-packages/airflow/example_dags/example_branch_labels.py took 0.147 seconds
[2025-11-11T18:53:16.978+0530] {processor.py:161} INFO - Started process (PID=12872) to work on /home/logi/txtai/venv/lib/python3.10/site-packages/airflow/example_dags/example_branch_labels.py
[2025-11-11T18:53:16.992+0530] {processor.py:830} INFO - Processing file /home/logi/txtai/venv/lib/python3.10/site-packages/airflow/example_dags/example_branch_labels.py for tasks to queue
[2025-11-11T18:53:16.995+0530] {logging_mixin.py:188} INFO - [2025-11-11T18:53:16.994+0530] {dagbag.py:545} INFO - Filling up the DagBag from /home/logi/txtai/venv/lib/python3.10/site-packages/airflow/example_dags/example_branch_labels.py
[2025-11-11T18:53:17.009+0530] {processor.py:840} INFO - DAG(s) 'example_branch_labels' retrieved from /home/logi/txtai/venv/lib/python3.10/site-packages/airflow/example_dags/example_branch_labels.py
[2025-11-11T18:53:17.037+0530] {logging_mixin.py:188} INFO - [2025-11-11T18:53:17.036+0530] {dag.py:3089} INFO - Sync 1 DAGs
[2025-11-11T18:53:17.055+0530] {logging_mixin.py:188} INFO - [2025-11-11T18:53:17.055+0530] {dag.py:3947} INFO - Setting next_dagrun for example_branch_labels to 2025-11-10 00:00:00+00:00, run_after=2025-11-11 00:00:00+00:00
[2025-11-11T18:53:17.084+0530] {processor.py:183} INFO - Processing /home/logi/txtai/venv/lib/python3.10/site-packages/airflow/example_dags/example_branch_labels.py took 0.117 seconds
[2025-11-11T18:54:37.535+0530] {processor.py:161} INFO - Started process (PID=13043) to work on /home/logi/txtai/venv/lib/python3.10/site-packages/airflow/example_dags/example_branch_labels.py
[2025-11-11T18:54:37.549+0530] {processor.py:830} INFO - Processing file /home/logi/txtai/venv/lib/python3.10/site-packages/airflow/example_dags/example_branch_labels.py for tasks to queue
[2025-11-11T18:54:37.552+0530] {logging_mixin.py:188} INFO - [2025-11-11T18:54:37.551+0530] {dagbag.py:545} INFO - Filling up the DagBag from /home/logi/txtai/venv/lib/python3.10/site-packages/airflow/example_dags/example_branch_labels.py
[2025-11-11T18:54:37.566+0530] {processor.py:840} INFO - DAG(s) 'example_branch_labels' retrieved from /home/logi/txtai/venv/lib/python3.10/site-packages/airflow/example_dags/example_branch_labels.py
[2025-11-11T18:54:37.594+0530] {logging_mixin.py:188} INFO - [2025-11-11T18:54:37.594+0530] {dag.py:3089} INFO - Sync 1 DAGs
[2025-11-11T18:54:37.613+0530] {logging_mixin.py:188} INFO - [2025-11-11T18:54:37.613+0530] {dag.py:3947} INFO - Setting next_dagrun for example_branch_labels to 2025-11-10 00:00:00+00:00, run_after=2025-11-11 00:00:00+00:00
[2025-11-11T18:54:37.641+0530] {processor.py:183} INFO - Processing /home/logi/txtai/venv/lib/python3.10/site-packages/airflow/example_dags/example_branch_labels.py took 0.117 seconds
[2025-11-11T18:55:55.255+0530] {processor.py:161} INFO - Started process (PID=13188) to work on /home/logi/txtai/venv/lib/python3.10/site-packages/airflow/example_dags/example_branch_labels.py
[2025-11-11T18:55:55.269+0530] {processor.py:830} INFO - Processing file /home/logi/txtai/venv/lib/python3.10/site-packages/airflow/example_dags/example_branch_labels.py for tasks to queue
[2025-11-11T18:55:55.272+0530] {logging_mixin.py:188} INFO - [2025-11-11T18:55:55.271+0530] {dagbag.py:545} INFO - Filling up the DagBag from /home/logi/txtai/venv/lib/python3.10/site-packages/airflow/example_dags/example_branch_labels.py
[2025-11-11T18:55:55.286+0530] {processor.py:840} INFO - DAG(s) 'example_branch_labels' retrieved from /home/logi/txtai/venv/lib/python3.10/site-packages/airflow/example_dags/example_branch_labels.py
[2025-11-11T18:55:55.315+0530] {logging_mixin.py:188} INFO - [2025-11-11T18:55:55.314+0530] {dag.py:3089} INFO - Sync 1 DAGs
[2025-11-11T18:55:55.334+0530] {logging_mixin.py:188} INFO - [2025-11-11T18:55:55.334+0530] {dag.py:3947} INFO - Setting next_dagrun for example_branch_labels to 2025-11-10 00:00:00+00:00, run_after=2025-11-11 00:00:00+00:00
[2025-11-11T18:55:55.355+0530] {processor.py:183} INFO - Processing /home/logi/txtai/venv/lib/python3.10/site-packages/airflow/example_dags/example_branch_labels.py took 0.112 seconds
[2025-11-11T18:57:14.141+0530] {processor.py:161} INFO - Started process (PID=13280) to work on /home/logi/txtai/venv/lib/python3.10/site-packages/airflow/example_dags/example_branch_labels.py
[2025-11-11T18:57:14.154+0530] {processor.py:830} INFO - Processing file /home/logi/txtai/venv/lib/python3.10/site-packages/airflow/example_dags/example_branch_labels.py for tasks to queue
[2025-11-11T18:57:14.158+0530] {logging_mixin.py:188} INFO - [2025-11-11T18:57:14.157+0530] {dagbag.py:545} INFO - Filling up the DagBag from /home/logi/txtai/venv/lib/python3.10/site-packages/airflow/example_dags/example_branch_labels.py
[2025-11-11T18:57:14.171+0530] {processor.py:840} INFO - DAG(s) 'example_branch_labels' retrieved from /home/logi/txtai/venv/lib/python3.10/site-packages/airflow/example_dags/example_branch_labels.py
[2025-11-11T18:57:14.200+0530] {logging_mixin.py:188} INFO - [2025-11-11T18:57:14.199+0530] {dag.py:3089} INFO - Sync 1 DAGs
[2025-11-11T18:57:14.221+0530] {logging_mixin.py:188} INFO - [2025-11-11T18:57:14.220+0530] {dag.py:3947} INFO - Setting next_dagrun for example_branch_labels to 2025-11-10 00:00:00+00:00, run_after=2025-11-11 00:00:00+00:00
[2025-11-11T18:57:14.240+0530] {processor.py:183} INFO - Processing /home/logi/txtai/venv/lib/python3.10/site-packages/airflow/example_dags/example_branch_labels.py took 0.110 seconds
[2025-11-11T18:58:31.476+0530] {processor.py:161} INFO - Started process (PID=13409) to work on /home/logi/txtai/venv/lib/python3.10/site-packages/airflow/example_dags/example_branch_labels.py
[2025-11-11T18:58:31.490+0530] {processor.py:830} INFO - Processing file /home/logi/txtai/venv/lib/python3.10/site-packages/airflow/example_dags/example_branch_labels.py for tasks to queue
[2025-11-11T18:58:31.494+0530] {logging_mixin.py:188} INFO - [2025-11-11T18:58:31.493+0530] {dagbag.py:545} INFO - Filling up the DagBag from /home/logi/txtai/venv/lib/python3.10/site-packages/airflow/example_dags/example_branch_labels.py
[2025-11-11T18:58:31.507+0530] {processor.py:840} INFO - DAG(s) 'example_branch_labels' retrieved from /home/logi/txtai/venv/lib/python3.10/site-packages/airflow/example_dags/example_branch_labels.py
[2025-11-11T18:58:31.535+0530] {logging_mixin.py:188} INFO - [2025-11-11T18:58:31.535+0530] {dag.py:3089} INFO - Sync 1 DAGs
[2025-11-11T18:58:31.554+0530] {logging_mixin.py:188} INFO - [2025-11-11T18:58:31.554+0530] {dag.py:3947} INFO - Setting next_dagrun for example_branch_labels to 2025-11-10 00:00:00+00:00, run_after=2025-11-11 00:00:00+00:00
[2025-11-11T18:58:31.576+0530] {processor.py:183} INFO - Processing /home/logi/txtai/venv/lib/python3.10/site-packages/airflow/example_dags/example_branch_labels.py took 0.112 seconds
[2025-11-11T18:59:46.232+0530] {processor.py:161} INFO - Started process (PID=13534) to work on /home/logi/txtai/venv/lib/python3.10/site-packages/airflow/example_dags/example_branch_labels.py
[2025-11-11T18:59:46.245+0530] {processor.py:830} INFO - Processing file /home/logi/txtai/venv/lib/python3.10/site-packages/airflow/example_dags/example_branch_labels.py for tasks to queue
[2025-11-11T18:59:46.249+0530] {logging_mixin.py:188} INFO - [2025-11-11T18:59:46.248+0530] {dagbag.py:545} INFO - Filling up the DagBag from /home/logi/txtai/venv/lib/python3.10/site-packages/airflow/example_dags/example_branch_labels.py
[2025-11-11T18:59:46.263+0530] {processor.py:840} INFO - DAG(s) 'example_branch_labels' retrieved from /home/logi/txtai/venv/lib/python3.10/site-packages/airflow/example_dags/example_branch_labels.py
[2025-11-11T18:59:46.292+0530] {logging_mixin.py:188} INFO - [2025-11-11T18:59:46.291+0530] {dag.py:3089} INFO - Sync 1 DAGs
[2025-11-11T18:59:46.311+0530] {logging_mixin.py:188} INFO - [2025-11-11T18:59:46.311+0530] {dag.py:3947} INFO - Setting next_dagrun for example_branch_labels to 2025-11-10 00:00:00+00:00, run_after=2025-11-11 00:00:00+00:00
[2025-11-11T18:59:46.339+0530] {processor.py:183} INFO - Processing /home/logi/txtai/venv/lib/python3.10/site-packages/airflow/example_dags/example_branch_labels.py took 0.119 seconds
[2025-11-11T19:01:03.607+0530] {processor.py:161} INFO - Started process (PID=13638) to work on /home/logi/txtai/venv/lib/python3.10/site-packages/airflow/example_dags/example_branch_labels.py
[2025-11-11T19:01:03.621+0530] {processor.py:830} INFO - Processing file /home/logi/txtai/venv/lib/python3.10/site-packages/airflow/example_dags/example_branch_labels.py for tasks to queue
[2025-11-11T19:01:03.624+0530] {logging_mixin.py:188} INFO - [2025-11-11T19:01:03.624+0530] {dagbag.py:545} INFO - Filling up the DagBag from /home/logi/txtai/venv/lib/python3.10/site-packages/airflow/example_dags/example_branch_labels.py
[2025-11-11T19:01:03.638+0530] {processor.py:840} INFO - DAG(s) 'example_branch_labels' retrieved from /home/logi/txtai/venv/lib/python3.10/site-packages/airflow/example_dags/example_branch_labels.py
[2025-11-11T19:01:03.667+0530] {logging_mixin.py:188} INFO - [2025-11-11T19:01:03.666+0530] {dag.py:3089} INFO - Sync 1 DAGs
[2025-11-11T19:01:03.685+0530] {logging_mixin.py:188} INFO - [2025-11-11T19:01:03.685+0530] {dag.py:3947} INFO - Setting next_dagrun for example_branch_labels to 2025-11-10 00:00:00+00:00, run_after=2025-11-11 00:00:00+00:00
[2025-11-11T19:01:03.705+0530] {processor.py:183} INFO - Processing /home/logi/txtai/venv/lib/python3.10/site-packages/airflow/example_dags/example_branch_labels.py took 0.109 seconds
[2025-11-11T19:02:21.078+0530] {processor.py:161} INFO - Started process (PID=13728) to work on /home/logi/txtai/venv/lib/python3.10/site-packages/airflow/example_dags/example_branch_labels.py
[2025-11-11T19:02:21.092+0530] {processor.py:830} INFO - Processing file /home/logi/txtai/venv/lib/python3.10/site-packages/airflow/example_dags/example_branch_labels.py for tasks to queue
[2025-11-11T19:02:21.095+0530] {logging_mixin.py:188} INFO - [2025-11-11T19:02:21.094+0530] {dagbag.py:545} INFO - Filling up the DagBag from /home/logi/txtai/venv/lib/python3.10/site-packages/airflow/example_dags/example_branch_labels.py
[2025-11-11T19:02:21.109+0530] {processor.py:840} INFO - DAG(s) 'example_branch_labels' retrieved from /home/logi/txtai/venv/lib/python3.10/site-packages/airflow/example_dags/example_branch_labels.py
[2025-11-11T19:02:21.137+0530] {logging_mixin.py:188} INFO - [2025-11-11T19:02:21.137+0530] {dag.py:3089} INFO - Sync 1 DAGs
[2025-11-11T19:02:21.157+0530] {logging_mixin.py:188} INFO - [2025-11-11T19:02:21.156+0530] {dag.py:3947} INFO - Setting next_dagrun for example_branch_labels to 2025-11-10 00:00:00+00:00, run_after=2025-11-11 00:00:00+00:00
[2025-11-11T19:02:21.177+0530] {processor.py:183} INFO - Processing /home/logi/txtai/venv/lib/python3.10/site-packages/airflow/example_dags/example_branch_labels.py took 0.111 seconds
[2025-11-11T19:03:34.594+0530] {processor.py:161} INFO - Started process (PID=13855) to work on /home/logi/txtai/venv/lib/python3.10/site-packages/airflow/example_dags/example_branch_labels.py
[2025-11-11T19:03:34.607+0530] {processor.py:830} INFO - Processing file /home/logi/txtai/venv/lib/python3.10/site-packages/airflow/example_dags/example_branch_labels.py for tasks to queue
[2025-11-11T19:03:34.610+0530] {logging_mixin.py:188} INFO - [2025-11-11T19:03:34.609+0530] {dagbag.py:545} INFO - Filling up the DagBag from /home/logi/txtai/venv/lib/python3.10/site-packages/airflow/example_dags/example_branch_labels.py
[2025-11-11T19:03:34.624+0530] {processor.py:840} INFO - DAG(s) 'example_branch_labels' retrieved from /home/logi/txtai/venv/lib/python3.10/site-packages/airflow/example_dags/example_branch_labels.py
[2025-11-11T19:03:34.652+0530] {logging_mixin.py:188} INFO - [2025-11-11T19:03:34.652+0530] {dag.py:3089} INFO - Sync 1 DAGs
[2025-11-11T19:03:34.670+0530] {logging_mixin.py:188} INFO - [2025-11-11T19:03:34.670+0530] {dag.py:3947} INFO - Setting next_dagrun for example_branch_labels to 2025-11-10 00:00:00+00:00, run_after=2025-11-11 00:00:00+00:00
[2025-11-11T19:03:34.689+0530] {processor.py:183} INFO - Processing /home/logi/txtai/venv/lib/python3.10/site-packages/airflow/example_dags/example_branch_labels.py took 0.106 seconds
[2025-11-11T19:04:53.359+0530] {processor.py:161} INFO - Started process (PID=13973) to work on /home/logi/txtai/venv/lib/python3.10/site-packages/airflow/example_dags/example_branch_labels.py
[2025-11-11T19:04:53.374+0530] {processor.py:830} INFO - Processing file /home/logi/txtai/venv/lib/python3.10/site-packages/airflow/example_dags/example_branch_labels.py for tasks to queue
[2025-11-11T19:04:53.378+0530] {logging_mixin.py:188} INFO - [2025-11-11T19:04:53.377+0530] {dagbag.py:545} INFO - Filling up the DagBag from /home/logi/txtai/venv/lib/python3.10/site-packages/airflow/example_dags/example_branch_labels.py
[2025-11-11T19:04:53.392+0530] {processor.py:840} INFO - DAG(s) 'example_branch_labels' retrieved from /home/logi/txtai/venv/lib/python3.10/site-packages/airflow/example_dags/example_branch_labels.py
[2025-11-11T19:04:53.422+0530] {logging_mixin.py:188} INFO - [2025-11-11T19:04:53.421+0530] {dag.py:3089} INFO - Sync 1 DAGs
[2025-11-11T19:04:53.441+0530] {logging_mixin.py:188} INFO - [2025-11-11T19:04:53.441+0530] {dag.py:3947} INFO - Setting next_dagrun for example_branch_labels to 2025-11-10 00:00:00+00:00, run_after=2025-11-11 00:00:00+00:00
[2025-11-11T19:04:53.470+0530] {processor.py:183} INFO - Processing /home/logi/txtai/venv/lib/python3.10/site-packages/airflow/example_dags/example_branch_labels.py took 0.123 seconds
[2025-11-11T19:06:06.319+0530] {processor.py:161} INFO - Started process (PID=14142) to work on /home/logi/txtai/venv/lib/python3.10/site-packages/airflow/example_dags/example_branch_labels.py
[2025-11-11T19:06:06.321+0530] {processor.py:830} INFO - Processing file /home/logi/txtai/venv/lib/python3.10/site-packages/airflow/example_dags/example_branch_labels.py for tasks to queue
[2025-11-11T19:06:06.323+0530] {logging_mixin.py:188} INFO - [2025-11-11T19:06:06.323+0530] {dagbag.py:545} INFO - Filling up the DagBag from /home/logi/txtai/venv/lib/python3.10/site-packages/airflow/example_dags/example_branch_labels.py
[2025-11-11T19:06:06.334+0530] {processor.py:840} INFO - DAG(s) 'example_branch_labels' retrieved from /home/logi/txtai/venv/lib/python3.10/site-packages/airflow/example_dags/example_branch_labels.py
[2025-11-11T19:06:06.349+0530] {logging_mixin.py:188} INFO - [2025-11-11T19:06:06.349+0530] {dag.py:3089} INFO - Sync 1 DAGs
[2025-11-11T19:06:06.367+0530] {logging_mixin.py:188} INFO - [2025-11-11T19:06:06.367+0530] {dag.py:3947} INFO - Setting next_dagrun for example_branch_labels to 2025-11-10 00:00:00+00:00, run_after=2025-11-11 00:00:00+00:00
[2025-11-11T19:06:06.388+0530] {processor.py:183} INFO - Processing /home/logi/txtai/venv/lib/python3.10/site-packages/airflow/example_dags/example_branch_labels.py took 0.075 seconds
[2025-11-11T19:09:27.084+0530] {processor.py:161} INFO - Started process (PID=14955) to work on /home/logi/txtai/venv/lib/python3.10/site-packages/airflow/example_dags/example_branch_labels.py
[2025-11-11T19:09:27.098+0530] {processor.py:830} INFO - Processing file /home/logi/txtai/venv/lib/python3.10/site-packages/airflow/example_dags/example_branch_labels.py for tasks to queue
[2025-11-11T19:09:27.101+0530] {logging_mixin.py:188} INFO - [2025-11-11T19:09:27.100+0530] {dagbag.py:545} INFO - Filling up the DagBag from /home/logi/txtai/venv/lib/python3.10/site-packages/airflow/example_dags/example_branch_labels.py
[2025-11-11T19:09:27.115+0530] {processor.py:840} INFO - DAG(s) 'example_branch_labels' retrieved from /home/logi/txtai/venv/lib/python3.10/site-packages/airflow/example_dags/example_branch_labels.py
[2025-11-11T19:09:27.201+0530] {logging_mixin.py:188} INFO - [2025-11-11T19:09:27.200+0530] {dag.py:3089} INFO - Sync 1 DAGs
[2025-11-11T19:09:27.217+0530] {logging_mixin.py:188} INFO - [2025-11-11T19:09:27.217+0530] {dag.py:3947} INFO - Setting next_dagrun for example_branch_labels to 2025-11-10 00:00:00+00:00, run_after=2025-11-11 00:00:00+00:00
[2025-11-11T19:09:27.246+0530] {processor.py:183} INFO - Processing /home/logi/txtai/venv/lib/python3.10/site-packages/airflow/example_dags/example_branch_labels.py took 0.173 seconds
[2025-11-11T19:10:25.425+0530] {processor.py:161} INFO - Started process (PID=15033) to work on /home/logi/txtai/venv/lib/python3.10/site-packages/airflow/example_dags/example_branch_labels.py
[2025-11-11T19:10:25.438+0530] {processor.py:830} INFO - Processing file /home/logi/txtai/venv/lib/python3.10/site-packages/airflow/example_dags/example_branch_labels.py for tasks to queue
[2025-11-11T19:10:25.441+0530] {logging_mixin.py:188} INFO - [2025-11-11T19:10:25.441+0530] {dagbag.py:545} INFO - Filling up the DagBag from /home/logi/txtai/venv/lib/python3.10/site-packages/airflow/example_dags/example_branch_labels.py
[2025-11-11T19:10:25.457+0530] {processor.py:840} INFO - DAG(s) 'example_branch_labels' retrieved from /home/logi/txtai/venv/lib/python3.10/site-packages/airflow/example_dags/example_branch_labels.py
[2025-11-11T19:10:25.491+0530] {logging_mixin.py:188} INFO - [2025-11-11T19:10:25.491+0530] {dag.py:3089} INFO - Sync 1 DAGs
[2025-11-11T19:10:25.511+0530] {logging_mixin.py:188} INFO - [2025-11-11T19:10:25.510+0530] {dag.py:3947} INFO - Setting next_dagrun for example_branch_labels to 2025-11-10 00:00:00+00:00, run_after=2025-11-11 00:00:00+00:00
[2025-11-11T19:10:25.530+0530] {processor.py:183} INFO - Processing /home/logi/txtai/venv/lib/python3.10/site-packages/airflow/example_dags/example_branch_labels.py took 0.117 seconds
[2025-11-11T19:11:24.064+0530] {processor.py:161} INFO - Started process (PID=15143) to work on /home/logi/txtai/venv/lib/python3.10/site-packages/airflow/example_dags/example_branch_labels.py
[2025-11-11T19:11:24.078+0530] {processor.py:830} INFO - Processing file /home/logi/txtai/venv/lib/python3.10/site-packages/airflow/example_dags/example_branch_labels.py for tasks to queue
[2025-11-11T19:11:24.081+0530] {logging_mixin.py:188} INFO - [2025-11-11T19:11:24.080+0530] {dagbag.py:545} INFO - Filling up the DagBag from /home/logi/txtai/venv/lib/python3.10/site-packages/airflow/example_dags/example_branch_labels.py
[2025-11-11T19:11:24.095+0530] {processor.py:840} INFO - DAG(s) 'example_branch_labels' retrieved from /home/logi/txtai/venv/lib/python3.10/site-packages/airflow/example_dags/example_branch_labels.py
[2025-11-11T19:11:24.124+0530] {logging_mixin.py:188} INFO - [2025-11-11T19:11:24.123+0530] {dag.py:3089} INFO - Sync 1 DAGs
[2025-11-11T19:11:24.143+0530] {logging_mixin.py:188} INFO - [2025-11-11T19:11:24.143+0530] {dag.py:3947} INFO - Setting next_dagrun for example_branch_labels to 2025-11-10 00:00:00+00:00, run_after=2025-11-11 00:00:00+00:00
[2025-11-11T19:11:24.163+0530] {processor.py:183} INFO - Processing /home/logi/txtai/venv/lib/python3.10/site-packages/airflow/example_dags/example_branch_labels.py took 0.110 seconds
[2025-11-11T19:12:20.134+0530] {processor.py:161} INFO - Started process (PID=15305) to work on /home/logi/txtai/venv/lib/python3.10/site-packages/airflow/example_dags/example_branch_labels.py
[2025-11-11T19:12:20.147+0530] {processor.py:830} INFO - Processing file /home/logi/txtai/venv/lib/python3.10/site-packages/airflow/example_dags/example_branch_labels.py for tasks to queue
[2025-11-11T19:12:20.151+0530] {logging_mixin.py:188} INFO - [2025-11-11T19:12:20.150+0530] {dagbag.py:545} INFO - Filling up the DagBag from /home/logi/txtai/venv/lib/python3.10/site-packages/airflow/example_dags/example_branch_labels.py
[2025-11-11T19:12:20.165+0530] {processor.py:840} INFO - DAG(s) 'example_branch_labels' retrieved from /home/logi/txtai/venv/lib/python3.10/site-packages/airflow/example_dags/example_branch_labels.py
[2025-11-11T19:12:20.196+0530] {logging_mixin.py:188} INFO - [2025-11-11T19:12:20.196+0530] {dag.py:3089} INFO - Sync 1 DAGs
[2025-11-11T19:12:20.215+0530] {logging_mixin.py:188} INFO - [2025-11-11T19:12:20.215+0530] {dag.py:3947} INFO - Setting next_dagrun for example_branch_labels to 2025-11-10 00:00:00+00:00, run_after=2025-11-11 00:00:00+00:00
[2025-11-11T19:12:20.234+0530] {processor.py:183} INFO - Processing /home/logi/txtai/venv/lib/python3.10/site-packages/airflow/example_dags/example_branch_labels.py took 0.111 seconds
[2025-11-11T19:13:19.241+0530] {processor.py:161} INFO - Started process (PID=15395) to work on /home/logi/txtai/venv/lib/python3.10/site-packages/airflow/example_dags/example_branch_labels.py
[2025-11-11T19:13:19.254+0530] {processor.py:830} INFO - Processing file /home/logi/txtai/venv/lib/python3.10/site-packages/airflow/example_dags/example_branch_labels.py for tasks to queue
[2025-11-11T19:13:19.257+0530] {logging_mixin.py:188} INFO - [2025-11-11T19:13:19.257+0530] {dagbag.py:545} INFO - Filling up the DagBag from /home/logi/txtai/venv/lib/python3.10/site-packages/airflow/example_dags/example_branch_labels.py
[2025-11-11T19:13:19.271+0530] {processor.py:840} INFO - DAG(s) 'example_branch_labels' retrieved from /home/logi/txtai/venv/lib/python3.10/site-packages/airflow/example_dags/example_branch_labels.py
[2025-11-11T19:13:19.299+0530] {logging_mixin.py:188} INFO - [2025-11-11T19:13:19.299+0530] {dag.py:3089} INFO - Sync 1 DAGs
[2025-11-11T19:13:19.319+0530] {logging_mixin.py:188} INFO - [2025-11-11T19:13:19.319+0530] {dag.py:3947} INFO - Setting next_dagrun for example_branch_labels to 2025-11-10 00:00:00+00:00, run_after=2025-11-11 00:00:00+00:00
[2025-11-11T19:13:19.345+0530] {processor.py:183} INFO - Processing /home/logi/txtai/venv/lib/python3.10/site-packages/airflow/example_dags/example_branch_labels.py took 0.116 seconds
[2025-11-11T19:14:18.751+0530] {processor.py:161} INFO - Started process (PID=15579) to work on /home/logi/txtai/venv/lib/python3.10/site-packages/airflow/example_dags/example_branch_labels.py
[2025-11-11T19:14:18.764+0530] {processor.py:830} INFO - Processing file /home/logi/txtai/venv/lib/python3.10/site-packages/airflow/example_dags/example_branch_labels.py for tasks to queue
[2025-11-11T19:14:18.767+0530] {logging_mixin.py:188} INFO - [2025-11-11T19:14:18.766+0530] {dagbag.py:545} INFO - Filling up the DagBag from /home/logi/txtai/venv/lib/python3.10/site-packages/airflow/example_dags/example_branch_labels.py
[2025-11-11T19:14:18.781+0530] {processor.py:840} INFO - DAG(s) 'example_branch_labels' retrieved from /home/logi/txtai/venv/lib/python3.10/site-packages/airflow/example_dags/example_branch_labels.py
[2025-11-11T19:14:18.809+0530] {logging_mixin.py:188} INFO - [2025-11-11T19:14:18.809+0530] {dag.py:3089} INFO - Sync 1 DAGs
[2025-11-11T19:14:18.829+0530] {logging_mixin.py:188} INFO - [2025-11-11T19:14:18.829+0530] {dag.py:3947} INFO - Setting next_dagrun for example_branch_labels to 2025-11-10 00:00:00+00:00, run_after=2025-11-11 00:00:00+00:00
[2025-11-11T19:14:18.849+0530] {processor.py:183} INFO - Processing /home/logi/txtai/venv/lib/python3.10/site-packages/airflow/example_dags/example_branch_labels.py took 0.110 seconds
[2025-11-11T19:15:21.527+0530] {processor.py:161} INFO - Started process (PID=15728) to work on /home/logi/txtai/venv/lib/python3.10/site-packages/airflow/example_dags/example_branch_labels.py
[2025-11-11T19:15:21.540+0530] {processor.py:830} INFO - Processing file /home/logi/txtai/venv/lib/python3.10/site-packages/airflow/example_dags/example_branch_labels.py for tasks to queue
[2025-11-11T19:15:21.544+0530] {logging_mixin.py:188} INFO - [2025-11-11T19:15:21.542+0530] {dagbag.py:545} INFO - Filling up the DagBag from /home/logi/txtai/venv/lib/python3.10/site-packages/airflow/example_dags/example_branch_labels.py
[2025-11-11T19:15:21.566+0530] {processor.py:840} INFO - DAG(s) 'example_branch_labels' retrieved from /home/logi/txtai/venv/lib/python3.10/site-packages/airflow/example_dags/example_branch_labels.py
[2025-11-11T19:15:21.639+0530] {logging_mixin.py:188} INFO - [2025-11-11T19:15:21.637+0530] {dag.py:3089} INFO - Sync 1 DAGs
[2025-11-11T19:15:21.724+0530] {logging_mixin.py:188} INFO - [2025-11-11T19:15:21.722+0530] {dag.py:3947} INFO - Setting next_dagrun for example_branch_labels to 2025-11-10 00:00:00+00:00, run_after=2025-11-11 00:00:00+00:00
[2025-11-11T19:15:21.759+0530] {processor.py:183} INFO - Processing /home/logi/txtai/venv/lib/python3.10/site-packages/airflow/example_dags/example_branch_labels.py took 0.246 seconds
[2025-11-11T19:16:23.902+0530] {processor.py:161} INFO - Started process (PID=15897) to work on /home/logi/txtai/venv/lib/python3.10/site-packages/airflow/example_dags/example_branch_labels.py
[2025-11-11T19:16:23.903+0530] {processor.py:830} INFO - Processing file /home/logi/txtai/venv/lib/python3.10/site-packages/airflow/example_dags/example_branch_labels.py for tasks to queue
[2025-11-11T19:16:23.906+0530] {logging_mixin.py:188} INFO - [2025-11-11T19:16:23.905+0530] {dagbag.py:545} INFO - Filling up the DagBag from /home/logi/txtai/venv/lib/python3.10/site-packages/airflow/example_dags/example_branch_labels.py
[2025-11-11T19:16:23.919+0530] {processor.py:840} INFO - DAG(s) 'example_branch_labels' retrieved from /home/logi/txtai/venv/lib/python3.10/site-packages/airflow/example_dags/example_branch_labels.py
[2025-11-11T19:16:23.943+0530] {logging_mixin.py:188} INFO - [2025-11-11T19:16:23.943+0530] {dag.py:3089} INFO - Sync 1 DAGs
[2025-11-11T19:16:23.958+0530] {logging_mixin.py:188} INFO - [2025-11-11T19:16:23.958+0530] {dag.py:3947} INFO - Setting next_dagrun for example_branch_labels to 2025-11-10 00:00:00+00:00, run_after=2025-11-11 00:00:00+00:00
[2025-11-11T19:16:23.974+0530] {processor.py:183} INFO - Processing /home/logi/txtai/venv/lib/python3.10/site-packages/airflow/example_dags/example_branch_labels.py took 0.082 seconds
[2025-11-11T19:17:46.634+0530] {processor.py:161} INFO - Started process (PID=16076) to work on /home/logi/txtai/venv/lib/python3.10/site-packages/airflow/example_dags/example_branch_labels.py
[2025-11-11T19:17:46.647+0530] {processor.py:830} INFO - Processing file /home/logi/txtai/venv/lib/python3.10/site-packages/airflow/example_dags/example_branch_labels.py for tasks to queue
[2025-11-11T19:17:46.650+0530] {logging_mixin.py:188} INFO - [2025-11-11T19:17:46.649+0530] {dagbag.py:545} INFO - Filling up the DagBag from /home/logi/txtai/venv/lib/python3.10/site-packages/airflow/example_dags/example_branch_labels.py
[2025-11-11T19:17:46.656+0530] {processor.py:840} INFO - DAG(s) 'example_branch_labels' retrieved from /home/logi/txtai/venv/lib/python3.10/site-packages/airflow/example_dags/example_branch_labels.py
[2025-11-11T19:17:46.669+0530] {logging_mixin.py:188} INFO - [2025-11-11T19:17:46.669+0530] {dag.py:3089} INFO - Sync 1 DAGs
[2025-11-11T19:17:46.683+0530] {logging_mixin.py:188} INFO - [2025-11-11T19:17:46.683+0530] {dag.py:3947} INFO - Setting next_dagrun for example_branch_labels to 2025-11-10 00:00:00+00:00, run_after=2025-11-11 00:00:00+00:00
[2025-11-11T19:17:46.700+0530] {processor.py:183} INFO - Processing /home/logi/txtai/venv/lib/python3.10/site-packages/airflow/example_dags/example_branch_labels.py took 0.072 seconds
[2025-11-11T19:18:41.518+0530] {processor.py:161} INFO - Started process (PID=16282) to work on /home/logi/txtai/venv/lib/python3.10/site-packages/airflow/example_dags/example_branch_labels.py
[2025-11-11T19:18:41.531+0530] {processor.py:830} INFO - Processing file /home/logi/txtai/venv/lib/python3.10/site-packages/airflow/example_dags/example_branch_labels.py for tasks to queue
[2025-11-11T19:18:41.534+0530] {logging_mixin.py:188} INFO - [2025-11-11T19:18:41.534+0530] {dagbag.py:545} INFO - Filling up the DagBag from /home/logi/txtai/venv/lib/python3.10/site-packages/airflow/example_dags/example_branch_labels.py
[2025-11-11T19:18:41.549+0530] {processor.py:840} INFO - DAG(s) 'example_branch_labels' retrieved from /home/logi/txtai/venv/lib/python3.10/site-packages/airflow/example_dags/example_branch_labels.py
[2025-11-11T19:18:41.567+0530] {logging_mixin.py:188} INFO - [2025-11-11T19:18:41.566+0530] {dag.py:3089} INFO - Sync 1 DAGs
[2025-11-11T19:18:41.584+0530] {logging_mixin.py:188} INFO - [2025-11-11T19:18:41.584+0530] {dag.py:3947} INFO - Setting next_dagrun for example_branch_labels to 2025-11-10 00:00:00+00:00, run_after=2025-11-11 00:00:00+00:00
[2025-11-11T19:18:41.604+0530] {processor.py:183} INFO - Processing /home/logi/txtai/venv/lib/python3.10/site-packages/airflow/example_dags/example_branch_labels.py took 0.093 seconds
[2025-11-11T19:19:37.249+0530] {processor.py:161} INFO - Started process (PID=16354) to work on /home/logi/txtai/venv/lib/python3.10/site-packages/airflow/example_dags/example_branch_labels.py
[2025-11-11T19:19:37.265+0530] {processor.py:830} INFO - Processing file /home/logi/txtai/venv/lib/python3.10/site-packages/airflow/example_dags/example_branch_labels.py for tasks to queue
[2025-11-11T19:19:37.270+0530] {logging_mixin.py:188} INFO - [2025-11-11T19:19:37.269+0530] {dagbag.py:545} INFO - Filling up the DagBag from /home/logi/txtai/venv/lib/python3.10/site-packages/airflow/example_dags/example_branch_labels.py
[2025-11-11T19:19:37.292+0530] {processor.py:840} INFO - DAG(s) 'example_branch_labels' retrieved from /home/logi/txtai/venv/lib/python3.10/site-packages/airflow/example_dags/example_branch_labels.py
[2025-11-11T19:19:37.366+0530] {logging_mixin.py:188} INFO - [2025-11-11T19:19:37.365+0530] {dag.py:3089} INFO - Sync 1 DAGs
[2025-11-11T19:19:37.417+0530] {logging_mixin.py:188} INFO - [2025-11-11T19:19:37.415+0530] {dag.py:3947} INFO - Setting next_dagrun for example_branch_labels to 2025-11-10 00:00:00+00:00, run_after=2025-11-11 00:00:00+00:00
[2025-11-11T19:19:37.506+0530] {processor.py:183} INFO - Processing /home/logi/txtai/venv/lib/python3.10/site-packages/airflow/example_dags/example_branch_labels.py took 0.285 seconds
[2025-11-11T19:21:02.794+0530] {processor.py:161} INFO - Started process (PID=16767) to work on /home/logi/txtai/venv/lib/python3.10/site-packages/airflow/example_dags/example_branch_labels.py
[2025-11-11T19:21:02.807+0530] {processor.py:830} INFO - Processing file /home/logi/txtai/venv/lib/python3.10/site-packages/airflow/example_dags/example_branch_labels.py for tasks to queue
[2025-11-11T19:21:02.810+0530] {logging_mixin.py:188} INFO - [2025-11-11T19:21:02.809+0530] {dagbag.py:545} INFO - Filling up the DagBag from /home/logi/txtai/venv/lib/python3.10/site-packages/airflow/example_dags/example_branch_labels.py
[2025-11-11T19:21:02.822+0530] {processor.py:840} INFO - DAG(s) 'example_branch_labels' retrieved from /home/logi/txtai/venv/lib/python3.10/site-packages/airflow/example_dags/example_branch_labels.py
[2025-11-11T19:21:02.848+0530] {logging_mixin.py:188} INFO - [2025-11-11T19:21:02.848+0530] {dag.py:3089} INFO - Sync 1 DAGs
[2025-11-11T19:21:02.869+0530] {logging_mixin.py:188} INFO - [2025-11-11T19:21:02.868+0530] {dag.py:3947} INFO - Setting next_dagrun for example_branch_labels to 2025-11-10 00:00:00+00:00, run_after=2025-11-11 00:00:00+00:00
[2025-11-11T19:21:02.885+0530] {processor.py:183} INFO - Processing /home/logi/txtai/venv/lib/python3.10/site-packages/airflow/example_dags/example_branch_labels.py took 0.101 seconds
[2025-11-11T19:22:04.159+0530] {processor.py:161} INFO - Started process (PID=16901) to work on /home/logi/txtai/venv/lib/python3.10/site-packages/airflow/example_dags/example_branch_labels.py
[2025-11-11T19:22:04.172+0530] {processor.py:830} INFO - Processing file /home/logi/txtai/venv/lib/python3.10/site-packages/airflow/example_dags/example_branch_labels.py for tasks to queue
[2025-11-11T19:22:04.176+0530] {logging_mixin.py:188} INFO - [2025-11-11T19:22:04.175+0530] {dagbag.py:545} INFO - Filling up the DagBag from /home/logi/txtai/venv/lib/python3.10/site-packages/airflow/example_dags/example_branch_labels.py
[2025-11-11T19:22:04.190+0530] {processor.py:840} INFO - DAG(s) 'example_branch_labels' retrieved from /home/logi/txtai/venv/lib/python3.10/site-packages/airflow/example_dags/example_branch_labels.py
[2025-11-11T19:22:04.219+0530] {logging_mixin.py:188} INFO - [2025-11-11T19:22:04.219+0530] {dag.py:3089} INFO - Sync 1 DAGs
[2025-11-11T19:22:04.239+0530] {logging_mixin.py:188} INFO - [2025-11-11T19:22:04.238+0530] {dag.py:3947} INFO - Setting next_dagrun for example_branch_labels to 2025-11-10 00:00:00+00:00, run_after=2025-11-11 00:00:00+00:00
[2025-11-11T19:22:04.270+0530] {processor.py:183} INFO - Processing /home/logi/txtai/venv/lib/python3.10/site-packages/airflow/example_dags/example_branch_labels.py took 0.122 seconds
[2025-11-11T19:23:01.453+0530] {processor.py:161} INFO - Started process (PID=17100) to work on /home/logi/txtai/venv/lib/python3.10/site-packages/airflow/example_dags/example_branch_labels.py
[2025-11-11T19:23:01.467+0530] {processor.py:830} INFO - Processing file /home/logi/txtai/venv/lib/python3.10/site-packages/airflow/example_dags/example_branch_labels.py for tasks to queue
[2025-11-11T19:23:01.470+0530] {logging_mixin.py:188} INFO - [2025-11-11T19:23:01.469+0530] {dagbag.py:545} INFO - Filling up the DagBag from /home/logi/txtai/venv/lib/python3.10/site-packages/airflow/example_dags/example_branch_labels.py
[2025-11-11T19:23:01.484+0530] {processor.py:840} INFO - DAG(s) 'example_branch_labels' retrieved from /home/logi/txtai/venv/lib/python3.10/site-packages/airflow/example_dags/example_branch_labels.py
[2025-11-11T19:23:01.512+0530] {logging_mixin.py:188} INFO - [2025-11-11T19:23:01.512+0530] {dag.py:3089} INFO - Sync 1 DAGs
[2025-11-11T19:23:01.532+0530] {logging_mixin.py:188} INFO - [2025-11-11T19:23:01.532+0530] {dag.py:3947} INFO - Setting next_dagrun for example_branch_labels to 2025-11-10 00:00:00+00:00, run_after=2025-11-11 00:00:00+00:00
[2025-11-11T19:23:01.556+0530] {processor.py:183} INFO - Processing /home/logi/txtai/venv/lib/python3.10/site-packages/airflow/example_dags/example_branch_labels.py took 0.113 seconds
[2025-11-11T19:24:23.489+0530] {processor.py:161} INFO - Started process (PID=17398) to work on /home/logi/txtai/venv/lib/python3.10/site-packages/airflow/example_dags/example_branch_labels.py
[2025-11-11T19:24:23.503+0530] {processor.py:830} INFO - Processing file /home/logi/txtai/venv/lib/python3.10/site-packages/airflow/example_dags/example_branch_labels.py for tasks to queue
[2025-11-11T19:24:23.506+0530] {logging_mixin.py:188} INFO - [2025-11-11T19:24:23.506+0530] {dagbag.py:545} INFO - Filling up the DagBag from /home/logi/txtai/venv/lib/python3.10/site-packages/airflow/example_dags/example_branch_labels.py
[2025-11-11T19:24:23.518+0530] {processor.py:840} INFO - DAG(s) 'example_branch_labels' retrieved from /home/logi/txtai/venv/lib/python3.10/site-packages/airflow/example_dags/example_branch_labels.py
[2025-11-11T19:24:23.542+0530] {logging_mixin.py:188} INFO - [2025-11-11T19:24:23.542+0530] {dag.py:3089} INFO - Sync 1 DAGs
[2025-11-11T19:24:23.565+0530] {logging_mixin.py:188} INFO - [2025-11-11T19:24:23.564+0530] {dag.py:3947} INFO - Setting next_dagrun for example_branch_labels to 2025-11-10 00:00:00+00:00, run_after=2025-11-11 00:00:00+00:00
[2025-11-11T19:24:23.589+0530] {processor.py:183} INFO - Processing /home/logi/txtai/venv/lib/python3.10/site-packages/airflow/example_dags/example_branch_labels.py took 0.121 seconds
[2025-11-11T19:25:23.749+0530] {processor.py:161} INFO - Started process (PID=17693) to work on /home/logi/txtai/venv/lib/python3.10/site-packages/airflow/example_dags/example_branch_labels.py
[2025-11-11T19:25:23.763+0530] {processor.py:830} INFO - Processing file /home/logi/txtai/venv/lib/python3.10/site-packages/airflow/example_dags/example_branch_labels.py for tasks to queue
[2025-11-11T19:25:23.767+0530] {logging_mixin.py:188} INFO - [2025-11-11T19:25:23.766+0530] {dagbag.py:545} INFO - Filling up the DagBag from /home/logi/txtai/venv/lib/python3.10/site-packages/airflow/example_dags/example_branch_labels.py
[2025-11-11T19:25:23.783+0530] {processor.py:840} INFO - DAG(s) 'example_branch_labels' retrieved from /home/logi/txtai/venv/lib/python3.10/site-packages/airflow/example_dags/example_branch_labels.py
[2025-11-11T19:25:23.807+0530] {logging_mixin.py:188} INFO - [2025-11-11T19:25:23.807+0530] {dag.py:3089} INFO - Sync 1 DAGs
[2025-11-11T19:25:23.825+0530] {logging_mixin.py:188} INFO - [2025-11-11T19:25:23.825+0530] {dag.py:3947} INFO - Setting next_dagrun for example_branch_labels to 2025-11-10 00:00:00+00:00, run_after=2025-11-11 00:00:00+00:00
[2025-11-11T19:25:23.845+0530] {processor.py:183} INFO - Processing /home/logi/txtai/venv/lib/python3.10/site-packages/airflow/example_dags/example_branch_labels.py took 0.109 seconds
[2025-11-11T19:26:21.514+0530] {processor.py:161} INFO - Started process (PID=17894) to work on /home/logi/txtai/venv/lib/python3.10/site-packages/airflow/example_dags/example_branch_labels.py
[2025-11-11T19:26:21.528+0530] {processor.py:830} INFO - Processing file /home/logi/txtai/venv/lib/python3.10/site-packages/airflow/example_dags/example_branch_labels.py for tasks to queue
[2025-11-11T19:26:21.531+0530] {logging_mixin.py:188} INFO - [2025-11-11T19:26:21.530+0530] {dagbag.py:545} INFO - Filling up the DagBag from /home/logi/txtai/venv/lib/python3.10/site-packages/airflow/example_dags/example_branch_labels.py
[2025-11-11T19:26:21.545+0530] {processor.py:840} INFO - DAG(s) 'example_branch_labels' retrieved from /home/logi/txtai/venv/lib/python3.10/site-packages/airflow/example_dags/example_branch_labels.py
[2025-11-11T19:26:21.579+0530] {logging_mixin.py:188} INFO - [2025-11-11T19:26:21.579+0530] {dag.py:3089} INFO - Sync 1 DAGs
[2025-11-11T19:26:21.607+0530] {logging_mixin.py:188} INFO - [2025-11-11T19:26:21.606+0530] {dag.py:3947} INFO - Setting next_dagrun for example_branch_labels to 2025-11-10 00:00:00+00:00, run_after=2025-11-11 00:00:00+00:00
[2025-11-11T19:26:21.631+0530] {processor.py:183} INFO - Processing /home/logi/txtai/venv/lib/python3.10/site-packages/airflow/example_dags/example_branch_labels.py took 0.129 seconds
[2025-11-11T19:27:19.626+0530] {processor.py:161} INFO - Started process (PID=18038) to work on /home/logi/txtai/venv/lib/python3.10/site-packages/airflow/example_dags/example_branch_labels.py
[2025-11-11T19:27:19.640+0530] {processor.py:830} INFO - Processing file /home/logi/txtai/venv/lib/python3.10/site-packages/airflow/example_dags/example_branch_labels.py for tasks to queue
[2025-11-11T19:27:19.643+0530] {logging_mixin.py:188} INFO - [2025-11-11T19:27:19.642+0530] {dagbag.py:545} INFO - Filling up the DagBag from /home/logi/txtai/venv/lib/python3.10/site-packages/airflow/example_dags/example_branch_labels.py
[2025-11-11T19:27:19.657+0530] {processor.py:840} INFO - DAG(s) 'example_branch_labels' retrieved from /home/logi/txtai/venv/lib/python3.10/site-packages/airflow/example_dags/example_branch_labels.py
[2025-11-11T19:27:19.690+0530] {logging_mixin.py:188} INFO - [2025-11-11T19:27:19.690+0530] {dag.py:3089} INFO - Sync 1 DAGs
[2025-11-11T19:27:19.709+0530] {logging_mixin.py:188} INFO - [2025-11-11T19:27:19.708+0530] {dag.py:3947} INFO - Setting next_dagrun for example_branch_labels to 2025-11-10 00:00:00+00:00, run_after=2025-11-11 00:00:00+00:00
[2025-11-11T19:27:19.730+0530] {processor.py:183} INFO - Processing /home/logi/txtai/venv/lib/python3.10/site-packages/airflow/example_dags/example_branch_labels.py took 0.115 seconds
[2025-11-11T19:28:17.707+0530] {processor.py:161} INFO - Started process (PID=18176) to work on /home/logi/txtai/venv/lib/python3.10/site-packages/airflow/example_dags/example_branch_labels.py
[2025-11-11T19:28:17.720+0530] {processor.py:830} INFO - Processing file /home/logi/txtai/venv/lib/python3.10/site-packages/airflow/example_dags/example_branch_labels.py for tasks to queue
[2025-11-11T19:28:17.724+0530] {logging_mixin.py:188} INFO - [2025-11-11T19:28:17.723+0530] {dagbag.py:545} INFO - Filling up the DagBag from /home/logi/txtai/venv/lib/python3.10/site-packages/airflow/example_dags/example_branch_labels.py
[2025-11-11T19:28:17.738+0530] {processor.py:840} INFO - DAG(s) 'example_branch_labels' retrieved from /home/logi/txtai/venv/lib/python3.10/site-packages/airflow/example_dags/example_branch_labels.py
[2025-11-11T19:28:17.767+0530] {logging_mixin.py:188} INFO - [2025-11-11T19:28:17.766+0530] {dag.py:3089} INFO - Sync 1 DAGs
[2025-11-11T19:28:17.785+0530] {logging_mixin.py:188} INFO - [2025-11-11T19:28:17.785+0530] {dag.py:3947} INFO - Setting next_dagrun for example_branch_labels to 2025-11-10 00:00:00+00:00, run_after=2025-11-11 00:00:00+00:00
[2025-11-11T19:28:17.815+0530] {processor.py:183} INFO - Processing /home/logi/txtai/venv/lib/python3.10/site-packages/airflow/example_dags/example_branch_labels.py took 0.120 seconds
[2025-11-11T19:29:40.356+0530] {processor.py:161} INFO - Started process (PID=18566) to work on /home/logi/txtai/venv/lib/python3.10/site-packages/airflow/example_dags/example_branch_labels.py
[2025-11-11T19:29:40.369+0530] {processor.py:830} INFO - Processing file /home/logi/txtai/venv/lib/python3.10/site-packages/airflow/example_dags/example_branch_labels.py for tasks to queue
[2025-11-11T19:29:40.373+0530] {logging_mixin.py:188} INFO - [2025-11-11T19:29:40.372+0530] {dagbag.py:545} INFO - Filling up the DagBag from /home/logi/txtai/venv/lib/python3.10/site-packages/airflow/example_dags/example_branch_labels.py
[2025-11-11T19:29:40.386+0530] {processor.py:840} INFO - DAG(s) 'example_branch_labels' retrieved from /home/logi/txtai/venv/lib/python3.10/site-packages/airflow/example_dags/example_branch_labels.py
[2025-11-11T19:29:40.415+0530] {logging_mixin.py:188} INFO - [2025-11-11T19:29:40.414+0530] {dag.py:3089} INFO - Sync 1 DAGs
[2025-11-11T19:29:40.436+0530] {logging_mixin.py:188} INFO - [2025-11-11T19:29:40.435+0530] {dag.py:3947} INFO - Setting next_dagrun for example_branch_labels to 2025-11-10 00:00:00+00:00, run_after=2025-11-11 00:00:00+00:00
[2025-11-11T19:29:40.456+0530] {processor.py:183} INFO - Processing /home/logi/txtai/venv/lib/python3.10/site-packages/airflow/example_dags/example_branch_labels.py took 0.112 seconds
[2025-11-11T19:30:38.080+0530] {processor.py:161} INFO - Started process (PID=18676) to work on /home/logi/txtai/venv/lib/python3.10/site-packages/airflow/example_dags/example_branch_labels.py
[2025-11-11T19:30:38.094+0530] {processor.py:830} INFO - Processing file /home/logi/txtai/venv/lib/python3.10/site-packages/airflow/example_dags/example_branch_labels.py for tasks to queue
[2025-11-11T19:30:38.097+0530] {logging_mixin.py:188} INFO - [2025-11-11T19:30:38.096+0530] {dagbag.py:545} INFO - Filling up the DagBag from /home/logi/txtai/venv/lib/python3.10/site-packages/airflow/example_dags/example_branch_labels.py
[2025-11-11T19:30:38.111+0530] {processor.py:840} INFO - DAG(s) 'example_branch_labels' retrieved from /home/logi/txtai/venv/lib/python3.10/site-packages/airflow/example_dags/example_branch_labels.py
[2025-11-11T19:30:38.141+0530] {logging_mixin.py:188} INFO - [2025-11-11T19:30:38.141+0530] {dag.py:3089} INFO - Sync 1 DAGs
[2025-11-11T19:30:38.160+0530] {logging_mixin.py:188} INFO - [2025-11-11T19:30:38.159+0530] {dag.py:3947} INFO - Setting next_dagrun for example_branch_labels to 2025-11-10 00:00:00+00:00, run_after=2025-11-11 00:00:00+00:00
[2025-11-11T19:30:38.179+0530] {processor.py:183} INFO - Processing /home/logi/txtai/venv/lib/python3.10/site-packages/airflow/example_dags/example_branch_labels.py took 0.110 seconds
[2025-11-11T19:31:35.555+0530] {processor.py:161} INFO - Started process (PID=18756) to work on /home/logi/txtai/venv/lib/python3.10/site-packages/airflow/example_dags/example_branch_labels.py
[2025-11-11T19:31:35.568+0530] {processor.py:830} INFO - Processing file /home/logi/txtai/venv/lib/python3.10/site-packages/airflow/example_dags/example_branch_labels.py for tasks to queue
[2025-11-11T19:31:35.571+0530] {logging_mixin.py:188} INFO - [2025-11-11T19:31:35.570+0530] {dagbag.py:545} INFO - Filling up the DagBag from /home/logi/txtai/venv/lib/python3.10/site-packages/airflow/example_dags/example_branch_labels.py
[2025-11-11T19:31:35.579+0530] {processor.py:840} INFO - DAG(s) 'example_branch_labels' retrieved from /home/logi/txtai/venv/lib/python3.10/site-packages/airflow/example_dags/example_branch_labels.py
[2025-11-11T19:31:35.595+0530] {logging_mixin.py:188} INFO - [2025-11-11T19:31:35.595+0530] {dag.py:3089} INFO - Sync 1 DAGs
[2025-11-11T19:31:35.614+0530] {logging_mixin.py:188} INFO - [2025-11-11T19:31:35.614+0530] {dag.py:3947} INFO - Setting next_dagrun for example_branch_labels to 2025-11-10 00:00:00+00:00, run_after=2025-11-11 00:00:00+00:00
[2025-11-11T19:31:35.634+0530] {processor.py:183} INFO - Processing /home/logi/txtai/venv/lib/python3.10/site-packages/airflow/example_dags/example_branch_labels.py took 0.088 seconds
[2025-11-11T19:32:31.643+0530] {processor.py:161} INFO - Started process (PID=18840) to work on /home/logi/txtai/venv/lib/python3.10/site-packages/airflow/example_dags/example_branch_labels.py
[2025-11-11T19:32:31.658+0530] {processor.py:830} INFO - Processing file /home/logi/txtai/venv/lib/python3.10/site-packages/airflow/example_dags/example_branch_labels.py for tasks to queue
[2025-11-11T19:32:31.663+0530] {logging_mixin.py:188} INFO - [2025-11-11T19:32:31.662+0530] {dagbag.py:545} INFO - Filling up the DagBag from /home/logi/txtai/venv/lib/python3.10/site-packages/airflow/example_dags/example_branch_labels.py
[2025-11-11T19:32:31.683+0530] {processor.py:840} INFO - DAG(s) 'example_branch_labels' retrieved from /home/logi/txtai/venv/lib/python3.10/site-packages/airflow/example_dags/example_branch_labels.py
[2025-11-11T19:32:31.717+0530] {logging_mixin.py:188} INFO - [2025-11-11T19:32:31.716+0530] {dag.py:3089} INFO - Sync 1 DAGs
[2025-11-11T19:32:31.748+0530] {logging_mixin.py:188} INFO - [2025-11-11T19:32:31.747+0530] {dag.py:3947} INFO - Setting next_dagrun for example_branch_labels to 2025-11-10 00:00:00+00:00, run_after=2025-11-11 00:00:00+00:00
[2025-11-11T19:32:31.784+0530] {processor.py:183} INFO - Processing /home/logi/txtai/venv/lib/python3.10/site-packages/airflow/example_dags/example_branch_labels.py took 0.155 seconds
[2025-11-11T19:33:28.487+0530] {processor.py:161} INFO - Started process (PID=18921) to work on /home/logi/txtai/venv/lib/python3.10/site-packages/airflow/example_dags/example_branch_labels.py
[2025-11-11T19:33:28.500+0530] {processor.py:830} INFO - Processing file /home/logi/txtai/venv/lib/python3.10/site-packages/airflow/example_dags/example_branch_labels.py for tasks to queue
[2025-11-11T19:33:28.503+0530] {logging_mixin.py:188} INFO - [2025-11-11T19:33:28.503+0530] {dagbag.py:545} INFO - Filling up the DagBag from /home/logi/txtai/venv/lib/python3.10/site-packages/airflow/example_dags/example_branch_labels.py
[2025-11-11T19:33:28.517+0530] {processor.py:840} INFO - DAG(s) 'example_branch_labels' retrieved from /home/logi/txtai/venv/lib/python3.10/site-packages/airflow/example_dags/example_branch_labels.py
[2025-11-11T19:33:28.545+0530] {logging_mixin.py:188} INFO - [2025-11-11T19:33:28.544+0530] {dag.py:3089} INFO - Sync 1 DAGs
[2025-11-11T19:33:28.564+0530] {logging_mixin.py:188} INFO - [2025-11-11T19:33:28.564+0530] {dag.py:3947} INFO - Setting next_dagrun for example_branch_labels to 2025-11-10 00:00:00+00:00, run_after=2025-11-11 00:00:00+00:00
[2025-11-11T19:33:28.591+0530] {processor.py:183} INFO - Processing /home/logi/txtai/venv/lib/python3.10/site-packages/airflow/example_dags/example_branch_labels.py took 0.115 seconds
[2025-11-11T19:36:10.037+0530] {processor.py:161} INFO - Started process (PID=19628) to work on /home/logi/txtai/venv/lib/python3.10/site-packages/airflow/example_dags/example_branch_labels.py
[2025-11-11T19:36:10.051+0530] {processor.py:830} INFO - Processing file /home/logi/txtai/venv/lib/python3.10/site-packages/airflow/example_dags/example_branch_labels.py for tasks to queue
[2025-11-11T19:36:10.054+0530] {logging_mixin.py:188} INFO - [2025-11-11T19:36:10.053+0530] {dagbag.py:545} INFO - Filling up the DagBag from /home/logi/txtai/venv/lib/python3.10/site-packages/airflow/example_dags/example_branch_labels.py
[2025-11-11T19:36:10.068+0530] {processor.py:840} INFO - DAG(s) 'example_branch_labels' retrieved from /home/logi/txtai/venv/lib/python3.10/site-packages/airflow/example_dags/example_branch_labels.py
[2025-11-11T19:36:10.097+0530] {logging_mixin.py:188} INFO - [2025-11-11T19:36:10.096+0530] {dag.py:3089} INFO - Sync 1 DAGs
[2025-11-11T19:36:10.117+0530] {logging_mixin.py:188} INFO - [2025-11-11T19:36:10.117+0530] {dag.py:3947} INFO - Setting next_dagrun for example_branch_labels to 2025-11-10 00:00:00+00:00, run_after=2025-11-11 00:00:00+00:00
[2025-11-11T19:36:10.143+0530] {processor.py:183} INFO - Processing /home/logi/txtai/venv/lib/python3.10/site-packages/airflow/example_dags/example_branch_labels.py took 0.117 seconds
[2025-11-11T19:37:08.538+0530] {processor.py:161} INFO - Started process (PID=19770) to work on /home/logi/txtai/venv/lib/python3.10/site-packages/airflow/example_dags/example_branch_labels.py
[2025-11-11T19:37:08.540+0530] {processor.py:830} INFO - Processing file /home/logi/txtai/venv/lib/python3.10/site-packages/airflow/example_dags/example_branch_labels.py for tasks to queue
[2025-11-11T19:37:08.543+0530] {logging_mixin.py:188} INFO - [2025-11-11T19:37:08.542+0530] {dagbag.py:545} INFO - Filling up the DagBag from /home/logi/txtai/venv/lib/python3.10/site-packages/airflow/example_dags/example_branch_labels.py
[2025-11-11T19:37:08.556+0530] {processor.py:840} INFO - DAG(s) 'example_branch_labels' retrieved from /home/logi/txtai/venv/lib/python3.10/site-packages/airflow/example_dags/example_branch_labels.py
[2025-11-11T19:37:08.583+0530] {logging_mixin.py:188} INFO - [2025-11-11T19:37:08.583+0530] {dag.py:3089} INFO - Sync 1 DAGs
[2025-11-11T19:37:08.600+0530] {logging_mixin.py:188} INFO - [2025-11-11T19:37:08.600+0530] {dag.py:3947} INFO - Setting next_dagrun for example_branch_labels to 2025-11-10 00:00:00+00:00, run_after=2025-11-11 00:00:00+00:00
[2025-11-11T19:37:08.620+0530] {processor.py:183} INFO - Processing /home/logi/txtai/venv/lib/python3.10/site-packages/airflow/example_dags/example_branch_labels.py took 0.094 seconds
[2025-11-11T19:38:06.482+0530] {processor.py:161} INFO - Started process (PID=19912) to work on /home/logi/txtai/venv/lib/python3.10/site-packages/airflow/example_dags/example_branch_labels.py
[2025-11-11T19:38:06.504+0530] {processor.py:830} INFO - Processing file /home/logi/txtai/venv/lib/python3.10/site-packages/airflow/example_dags/example_branch_labels.py for tasks to queue
[2025-11-11T19:38:06.512+0530] {logging_mixin.py:188} INFO - [2025-11-11T19:38:06.511+0530] {dagbag.py:545} INFO - Filling up the DagBag from /home/logi/txtai/venv/lib/python3.10/site-packages/airflow/example_dags/example_branch_labels.py
[2025-11-11T19:38:06.558+0530] {processor.py:840} INFO - DAG(s) 'example_branch_labels' retrieved from /home/logi/txtai/venv/lib/python3.10/site-packages/airflow/example_dags/example_branch_labels.py
[2025-11-11T19:38:06.666+0530] {logging_mixin.py:188} INFO - [2025-11-11T19:38:06.665+0530] {dag.py:3089} INFO - Sync 1 DAGs
[2025-11-11T19:38:06.766+0530] {logging_mixin.py:188} INFO - [2025-11-11T19:38:06.765+0530] {dag.py:3947} INFO - Setting next_dagrun for example_branch_labels to 2025-11-10 00:00:00+00:00, run_after=2025-11-11 00:00:00+00:00
[2025-11-11T19:38:06.789+0530] {processor.py:183} INFO - Processing /home/logi/txtai/venv/lib/python3.10/site-packages/airflow/example_dags/example_branch_labels.py took 0.333 seconds
[2025-11-11T19:39:06.193+0530] {processor.py:161} INFO - Started process (PID=20312) to work on /home/logi/txtai/venv/lib/python3.10/site-packages/airflow/example_dags/example_branch_labels.py
[2025-11-11T19:39:06.206+0530] {processor.py:830} INFO - Processing file /home/logi/txtai/venv/lib/python3.10/site-packages/airflow/example_dags/example_branch_labels.py for tasks to queue
[2025-11-11T19:39:06.208+0530] {logging_mixin.py:188} INFO - [2025-11-11T19:39:06.207+0530] {dagbag.py:545} INFO - Filling up the DagBag from /home/logi/txtai/venv/lib/python3.10/site-packages/airflow/example_dags/example_branch_labels.py
[2025-11-11T19:39:06.220+0530] {processor.py:840} INFO - DAG(s) 'example_branch_labels' retrieved from /home/logi/txtai/venv/lib/python3.10/site-packages/airflow/example_dags/example_branch_labels.py
[2025-11-11T19:39:06.250+0530] {logging_mixin.py:188} INFO - [2025-11-11T19:39:06.249+0530] {dag.py:3089} INFO - Sync 1 DAGs
[2025-11-11T19:39:06.266+0530] {logging_mixin.py:188} INFO - [2025-11-11T19:39:06.266+0530] {dag.py:3947} INFO - Setting next_dagrun for example_branch_labels to 2025-11-10 00:00:00+00:00, run_after=2025-11-11 00:00:00+00:00
[2025-11-11T19:39:06.285+0530] {processor.py:183} INFO - Processing /home/logi/txtai/venv/lib/python3.10/site-packages/airflow/example_dags/example_branch_labels.py took 0.104 seconds
[2025-11-11T19:40:02.615+0530] {processor.py:161} INFO - Started process (PID=20391) to work on /home/logi/txtai/venv/lib/python3.10/site-packages/airflow/example_dags/example_branch_labels.py
[2025-11-11T19:40:02.628+0530] {processor.py:830} INFO - Processing file /home/logi/txtai/venv/lib/python3.10/site-packages/airflow/example_dags/example_branch_labels.py for tasks to queue
[2025-11-11T19:40:02.630+0530] {logging_mixin.py:188} INFO - [2025-11-11T19:40:02.629+0530] {dagbag.py:545} INFO - Filling up the DagBag from /home/logi/txtai/venv/lib/python3.10/site-packages/airflow/example_dags/example_branch_labels.py
[2025-11-11T19:40:02.644+0530] {processor.py:840} INFO - DAG(s) 'example_branch_labels' retrieved from /home/logi/txtai/venv/lib/python3.10/site-packages/airflow/example_dags/example_branch_labels.py
[2025-11-11T19:40:02.673+0530] {logging_mixin.py:188} INFO - [2025-11-11T19:40:02.672+0530] {dag.py:3089} INFO - Sync 1 DAGs
[2025-11-11T19:40:02.690+0530] {logging_mixin.py:188} INFO - [2025-11-11T19:40:02.689+0530] {dag.py:3947} INFO - Setting next_dagrun for example_branch_labels to 2025-11-10 00:00:00+00:00, run_after=2025-11-11 00:00:00+00:00
[2025-11-11T19:40:02.709+0530] {processor.py:183} INFO - Processing /home/logi/txtai/venv/lib/python3.10/site-packages/airflow/example_dags/example_branch_labels.py took 0.106 seconds
[2025-11-11T19:41:20.799+0530] {processor.py:161} INFO - Started process (PID=20603) to work on /home/logi/txtai/venv/lib/python3.10/site-packages/airflow/example_dags/example_branch_labels.py
[2025-11-11T19:41:20.812+0530] {processor.py:830} INFO - Processing file /home/logi/txtai/venv/lib/python3.10/site-packages/airflow/example_dags/example_branch_labels.py for tasks to queue
[2025-11-11T19:41:20.814+0530] {logging_mixin.py:188} INFO - [2025-11-11T19:41:20.813+0530] {dagbag.py:545} INFO - Filling up the DagBag from /home/logi/txtai/venv/lib/python3.10/site-packages/airflow/example_dags/example_branch_labels.py
[2025-11-11T19:41:20.828+0530] {processor.py:840} INFO - DAG(s) 'example_branch_labels' retrieved from /home/logi/txtai/venv/lib/python3.10/site-packages/airflow/example_dags/example_branch_labels.py
[2025-11-11T19:41:20.858+0530] {logging_mixin.py:188} INFO - [2025-11-11T19:41:20.857+0530] {dag.py:3089} INFO - Sync 1 DAGs
[2025-11-11T19:41:20.894+0530] {logging_mixin.py:188} INFO - [2025-11-11T19:41:20.894+0530] {dag.py:3947} INFO - Setting next_dagrun for example_branch_labels to 2025-11-10 00:00:00+00:00, run_after=2025-11-11 00:00:00+00:00
[2025-11-11T19:41:20.928+0530] {processor.py:183} INFO - Processing /home/logi/txtai/venv/lib/python3.10/site-packages/airflow/example_dags/example_branch_labels.py took 0.140 seconds
[2025-11-11T19:42:42.464+0530] {processor.py:161} INFO - Started process (PID=20764) to work on /home/logi/txtai/venv/lib/python3.10/site-packages/airflow/example_dags/example_branch_labels.py
[2025-11-11T19:42:42.477+0530] {processor.py:830} INFO - Processing file /home/logi/txtai/venv/lib/python3.10/site-packages/airflow/example_dags/example_branch_labels.py for tasks to queue
[2025-11-11T19:42:42.479+0530] {logging_mixin.py:188} INFO - [2025-11-11T19:42:42.478+0530] {dagbag.py:545} INFO - Filling up the DagBag from /home/logi/txtai/venv/lib/python3.10/site-packages/airflow/example_dags/example_branch_labels.py
[2025-11-11T19:42:42.492+0530] {processor.py:840} INFO - DAG(s) 'example_branch_labels' retrieved from /home/logi/txtai/venv/lib/python3.10/site-packages/airflow/example_dags/example_branch_labels.py
[2025-11-11T19:42:42.524+0530] {logging_mixin.py:188} INFO - [2025-11-11T19:42:42.523+0530] {dag.py:3089} INFO - Sync 1 DAGs
[2025-11-11T19:42:42.543+0530] {logging_mixin.py:188} INFO - [2025-11-11T19:42:42.543+0530] {dag.py:3947} INFO - Setting next_dagrun for example_branch_labels to 2025-11-10 00:00:00+00:00, run_after=2025-11-11 00:00:00+00:00
[2025-11-11T19:42:42.564+0530] {processor.py:183} INFO - Processing /home/logi/txtai/venv/lib/python3.10/site-packages/airflow/example_dags/example_branch_labels.py took 0.111 seconds
[2025-11-11T19:43:37.323+0530] {processor.py:161} INFO - Started process (PID=20874) to work on /home/logi/txtai/venv/lib/python3.10/site-packages/airflow/example_dags/example_branch_labels.py
[2025-11-11T19:43:37.324+0530] {processor.py:830} INFO - Processing file /home/logi/txtai/venv/lib/python3.10/site-packages/airflow/example_dags/example_branch_labels.py for tasks to queue
[2025-11-11T19:43:37.326+0530] {logging_mixin.py:188} INFO - [2025-11-11T19:43:37.325+0530] {dagbag.py:545} INFO - Filling up the DagBag from /home/logi/txtai/venv/lib/python3.10/site-packages/airflow/example_dags/example_branch_labels.py
[2025-11-11T19:43:37.338+0530] {processor.py:840} INFO - DAG(s) 'example_branch_labels' retrieved from /home/logi/txtai/venv/lib/python3.10/site-packages/airflow/example_dags/example_branch_labels.py
[2025-11-11T19:43:37.359+0530] {logging_mixin.py:188} INFO - [2025-11-11T19:43:37.359+0530] {dag.py:3089} INFO - Sync 1 DAGs
[2025-11-11T19:43:37.374+0530] {logging_mixin.py:188} INFO - [2025-11-11T19:43:37.373+0530] {dag.py:3947} INFO - Setting next_dagrun for example_branch_labels to 2025-11-10 00:00:00+00:00, run_after=2025-11-11 00:00:00+00:00
[2025-11-11T19:43:37.389+0530] {processor.py:183} INFO - Processing /home/logi/txtai/venv/lib/python3.10/site-packages/airflow/example_dags/example_branch_labels.py took 0.076 seconds
[2025-11-11T19:44:57.945+0530] {processor.py:161} INFO - Started process (PID=21031) to work on /home/logi/txtai/venv/lib/python3.10/site-packages/airflow/example_dags/example_branch_labels.py
[2025-11-11T19:44:57.958+0530] {processor.py:830} INFO - Processing file /home/logi/txtai/venv/lib/python3.10/site-packages/airflow/example_dags/example_branch_labels.py for tasks to queue
[2025-11-11T19:44:57.960+0530] {logging_mixin.py:188} INFO - [2025-11-11T19:44:57.959+0530] {dagbag.py:545} INFO - Filling up the DagBag from /home/logi/txtai/venv/lib/python3.10/site-packages/airflow/example_dags/example_branch_labels.py
[2025-11-11T19:44:57.974+0530] {processor.py:840} INFO - DAG(s) 'example_branch_labels' retrieved from /home/logi/txtai/venv/lib/python3.10/site-packages/airflow/example_dags/example_branch_labels.py
[2025-11-11T19:44:58.006+0530] {logging_mixin.py:188} INFO - [2025-11-11T19:44:58.006+0530] {dag.py:3089} INFO - Sync 1 DAGs
[2025-11-11T19:44:58.028+0530] {logging_mixin.py:188} INFO - [2025-11-11T19:44:58.027+0530] {dag.py:3947} INFO - Setting next_dagrun for example_branch_labels to 2025-11-10 00:00:00+00:00, run_after=2025-11-11 00:00:00+00:00
[2025-11-11T19:44:58.049+0530] {processor.py:183} INFO - Processing /home/logi/txtai/venv/lib/python3.10/site-packages/airflow/example_dags/example_branch_labels.py took 0.116 seconds
[2025-11-11T19:45:55.613+0530] {processor.py:161} INFO - Started process (PID=21199) to work on /home/logi/txtai/venv/lib/python3.10/site-packages/airflow/example_dags/example_branch_labels.py
[2025-11-11T19:45:55.615+0530] {processor.py:830} INFO - Processing file /home/logi/txtai/venv/lib/python3.10/site-packages/airflow/example_dags/example_branch_labels.py for tasks to queue
[2025-11-11T19:45:55.616+0530] {logging_mixin.py:188} INFO - [2025-11-11T19:45:55.616+0530] {dagbag.py:545} INFO - Filling up the DagBag from /home/logi/txtai/venv/lib/python3.10/site-packages/airflow/example_dags/example_branch_labels.py
[2025-11-11T19:45:55.629+0530] {processor.py:840} INFO - DAG(s) 'example_branch_labels' retrieved from /home/logi/txtai/venv/lib/python3.10/site-packages/airflow/example_dags/example_branch_labels.py
[2025-11-11T19:45:55.656+0530] {logging_mixin.py:188} INFO - [2025-11-11T19:45:55.656+0530] {dag.py:3089} INFO - Sync 1 DAGs
[2025-11-11T19:45:55.675+0530] {logging_mixin.py:188} INFO - [2025-11-11T19:45:55.675+0530] {dag.py:3947} INFO - Setting next_dagrun for example_branch_labels to 2025-11-10 00:00:00+00:00, run_after=2025-11-11 00:00:00+00:00
[2025-11-11T19:45:55.695+0530] {processor.py:183} INFO - Processing /home/logi/txtai/venv/lib/python3.10/site-packages/airflow/example_dags/example_branch_labels.py took 0.094 seconds
[2025-11-11T19:47:16.752+0530] {processor.py:161} INFO - Started process (PID=21353) to work on /home/logi/txtai/venv/lib/python3.10/site-packages/airflow/example_dags/example_branch_labels.py
[2025-11-11T19:47:16.765+0530] {processor.py:830} INFO - Processing file /home/logi/txtai/venv/lib/python3.10/site-packages/airflow/example_dags/example_branch_labels.py for tasks to queue
[2025-11-11T19:47:16.767+0530] {logging_mixin.py:188} INFO - [2025-11-11T19:47:16.767+0530] {dagbag.py:545} INFO - Filling up the DagBag from /home/logi/txtai/venv/lib/python3.10/site-packages/airflow/example_dags/example_branch_labels.py
[2025-11-11T19:47:16.781+0530] {processor.py:840} INFO - DAG(s) 'example_branch_labels' retrieved from /home/logi/txtai/venv/lib/python3.10/site-packages/airflow/example_dags/example_branch_labels.py
[2025-11-11T19:47:16.811+0530] {logging_mixin.py:188} INFO - [2025-11-11T19:47:16.811+0530] {dag.py:3089} INFO - Sync 1 DAGs
[2025-11-11T19:47:16.830+0530] {logging_mixin.py:188} INFO - [2025-11-11T19:47:16.830+0530] {dag.py:3947} INFO - Setting next_dagrun for example_branch_labels to 2025-11-10 00:00:00+00:00, run_after=2025-11-11 00:00:00+00:00
[2025-11-11T19:47:16.857+0530] {processor.py:183} INFO - Processing /home/logi/txtai/venv/lib/python3.10/site-packages/airflow/example_dags/example_branch_labels.py took 0.116 seconds
[2025-11-11T19:48:39.098+0530] {processor.py:161} INFO - Started process (PID=21481) to work on /home/logi/txtai/venv/lib/python3.10/site-packages/airflow/example_dags/example_branch_labels.py
[2025-11-11T19:48:39.111+0530] {processor.py:830} INFO - Processing file /home/logi/txtai/venv/lib/python3.10/site-packages/airflow/example_dags/example_branch_labels.py for tasks to queue
[2025-11-11T19:48:39.113+0530] {logging_mixin.py:188} INFO - [2025-11-11T19:48:39.113+0530] {dagbag.py:545} INFO - Filling up the DagBag from /home/logi/txtai/venv/lib/python3.10/site-packages/airflow/example_dags/example_branch_labels.py
[2025-11-11T19:48:39.127+0530] {processor.py:840} INFO - DAG(s) 'example_branch_labels' retrieved from /home/logi/txtai/venv/lib/python3.10/site-packages/airflow/example_dags/example_branch_labels.py
[2025-11-11T19:48:39.161+0530] {logging_mixin.py:188} INFO - [2025-11-11T19:48:39.161+0530] {dag.py:3089} INFO - Sync 1 DAGs
[2025-11-11T19:48:39.180+0530] {logging_mixin.py:188} INFO - [2025-11-11T19:48:39.180+0530] {dag.py:3947} INFO - Setting next_dagrun for example_branch_labels to 2025-11-10 00:00:00+00:00, run_after=2025-11-11 00:00:00+00:00
[2025-11-11T19:48:39.199+0530] {processor.py:183} INFO - Processing /home/logi/txtai/venv/lib/python3.10/site-packages/airflow/example_dags/example_branch_labels.py took 0.114 seconds
[2025-11-11T19:49:34.761+0530] {processor.py:161} INFO - Started process (PID=21560) to work on /home/logi/txtai/venv/lib/python3.10/site-packages/airflow/example_dags/example_branch_labels.py
[2025-11-11T19:49:34.774+0530] {processor.py:830} INFO - Processing file /home/logi/txtai/venv/lib/python3.10/site-packages/airflow/example_dags/example_branch_labels.py for tasks to queue
[2025-11-11T19:49:34.775+0530] {logging_mixin.py:188} INFO - [2025-11-11T19:49:34.775+0530] {dagbag.py:545} INFO - Filling up the DagBag from /home/logi/txtai/venv/lib/python3.10/site-packages/airflow/example_dags/example_branch_labels.py
[2025-11-11T19:49:34.788+0530] {processor.py:840} INFO - DAG(s) 'example_branch_labels' retrieved from /home/logi/txtai/venv/lib/python3.10/site-packages/airflow/example_dags/example_branch_labels.py
[2025-11-11T19:49:34.815+0530] {logging_mixin.py:188} INFO - [2025-11-11T19:49:34.814+0530] {dag.py:3089} INFO - Sync 1 DAGs
[2025-11-11T19:49:34.835+0530] {logging_mixin.py:188} INFO - [2025-11-11T19:49:34.835+0530] {dag.py:3947} INFO - Setting next_dagrun for example_branch_labels to 2025-11-10 00:00:00+00:00, run_after=2025-11-11 00:00:00+00:00
[2025-11-11T19:49:34.862+0530] {processor.py:183} INFO - Processing /home/logi/txtai/venv/lib/python3.10/site-packages/airflow/example_dags/example_branch_labels.py took 0.112 seconds
[2025-11-11T19:50:57.557+0530] {processor.py:161} INFO - Started process (PID=21707) to work on /home/logi/txtai/venv/lib/python3.10/site-packages/airflow/example_dags/example_branch_labels.py
[2025-11-11T19:50:57.571+0530] {processor.py:830} INFO - Processing file /home/logi/txtai/venv/lib/python3.10/site-packages/airflow/example_dags/example_branch_labels.py for tasks to queue
[2025-11-11T19:50:57.573+0530] {logging_mixin.py:188} INFO - [2025-11-11T19:50:57.572+0530] {dagbag.py:545} INFO - Filling up the DagBag from /home/logi/txtai/venv/lib/python3.10/site-packages/airflow/example_dags/example_branch_labels.py
[2025-11-11T19:50:57.587+0530] {processor.py:840} INFO - DAG(s) 'example_branch_labels' retrieved from /home/logi/txtai/venv/lib/python3.10/site-packages/airflow/example_dags/example_branch_labels.py
[2025-11-11T19:50:57.616+0530] {logging_mixin.py:188} INFO - [2025-11-11T19:50:57.615+0530] {dag.py:3089} INFO - Sync 1 DAGs
[2025-11-11T19:50:57.635+0530] {logging_mixin.py:188} INFO - [2025-11-11T19:50:57.635+0530] {dag.py:3947} INFO - Setting next_dagrun for example_branch_labels to 2025-11-10 00:00:00+00:00, run_after=2025-11-11 00:00:00+00:00
[2025-11-11T19:50:57.662+0530] {processor.py:183} INFO - Processing /home/logi/txtai/venv/lib/python3.10/site-packages/airflow/example_dags/example_branch_labels.py took 0.115 seconds
[2025-11-11T19:52:19.982+0530] {processor.py:161} INFO - Started process (PID=21835) to work on /home/logi/txtai/venv/lib/python3.10/site-packages/airflow/example_dags/example_branch_labels.py
[2025-11-11T19:52:19.995+0530] {processor.py:830} INFO - Processing file /home/logi/txtai/venv/lib/python3.10/site-packages/airflow/example_dags/example_branch_labels.py for tasks to queue
[2025-11-11T19:52:19.997+0530] {logging_mixin.py:188} INFO - [2025-11-11T19:52:19.996+0530] {dagbag.py:545} INFO - Filling up the DagBag from /home/logi/txtai/venv/lib/python3.10/site-packages/airflow/example_dags/example_branch_labels.py
[2025-11-11T19:52:20.011+0530] {processor.py:840} INFO - DAG(s) 'example_branch_labels' retrieved from /home/logi/txtai/venv/lib/python3.10/site-packages/airflow/example_dags/example_branch_labels.py
[2025-11-11T19:52:20.037+0530] {logging_mixin.py:188} INFO - [2025-11-11T19:52:20.036+0530] {dag.py:3089} INFO - Sync 1 DAGs
[2025-11-11T19:52:20.053+0530] {logging_mixin.py:188} INFO - [2025-11-11T19:52:20.053+0530] {dag.py:3947} INFO - Setting next_dagrun for example_branch_labels to 2025-11-10 00:00:00+00:00, run_after=2025-11-11 00:00:00+00:00
[2025-11-11T19:52:20.073+0530] {processor.py:183} INFO - Processing /home/logi/txtai/venv/lib/python3.10/site-packages/airflow/example_dags/example_branch_labels.py took 0.102 seconds
[2025-11-11T19:53:40.784+0530] {processor.py:161} INFO - Started process (PID=21937) to work on /home/logi/txtai/venv/lib/python3.10/site-packages/airflow/example_dags/example_branch_labels.py
[2025-11-11T19:53:40.799+0530] {processor.py:830} INFO - Processing file /home/logi/txtai/venv/lib/python3.10/site-packages/airflow/example_dags/example_branch_labels.py for tasks to queue
[2025-11-11T19:53:40.800+0530] {logging_mixin.py:188} INFO - [2025-11-11T19:53:40.800+0530] {dagbag.py:545} INFO - Filling up the DagBag from /home/logi/txtai/venv/lib/python3.10/site-packages/airflow/example_dags/example_branch_labels.py
[2025-11-11T19:53:40.814+0530] {processor.py:840} INFO - DAG(s) 'example_branch_labels' retrieved from /home/logi/txtai/venv/lib/python3.10/site-packages/airflow/example_dags/example_branch_labels.py
[2025-11-11T19:53:40.844+0530] {logging_mixin.py:188} INFO - [2025-11-11T19:53:40.843+0530] {dag.py:3089} INFO - Sync 1 DAGs
[2025-11-11T19:53:40.865+0530] {logging_mixin.py:188} INFO - [2025-11-11T19:53:40.865+0530] {dag.py:3947} INFO - Setting next_dagrun for example_branch_labels to 2025-11-10 00:00:00+00:00, run_after=2025-11-11 00:00:00+00:00
[2025-11-11T19:53:40.884+0530] {processor.py:183} INFO - Processing /home/logi/txtai/venv/lib/python3.10/site-packages/airflow/example_dags/example_branch_labels.py took 0.111 seconds
[2025-11-11T19:55:04.577+0530] {processor.py:161} INFO - Started process (PID=22069) to work on /home/logi/txtai/venv/lib/python3.10/site-packages/airflow/example_dags/example_branch_labels.py
[2025-11-11T19:55:04.591+0530] {processor.py:830} INFO - Processing file /home/logi/txtai/venv/lib/python3.10/site-packages/airflow/example_dags/example_branch_labels.py for tasks to queue
[2025-11-11T19:55:04.592+0530] {logging_mixin.py:188} INFO - [2025-11-11T19:55:04.592+0530] {dagbag.py:545} INFO - Filling up the DagBag from /home/logi/txtai/venv/lib/python3.10/site-packages/airflow/example_dags/example_branch_labels.py
[2025-11-11T19:55:04.605+0530] {processor.py:840} INFO - DAG(s) 'example_branch_labels' retrieved from /home/logi/txtai/venv/lib/python3.10/site-packages/airflow/example_dags/example_branch_labels.py
[2025-11-11T19:55:04.635+0530] {logging_mixin.py:188} INFO - [2025-11-11T19:55:04.635+0530] {dag.py:3089} INFO - Sync 1 DAGs
[2025-11-11T19:55:04.655+0530] {logging_mixin.py:188} INFO - [2025-11-11T19:55:04.654+0530] {dag.py:3947} INFO - Setting next_dagrun for example_branch_labels to 2025-11-10 00:00:00+00:00, run_after=2025-11-11 00:00:00+00:00
[2025-11-11T19:55:04.681+0530] {processor.py:183} INFO - Processing /home/logi/txtai/venv/lib/python3.10/site-packages/airflow/example_dags/example_branch_labels.py took 0.115 seconds
[2025-11-11T19:56:24.627+0530] {processor.py:161} INFO - Started process (PID=22248) to work on /home/logi/txtai/venv/lib/python3.10/site-packages/airflow/example_dags/example_branch_labels.py
[2025-11-11T19:56:24.640+0530] {processor.py:830} INFO - Processing file /home/logi/txtai/venv/lib/python3.10/site-packages/airflow/example_dags/example_branch_labels.py for tasks to queue
[2025-11-11T19:56:24.642+0530] {logging_mixin.py:188} INFO - [2025-11-11T19:56:24.641+0530] {dagbag.py:545} INFO - Filling up the DagBag from /home/logi/txtai/venv/lib/python3.10/site-packages/airflow/example_dags/example_branch_labels.py
[2025-11-11T19:56:24.655+0530] {processor.py:840} INFO - DAG(s) 'example_branch_labels' retrieved from /home/logi/txtai/venv/lib/python3.10/site-packages/airflow/example_dags/example_branch_labels.py
[2025-11-11T19:56:24.685+0530] {logging_mixin.py:188} INFO - [2025-11-11T19:56:24.685+0530] {dag.py:3089} INFO - Sync 1 DAGs
[2025-11-11T19:56:24.704+0530] {logging_mixin.py:188} INFO - [2025-11-11T19:56:24.704+0530] {dag.py:3947} INFO - Setting next_dagrun for example_branch_labels to 2025-11-10 00:00:00+00:00, run_after=2025-11-11 00:00:00+00:00
[2025-11-11T19:56:24.726+0530] {processor.py:183} INFO - Processing /home/logi/txtai/venv/lib/python3.10/site-packages/airflow/example_dags/example_branch_labels.py took 0.111 seconds
[2025-11-11T19:57:48.597+0530] {processor.py:161} INFO - Started process (PID=22381) to work on /home/logi/txtai/venv/lib/python3.10/site-packages/airflow/example_dags/example_branch_labels.py
[2025-11-11T19:57:48.610+0530] {processor.py:830} INFO - Processing file /home/logi/txtai/venv/lib/python3.10/site-packages/airflow/example_dags/example_branch_labels.py for tasks to queue
[2025-11-11T19:57:48.612+0530] {logging_mixin.py:188} INFO - [2025-11-11T19:57:48.611+0530] {dagbag.py:545} INFO - Filling up the DagBag from /home/logi/txtai/venv/lib/python3.10/site-packages/airflow/example_dags/example_branch_labels.py
[2025-11-11T19:57:48.629+0530] {processor.py:840} INFO - DAG(s) 'example_branch_labels' retrieved from /home/logi/txtai/venv/lib/python3.10/site-packages/airflow/example_dags/example_branch_labels.py
[2025-11-11T19:57:48.663+0530] {logging_mixin.py:188} INFO - [2025-11-11T19:57:48.663+0530] {dag.py:3089} INFO - Sync 1 DAGs
[2025-11-11T19:57:48.682+0530] {logging_mixin.py:188} INFO - [2025-11-11T19:57:48.682+0530] {dag.py:3947} INFO - Setting next_dagrun for example_branch_labels to 2025-11-10 00:00:00+00:00, run_after=2025-11-11 00:00:00+00:00
[2025-11-11T19:57:48.704+0530] {processor.py:183} INFO - Processing /home/logi/txtai/venv/lib/python3.10/site-packages/airflow/example_dags/example_branch_labels.py took 0.118 seconds
[2025-11-11T19:58:44.033+0530] {processor.py:161} INFO - Started process (PID=22459) to work on /home/logi/txtai/venv/lib/python3.10/site-packages/airflow/example_dags/example_branch_labels.py
[2025-11-11T19:58:44.035+0530] {processor.py:830} INFO - Processing file /home/logi/txtai/venv/lib/python3.10/site-packages/airflow/example_dags/example_branch_labels.py for tasks to queue
[2025-11-11T19:58:44.036+0530] {logging_mixin.py:188} INFO - [2025-11-11T19:58:44.036+0530] {dagbag.py:545} INFO - Filling up the DagBag from /home/logi/txtai/venv/lib/python3.10/site-packages/airflow/example_dags/example_branch_labels.py
[2025-11-11T19:58:44.051+0530] {processor.py:840} INFO - DAG(s) 'example_branch_labels' retrieved from /home/logi/txtai/venv/lib/python3.10/site-packages/airflow/example_dags/example_branch_labels.py
[2025-11-11T19:58:44.076+0530] {logging_mixin.py:188} INFO - [2025-11-11T19:58:44.076+0530] {dag.py:3089} INFO - Sync 1 DAGs
[2025-11-11T19:58:44.093+0530] {logging_mixin.py:188} INFO - [2025-11-11T19:58:44.093+0530] {dag.py:3947} INFO - Setting next_dagrun for example_branch_labels to 2025-11-10 00:00:00+00:00, run_after=2025-11-11 00:00:00+00:00
[2025-11-11T19:58:44.110+0530] {processor.py:183} INFO - Processing /home/logi/txtai/venv/lib/python3.10/site-packages/airflow/example_dags/example_branch_labels.py took 0.088 seconds
[2025-11-11T20:00:05.702+0530] {processor.py:161} INFO - Started process (PID=22568) to work on /home/logi/txtai/venv/lib/python3.10/site-packages/airflow/example_dags/example_branch_labels.py
[2025-11-11T20:00:05.716+0530] {processor.py:830} INFO - Processing file /home/logi/txtai/venv/lib/python3.10/site-packages/airflow/example_dags/example_branch_labels.py for tasks to queue
[2025-11-11T20:00:05.718+0530] {logging_mixin.py:188} INFO - [2025-11-11T20:00:05.717+0530] {dagbag.py:545} INFO - Filling up the DagBag from /home/logi/txtai/venv/lib/python3.10/site-packages/airflow/example_dags/example_branch_labels.py
[2025-11-11T20:00:05.731+0530] {processor.py:840} INFO - DAG(s) 'example_branch_labels' retrieved from /home/logi/txtai/venv/lib/python3.10/site-packages/airflow/example_dags/example_branch_labels.py
[2025-11-11T20:00:05.763+0530] {logging_mixin.py:188} INFO - [2025-11-11T20:00:05.762+0530] {dag.py:3089} INFO - Sync 1 DAGs
[2025-11-11T20:00:05.782+0530] {logging_mixin.py:188} INFO - [2025-11-11T20:00:05.781+0530] {dag.py:3947} INFO - Setting next_dagrun for example_branch_labels to 2025-11-10 00:00:00+00:00, run_after=2025-11-11 00:00:00+00:00
[2025-11-11T20:00:05.808+0530] {processor.py:183} INFO - Processing /home/logi/txtai/venv/lib/python3.10/site-packages/airflow/example_dags/example_branch_labels.py took 0.117 seconds
[2025-11-11T20:01:27.168+0530] {processor.py:161} INFO - Started process (PID=22735) to work on /home/logi/txtai/venv/lib/python3.10/site-packages/airflow/example_dags/example_branch_labels.py
[2025-11-11T20:01:27.182+0530] {processor.py:830} INFO - Processing file /home/logi/txtai/venv/lib/python3.10/site-packages/airflow/example_dags/example_branch_labels.py for tasks to queue
[2025-11-11T20:01:27.184+0530] {logging_mixin.py:188} INFO - [2025-11-11T20:01:27.183+0530] {dagbag.py:545} INFO - Filling up the DagBag from /home/logi/txtai/venv/lib/python3.10/site-packages/airflow/example_dags/example_branch_labels.py
[2025-11-11T20:01:27.197+0530] {processor.py:840} INFO - DAG(s) 'example_branch_labels' retrieved from /home/logi/txtai/venv/lib/python3.10/site-packages/airflow/example_dags/example_branch_labels.py
[2025-11-11T20:01:27.228+0530] {logging_mixin.py:188} INFO - [2025-11-11T20:01:27.227+0530] {dag.py:3089} INFO - Sync 1 DAGs
[2025-11-11T20:01:27.247+0530] {logging_mixin.py:188} INFO - [2025-11-11T20:01:27.247+0530] {dag.py:3947} INFO - Setting next_dagrun for example_branch_labels to 2025-11-10 00:00:00+00:00, run_after=2025-11-11 00:00:00+00:00
[2025-11-11T20:01:27.275+0530] {processor.py:183} INFO - Processing /home/logi/txtai/venv/lib/python3.10/site-packages/airflow/example_dags/example_branch_labels.py took 0.117 seconds
[2025-11-11T20:02:52.155+0530] {processor.py:161} INFO - Started process (PID=22843) to work on /home/logi/txtai/venv/lib/python3.10/site-packages/airflow/example_dags/example_branch_labels.py
[2025-11-11T20:02:52.169+0530] {processor.py:830} INFO - Processing file /home/logi/txtai/venv/lib/python3.10/site-packages/airflow/example_dags/example_branch_labels.py for tasks to queue
[2025-11-11T20:02:52.170+0530] {logging_mixin.py:188} INFO - [2025-11-11T20:02:52.170+0530] {dagbag.py:545} INFO - Filling up the DagBag from /home/logi/txtai/venv/lib/python3.10/site-packages/airflow/example_dags/example_branch_labels.py
[2025-11-11T20:02:52.183+0530] {processor.py:840} INFO - DAG(s) 'example_branch_labels' retrieved from /home/logi/txtai/venv/lib/python3.10/site-packages/airflow/example_dags/example_branch_labels.py
[2025-11-11T20:02:52.212+0530] {logging_mixin.py:188} INFO - [2025-11-11T20:02:52.212+0530] {dag.py:3089} INFO - Sync 1 DAGs
[2025-11-11T20:02:52.231+0530] {logging_mixin.py:188} INFO - [2025-11-11T20:02:52.231+0530] {dag.py:3947} INFO - Setting next_dagrun for example_branch_labels to 2025-11-10 00:00:00+00:00, run_after=2025-11-11 00:00:00+00:00
[2025-11-11T20:02:52.259+0530] {processor.py:183} INFO - Processing /home/logi/txtai/venv/lib/python3.10/site-packages/airflow/example_dags/example_branch_labels.py took 0.115 seconds
[2025-11-11T20:03:50.518+0530] {processor.py:161} INFO - Started process (PID=22924) to work on /home/logi/txtai/venv/lib/python3.10/site-packages/airflow/example_dags/example_branch_labels.py
[2025-11-11T20:03:50.531+0530] {processor.py:830} INFO - Processing file /home/logi/txtai/venv/lib/python3.10/site-packages/airflow/example_dags/example_branch_labels.py for tasks to queue
[2025-11-11T20:03:50.533+0530] {logging_mixin.py:188} INFO - [2025-11-11T20:03:50.532+0530] {dagbag.py:545} INFO - Filling up the DagBag from /home/logi/txtai/venv/lib/python3.10/site-packages/airflow/example_dags/example_branch_labels.py
[2025-11-11T20:03:50.546+0530] {processor.py:840} INFO - DAG(s) 'example_branch_labels' retrieved from /home/logi/txtai/venv/lib/python3.10/site-packages/airflow/example_dags/example_branch_labels.py
[2025-11-11T20:03:50.575+0530] {logging_mixin.py:188} INFO - [2025-11-11T20:03:50.575+0530] {dag.py:3089} INFO - Sync 1 DAGs
[2025-11-11T20:03:50.594+0530] {logging_mixin.py:188} INFO - [2025-11-11T20:03:50.594+0530] {dag.py:3947} INFO - Setting next_dagrun for example_branch_labels to 2025-11-10 00:00:00+00:00, run_after=2025-11-11 00:00:00+00:00
[2025-11-11T20:03:50.615+0530] {processor.py:183} INFO - Processing /home/logi/txtai/venv/lib/python3.10/site-packages/airflow/example_dags/example_branch_labels.py took 0.108 seconds
[2025-11-11T20:04:46.170+0530] {processor.py:161} INFO - Started process (PID=23066) to work on /home/logi/txtai/venv/lib/python3.10/site-packages/airflow/example_dags/example_branch_labels.py
[2025-11-11T20:04:46.183+0530] {processor.py:830} INFO - Processing file /home/logi/txtai/venv/lib/python3.10/site-packages/airflow/example_dags/example_branch_labels.py for tasks to queue
[2025-11-11T20:04:46.185+0530] {logging_mixin.py:188} INFO - [2025-11-11T20:04:46.184+0530] {dagbag.py:545} INFO - Filling up the DagBag from /home/logi/txtai/venv/lib/python3.10/site-packages/airflow/example_dags/example_branch_labels.py
[2025-11-11T20:04:46.199+0530] {processor.py:840} INFO - DAG(s) 'example_branch_labels' retrieved from /home/logi/txtai/venv/lib/python3.10/site-packages/airflow/example_dags/example_branch_labels.py
[2025-11-11T20:04:46.230+0530] {logging_mixin.py:188} INFO - [2025-11-11T20:04:46.229+0530] {dag.py:3089} INFO - Sync 1 DAGs
[2025-11-11T20:04:46.249+0530] {logging_mixin.py:188} INFO - [2025-11-11T20:04:46.249+0530] {dag.py:3947} INFO - Setting next_dagrun for example_branch_labels to 2025-11-10 00:00:00+00:00, run_after=2025-11-11 00:00:00+00:00
[2025-11-11T20:04:46.277+0530] {processor.py:183} INFO - Processing /home/logi/txtai/venv/lib/python3.10/site-packages/airflow/example_dags/example_branch_labels.py took 0.119 seconds
[2025-11-11T20:06:12.023+0530] {processor.py:161} INFO - Started process (PID=23287) to work on /home/logi/txtai/venv/lib/python3.10/site-packages/airflow/example_dags/example_branch_labels.py
[2025-11-11T20:06:12.025+0530] {processor.py:830} INFO - Processing file /home/logi/txtai/venv/lib/python3.10/site-packages/airflow/example_dags/example_branch_labels.py for tasks to queue
[2025-11-11T20:06:12.027+0530] {logging_mixin.py:188} INFO - [2025-11-11T20:06:12.026+0530] {dagbag.py:545} INFO - Filling up the DagBag from /home/logi/txtai/venv/lib/python3.10/site-packages/airflow/example_dags/example_branch_labels.py
[2025-11-11T20:06:12.039+0530] {processor.py:840} INFO - DAG(s) 'example_branch_labels' retrieved from /home/logi/txtai/venv/lib/python3.10/site-packages/airflow/example_dags/example_branch_labels.py
[2025-11-11T20:06:12.063+0530] {logging_mixin.py:188} INFO - [2025-11-11T20:06:12.063+0530] {dag.py:3089} INFO - Sync 1 DAGs
[2025-11-11T20:06:12.078+0530] {logging_mixin.py:188} INFO - [2025-11-11T20:06:12.078+0530] {dag.py:3947} INFO - Setting next_dagrun for example_branch_labels to 2025-11-10 00:00:00+00:00, run_after=2025-11-11 00:00:00+00:00
[2025-11-11T20:06:12.095+0530] {processor.py:183} INFO - Processing /home/logi/txtai/venv/lib/python3.10/site-packages/airflow/example_dags/example_branch_labels.py took 0.081 seconds
[2025-11-11T20:07:11.468+0530] {processor.py:161} INFO - Started process (PID=23368) to work on /home/logi/txtai/venv/lib/python3.10/site-packages/airflow/example_dags/example_branch_labels.py
[2025-11-11T20:07:11.482+0530] {processor.py:830} INFO - Processing file /home/logi/txtai/venv/lib/python3.10/site-packages/airflow/example_dags/example_branch_labels.py for tasks to queue
[2025-11-11T20:07:11.484+0530] {logging_mixin.py:188} INFO - [2025-11-11T20:07:11.483+0530] {dagbag.py:545} INFO - Filling up the DagBag from /home/logi/txtai/venv/lib/python3.10/site-packages/airflow/example_dags/example_branch_labels.py
[2025-11-11T20:07:11.497+0530] {processor.py:840} INFO - DAG(s) 'example_branch_labels' retrieved from /home/logi/txtai/venv/lib/python3.10/site-packages/airflow/example_dags/example_branch_labels.py
[2025-11-11T20:07:11.525+0530] {logging_mixin.py:188} INFO - [2025-11-11T20:07:11.525+0530] {dag.py:3089} INFO - Sync 1 DAGs
[2025-11-11T20:07:11.546+0530] {logging_mixin.py:188} INFO - [2025-11-11T20:07:11.546+0530] {dag.py:3947} INFO - Setting next_dagrun for example_branch_labels to 2025-11-10 00:00:00+00:00, run_after=2025-11-11 00:00:00+00:00
[2025-11-11T20:07:11.574+0530] {processor.py:183} INFO - Processing /home/logi/txtai/venv/lib/python3.10/site-packages/airflow/example_dags/example_branch_labels.py took 0.117 seconds
[2025-11-11T20:08:08.365+0530] {processor.py:161} INFO - Started process (PID=23448) to work on /home/logi/txtai/venv/lib/python3.10/site-packages/airflow/example_dags/example_branch_labels.py
[2025-11-11T20:08:08.379+0530] {processor.py:830} INFO - Processing file /home/logi/txtai/venv/lib/python3.10/site-packages/airflow/example_dags/example_branch_labels.py for tasks to queue
[2025-11-11T20:08:08.381+0530] {logging_mixin.py:188} INFO - [2025-11-11T20:08:08.380+0530] {dagbag.py:545} INFO - Filling up the DagBag from /home/logi/txtai/venv/lib/python3.10/site-packages/airflow/example_dags/example_branch_labels.py
[2025-11-11T20:08:08.394+0530] {processor.py:840} INFO - DAG(s) 'example_branch_labels' retrieved from /home/logi/txtai/venv/lib/python3.10/site-packages/airflow/example_dags/example_branch_labels.py
[2025-11-11T20:08:08.423+0530] {logging_mixin.py:188} INFO - [2025-11-11T20:08:08.423+0530] {dag.py:3089} INFO - Sync 1 DAGs
[2025-11-11T20:08:08.442+0530] {logging_mixin.py:188} INFO - [2025-11-11T20:08:08.442+0530] {dag.py:3947} INFO - Setting next_dagrun for example_branch_labels to 2025-11-10 00:00:00+00:00, run_after=2025-11-11 00:00:00+00:00
[2025-11-11T20:08:08.462+0530] {processor.py:183} INFO - Processing /home/logi/txtai/venv/lib/python3.10/site-packages/airflow/example_dags/example_branch_labels.py took 0.107 seconds
[2025-11-11T20:09:27.967+0530] {processor.py:161} INFO - Started process (PID=23550) to work on /home/logi/txtai/venv/lib/python3.10/site-packages/airflow/example_dags/example_branch_labels.py
[2025-11-11T20:09:27.981+0530] {processor.py:830} INFO - Processing file /home/logi/txtai/venv/lib/python3.10/site-packages/airflow/example_dags/example_branch_labels.py for tasks to queue
[2025-11-11T20:09:27.983+0530] {logging_mixin.py:188} INFO - [2025-11-11T20:09:27.982+0530] {dagbag.py:545} INFO - Filling up the DagBag from /home/logi/txtai/venv/lib/python3.10/site-packages/airflow/example_dags/example_branch_labels.py
[2025-11-11T20:09:27.997+0530] {processor.py:840} INFO - DAG(s) 'example_branch_labels' retrieved from /home/logi/txtai/venv/lib/python3.10/site-packages/airflow/example_dags/example_branch_labels.py
[2025-11-11T20:09:28.025+0530] {logging_mixin.py:188} INFO - [2025-11-11T20:09:28.025+0530] {dag.py:3089} INFO - Sync 1 DAGs
[2025-11-11T20:09:28.042+0530] {logging_mixin.py:188} INFO - [2025-11-11T20:09:28.041+0530] {dag.py:3947} INFO - Setting next_dagrun for example_branch_labels to 2025-11-10 00:00:00+00:00, run_after=2025-11-11 00:00:00+00:00
[2025-11-11T20:09:28.068+0530] {processor.py:183} INFO - Processing /home/logi/txtai/venv/lib/python3.10/site-packages/airflow/example_dags/example_branch_labels.py took 0.109 seconds
[2025-11-11T20:10:47.309+0530] {processor.py:161} INFO - Started process (PID=23704) to work on /home/logi/txtai/venv/lib/python3.10/site-packages/airflow/example_dags/example_branch_labels.py
[2025-11-11T20:10:47.323+0530] {processor.py:830} INFO - Processing file /home/logi/txtai/venv/lib/python3.10/site-packages/airflow/example_dags/example_branch_labels.py for tasks to queue
[2025-11-11T20:10:47.325+0530] {logging_mixin.py:188} INFO - [2025-11-11T20:10:47.324+0530] {dagbag.py:545} INFO - Filling up the DagBag from /home/logi/txtai/venv/lib/python3.10/site-packages/airflow/example_dags/example_branch_labels.py
[2025-11-11T20:10:47.338+0530] {processor.py:840} INFO - DAG(s) 'example_branch_labels' retrieved from /home/logi/txtai/venv/lib/python3.10/site-packages/airflow/example_dags/example_branch_labels.py
[2025-11-11T20:10:47.368+0530] {logging_mixin.py:188} INFO - [2025-11-11T20:10:47.368+0530] {dag.py:3089} INFO - Sync 1 DAGs
[2025-11-11T20:10:47.387+0530] {logging_mixin.py:188} INFO - [2025-11-11T20:10:47.387+0530] {dag.py:3947} INFO - Setting next_dagrun for example_branch_labels to 2025-11-10 00:00:00+00:00, run_after=2025-11-11 00:00:00+00:00
[2025-11-11T20:10:47.414+0530] {processor.py:183} INFO - Processing /home/logi/txtai/venv/lib/python3.10/site-packages/airflow/example_dags/example_branch_labels.py took 0.116 seconds
[2025-11-11T20:11:42.700+0530] {processor.py:161} INFO - Started process (PID=23781) to work on /home/logi/txtai/venv/lib/python3.10/site-packages/airflow/example_dags/example_branch_labels.py
[2025-11-11T20:11:42.714+0530] {processor.py:830} INFO - Processing file /home/logi/txtai/venv/lib/python3.10/site-packages/airflow/example_dags/example_branch_labels.py for tasks to queue
[2025-11-11T20:11:42.716+0530] {logging_mixin.py:188} INFO - [2025-11-11T20:11:42.715+0530] {dagbag.py:545} INFO - Filling up the DagBag from /home/logi/txtai/venv/lib/python3.10/site-packages/airflow/example_dags/example_branch_labels.py
[2025-11-11T20:11:42.730+0530] {processor.py:840} INFO - DAG(s) 'example_branch_labels' retrieved from /home/logi/txtai/venv/lib/python3.10/site-packages/airflow/example_dags/example_branch_labels.py
[2025-11-11T20:11:42.760+0530] {logging_mixin.py:188} INFO - [2025-11-11T20:11:42.760+0530] {dag.py:3089} INFO - Sync 1 DAGs
[2025-11-11T20:11:42.778+0530] {logging_mixin.py:188} INFO - [2025-11-11T20:11:42.777+0530] {dag.py:3947} INFO - Setting next_dagrun for example_branch_labels to 2025-11-10 00:00:00+00:00, run_after=2025-11-11 00:00:00+00:00
[2025-11-11T20:11:42.804+0530] {processor.py:183} INFO - Processing /home/logi/txtai/venv/lib/python3.10/site-packages/airflow/example_dags/example_branch_labels.py took 0.114 seconds
[2025-11-11T20:13:03.165+0530] {processor.py:161} INFO - Started process (PID=23887) to work on /home/logi/txtai/venv/lib/python3.10/site-packages/airflow/example_dags/example_branch_labels.py
[2025-11-11T20:13:03.179+0530] {processor.py:830} INFO - Processing file /home/logi/txtai/venv/lib/python3.10/site-packages/airflow/example_dags/example_branch_labels.py for tasks to queue
[2025-11-11T20:13:03.181+0530] {logging_mixin.py:188} INFO - [2025-11-11T20:13:03.180+0530] {dagbag.py:545} INFO - Filling up the DagBag from /home/logi/txtai/venv/lib/python3.10/site-packages/airflow/example_dags/example_branch_labels.py
[2025-11-11T20:13:03.195+0530] {processor.py:840} INFO - DAG(s) 'example_branch_labels' retrieved from /home/logi/txtai/venv/lib/python3.10/site-packages/airflow/example_dags/example_branch_labels.py
[2025-11-11T20:13:03.225+0530] {logging_mixin.py:188} INFO - [2025-11-11T20:13:03.225+0530] {dag.py:3089} INFO - Sync 1 DAGs
[2025-11-11T20:13:03.244+0530] {logging_mixin.py:188} INFO - [2025-11-11T20:13:03.244+0530] {dag.py:3947} INFO - Setting next_dagrun for example_branch_labels to 2025-11-10 00:00:00+00:00, run_after=2025-11-11 00:00:00+00:00
[2025-11-11T20:13:03.271+0530] {processor.py:183} INFO - Processing /home/logi/txtai/venv/lib/python3.10/site-packages/airflow/example_dags/example_branch_labels.py took 0.119 seconds
[2025-11-11T20:13:58.820+0530] {processor.py:161} INFO - Started process (PID=23966) to work on /home/logi/txtai/venv/lib/python3.10/site-packages/airflow/example_dags/example_branch_labels.py
[2025-11-11T20:13:58.833+0530] {processor.py:830} INFO - Processing file /home/logi/txtai/venv/lib/python3.10/site-packages/airflow/example_dags/example_branch_labels.py for tasks to queue
[2025-11-11T20:13:58.835+0530] {logging_mixin.py:188} INFO - [2025-11-11T20:13:58.835+0530] {dagbag.py:545} INFO - Filling up the DagBag from /home/logi/txtai/venv/lib/python3.10/site-packages/airflow/example_dags/example_branch_labels.py
[2025-11-11T20:13:58.848+0530] {processor.py:840} INFO - DAG(s) 'example_branch_labels' retrieved from /home/logi/txtai/venv/lib/python3.10/site-packages/airflow/example_dags/example_branch_labels.py
[2025-11-11T20:13:58.879+0530] {logging_mixin.py:188} INFO - [2025-11-11T20:13:58.879+0530] {dag.py:3089} INFO - Sync 1 DAGs
[2025-11-11T20:13:58.898+0530] {logging_mixin.py:188} INFO - [2025-11-11T20:13:58.898+0530] {dag.py:3947} INFO - Setting next_dagrun for example_branch_labels to 2025-11-10 00:00:00+00:00, run_after=2025-11-11 00:00:00+00:00
[2025-11-11T20:13:58.925+0530] {processor.py:183} INFO - Processing /home/logi/txtai/venv/lib/python3.10/site-packages/airflow/example_dags/example_branch_labels.py took 0.116 seconds
[2025-11-11T20:14:54.975+0530] {processor.py:161} INFO - Started process (PID=24044) to work on /home/logi/txtai/venv/lib/python3.10/site-packages/airflow/example_dags/example_branch_labels.py
[2025-11-11T20:14:54.988+0530] {processor.py:830} INFO - Processing file /home/logi/txtai/venv/lib/python3.10/site-packages/airflow/example_dags/example_branch_labels.py for tasks to queue
[2025-11-11T20:14:54.990+0530] {logging_mixin.py:188} INFO - [2025-11-11T20:14:54.989+0530] {dagbag.py:545} INFO - Filling up the DagBag from /home/logi/txtai/venv/lib/python3.10/site-packages/airflow/example_dags/example_branch_labels.py
[2025-11-11T20:14:55.003+0530] {processor.py:840} INFO - DAG(s) 'example_branch_labels' retrieved from /home/logi/txtai/venv/lib/python3.10/site-packages/airflow/example_dags/example_branch_labels.py
[2025-11-11T20:14:55.036+0530] {logging_mixin.py:188} INFO - [2025-11-11T20:14:55.035+0530] {dag.py:3089} INFO - Sync 1 DAGs
[2025-11-11T20:14:55.057+0530] {logging_mixin.py:188} INFO - [2025-11-11T20:14:55.056+0530] {dag.py:3947} INFO - Setting next_dagrun for example_branch_labels to 2025-11-10 00:00:00+00:00, run_after=2025-11-11 00:00:00+00:00
[2025-11-11T20:14:55.076+0530] {processor.py:183} INFO - Processing /home/logi/txtai/venv/lib/python3.10/site-packages/airflow/example_dags/example_branch_labels.py took 0.113 seconds
[2025-11-11T20:16:12.929+0530] {processor.py:161} INFO - Started process (PID=24202) to work on /home/logi/txtai/venv/lib/python3.10/site-packages/airflow/example_dags/example_branch_labels.py
[2025-11-11T20:16:12.942+0530] {processor.py:830} INFO - Processing file /home/logi/txtai/venv/lib/python3.10/site-packages/airflow/example_dags/example_branch_labels.py for tasks to queue
[2025-11-11T20:16:12.944+0530] {logging_mixin.py:188} INFO - [2025-11-11T20:16:12.943+0530] {dagbag.py:545} INFO - Filling up the DagBag from /home/logi/txtai/venv/lib/python3.10/site-packages/airflow/example_dags/example_branch_labels.py
[2025-11-11T20:16:12.957+0530] {processor.py:840} INFO - DAG(s) 'example_branch_labels' retrieved from /home/logi/txtai/venv/lib/python3.10/site-packages/airflow/example_dags/example_branch_labels.py
[2025-11-11T20:16:12.986+0530] {logging_mixin.py:188} INFO - [2025-11-11T20:16:12.985+0530] {dag.py:3089} INFO - Sync 1 DAGs
[2025-11-11T20:16:13.006+0530] {logging_mixin.py:188} INFO - [2025-11-11T20:16:13.005+0530] {dag.py:3947} INFO - Setting next_dagrun for example_branch_labels to 2025-11-10 00:00:00+00:00, run_after=2025-11-11 00:00:00+00:00
[2025-11-11T20:16:13.035+0530] {processor.py:183} INFO - Processing /home/logi/txtai/venv/lib/python3.10/site-packages/airflow/example_dags/example_branch_labels.py took 0.117 seconds
[2025-11-11T20:17:32.006+0530] {processor.py:161} INFO - Started process (PID=24309) to work on /home/logi/txtai/venv/lib/python3.10/site-packages/airflow/example_dags/example_branch_labels.py
[2025-11-11T20:17:32.019+0530] {processor.py:830} INFO - Processing file /home/logi/txtai/venv/lib/python3.10/site-packages/airflow/example_dags/example_branch_labels.py for tasks to queue
[2025-11-11T20:17:32.021+0530] {logging_mixin.py:188} INFO - [2025-11-11T20:17:32.020+0530] {dagbag.py:545} INFO - Filling up the DagBag from /home/logi/txtai/venv/lib/python3.10/site-packages/airflow/example_dags/example_branch_labels.py
[2025-11-11T20:17:32.034+0530] {processor.py:840} INFO - DAG(s) 'example_branch_labels' retrieved from /home/logi/txtai/venv/lib/python3.10/site-packages/airflow/example_dags/example_branch_labels.py
[2025-11-11T20:17:32.063+0530] {logging_mixin.py:188} INFO - [2025-11-11T20:17:32.062+0530] {dag.py:3089} INFO - Sync 1 DAGs
[2025-11-11T20:17:32.083+0530] {logging_mixin.py:188} INFO - [2025-11-11T20:17:32.083+0530] {dag.py:3947} INFO - Setting next_dagrun for example_branch_labels to 2025-11-10 00:00:00+00:00, run_after=2025-11-11 00:00:00+00:00
[2025-11-11T20:17:32.102+0530] {processor.py:183} INFO - Processing /home/logi/txtai/venv/lib/python3.10/site-packages/airflow/example_dags/example_branch_labels.py took 0.108 seconds
[2025-11-11T20:18:51.091+0530] {processor.py:161} INFO - Started process (PID=24442) to work on /home/logi/txtai/venv/lib/python3.10/site-packages/airflow/example_dags/example_branch_labels.py
[2025-11-11T20:18:51.093+0530] {processor.py:830} INFO - Processing file /home/logi/txtai/venv/lib/python3.10/site-packages/airflow/example_dags/example_branch_labels.py for tasks to queue
[2025-11-11T20:18:51.094+0530] {logging_mixin.py:188} INFO - [2025-11-11T20:18:51.093+0530] {dagbag.py:545} INFO - Filling up the DagBag from /home/logi/txtai/venv/lib/python3.10/site-packages/airflow/example_dags/example_branch_labels.py
[2025-11-11T20:18:51.105+0530] {processor.py:840} INFO - DAG(s) 'example_branch_labels' retrieved from /home/logi/txtai/venv/lib/python3.10/site-packages/airflow/example_dags/example_branch_labels.py
[2025-11-11T20:18:51.125+0530] {logging_mixin.py:188} INFO - [2025-11-11T20:18:51.124+0530] {dag.py:3089} INFO - Sync 1 DAGs
[2025-11-11T20:18:51.144+0530] {logging_mixin.py:188} INFO - [2025-11-11T20:18:51.144+0530] {dag.py:3947} INFO - Setting next_dagrun for example_branch_labels to 2025-11-10 00:00:00+00:00, run_after=2025-11-11 00:00:00+00:00
[2025-11-11T20:18:51.166+0530] {processor.py:183} INFO - Processing /home/logi/txtai/venv/lib/python3.10/site-packages/airflow/example_dags/example_branch_labels.py took 0.082 seconds
[2025-11-11T20:19:48.425+0530] {processor.py:161} INFO - Started process (PID=24520) to work on /home/logi/txtai/venv/lib/python3.10/site-packages/airflow/example_dags/example_branch_labels.py
[2025-11-11T20:19:48.439+0530] {processor.py:830} INFO - Processing file /home/logi/txtai/venv/lib/python3.10/site-packages/airflow/example_dags/example_branch_labels.py for tasks to queue
[2025-11-11T20:19:48.440+0530] {logging_mixin.py:188} INFO - [2025-11-11T20:19:48.440+0530] {dagbag.py:545} INFO - Filling up the DagBag from /home/logi/txtai/venv/lib/python3.10/site-packages/airflow/example_dags/example_branch_labels.py
[2025-11-11T20:19:48.453+0530] {processor.py:840} INFO - DAG(s) 'example_branch_labels' retrieved from /home/logi/txtai/venv/lib/python3.10/site-packages/airflow/example_dags/example_branch_labels.py
[2025-11-11T20:19:48.484+0530] {logging_mixin.py:188} INFO - [2025-11-11T20:19:48.484+0530] {dag.py:3089} INFO - Sync 1 DAGs
[2025-11-11T20:19:48.504+0530] {logging_mixin.py:188} INFO - [2025-11-11T20:19:48.503+0530] {dag.py:3947} INFO - Setting next_dagrun for example_branch_labels to 2025-11-10 00:00:00+00:00, run_after=2025-11-11 00:00:00+00:00
[2025-11-11T20:19:48.531+0530] {processor.py:183} INFO - Processing /home/logi/txtai/venv/lib/python3.10/site-packages/airflow/example_dags/example_branch_labels.py took 0.117 seconds
[2025-11-11T20:20:44.756+0530] {processor.py:161} INFO - Started process (PID=24626) to work on /home/logi/txtai/venv/lib/python3.10/site-packages/airflow/example_dags/example_branch_labels.py
[2025-11-11T20:20:44.769+0530] {processor.py:830} INFO - Processing file /home/logi/txtai/venv/lib/python3.10/site-packages/airflow/example_dags/example_branch_labels.py for tasks to queue
[2025-11-11T20:20:44.771+0530] {logging_mixin.py:188} INFO - [2025-11-11T20:20:44.771+0530] {dagbag.py:545} INFO - Filling up the DagBag from /home/logi/txtai/venv/lib/python3.10/site-packages/airflow/example_dags/example_branch_labels.py
[2025-11-11T20:20:44.784+0530] {processor.py:840} INFO - DAG(s) 'example_branch_labels' retrieved from /home/logi/txtai/venv/lib/python3.10/site-packages/airflow/example_dags/example_branch_labels.py
[2025-11-11T20:20:44.813+0530] {logging_mixin.py:188} INFO - [2025-11-11T20:20:44.813+0530] {dag.py:3089} INFO - Sync 1 DAGs
[2025-11-11T20:20:44.833+0530] {logging_mixin.py:188} INFO - [2025-11-11T20:20:44.832+0530] {dag.py:3947} INFO - Setting next_dagrun for example_branch_labels to 2025-11-10 00:00:00+00:00, run_after=2025-11-11 00:00:00+00:00
[2025-11-11T20:20:44.860+0530] {processor.py:183} INFO - Processing /home/logi/txtai/venv/lib/python3.10/site-packages/airflow/example_dags/example_branch_labels.py took 0.115 seconds
[2025-11-11T20:21:40.328+0530] {processor.py:161} INFO - Started process (PID=24704) to work on /home/logi/txtai/venv/lib/python3.10/site-packages/airflow/example_dags/example_branch_labels.py
[2025-11-11T20:21:40.330+0530] {processor.py:830} INFO - Processing file /home/logi/txtai/venv/lib/python3.10/site-packages/airflow/example_dags/example_branch_labels.py for tasks to queue
[2025-11-11T20:21:40.332+0530] {logging_mixin.py:188} INFO - [2025-11-11T20:21:40.331+0530] {dagbag.py:545} INFO - Filling up the DagBag from /home/logi/txtai/venv/lib/python3.10/site-packages/airflow/example_dags/example_branch_labels.py
[2025-11-11T20:21:40.345+0530] {processor.py:840} INFO - DAG(s) 'example_branch_labels' retrieved from /home/logi/txtai/venv/lib/python3.10/site-packages/airflow/example_dags/example_branch_labels.py
[2025-11-11T20:21:40.370+0530] {logging_mixin.py:188} INFO - [2025-11-11T20:21:40.370+0530] {dag.py:3089} INFO - Sync 1 DAGs
[2025-11-11T20:21:40.387+0530] {logging_mixin.py:188} INFO - [2025-11-11T20:21:40.386+0530] {dag.py:3947} INFO - Setting next_dagrun for example_branch_labels to 2025-11-10 00:00:00+00:00, run_after=2025-11-11 00:00:00+00:00
[2025-11-11T20:21:40.405+0530] {processor.py:183} INFO - Processing /home/logi/txtai/venv/lib/python3.10/site-packages/airflow/example_dags/example_branch_labels.py took 0.088 seconds
[2025-11-11T20:23:06.234+0530] {processor.py:161} INFO - Started process (PID=24807) to work on /home/logi/txtai/venv/lib/python3.10/site-packages/airflow/example_dags/example_branch_labels.py
[2025-11-11T20:23:06.236+0530] {processor.py:830} INFO - Processing file /home/logi/txtai/venv/lib/python3.10/site-packages/airflow/example_dags/example_branch_labels.py for tasks to queue
[2025-11-11T20:23:06.238+0530] {logging_mixin.py:188} INFO - [2025-11-11T20:23:06.237+0530] {dagbag.py:545} INFO - Filling up the DagBag from /home/logi/txtai/venv/lib/python3.10/site-packages/airflow/example_dags/example_branch_labels.py
[2025-11-11T20:23:06.253+0530] {processor.py:840} INFO - DAG(s) 'example_branch_labels' retrieved from /home/logi/txtai/venv/lib/python3.10/site-packages/airflow/example_dags/example_branch_labels.py
[2025-11-11T20:23:06.271+0530] {logging_mixin.py:188} INFO - [2025-11-11T20:23:06.271+0530] {dag.py:3089} INFO - Sync 1 DAGs
[2025-11-11T20:23:06.288+0530] {logging_mixin.py:188} INFO - [2025-11-11T20:23:06.288+0530] {dag.py:3947} INFO - Setting next_dagrun for example_branch_labels to 2025-11-10 00:00:00+00:00, run_after=2025-11-11 00:00:00+00:00
[2025-11-11T20:23:06.308+0530] {processor.py:183} INFO - Processing /home/logi/txtai/venv/lib/python3.10/site-packages/airflow/example_dags/example_branch_labels.py took 0.086 seconds
[2025-11-11T20:24:05.782+0530] {processor.py:161} INFO - Started process (PID=24886) to work on /home/logi/txtai/venv/lib/python3.10/site-packages/airflow/example_dags/example_branch_labels.py
[2025-11-11T20:24:05.797+0530] {processor.py:830} INFO - Processing file /home/logi/txtai/venv/lib/python3.10/site-packages/airflow/example_dags/example_branch_labels.py for tasks to queue
[2025-11-11T20:24:05.799+0530] {logging_mixin.py:188} INFO - [2025-11-11T20:24:05.798+0530] {dagbag.py:545} INFO - Filling up the DagBag from /home/logi/txtai/venv/lib/python3.10/site-packages/airflow/example_dags/example_branch_labels.py
[2025-11-11T20:24:05.807+0530] {processor.py:840} INFO - DAG(s) 'example_branch_labels' retrieved from /home/logi/txtai/venv/lib/python3.10/site-packages/airflow/example_dags/example_branch_labels.py
[2025-11-11T20:24:05.825+0530] {logging_mixin.py:188} INFO - [2025-11-11T20:24:05.825+0530] {dag.py:3089} INFO - Sync 1 DAGs
[2025-11-11T20:24:05.842+0530] {logging_mixin.py:188} INFO - [2025-11-11T20:24:05.842+0530] {dag.py:3947} INFO - Setting next_dagrun for example_branch_labels to 2025-11-10 00:00:00+00:00, run_after=2025-11-11 00:00:00+00:00
[2025-11-11T20:24:05.863+0530] {processor.py:183} INFO - Processing /home/logi/txtai/venv/lib/python3.10/site-packages/airflow/example_dags/example_branch_labels.py took 0.087 seconds
[2025-11-11T20:25:02.200+0530] {processor.py:161} INFO - Started process (PID=24968) to work on /home/logi/txtai/venv/lib/python3.10/site-packages/airflow/example_dags/example_branch_labels.py
[2025-11-11T20:25:02.215+0530] {processor.py:830} INFO - Processing file /home/logi/txtai/venv/lib/python3.10/site-packages/airflow/example_dags/example_branch_labels.py for tasks to queue
[2025-11-11T20:25:02.216+0530] {logging_mixin.py:188} INFO - [2025-11-11T20:25:02.216+0530] {dagbag.py:545} INFO - Filling up the DagBag from /home/logi/txtai/venv/lib/python3.10/site-packages/airflow/example_dags/example_branch_labels.py
[2025-11-11T20:25:02.229+0530] {processor.py:840} INFO - DAG(s) 'example_branch_labels' retrieved from /home/logi/txtai/venv/lib/python3.10/site-packages/airflow/example_dags/example_branch_labels.py
[2025-11-11T20:25:02.255+0530] {logging_mixin.py:188} INFO - [2025-11-11T20:25:02.255+0530] {dag.py:3089} INFO - Sync 1 DAGs
[2025-11-11T20:25:02.275+0530] {logging_mixin.py:188} INFO - [2025-11-11T20:25:02.275+0530] {dag.py:3947} INFO - Setting next_dagrun for example_branch_labels to 2025-11-10 00:00:00+00:00, run_after=2025-11-11 00:00:00+00:00
[2025-11-11T20:25:02.291+0530] {processor.py:183} INFO - Processing /home/logi/txtai/venv/lib/python3.10/site-packages/airflow/example_dags/example_branch_labels.py took 0.101 seconds
[2025-11-11T22:22:36.764+0530] {processor.py:161} INFO - Started process (PID=6082) to work on /home/logi/txtai/venv/lib/python3.10/site-packages/airflow/example_dags/example_branch_labels.py
[2025-11-11T22:22:36.767+0530] {processor.py:830} INFO - Processing file /home/logi/txtai/venv/lib/python3.10/site-packages/airflow/example_dags/example_branch_labels.py for tasks to queue
[2025-11-11T22:22:36.772+0530] {logging_mixin.py:188} INFO - [2025-11-11T22:22:36.771+0530] {dagbag.py:545} INFO - Filling up the DagBag from /home/logi/txtai/venv/lib/python3.10/site-packages/airflow/example_dags/example_branch_labels.py
[2025-11-11T22:22:36.789+0530] {processor.py:840} INFO - DAG(s) 'example_branch_labels' retrieved from /home/logi/txtai/venv/lib/python3.10/site-packages/airflow/example_dags/example_branch_labels.py
[2025-11-11T22:22:36.810+0530] {logging_mixin.py:188} INFO - [2025-11-11T22:22:36.810+0530] {dag.py:3089} INFO - Sync 1 DAGs
[2025-11-11T22:22:36.830+0530] {logging_mixin.py:188} INFO - [2025-11-11T22:22:36.830+0530] {dag.py:3947} INFO - Setting next_dagrun for example_branch_labels to 2025-11-10 00:00:00+00:00, run_after=2025-11-11 00:00:00+00:00
[2025-11-11T22:22:36.851+0530] {processor.py:183} INFO - Processing /home/logi/txtai/venv/lib/python3.10/site-packages/airflow/example_dags/example_branch_labels.py took 0.098 seconds
[2025-11-11T22:23:34.449+0530] {processor.py:161} INFO - Started process (PID=6237) to work on /home/logi/txtai/venv/lib/python3.10/site-packages/airflow/example_dags/example_branch_labels.py
[2025-11-11T22:23:34.462+0530] {processor.py:830} INFO - Processing file /home/logi/txtai/venv/lib/python3.10/site-packages/airflow/example_dags/example_branch_labels.py for tasks to queue
[2025-11-11T22:23:34.465+0530] {logging_mixin.py:188} INFO - [2025-11-11T22:23:34.465+0530] {dagbag.py:545} INFO - Filling up the DagBag from /home/logi/txtai/venv/lib/python3.10/site-packages/airflow/example_dags/example_branch_labels.py
[2025-11-11T22:23:34.479+0530] {processor.py:840} INFO - DAG(s) 'example_branch_labels' retrieved from /home/logi/txtai/venv/lib/python3.10/site-packages/airflow/example_dags/example_branch_labels.py
[2025-11-11T22:23:34.507+0530] {logging_mixin.py:188} INFO - [2025-11-11T22:23:34.506+0530] {dag.py:3089} INFO - Sync 1 DAGs
[2025-11-11T22:23:34.526+0530] {logging_mixin.py:188} INFO - [2025-11-11T22:23:34.526+0530] {dag.py:3947} INFO - Setting next_dagrun for example_branch_labels to 2025-11-10 00:00:00+00:00, run_after=2025-11-11 00:00:00+00:00
[2025-11-11T22:23:34.546+0530] {processor.py:183} INFO - Processing /home/logi/txtai/venv/lib/python3.10/site-packages/airflow/example_dags/example_branch_labels.py took 0.109 seconds
[2025-11-11T22:24:32.530+0530] {processor.py:161} INFO - Started process (PID=6318) to work on /home/logi/txtai/venv/lib/python3.10/site-packages/airflow/example_dags/example_branch_labels.py
[2025-11-11T22:24:32.544+0530] {processor.py:830} INFO - Processing file /home/logi/txtai/venv/lib/python3.10/site-packages/airflow/example_dags/example_branch_labels.py for tasks to queue
[2025-11-11T22:24:32.547+0530] {logging_mixin.py:188} INFO - [2025-11-11T22:24:32.546+0530] {dagbag.py:545} INFO - Filling up the DagBag from /home/logi/txtai/venv/lib/python3.10/site-packages/airflow/example_dags/example_branch_labels.py
[2025-11-11T22:24:32.561+0530] {processor.py:840} INFO - DAG(s) 'example_branch_labels' retrieved from /home/logi/txtai/venv/lib/python3.10/site-packages/airflow/example_dags/example_branch_labels.py
[2025-11-11T22:24:32.590+0530] {logging_mixin.py:188} INFO - [2025-11-11T22:24:32.589+0530] {dag.py:3089} INFO - Sync 1 DAGs
[2025-11-11T22:24:32.608+0530] {logging_mixin.py:188} INFO - [2025-11-11T22:24:32.608+0530] {dag.py:3947} INFO - Setting next_dagrun for example_branch_labels to 2025-11-10 00:00:00+00:00, run_after=2025-11-11 00:00:00+00:00
[2025-11-11T22:24:32.628+0530] {processor.py:183} INFO - Processing /home/logi/txtai/venv/lib/python3.10/site-packages/airflow/example_dags/example_branch_labels.py took 0.109 seconds
[2025-11-11T22:25:55.053+0530] {processor.py:161} INFO - Started process (PID=6449) to work on /home/logi/txtai/venv/lib/python3.10/site-packages/airflow/example_dags/example_branch_labels.py
[2025-11-11T22:25:55.067+0530] {processor.py:830} INFO - Processing file /home/logi/txtai/venv/lib/python3.10/site-packages/airflow/example_dags/example_branch_labels.py for tasks to queue
[2025-11-11T22:25:55.070+0530] {logging_mixin.py:188} INFO - [2025-11-11T22:25:55.069+0530] {dagbag.py:545} INFO - Filling up the DagBag from /home/logi/txtai/venv/lib/python3.10/site-packages/airflow/example_dags/example_branch_labels.py
[2025-11-11T22:25:55.084+0530] {processor.py:840} INFO - DAG(s) 'example_branch_labels' retrieved from /home/logi/txtai/venv/lib/python3.10/site-packages/airflow/example_dags/example_branch_labels.py
[2025-11-11T22:25:55.112+0530] {logging_mixin.py:188} INFO - [2025-11-11T22:25:55.112+0530] {dag.py:3089} INFO - Sync 1 DAGs
[2025-11-11T22:25:55.131+0530] {logging_mixin.py:188} INFO - [2025-11-11T22:25:55.131+0530] {dag.py:3947} INFO - Setting next_dagrun for example_branch_labels to 2025-11-10 00:00:00+00:00, run_after=2025-11-11 00:00:00+00:00
[2025-11-11T22:25:55.152+0530] {processor.py:183} INFO - Processing /home/logi/txtai/venv/lib/python3.10/site-packages/airflow/example_dags/example_branch_labels.py took 0.110 seconds
[2025-11-11T22:26:53.798+0530] {processor.py:161} INFO - Started process (PID=6560) to work on /home/logi/txtai/venv/lib/python3.10/site-packages/airflow/example_dags/example_branch_labels.py
[2025-11-11T22:26:53.811+0530] {processor.py:830} INFO - Processing file /home/logi/txtai/venv/lib/python3.10/site-packages/airflow/example_dags/example_branch_labels.py for tasks to queue
[2025-11-11T22:26:53.816+0530] {logging_mixin.py:188} INFO - [2025-11-11T22:26:53.815+0530] {dagbag.py:545} INFO - Filling up the DagBag from /home/logi/txtai/venv/lib/python3.10/site-packages/airflow/example_dags/example_branch_labels.py
[2025-11-11T22:26:53.833+0530] {processor.py:840} INFO - DAG(s) 'example_branch_labels' retrieved from /home/logi/txtai/venv/lib/python3.10/site-packages/airflow/example_dags/example_branch_labels.py
[2025-11-11T22:26:53.862+0530] {logging_mixin.py:188} INFO - [2025-11-11T22:26:53.862+0530] {dag.py:3089} INFO - Sync 1 DAGs
[2025-11-11T22:26:53.881+0530] {logging_mixin.py:188} INFO - [2025-11-11T22:26:53.881+0530] {dag.py:3947} INFO - Setting next_dagrun for example_branch_labels to 2025-11-10 00:00:00+00:00, run_after=2025-11-11 00:00:00+00:00
[2025-11-11T22:26:53.904+0530] {processor.py:183} INFO - Processing /home/logi/txtai/venv/lib/python3.10/site-packages/airflow/example_dags/example_branch_labels.py took 0.117 seconds
[2025-11-11T22:27:51.156+0530] {processor.py:161} INFO - Started process (PID=6638) to work on /home/logi/txtai/venv/lib/python3.10/site-packages/airflow/example_dags/example_branch_labels.py
[2025-11-11T22:27:51.170+0530] {processor.py:830} INFO - Processing file /home/logi/txtai/venv/lib/python3.10/site-packages/airflow/example_dags/example_branch_labels.py for tasks to queue
[2025-11-11T22:27:51.173+0530] {logging_mixin.py:188} INFO - [2025-11-11T22:27:51.172+0530] {dagbag.py:545} INFO - Filling up the DagBag from /home/logi/txtai/venv/lib/python3.10/site-packages/airflow/example_dags/example_branch_labels.py
[2025-11-11T22:27:51.187+0530] {processor.py:840} INFO - DAG(s) 'example_branch_labels' retrieved from /home/logi/txtai/venv/lib/python3.10/site-packages/airflow/example_dags/example_branch_labels.py
[2025-11-11T22:27:51.215+0530] {logging_mixin.py:188} INFO - [2025-11-11T22:27:51.215+0530] {dag.py:3089} INFO - Sync 1 DAGs
[2025-11-11T22:27:51.234+0530] {logging_mixin.py:188} INFO - [2025-11-11T22:27:51.234+0530] {dag.py:3947} INFO - Setting next_dagrun for example_branch_labels to 2025-11-10 00:00:00+00:00, run_after=2025-11-11 00:00:00+00:00
[2025-11-11T22:27:51.260+0530] {processor.py:183} INFO - Processing /home/logi/txtai/venv/lib/python3.10/site-packages/airflow/example_dags/example_branch_labels.py took 0.115 seconds
[2025-11-11T22:29:13.232+0530] {processor.py:161} INFO - Started process (PID=6756) to work on /home/logi/txtai/venv/lib/python3.10/site-packages/airflow/example_dags/example_branch_labels.py
[2025-11-11T22:29:13.234+0530] {processor.py:830} INFO - Processing file /home/logi/txtai/venv/lib/python3.10/site-packages/airflow/example_dags/example_branch_labels.py for tasks to queue
[2025-11-11T22:29:13.238+0530] {logging_mixin.py:188} INFO - [2025-11-11T22:29:13.237+0530] {dagbag.py:545} INFO - Filling up the DagBag from /home/logi/txtai/venv/lib/python3.10/site-packages/airflow/example_dags/example_branch_labels.py
[2025-11-11T22:29:13.252+0530] {processor.py:840} INFO - DAG(s) 'example_branch_labels' retrieved from /home/logi/txtai/venv/lib/python3.10/site-packages/airflow/example_dags/example_branch_labels.py
[2025-11-11T22:29:13.276+0530] {logging_mixin.py:188} INFO - [2025-11-11T22:29:13.276+0530] {dag.py:3089} INFO - Sync 1 DAGs
[2025-11-11T22:29:13.294+0530] {logging_mixin.py:188} INFO - [2025-11-11T22:29:13.294+0530] {dag.py:3947} INFO - Setting next_dagrun for example_branch_labels to 2025-11-10 00:00:00+00:00, run_after=2025-11-11 00:00:00+00:00
[2025-11-11T22:29:13.314+0530] {processor.py:183} INFO - Processing /home/logi/txtai/venv/lib/python3.10/site-packages/airflow/example_dags/example_branch_labels.py took 0.093 seconds
[2025-11-11T22:30:09.335+0530] {processor.py:161} INFO - Started process (PID=6842) to work on /home/logi/txtai/venv/lib/python3.10/site-packages/airflow/example_dags/example_branch_labels.py
[2025-11-11T22:30:09.348+0530] {processor.py:830} INFO - Processing file /home/logi/txtai/venv/lib/python3.10/site-packages/airflow/example_dags/example_branch_labels.py for tasks to queue
[2025-11-11T22:30:09.351+0530] {logging_mixin.py:188} INFO - [2025-11-11T22:30:09.350+0530] {dagbag.py:545} INFO - Filling up the DagBag from /home/logi/txtai/venv/lib/python3.10/site-packages/airflow/example_dags/example_branch_labels.py
[2025-11-11T22:30:09.365+0530] {processor.py:840} INFO - DAG(s) 'example_branch_labels' retrieved from /home/logi/txtai/venv/lib/python3.10/site-packages/airflow/example_dags/example_branch_labels.py
[2025-11-11T22:30:09.388+0530] {logging_mixin.py:188} INFO - [2025-11-11T22:30:09.387+0530] {dag.py:3089} INFO - Sync 1 DAGs
[2025-11-11T22:30:09.409+0530] {logging_mixin.py:188} INFO - [2025-11-11T22:30:09.409+0530] {dag.py:3947} INFO - Setting next_dagrun for example_branch_labels to 2025-11-10 00:00:00+00:00, run_after=2025-11-11 00:00:00+00:00
[2025-11-11T22:30:09.434+0530] {processor.py:183} INFO - Processing /home/logi/txtai/venv/lib/python3.10/site-packages/airflow/example_dags/example_branch_labels.py took 0.106 seconds
[2025-11-11T22:31:06.332+0530] {processor.py:161} INFO - Started process (PID=6923) to work on /home/logi/txtai/venv/lib/python3.10/site-packages/airflow/example_dags/example_branch_labels.py
[2025-11-11T22:31:06.334+0530] {processor.py:830} INFO - Processing file /home/logi/txtai/venv/lib/python3.10/site-packages/airflow/example_dags/example_branch_labels.py for tasks to queue
[2025-11-11T22:31:06.337+0530] {logging_mixin.py:188} INFO - [2025-11-11T22:31:06.336+0530] {dagbag.py:545} INFO - Filling up the DagBag from /home/logi/txtai/venv/lib/python3.10/site-packages/airflow/example_dags/example_branch_labels.py
[2025-11-11T22:31:06.351+0530] {processor.py:840} INFO - DAG(s) 'example_branch_labels' retrieved from /home/logi/txtai/venv/lib/python3.10/site-packages/airflow/example_dags/example_branch_labels.py
[2025-11-11T22:31:06.372+0530] {logging_mixin.py:188} INFO - [2025-11-11T22:31:06.372+0530] {dag.py:3089} INFO - Sync 1 DAGs
[2025-11-11T22:31:06.389+0530] {logging_mixin.py:188} INFO - [2025-11-11T22:31:06.389+0530] {dag.py:3947} INFO - Setting next_dagrun for example_branch_labels to 2025-11-10 00:00:00+00:00, run_after=2025-11-11 00:00:00+00:00
[2025-11-11T22:31:06.409+0530] {processor.py:183} INFO - Processing /home/logi/txtai/venv/lib/python3.10/site-packages/airflow/example_dags/example_branch_labels.py took 0.088 seconds
[2025-11-11T22:32:02.650+0530] {processor.py:161} INFO - Started process (PID=7029) to work on /home/logi/txtai/venv/lib/python3.10/site-packages/airflow/example_dags/example_branch_labels.py
[2025-11-11T22:32:02.652+0530] {processor.py:830} INFO - Processing file /home/logi/txtai/venv/lib/python3.10/site-packages/airflow/example_dags/example_branch_labels.py for tasks to queue
[2025-11-11T22:32:02.655+0530] {logging_mixin.py:188} INFO - [2025-11-11T22:32:02.655+0530] {dagbag.py:545} INFO - Filling up the DagBag from /home/logi/txtai/venv/lib/python3.10/site-packages/airflow/example_dags/example_branch_labels.py
[2025-11-11T22:32:02.670+0530] {processor.py:840} INFO - DAG(s) 'example_branch_labels' retrieved from /home/logi/txtai/venv/lib/python3.10/site-packages/airflow/example_dags/example_branch_labels.py
[2025-11-11T22:32:02.692+0530] {logging_mixin.py:188} INFO - [2025-11-11T22:32:02.691+0530] {dag.py:3089} INFO - Sync 1 DAGs
[2025-11-11T22:32:02.708+0530] {logging_mixin.py:188} INFO - [2025-11-11T22:32:02.707+0530] {dag.py:3947} INFO - Setting next_dagrun for example_branch_labels to 2025-11-10 00:00:00+00:00, run_after=2025-11-11 00:00:00+00:00
[2025-11-11T22:32:02.727+0530] {processor.py:183} INFO - Processing /home/logi/txtai/venv/lib/python3.10/site-packages/airflow/example_dags/example_branch_labels.py took 0.088 seconds
[2025-11-11T22:33:26.140+0530] {processor.py:161} INFO - Started process (PID=7157) to work on /home/logi/txtai/venv/lib/python3.10/site-packages/airflow/example_dags/example_branch_labels.py
[2025-11-11T22:33:26.142+0530] {processor.py:830} INFO - Processing file /home/logi/txtai/venv/lib/python3.10/site-packages/airflow/example_dags/example_branch_labels.py for tasks to queue
[2025-11-11T22:33:26.145+0530] {logging_mixin.py:188} INFO - [2025-11-11T22:33:26.144+0530] {dagbag.py:545} INFO - Filling up the DagBag from /home/logi/txtai/venv/lib/python3.10/site-packages/airflow/example_dags/example_branch_labels.py
[2025-11-11T22:33:26.159+0530] {processor.py:840} INFO - DAG(s) 'example_branch_labels' retrieved from /home/logi/txtai/venv/lib/python3.10/site-packages/airflow/example_dags/example_branch_labels.py
[2025-11-11T22:33:26.183+0530] {logging_mixin.py:188} INFO - [2025-11-11T22:33:26.183+0530] {dag.py:3089} INFO - Sync 1 DAGs
[2025-11-11T22:33:26.202+0530] {logging_mixin.py:188} INFO - [2025-11-11T22:33:26.201+0530] {dag.py:3947} INFO - Setting next_dagrun for example_branch_labels to 2025-11-10 00:00:00+00:00, run_after=2025-11-11 00:00:00+00:00
[2025-11-11T22:33:26.222+0530] {processor.py:183} INFO - Processing /home/logi/txtai/venv/lib/python3.10/site-packages/airflow/example_dags/example_branch_labels.py took 0.093 seconds
[2025-11-11T22:34:22.460+0530] {processor.py:161} INFO - Started process (PID=7234) to work on /home/logi/txtai/venv/lib/python3.10/site-packages/airflow/example_dags/example_branch_labels.py
[2025-11-11T22:34:22.462+0530] {processor.py:830} INFO - Processing file /home/logi/txtai/venv/lib/python3.10/site-packages/airflow/example_dags/example_branch_labels.py for tasks to queue
[2025-11-11T22:34:22.465+0530] {logging_mixin.py:188} INFO - [2025-11-11T22:34:22.464+0530] {dagbag.py:545} INFO - Filling up the DagBag from /home/logi/txtai/venv/lib/python3.10/site-packages/airflow/example_dags/example_branch_labels.py
[2025-11-11T22:34:22.479+0530] {processor.py:840} INFO - DAG(s) 'example_branch_labels' retrieved from /home/logi/txtai/venv/lib/python3.10/site-packages/airflow/example_dags/example_branch_labels.py
[2025-11-11T22:34:22.503+0530] {logging_mixin.py:188} INFO - [2025-11-11T22:34:22.502+0530] {dag.py:3089} INFO - Sync 1 DAGs
[2025-11-11T22:34:22.520+0530] {logging_mixin.py:188} INFO - [2025-11-11T22:34:22.520+0530] {dag.py:3947} INFO - Setting next_dagrun for example_branch_labels to 2025-11-10 00:00:00+00:00, run_after=2025-11-11 00:00:00+00:00
[2025-11-11T22:34:22.540+0530] {processor.py:183} INFO - Processing /home/logi/txtai/venv/lib/python3.10/site-packages/airflow/example_dags/example_branch_labels.py took 0.091 seconds
[2025-11-11T22:35:17.362+0530] {processor.py:161} INFO - Started process (PID=7314) to work on /home/logi/txtai/venv/lib/python3.10/site-packages/airflow/example_dags/example_branch_labels.py
[2025-11-11T22:35:17.375+0530] {processor.py:830} INFO - Processing file /home/logi/txtai/venv/lib/python3.10/site-packages/airflow/example_dags/example_branch_labels.py for tasks to queue
[2025-11-11T22:35:17.379+0530] {logging_mixin.py:188} INFO - [2025-11-11T22:35:17.378+0530] {dagbag.py:545} INFO - Filling up the DagBag from /home/logi/txtai/venv/lib/python3.10/site-packages/airflow/example_dags/example_branch_labels.py
[2025-11-11T22:35:17.395+0530] {processor.py:840} INFO - DAG(s) 'example_branch_labels' retrieved from /home/logi/txtai/venv/lib/python3.10/site-packages/airflow/example_dags/example_branch_labels.py
[2025-11-11T22:35:17.427+0530] {logging_mixin.py:188} INFO - [2025-11-11T22:35:17.426+0530] {dag.py:3089} INFO - Sync 1 DAGs
[2025-11-11T22:35:17.449+0530] {logging_mixin.py:188} INFO - [2025-11-11T22:35:17.449+0530] {dag.py:3947} INFO - Setting next_dagrun for example_branch_labels to 2025-11-10 00:00:00+00:00, run_after=2025-11-11 00:00:00+00:00
[2025-11-11T22:35:17.470+0530] {processor.py:183} INFO - Processing /home/logi/txtai/venv/lib/python3.10/site-packages/airflow/example_dags/example_branch_labels.py took 0.121 seconds
[2025-11-11T22:36:41.272+0530] {processor.py:161} INFO - Started process (PID=7444) to work on /home/logi/txtai/venv/lib/python3.10/site-packages/airflow/example_dags/example_branch_labels.py
[2025-11-11T22:36:41.273+0530] {processor.py:830} INFO - Processing file /home/logi/txtai/venv/lib/python3.10/site-packages/airflow/example_dags/example_branch_labels.py for tasks to queue
[2025-11-11T22:36:41.275+0530] {logging_mixin.py:188} INFO - [2025-11-11T22:36:41.275+0530] {dagbag.py:545} INFO - Filling up the DagBag from /home/logi/txtai/venv/lib/python3.10/site-packages/airflow/example_dags/example_branch_labels.py
[2025-11-11T22:36:41.284+0530] {processor.py:840} INFO - DAG(s) 'example_branch_labels' retrieved from /home/logi/txtai/venv/lib/python3.10/site-packages/airflow/example_dags/example_branch_labels.py
[2025-11-11T22:36:41.302+0530] {logging_mixin.py:188} INFO - [2025-11-11T22:36:41.302+0530] {dag.py:3089} INFO - Sync 1 DAGs
[2025-11-11T22:36:41.321+0530] {logging_mixin.py:188} INFO - [2025-11-11T22:36:41.320+0530] {dag.py:3947} INFO - Setting next_dagrun for example_branch_labels to 2025-11-10 00:00:00+00:00, run_after=2025-11-11 00:00:00+00:00
[2025-11-11T22:36:41.343+0530] {processor.py:183} INFO - Processing /home/logi/txtai/venv/lib/python3.10/site-packages/airflow/example_dags/example_branch_labels.py took 0.079 seconds
[2025-11-11T22:37:39.702+0530] {processor.py:161} INFO - Started process (PID=7547) to work on /home/logi/txtai/venv/lib/python3.10/site-packages/airflow/example_dags/example_branch_labels.py
[2025-11-11T22:37:39.716+0530] {processor.py:830} INFO - Processing file /home/logi/txtai/venv/lib/python3.10/site-packages/airflow/example_dags/example_branch_labels.py for tasks to queue
[2025-11-11T22:37:39.719+0530] {logging_mixin.py:188} INFO - [2025-11-11T22:37:39.718+0530] {dagbag.py:545} INFO - Filling up the DagBag from /home/logi/txtai/venv/lib/python3.10/site-packages/airflow/example_dags/example_branch_labels.py
[2025-11-11T22:37:39.733+0530] {processor.py:840} INFO - DAG(s) 'example_branch_labels' retrieved from /home/logi/txtai/venv/lib/python3.10/site-packages/airflow/example_dags/example_branch_labels.py
[2025-11-11T22:37:39.762+0530] {logging_mixin.py:188} INFO - [2025-11-11T22:37:39.762+0530] {dag.py:3089} INFO - Sync 1 DAGs
[2025-11-11T22:37:39.782+0530] {logging_mixin.py:188} INFO - [2025-11-11T22:37:39.782+0530] {dag.py:3947} INFO - Setting next_dagrun for example_branch_labels to 2025-11-10 00:00:00+00:00, run_after=2025-11-11 00:00:00+00:00
[2025-11-11T22:37:39.803+0530] {processor.py:183} INFO - Processing /home/logi/txtai/venv/lib/python3.10/site-packages/airflow/example_dags/example_branch_labels.py took 0.113 seconds
[2025-11-11T22:39:01.180+0530] {processor.py:161} INFO - Started process (PID=7672) to work on /home/logi/txtai/venv/lib/python3.10/site-packages/airflow/example_dags/example_branch_labels.py
[2025-11-11T22:39:01.194+0530] {processor.py:830} INFO - Processing file /home/logi/txtai/venv/lib/python3.10/site-packages/airflow/example_dags/example_branch_labels.py for tasks to queue
[2025-11-11T22:39:01.197+0530] {logging_mixin.py:188} INFO - [2025-11-11T22:39:01.196+0530] {dagbag.py:545} INFO - Filling up the DagBag from /home/logi/txtai/venv/lib/python3.10/site-packages/airflow/example_dags/example_branch_labels.py
[2025-11-11T22:39:01.211+0530] {processor.py:840} INFO - DAG(s) 'example_branch_labels' retrieved from /home/logi/txtai/venv/lib/python3.10/site-packages/airflow/example_dags/example_branch_labels.py
[2025-11-11T22:39:01.239+0530] {logging_mixin.py:188} INFO - [2025-11-11T22:39:01.238+0530] {dag.py:3089} INFO - Sync 1 DAGs
[2025-11-11T22:39:01.258+0530] {logging_mixin.py:188} INFO - [2025-11-11T22:39:01.258+0530] {dag.py:3947} INFO - Setting next_dagrun for example_branch_labels to 2025-11-10 00:00:00+00:00, run_after=2025-11-11 00:00:00+00:00
[2025-11-11T22:39:01.284+0530] {processor.py:183} INFO - Processing /home/logi/txtai/venv/lib/python3.10/site-packages/airflow/example_dags/example_branch_labels.py took 0.115 seconds
[2025-11-11T22:40:24.719+0530] {processor.py:161} INFO - Started process (PID=7778) to work on /home/logi/txtai/venv/lib/python3.10/site-packages/airflow/example_dags/example_branch_labels.py
[2025-11-11T22:40:24.732+0530] {processor.py:830} INFO - Processing file /home/logi/txtai/venv/lib/python3.10/site-packages/airflow/example_dags/example_branch_labels.py for tasks to queue
[2025-11-11T22:40:24.735+0530] {logging_mixin.py:188} INFO - [2025-11-11T22:40:24.735+0530] {dagbag.py:545} INFO - Filling up the DagBag from /home/logi/txtai/venv/lib/python3.10/site-packages/airflow/example_dags/example_branch_labels.py
[2025-11-11T22:40:24.753+0530] {processor.py:840} INFO - DAG(s) 'example_branch_labels' retrieved from /home/logi/txtai/venv/lib/python3.10/site-packages/airflow/example_dags/example_branch_labels.py
[2025-11-11T22:40:24.785+0530] {logging_mixin.py:188} INFO - [2025-11-11T22:40:24.785+0530] {dag.py:3089} INFO - Sync 1 DAGs
[2025-11-11T22:40:24.803+0530] {logging_mixin.py:188} INFO - [2025-11-11T22:40:24.803+0530] {dag.py:3947} INFO - Setting next_dagrun for example_branch_labels to 2025-11-10 00:00:00+00:00, run_after=2025-11-11 00:00:00+00:00
[2025-11-11T22:40:24.823+0530] {processor.py:183} INFO - Processing /home/logi/txtai/venv/lib/python3.10/site-packages/airflow/example_dags/example_branch_labels.py took 0.115 seconds
[2025-11-11T22:41:23.620+0530] {processor.py:161} INFO - Started process (PID=7858) to work on /home/logi/txtai/venv/lib/python3.10/site-packages/airflow/example_dags/example_branch_labels.py
[2025-11-11T22:41:23.633+0530] {processor.py:830} INFO - Processing file /home/logi/txtai/venv/lib/python3.10/site-packages/airflow/example_dags/example_branch_labels.py for tasks to queue
[2025-11-11T22:41:23.637+0530] {logging_mixin.py:188} INFO - [2025-11-11T22:41:23.636+0530] {dagbag.py:545} INFO - Filling up the DagBag from /home/logi/txtai/venv/lib/python3.10/site-packages/airflow/example_dags/example_branch_labels.py
[2025-11-11T22:41:23.650+0530] {processor.py:840} INFO - DAG(s) 'example_branch_labels' retrieved from /home/logi/txtai/venv/lib/python3.10/site-packages/airflow/example_dags/example_branch_labels.py
[2025-11-11T22:41:23.679+0530] {logging_mixin.py:188} INFO - [2025-11-11T22:41:23.678+0530] {dag.py:3089} INFO - Sync 1 DAGs
[2025-11-11T22:41:23.699+0530] {logging_mixin.py:188} INFO - [2025-11-11T22:41:23.699+0530] {dag.py:3947} INFO - Setting next_dagrun for example_branch_labels to 2025-11-10 00:00:00+00:00, run_after=2025-11-11 00:00:00+00:00
[2025-11-11T22:41:23.721+0530] {processor.py:183} INFO - Processing /home/logi/txtai/venv/lib/python3.10/site-packages/airflow/example_dags/example_branch_labels.py took 0.112 seconds
[2025-11-11T22:42:47.311+0530] {processor.py:161} INFO - Started process (PID=8013) to work on /home/logi/txtai/venv/lib/python3.10/site-packages/airflow/example_dags/example_branch_labels.py
[2025-11-11T22:42:47.325+0530] {processor.py:830} INFO - Processing file /home/logi/txtai/venv/lib/python3.10/site-packages/airflow/example_dags/example_branch_labels.py for tasks to queue
[2025-11-11T22:42:47.328+0530] {logging_mixin.py:188} INFO - [2025-11-11T22:42:47.327+0530] {dagbag.py:545} INFO - Filling up the DagBag from /home/logi/txtai/venv/lib/python3.10/site-packages/airflow/example_dags/example_branch_labels.py
[2025-11-11T22:42:47.343+0530] {processor.py:840} INFO - DAG(s) 'example_branch_labels' retrieved from /home/logi/txtai/venv/lib/python3.10/site-packages/airflow/example_dags/example_branch_labels.py
[2025-11-11T22:42:47.376+0530] {logging_mixin.py:188} INFO - [2025-11-11T22:42:47.376+0530] {dag.py:3089} INFO - Sync 1 DAGs
[2025-11-11T22:42:47.396+0530] {logging_mixin.py:188} INFO - [2025-11-11T22:42:47.396+0530] {dag.py:3947} INFO - Setting next_dagrun for example_branch_labels to 2025-11-10 00:00:00+00:00, run_after=2025-11-11 00:00:00+00:00
[2025-11-11T22:42:47.417+0530] {processor.py:183} INFO - Processing /home/logi/txtai/venv/lib/python3.10/site-packages/airflow/example_dags/example_branch_labels.py took 0.116 seconds
[2025-11-11T22:43:45.273+0530] {processor.py:161} INFO - Started process (PID=8091) to work on /home/logi/txtai/venv/lib/python3.10/site-packages/airflow/example_dags/example_branch_labels.py
[2025-11-11T22:43:45.286+0530] {processor.py:830} INFO - Processing file /home/logi/txtai/venv/lib/python3.10/site-packages/airflow/example_dags/example_branch_labels.py for tasks to queue
[2025-11-11T22:43:45.289+0530] {logging_mixin.py:188} INFO - [2025-11-11T22:43:45.289+0530] {dagbag.py:545} INFO - Filling up the DagBag from /home/logi/txtai/venv/lib/python3.10/site-packages/airflow/example_dags/example_branch_labels.py
[2025-11-11T22:43:45.303+0530] {processor.py:840} INFO - DAG(s) 'example_branch_labels' retrieved from /home/logi/txtai/venv/lib/python3.10/site-packages/airflow/example_dags/example_branch_labels.py
[2025-11-11T22:43:45.332+0530] {logging_mixin.py:188} INFO - [2025-11-11T22:43:45.332+0530] {dag.py:3089} INFO - Sync 1 DAGs
[2025-11-11T22:43:45.352+0530] {logging_mixin.py:188} INFO - [2025-11-11T22:43:45.352+0530] {dag.py:3947} INFO - Setting next_dagrun for example_branch_labels to 2025-11-10 00:00:00+00:00, run_after=2025-11-11 00:00:00+00:00
[2025-11-11T22:43:45.381+0530] {processor.py:183} INFO - Processing /home/logi/txtai/venv/lib/python3.10/site-packages/airflow/example_dags/example_branch_labels.py took 0.118 seconds
[2025-11-11T22:44:42.655+0530] {processor.py:161} INFO - Started process (PID=8169) to work on /home/logi/txtai/venv/lib/python3.10/site-packages/airflow/example_dags/example_branch_labels.py
[2025-11-11T22:44:42.669+0530] {processor.py:830} INFO - Processing file /home/logi/txtai/venv/lib/python3.10/site-packages/airflow/example_dags/example_branch_labels.py for tasks to queue
[2025-11-11T22:44:42.672+0530] {logging_mixin.py:188} INFO - [2025-11-11T22:44:42.672+0530] {dagbag.py:545} INFO - Filling up the DagBag from /home/logi/txtai/venv/lib/python3.10/site-packages/airflow/example_dags/example_branch_labels.py
[2025-11-11T22:44:42.686+0530] {processor.py:840} INFO - DAG(s) 'example_branch_labels' retrieved from /home/logi/txtai/venv/lib/python3.10/site-packages/airflow/example_dags/example_branch_labels.py
[2025-11-11T22:44:42.715+0530] {logging_mixin.py:188} INFO - [2025-11-11T22:44:42.715+0530] {dag.py:3089} INFO - Sync 1 DAGs
[2025-11-11T22:44:42.735+0530] {logging_mixin.py:188} INFO - [2025-11-11T22:44:42.735+0530] {dag.py:3947} INFO - Setting next_dagrun for example_branch_labels to 2025-11-10 00:00:00+00:00, run_after=2025-11-11 00:00:00+00:00
[2025-11-11T22:44:42.757+0530] {processor.py:183} INFO - Processing /home/logi/txtai/venv/lib/python3.10/site-packages/airflow/example_dags/example_branch_labels.py took 0.114 seconds
[2025-11-11T22:46:04.307+0530] {processor.py:161} INFO - Started process (PID=8280) to work on /home/logi/txtai/venv/lib/python3.10/site-packages/airflow/example_dags/example_branch_labels.py
[2025-11-11T22:46:04.322+0530] {processor.py:830} INFO - Processing file /home/logi/txtai/venv/lib/python3.10/site-packages/airflow/example_dags/example_branch_labels.py for tasks to queue
[2025-11-11T22:46:04.325+0530] {logging_mixin.py:188} INFO - [2025-11-11T22:46:04.324+0530] {dagbag.py:545} INFO - Filling up the DagBag from /home/logi/txtai/venv/lib/python3.10/site-packages/airflow/example_dags/example_branch_labels.py
[2025-11-11T22:46:04.339+0530] {processor.py:840} INFO - DAG(s) 'example_branch_labels' retrieved from /home/logi/txtai/venv/lib/python3.10/site-packages/airflow/example_dags/example_branch_labels.py
[2025-11-11T22:46:04.367+0530] {logging_mixin.py:188} INFO - [2025-11-11T22:46:04.366+0530] {dag.py:3089} INFO - Sync 1 DAGs
[2025-11-11T22:46:04.387+0530] {logging_mixin.py:188} INFO - [2025-11-11T22:46:04.386+0530] {dag.py:3947} INFO - Setting next_dagrun for example_branch_labels to 2025-11-10 00:00:00+00:00, run_after=2025-11-11 00:00:00+00:00
[2025-11-11T22:46:04.414+0530] {processor.py:183} INFO - Processing /home/logi/txtai/venv/lib/python3.10/site-packages/airflow/example_dags/example_branch_labels.py took 0.117 seconds
[2025-11-11T22:47:21.003+0530] {processor.py:161} INFO - Started process (PID=8430) to work on /home/logi/txtai/venv/lib/python3.10/site-packages/airflow/example_dags/example_branch_labels.py
[2025-11-11T22:47:21.016+0530] {processor.py:830} INFO - Processing file /home/logi/txtai/venv/lib/python3.10/site-packages/airflow/example_dags/example_branch_labels.py for tasks to queue
[2025-11-11T22:47:21.019+0530] {logging_mixin.py:188} INFO - [2025-11-11T22:47:21.019+0530] {dagbag.py:545} INFO - Filling up the DagBag from /home/logi/txtai/venv/lib/python3.10/site-packages/airflow/example_dags/example_branch_labels.py
[2025-11-11T22:47:21.033+0530] {processor.py:840} INFO - DAG(s) 'example_branch_labels' retrieved from /home/logi/txtai/venv/lib/python3.10/site-packages/airflow/example_dags/example_branch_labels.py
[2025-11-11T22:47:21.060+0530] {logging_mixin.py:188} INFO - [2025-11-11T22:47:21.060+0530] {dag.py:3089} INFO - Sync 1 DAGs
[2025-11-11T22:47:21.078+0530] {logging_mixin.py:188} INFO - [2025-11-11T22:47:21.078+0530] {dag.py:3947} INFO - Setting next_dagrun for example_branch_labels to 2025-11-10 00:00:00+00:00, run_after=2025-11-11 00:00:00+00:00
[2025-11-11T22:47:21.107+0530] {processor.py:183} INFO - Processing /home/logi/txtai/venv/lib/python3.10/site-packages/airflow/example_dags/example_branch_labels.py took 0.115 seconds
[2025-11-11T22:48:42.783+0530] {processor.py:161} INFO - Started process (PID=8534) to work on /home/logi/txtai/venv/lib/python3.10/site-packages/airflow/example_dags/example_branch_labels.py
[2025-11-11T22:48:42.796+0530] {processor.py:830} INFO - Processing file /home/logi/txtai/venv/lib/python3.10/site-packages/airflow/example_dags/example_branch_labels.py for tasks to queue
[2025-11-11T22:48:42.800+0530] {logging_mixin.py:188} INFO - [2025-11-11T22:48:42.799+0530] {dagbag.py:545} INFO - Filling up the DagBag from /home/logi/txtai/venv/lib/python3.10/site-packages/airflow/example_dags/example_branch_labels.py
[2025-11-11T22:48:42.815+0530] {processor.py:840} INFO - DAG(s) 'example_branch_labels' retrieved from /home/logi/txtai/venv/lib/python3.10/site-packages/airflow/example_dags/example_branch_labels.py
[2025-11-11T22:48:42.845+0530] {logging_mixin.py:188} INFO - [2025-11-11T22:48:42.845+0530] {dag.py:3089} INFO - Sync 1 DAGs
[2025-11-11T22:48:42.865+0530] {logging_mixin.py:188} INFO - [2025-11-11T22:48:42.865+0530] {dag.py:3947} INFO - Setting next_dagrun for example_branch_labels to 2025-11-10 00:00:00+00:00, run_after=2025-11-11 00:00:00+00:00
[2025-11-11T22:48:42.891+0530] {processor.py:183} INFO - Processing /home/logi/txtai/venv/lib/python3.10/site-packages/airflow/example_dags/example_branch_labels.py took 0.122 seconds
[2025-11-11T22:49:41.535+0530] {processor.py:161} INFO - Started process (PID=8612) to work on /home/logi/txtai/venv/lib/python3.10/site-packages/airflow/example_dags/example_branch_labels.py
[2025-11-11T22:49:41.549+0530] {processor.py:830} INFO - Processing file /home/logi/txtai/venv/lib/python3.10/site-packages/airflow/example_dags/example_branch_labels.py for tasks to queue
[2025-11-11T22:49:41.552+0530] {logging_mixin.py:188} INFO - [2025-11-11T22:49:41.551+0530] {dagbag.py:545} INFO - Filling up the DagBag from /home/logi/txtai/venv/lib/python3.10/site-packages/airflow/example_dags/example_branch_labels.py
[2025-11-11T22:49:41.566+0530] {processor.py:840} INFO - DAG(s) 'example_branch_labels' retrieved from /home/logi/txtai/venv/lib/python3.10/site-packages/airflow/example_dags/example_branch_labels.py
[2025-11-11T22:49:41.594+0530] {logging_mixin.py:188} INFO - [2025-11-11T22:49:41.594+0530] {dag.py:3089} INFO - Sync 1 DAGs
[2025-11-11T22:49:41.614+0530] {logging_mixin.py:188} INFO - [2025-11-11T22:49:41.614+0530] {dag.py:3947} INFO - Setting next_dagrun for example_branch_labels to 2025-11-10 00:00:00+00:00, run_after=2025-11-11 00:00:00+00:00
[2025-11-11T22:49:41.636+0530] {processor.py:183} INFO - Processing /home/logi/txtai/venv/lib/python3.10/site-packages/airflow/example_dags/example_branch_labels.py took 0.113 seconds
[2025-11-11T22:50:37.687+0530] {processor.py:161} INFO - Started process (PID=8695) to work on /home/logi/txtai/venv/lib/python3.10/site-packages/airflow/example_dags/example_branch_labels.py
[2025-11-11T22:50:37.701+0530] {processor.py:830} INFO - Processing file /home/logi/txtai/venv/lib/python3.10/site-packages/airflow/example_dags/example_branch_labels.py for tasks to queue
[2025-11-11T22:50:37.704+0530] {logging_mixin.py:188} INFO - [2025-11-11T22:50:37.704+0530] {dagbag.py:545} INFO - Filling up the DagBag from /home/logi/txtai/venv/lib/python3.10/site-packages/airflow/example_dags/example_branch_labels.py
[2025-11-11T22:50:37.719+0530] {processor.py:840} INFO - DAG(s) 'example_branch_labels' retrieved from /home/logi/txtai/venv/lib/python3.10/site-packages/airflow/example_dags/example_branch_labels.py
[2025-11-11T22:50:37.749+0530] {logging_mixin.py:188} INFO - [2025-11-11T22:50:37.749+0530] {dag.py:3089} INFO - Sync 1 DAGs
[2025-11-11T22:50:37.769+0530] {logging_mixin.py:188} INFO - [2025-11-11T22:50:37.769+0530] {dag.py:3947} INFO - Setting next_dagrun for example_branch_labels to 2025-11-10 00:00:00+00:00, run_after=2025-11-11 00:00:00+00:00
[2025-11-11T22:50:37.798+0530] {processor.py:183} INFO - Processing /home/logi/txtai/venv/lib/python3.10/site-packages/airflow/example_dags/example_branch_labels.py took 0.122 seconds
[2025-11-11T22:51:59.289+0530] {processor.py:161} INFO - Started process (PID=8850) to work on /home/logi/txtai/venv/lib/python3.10/site-packages/airflow/example_dags/example_branch_labels.py
[2025-11-11T22:51:59.303+0530] {processor.py:830} INFO - Processing file /home/logi/txtai/venv/lib/python3.10/site-packages/airflow/example_dags/example_branch_labels.py for tasks to queue
[2025-11-11T22:51:59.306+0530] {logging_mixin.py:188} INFO - [2025-11-11T22:51:59.306+0530] {dagbag.py:545} INFO - Filling up the DagBag from /home/logi/txtai/venv/lib/python3.10/site-packages/airflow/example_dags/example_branch_labels.py
[2025-11-11T22:51:59.320+0530] {processor.py:840} INFO - DAG(s) 'example_branch_labels' retrieved from /home/logi/txtai/venv/lib/python3.10/site-packages/airflow/example_dags/example_branch_labels.py
[2025-11-11T22:51:59.350+0530] {logging_mixin.py:188} INFO - [2025-11-11T22:51:59.349+0530] {dag.py:3089} INFO - Sync 1 DAGs
[2025-11-11T22:51:59.369+0530] {logging_mixin.py:188} INFO - [2025-11-11T22:51:59.369+0530] {dag.py:3947} INFO - Setting next_dagrun for example_branch_labels to 2025-11-10 00:00:00+00:00, run_after=2025-11-11 00:00:00+00:00
[2025-11-11T22:51:59.398+0530] {processor.py:183} INFO - Processing /home/logi/txtai/venv/lib/python3.10/site-packages/airflow/example_dags/example_branch_labels.py took 0.120 seconds
[2025-11-11T22:53:26.457+0530] {processor.py:161} INFO - Started process (PID=8997) to work on /home/logi/txtai/venv/lib/python3.10/site-packages/airflow/example_dags/example_branch_labels.py
[2025-11-11T22:53:26.471+0530] {processor.py:830} INFO - Processing file /home/logi/txtai/venv/lib/python3.10/site-packages/airflow/example_dags/example_branch_labels.py for tasks to queue
[2025-11-11T22:53:26.474+0530] {logging_mixin.py:188} INFO - [2025-11-11T22:53:26.473+0530] {dagbag.py:545} INFO - Filling up the DagBag from /home/logi/txtai/venv/lib/python3.10/site-packages/airflow/example_dags/example_branch_labels.py
[2025-11-11T22:53:26.487+0530] {processor.py:840} INFO - DAG(s) 'example_branch_labels' retrieved from /home/logi/txtai/venv/lib/python3.10/site-packages/airflow/example_dags/example_branch_labels.py
[2025-11-11T22:53:26.516+0530] {logging_mixin.py:188} INFO - [2025-11-11T22:53:26.515+0530] {dag.py:3089} INFO - Sync 1 DAGs
[2025-11-11T22:53:26.537+0530] {logging_mixin.py:188} INFO - [2025-11-11T22:53:26.537+0530] {dag.py:3947} INFO - Setting next_dagrun for example_branch_labels to 2025-11-10 00:00:00+00:00, run_after=2025-11-11 00:00:00+00:00
[2025-11-11T22:53:26.555+0530] {processor.py:183} INFO - Processing /home/logi/txtai/venv/lib/python3.10/site-packages/airflow/example_dags/example_branch_labels.py took 0.110 seconds
[2025-11-12T00:02:46.823+0530] {processor.py:161} INFO - Started process (PID=13219) to work on /home/logi/txtai/venv/lib/python3.10/site-packages/airflow/example_dags/example_branch_labels.py
[2025-11-12T00:02:46.825+0530] {processor.py:830} INFO - Processing file /home/logi/txtai/venv/lib/python3.10/site-packages/airflow/example_dags/example_branch_labels.py for tasks to queue
[2025-11-12T00:02:46.828+0530] {logging_mixin.py:188} INFO - [2025-11-12T00:02:46.827+0530] {dagbag.py:545} INFO - Filling up the DagBag from /home/logi/txtai/venv/lib/python3.10/site-packages/airflow/example_dags/example_branch_labels.py
[2025-11-12T00:02:46.837+0530] {processor.py:840} INFO - DAG(s) 'example_branch_labels' retrieved from /home/logi/txtai/venv/lib/python3.10/site-packages/airflow/example_dags/example_branch_labels.py
[2025-11-12T00:02:46.861+0530] {logging_mixin.py:188} INFO - [2025-11-12T00:02:46.860+0530] {dag.py:3089} INFO - Sync 1 DAGs
[2025-11-12T00:02:46.879+0530] {logging_mixin.py:188} INFO - [2025-11-12T00:02:46.879+0530] {dag.py:3947} INFO - Setting next_dagrun for example_branch_labels to 2025-11-10 00:00:00+00:00, run_after=2025-11-11 00:00:00+00:00
[2025-11-12T00:02:46.899+0530] {processor.py:183} INFO - Processing /home/logi/txtai/venv/lib/python3.10/site-packages/airflow/example_dags/example_branch_labels.py took 0.087 seconds
[2025-11-12T00:04:11.341+0530] {processor.py:161} INFO - Started process (PID=13962) to work on /home/logi/txtai/venv/lib/python3.10/site-packages/airflow/example_dags/example_branch_labels.py
[2025-11-12T00:04:11.354+0530] {processor.py:830} INFO - Processing file /home/logi/txtai/venv/lib/python3.10/site-packages/airflow/example_dags/example_branch_labels.py for tasks to queue
[2025-11-12T00:04:11.357+0530] {logging_mixin.py:188} INFO - [2025-11-12T00:04:11.357+0530] {dagbag.py:545} INFO - Filling up the DagBag from /home/logi/txtai/venv/lib/python3.10/site-packages/airflow/example_dags/example_branch_labels.py
[2025-11-12T00:04:11.371+0530] {processor.py:840} INFO - DAG(s) 'example_branch_labels' retrieved from /home/logi/txtai/venv/lib/python3.10/site-packages/airflow/example_dags/example_branch_labels.py
[2025-11-12T00:04:11.398+0530] {logging_mixin.py:188} INFO - [2025-11-12T00:04:11.398+0530] {dag.py:3089} INFO - Sync 1 DAGs
[2025-11-12T00:04:11.417+0530] {logging_mixin.py:188} INFO - [2025-11-12T00:04:11.416+0530] {dag.py:3947} INFO - Setting next_dagrun for example_branch_labels to 2025-11-10 00:00:00+00:00, run_after=2025-11-11 00:00:00+00:00
[2025-11-12T00:04:11.434+0530] {processor.py:183} INFO - Processing /home/logi/txtai/venv/lib/python3.10/site-packages/airflow/example_dags/example_branch_labels.py took 0.104 seconds
[2025-11-12T00:05:13.918+0530] {processor.py:161} INFO - Started process (PID=14406) to work on /home/logi/txtai/venv/lib/python3.10/site-packages/airflow/example_dags/example_branch_labels.py
[2025-11-12T00:05:13.931+0530] {processor.py:830} INFO - Processing file /home/logi/txtai/venv/lib/python3.10/site-packages/airflow/example_dags/example_branch_labels.py for tasks to queue
[2025-11-12T00:05:13.934+0530] {logging_mixin.py:188} INFO - [2025-11-12T00:05:13.933+0530] {dagbag.py:545} INFO - Filling up the DagBag from /home/logi/txtai/venv/lib/python3.10/site-packages/airflow/example_dags/example_branch_labels.py
[2025-11-12T00:05:13.948+0530] {processor.py:840} INFO - DAG(s) 'example_branch_labels' retrieved from /home/logi/txtai/venv/lib/python3.10/site-packages/airflow/example_dags/example_branch_labels.py
[2025-11-12T00:05:13.974+0530] {logging_mixin.py:188} INFO - [2025-11-12T00:05:13.974+0530] {dag.py:3089} INFO - Sync 1 DAGs
[2025-11-12T00:05:13.995+0530] {logging_mixin.py:188} INFO - [2025-11-12T00:05:13.995+0530] {dag.py:3947} INFO - Setting next_dagrun for example_branch_labels to 2025-11-10 00:00:00+00:00, run_after=2025-11-11 00:00:00+00:00
[2025-11-12T00:05:14.013+0530] {processor.py:183} INFO - Processing /home/logi/txtai/venv/lib/python3.10/site-packages/airflow/example_dags/example_branch_labels.py took 0.107 seconds
[2025-11-12T00:06:14.967+0530] {processor.py:161} INFO - Started process (PID=14760) to work on /home/logi/txtai/venv/lib/python3.10/site-packages/airflow/example_dags/example_branch_labels.py
[2025-11-12T00:06:14.980+0530] {processor.py:830} INFO - Processing file /home/logi/txtai/venv/lib/python3.10/site-packages/airflow/example_dags/example_branch_labels.py for tasks to queue
[2025-11-12T00:06:14.983+0530] {logging_mixin.py:188} INFO - [2025-11-12T00:06:14.983+0530] {dagbag.py:545} INFO - Filling up the DagBag from /home/logi/txtai/venv/lib/python3.10/site-packages/airflow/example_dags/example_branch_labels.py
[2025-11-12T00:06:14.997+0530] {processor.py:840} INFO - DAG(s) 'example_branch_labels' retrieved from /home/logi/txtai/venv/lib/python3.10/site-packages/airflow/example_dags/example_branch_labels.py
[2025-11-12T00:06:15.024+0530] {logging_mixin.py:188} INFO - [2025-11-12T00:06:15.024+0530] {dag.py:3089} INFO - Sync 1 DAGs
[2025-11-12T00:06:15.044+0530] {logging_mixin.py:188} INFO - [2025-11-12T00:06:15.044+0530] {dag.py:3947} INFO - Setting next_dagrun for example_branch_labels to 2025-11-10 00:00:00+00:00, run_after=2025-11-11 00:00:00+00:00
[2025-11-12T00:06:15.064+0530] {processor.py:183} INFO - Processing /home/logi/txtai/venv/lib/python3.10/site-packages/airflow/example_dags/example_branch_labels.py took 0.108 seconds
[2025-11-12T00:07:12.982+0530] {processor.py:161} INFO - Started process (PID=14972) to work on /home/logi/txtai/venv/lib/python3.10/site-packages/airflow/example_dags/example_branch_labels.py
[2025-11-12T00:07:12.995+0530] {processor.py:830} INFO - Processing file /home/logi/txtai/venv/lib/python3.10/site-packages/airflow/example_dags/example_branch_labels.py for tasks to queue
[2025-11-12T00:07:12.998+0530] {logging_mixin.py:188} INFO - [2025-11-12T00:07:12.997+0530] {dagbag.py:545} INFO - Filling up the DagBag from /home/logi/txtai/venv/lib/python3.10/site-packages/airflow/example_dags/example_branch_labels.py
[2025-11-12T00:07:13.011+0530] {processor.py:840} INFO - DAG(s) 'example_branch_labels' retrieved from /home/logi/txtai/venv/lib/python3.10/site-packages/airflow/example_dags/example_branch_labels.py
[2025-11-12T00:07:13.038+0530] {logging_mixin.py:188} INFO - [2025-11-12T00:07:13.037+0530] {dag.py:3089} INFO - Sync 1 DAGs
[2025-11-12T00:07:13.057+0530] {logging_mixin.py:188} INFO - [2025-11-12T00:07:13.057+0530] {dag.py:3947} INFO - Setting next_dagrun for example_branch_labels to 2025-11-10 00:00:00+00:00, run_after=2025-11-11 00:00:00+00:00
[2025-11-12T00:07:13.076+0530] {processor.py:183} INFO - Processing /home/logi/txtai/venv/lib/python3.10/site-packages/airflow/example_dags/example_branch_labels.py took 0.104 seconds
[2025-11-12T00:08:14.131+0530] {processor.py:161} INFO - Started process (PID=15217) to work on /home/logi/txtai/venv/lib/python3.10/site-packages/airflow/example_dags/example_branch_labels.py
[2025-11-12T00:08:14.145+0530] {processor.py:830} INFO - Processing file /home/logi/txtai/venv/lib/python3.10/site-packages/airflow/example_dags/example_branch_labels.py for tasks to queue
[2025-11-12T00:08:14.149+0530] {logging_mixin.py:188} INFO - [2025-11-12T00:08:14.148+0530] {dagbag.py:545} INFO - Filling up the DagBag from /home/logi/txtai/venv/lib/python3.10/site-packages/airflow/example_dags/example_branch_labels.py
[2025-11-12T00:08:14.164+0530] {processor.py:840} INFO - DAG(s) 'example_branch_labels' retrieved from /home/logi/txtai/venv/lib/python3.10/site-packages/airflow/example_dags/example_branch_labels.py
[2025-11-12T00:08:14.196+0530] {logging_mixin.py:188} INFO - [2025-11-12T00:08:14.195+0530] {dag.py:3089} INFO - Sync 1 DAGs
[2025-11-12T00:08:14.219+0530] {logging_mixin.py:188} INFO - [2025-11-12T00:08:14.218+0530] {dag.py:3947} INFO - Setting next_dagrun for example_branch_labels to 2025-11-10 00:00:00+00:00, run_after=2025-11-11 00:00:00+00:00
[2025-11-12T00:08:14.245+0530] {processor.py:183} INFO - Processing /home/logi/txtai/venv/lib/python3.10/site-packages/airflow/example_dags/example_branch_labels.py took 0.127 seconds
[2025-11-12T00:09:28.301+0530] {processor.py:161} INFO - Started process (PID=15570) to work on /home/logi/txtai/venv/lib/python3.10/site-packages/airflow/example_dags/example_branch_labels.py
[2025-11-12T00:09:28.314+0530] {processor.py:830} INFO - Processing file /home/logi/txtai/venv/lib/python3.10/site-packages/airflow/example_dags/example_branch_labels.py for tasks to queue
[2025-11-12T00:09:28.316+0530] {logging_mixin.py:188} INFO - [2025-11-12T00:09:28.316+0530] {dagbag.py:545} INFO - Filling up the DagBag from /home/logi/txtai/venv/lib/python3.10/site-packages/airflow/example_dags/example_branch_labels.py
[2025-11-12T00:09:28.323+0530] {processor.py:840} INFO - DAG(s) 'example_branch_labels' retrieved from /home/logi/txtai/venv/lib/python3.10/site-packages/airflow/example_dags/example_branch_labels.py
[2025-11-12T00:09:28.337+0530] {logging_mixin.py:188} INFO - [2025-11-12T00:09:28.337+0530] {dag.py:3089} INFO - Sync 1 DAGs
[2025-11-12T00:09:28.352+0530] {logging_mixin.py:188} INFO - [2025-11-12T00:09:28.352+0530] {dag.py:3947} INFO - Setting next_dagrun for example_branch_labels to 2025-11-10 00:00:00+00:00, run_after=2025-11-11 00:00:00+00:00
[2025-11-12T00:09:28.372+0530] {processor.py:183} INFO - Processing /home/logi/txtai/venv/lib/python3.10/site-packages/airflow/example_dags/example_branch_labels.py took 0.076 seconds
[2025-11-12T00:10:26.859+0530] {processor.py:161} INFO - Started process (PID=16010) to work on /home/logi/txtai/venv/lib/python3.10/site-packages/airflow/example_dags/example_branch_labels.py
[2025-11-12T00:10:26.874+0530] {processor.py:830} INFO - Processing file /home/logi/txtai/venv/lib/python3.10/site-packages/airflow/example_dags/example_branch_labels.py for tasks to queue
[2025-11-12T00:10:26.877+0530] {logging_mixin.py:188} INFO - [2025-11-12T00:10:26.876+0530] {dagbag.py:545} INFO - Filling up the DagBag from /home/logi/txtai/venv/lib/python3.10/site-packages/airflow/example_dags/example_branch_labels.py
[2025-11-12T00:10:26.891+0530] {processor.py:840} INFO - DAG(s) 'example_branch_labels' retrieved from /home/logi/txtai/venv/lib/python3.10/site-packages/airflow/example_dags/example_branch_labels.py
[2025-11-12T00:10:26.919+0530] {logging_mixin.py:188} INFO - [2025-11-12T00:10:26.918+0530] {dag.py:3089} INFO - Sync 1 DAGs
[2025-11-12T00:10:26.939+0530] {logging_mixin.py:188} INFO - [2025-11-12T00:10:26.939+0530] {dag.py:3947} INFO - Setting next_dagrun for example_branch_labels to 2025-11-10 00:00:00+00:00, run_after=2025-11-11 00:00:00+00:00
[2025-11-12T00:10:26.958+0530] {processor.py:183} INFO - Processing /home/logi/txtai/venv/lib/python3.10/site-packages/airflow/example_dags/example_branch_labels.py took 0.110 seconds
[2025-11-12T00:11:27.883+0530] {processor.py:161} INFO - Started process (PID=16360) to work on /home/logi/txtai/venv/lib/python3.10/site-packages/airflow/example_dags/example_branch_labels.py
[2025-11-12T00:11:27.897+0530] {processor.py:830} INFO - Processing file /home/logi/txtai/venv/lib/python3.10/site-packages/airflow/example_dags/example_branch_labels.py for tasks to queue
[2025-11-12T00:11:27.900+0530] {logging_mixin.py:188} INFO - [2025-11-12T00:11:27.899+0530] {dagbag.py:545} INFO - Filling up the DagBag from /home/logi/txtai/venv/lib/python3.10/site-packages/airflow/example_dags/example_branch_labels.py
[2025-11-12T00:11:27.914+0530] {processor.py:840} INFO - DAG(s) 'example_branch_labels' retrieved from /home/logi/txtai/venv/lib/python3.10/site-packages/airflow/example_dags/example_branch_labels.py
[2025-11-12T00:11:27.947+0530] {logging_mixin.py:188} INFO - [2025-11-12T00:11:27.947+0530] {dag.py:3089} INFO - Sync 1 DAGs
[2025-11-12T00:11:27.965+0530] {logging_mixin.py:188} INFO - [2025-11-12T00:11:27.964+0530] {dag.py:3947} INFO - Setting next_dagrun for example_branch_labels to 2025-11-10 00:00:00+00:00, run_after=2025-11-11 00:00:00+00:00
[2025-11-12T00:11:27.984+0530] {processor.py:183} INFO - Processing /home/logi/txtai/venv/lib/python3.10/site-packages/airflow/example_dags/example_branch_labels.py took 0.113 seconds
[2025-11-12T00:12:33.392+0530] {processor.py:161} INFO - Started process (PID=16567) to work on /home/logi/txtai/venv/lib/python3.10/site-packages/airflow/example_dags/example_branch_labels.py
[2025-11-12T00:12:33.405+0530] {processor.py:830} INFO - Processing file /home/logi/txtai/venv/lib/python3.10/site-packages/airflow/example_dags/example_branch_labels.py for tasks to queue
[2025-11-12T00:12:33.409+0530] {logging_mixin.py:188} INFO - [2025-11-12T00:12:33.408+0530] {dagbag.py:545} INFO - Filling up the DagBag from /home/logi/txtai/venv/lib/python3.10/site-packages/airflow/example_dags/example_branch_labels.py
[2025-11-12T00:12:33.422+0530] {processor.py:840} INFO - DAG(s) 'example_branch_labels' retrieved from /home/logi/txtai/venv/lib/python3.10/site-packages/airflow/example_dags/example_branch_labels.py
[2025-11-12T00:12:33.450+0530] {logging_mixin.py:188} INFO - [2025-11-12T00:12:33.449+0530] {dag.py:3089} INFO - Sync 1 DAGs
[2025-11-12T00:12:33.470+0530] {logging_mixin.py:188} INFO - [2025-11-12T00:12:33.469+0530] {dag.py:3947} INFO - Setting next_dagrun for example_branch_labels to 2025-11-10 00:00:00+00:00, run_after=2025-11-11 00:00:00+00:00
[2025-11-12T00:12:33.490+0530] {processor.py:183} INFO - Processing /home/logi/txtai/venv/lib/python3.10/site-packages/airflow/example_dags/example_branch_labels.py took 0.110 seconds
[2025-11-12T00:13:54.651+0530] {processor.py:161} INFO - Started process (PID=16961) to work on /home/logi/txtai/venv/lib/python3.10/site-packages/airflow/example_dags/example_branch_labels.py
[2025-11-12T00:13:54.664+0530] {processor.py:830} INFO - Processing file /home/logi/txtai/venv/lib/python3.10/site-packages/airflow/example_dags/example_branch_labels.py for tasks to queue
[2025-11-12T00:13:54.667+0530] {logging_mixin.py:188} INFO - [2025-11-12T00:13:54.666+0530] {dagbag.py:545} INFO - Filling up the DagBag from /home/logi/txtai/venv/lib/python3.10/site-packages/airflow/example_dags/example_branch_labels.py
[2025-11-12T00:13:54.681+0530] {processor.py:840} INFO - DAG(s) 'example_branch_labels' retrieved from /home/logi/txtai/venv/lib/python3.10/site-packages/airflow/example_dags/example_branch_labels.py
[2025-11-12T00:13:54.712+0530] {logging_mixin.py:188} INFO - [2025-11-12T00:13:54.712+0530] {dag.py:3089} INFO - Sync 1 DAGs
[2025-11-12T00:13:54.731+0530] {logging_mixin.py:188} INFO - [2025-11-12T00:13:54.731+0530] {dag.py:3947} INFO - Setting next_dagrun for example_branch_labels to 2025-11-10 00:00:00+00:00, run_after=2025-11-11 00:00:00+00:00
[2025-11-12T00:13:54.752+0530] {processor.py:183} INFO - Processing /home/logi/txtai/venv/lib/python3.10/site-packages/airflow/example_dags/example_branch_labels.py took 0.108 seconds
[2025-11-12T00:15:06.736+0530] {processor.py:161} INFO - Started process (PID=17389) to work on /home/logi/txtai/venv/lib/python3.10/site-packages/airflow/example_dags/example_branch_labels.py
[2025-11-12T00:15:06.750+0530] {processor.py:830} INFO - Processing file /home/logi/txtai/venv/lib/python3.10/site-packages/airflow/example_dags/example_branch_labels.py for tasks to queue
[2025-11-12T00:15:06.753+0530] {logging_mixin.py:188} INFO - [2025-11-12T00:15:06.752+0530] {dagbag.py:545} INFO - Filling up the DagBag from /home/logi/txtai/venv/lib/python3.10/site-packages/airflow/example_dags/example_branch_labels.py
[2025-11-12T00:15:06.768+0530] {processor.py:840} INFO - DAG(s) 'example_branch_labels' retrieved from /home/logi/txtai/venv/lib/python3.10/site-packages/airflow/example_dags/example_branch_labels.py
[2025-11-12T00:15:06.801+0530] {logging_mixin.py:188} INFO - [2025-11-12T00:15:06.800+0530] {dag.py:3089} INFO - Sync 1 DAGs
[2025-11-12T00:15:06.822+0530] {logging_mixin.py:188} INFO - [2025-11-12T00:15:06.822+0530] {dag.py:3947} INFO - Setting next_dagrun for example_branch_labels to 2025-11-10 00:00:00+00:00, run_after=2025-11-11 00:00:00+00:00
[2025-11-12T00:15:06.847+0530] {processor.py:183} INFO - Processing /home/logi/txtai/venv/lib/python3.10/site-packages/airflow/example_dags/example_branch_labels.py took 0.123 seconds
[2025-11-12T00:16:09.283+0530] {processor.py:161} INFO - Started process (PID=17654) to work on /home/logi/txtai/venv/lib/python3.10/site-packages/airflow/example_dags/example_branch_labels.py
[2025-11-12T00:16:09.296+0530] {processor.py:830} INFO - Processing file /home/logi/txtai/venv/lib/python3.10/site-packages/airflow/example_dags/example_branch_labels.py for tasks to queue
[2025-11-12T00:16:09.300+0530] {logging_mixin.py:188} INFO - [2025-11-12T00:16:09.299+0530] {dagbag.py:545} INFO - Filling up the DagBag from /home/logi/txtai/venv/lib/python3.10/site-packages/airflow/example_dags/example_branch_labels.py
[2025-11-12T00:16:09.319+0530] {processor.py:840} INFO - DAG(s) 'example_branch_labels' retrieved from /home/logi/txtai/venv/lib/python3.10/site-packages/airflow/example_dags/example_branch_labels.py
[2025-11-12T00:16:09.336+0530] {logging_mixin.py:188} INFO - [2025-11-12T00:16:09.336+0530] {dag.py:3089} INFO - Sync 1 DAGs
[2025-11-12T00:16:09.353+0530] {logging_mixin.py:188} INFO - [2025-11-12T00:16:09.352+0530] {dag.py:3947} INFO - Setting next_dagrun for example_branch_labels to 2025-11-10 00:00:00+00:00, run_after=2025-11-11 00:00:00+00:00
[2025-11-12T00:16:09.372+0530] {processor.py:183} INFO - Processing /home/logi/txtai/venv/lib/python3.10/site-packages/airflow/example_dags/example_branch_labels.py took 0.100 seconds
[2025-11-12T00:17:08.823+0530] {processor.py:161} INFO - Started process (PID=17956) to work on /home/logi/txtai/venv/lib/python3.10/site-packages/airflow/example_dags/example_branch_labels.py
[2025-11-12T00:17:08.828+0530] {processor.py:830} INFO - Processing file /home/logi/txtai/venv/lib/python3.10/site-packages/airflow/example_dags/example_branch_labels.py for tasks to queue
[2025-11-12T00:17:08.833+0530] {logging_mixin.py:188} INFO - [2025-11-12T00:17:08.831+0530] {dagbag.py:545} INFO - Filling up the DagBag from /home/logi/txtai/venv/lib/python3.10/site-packages/airflow/example_dags/example_branch_labels.py
[2025-11-12T00:17:08.850+0530] {processor.py:840} INFO - DAG(s) 'example_branch_labels' retrieved from /home/logi/txtai/venv/lib/python3.10/site-packages/airflow/example_dags/example_branch_labels.py
[2025-11-12T00:17:08.877+0530] {logging_mixin.py:188} INFO - [2025-11-12T00:17:08.877+0530] {dag.py:3089} INFO - Sync 1 DAGs
[2025-11-12T00:17:08.897+0530] {logging_mixin.py:188} INFO - [2025-11-12T00:17:08.896+0530] {dag.py:3947} INFO - Setting next_dagrun for example_branch_labels to 2025-11-10 00:00:00+00:00, run_after=2025-11-11 00:00:00+00:00
[2025-11-12T00:17:08.919+0530] {processor.py:183} INFO - Processing /home/logi/txtai/venv/lib/python3.10/site-packages/airflow/example_dags/example_branch_labels.py took 0.115 seconds
[2025-11-12T00:18:07.074+0530] {processor.py:161} INFO - Started process (PID=18401) to work on /home/logi/txtai/venv/lib/python3.10/site-packages/airflow/example_dags/example_branch_labels.py
[2025-11-12T00:18:07.087+0530] {processor.py:830} INFO - Processing file /home/logi/txtai/venv/lib/python3.10/site-packages/airflow/example_dags/example_branch_labels.py for tasks to queue
[2025-11-12T00:18:07.091+0530] {logging_mixin.py:188} INFO - [2025-11-12T00:18:07.090+0530] {dagbag.py:545} INFO - Filling up the DagBag from /home/logi/txtai/venv/lib/python3.10/site-packages/airflow/example_dags/example_branch_labels.py
[2025-11-12T00:18:07.106+0530] {processor.py:840} INFO - DAG(s) 'example_branch_labels' retrieved from /home/logi/txtai/venv/lib/python3.10/site-packages/airflow/example_dags/example_branch_labels.py
[2025-11-12T00:18:07.135+0530] {logging_mixin.py:188} INFO - [2025-11-12T00:18:07.134+0530] {dag.py:3089} INFO - Sync 1 DAGs
[2025-11-12T00:18:07.156+0530] {logging_mixin.py:188} INFO - [2025-11-12T00:18:07.156+0530] {dag.py:3947} INFO - Setting next_dagrun for example_branch_labels to 2025-11-10 00:00:00+00:00, run_after=2025-11-11 00:00:00+00:00
[2025-11-12T00:18:07.182+0530] {processor.py:183} INFO - Processing /home/logi/txtai/venv/lib/python3.10/site-packages/airflow/example_dags/example_branch_labels.py took 0.120 seconds
[2025-11-12T00:19:16.378+0530] {processor.py:161} INFO - Started process (PID=18931) to work on /home/logi/txtai/venv/lib/python3.10/site-packages/airflow/example_dags/example_branch_labels.py
[2025-11-12T00:19:16.392+0530] {processor.py:830} INFO - Processing file /home/logi/txtai/venv/lib/python3.10/site-packages/airflow/example_dags/example_branch_labels.py for tasks to queue
[2025-11-12T00:19:16.395+0530] {logging_mixin.py:188} INFO - [2025-11-12T00:19:16.394+0530] {dagbag.py:545} INFO - Filling up the DagBag from /home/logi/txtai/venv/lib/python3.10/site-packages/airflow/example_dags/example_branch_labels.py
[2025-11-12T00:19:16.410+0530] {processor.py:840} INFO - DAG(s) 'example_branch_labels' retrieved from /home/logi/txtai/venv/lib/python3.10/site-packages/airflow/example_dags/example_branch_labels.py
[2025-11-12T00:19:16.439+0530] {logging_mixin.py:188} INFO - [2025-11-12T00:19:16.438+0530] {dag.py:3089} INFO - Sync 1 DAGs
[2025-11-12T00:19:16.457+0530] {logging_mixin.py:188} INFO - [2025-11-12T00:19:16.457+0530] {dag.py:3947} INFO - Setting next_dagrun for example_branch_labels to 2025-11-10 00:00:00+00:00, run_after=2025-11-11 00:00:00+00:00
[2025-11-12T00:19:16.477+0530] {processor.py:183} INFO - Processing /home/logi/txtai/venv/lib/python3.10/site-packages/airflow/example_dags/example_branch_labels.py took 0.110 seconds
[2025-11-12T00:20:22.793+0530] {processor.py:161} INFO - Started process (PID=19222) to work on /home/logi/txtai/venv/lib/python3.10/site-packages/airflow/example_dags/example_branch_labels.py
[2025-11-12T00:20:22.806+0530] {processor.py:830} INFO - Processing file /home/logi/txtai/venv/lib/python3.10/site-packages/airflow/example_dags/example_branch_labels.py for tasks to queue
[2025-11-12T00:20:22.810+0530] {logging_mixin.py:188} INFO - [2025-11-12T00:20:22.809+0530] {dagbag.py:545} INFO - Filling up the DagBag from /home/logi/txtai/venv/lib/python3.10/site-packages/airflow/example_dags/example_branch_labels.py
[2025-11-12T00:20:22.824+0530] {processor.py:840} INFO - DAG(s) 'example_branch_labels' retrieved from /home/logi/txtai/venv/lib/python3.10/site-packages/airflow/example_dags/example_branch_labels.py
[2025-11-12T00:20:22.850+0530] {logging_mixin.py:188} INFO - [2025-11-12T00:20:22.850+0530] {dag.py:3089} INFO - Sync 1 DAGs
[2025-11-12T00:20:22.867+0530] {logging_mixin.py:188} INFO - [2025-11-12T00:20:22.867+0530] {dag.py:3947} INFO - Setting next_dagrun for example_branch_labels to 2025-11-10 00:00:00+00:00, run_after=2025-11-11 00:00:00+00:00
[2025-11-12T00:20:22.889+0530] {processor.py:183} INFO - Processing /home/logi/txtai/venv/lib/python3.10/site-packages/airflow/example_dags/example_branch_labels.py took 0.103 seconds
[2025-11-12T00:21:23.812+0530] {processor.py:161} INFO - Started process (PID=19306) to work on /home/logi/txtai/venv/lib/python3.10/site-packages/airflow/example_dags/example_branch_labels.py
[2025-11-12T00:21:23.814+0530] {processor.py:830} INFO - Processing file /home/logi/txtai/venv/lib/python3.10/site-packages/airflow/example_dags/example_branch_labels.py for tasks to queue
[2025-11-12T00:21:23.817+0530] {logging_mixin.py:188} INFO - [2025-11-12T00:21:23.817+0530] {dagbag.py:545} INFO - Filling up the DagBag from /home/logi/txtai/venv/lib/python3.10/site-packages/airflow/example_dags/example_branch_labels.py
[2025-11-12T00:21:23.832+0530] {processor.py:840} INFO - DAG(s) 'example_branch_labels' retrieved from /home/logi/txtai/venv/lib/python3.10/site-packages/airflow/example_dags/example_branch_labels.py
[2025-11-12T00:21:23.858+0530] {logging_mixin.py:188} INFO - [2025-11-12T00:21:23.858+0530] {dag.py:3089} INFO - Sync 1 DAGs
[2025-11-12T00:21:23.876+0530] {logging_mixin.py:188} INFO - [2025-11-12T00:21:23.875+0530] {dag.py:3947} INFO - Setting next_dagrun for example_branch_labels to 2025-11-10 00:00:00+00:00, run_after=2025-11-11 00:00:00+00:00
[2025-11-12T00:21:23.897+0530] {processor.py:183} INFO - Processing /home/logi/txtai/venv/lib/python3.10/site-packages/airflow/example_dags/example_branch_labels.py took 0.097 seconds
