[2025-11-11T18:15:54.706+0530] {processor.py:161} INFO - Started process (PID=8462) to work on /home/logi/txtai/venv/lib/python3.10/site-packages/airflow/example_dags/tutorial_taskflow_api.py
[2025-11-11T18:15:54.707+0530] {processor.py:830} INFO - Processing file /home/logi/txtai/venv/lib/python3.10/site-packages/airflow/example_dags/tutorial_taskflow_api.py for tasks to queue
[2025-11-11T18:15:54.710+0530] {logging_mixin.py:188} INFO - [2025-11-11T18:15:54.710+0530] {dagbag.py:545} INFO - Filling up the DagBag from /home/logi/txtai/venv/lib/python3.10/site-packages/airflow/example_dags/tutorial_taskflow_api.py
[2025-11-11T18:15:54.723+0530] {processor.py:840} INFO - DAG(s) 'tutorial_taskflow_api' retrieved from /home/logi/txtai/venv/lib/python3.10/site-packages/airflow/example_dags/tutorial_taskflow_api.py
[2025-11-11T18:15:54.825+0530] {logging_mixin.py:188} INFO - [2025-11-11T18:15:54.824+0530] {override.py:1858} INFO - Created Permission View: can read on DAG:tutorial_taskflow_api
[2025-11-11T18:15:54.841+0530] {logging_mixin.py:188} INFO - [2025-11-11T18:15:54.840+0530] {override.py:1858} INFO - Created Permission View: can edit on DAG:tutorial_taskflow_api
[2025-11-11T18:15:54.852+0530] {logging_mixin.py:188} INFO - [2025-11-11T18:15:54.851+0530] {override.py:1858} INFO - Created Permission View: can delete on DAG:tutorial_taskflow_api
[2025-11-11T18:15:54.853+0530] {logging_mixin.py:188} INFO - [2025-11-11T18:15:54.852+0530] {dag.py:3089} INFO - Sync 1 DAGs
[2025-11-11T18:15:54.870+0530] {logging_mixin.py:188} INFO - [2025-11-11T18:15:54.870+0530] {dag.py:3111} INFO - Creating ORM DAG for tutorial_taskflow_api
[2025-11-11T18:15:54.871+0530] {logging_mixin.py:188} INFO - [2025-11-11T18:15:54.871+0530] {dag.py:3947} INFO - Setting next_dagrun for tutorial_taskflow_api to None, run_after=None
[2025-11-11T18:15:54.920+0530] {processor.py:183} INFO - Processing /home/logi/txtai/venv/lib/python3.10/site-packages/airflow/example_dags/tutorial_taskflow_api.py took 0.225 seconds
[2025-11-11T18:16:58.563+0530] {processor.py:161} INFO - Started process (PID=8842) to work on /home/logi/txtai/venv/lib/python3.10/site-packages/airflow/example_dags/tutorial_taskflow_api.py
[2025-11-11T18:16:58.565+0530] {processor.py:830} INFO - Processing file /home/logi/txtai/venv/lib/python3.10/site-packages/airflow/example_dags/tutorial_taskflow_api.py for tasks to queue
[2025-11-11T18:16:58.568+0530] {logging_mixin.py:188} INFO - [2025-11-11T18:16:58.568+0530] {dagbag.py:545} INFO - Filling up the DagBag from /home/logi/txtai/venv/lib/python3.10/site-packages/airflow/example_dags/tutorial_taskflow_api.py
[2025-11-11T18:16:58.581+0530] {processor.py:840} INFO - DAG(s) 'tutorial_taskflow_api' retrieved from /home/logi/txtai/venv/lib/python3.10/site-packages/airflow/example_dags/tutorial_taskflow_api.py
[2025-11-11T18:16:58.608+0530] {logging_mixin.py:188} INFO - [2025-11-11T18:16:58.608+0530] {dag.py:3089} INFO - Sync 1 DAGs
[2025-11-11T18:16:58.620+0530] {logging_mixin.py:188} INFO - [2025-11-11T18:16:58.620+0530] {dag.py:3947} INFO - Setting next_dagrun for tutorial_taskflow_api to None, run_after=None
[2025-11-11T18:16:58.640+0530] {processor.py:183} INFO - Processing /home/logi/txtai/venv/lib/python3.10/site-packages/airflow/example_dags/tutorial_taskflow_api.py took 0.089 seconds
[2025-11-11T18:17:52.026+0530] {processor.py:161} INFO - Started process (PID=9003) to work on /home/logi/txtai/venv/lib/python3.10/site-packages/airflow/example_dags/tutorial_taskflow_api.py
[2025-11-11T18:17:52.040+0530] {processor.py:830} INFO - Processing file /home/logi/txtai/venv/lib/python3.10/site-packages/airflow/example_dags/tutorial_taskflow_api.py for tasks to queue
[2025-11-11T18:17:52.043+0530] {logging_mixin.py:188} INFO - [2025-11-11T18:17:52.042+0530] {dagbag.py:545} INFO - Filling up the DagBag from /home/logi/txtai/venv/lib/python3.10/site-packages/airflow/example_dags/tutorial_taskflow_api.py
[2025-11-11T18:17:52.054+0530] {processor.py:840} INFO - DAG(s) 'tutorial_taskflow_api' retrieved from /home/logi/txtai/venv/lib/python3.10/site-packages/airflow/example_dags/tutorial_taskflow_api.py
[2025-11-11T18:17:52.081+0530] {logging_mixin.py:188} INFO - [2025-11-11T18:17:52.081+0530] {dag.py:3089} INFO - Sync 1 DAGs
[2025-11-11T18:17:52.095+0530] {logging_mixin.py:188} INFO - [2025-11-11T18:17:52.095+0530] {dag.py:3947} INFO - Setting next_dagrun for tutorial_taskflow_api to None, run_after=None
[2025-11-11T18:17:52.122+0530] {processor.py:183} INFO - Processing /home/logi/txtai/venv/lib/python3.10/site-packages/airflow/example_dags/tutorial_taskflow_api.py took 0.106 seconds
[2025-11-11T18:18:41.642+0530] {processor.py:161} INFO - Started process (PID=9197) to work on /home/logi/txtai/venv/lib/python3.10/site-packages/airflow/example_dags/tutorial_taskflow_api.py
[2025-11-11T18:18:41.654+0530] {processor.py:830} INFO - Processing file /home/logi/txtai/venv/lib/python3.10/site-packages/airflow/example_dags/tutorial_taskflow_api.py for tasks to queue
[2025-11-11T18:18:41.657+0530] {logging_mixin.py:188} INFO - [2025-11-11T18:18:41.657+0530] {dagbag.py:545} INFO - Filling up the DagBag from /home/logi/txtai/venv/lib/python3.10/site-packages/airflow/example_dags/tutorial_taskflow_api.py
[2025-11-11T18:18:41.669+0530] {processor.py:840} INFO - DAG(s) 'tutorial_taskflow_api' retrieved from /home/logi/txtai/venv/lib/python3.10/site-packages/airflow/example_dags/tutorial_taskflow_api.py
[2025-11-11T18:18:41.690+0530] {logging_mixin.py:188} INFO - [2025-11-11T18:18:41.690+0530] {dag.py:3089} INFO - Sync 1 DAGs
[2025-11-11T18:18:41.702+0530] {logging_mixin.py:188} INFO - [2025-11-11T18:18:41.702+0530] {dag.py:3947} INFO - Setting next_dagrun for tutorial_taskflow_api to None, run_after=None
[2025-11-11T18:18:41.728+0530] {processor.py:183} INFO - Processing /home/logi/txtai/venv/lib/python3.10/site-packages/airflow/example_dags/tutorial_taskflow_api.py took 0.093 seconds
[2025-11-11T18:19:28.100+0530] {processor.py:161} INFO - Started process (PID=9508) to work on /home/logi/txtai/venv/lib/python3.10/site-packages/airflow/example_dags/tutorial_taskflow_api.py
[2025-11-11T18:19:28.103+0530] {processor.py:830} INFO - Processing file /home/logi/txtai/venv/lib/python3.10/site-packages/airflow/example_dags/tutorial_taskflow_api.py for tasks to queue
[2025-11-11T18:19:28.112+0530] {logging_mixin.py:188} INFO - [2025-11-11T18:19:28.111+0530] {dagbag.py:545} INFO - Filling up the DagBag from /home/logi/txtai/venv/lib/python3.10/site-packages/airflow/example_dags/tutorial_taskflow_api.py
[2025-11-11T18:19:28.139+0530] {processor.py:840} INFO - DAG(s) 'tutorial_taskflow_api' retrieved from /home/logi/txtai/venv/lib/python3.10/site-packages/airflow/example_dags/tutorial_taskflow_api.py
[2025-11-11T18:19:28.198+0530] {logging_mixin.py:188} INFO - [2025-11-11T18:19:28.198+0530] {dag.py:3089} INFO - Sync 1 DAGs
[2025-11-11T18:19:28.210+0530] {logging_mixin.py:188} INFO - [2025-11-11T18:19:28.210+0530] {dag.py:3947} INFO - Setting next_dagrun for tutorial_taskflow_api to None, run_after=None
[2025-11-11T18:19:28.245+0530] {processor.py:183} INFO - Processing /home/logi/txtai/venv/lib/python3.10/site-packages/airflow/example_dags/tutorial_taskflow_api.py took 0.155 seconds
[2025-11-11T18:25:41.400+0530] {processor.py:161} INFO - Started process (PID=10433) to work on /home/logi/txtai/venv/lib/python3.10/site-packages/airflow/example_dags/tutorial_taskflow_api.py
[2025-11-11T18:25:41.415+0530] {processor.py:830} INFO - Processing file /home/logi/txtai/venv/lib/python3.10/site-packages/airflow/example_dags/tutorial_taskflow_api.py for tasks to queue
[2025-11-11T18:25:41.419+0530] {logging_mixin.py:188} INFO - [2025-11-11T18:25:41.418+0530] {dagbag.py:545} INFO - Filling up the DagBag from /home/logi/txtai/venv/lib/python3.10/site-packages/airflow/example_dags/tutorial_taskflow_api.py
[2025-11-11T18:25:41.438+0530] {processor.py:840} INFO - DAG(s) 'tutorial_taskflow_api' retrieved from /home/logi/txtai/venv/lib/python3.10/site-packages/airflow/example_dags/tutorial_taskflow_api.py
[2025-11-11T18:25:41.541+0530] {logging_mixin.py:188} INFO - [2025-11-11T18:25:41.541+0530] {dag.py:3089} INFO - Sync 1 DAGs
[2025-11-11T18:25:41.550+0530] {logging_mixin.py:188} INFO - [2025-11-11T18:25:41.550+0530] {dag.py:3947} INFO - Setting next_dagrun for tutorial_taskflow_api to None, run_after=None
[2025-11-11T18:25:41.573+0530] {processor.py:183} INFO - Processing /home/logi/txtai/venv/lib/python3.10/site-packages/airflow/example_dags/tutorial_taskflow_api.py took 0.186 seconds
[2025-11-11T18:26:39.795+0530] {processor.py:161} INFO - Started process (PID=10575) to work on /home/logi/txtai/venv/lib/python3.10/site-packages/airflow/example_dags/tutorial_taskflow_api.py
[2025-11-11T18:26:39.808+0530] {processor.py:830} INFO - Processing file /home/logi/txtai/venv/lib/python3.10/site-packages/airflow/example_dags/tutorial_taskflow_api.py for tasks to queue
[2025-11-11T18:26:39.811+0530] {logging_mixin.py:188} INFO - [2025-11-11T18:26:39.811+0530] {dagbag.py:545} INFO - Filling up the DagBag from /home/logi/txtai/venv/lib/python3.10/site-packages/airflow/example_dags/tutorial_taskflow_api.py
[2025-11-11T18:26:39.822+0530] {processor.py:840} INFO - DAG(s) 'tutorial_taskflow_api' retrieved from /home/logi/txtai/venv/lib/python3.10/site-packages/airflow/example_dags/tutorial_taskflow_api.py
[2025-11-11T18:26:39.848+0530] {logging_mixin.py:188} INFO - [2025-11-11T18:26:39.848+0530] {dag.py:3089} INFO - Sync 1 DAGs
[2025-11-11T18:26:39.862+0530] {logging_mixin.py:188} INFO - [2025-11-11T18:26:39.861+0530] {dag.py:3947} INFO - Setting next_dagrun for tutorial_taskflow_api to None, run_after=None
[2025-11-11T18:26:39.888+0530] {processor.py:183} INFO - Processing /home/logi/txtai/venv/lib/python3.10/site-packages/airflow/example_dags/tutorial_taskflow_api.py took 0.105 seconds
[2025-11-11T18:27:30.891+0530] {processor.py:161} INFO - Started process (PID=10642) to work on /home/logi/txtai/venv/lib/python3.10/site-packages/airflow/example_dags/tutorial_taskflow_api.py
[2025-11-11T18:27:30.905+0530] {processor.py:830} INFO - Processing file /home/logi/txtai/venv/lib/python3.10/site-packages/airflow/example_dags/tutorial_taskflow_api.py for tasks to queue
[2025-11-11T18:27:30.908+0530] {logging_mixin.py:188} INFO - [2025-11-11T18:27:30.908+0530] {dagbag.py:545} INFO - Filling up the DagBag from /home/logi/txtai/venv/lib/python3.10/site-packages/airflow/example_dags/tutorial_taskflow_api.py
[2025-11-11T18:27:30.920+0530] {processor.py:840} INFO - DAG(s) 'tutorial_taskflow_api' retrieved from /home/logi/txtai/venv/lib/python3.10/site-packages/airflow/example_dags/tutorial_taskflow_api.py
[2025-11-11T18:27:30.947+0530] {logging_mixin.py:188} INFO - [2025-11-11T18:27:30.947+0530] {dag.py:3089} INFO - Sync 1 DAGs
[2025-11-11T18:27:30.962+0530] {logging_mixin.py:188} INFO - [2025-11-11T18:27:30.961+0530] {dag.py:3947} INFO - Setting next_dagrun for tutorial_taskflow_api to None, run_after=None
[2025-11-11T18:27:30.988+0530] {processor.py:183} INFO - Processing /home/logi/txtai/venv/lib/python3.10/site-packages/airflow/example_dags/tutorial_taskflow_api.py took 0.108 seconds
[2025-11-11T18:28:21.805+0530] {processor.py:161} INFO - Started process (PID=10702) to work on /home/logi/txtai/venv/lib/python3.10/site-packages/airflow/example_dags/tutorial_taskflow_api.py
[2025-11-11T18:28:21.819+0530] {processor.py:830} INFO - Processing file /home/logi/txtai/venv/lib/python3.10/site-packages/airflow/example_dags/tutorial_taskflow_api.py for tasks to queue
[2025-11-11T18:28:21.822+0530] {logging_mixin.py:188} INFO - [2025-11-11T18:28:21.821+0530] {dagbag.py:545} INFO - Filling up the DagBag from /home/logi/txtai/venv/lib/python3.10/site-packages/airflow/example_dags/tutorial_taskflow_api.py
[2025-11-11T18:28:21.834+0530] {processor.py:840} INFO - DAG(s) 'tutorial_taskflow_api' retrieved from /home/logi/txtai/venv/lib/python3.10/site-packages/airflow/example_dags/tutorial_taskflow_api.py
[2025-11-11T18:28:21.861+0530] {logging_mixin.py:188} INFO - [2025-11-11T18:28:21.860+0530] {dag.py:3089} INFO - Sync 1 DAGs
[2025-11-11T18:28:21.873+0530] {logging_mixin.py:188} INFO - [2025-11-11T18:28:21.873+0530] {dag.py:3947} INFO - Setting next_dagrun for tutorial_taskflow_api to None, run_after=None
[2025-11-11T18:28:21.893+0530] {processor.py:183} INFO - Processing /home/logi/txtai/venv/lib/python3.10/site-packages/airflow/example_dags/tutorial_taskflow_api.py took 0.100 seconds
[2025-11-11T18:29:12.111+0530] {processor.py:161} INFO - Started process (PID=10796) to work on /home/logi/txtai/venv/lib/python3.10/site-packages/airflow/example_dags/tutorial_taskflow_api.py
[2025-11-11T18:29:12.125+0530] {processor.py:830} INFO - Processing file /home/logi/txtai/venv/lib/python3.10/site-packages/airflow/example_dags/tutorial_taskflow_api.py for tasks to queue
[2025-11-11T18:29:12.128+0530] {logging_mixin.py:188} INFO - [2025-11-11T18:29:12.127+0530] {dagbag.py:545} INFO - Filling up the DagBag from /home/logi/txtai/venv/lib/python3.10/site-packages/airflow/example_dags/tutorial_taskflow_api.py
[2025-11-11T18:29:12.139+0530] {processor.py:840} INFO - DAG(s) 'tutorial_taskflow_api' retrieved from /home/logi/txtai/venv/lib/python3.10/site-packages/airflow/example_dags/tutorial_taskflow_api.py
[2025-11-11T18:29:12.166+0530] {logging_mixin.py:188} INFO - [2025-11-11T18:29:12.166+0530] {dag.py:3089} INFO - Sync 1 DAGs
[2025-11-11T18:29:12.181+0530] {logging_mixin.py:188} INFO - [2025-11-11T18:29:12.181+0530] {dag.py:3947} INFO - Setting next_dagrun for tutorial_taskflow_api to None, run_after=None
[2025-11-11T18:29:12.208+0530] {processor.py:183} INFO - Processing /home/logi/txtai/venv/lib/python3.10/site-packages/airflow/example_dags/tutorial_taskflow_api.py took 0.108 seconds
[2025-11-11T18:30:04.379+0530] {processor.py:161} INFO - Started process (PID=10861) to work on /home/logi/txtai/venv/lib/python3.10/site-packages/airflow/example_dags/tutorial_taskflow_api.py
[2025-11-11T18:30:04.393+0530] {processor.py:830} INFO - Processing file /home/logi/txtai/venv/lib/python3.10/site-packages/airflow/example_dags/tutorial_taskflow_api.py for tasks to queue
[2025-11-11T18:30:04.396+0530] {logging_mixin.py:188} INFO - [2025-11-11T18:30:04.395+0530] {dagbag.py:545} INFO - Filling up the DagBag from /home/logi/txtai/venv/lib/python3.10/site-packages/airflow/example_dags/tutorial_taskflow_api.py
[2025-11-11T18:30:04.407+0530] {processor.py:840} INFO - DAG(s) 'tutorial_taskflow_api' retrieved from /home/logi/txtai/venv/lib/python3.10/site-packages/airflow/example_dags/tutorial_taskflow_api.py
[2025-11-11T18:30:04.434+0530] {logging_mixin.py:188} INFO - [2025-11-11T18:30:04.434+0530] {dag.py:3089} INFO - Sync 1 DAGs
[2025-11-11T18:30:04.449+0530] {logging_mixin.py:188} INFO - [2025-11-11T18:30:04.449+0530] {dag.py:3947} INFO - Setting next_dagrun for tutorial_taskflow_api to None, run_after=None
[2025-11-11T18:30:04.478+0530] {processor.py:183} INFO - Processing /home/logi/txtai/venv/lib/python3.10/site-packages/airflow/example_dags/tutorial_taskflow_api.py took 0.111 seconds
[2025-11-11T18:30:55.491+0530] {processor.py:161} INFO - Started process (PID=10951) to work on /home/logi/txtai/venv/lib/python3.10/site-packages/airflow/example_dags/tutorial_taskflow_api.py
[2025-11-11T18:30:55.504+0530] {processor.py:830} INFO - Processing file /home/logi/txtai/venv/lib/python3.10/site-packages/airflow/example_dags/tutorial_taskflow_api.py for tasks to queue
[2025-11-11T18:30:55.507+0530] {logging_mixin.py:188} INFO - [2025-11-11T18:30:55.507+0530] {dagbag.py:545} INFO - Filling up the DagBag from /home/logi/txtai/venv/lib/python3.10/site-packages/airflow/example_dags/tutorial_taskflow_api.py
[2025-11-11T18:30:55.519+0530] {processor.py:840} INFO - DAG(s) 'tutorial_taskflow_api' retrieved from /home/logi/txtai/venv/lib/python3.10/site-packages/airflow/example_dags/tutorial_taskflow_api.py
[2025-11-11T18:30:55.544+0530] {logging_mixin.py:188} INFO - [2025-11-11T18:30:55.543+0530] {dag.py:3089} INFO - Sync 1 DAGs
[2025-11-11T18:30:55.560+0530] {logging_mixin.py:188} INFO - [2025-11-11T18:30:55.560+0530] {dag.py:3947} INFO - Setting next_dagrun for tutorial_taskflow_api to None, run_after=None
[2025-11-11T18:30:55.588+0530] {processor.py:183} INFO - Processing /home/logi/txtai/venv/lib/python3.10/site-packages/airflow/example_dags/tutorial_taskflow_api.py took 0.108 seconds
[2025-11-11T18:31:43.867+0530] {processor.py:161} INFO - Started process (PID=11009) to work on /home/logi/txtai/venv/lib/python3.10/site-packages/airflow/example_dags/tutorial_taskflow_api.py
[2025-11-11T18:31:43.881+0530] {processor.py:830} INFO - Processing file /home/logi/txtai/venv/lib/python3.10/site-packages/airflow/example_dags/tutorial_taskflow_api.py for tasks to queue
[2025-11-11T18:31:43.884+0530] {logging_mixin.py:188} INFO - [2025-11-11T18:31:43.883+0530] {dagbag.py:545} INFO - Filling up the DagBag from /home/logi/txtai/venv/lib/python3.10/site-packages/airflow/example_dags/tutorial_taskflow_api.py
[2025-11-11T18:31:43.895+0530] {processor.py:840} INFO - DAG(s) 'tutorial_taskflow_api' retrieved from /home/logi/txtai/venv/lib/python3.10/site-packages/airflow/example_dags/tutorial_taskflow_api.py
[2025-11-11T18:31:43.921+0530] {logging_mixin.py:188} INFO - [2025-11-11T18:31:43.921+0530] {dag.py:3089} INFO - Sync 1 DAGs
[2025-11-11T18:31:43.935+0530] {logging_mixin.py:188} INFO - [2025-11-11T18:31:43.935+0530] {dag.py:3947} INFO - Setting next_dagrun for tutorial_taskflow_api to None, run_after=None
[2025-11-11T18:31:43.962+0530] {processor.py:183} INFO - Processing /home/logi/txtai/venv/lib/python3.10/site-packages/airflow/example_dags/tutorial_taskflow_api.py took 0.106 seconds
[2025-11-11T18:32:34.662+0530] {processor.py:161} INFO - Started process (PID=11069) to work on /home/logi/txtai/venv/lib/python3.10/site-packages/airflow/example_dags/tutorial_taskflow_api.py
[2025-11-11T18:32:34.675+0530] {processor.py:830} INFO - Processing file /home/logi/txtai/venv/lib/python3.10/site-packages/airflow/example_dags/tutorial_taskflow_api.py for tasks to queue
[2025-11-11T18:32:34.678+0530] {logging_mixin.py:188} INFO - [2025-11-11T18:32:34.678+0530] {dagbag.py:545} INFO - Filling up the DagBag from /home/logi/txtai/venv/lib/python3.10/site-packages/airflow/example_dags/tutorial_taskflow_api.py
[2025-11-11T18:32:34.690+0530] {processor.py:840} INFO - DAG(s) 'tutorial_taskflow_api' retrieved from /home/logi/txtai/venv/lib/python3.10/site-packages/airflow/example_dags/tutorial_taskflow_api.py
[2025-11-11T18:32:34.717+0530] {logging_mixin.py:188} INFO - [2025-11-11T18:32:34.716+0530] {dag.py:3089} INFO - Sync 1 DAGs
[2025-11-11T18:32:34.730+0530] {logging_mixin.py:188} INFO - [2025-11-11T18:32:34.730+0530] {dag.py:3947} INFO - Setting next_dagrun for tutorial_taskflow_api to None, run_after=None
[2025-11-11T18:32:34.759+0530] {processor.py:183} INFO - Processing /home/logi/txtai/venv/lib/python3.10/site-packages/airflow/example_dags/tutorial_taskflow_api.py took 0.108 seconds
[2025-11-11T18:33:26.951+0530] {processor.py:161} INFO - Started process (PID=11132) to work on /home/logi/txtai/venv/lib/python3.10/site-packages/airflow/example_dags/tutorial_taskflow_api.py
[2025-11-11T18:33:26.965+0530] {processor.py:830} INFO - Processing file /home/logi/txtai/venv/lib/python3.10/site-packages/airflow/example_dags/tutorial_taskflow_api.py for tasks to queue
[2025-11-11T18:33:26.968+0530] {logging_mixin.py:188} INFO - [2025-11-11T18:33:26.967+0530] {dagbag.py:545} INFO - Filling up the DagBag from /home/logi/txtai/venv/lib/python3.10/site-packages/airflow/example_dags/tutorial_taskflow_api.py
[2025-11-11T18:33:26.979+0530] {processor.py:840} INFO - DAG(s) 'tutorial_taskflow_api' retrieved from /home/logi/txtai/venv/lib/python3.10/site-packages/airflow/example_dags/tutorial_taskflow_api.py
[2025-11-11T18:33:27.007+0530] {logging_mixin.py:188} INFO - [2025-11-11T18:33:27.006+0530] {dag.py:3089} INFO - Sync 1 DAGs
[2025-11-11T18:33:27.021+0530] {logging_mixin.py:188} INFO - [2025-11-11T18:33:27.020+0530] {dag.py:3947} INFO - Setting next_dagrun for tutorial_taskflow_api to None, run_after=None
[2025-11-11T18:33:27.047+0530] {processor.py:183} INFO - Processing /home/logi/txtai/venv/lib/python3.10/site-packages/airflow/example_dags/tutorial_taskflow_api.py took 0.107 seconds
[2025-11-11T18:34:18.997+0530] {processor.py:161} INFO - Started process (PID=11195) to work on /home/logi/txtai/venv/lib/python3.10/site-packages/airflow/example_dags/tutorial_taskflow_api.py
[2025-11-11T18:34:19.011+0530] {processor.py:830} INFO - Processing file /home/logi/txtai/venv/lib/python3.10/site-packages/airflow/example_dags/tutorial_taskflow_api.py for tasks to queue
[2025-11-11T18:34:19.014+0530] {logging_mixin.py:188} INFO - [2025-11-11T18:34:19.013+0530] {dagbag.py:545} INFO - Filling up the DagBag from /home/logi/txtai/venv/lib/python3.10/site-packages/airflow/example_dags/tutorial_taskflow_api.py
[2025-11-11T18:34:19.026+0530] {processor.py:840} INFO - DAG(s) 'tutorial_taskflow_api' retrieved from /home/logi/txtai/venv/lib/python3.10/site-packages/airflow/example_dags/tutorial_taskflow_api.py
[2025-11-11T18:34:19.054+0530] {logging_mixin.py:188} INFO - [2025-11-11T18:34:19.053+0530] {dag.py:3089} INFO - Sync 1 DAGs
[2025-11-11T18:34:19.068+0530] {logging_mixin.py:188} INFO - [2025-11-11T18:34:19.068+0530] {dag.py:3947} INFO - Setting next_dagrun for tutorial_taskflow_api to None, run_after=None
[2025-11-11T18:34:19.090+0530] {processor.py:183} INFO - Processing /home/logi/txtai/venv/lib/python3.10/site-packages/airflow/example_dags/tutorial_taskflow_api.py took 0.104 seconds
[2025-11-11T18:35:10.528+0530] {processor.py:161} INFO - Started process (PID=11261) to work on /home/logi/txtai/venv/lib/python3.10/site-packages/airflow/example_dags/tutorial_taskflow_api.py
[2025-11-11T18:35:10.542+0530] {processor.py:830} INFO - Processing file /home/logi/txtai/venv/lib/python3.10/site-packages/airflow/example_dags/tutorial_taskflow_api.py for tasks to queue
[2025-11-11T18:35:10.545+0530] {logging_mixin.py:188} INFO - [2025-11-11T18:35:10.545+0530] {dagbag.py:545} INFO - Filling up the DagBag from /home/logi/txtai/venv/lib/python3.10/site-packages/airflow/example_dags/tutorial_taskflow_api.py
[2025-11-11T18:35:10.556+0530] {processor.py:840} INFO - DAG(s) 'tutorial_taskflow_api' retrieved from /home/logi/txtai/venv/lib/python3.10/site-packages/airflow/example_dags/tutorial_taskflow_api.py
[2025-11-11T18:35:10.582+0530] {logging_mixin.py:188} INFO - [2025-11-11T18:35:10.581+0530] {dag.py:3089} INFO - Sync 1 DAGs
[2025-11-11T18:35:10.595+0530] {logging_mixin.py:188} INFO - [2025-11-11T18:35:10.595+0530] {dag.py:3947} INFO - Setting next_dagrun for tutorial_taskflow_api to None, run_after=None
[2025-11-11T18:35:10.622+0530] {processor.py:183} INFO - Processing /home/logi/txtai/venv/lib/python3.10/site-packages/airflow/example_dags/tutorial_taskflow_api.py took 0.105 seconds
[2025-11-11T18:36:00.550+0530] {processor.py:161} INFO - Started process (PID=11348) to work on /home/logi/txtai/venv/lib/python3.10/site-packages/airflow/example_dags/tutorial_taskflow_api.py
[2025-11-11T18:36:00.563+0530] {processor.py:830} INFO - Processing file /home/logi/txtai/venv/lib/python3.10/site-packages/airflow/example_dags/tutorial_taskflow_api.py for tasks to queue
[2025-11-11T18:36:00.566+0530] {logging_mixin.py:188} INFO - [2025-11-11T18:36:00.566+0530] {dagbag.py:545} INFO - Filling up the DagBag from /home/logi/txtai/venv/lib/python3.10/site-packages/airflow/example_dags/tutorial_taskflow_api.py
[2025-11-11T18:36:00.578+0530] {processor.py:840} INFO - DAG(s) 'tutorial_taskflow_api' retrieved from /home/logi/txtai/venv/lib/python3.10/site-packages/airflow/example_dags/tutorial_taskflow_api.py
[2025-11-11T18:36:00.605+0530] {logging_mixin.py:188} INFO - [2025-11-11T18:36:00.604+0530] {dag.py:3089} INFO - Sync 1 DAGs
[2025-11-11T18:36:00.619+0530] {logging_mixin.py:188} INFO - [2025-11-11T18:36:00.619+0530] {dag.py:3947} INFO - Setting next_dagrun for tutorial_taskflow_api to None, run_after=None
[2025-11-11T18:36:00.646+0530] {processor.py:183} INFO - Processing /home/logi/txtai/venv/lib/python3.10/site-packages/airflow/example_dags/tutorial_taskflow_api.py took 0.108 seconds
[2025-11-11T18:36:50.020+0530] {processor.py:161} INFO - Started process (PID=11408) to work on /home/logi/txtai/venv/lib/python3.10/site-packages/airflow/example_dags/tutorial_taskflow_api.py
[2025-11-11T18:36:50.034+0530] {processor.py:830} INFO - Processing file /home/logi/txtai/venv/lib/python3.10/site-packages/airflow/example_dags/tutorial_taskflow_api.py for tasks to queue
[2025-11-11T18:36:50.037+0530] {logging_mixin.py:188} INFO - [2025-11-11T18:36:50.036+0530] {dagbag.py:545} INFO - Filling up the DagBag from /home/logi/txtai/venv/lib/python3.10/site-packages/airflow/example_dags/tutorial_taskflow_api.py
[2025-11-11T18:36:50.048+0530] {processor.py:840} INFO - DAG(s) 'tutorial_taskflow_api' retrieved from /home/logi/txtai/venv/lib/python3.10/site-packages/airflow/example_dags/tutorial_taskflow_api.py
[2025-11-11T18:36:50.076+0530] {logging_mixin.py:188} INFO - [2025-11-11T18:36:50.075+0530] {dag.py:3089} INFO - Sync 1 DAGs
[2025-11-11T18:36:50.090+0530] {logging_mixin.py:188} INFO - [2025-11-11T18:36:50.089+0530] {dag.py:3947} INFO - Setting next_dagrun for tutorial_taskflow_api to None, run_after=None
[2025-11-11T18:36:50.117+0530] {processor.py:183} INFO - Processing /home/logi/txtai/venv/lib/python3.10/site-packages/airflow/example_dags/tutorial_taskflow_api.py took 0.108 seconds
[2025-11-11T18:37:41.430+0530] {processor.py:161} INFO - Started process (PID=11469) to work on /home/logi/txtai/venv/lib/python3.10/site-packages/airflow/example_dags/tutorial_taskflow_api.py
[2025-11-11T18:37:41.444+0530] {processor.py:830} INFO - Processing file /home/logi/txtai/venv/lib/python3.10/site-packages/airflow/example_dags/tutorial_taskflow_api.py for tasks to queue
[2025-11-11T18:37:41.447+0530] {logging_mixin.py:188} INFO - [2025-11-11T18:37:41.447+0530] {dagbag.py:545} INFO - Filling up the DagBag from /home/logi/txtai/venv/lib/python3.10/site-packages/airflow/example_dags/tutorial_taskflow_api.py
[2025-11-11T18:37:41.459+0530] {processor.py:840} INFO - DAG(s) 'tutorial_taskflow_api' retrieved from /home/logi/txtai/venv/lib/python3.10/site-packages/airflow/example_dags/tutorial_taskflow_api.py
[2025-11-11T18:37:41.486+0530] {logging_mixin.py:188} INFO - [2025-11-11T18:37:41.486+0530] {dag.py:3089} INFO - Sync 1 DAGs
[2025-11-11T18:37:41.500+0530] {logging_mixin.py:188} INFO - [2025-11-11T18:37:41.500+0530] {dag.py:3947} INFO - Setting next_dagrun for tutorial_taskflow_api to None, run_after=None
[2025-11-11T18:37:41.527+0530] {processor.py:183} INFO - Processing /home/logi/txtai/venv/lib/python3.10/site-packages/airflow/example_dags/tutorial_taskflow_api.py took 0.108 seconds
[2025-11-11T18:38:33.450+0530] {processor.py:161} INFO - Started process (PID=11529) to work on /home/logi/txtai/venv/lib/python3.10/site-packages/airflow/example_dags/tutorial_taskflow_api.py
[2025-11-11T18:38:33.463+0530] {processor.py:830} INFO - Processing file /home/logi/txtai/venv/lib/python3.10/site-packages/airflow/example_dags/tutorial_taskflow_api.py for tasks to queue
[2025-11-11T18:38:33.466+0530] {logging_mixin.py:188} INFO - [2025-11-11T18:38:33.466+0530] {dagbag.py:545} INFO - Filling up the DagBag from /home/logi/txtai/venv/lib/python3.10/site-packages/airflow/example_dags/tutorial_taskflow_api.py
[2025-11-11T18:38:33.478+0530] {processor.py:840} INFO - DAG(s) 'tutorial_taskflow_api' retrieved from /home/logi/txtai/venv/lib/python3.10/site-packages/airflow/example_dags/tutorial_taskflow_api.py
[2025-11-11T18:38:33.505+0530] {logging_mixin.py:188} INFO - [2025-11-11T18:38:33.504+0530] {dag.py:3089} INFO - Sync 1 DAGs
[2025-11-11T18:38:33.518+0530] {logging_mixin.py:188} INFO - [2025-11-11T18:38:33.518+0530] {dag.py:3947} INFO - Setting next_dagrun for tutorial_taskflow_api to None, run_after=None
[2025-11-11T18:38:33.545+0530] {processor.py:183} INFO - Processing /home/logi/txtai/venv/lib/python3.10/site-packages/airflow/example_dags/tutorial_taskflow_api.py took 0.107 seconds
[2025-11-11T18:39:26.505+0530] {processor.py:161} INFO - Started process (PID=11596) to work on /home/logi/txtai/venv/lib/python3.10/site-packages/airflow/example_dags/tutorial_taskflow_api.py
[2025-11-11T18:39:26.519+0530] {processor.py:830} INFO - Processing file /home/logi/txtai/venv/lib/python3.10/site-packages/airflow/example_dags/tutorial_taskflow_api.py for tasks to queue
[2025-11-11T18:39:26.523+0530] {logging_mixin.py:188} INFO - [2025-11-11T18:39:26.522+0530] {dagbag.py:545} INFO - Filling up the DagBag from /home/logi/txtai/venv/lib/python3.10/site-packages/airflow/example_dags/tutorial_taskflow_api.py
[2025-11-11T18:39:26.534+0530] {processor.py:840} INFO - DAG(s) 'tutorial_taskflow_api' retrieved from /home/logi/txtai/venv/lib/python3.10/site-packages/airflow/example_dags/tutorial_taskflow_api.py
[2025-11-11T18:39:26.562+0530] {logging_mixin.py:188} INFO - [2025-11-11T18:39:26.561+0530] {dag.py:3089} INFO - Sync 1 DAGs
[2025-11-11T18:39:26.576+0530] {logging_mixin.py:188} INFO - [2025-11-11T18:39:26.575+0530] {dag.py:3947} INFO - Setting next_dagrun for tutorial_taskflow_api to None, run_after=None
[2025-11-11T18:39:26.599+0530] {processor.py:183} INFO - Processing /home/logi/txtai/venv/lib/python3.10/site-packages/airflow/example_dags/tutorial_taskflow_api.py took 0.104 seconds
[2025-11-11T18:40:17.962+0530] {processor.py:161} INFO - Started process (PID=11658) to work on /home/logi/txtai/venv/lib/python3.10/site-packages/airflow/example_dags/tutorial_taskflow_api.py
[2025-11-11T18:40:17.976+0530] {processor.py:830} INFO - Processing file /home/logi/txtai/venv/lib/python3.10/site-packages/airflow/example_dags/tutorial_taskflow_api.py for tasks to queue
[2025-11-11T18:40:17.979+0530] {logging_mixin.py:188} INFO - [2025-11-11T18:40:17.978+0530] {dagbag.py:545} INFO - Filling up the DagBag from /home/logi/txtai/venv/lib/python3.10/site-packages/airflow/example_dags/tutorial_taskflow_api.py
[2025-11-11T18:40:17.990+0530] {processor.py:840} INFO - DAG(s) 'tutorial_taskflow_api' retrieved from /home/logi/txtai/venv/lib/python3.10/site-packages/airflow/example_dags/tutorial_taskflow_api.py
[2025-11-11T18:40:18.017+0530] {logging_mixin.py:188} INFO - [2025-11-11T18:40:18.017+0530] {dag.py:3089} INFO - Sync 1 DAGs
[2025-11-11T18:40:18.032+0530] {logging_mixin.py:188} INFO - [2025-11-11T18:40:18.031+0530] {dag.py:3947} INFO - Setting next_dagrun for tutorial_taskflow_api to None, run_after=None
[2025-11-11T18:40:18.059+0530] {processor.py:183} INFO - Processing /home/logi/txtai/venv/lib/python3.10/site-packages/airflow/example_dags/tutorial_taskflow_api.py took 0.108 seconds
[2025-11-11T18:41:06.772+0530] {processor.py:161} INFO - Started process (PID=11746) to work on /home/logi/txtai/venv/lib/python3.10/site-packages/airflow/example_dags/tutorial_taskflow_api.py
[2025-11-11T18:41:06.786+0530] {processor.py:830} INFO - Processing file /home/logi/txtai/venv/lib/python3.10/site-packages/airflow/example_dags/tutorial_taskflow_api.py for tasks to queue
[2025-11-11T18:41:06.788+0530] {logging_mixin.py:188} INFO - [2025-11-11T18:41:06.788+0530] {dagbag.py:545} INFO - Filling up the DagBag from /home/logi/txtai/venv/lib/python3.10/site-packages/airflow/example_dags/tutorial_taskflow_api.py
[2025-11-11T18:41:06.799+0530] {processor.py:840} INFO - DAG(s) 'tutorial_taskflow_api' retrieved from /home/logi/txtai/venv/lib/python3.10/site-packages/airflow/example_dags/tutorial_taskflow_api.py
[2025-11-11T18:41:06.825+0530] {logging_mixin.py:188} INFO - [2025-11-11T18:41:06.824+0530] {dag.py:3089} INFO - Sync 1 DAGs
[2025-11-11T18:41:06.840+0530] {logging_mixin.py:188} INFO - [2025-11-11T18:41:06.840+0530] {dag.py:3947} INFO - Setting next_dagrun for tutorial_taskflow_api to None, run_after=None
[2025-11-11T18:41:06.868+0530] {processor.py:183} INFO - Processing /home/logi/txtai/venv/lib/python3.10/site-packages/airflow/example_dags/tutorial_taskflow_api.py took 0.107 seconds
[2025-11-11T18:41:51.023+0530] {processor.py:161} INFO - Started process (PID=11804) to work on /home/logi/txtai/venv/lib/python3.10/site-packages/airflow/example_dags/tutorial_taskflow_api.py
[2025-11-11T18:41:51.025+0530] {processor.py:830} INFO - Processing file /home/logi/txtai/venv/lib/python3.10/site-packages/airflow/example_dags/tutorial_taskflow_api.py for tasks to queue
[2025-11-11T18:41:51.028+0530] {logging_mixin.py:188} INFO - [2025-11-11T18:41:51.027+0530] {dagbag.py:545} INFO - Filling up the DagBag from /home/logi/txtai/venv/lib/python3.10/site-packages/airflow/example_dags/tutorial_taskflow_api.py
[2025-11-11T18:41:51.039+0530] {processor.py:840} INFO - DAG(s) 'tutorial_taskflow_api' retrieved from /home/logi/txtai/venv/lib/python3.10/site-packages/airflow/example_dags/tutorial_taskflow_api.py
[2025-11-11T18:41:51.063+0530] {logging_mixin.py:188} INFO - [2025-11-11T18:41:51.063+0530] {dag.py:3089} INFO - Sync 1 DAGs
[2025-11-11T18:41:51.073+0530] {logging_mixin.py:188} INFO - [2025-11-11T18:41:51.073+0530] {dag.py:3947} INFO - Setting next_dagrun for tutorial_taskflow_api to None, run_after=None
[2025-11-11T18:41:51.093+0530] {processor.py:183} INFO - Processing /home/logi/txtai/venv/lib/python3.10/site-packages/airflow/example_dags/tutorial_taskflow_api.py took 0.082 seconds
[2025-11-11T18:42:41.244+0530] {processor.py:161} INFO - Started process (PID=11862) to work on /home/logi/txtai/venv/lib/python3.10/site-packages/airflow/example_dags/tutorial_taskflow_api.py
[2025-11-11T18:42:41.257+0530] {processor.py:830} INFO - Processing file /home/logi/txtai/venv/lib/python3.10/site-packages/airflow/example_dags/tutorial_taskflow_api.py for tasks to queue
[2025-11-11T18:42:41.260+0530] {logging_mixin.py:188} INFO - [2025-11-11T18:42:41.260+0530] {dagbag.py:545} INFO - Filling up the DagBag from /home/logi/txtai/venv/lib/python3.10/site-packages/airflow/example_dags/tutorial_taskflow_api.py
[2025-11-11T18:42:41.271+0530] {processor.py:840} INFO - DAG(s) 'tutorial_taskflow_api' retrieved from /home/logi/txtai/venv/lib/python3.10/site-packages/airflow/example_dags/tutorial_taskflow_api.py
[2025-11-11T18:42:41.297+0530] {logging_mixin.py:188} INFO - [2025-11-11T18:42:41.297+0530] {dag.py:3089} INFO - Sync 1 DAGs
[2025-11-11T18:42:41.312+0530] {logging_mixin.py:188} INFO - [2025-11-11T18:42:41.311+0530] {dag.py:3947} INFO - Setting next_dagrun for tutorial_taskflow_api to None, run_after=None
[2025-11-11T18:42:41.338+0530] {processor.py:183} INFO - Processing /home/logi/txtai/venv/lib/python3.10/site-packages/airflow/example_dags/tutorial_taskflow_api.py took 0.105 seconds
[2025-11-11T18:43:33.163+0530] {processor.py:161} INFO - Started process (PID=11931) to work on /home/logi/txtai/venv/lib/python3.10/site-packages/airflow/example_dags/tutorial_taskflow_api.py
[2025-11-11T18:43:33.177+0530] {processor.py:830} INFO - Processing file /home/logi/txtai/venv/lib/python3.10/site-packages/airflow/example_dags/tutorial_taskflow_api.py for tasks to queue
[2025-11-11T18:43:33.180+0530] {logging_mixin.py:188} INFO - [2025-11-11T18:43:33.179+0530] {dagbag.py:545} INFO - Filling up the DagBag from /home/logi/txtai/venv/lib/python3.10/site-packages/airflow/example_dags/tutorial_taskflow_api.py
[2025-11-11T18:43:33.191+0530] {processor.py:840} INFO - DAG(s) 'tutorial_taskflow_api' retrieved from /home/logi/txtai/venv/lib/python3.10/site-packages/airflow/example_dags/tutorial_taskflow_api.py
[2025-11-11T18:43:33.217+0530] {logging_mixin.py:188} INFO - [2025-11-11T18:43:33.216+0530] {dag.py:3089} INFO - Sync 1 DAGs
[2025-11-11T18:43:33.232+0530] {logging_mixin.py:188} INFO - [2025-11-11T18:43:33.232+0530] {dag.py:3947} INFO - Setting next_dagrun for tutorial_taskflow_api to None, run_after=None
[2025-11-11T18:43:33.253+0530] {processor.py:183} INFO - Processing /home/logi/txtai/venv/lib/python3.10/site-packages/airflow/example_dags/tutorial_taskflow_api.py took 0.101 seconds
[2025-11-11T18:44:25.552+0530] {processor.py:161} INFO - Started process (PID=12004) to work on /home/logi/txtai/venv/lib/python3.10/site-packages/airflow/example_dags/tutorial_taskflow_api.py
[2025-11-11T18:44:25.565+0530] {processor.py:830} INFO - Processing file /home/logi/txtai/venv/lib/python3.10/site-packages/airflow/example_dags/tutorial_taskflow_api.py for tasks to queue
[2025-11-11T18:44:25.568+0530] {logging_mixin.py:188} INFO - [2025-11-11T18:44:25.567+0530] {dagbag.py:545} INFO - Filling up the DagBag from /home/logi/txtai/venv/lib/python3.10/site-packages/airflow/example_dags/tutorial_taskflow_api.py
[2025-11-11T18:44:25.579+0530] {processor.py:840} INFO - DAG(s) 'tutorial_taskflow_api' retrieved from /home/logi/txtai/venv/lib/python3.10/site-packages/airflow/example_dags/tutorial_taskflow_api.py
[2025-11-11T18:44:25.605+0530] {logging_mixin.py:188} INFO - [2025-11-11T18:44:25.605+0530] {dag.py:3089} INFO - Sync 1 DAGs
[2025-11-11T18:44:25.620+0530] {logging_mixin.py:188} INFO - [2025-11-11T18:44:25.620+0530] {dag.py:3947} INFO - Setting next_dagrun for tutorial_taskflow_api to None, run_after=None
[2025-11-11T18:44:25.640+0530] {processor.py:183} INFO - Processing /home/logi/txtai/venv/lib/python3.10/site-packages/airflow/example_dags/tutorial_taskflow_api.py took 0.099 seconds
[2025-11-11T18:45:18.845+0530] {processor.py:161} INFO - Started process (PID=12070) to work on /home/logi/txtai/venv/lib/python3.10/site-packages/airflow/example_dags/tutorial_taskflow_api.py
[2025-11-11T18:45:18.848+0530] {processor.py:830} INFO - Processing file /home/logi/txtai/venv/lib/python3.10/site-packages/airflow/example_dags/tutorial_taskflow_api.py for tasks to queue
[2025-11-11T18:45:18.851+0530] {logging_mixin.py:188} INFO - [2025-11-11T18:45:18.850+0530] {dagbag.py:545} INFO - Filling up the DagBag from /home/logi/txtai/venv/lib/python3.10/site-packages/airflow/example_dags/tutorial_taskflow_api.py
[2025-11-11T18:45:18.863+0530] {processor.py:840} INFO - DAG(s) 'tutorial_taskflow_api' retrieved from /home/logi/txtai/venv/lib/python3.10/site-packages/airflow/example_dags/tutorial_taskflow_api.py
[2025-11-11T18:45:18.888+0530] {logging_mixin.py:188} INFO - [2025-11-11T18:45:18.887+0530] {dag.py:3089} INFO - Sync 1 DAGs
[2025-11-11T18:45:18.898+0530] {logging_mixin.py:188} INFO - [2025-11-11T18:45:18.898+0530] {dag.py:3947} INFO - Setting next_dagrun for tutorial_taskflow_api to None, run_after=None
[2025-11-11T18:45:18.925+0530] {processor.py:183} INFO - Processing /home/logi/txtai/venv/lib/python3.10/site-packages/airflow/example_dags/tutorial_taskflow_api.py took 0.092 seconds
[2025-11-11T18:46:08.409+0530] {processor.py:161} INFO - Started process (PID=12159) to work on /home/logi/txtai/venv/lib/python3.10/site-packages/airflow/example_dags/tutorial_taskflow_api.py
[2025-11-11T18:46:08.423+0530] {processor.py:830} INFO - Processing file /home/logi/txtai/venv/lib/python3.10/site-packages/airflow/example_dags/tutorial_taskflow_api.py for tasks to queue
[2025-11-11T18:46:08.426+0530] {logging_mixin.py:188} INFO - [2025-11-11T18:46:08.425+0530] {dagbag.py:545} INFO - Filling up the DagBag from /home/logi/txtai/venv/lib/python3.10/site-packages/airflow/example_dags/tutorial_taskflow_api.py
[2025-11-11T18:46:08.438+0530] {processor.py:840} INFO - DAG(s) 'tutorial_taskflow_api' retrieved from /home/logi/txtai/venv/lib/python3.10/site-packages/airflow/example_dags/tutorial_taskflow_api.py
[2025-11-11T18:46:08.465+0530] {logging_mixin.py:188} INFO - [2025-11-11T18:46:08.464+0530] {dag.py:3089} INFO - Sync 1 DAGs
[2025-11-11T18:46:08.479+0530] {logging_mixin.py:188} INFO - [2025-11-11T18:46:08.479+0530] {dag.py:3947} INFO - Setting next_dagrun for tutorial_taskflow_api to None, run_after=None
[2025-11-11T18:46:08.506+0530] {processor.py:183} INFO - Processing /home/logi/txtai/venv/lib/python3.10/site-packages/airflow/example_dags/tutorial_taskflow_api.py took 0.108 seconds
[2025-11-11T18:46:58.673+0530] {processor.py:161} INFO - Started process (PID=12217) to work on /home/logi/txtai/venv/lib/python3.10/site-packages/airflow/example_dags/tutorial_taskflow_api.py
[2025-11-11T18:46:58.686+0530] {processor.py:830} INFO - Processing file /home/logi/txtai/venv/lib/python3.10/site-packages/airflow/example_dags/tutorial_taskflow_api.py for tasks to queue
[2025-11-11T18:46:58.689+0530] {logging_mixin.py:188} INFO - [2025-11-11T18:46:58.689+0530] {dagbag.py:545} INFO - Filling up the DagBag from /home/logi/txtai/venv/lib/python3.10/site-packages/airflow/example_dags/tutorial_taskflow_api.py
[2025-11-11T18:46:58.700+0530] {processor.py:840} INFO - DAG(s) 'tutorial_taskflow_api' retrieved from /home/logi/txtai/venv/lib/python3.10/site-packages/airflow/example_dags/tutorial_taskflow_api.py
[2025-11-11T18:46:58.726+0530] {logging_mixin.py:188} INFO - [2025-11-11T18:46:58.726+0530] {dag.py:3089} INFO - Sync 1 DAGs
[2025-11-11T18:46:58.741+0530] {logging_mixin.py:188} INFO - [2025-11-11T18:46:58.740+0530] {dag.py:3947} INFO - Setting next_dagrun for tutorial_taskflow_api to None, run_after=None
[2025-11-11T18:46:58.767+0530] {processor.py:183} INFO - Processing /home/logi/txtai/venv/lib/python3.10/site-packages/airflow/example_dags/tutorial_taskflow_api.py took 0.106 seconds
[2025-11-11T18:47:53.845+0530] {processor.py:161} INFO - Started process (PID=12281) to work on /home/logi/txtai/venv/lib/python3.10/site-packages/airflow/example_dags/tutorial_taskflow_api.py
[2025-11-11T18:47:53.858+0530] {processor.py:830} INFO - Processing file /home/logi/txtai/venv/lib/python3.10/site-packages/airflow/example_dags/tutorial_taskflow_api.py for tasks to queue
[2025-11-11T18:47:53.861+0530] {logging_mixin.py:188} INFO - [2025-11-11T18:47:53.861+0530] {dagbag.py:545} INFO - Filling up the DagBag from /home/logi/txtai/venv/lib/python3.10/site-packages/airflow/example_dags/tutorial_taskflow_api.py
[2025-11-11T18:47:53.872+0530] {processor.py:840} INFO - DAG(s) 'tutorial_taskflow_api' retrieved from /home/logi/txtai/venv/lib/python3.10/site-packages/airflow/example_dags/tutorial_taskflow_api.py
[2025-11-11T18:47:53.898+0530] {logging_mixin.py:188} INFO - [2025-11-11T18:47:53.898+0530] {dag.py:3089} INFO - Sync 1 DAGs
[2025-11-11T18:47:53.913+0530] {logging_mixin.py:188} INFO - [2025-11-11T18:47:53.913+0530] {dag.py:3947} INFO - Setting next_dagrun for tutorial_taskflow_api to None, run_after=None
[2025-11-11T18:47:53.942+0530] {processor.py:183} INFO - Processing /home/logi/txtai/venv/lib/python3.10/site-packages/airflow/example_dags/tutorial_taskflow_api.py took 0.108 seconds
[2025-11-11T18:51:18.828+0530] {processor.py:161} INFO - Started process (PID=12526) to work on /home/logi/txtai/venv/lib/python3.10/site-packages/airflow/example_dags/tutorial_taskflow_api.py
[2025-11-11T18:51:18.830+0530] {processor.py:830} INFO - Processing file /home/logi/txtai/venv/lib/python3.10/site-packages/airflow/example_dags/tutorial_taskflow_api.py for tasks to queue
[2025-11-11T18:51:18.833+0530] {logging_mixin.py:188} INFO - [2025-11-11T18:51:18.833+0530] {dagbag.py:545} INFO - Filling up the DagBag from /home/logi/txtai/venv/lib/python3.10/site-packages/airflow/example_dags/tutorial_taskflow_api.py
[2025-11-11T18:51:18.845+0530] {processor.py:840} INFO - DAG(s) 'tutorial_taskflow_api' retrieved from /home/logi/txtai/venv/lib/python3.10/site-packages/airflow/example_dags/tutorial_taskflow_api.py
[2025-11-11T18:51:18.865+0530] {logging_mixin.py:188} INFO - [2025-11-11T18:51:18.864+0530] {dag.py:3089} INFO - Sync 1 DAGs
[2025-11-11T18:51:18.875+0530] {logging_mixin.py:188} INFO - [2025-11-11T18:51:18.875+0530] {dag.py:3947} INFO - Setting next_dagrun for tutorial_taskflow_api to None, run_after=None
[2025-11-11T18:51:18.897+0530] {processor.py:183} INFO - Processing /home/logi/txtai/venv/lib/python3.10/site-packages/airflow/example_dags/tutorial_taskflow_api.py took 0.080 seconds
[2025-11-11T18:52:16.731+0530] {processor.py:161} INFO - Started process (PID=12707) to work on /home/logi/txtai/venv/lib/python3.10/site-packages/airflow/example_dags/tutorial_taskflow_api.py
[2025-11-11T18:52:16.745+0530] {processor.py:830} INFO - Processing file /home/logi/txtai/venv/lib/python3.10/site-packages/airflow/example_dags/tutorial_taskflow_api.py for tasks to queue
[2025-11-11T18:52:16.748+0530] {logging_mixin.py:188} INFO - [2025-11-11T18:52:16.748+0530] {dagbag.py:545} INFO - Filling up the DagBag from /home/logi/txtai/venv/lib/python3.10/site-packages/airflow/example_dags/tutorial_taskflow_api.py
[2025-11-11T18:52:16.760+0530] {processor.py:840} INFO - DAG(s) 'tutorial_taskflow_api' retrieved from /home/logi/txtai/venv/lib/python3.10/site-packages/airflow/example_dags/tutorial_taskflow_api.py
[2025-11-11T18:52:16.787+0530] {logging_mixin.py:188} INFO - [2025-11-11T18:52:16.787+0530] {dag.py:3089} INFO - Sync 1 DAGs
[2025-11-11T18:52:16.801+0530] {logging_mixin.py:188} INFO - [2025-11-11T18:52:16.800+0530] {dag.py:3947} INFO - Setting next_dagrun for tutorial_taskflow_api to None, run_after=None
[2025-11-11T18:52:16.828+0530] {processor.py:183} INFO - Processing /home/logi/txtai/venv/lib/python3.10/site-packages/airflow/example_dags/tutorial_taskflow_api.py took 0.109 seconds
[2025-11-11T18:53:03.844+0530] {processor.py:161} INFO - Started process (PID=12848) to work on /home/logi/txtai/venv/lib/python3.10/site-packages/airflow/example_dags/tutorial_taskflow_api.py
[2025-11-11T18:53:03.857+0530] {processor.py:830} INFO - Processing file /home/logi/txtai/venv/lib/python3.10/site-packages/airflow/example_dags/tutorial_taskflow_api.py for tasks to queue
[2025-11-11T18:53:03.860+0530] {logging_mixin.py:188} INFO - [2025-11-11T18:53:03.859+0530] {dagbag.py:545} INFO - Filling up the DagBag from /home/logi/txtai/venv/lib/python3.10/site-packages/airflow/example_dags/tutorial_taskflow_api.py
[2025-11-11T18:53:03.873+0530] {processor.py:840} INFO - DAG(s) 'tutorial_taskflow_api' retrieved from /home/logi/txtai/venv/lib/python3.10/site-packages/airflow/example_dags/tutorial_taskflow_api.py
[2025-11-11T18:53:03.903+0530] {logging_mixin.py:188} INFO - [2025-11-11T18:53:03.902+0530] {dag.py:3089} INFO - Sync 1 DAGs
[2025-11-11T18:53:03.916+0530] {logging_mixin.py:188} INFO - [2025-11-11T18:53:03.915+0530] {dag.py:3947} INFO - Setting next_dagrun for tutorial_taskflow_api to None, run_after=None
[2025-11-11T18:53:03.939+0530] {processor.py:183} INFO - Processing /home/logi/txtai/venv/lib/python3.10/site-packages/airflow/example_dags/tutorial_taskflow_api.py took 0.107 seconds
[2025-11-11T18:53:57.240+0530] {processor.py:161} INFO - Started process (PID=12968) to work on /home/logi/txtai/venv/lib/python3.10/site-packages/airflow/example_dags/tutorial_taskflow_api.py
[2025-11-11T18:53:57.254+0530] {processor.py:830} INFO - Processing file /home/logi/txtai/venv/lib/python3.10/site-packages/airflow/example_dags/tutorial_taskflow_api.py for tasks to queue
[2025-11-11T18:53:57.258+0530] {logging_mixin.py:188} INFO - [2025-11-11T18:53:57.257+0530] {dagbag.py:545} INFO - Filling up the DagBag from /home/logi/txtai/venv/lib/python3.10/site-packages/airflow/example_dags/tutorial_taskflow_api.py
[2025-11-11T18:53:57.272+0530] {processor.py:840} INFO - DAG(s) 'tutorial_taskflow_api' retrieved from /home/logi/txtai/venv/lib/python3.10/site-packages/airflow/example_dags/tutorial_taskflow_api.py
[2025-11-11T18:53:57.304+0530] {logging_mixin.py:188} INFO - [2025-11-11T18:53:57.304+0530] {dag.py:3089} INFO - Sync 1 DAGs
[2025-11-11T18:53:57.320+0530] {logging_mixin.py:188} INFO - [2025-11-11T18:53:57.319+0530] {dag.py:3947} INFO - Setting next_dagrun for tutorial_taskflow_api to None, run_after=None
[2025-11-11T18:53:57.346+0530] {processor.py:183} INFO - Processing /home/logi/txtai/venv/lib/python3.10/site-packages/airflow/example_dags/tutorial_taskflow_api.py took 0.118 seconds
[2025-11-11T18:54:49.255+0530] {processor.py:161} INFO - Started process (PID=13069) to work on /home/logi/txtai/venv/lib/python3.10/site-packages/airflow/example_dags/tutorial_taskflow_api.py
[2025-11-11T18:54:49.268+0530] {processor.py:830} INFO - Processing file /home/logi/txtai/venv/lib/python3.10/site-packages/airflow/example_dags/tutorial_taskflow_api.py for tasks to queue
[2025-11-11T18:54:49.271+0530] {logging_mixin.py:188} INFO - [2025-11-11T18:54:49.270+0530] {dagbag.py:545} INFO - Filling up the DagBag from /home/logi/txtai/venv/lib/python3.10/site-packages/airflow/example_dags/tutorial_taskflow_api.py
[2025-11-11T18:54:49.282+0530] {processor.py:840} INFO - DAG(s) 'tutorial_taskflow_api' retrieved from /home/logi/txtai/venv/lib/python3.10/site-packages/airflow/example_dags/tutorial_taskflow_api.py
[2025-11-11T18:54:49.308+0530] {logging_mixin.py:188} INFO - [2025-11-11T18:54:49.308+0530] {dag.py:3089} INFO - Sync 1 DAGs
[2025-11-11T18:54:49.323+0530] {logging_mixin.py:188} INFO - [2025-11-11T18:54:49.322+0530] {dag.py:3947} INFO - Setting next_dagrun for tutorial_taskflow_api to None, run_after=None
[2025-11-11T18:54:49.349+0530] {processor.py:183} INFO - Processing /home/logi/txtai/venv/lib/python3.10/site-packages/airflow/example_dags/tutorial_taskflow_api.py took 0.106 seconds
[2025-11-11T18:55:41.158+0530] {processor.py:161} INFO - Started process (PID=13174) to work on /home/logi/txtai/venv/lib/python3.10/site-packages/airflow/example_dags/tutorial_taskflow_api.py
[2025-11-11T18:55:41.171+0530] {processor.py:830} INFO - Processing file /home/logi/txtai/venv/lib/python3.10/site-packages/airflow/example_dags/tutorial_taskflow_api.py for tasks to queue
[2025-11-11T18:55:41.174+0530] {logging_mixin.py:188} INFO - [2025-11-11T18:55:41.174+0530] {dagbag.py:545} INFO - Filling up the DagBag from /home/logi/txtai/venv/lib/python3.10/site-packages/airflow/example_dags/tutorial_taskflow_api.py
[2025-11-11T18:55:41.185+0530] {processor.py:840} INFO - DAG(s) 'tutorial_taskflow_api' retrieved from /home/logi/txtai/venv/lib/python3.10/site-packages/airflow/example_dags/tutorial_taskflow_api.py
[2025-11-11T18:55:41.211+0530] {logging_mixin.py:188} INFO - [2025-11-11T18:55:41.210+0530] {dag.py:3089} INFO - Sync 1 DAGs
[2025-11-11T18:55:41.226+0530] {logging_mixin.py:188} INFO - [2025-11-11T18:55:41.226+0530] {dag.py:3947} INFO - Setting next_dagrun for tutorial_taskflow_api to None, run_after=None
[2025-11-11T18:55:41.255+0530] {processor.py:183} INFO - Processing /home/logi/txtai/venv/lib/python3.10/site-packages/airflow/example_dags/tutorial_taskflow_api.py took 0.108 seconds
[2025-11-11T18:56:33.999+0530] {processor.py:161} INFO - Started process (PID=13241) to work on /home/logi/txtai/venv/lib/python3.10/site-packages/airflow/example_dags/tutorial_taskflow_api.py
[2025-11-11T18:56:34.012+0530] {processor.py:830} INFO - Processing file /home/logi/txtai/venv/lib/python3.10/site-packages/airflow/example_dags/tutorial_taskflow_api.py for tasks to queue
[2025-11-11T18:56:34.016+0530] {logging_mixin.py:188} INFO - [2025-11-11T18:56:34.015+0530] {dagbag.py:545} INFO - Filling up the DagBag from /home/logi/txtai/venv/lib/python3.10/site-packages/airflow/example_dags/tutorial_taskflow_api.py
[2025-11-11T18:56:34.027+0530] {processor.py:840} INFO - DAG(s) 'tutorial_taskflow_api' retrieved from /home/logi/txtai/venv/lib/python3.10/site-packages/airflow/example_dags/tutorial_taskflow_api.py
[2025-11-11T18:56:34.054+0530] {logging_mixin.py:188} INFO - [2025-11-11T18:56:34.053+0530] {dag.py:3089} INFO - Sync 1 DAGs
[2025-11-11T18:56:34.069+0530] {logging_mixin.py:188} INFO - [2025-11-11T18:56:34.068+0530] {dag.py:3947} INFO - Setting next_dagrun for tutorial_taskflow_api to None, run_after=None
[2025-11-11T18:56:34.097+0530] {processor.py:183} INFO - Processing /home/logi/txtai/venv/lib/python3.10/site-packages/airflow/example_dags/tutorial_taskflow_api.py took 0.109 seconds
[2025-11-11T18:57:25.325+0530] {processor.py:161} INFO - Started process (PID=13303) to work on /home/logi/txtai/venv/lib/python3.10/site-packages/airflow/example_dags/tutorial_taskflow_api.py
[2025-11-11T18:57:25.340+0530] {processor.py:830} INFO - Processing file /home/logi/txtai/venv/lib/python3.10/site-packages/airflow/example_dags/tutorial_taskflow_api.py for tasks to queue
[2025-11-11T18:57:25.343+0530] {logging_mixin.py:188} INFO - [2025-11-11T18:57:25.342+0530] {dagbag.py:545} INFO - Filling up the DagBag from /home/logi/txtai/venv/lib/python3.10/site-packages/airflow/example_dags/tutorial_taskflow_api.py
[2025-11-11T18:57:25.355+0530] {processor.py:840} INFO - DAG(s) 'tutorial_taskflow_api' retrieved from /home/logi/txtai/venv/lib/python3.10/site-packages/airflow/example_dags/tutorial_taskflow_api.py
[2025-11-11T18:57:25.382+0530] {logging_mixin.py:188} INFO - [2025-11-11T18:57:25.381+0530] {dag.py:3089} INFO - Sync 1 DAGs
[2025-11-11T18:57:25.396+0530] {logging_mixin.py:188} INFO - [2025-11-11T18:57:25.396+0530] {dag.py:3947} INFO - Setting next_dagrun for tutorial_taskflow_api to None, run_after=None
[2025-11-11T18:57:25.424+0530] {processor.py:183} INFO - Processing /home/logi/txtai/venv/lib/python3.10/site-packages/airflow/example_dags/tutorial_taskflow_api.py took 0.110 seconds
[2025-11-11T18:58:18.770+0530] {processor.py:161} INFO - Started process (PID=13392) to work on /home/logi/txtai/venv/lib/python3.10/site-packages/airflow/example_dags/tutorial_taskflow_api.py
[2025-11-11T18:58:18.783+0530] {processor.py:830} INFO - Processing file /home/logi/txtai/venv/lib/python3.10/site-packages/airflow/example_dags/tutorial_taskflow_api.py for tasks to queue
[2025-11-11T18:58:18.786+0530] {logging_mixin.py:188} INFO - [2025-11-11T18:58:18.785+0530] {dagbag.py:545} INFO - Filling up the DagBag from /home/logi/txtai/venv/lib/python3.10/site-packages/airflow/example_dags/tutorial_taskflow_api.py
[2025-11-11T18:58:18.797+0530] {processor.py:840} INFO - DAG(s) 'tutorial_taskflow_api' retrieved from /home/logi/txtai/venv/lib/python3.10/site-packages/airflow/example_dags/tutorial_taskflow_api.py
[2025-11-11T18:58:18.825+0530] {logging_mixin.py:188} INFO - [2025-11-11T18:58:18.824+0530] {dag.py:3089} INFO - Sync 1 DAGs
[2025-11-11T18:58:18.839+0530] {logging_mixin.py:188} INFO - [2025-11-11T18:58:18.838+0530] {dag.py:3947} INFO - Setting next_dagrun for tutorial_taskflow_api to None, run_after=None
[2025-11-11T18:58:18.867+0530] {processor.py:183} INFO - Processing /home/logi/txtai/venv/lib/python3.10/site-packages/airflow/example_dags/tutorial_taskflow_api.py took 0.109 seconds
[2025-11-11T18:59:09.708+0530] {processor.py:161} INFO - Started process (PID=13460) to work on /home/logi/txtai/venv/lib/python3.10/site-packages/airflow/example_dags/tutorial_taskflow_api.py
[2025-11-11T18:59:09.709+0530] {processor.py:830} INFO - Processing file /home/logi/txtai/venv/lib/python3.10/site-packages/airflow/example_dags/tutorial_taskflow_api.py for tasks to queue
[2025-11-11T18:59:09.712+0530] {logging_mixin.py:188} INFO - [2025-11-11T18:59:09.712+0530] {dagbag.py:545} INFO - Filling up the DagBag from /home/logi/txtai/venv/lib/python3.10/site-packages/airflow/example_dags/tutorial_taskflow_api.py
[2025-11-11T18:59:09.720+0530] {processor.py:840} INFO - DAG(s) 'tutorial_taskflow_api' retrieved from /home/logi/txtai/venv/lib/python3.10/site-packages/airflow/example_dags/tutorial_taskflow_api.py
[2025-11-11T18:59:09.736+0530] {logging_mixin.py:188} INFO - [2025-11-11T18:59:09.736+0530] {dag.py:3089} INFO - Sync 1 DAGs
[2025-11-11T18:59:09.746+0530] {logging_mixin.py:188} INFO - [2025-11-11T18:59:09.746+0530] {dag.py:3947} INFO - Setting next_dagrun for tutorial_taskflow_api to None, run_after=None
[2025-11-11T18:59:09.767+0530] {processor.py:183} INFO - Processing /home/logi/txtai/venv/lib/python3.10/site-packages/airflow/example_dags/tutorial_taskflow_api.py took 0.066 seconds
[2025-11-11T18:59:58.959+0530] {processor.py:161} INFO - Started process (PID=13557) to work on /home/logi/txtai/venv/lib/python3.10/site-packages/airflow/example_dags/tutorial_taskflow_api.py
[2025-11-11T18:59:58.974+0530] {processor.py:830} INFO - Processing file /home/logi/txtai/venv/lib/python3.10/site-packages/airflow/example_dags/tutorial_taskflow_api.py for tasks to queue
[2025-11-11T18:59:58.976+0530] {logging_mixin.py:188} INFO - [2025-11-11T18:59:58.976+0530] {dagbag.py:545} INFO - Filling up the DagBag from /home/logi/txtai/venv/lib/python3.10/site-packages/airflow/example_dags/tutorial_taskflow_api.py
[2025-11-11T18:59:58.984+0530] {processor.py:840} INFO - DAG(s) 'tutorial_taskflow_api' retrieved from /home/logi/txtai/venv/lib/python3.10/site-packages/airflow/example_dags/tutorial_taskflow_api.py
[2025-11-11T18:59:59.002+0530] {logging_mixin.py:188} INFO - [2025-11-11T18:59:59.002+0530] {dag.py:3089} INFO - Sync 1 DAGs
[2025-11-11T18:59:59.013+0530] {logging_mixin.py:188} INFO - [2025-11-11T18:59:59.013+0530] {dag.py:3947} INFO - Setting next_dagrun for tutorial_taskflow_api to None, run_after=None
[2025-11-11T18:59:59.035+0530] {processor.py:183} INFO - Processing /home/logi/txtai/venv/lib/python3.10/site-packages/airflow/example_dags/tutorial_taskflow_api.py took 0.084 seconds
[2025-11-11T19:00:48.231+0530] {processor.py:161} INFO - Started process (PID=13624) to work on /home/logi/txtai/venv/lib/python3.10/site-packages/airflow/example_dags/tutorial_taskflow_api.py
[2025-11-11T19:00:48.245+0530] {processor.py:830} INFO - Processing file /home/logi/txtai/venv/lib/python3.10/site-packages/airflow/example_dags/tutorial_taskflow_api.py for tasks to queue
[2025-11-11T19:00:48.248+0530] {logging_mixin.py:188} INFO - [2025-11-11T19:00:48.248+0530] {dagbag.py:545} INFO - Filling up the DagBag from /home/logi/txtai/venv/lib/python3.10/site-packages/airflow/example_dags/tutorial_taskflow_api.py
[2025-11-11T19:00:48.259+0530] {processor.py:840} INFO - DAG(s) 'tutorial_taskflow_api' retrieved from /home/logi/txtai/venv/lib/python3.10/site-packages/airflow/example_dags/tutorial_taskflow_api.py
[2025-11-11T19:00:48.285+0530] {logging_mixin.py:188} INFO - [2025-11-11T19:00:48.285+0530] {dag.py:3089} INFO - Sync 1 DAGs
[2025-11-11T19:00:48.300+0530] {logging_mixin.py:188} INFO - [2025-11-11T19:00:48.300+0530] {dag.py:3947} INFO - Setting next_dagrun for tutorial_taskflow_api to None, run_after=None
[2025-11-11T19:00:48.320+0530] {processor.py:183} INFO - Processing /home/logi/txtai/venv/lib/python3.10/site-packages/airflow/example_dags/tutorial_taskflow_api.py took 0.100 seconds
[2025-11-11T19:01:41.909+0530] {processor.py:161} INFO - Started process (PID=13688) to work on /home/logi/txtai/venv/lib/python3.10/site-packages/airflow/example_dags/tutorial_taskflow_api.py
[2025-11-11T19:01:41.922+0530] {processor.py:830} INFO - Processing file /home/logi/txtai/venv/lib/python3.10/site-packages/airflow/example_dags/tutorial_taskflow_api.py for tasks to queue
[2025-11-11T19:01:41.925+0530] {logging_mixin.py:188} INFO - [2025-11-11T19:01:41.925+0530] {dagbag.py:545} INFO - Filling up the DagBag from /home/logi/txtai/venv/lib/python3.10/site-packages/airflow/example_dags/tutorial_taskflow_api.py
[2025-11-11T19:01:41.937+0530] {processor.py:840} INFO - DAG(s) 'tutorial_taskflow_api' retrieved from /home/logi/txtai/venv/lib/python3.10/site-packages/airflow/example_dags/tutorial_taskflow_api.py
[2025-11-11T19:01:41.964+0530] {logging_mixin.py:188} INFO - [2025-11-11T19:01:41.964+0530] {dag.py:3089} INFO - Sync 1 DAGs
[2025-11-11T19:01:41.979+0530] {logging_mixin.py:188} INFO - [2025-11-11T19:01:41.978+0530] {dag.py:3947} INFO - Setting next_dagrun for tutorial_taskflow_api to None, run_after=None
[2025-11-11T19:01:42.006+0530] {processor.py:183} INFO - Processing /home/logi/txtai/venv/lib/python3.10/site-packages/airflow/example_dags/tutorial_taskflow_api.py took 0.109 seconds
[2025-11-11T19:02:32.901+0530] {processor.py:161} INFO - Started process (PID=13750) to work on /home/logi/txtai/venv/lib/python3.10/site-packages/airflow/example_dags/tutorial_taskflow_api.py
[2025-11-11T19:02:32.915+0530] {processor.py:830} INFO - Processing file /home/logi/txtai/venv/lib/python3.10/site-packages/airflow/example_dags/tutorial_taskflow_api.py for tasks to queue
[2025-11-11T19:02:32.918+0530] {logging_mixin.py:188} INFO - [2025-11-11T19:02:32.918+0530] {dagbag.py:545} INFO - Filling up the DagBag from /home/logi/txtai/venv/lib/python3.10/site-packages/airflow/example_dags/tutorial_taskflow_api.py
[2025-11-11T19:02:32.930+0530] {processor.py:840} INFO - DAG(s) 'tutorial_taskflow_api' retrieved from /home/logi/txtai/venv/lib/python3.10/site-packages/airflow/example_dags/tutorial_taskflow_api.py
[2025-11-11T19:02:32.957+0530] {logging_mixin.py:188} INFO - [2025-11-11T19:02:32.956+0530] {dag.py:3089} INFO - Sync 1 DAGs
[2025-11-11T19:02:32.972+0530] {logging_mixin.py:188} INFO - [2025-11-11T19:02:32.971+0530] {dag.py:3947} INFO - Setting next_dagrun for tutorial_taskflow_api to None, run_after=None
[2025-11-11T19:02:33.000+0530] {processor.py:183} INFO - Processing /home/logi/txtai/venv/lib/python3.10/site-packages/airflow/example_dags/tutorial_taskflow_api.py took 0.110 seconds
[2025-11-11T19:03:22.499+0530] {processor.py:161} INFO - Started process (PID=13843) to work on /home/logi/txtai/venv/lib/python3.10/site-packages/airflow/example_dags/tutorial_taskflow_api.py
[2025-11-11T19:03:22.513+0530] {processor.py:830} INFO - Processing file /home/logi/txtai/venv/lib/python3.10/site-packages/airflow/example_dags/tutorial_taskflow_api.py for tasks to queue
[2025-11-11T19:03:22.517+0530] {logging_mixin.py:188} INFO - [2025-11-11T19:03:22.516+0530] {dagbag.py:545} INFO - Filling up the DagBag from /home/logi/txtai/venv/lib/python3.10/site-packages/airflow/example_dags/tutorial_taskflow_api.py
[2025-11-11T19:03:22.528+0530] {processor.py:840} INFO - DAG(s) 'tutorial_taskflow_api' retrieved from /home/logi/txtai/venv/lib/python3.10/site-packages/airflow/example_dags/tutorial_taskflow_api.py
[2025-11-11T19:03:22.549+0530] {logging_mixin.py:188} INFO - [2025-11-11T19:03:22.549+0530] {dag.py:3089} INFO - Sync 1 DAGs
[2025-11-11T19:03:22.560+0530] {logging_mixin.py:188} INFO - [2025-11-11T19:03:22.559+0530] {dag.py:3947} INFO - Setting next_dagrun for tutorial_taskflow_api to None, run_after=None
[2025-11-11T19:03:22.580+0530] {processor.py:183} INFO - Processing /home/logi/txtai/venv/lib/python3.10/site-packages/airflow/example_dags/tutorial_taskflow_api.py took 0.092 seconds
[2025-11-11T19:04:11.749+0530] {processor.py:161} INFO - Started process (PID=13907) to work on /home/logi/txtai/venv/lib/python3.10/site-packages/airflow/example_dags/tutorial_taskflow_api.py
[2025-11-11T19:04:11.762+0530] {processor.py:830} INFO - Processing file /home/logi/txtai/venv/lib/python3.10/site-packages/airflow/example_dags/tutorial_taskflow_api.py for tasks to queue
[2025-11-11T19:04:11.765+0530] {logging_mixin.py:188} INFO - [2025-11-11T19:04:11.765+0530] {dagbag.py:545} INFO - Filling up the DagBag from /home/logi/txtai/venv/lib/python3.10/site-packages/airflow/example_dags/tutorial_taskflow_api.py
[2025-11-11T19:04:11.776+0530] {processor.py:840} INFO - DAG(s) 'tutorial_taskflow_api' retrieved from /home/logi/txtai/venv/lib/python3.10/site-packages/airflow/example_dags/tutorial_taskflow_api.py
[2025-11-11T19:04:11.803+0530] {logging_mixin.py:188} INFO - [2025-11-11T19:04:11.802+0530] {dag.py:3089} INFO - Sync 1 DAGs
[2025-11-11T19:04:11.817+0530] {logging_mixin.py:188} INFO - [2025-11-11T19:04:11.817+0530] {dag.py:3947} INFO - Setting next_dagrun for tutorial_taskflow_api to None, run_after=None
[2025-11-11T19:04:11.837+0530] {processor.py:183} INFO - Processing /home/logi/txtai/venv/lib/python3.10/site-packages/airflow/example_dags/tutorial_taskflow_api.py took 0.099 seconds
[2025-11-11T19:05:06.451+0530] {processor.py:161} INFO - Started process (PID=14023) to work on /home/logi/txtai/venv/lib/python3.10/site-packages/airflow/example_dags/tutorial_taskflow_api.py
[2025-11-11T19:05:06.466+0530] {processor.py:830} INFO - Processing file /home/logi/txtai/venv/lib/python3.10/site-packages/airflow/example_dags/tutorial_taskflow_api.py for tasks to queue
[2025-11-11T19:05:06.471+0530] {logging_mixin.py:188} INFO - [2025-11-11T19:05:06.470+0530] {dagbag.py:545} INFO - Filling up the DagBag from /home/logi/txtai/venv/lib/python3.10/site-packages/airflow/example_dags/tutorial_taskflow_api.py
[2025-11-11T19:05:06.489+0530] {processor.py:840} INFO - DAG(s) 'tutorial_taskflow_api' retrieved from /home/logi/txtai/venv/lib/python3.10/site-packages/airflow/example_dags/tutorial_taskflow_api.py
[2025-11-11T19:05:06.529+0530] {logging_mixin.py:188} INFO - [2025-11-11T19:05:06.529+0530] {dag.py:3089} INFO - Sync 1 DAGs
[2025-11-11T19:05:06.551+0530] {logging_mixin.py:188} INFO - [2025-11-11T19:05:06.550+0530] {dag.py:3947} INFO - Setting next_dagrun for tutorial_taskflow_api to None, run_after=None
[2025-11-11T19:05:06.606+0530] {processor.py:183} INFO - Processing /home/logi/txtai/venv/lib/python3.10/site-packages/airflow/example_dags/tutorial_taskflow_api.py took 0.172 seconds
[2025-11-11T19:05:55.710+0530] {processor.py:161} INFO - Started process (PID=14118) to work on /home/logi/txtai/venv/lib/python3.10/site-packages/airflow/example_dags/tutorial_taskflow_api.py
[2025-11-11T19:05:55.713+0530] {processor.py:830} INFO - Processing file /home/logi/txtai/venv/lib/python3.10/site-packages/airflow/example_dags/tutorial_taskflow_api.py for tasks to queue
[2025-11-11T19:05:55.719+0530] {logging_mixin.py:188} INFO - [2025-11-11T19:05:55.718+0530] {dagbag.py:545} INFO - Filling up the DagBag from /home/logi/txtai/venv/lib/python3.10/site-packages/airflow/example_dags/tutorial_taskflow_api.py
[2025-11-11T19:05:55.728+0530] {processor.py:840} INFO - DAG(s) 'tutorial_taskflow_api' retrieved from /home/logi/txtai/venv/lib/python3.10/site-packages/airflow/example_dags/tutorial_taskflow_api.py
[2025-11-11T19:05:55.750+0530] {logging_mixin.py:188} INFO - [2025-11-11T19:05:55.750+0530] {dag.py:3089} INFO - Sync 1 DAGs
[2025-11-11T19:05:55.762+0530] {logging_mixin.py:188} INFO - [2025-11-11T19:05:55.762+0530] {dag.py:3947} INFO - Setting next_dagrun for tutorial_taskflow_api to None, run_after=None
[2025-11-11T19:05:55.794+0530] {processor.py:183} INFO - Processing /home/logi/txtai/venv/lib/python3.10/site-packages/airflow/example_dags/tutorial_taskflow_api.py took 0.102 seconds
[2025-11-11T19:06:40.744+0530] {processor.py:161} INFO - Started process (PID=14198) to work on /home/logi/txtai/venv/lib/python3.10/site-packages/airflow/example_dags/tutorial_taskflow_api.py
[2025-11-11T19:06:40.746+0530] {processor.py:830} INFO - Processing file /home/logi/txtai/venv/lib/python3.10/site-packages/airflow/example_dags/tutorial_taskflow_api.py for tasks to queue
[2025-11-11T19:06:40.748+0530] {logging_mixin.py:188} INFO - [2025-11-11T19:06:40.748+0530] {dagbag.py:545} INFO - Filling up the DagBag from /home/logi/txtai/venv/lib/python3.10/site-packages/airflow/example_dags/tutorial_taskflow_api.py
[2025-11-11T19:06:40.758+0530] {processor.py:840} INFO - DAG(s) 'tutorial_taskflow_api' retrieved from /home/logi/txtai/venv/lib/python3.10/site-packages/airflow/example_dags/tutorial_taskflow_api.py
[2025-11-11T19:06:40.780+0530] {logging_mixin.py:188} INFO - [2025-11-11T19:06:40.780+0530] {dag.py:3089} INFO - Sync 1 DAGs
[2025-11-11T19:06:40.789+0530] {logging_mixin.py:188} INFO - [2025-11-11T19:06:40.789+0530] {dag.py:3947} INFO - Setting next_dagrun for tutorial_taskflow_api to None, run_after=None
[2025-11-11T19:06:40.814+0530] {processor.py:183} INFO - Processing /home/logi/txtai/venv/lib/python3.10/site-packages/airflow/example_dags/tutorial_taskflow_api.py took 0.081 seconds
[2025-11-11T19:08:42.523+0530] {processor.py:161} INFO - Started process (PID=14778) to work on /home/logi/txtai/venv/lib/python3.10/site-packages/airflow/example_dags/tutorial_taskflow_api.py
[2025-11-11T19:08:42.536+0530] {processor.py:830} INFO - Processing file /home/logi/txtai/venv/lib/python3.10/site-packages/airflow/example_dags/tutorial_taskflow_api.py for tasks to queue
[2025-11-11T19:08:42.541+0530] {logging_mixin.py:188} INFO - [2025-11-11T19:08:42.540+0530] {dagbag.py:545} INFO - Filling up the DagBag from /home/logi/txtai/venv/lib/python3.10/site-packages/airflow/example_dags/tutorial_taskflow_api.py
[2025-11-11T19:08:42.559+0530] {processor.py:840} INFO - DAG(s) 'tutorial_taskflow_api' retrieved from /home/logi/txtai/venv/lib/python3.10/site-packages/airflow/example_dags/tutorial_taskflow_api.py
[2025-11-11T19:08:42.665+0530] {logging_mixin.py:188} INFO - [2025-11-11T19:08:42.665+0530] {dag.py:3089} INFO - Sync 1 DAGs
[2025-11-11T19:08:42.674+0530] {logging_mixin.py:188} INFO - [2025-11-11T19:08:42.674+0530] {dag.py:3947} INFO - Setting next_dagrun for tutorial_taskflow_api to None, run_after=None
[2025-11-11T19:08:42.706+0530] {processor.py:183} INFO - Processing /home/logi/txtai/venv/lib/python3.10/site-packages/airflow/example_dags/tutorial_taskflow_api.py took 0.194 seconds
[2025-11-11T19:09:44.135+0530] {processor.py:161} INFO - Started process (PID=14985) to work on /home/logi/txtai/venv/lib/python3.10/site-packages/airflow/example_dags/tutorial_taskflow_api.py
[2025-11-11T19:09:44.148+0530] {processor.py:830} INFO - Processing file /home/logi/txtai/venv/lib/python3.10/site-packages/airflow/example_dags/tutorial_taskflow_api.py for tasks to queue
[2025-11-11T19:09:44.151+0530] {logging_mixin.py:188} INFO - [2025-11-11T19:09:44.151+0530] {dagbag.py:545} INFO - Filling up the DagBag from /home/logi/txtai/venv/lib/python3.10/site-packages/airflow/example_dags/tutorial_taskflow_api.py
[2025-11-11T19:09:44.162+0530] {processor.py:840} INFO - DAG(s) 'tutorial_taskflow_api' retrieved from /home/logi/txtai/venv/lib/python3.10/site-packages/airflow/example_dags/tutorial_taskflow_api.py
[2025-11-11T19:09:44.191+0530] {logging_mixin.py:188} INFO - [2025-11-11T19:09:44.190+0530] {dag.py:3089} INFO - Sync 1 DAGs
[2025-11-11T19:09:44.208+0530] {logging_mixin.py:188} INFO - [2025-11-11T19:09:44.207+0530] {dag.py:3947} INFO - Setting next_dagrun for tutorial_taskflow_api to None, run_after=None
[2025-11-11T19:09:44.232+0530] {processor.py:183} INFO - Processing /home/logi/txtai/venv/lib/python3.10/site-packages/airflow/example_dags/tutorial_taskflow_api.py took 0.109 seconds
[2025-11-11T19:10:43.431+0530] {processor.py:161} INFO - Started process (PID=15079) to work on /home/logi/txtai/venv/lib/python3.10/site-packages/airflow/example_dags/tutorial_taskflow_api.py
[2025-11-11T19:10:43.434+0530] {processor.py:830} INFO - Processing file /home/logi/txtai/venv/lib/python3.10/site-packages/airflow/example_dags/tutorial_taskflow_api.py for tasks to queue
[2025-11-11T19:10:43.440+0530] {logging_mixin.py:188} INFO - [2025-11-11T19:10:43.439+0530] {dagbag.py:545} INFO - Filling up the DagBag from /home/logi/txtai/venv/lib/python3.10/site-packages/airflow/example_dags/tutorial_taskflow_api.py
[2025-11-11T19:10:43.460+0530] {processor.py:840} INFO - DAG(s) 'tutorial_taskflow_api' retrieved from /home/logi/txtai/venv/lib/python3.10/site-packages/airflow/example_dags/tutorial_taskflow_api.py
[2025-11-11T19:10:43.524+0530] {logging_mixin.py:188} INFO - [2025-11-11T19:10:43.523+0530] {dag.py:3089} INFO - Sync 1 DAGs
[2025-11-11T19:10:43.559+0530] {logging_mixin.py:188} INFO - [2025-11-11T19:10:43.558+0530] {dag.py:3947} INFO - Setting next_dagrun for tutorial_taskflow_api to None, run_after=None
[2025-11-11T19:10:43.639+0530] {processor.py:183} INFO - Processing /home/logi/txtai/venv/lib/python3.10/site-packages/airflow/example_dags/tutorial_taskflow_api.py took 0.226 seconds
[2025-11-11T19:11:42.156+0530] {processor.py:161} INFO - Started process (PID=15172) to work on /home/logi/txtai/venv/lib/python3.10/site-packages/airflow/example_dags/tutorial_taskflow_api.py
[2025-11-11T19:11:42.169+0530] {processor.py:830} INFO - Processing file /home/logi/txtai/venv/lib/python3.10/site-packages/airflow/example_dags/tutorial_taskflow_api.py for tasks to queue
[2025-11-11T19:11:42.172+0530] {logging_mixin.py:188} INFO - [2025-11-11T19:11:42.171+0530] {dagbag.py:545} INFO - Filling up the DagBag from /home/logi/txtai/venv/lib/python3.10/site-packages/airflow/example_dags/tutorial_taskflow_api.py
[2025-11-11T19:11:42.183+0530] {processor.py:840} INFO - DAG(s) 'tutorial_taskflow_api' retrieved from /home/logi/txtai/venv/lib/python3.10/site-packages/airflow/example_dags/tutorial_taskflow_api.py
[2025-11-11T19:11:42.207+0530] {logging_mixin.py:188} INFO - [2025-11-11T19:11:42.206+0530] {dag.py:3089} INFO - Sync 1 DAGs
[2025-11-11T19:11:42.217+0530] {logging_mixin.py:188} INFO - [2025-11-11T19:11:42.217+0530] {dag.py:3947} INFO - Setting next_dagrun for tutorial_taskflow_api to None, run_after=None
[2025-11-11T19:11:42.237+0530] {processor.py:183} INFO - Processing /home/logi/txtai/venv/lib/python3.10/site-packages/airflow/example_dags/tutorial_taskflow_api.py took 0.088 seconds
[2025-11-11T19:12:35.291+0530] {processor.py:161} INFO - Started process (PID=15331) to work on /home/logi/txtai/venv/lib/python3.10/site-packages/airflow/example_dags/tutorial_taskflow_api.py
[2025-11-11T19:12:35.304+0530] {processor.py:830} INFO - Processing file /home/logi/txtai/venv/lib/python3.10/site-packages/airflow/example_dags/tutorial_taskflow_api.py for tasks to queue
[2025-11-11T19:12:35.307+0530] {logging_mixin.py:188} INFO - [2025-11-11T19:12:35.306+0530] {dagbag.py:545} INFO - Filling up the DagBag from /home/logi/txtai/venv/lib/python3.10/site-packages/airflow/example_dags/tutorial_taskflow_api.py
[2025-11-11T19:12:35.317+0530] {processor.py:840} INFO - DAG(s) 'tutorial_taskflow_api' retrieved from /home/logi/txtai/venv/lib/python3.10/site-packages/airflow/example_dags/tutorial_taskflow_api.py
[2025-11-11T19:12:35.341+0530] {logging_mixin.py:188} INFO - [2025-11-11T19:12:35.340+0530] {dag.py:3089} INFO - Sync 1 DAGs
[2025-11-11T19:12:35.357+0530] {logging_mixin.py:188} INFO - [2025-11-11T19:12:35.357+0530] {dag.py:3947} INFO - Setting next_dagrun for tutorial_taskflow_api to None, run_after=None
[2025-11-11T19:12:35.380+0530] {processor.py:183} INFO - Processing /home/logi/txtai/venv/lib/python3.10/site-packages/airflow/example_dags/tutorial_taskflow_api.py took 0.101 seconds
[2025-11-11T19:13:31.045+0530] {processor.py:161} INFO - Started process (PID=15438) to work on /home/logi/txtai/venv/lib/python3.10/site-packages/airflow/example_dags/tutorial_taskflow_api.py
[2025-11-11T19:13:31.058+0530] {processor.py:830} INFO - Processing file /home/logi/txtai/venv/lib/python3.10/site-packages/airflow/example_dags/tutorial_taskflow_api.py for tasks to queue
[2025-11-11T19:13:31.061+0530] {logging_mixin.py:188} INFO - [2025-11-11T19:13:31.060+0530] {dagbag.py:545} INFO - Filling up the DagBag from /home/logi/txtai/venv/lib/python3.10/site-packages/airflow/example_dags/tutorial_taskflow_api.py
[2025-11-11T19:13:31.074+0530] {processor.py:840} INFO - DAG(s) 'tutorial_taskflow_api' retrieved from /home/logi/txtai/venv/lib/python3.10/site-packages/airflow/example_dags/tutorial_taskflow_api.py
[2025-11-11T19:13:31.104+0530] {logging_mixin.py:188} INFO - [2025-11-11T19:13:31.103+0530] {dag.py:3089} INFO - Sync 1 DAGs
[2025-11-11T19:13:31.119+0530] {logging_mixin.py:188} INFO - [2025-11-11T19:13:31.119+0530] {dag.py:3947} INFO - Setting next_dagrun for tutorial_taskflow_api to None, run_after=None
[2025-11-11T19:13:31.150+0530] {processor.py:183} INFO - Processing /home/logi/txtai/venv/lib/python3.10/site-packages/airflow/example_dags/tutorial_taskflow_api.py took 0.117 seconds
[2025-11-11T19:14:33.358+0530] {processor.py:161} INFO - Started process (PID=15607) to work on /home/logi/txtai/venv/lib/python3.10/site-packages/airflow/example_dags/tutorial_taskflow_api.py
[2025-11-11T19:14:33.371+0530] {processor.py:830} INFO - Processing file /home/logi/txtai/venv/lib/python3.10/site-packages/airflow/example_dags/tutorial_taskflow_api.py for tasks to queue
[2025-11-11T19:14:33.374+0530] {logging_mixin.py:188} INFO - [2025-11-11T19:14:33.374+0530] {dagbag.py:545} INFO - Filling up the DagBag from /home/logi/txtai/venv/lib/python3.10/site-packages/airflow/example_dags/tutorial_taskflow_api.py
[2025-11-11T19:14:33.385+0530] {processor.py:840} INFO - DAG(s) 'tutorial_taskflow_api' retrieved from /home/logi/txtai/venv/lib/python3.10/site-packages/airflow/example_dags/tutorial_taskflow_api.py
[2025-11-11T19:14:33.410+0530] {logging_mixin.py:188} INFO - [2025-11-11T19:14:33.410+0530] {dag.py:3089} INFO - Sync 1 DAGs
[2025-11-11T19:14:33.425+0530] {logging_mixin.py:188} INFO - [2025-11-11T19:14:33.424+0530] {dag.py:3947} INFO - Setting next_dagrun for tutorial_taskflow_api to None, run_after=None
[2025-11-11T19:14:33.459+0530] {processor.py:183} INFO - Processing /home/logi/txtai/venv/lib/python3.10/site-packages/airflow/example_dags/tutorial_taskflow_api.py took 0.112 seconds
[2025-11-11T19:15:36.909+0530] {processor.py:161} INFO - Started process (PID=15770) to work on /home/logi/txtai/venv/lib/python3.10/site-packages/airflow/example_dags/tutorial_taskflow_api.py
[2025-11-11T19:15:36.922+0530] {processor.py:830} INFO - Processing file /home/logi/txtai/venv/lib/python3.10/site-packages/airflow/example_dags/tutorial_taskflow_api.py for tasks to queue
[2025-11-11T19:15:36.925+0530] {logging_mixin.py:188} INFO - [2025-11-11T19:15:36.924+0530] {dagbag.py:545} INFO - Filling up the DagBag from /home/logi/txtai/venv/lib/python3.10/site-packages/airflow/example_dags/tutorial_taskflow_api.py
[2025-11-11T19:15:36.936+0530] {processor.py:840} INFO - DAG(s) 'tutorial_taskflow_api' retrieved from /home/logi/txtai/venv/lib/python3.10/site-packages/airflow/example_dags/tutorial_taskflow_api.py
[2025-11-11T19:15:36.961+0530] {logging_mixin.py:188} INFO - [2025-11-11T19:15:36.961+0530] {dag.py:3089} INFO - Sync 1 DAGs
[2025-11-11T19:15:36.974+0530] {logging_mixin.py:188} INFO - [2025-11-11T19:15:36.974+0530] {dag.py:3947} INFO - Setting next_dagrun for tutorial_taskflow_api to None, run_after=None
[2025-11-11T19:15:37.001+0530] {processor.py:183} INFO - Processing /home/logi/txtai/venv/lib/python3.10/site-packages/airflow/example_dags/tutorial_taskflow_api.py took 0.103 seconds
[2025-11-11T19:16:34.961+0530] {processor.py:161} INFO - Started process (PID=15919) to work on /home/logi/txtai/venv/lib/python3.10/site-packages/airflow/example_dags/tutorial_taskflow_api.py
[2025-11-11T19:16:34.974+0530] {processor.py:830} INFO - Processing file /home/logi/txtai/venv/lib/python3.10/site-packages/airflow/example_dags/tutorial_taskflow_api.py for tasks to queue
[2025-11-11T19:16:34.978+0530] {logging_mixin.py:188} INFO - [2025-11-11T19:16:34.977+0530] {dagbag.py:545} INFO - Filling up the DagBag from /home/logi/txtai/venv/lib/python3.10/site-packages/airflow/example_dags/tutorial_taskflow_api.py
[2025-11-11T19:16:34.989+0530] {processor.py:840} INFO - DAG(s) 'tutorial_taskflow_api' retrieved from /home/logi/txtai/venv/lib/python3.10/site-packages/airflow/example_dags/tutorial_taskflow_api.py
[2025-11-11T19:16:35.019+0530] {logging_mixin.py:188} INFO - [2025-11-11T19:16:35.019+0530] {dag.py:3089} INFO - Sync 1 DAGs
[2025-11-11T19:16:35.032+0530] {logging_mixin.py:188} INFO - [2025-11-11T19:16:35.032+0530] {dag.py:3947} INFO - Setting next_dagrun for tutorial_taskflow_api to None, run_after=None
[2025-11-11T19:16:35.060+0530] {processor.py:183} INFO - Processing /home/logi/txtai/venv/lib/python3.10/site-packages/airflow/example_dags/tutorial_taskflow_api.py took 0.110 seconds
[2025-11-11T19:17:32.050+0530] {processor.py:161} INFO - Started process (PID=15990) to work on /home/logi/txtai/venv/lib/python3.10/site-packages/airflow/example_dags/tutorial_taskflow_api.py
[2025-11-11T19:17:32.063+0530] {processor.py:830} INFO - Processing file /home/logi/txtai/venv/lib/python3.10/site-packages/airflow/example_dags/tutorial_taskflow_api.py for tasks to queue
[2025-11-11T19:17:32.066+0530] {logging_mixin.py:188} INFO - [2025-11-11T19:17:32.065+0530] {dagbag.py:545} INFO - Filling up the DagBag from /home/logi/txtai/venv/lib/python3.10/site-packages/airflow/example_dags/tutorial_taskflow_api.py
[2025-11-11T19:17:32.077+0530] {processor.py:840} INFO - DAG(s) 'tutorial_taskflow_api' retrieved from /home/logi/txtai/venv/lib/python3.10/site-packages/airflow/example_dags/tutorial_taskflow_api.py
[2025-11-11T19:17:32.102+0530] {logging_mixin.py:188} INFO - [2025-11-11T19:17:32.102+0530] {dag.py:3089} INFO - Sync 1 DAGs
[2025-11-11T19:17:32.113+0530] {logging_mixin.py:188} INFO - [2025-11-11T19:17:32.113+0530] {dag.py:3947} INFO - Setting next_dagrun for tutorial_taskflow_api to None, run_after=None
[2025-11-11T19:17:32.141+0530] {processor.py:183} INFO - Processing /home/logi/txtai/venv/lib/python3.10/site-packages/airflow/example_dags/tutorial_taskflow_api.py took 0.103 seconds
[2025-11-11T19:18:29.387+0530] {processor.py:161} INFO - Started process (PID=16240) to work on /home/logi/txtai/venv/lib/python3.10/site-packages/airflow/example_dags/tutorial_taskflow_api.py
[2025-11-11T19:18:29.400+0530] {processor.py:830} INFO - Processing file /home/logi/txtai/venv/lib/python3.10/site-packages/airflow/example_dags/tutorial_taskflow_api.py for tasks to queue
[2025-11-11T19:18:29.404+0530] {logging_mixin.py:188} INFO - [2025-11-11T19:18:29.403+0530] {dagbag.py:545} INFO - Filling up the DagBag from /home/logi/txtai/venv/lib/python3.10/site-packages/airflow/example_dags/tutorial_taskflow_api.py
[2025-11-11T19:18:29.416+0530] {processor.py:840} INFO - DAG(s) 'tutorial_taskflow_api' retrieved from /home/logi/txtai/venv/lib/python3.10/site-packages/airflow/example_dags/tutorial_taskflow_api.py
[2025-11-11T19:18:29.443+0530] {logging_mixin.py:188} INFO - [2025-11-11T19:18:29.443+0530] {dag.py:3089} INFO - Sync 1 DAGs
[2025-11-11T19:18:29.456+0530] {logging_mixin.py:188} INFO - [2025-11-11T19:18:29.456+0530] {dag.py:3947} INFO - Setting next_dagrun for tutorial_taskflow_api to None, run_after=None
[2025-11-11T19:18:29.483+0530] {processor.py:183} INFO - Processing /home/logi/txtai/venv/lib/python3.10/site-packages/airflow/example_dags/tutorial_taskflow_api.py took 0.108 seconds
[2025-11-11T19:19:22.910+0530] {processor.py:161} INFO - Started process (PID=16331) to work on /home/logi/txtai/venv/lib/python3.10/site-packages/airflow/example_dags/tutorial_taskflow_api.py
[2025-11-11T19:19:22.924+0530] {processor.py:830} INFO - Processing file /home/logi/txtai/venv/lib/python3.10/site-packages/airflow/example_dags/tutorial_taskflow_api.py for tasks to queue
[2025-11-11T19:19:22.927+0530] {logging_mixin.py:188} INFO - [2025-11-11T19:19:22.926+0530] {dagbag.py:545} INFO - Filling up the DagBag from /home/logi/txtai/venv/lib/python3.10/site-packages/airflow/example_dags/tutorial_taskflow_api.py
[2025-11-11T19:19:22.939+0530] {processor.py:840} INFO - DAG(s) 'tutorial_taskflow_api' retrieved from /home/logi/txtai/venv/lib/python3.10/site-packages/airflow/example_dags/tutorial_taskflow_api.py
[2025-11-11T19:19:22.965+0530] {logging_mixin.py:188} INFO - [2025-11-11T19:19:22.965+0530] {dag.py:3089} INFO - Sync 1 DAGs
[2025-11-11T19:19:22.979+0530] {logging_mixin.py:188} INFO - [2025-11-11T19:19:22.979+0530] {dag.py:3947} INFO - Setting next_dagrun for tutorial_taskflow_api to None, run_after=None
[2025-11-11T19:19:23.006+0530] {processor.py:183} INFO - Processing /home/logi/txtai/venv/lib/python3.10/site-packages/airflow/example_dags/tutorial_taskflow_api.py took 0.107 seconds
[2025-11-11T19:20:23.584+0530] {processor.py:161} INFO - Started process (PID=16712) to work on /home/logi/txtai/venv/lib/python3.10/site-packages/airflow/example_dags/tutorial_taskflow_api.py
[2025-11-11T19:20:23.599+0530] {processor.py:830} INFO - Processing file /home/logi/txtai/venv/lib/python3.10/site-packages/airflow/example_dags/tutorial_taskflow_api.py for tasks to queue
[2025-11-11T19:20:23.602+0530] {logging_mixin.py:188} INFO - [2025-11-11T19:20:23.602+0530] {dagbag.py:545} INFO - Filling up the DagBag from /home/logi/txtai/venv/lib/python3.10/site-packages/airflow/example_dags/tutorial_taskflow_api.py
[2025-11-11T19:20:23.620+0530] {processor.py:840} INFO - DAG(s) 'tutorial_taskflow_api' retrieved from /home/logi/txtai/venv/lib/python3.10/site-packages/airflow/example_dags/tutorial_taskflow_api.py
[2025-11-11T19:20:23.657+0530] {logging_mixin.py:188} INFO - [2025-11-11T19:20:23.657+0530] {dag.py:3089} INFO - Sync 1 DAGs
[2025-11-11T19:20:23.666+0530] {logging_mixin.py:188} INFO - [2025-11-11T19:20:23.666+0530] {dag.py:3947} INFO - Setting next_dagrun for tutorial_taskflow_api to None, run_after=None
[2025-11-11T19:20:23.687+0530] {processor.py:183} INFO - Processing /home/logi/txtai/venv/lib/python3.10/site-packages/airflow/example_dags/tutorial_taskflow_api.py took 0.115 seconds
[2025-11-11T19:21:21.139+0530] {processor.py:161} INFO - Started process (PID=16803) to work on /home/logi/txtai/venv/lib/python3.10/site-packages/airflow/example_dags/tutorial_taskflow_api.py
[2025-11-11T19:21:21.152+0530] {processor.py:830} INFO - Processing file /home/logi/txtai/venv/lib/python3.10/site-packages/airflow/example_dags/tutorial_taskflow_api.py for tasks to queue
[2025-11-11T19:21:21.156+0530] {logging_mixin.py:188} INFO - [2025-11-11T19:21:21.155+0530] {dagbag.py:545} INFO - Filling up the DagBag from /home/logi/txtai/venv/lib/python3.10/site-packages/airflow/example_dags/tutorial_taskflow_api.py
[2025-11-11T19:21:21.168+0530] {processor.py:840} INFO - DAG(s) 'tutorial_taskflow_api' retrieved from /home/logi/txtai/venv/lib/python3.10/site-packages/airflow/example_dags/tutorial_taskflow_api.py
[2025-11-11T19:21:21.196+0530] {logging_mixin.py:188} INFO - [2025-11-11T19:21:21.195+0530] {dag.py:3089} INFO - Sync 1 DAGs
[2025-11-11T19:21:21.210+0530] {logging_mixin.py:188} INFO - [2025-11-11T19:21:21.209+0530] {dag.py:3947} INFO - Setting next_dagrun for tutorial_taskflow_api to None, run_after=None
[2025-11-11T19:21:21.238+0530] {processor.py:183} INFO - Processing /home/logi/txtai/venv/lib/python3.10/site-packages/airflow/example_dags/tutorial_taskflow_api.py took 0.109 seconds
[2025-11-11T19:22:19.758+0530] {processor.py:161} INFO - Started process (PID=16940) to work on /home/logi/txtai/venv/lib/python3.10/site-packages/airflow/example_dags/tutorial_taskflow_api.py
[2025-11-11T19:22:19.771+0530] {processor.py:830} INFO - Processing file /home/logi/txtai/venv/lib/python3.10/site-packages/airflow/example_dags/tutorial_taskflow_api.py for tasks to queue
[2025-11-11T19:22:19.774+0530] {logging_mixin.py:188} INFO - [2025-11-11T19:22:19.774+0530] {dagbag.py:545} INFO - Filling up the DagBag from /home/logi/txtai/venv/lib/python3.10/site-packages/airflow/example_dags/tutorial_taskflow_api.py
[2025-11-11T19:22:19.785+0530] {processor.py:840} INFO - DAG(s) 'tutorial_taskflow_api' retrieved from /home/logi/txtai/venv/lib/python3.10/site-packages/airflow/example_dags/tutorial_taskflow_api.py
[2025-11-11T19:22:19.811+0530] {logging_mixin.py:188} INFO - [2025-11-11T19:22:19.810+0530] {dag.py:3089} INFO - Sync 1 DAGs
[2025-11-11T19:22:19.826+0530] {logging_mixin.py:188} INFO - [2025-11-11T19:22:19.826+0530] {dag.py:3947} INFO - Setting next_dagrun for tutorial_taskflow_api to None, run_after=None
[2025-11-11T19:22:19.853+0530] {processor.py:183} INFO - Processing /home/logi/txtai/venv/lib/python3.10/site-packages/airflow/example_dags/tutorial_taskflow_api.py took 0.106 seconds
[2025-11-11T19:23:12.681+0530] {processor.py:161} INFO - Started process (PID=17121) to work on /home/logi/txtai/venv/lib/python3.10/site-packages/airflow/example_dags/tutorial_taskflow_api.py
[2025-11-11T19:23:12.694+0530] {processor.py:830} INFO - Processing file /home/logi/txtai/venv/lib/python3.10/site-packages/airflow/example_dags/tutorial_taskflow_api.py for tasks to queue
[2025-11-11T19:23:12.697+0530] {logging_mixin.py:188} INFO - [2025-11-11T19:23:12.697+0530] {dagbag.py:545} INFO - Filling up the DagBag from /home/logi/txtai/venv/lib/python3.10/site-packages/airflow/example_dags/tutorial_taskflow_api.py
[2025-11-11T19:23:12.709+0530] {processor.py:840} INFO - DAG(s) 'tutorial_taskflow_api' retrieved from /home/logi/txtai/venv/lib/python3.10/site-packages/airflow/example_dags/tutorial_taskflow_api.py
[2025-11-11T19:23:12.737+0530] {logging_mixin.py:188} INFO - [2025-11-11T19:23:12.737+0530] {dag.py:3089} INFO - Sync 1 DAGs
[2025-11-11T19:23:12.751+0530] {logging_mixin.py:188} INFO - [2025-11-11T19:23:12.751+0530] {dag.py:3947} INFO - Setting next_dagrun for tutorial_taskflow_api to None, run_after=None
[2025-11-11T19:23:12.781+0530] {processor.py:183} INFO - Processing /home/logi/txtai/venv/lib/python3.10/site-packages/airflow/example_dags/tutorial_taskflow_api.py took 0.113 seconds
[2025-11-11T19:24:08.986+0530] {processor.py:161} INFO - Started process (PID=17363) to work on /home/logi/txtai/venv/lib/python3.10/site-packages/airflow/example_dags/tutorial_taskflow_api.py
[2025-11-11T19:24:09.000+0530] {processor.py:830} INFO - Processing file /home/logi/txtai/venv/lib/python3.10/site-packages/airflow/example_dags/tutorial_taskflow_api.py for tasks to queue
[2025-11-11T19:24:09.003+0530] {logging_mixin.py:188} INFO - [2025-11-11T19:24:09.003+0530] {dagbag.py:545} INFO - Filling up the DagBag from /home/logi/txtai/venv/lib/python3.10/site-packages/airflow/example_dags/tutorial_taskflow_api.py
[2025-11-11T19:24:09.020+0530] {processor.py:840} INFO - DAG(s) 'tutorial_taskflow_api' retrieved from /home/logi/txtai/venv/lib/python3.10/site-packages/airflow/example_dags/tutorial_taskflow_api.py
[2025-11-11T19:24:09.052+0530] {logging_mixin.py:188} INFO - [2025-11-11T19:24:09.052+0530] {dag.py:3089} INFO - Sync 1 DAGs
[2025-11-11T19:24:09.065+0530] {logging_mixin.py:188} INFO - [2025-11-11T19:24:09.064+0530] {dag.py:3947} INFO - Setting next_dagrun for tutorial_taskflow_api to None, run_after=None
[2025-11-11T19:24:09.096+0530] {processor.py:183} INFO - Processing /home/logi/txtai/venv/lib/python3.10/site-packages/airflow/example_dags/tutorial_taskflow_api.py took 0.122 seconds
[2025-11-11T19:25:09.260+0530] {processor.py:161} INFO - Started process (PID=17592) to work on /home/logi/txtai/venv/lib/python3.10/site-packages/airflow/example_dags/tutorial_taskflow_api.py
[2025-11-11T19:25:09.274+0530] {processor.py:830} INFO - Processing file /home/logi/txtai/venv/lib/python3.10/site-packages/airflow/example_dags/tutorial_taskflow_api.py for tasks to queue
[2025-11-11T19:25:09.277+0530] {logging_mixin.py:188} INFO - [2025-11-11T19:25:09.276+0530] {dagbag.py:545} INFO - Filling up the DagBag from /home/logi/txtai/venv/lib/python3.10/site-packages/airflow/example_dags/tutorial_taskflow_api.py
[2025-11-11T19:25:09.288+0530] {processor.py:840} INFO - DAG(s) 'tutorial_taskflow_api' retrieved from /home/logi/txtai/venv/lib/python3.10/site-packages/airflow/example_dags/tutorial_taskflow_api.py
[2025-11-11T19:25:09.313+0530] {logging_mixin.py:188} INFO - [2025-11-11T19:25:09.313+0530] {dag.py:3089} INFO - Sync 1 DAGs
[2025-11-11T19:25:09.329+0530] {logging_mixin.py:188} INFO - [2025-11-11T19:25:09.329+0530] {dag.py:3947} INFO - Setting next_dagrun for tutorial_taskflow_api to None, run_after=None
[2025-11-11T19:25:09.357+0530] {processor.py:183} INFO - Processing /home/logi/txtai/venv/lib/python3.10/site-packages/airflow/example_dags/tutorial_taskflow_api.py took 0.109 seconds
[2025-11-11T19:26:07.730+0530] {processor.py:161} INFO - Started process (PID=17848) to work on /home/logi/txtai/venv/lib/python3.10/site-packages/airflow/example_dags/tutorial_taskflow_api.py
[2025-11-11T19:26:07.744+0530] {processor.py:830} INFO - Processing file /home/logi/txtai/venv/lib/python3.10/site-packages/airflow/example_dags/tutorial_taskflow_api.py for tasks to queue
[2025-11-11T19:26:07.748+0530] {logging_mixin.py:188} INFO - [2025-11-11T19:26:07.747+0530] {dagbag.py:545} INFO - Filling up the DagBag from /home/logi/txtai/venv/lib/python3.10/site-packages/airflow/example_dags/tutorial_taskflow_api.py
[2025-11-11T19:26:07.757+0530] {processor.py:840} INFO - DAG(s) 'tutorial_taskflow_api' retrieved from /home/logi/txtai/venv/lib/python3.10/site-packages/airflow/example_dags/tutorial_taskflow_api.py
[2025-11-11T19:26:07.779+0530] {logging_mixin.py:188} INFO - [2025-11-11T19:26:07.778+0530] {dag.py:3089} INFO - Sync 1 DAGs
[2025-11-11T19:26:07.800+0530] {logging_mixin.py:188} INFO - [2025-11-11T19:26:07.799+0530] {dag.py:3947} INFO - Setting next_dagrun for tutorial_taskflow_api to None, run_after=None
[2025-11-11T19:26:07.838+0530] {processor.py:183} INFO - Processing /home/logi/txtai/venv/lib/python3.10/site-packages/airflow/example_dags/tutorial_taskflow_api.py took 0.126 seconds
[2025-11-11T19:27:04.543+0530] {processor.py:161} INFO - Started process (PID=18023) to work on /home/logi/txtai/venv/lib/python3.10/site-packages/airflow/example_dags/tutorial_taskflow_api.py
[2025-11-11T19:27:04.557+0530] {processor.py:830} INFO - Processing file /home/logi/txtai/venv/lib/python3.10/site-packages/airflow/example_dags/tutorial_taskflow_api.py for tasks to queue
[2025-11-11T19:27:04.560+0530] {logging_mixin.py:188} INFO - [2025-11-11T19:27:04.560+0530] {dagbag.py:545} INFO - Filling up the DagBag from /home/logi/txtai/venv/lib/python3.10/site-packages/airflow/example_dags/tutorial_taskflow_api.py
[2025-11-11T19:27:04.572+0530] {processor.py:840} INFO - DAG(s) 'tutorial_taskflow_api' retrieved from /home/logi/txtai/venv/lib/python3.10/site-packages/airflow/example_dags/tutorial_taskflow_api.py
[2025-11-11T19:27:04.600+0530] {logging_mixin.py:188} INFO - [2025-11-11T19:27:04.599+0530] {dag.py:3089} INFO - Sync 1 DAGs
[2025-11-11T19:27:04.614+0530] {logging_mixin.py:188} INFO - [2025-11-11T19:27:04.613+0530] {dag.py:3947} INFO - Setting next_dagrun for tutorial_taskflow_api to None, run_after=None
[2025-11-11T19:27:04.641+0530] {processor.py:183} INFO - Processing /home/logi/txtai/venv/lib/python3.10/site-packages/airflow/example_dags/tutorial_taskflow_api.py took 0.110 seconds
[2025-11-11T19:28:02.228+0530] {processor.py:161} INFO - Started process (PID=18162) to work on /home/logi/txtai/venv/lib/python3.10/site-packages/airflow/example_dags/tutorial_taskflow_api.py
[2025-11-11T19:28:02.242+0530] {processor.py:830} INFO - Processing file /home/logi/txtai/venv/lib/python3.10/site-packages/airflow/example_dags/tutorial_taskflow_api.py for tasks to queue
[2025-11-11T19:28:02.245+0530] {logging_mixin.py:188} INFO - [2025-11-11T19:28:02.244+0530] {dagbag.py:545} INFO - Filling up the DagBag from /home/logi/txtai/venv/lib/python3.10/site-packages/airflow/example_dags/tutorial_taskflow_api.py
[2025-11-11T19:28:02.256+0530] {processor.py:840} INFO - DAG(s) 'tutorial_taskflow_api' retrieved from /home/logi/txtai/venv/lib/python3.10/site-packages/airflow/example_dags/tutorial_taskflow_api.py
[2025-11-11T19:28:02.282+0530] {logging_mixin.py:188} INFO - [2025-11-11T19:28:02.281+0530] {dag.py:3089} INFO - Sync 1 DAGs
[2025-11-11T19:28:02.297+0530] {logging_mixin.py:188} INFO - [2025-11-11T19:28:02.297+0530] {dag.py:3947} INFO - Setting next_dagrun for tutorial_taskflow_api to None, run_after=None
[2025-11-11T19:28:02.317+0530] {processor.py:183} INFO - Processing /home/logi/txtai/venv/lib/python3.10/site-packages/airflow/example_dags/tutorial_taskflow_api.py took 0.100 seconds
[2025-11-11T19:28:58.150+0530] {processor.py:161} INFO - Started process (PID=18506) to work on /home/logi/txtai/venv/lib/python3.10/site-packages/airflow/example_dags/tutorial_taskflow_api.py
[2025-11-11T19:28:58.163+0530] {processor.py:830} INFO - Processing file /home/logi/txtai/venv/lib/python3.10/site-packages/airflow/example_dags/tutorial_taskflow_api.py for tasks to queue
[2025-11-11T19:28:58.166+0530] {logging_mixin.py:188} INFO - [2025-11-11T19:28:58.165+0530] {dagbag.py:545} INFO - Filling up the DagBag from /home/logi/txtai/venv/lib/python3.10/site-packages/airflow/example_dags/tutorial_taskflow_api.py
[2025-11-11T19:28:58.176+0530] {processor.py:840} INFO - DAG(s) 'tutorial_taskflow_api' retrieved from /home/logi/txtai/venv/lib/python3.10/site-packages/airflow/example_dags/tutorial_taskflow_api.py
[2025-11-11T19:28:58.202+0530] {logging_mixin.py:188} INFO - [2025-11-11T19:28:58.202+0530] {dag.py:3089} INFO - Sync 1 DAGs
[2025-11-11T19:28:58.217+0530] {logging_mixin.py:188} INFO - [2025-11-11T19:28:58.217+0530] {dag.py:3947} INFO - Setting next_dagrun for tutorial_taskflow_api to None, run_after=None
[2025-11-11T19:28:58.244+0530] {processor.py:183} INFO - Processing /home/logi/txtai/venv/lib/python3.10/site-packages/airflow/example_dags/tutorial_taskflow_api.py took 0.105 seconds
[2025-11-11T19:29:54.352+0530] {processor.py:161} INFO - Started process (PID=18589) to work on /home/logi/txtai/venv/lib/python3.10/site-packages/airflow/example_dags/tutorial_taskflow_api.py
[2025-11-11T19:29:54.355+0530] {processor.py:830} INFO - Processing file /home/logi/txtai/venv/lib/python3.10/site-packages/airflow/example_dags/tutorial_taskflow_api.py for tasks to queue
[2025-11-11T19:29:54.357+0530] {logging_mixin.py:188} INFO - [2025-11-11T19:29:54.357+0530] {dagbag.py:545} INFO - Filling up the DagBag from /home/logi/txtai/venv/lib/python3.10/site-packages/airflow/example_dags/tutorial_taskflow_api.py
[2025-11-11T19:29:54.367+0530] {processor.py:840} INFO - DAG(s) 'tutorial_taskflow_api' retrieved from /home/logi/txtai/venv/lib/python3.10/site-packages/airflow/example_dags/tutorial_taskflow_api.py
[2025-11-11T19:29:54.392+0530] {logging_mixin.py:188} INFO - [2025-11-11T19:29:54.392+0530] {dag.py:3089} INFO - Sync 1 DAGs
[2025-11-11T19:29:54.400+0530] {logging_mixin.py:188} INFO - [2025-11-11T19:29:54.400+0530] {dag.py:3947} INFO - Setting next_dagrun for tutorial_taskflow_api to None, run_after=None
[2025-11-11T19:29:54.423+0530] {processor.py:183} INFO - Processing /home/logi/txtai/venv/lib/python3.10/site-packages/airflow/example_dags/tutorial_taskflow_api.py took 0.081 seconds
[2025-11-11T19:30:51.276+0530] {processor.py:161} INFO - Started process (PID=18701) to work on /home/logi/txtai/venv/lib/python3.10/site-packages/airflow/example_dags/tutorial_taskflow_api.py
[2025-11-11T19:30:51.290+0530] {processor.py:830} INFO - Processing file /home/logi/txtai/venv/lib/python3.10/site-packages/airflow/example_dags/tutorial_taskflow_api.py for tasks to queue
[2025-11-11T19:30:51.294+0530] {logging_mixin.py:188} INFO - [2025-11-11T19:30:51.293+0530] {dagbag.py:545} INFO - Filling up the DagBag from /home/logi/txtai/venv/lib/python3.10/site-packages/airflow/example_dags/tutorial_taskflow_api.py
[2025-11-11T19:30:51.305+0530] {processor.py:840} INFO - DAG(s) 'tutorial_taskflow_api' retrieved from /home/logi/txtai/venv/lib/python3.10/site-packages/airflow/example_dags/tutorial_taskflow_api.py
[2025-11-11T19:30:51.331+0530] {logging_mixin.py:188} INFO - [2025-11-11T19:30:51.331+0530] {dag.py:3089} INFO - Sync 1 DAGs
[2025-11-11T19:30:51.346+0530] {logging_mixin.py:188} INFO - [2025-11-11T19:30:51.345+0530] {dag.py:3947} INFO - Setting next_dagrun for tutorial_taskflow_api to None, run_after=None
[2025-11-11T19:30:51.374+0530] {processor.py:183} INFO - Processing /home/logi/txtai/venv/lib/python3.10/site-packages/airflow/example_dags/tutorial_taskflow_api.py took 0.108 seconds
[2025-11-11T19:31:48.393+0530] {processor.py:161} INFO - Started process (PID=18781) to work on /home/logi/txtai/venv/lib/python3.10/site-packages/airflow/example_dags/tutorial_taskflow_api.py
[2025-11-11T19:31:48.408+0530] {processor.py:830} INFO - Processing file /home/logi/txtai/venv/lib/python3.10/site-packages/airflow/example_dags/tutorial_taskflow_api.py for tasks to queue
[2025-11-11T19:31:48.411+0530] {logging_mixin.py:188} INFO - [2025-11-11T19:31:48.410+0530] {dagbag.py:545} INFO - Filling up the DagBag from /home/logi/txtai/venv/lib/python3.10/site-packages/airflow/example_dags/tutorial_taskflow_api.py
[2025-11-11T19:31:48.422+0530] {processor.py:840} INFO - DAG(s) 'tutorial_taskflow_api' retrieved from /home/logi/txtai/venv/lib/python3.10/site-packages/airflow/example_dags/tutorial_taskflow_api.py
[2025-11-11T19:31:48.449+0530] {logging_mixin.py:188} INFO - [2025-11-11T19:31:48.449+0530] {dag.py:3089} INFO - Sync 1 DAGs
[2025-11-11T19:31:48.464+0530] {logging_mixin.py:188} INFO - [2025-11-11T19:31:48.464+0530] {dag.py:3947} INFO - Setting next_dagrun for tutorial_taskflow_api to None, run_after=None
[2025-11-11T19:31:48.495+0530] {processor.py:183} INFO - Processing /home/logi/txtai/venv/lib/python3.10/site-packages/airflow/example_dags/tutorial_taskflow_api.py took 0.113 seconds
[2025-11-11T19:32:43.653+0530] {processor.py:161} INFO - Started process (PID=18864) to work on /home/logi/txtai/venv/lib/python3.10/site-packages/airflow/example_dags/tutorial_taskflow_api.py
[2025-11-11T19:32:43.666+0530] {processor.py:830} INFO - Processing file /home/logi/txtai/venv/lib/python3.10/site-packages/airflow/example_dags/tutorial_taskflow_api.py for tasks to queue
[2025-11-11T19:32:43.669+0530] {logging_mixin.py:188} INFO - [2025-11-11T19:32:43.669+0530] {dagbag.py:545} INFO - Filling up the DagBag from /home/logi/txtai/venv/lib/python3.10/site-packages/airflow/example_dags/tutorial_taskflow_api.py
[2025-11-11T19:32:43.680+0530] {processor.py:840} INFO - DAG(s) 'tutorial_taskflow_api' retrieved from /home/logi/txtai/venv/lib/python3.10/site-packages/airflow/example_dags/tutorial_taskflow_api.py
[2025-11-11T19:32:43.706+0530] {logging_mixin.py:188} INFO - [2025-11-11T19:32:43.706+0530] {dag.py:3089} INFO - Sync 1 DAGs
[2025-11-11T19:32:43.721+0530] {logging_mixin.py:188} INFO - [2025-11-11T19:32:43.721+0530] {dag.py:3947} INFO - Setting next_dagrun for tutorial_taskflow_api to None, run_after=None
[2025-11-11T19:32:43.749+0530] {processor.py:183} INFO - Processing /home/logi/txtai/venv/lib/python3.10/site-packages/airflow/example_dags/tutorial_taskflow_api.py took 0.108 seconds
[2025-11-11T19:33:39.899+0530] {processor.py:161} INFO - Started process (PID=18945) to work on /home/logi/txtai/venv/lib/python3.10/site-packages/airflow/example_dags/tutorial_taskflow_api.py
[2025-11-11T19:33:39.913+0530] {processor.py:830} INFO - Processing file /home/logi/txtai/venv/lib/python3.10/site-packages/airflow/example_dags/tutorial_taskflow_api.py for tasks to queue
[2025-11-11T19:33:39.916+0530] {logging_mixin.py:188} INFO - [2025-11-11T19:33:39.915+0530] {dagbag.py:545} INFO - Filling up the DagBag from /home/logi/txtai/venv/lib/python3.10/site-packages/airflow/example_dags/tutorial_taskflow_api.py
[2025-11-11T19:33:39.927+0530] {processor.py:840} INFO - DAG(s) 'tutorial_taskflow_api' retrieved from /home/logi/txtai/venv/lib/python3.10/site-packages/airflow/example_dags/tutorial_taskflow_api.py
[2025-11-11T19:33:39.955+0530] {logging_mixin.py:188} INFO - [2025-11-11T19:33:39.954+0530] {dag.py:3089} INFO - Sync 1 DAGs
[2025-11-11T19:33:39.966+0530] {logging_mixin.py:188} INFO - [2025-11-11T19:33:39.966+0530] {dag.py:3947} INFO - Setting next_dagrun for tutorial_taskflow_api to None, run_after=None
[2025-11-11T19:33:39.987+0530] {processor.py:183} INFO - Processing /home/logi/txtai/venv/lib/python3.10/site-packages/airflow/example_dags/tutorial_taskflow_api.py took 0.099 seconds
[2025-11-11T19:35:25.793+0530] {processor.py:161} INFO - Started process (PID=19507) to work on /home/logi/txtai/venv/lib/python3.10/site-packages/airflow/example_dags/tutorial_taskflow_api.py
[2025-11-11T19:35:25.809+0530] {processor.py:830} INFO - Processing file /home/logi/txtai/venv/lib/python3.10/site-packages/airflow/example_dags/tutorial_taskflow_api.py for tasks to queue
[2025-11-11T19:35:25.819+0530] {logging_mixin.py:188} INFO - [2025-11-11T19:35:25.816+0530] {dagbag.py:545} INFO - Filling up the DagBag from /home/logi/txtai/venv/lib/python3.10/site-packages/airflow/example_dags/tutorial_taskflow_api.py
[2025-11-11T19:35:25.868+0530] {processor.py:840} INFO - DAG(s) 'tutorial_taskflow_api' retrieved from /home/logi/txtai/venv/lib/python3.10/site-packages/airflow/example_dags/tutorial_taskflow_api.py
[2025-11-11T19:35:25.991+0530] {logging_mixin.py:188} INFO - [2025-11-11T19:35:25.990+0530] {dag.py:3089} INFO - Sync 1 DAGs
[2025-11-11T19:35:26.025+0530] {logging_mixin.py:188} INFO - [2025-11-11T19:35:26.024+0530] {dag.py:3947} INFO - Setting next_dagrun for tutorial_taskflow_api to None, run_after=None
[2025-11-11T19:35:26.085+0530] {processor.py:183} INFO - Processing /home/logi/txtai/venv/lib/python3.10/site-packages/airflow/example_dags/tutorial_taskflow_api.py took 0.330 seconds
[2025-11-11T19:36:28.789+0530] {processor.py:161} INFO - Started process (PID=19699) to work on /home/logi/txtai/venv/lib/python3.10/site-packages/airflow/example_dags/tutorial_taskflow_api.py
[2025-11-11T19:36:28.804+0530] {processor.py:830} INFO - Processing file /home/logi/txtai/venv/lib/python3.10/site-packages/airflow/example_dags/tutorial_taskflow_api.py for tasks to queue
[2025-11-11T19:36:28.811+0530] {logging_mixin.py:188} INFO - [2025-11-11T19:36:28.810+0530] {dagbag.py:545} INFO - Filling up the DagBag from /home/logi/txtai/venv/lib/python3.10/site-packages/airflow/example_dags/tutorial_taskflow_api.py
[2025-11-11T19:36:28.835+0530] {processor.py:840} INFO - DAG(s) 'tutorial_taskflow_api' retrieved from /home/logi/txtai/venv/lib/python3.10/site-packages/airflow/example_dags/tutorial_taskflow_api.py
[2025-11-11T19:36:28.889+0530] {logging_mixin.py:188} INFO - [2025-11-11T19:36:28.888+0530] {dag.py:3089} INFO - Sync 1 DAGs
[2025-11-11T19:36:28.921+0530] {logging_mixin.py:188} INFO - [2025-11-11T19:36:28.920+0530] {dag.py:3947} INFO - Setting next_dagrun for tutorial_taskflow_api to None, run_after=None
[2025-11-11T19:36:29.016+0530] {processor.py:183} INFO - Processing /home/logi/txtai/venv/lib/python3.10/site-packages/airflow/example_dags/tutorial_taskflow_api.py took 0.246 seconds
[2025-11-11T19:37:26.690+0530] {processor.py:161} INFO - Started process (PID=19829) to work on /home/logi/txtai/venv/lib/python3.10/site-packages/airflow/example_dags/tutorial_taskflow_api.py
[2025-11-11T19:37:26.703+0530] {processor.py:830} INFO - Processing file /home/logi/txtai/venv/lib/python3.10/site-packages/airflow/example_dags/tutorial_taskflow_api.py for tasks to queue
[2025-11-11T19:37:26.707+0530] {logging_mixin.py:188} INFO - [2025-11-11T19:37:26.706+0530] {dagbag.py:545} INFO - Filling up the DagBag from /home/logi/txtai/venv/lib/python3.10/site-packages/airflow/example_dags/tutorial_taskflow_api.py
[2025-11-11T19:37:26.718+0530] {processor.py:840} INFO - DAG(s) 'tutorial_taskflow_api' retrieved from /home/logi/txtai/venv/lib/python3.10/site-packages/airflow/example_dags/tutorial_taskflow_api.py
[2025-11-11T19:37:26.746+0530] {logging_mixin.py:188} INFO - [2025-11-11T19:37:26.745+0530] {dag.py:3089} INFO - Sync 1 DAGs
[2025-11-11T19:37:26.757+0530] {logging_mixin.py:188} INFO - [2025-11-11T19:37:26.757+0530] {dag.py:3947} INFO - Setting next_dagrun for tutorial_taskflow_api to None, run_after=None
[2025-11-11T19:37:26.780+0530] {processor.py:183} INFO - Processing /home/logi/txtai/venv/lib/python3.10/site-packages/airflow/example_dags/tutorial_taskflow_api.py took 0.102 seconds
[2025-11-11T19:38:21.914+0530] {processor.py:161} INFO - Started process (PID=20009) to work on /home/logi/txtai/venv/lib/python3.10/site-packages/airflow/example_dags/tutorial_taskflow_api.py
[2025-11-11T19:38:21.927+0530] {processor.py:830} INFO - Processing file /home/logi/txtai/venv/lib/python3.10/site-packages/airflow/example_dags/tutorial_taskflow_api.py for tasks to queue
[2025-11-11T19:38:21.929+0530] {logging_mixin.py:188} INFO - [2025-11-11T19:38:21.928+0530] {dagbag.py:545} INFO - Filling up the DagBag from /home/logi/txtai/venv/lib/python3.10/site-packages/airflow/example_dags/tutorial_taskflow_api.py
[2025-11-11T19:38:21.940+0530] {processor.py:840} INFO - DAG(s) 'tutorial_taskflow_api' retrieved from /home/logi/txtai/venv/lib/python3.10/site-packages/airflow/example_dags/tutorial_taskflow_api.py
[2025-11-11T19:38:21.967+0530] {logging_mixin.py:188} INFO - [2025-11-11T19:38:21.967+0530] {dag.py:3089} INFO - Sync 1 DAGs
[2025-11-11T19:38:21.981+0530] {logging_mixin.py:188} INFO - [2025-11-11T19:38:21.981+0530] {dag.py:3947} INFO - Setting next_dagrun for tutorial_taskflow_api to None, run_after=None
[2025-11-11T19:38:22.002+0530] {processor.py:183} INFO - Processing /home/logi/txtai/venv/lib/python3.10/site-packages/airflow/example_dags/tutorial_taskflow_api.py took 0.100 seconds
[2025-11-11T19:39:20.125+0530] {processor.py:161} INFO - Started process (PID=20348) to work on /home/logi/txtai/venv/lib/python3.10/site-packages/airflow/example_dags/tutorial_taskflow_api.py
[2025-11-11T19:39:20.138+0530] {processor.py:830} INFO - Processing file /home/logi/txtai/venv/lib/python3.10/site-packages/airflow/example_dags/tutorial_taskflow_api.py for tasks to queue
[2025-11-11T19:39:20.140+0530] {logging_mixin.py:188} INFO - [2025-11-11T19:39:20.139+0530] {dagbag.py:545} INFO - Filling up the DagBag from /home/logi/txtai/venv/lib/python3.10/site-packages/airflow/example_dags/tutorial_taskflow_api.py
[2025-11-11T19:39:20.152+0530] {processor.py:840} INFO - DAG(s) 'tutorial_taskflow_api' retrieved from /home/logi/txtai/venv/lib/python3.10/site-packages/airflow/example_dags/tutorial_taskflow_api.py
[2025-11-11T19:39:20.180+0530] {logging_mixin.py:188} INFO - [2025-11-11T19:39:20.180+0530] {dag.py:3089} INFO - Sync 1 DAGs
[2025-11-11T19:39:20.194+0530] {logging_mixin.py:188} INFO - [2025-11-11T19:39:20.194+0530] {dag.py:3947} INFO - Setting next_dagrun for tutorial_taskflow_api to None, run_after=None
[2025-11-11T19:39:20.221+0530] {processor.py:183} INFO - Processing /home/logi/txtai/venv/lib/python3.10/site-packages/airflow/example_dags/tutorial_taskflow_api.py took 0.107 seconds
[2025-11-11T19:40:16.614+0530] {processor.py:161} INFO - Started process (PID=20453) to work on /home/logi/txtai/venv/lib/python3.10/site-packages/airflow/example_dags/tutorial_taskflow_api.py
[2025-11-11T19:40:16.628+0530] {processor.py:830} INFO - Processing file /home/logi/txtai/venv/lib/python3.10/site-packages/airflow/example_dags/tutorial_taskflow_api.py for tasks to queue
[2025-11-11T19:40:16.630+0530] {logging_mixin.py:188} INFO - [2025-11-11T19:40:16.630+0530] {dagbag.py:545} INFO - Filling up the DagBag from /home/logi/txtai/venv/lib/python3.10/site-packages/airflow/example_dags/tutorial_taskflow_api.py
[2025-11-11T19:40:16.642+0530] {processor.py:840} INFO - DAG(s) 'tutorial_taskflow_api' retrieved from /home/logi/txtai/venv/lib/python3.10/site-packages/airflow/example_dags/tutorial_taskflow_api.py
[2025-11-11T19:40:16.671+0530] {logging_mixin.py:188} INFO - [2025-11-11T19:40:16.670+0530] {dag.py:3089} INFO - Sync 1 DAGs
[2025-11-11T19:40:16.682+0530] {logging_mixin.py:188} INFO - [2025-11-11T19:40:16.682+0530] {dag.py:3947} INFO - Setting next_dagrun for tutorial_taskflow_api to None, run_after=None
[2025-11-11T19:40:16.701+0530] {processor.py:183} INFO - Processing /home/logi/txtai/venv/lib/python3.10/site-packages/airflow/example_dags/tutorial_taskflow_api.py took 0.099 seconds
[2025-11-11T19:41:09.225+0530] {processor.py:161} INFO - Started process (PID=20559) to work on /home/logi/txtai/venv/lib/python3.10/site-packages/airflow/example_dags/tutorial_taskflow_api.py
[2025-11-11T19:41:09.227+0530] {processor.py:830} INFO - Processing file /home/logi/txtai/venv/lib/python3.10/site-packages/airflow/example_dags/tutorial_taskflow_api.py for tasks to queue
[2025-11-11T19:41:09.229+0530] {logging_mixin.py:188} INFO - [2025-11-11T19:41:09.228+0530] {dagbag.py:545} INFO - Filling up the DagBag from /home/logi/txtai/venv/lib/python3.10/site-packages/airflow/example_dags/tutorial_taskflow_api.py
[2025-11-11T19:41:09.243+0530] {processor.py:840} INFO - DAG(s) 'tutorial_taskflow_api' retrieved from /home/logi/txtai/venv/lib/python3.10/site-packages/airflow/example_dags/tutorial_taskflow_api.py
[2025-11-11T19:41:09.271+0530] {logging_mixin.py:188} INFO - [2025-11-11T19:41:09.271+0530] {dag.py:3089} INFO - Sync 1 DAGs
[2025-11-11T19:41:09.285+0530] {logging_mixin.py:188} INFO - [2025-11-11T19:41:09.285+0530] {dag.py:3947} INFO - Setting next_dagrun for tutorial_taskflow_api to None, run_after=None
[2025-11-11T19:41:09.319+0530] {processor.py:183} INFO - Processing /home/logi/txtai/venv/lib/python3.10/site-packages/airflow/example_dags/tutorial_taskflow_api.py took 0.106 seconds
[2025-11-11T19:42:01.655+0530] {processor.py:161} INFO - Started process (PID=20664) to work on /home/logi/txtai/venv/lib/python3.10/site-packages/airflow/example_dags/tutorial_taskflow_api.py
[2025-11-11T19:42:01.669+0530] {processor.py:830} INFO - Processing file /home/logi/txtai/venv/lib/python3.10/site-packages/airflow/example_dags/tutorial_taskflow_api.py for tasks to queue
[2025-11-11T19:42:01.670+0530] {logging_mixin.py:188} INFO - [2025-11-11T19:42:01.670+0530] {dagbag.py:545} INFO - Filling up the DagBag from /home/logi/txtai/venv/lib/python3.10/site-packages/airflow/example_dags/tutorial_taskflow_api.py
[2025-11-11T19:42:01.682+0530] {processor.py:840} INFO - DAG(s) 'tutorial_taskflow_api' retrieved from /home/logi/txtai/venv/lib/python3.10/site-packages/airflow/example_dags/tutorial_taskflow_api.py
[2025-11-11T19:42:01.710+0530] {logging_mixin.py:188} INFO - [2025-11-11T19:42:01.710+0530] {dag.py:3089} INFO - Sync 1 DAGs
[2025-11-11T19:42:01.724+0530] {logging_mixin.py:188} INFO - [2025-11-11T19:42:01.724+0530] {dag.py:3947} INFO - Setting next_dagrun for tutorial_taskflow_api to None, run_after=None
[2025-11-11T19:42:01.752+0530] {processor.py:183} INFO - Processing /home/logi/txtai/venv/lib/python3.10/site-packages/airflow/example_dags/tutorial_taskflow_api.py took 0.107 seconds
[2025-11-11T19:42:59.289+0530] {processor.py:161} INFO - Started process (PID=20802) to work on /home/logi/txtai/venv/lib/python3.10/site-packages/airflow/example_dags/tutorial_taskflow_api.py
[2025-11-11T19:42:59.303+0530] {processor.py:830} INFO - Processing file /home/logi/txtai/venv/lib/python3.10/site-packages/airflow/example_dags/tutorial_taskflow_api.py for tasks to queue
[2025-11-11T19:42:59.304+0530] {logging_mixin.py:188} INFO - [2025-11-11T19:42:59.304+0530] {dagbag.py:545} INFO - Filling up the DagBag from /home/logi/txtai/venv/lib/python3.10/site-packages/airflow/example_dags/tutorial_taskflow_api.py
[2025-11-11T19:42:59.316+0530] {processor.py:840} INFO - DAG(s) 'tutorial_taskflow_api' retrieved from /home/logi/txtai/venv/lib/python3.10/site-packages/airflow/example_dags/tutorial_taskflow_api.py
[2025-11-11T19:42:59.344+0530] {logging_mixin.py:188} INFO - [2025-11-11T19:42:59.343+0530] {dag.py:3089} INFO - Sync 1 DAGs
[2025-11-11T19:42:59.357+0530] {logging_mixin.py:188} INFO - [2025-11-11T19:42:59.357+0530] {dag.py:3947} INFO - Setting next_dagrun for tutorial_taskflow_api to None, run_after=None
[2025-11-11T19:42:59.385+0530] {processor.py:183} INFO - Processing /home/logi/txtai/venv/lib/python3.10/site-packages/airflow/example_dags/tutorial_taskflow_api.py took 0.107 seconds
[2025-11-11T19:43:52.831+0530] {processor.py:161} INFO - Started process (PID=20940) to work on /home/logi/txtai/venv/lib/python3.10/site-packages/airflow/example_dags/tutorial_taskflow_api.py
[2025-11-11T19:43:52.833+0530] {processor.py:830} INFO - Processing file /home/logi/txtai/venv/lib/python3.10/site-packages/airflow/example_dags/tutorial_taskflow_api.py for tasks to queue
[2025-11-11T19:43:52.834+0530] {logging_mixin.py:188} INFO - [2025-11-11T19:43:52.833+0530] {dagbag.py:545} INFO - Filling up the DagBag from /home/logi/txtai/venv/lib/python3.10/site-packages/airflow/example_dags/tutorial_taskflow_api.py
[2025-11-11T19:43:52.845+0530] {processor.py:840} INFO - DAG(s) 'tutorial_taskflow_api' retrieved from /home/logi/txtai/venv/lib/python3.10/site-packages/airflow/example_dags/tutorial_taskflow_api.py
[2025-11-11T19:43:52.870+0530] {logging_mixin.py:188} INFO - [2025-11-11T19:43:52.870+0530] {dag.py:3089} INFO - Sync 1 DAGs
[2025-11-11T19:43:52.880+0530] {logging_mixin.py:188} INFO - [2025-11-11T19:43:52.880+0530] {dag.py:3947} INFO - Setting next_dagrun for tutorial_taskflow_api to None, run_after=None
[2025-11-11T19:43:52.907+0530] {processor.py:183} INFO - Processing /home/logi/txtai/venv/lib/python3.10/site-packages/airflow/example_dags/tutorial_taskflow_api.py took 0.087 seconds
[2025-11-11T19:44:46.403+0530] {processor.py:161} INFO - Started process (PID=21020) to work on /home/logi/txtai/venv/lib/python3.10/site-packages/airflow/example_dags/tutorial_taskflow_api.py
[2025-11-11T19:44:46.415+0530] {processor.py:830} INFO - Processing file /home/logi/txtai/venv/lib/python3.10/site-packages/airflow/example_dags/tutorial_taskflow_api.py for tasks to queue
[2025-11-11T19:44:46.417+0530] {logging_mixin.py:188} INFO - [2025-11-11T19:44:46.416+0530] {dagbag.py:545} INFO - Filling up the DagBag from /home/logi/txtai/venv/lib/python3.10/site-packages/airflow/example_dags/tutorial_taskflow_api.py
[2025-11-11T19:44:46.423+0530] {processor.py:840} INFO - DAG(s) 'tutorial_taskflow_api' retrieved from /home/logi/txtai/venv/lib/python3.10/site-packages/airflow/example_dags/tutorial_taskflow_api.py
[2025-11-11T19:44:46.441+0530] {logging_mixin.py:188} INFO - [2025-11-11T19:44:46.440+0530] {dag.py:3089} INFO - Sync 1 DAGs
[2025-11-11T19:44:46.451+0530] {logging_mixin.py:188} INFO - [2025-11-11T19:44:46.451+0530] {dag.py:3947} INFO - Setting next_dagrun for tutorial_taskflow_api to None, run_after=None
[2025-11-11T19:44:46.472+0530] {processor.py:183} INFO - Processing /home/logi/txtai/venv/lib/python3.10/site-packages/airflow/example_dags/tutorial_taskflow_api.py took 0.076 seconds
[2025-11-11T19:45:40.452+0530] {processor.py:161} INFO - Started process (PID=21185) to work on /home/logi/txtai/venv/lib/python3.10/site-packages/airflow/example_dags/tutorial_taskflow_api.py
[2025-11-11T19:45:40.467+0530] {processor.py:830} INFO - Processing file /home/logi/txtai/venv/lib/python3.10/site-packages/airflow/example_dags/tutorial_taskflow_api.py for tasks to queue
[2025-11-11T19:45:40.472+0530] {logging_mixin.py:188} INFO - [2025-11-11T19:45:40.470+0530] {dagbag.py:545} INFO - Filling up the DagBag from /home/logi/txtai/venv/lib/python3.10/site-packages/airflow/example_dags/tutorial_taskflow_api.py
[2025-11-11T19:45:40.495+0530] {processor.py:840} INFO - DAG(s) 'tutorial_taskflow_api' retrieved from /home/logi/txtai/venv/lib/python3.10/site-packages/airflow/example_dags/tutorial_taskflow_api.py
[2025-11-11T19:45:40.524+0530] {logging_mixin.py:188} INFO - [2025-11-11T19:45:40.524+0530] {dag.py:3089} INFO - Sync 1 DAGs
[2025-11-11T19:45:40.546+0530] {logging_mixin.py:188} INFO - [2025-11-11T19:45:40.546+0530] {dag.py:3947} INFO - Setting next_dagrun for tutorial_taskflow_api to None, run_after=None
[2025-11-11T19:45:40.578+0530] {processor.py:183} INFO - Processing /home/logi/txtai/venv/lib/python3.10/site-packages/airflow/example_dags/tutorial_taskflow_api.py took 0.142 seconds
[2025-11-11T19:46:36.398+0530] {processor.py:161} INFO - Started process (PID=21308) to work on /home/logi/txtai/venv/lib/python3.10/site-packages/airflow/example_dags/tutorial_taskflow_api.py
[2025-11-11T19:46:36.400+0530] {processor.py:830} INFO - Processing file /home/logi/txtai/venv/lib/python3.10/site-packages/airflow/example_dags/tutorial_taskflow_api.py for tasks to queue
[2025-11-11T19:46:36.401+0530] {logging_mixin.py:188} INFO - [2025-11-11T19:46:36.400+0530] {dagbag.py:545} INFO - Filling up the DagBag from /home/logi/txtai/venv/lib/python3.10/site-packages/airflow/example_dags/tutorial_taskflow_api.py
[2025-11-11T19:46:36.411+0530] {processor.py:840} INFO - DAG(s) 'tutorial_taskflow_api' retrieved from /home/logi/txtai/venv/lib/python3.10/site-packages/airflow/example_dags/tutorial_taskflow_api.py
[2025-11-11T19:46:36.435+0530] {logging_mixin.py:188} INFO - [2025-11-11T19:46:36.434+0530] {dag.py:3089} INFO - Sync 1 DAGs
[2025-11-11T19:46:36.445+0530] {logging_mixin.py:188} INFO - [2025-11-11T19:46:36.445+0530] {dag.py:3947} INFO - Setting next_dagrun for tutorial_taskflow_api to None, run_after=None
[2025-11-11T19:46:36.468+0530] {processor.py:183} INFO - Processing /home/logi/txtai/venv/lib/python3.10/site-packages/airflow/example_dags/tutorial_taskflow_api.py took 0.080 seconds
[2025-11-11T19:47:30.580+0530] {processor.py:161} INFO - Started process (PID=21390) to work on /home/logi/txtai/venv/lib/python3.10/site-packages/airflow/example_dags/tutorial_taskflow_api.py
[2025-11-11T19:47:30.594+0530] {processor.py:830} INFO - Processing file /home/logi/txtai/venv/lib/python3.10/site-packages/airflow/example_dags/tutorial_taskflow_api.py for tasks to queue
[2025-11-11T19:47:30.595+0530] {logging_mixin.py:188} INFO - [2025-11-11T19:47:30.595+0530] {dagbag.py:545} INFO - Filling up the DagBag from /home/logi/txtai/venv/lib/python3.10/site-packages/airflow/example_dags/tutorial_taskflow_api.py
[2025-11-11T19:47:30.607+0530] {processor.py:840} INFO - DAG(s) 'tutorial_taskflow_api' retrieved from /home/logi/txtai/venv/lib/python3.10/site-packages/airflow/example_dags/tutorial_taskflow_api.py
[2025-11-11T19:47:30.636+0530] {logging_mixin.py:188} INFO - [2025-11-11T19:47:30.635+0530] {dag.py:3089} INFO - Sync 1 DAGs
[2025-11-11T19:47:30.652+0530] {logging_mixin.py:188} INFO - [2025-11-11T19:47:30.652+0530] {dag.py:3947} INFO - Setting next_dagrun for tutorial_taskflow_api to None, run_after=None
[2025-11-11T19:47:30.684+0530] {processor.py:183} INFO - Processing /home/logi/txtai/venv/lib/python3.10/site-packages/airflow/example_dags/tutorial_taskflow_api.py took 0.114 seconds
[2025-11-11T19:48:25.223+0530] {processor.py:161} INFO - Started process (PID=21467) to work on /home/logi/txtai/venv/lib/python3.10/site-packages/airflow/example_dags/tutorial_taskflow_api.py
[2025-11-11T19:48:25.237+0530] {processor.py:830} INFO - Processing file /home/logi/txtai/venv/lib/python3.10/site-packages/airflow/example_dags/tutorial_taskflow_api.py for tasks to queue
[2025-11-11T19:48:25.239+0530] {logging_mixin.py:188} INFO - [2025-11-11T19:48:25.238+0530] {dagbag.py:545} INFO - Filling up the DagBag from /home/logi/txtai/venv/lib/python3.10/site-packages/airflow/example_dags/tutorial_taskflow_api.py
[2025-11-11T19:48:25.254+0530] {processor.py:840} INFO - DAG(s) 'tutorial_taskflow_api' retrieved from /home/logi/txtai/venv/lib/python3.10/site-packages/airflow/example_dags/tutorial_taskflow_api.py
[2025-11-11T19:48:25.288+0530] {logging_mixin.py:188} INFO - [2025-11-11T19:48:25.287+0530] {dag.py:3089} INFO - Sync 1 DAGs
[2025-11-11T19:48:25.302+0530] {logging_mixin.py:188} INFO - [2025-11-11T19:48:25.302+0530] {dag.py:3947} INFO - Setting next_dagrun for tutorial_taskflow_api to None, run_after=None
[2025-11-11T19:48:25.329+0530] {processor.py:183} INFO - Processing /home/logi/txtai/venv/lib/python3.10/site-packages/airflow/example_dags/tutorial_taskflow_api.py took 0.117 seconds
[2025-11-11T19:49:21.774+0530] {processor.py:161} INFO - Started process (PID=21546) to work on /home/logi/txtai/venv/lib/python3.10/site-packages/airflow/example_dags/tutorial_taskflow_api.py
[2025-11-11T19:49:21.787+0530] {processor.py:830} INFO - Processing file /home/logi/txtai/venv/lib/python3.10/site-packages/airflow/example_dags/tutorial_taskflow_api.py for tasks to queue
[2025-11-11T19:49:21.789+0530] {logging_mixin.py:188} INFO - [2025-11-11T19:49:21.788+0530] {dagbag.py:545} INFO - Filling up the DagBag from /home/logi/txtai/venv/lib/python3.10/site-packages/airflow/example_dags/tutorial_taskflow_api.py
[2025-11-11T19:49:21.801+0530] {processor.py:840} INFO - DAG(s) 'tutorial_taskflow_api' retrieved from /home/logi/txtai/venv/lib/python3.10/site-packages/airflow/example_dags/tutorial_taskflow_api.py
[2025-11-11T19:49:21.830+0530] {logging_mixin.py:188} INFO - [2025-11-11T19:49:21.829+0530] {dag.py:3089} INFO - Sync 1 DAGs
[2025-11-11T19:49:21.844+0530] {logging_mixin.py:188} INFO - [2025-11-11T19:49:21.843+0530] {dag.py:3947} INFO - Setting next_dagrun for tutorial_taskflow_api to None, run_after=None
[2025-11-11T19:49:21.879+0530] {processor.py:183} INFO - Processing /home/logi/txtai/venv/lib/python3.10/site-packages/airflow/example_dags/tutorial_taskflow_api.py took 0.117 seconds
[2025-11-11T19:50:15.596+0530] {processor.py:161} INFO - Started process (PID=21664) to work on /home/logi/txtai/venv/lib/python3.10/site-packages/airflow/example_dags/tutorial_taskflow_api.py
[2025-11-11T19:50:15.609+0530] {processor.py:830} INFO - Processing file /home/logi/txtai/venv/lib/python3.10/site-packages/airflow/example_dags/tutorial_taskflow_api.py for tasks to queue
[2025-11-11T19:50:15.611+0530] {logging_mixin.py:188} INFO - [2025-11-11T19:50:15.610+0530] {dagbag.py:545} INFO - Filling up the DagBag from /home/logi/txtai/venv/lib/python3.10/site-packages/airflow/example_dags/tutorial_taskflow_api.py
[2025-11-11T19:50:15.623+0530] {processor.py:840} INFO - DAG(s) 'tutorial_taskflow_api' retrieved from /home/logi/txtai/venv/lib/python3.10/site-packages/airflow/example_dags/tutorial_taskflow_api.py
[2025-11-11T19:50:15.657+0530] {logging_mixin.py:188} INFO - [2025-11-11T19:50:15.656+0530] {dag.py:3089} INFO - Sync 1 DAGs
[2025-11-11T19:50:15.670+0530] {logging_mixin.py:188} INFO - [2025-11-11T19:50:15.669+0530] {dag.py:3947} INFO - Setting next_dagrun for tutorial_taskflow_api to None, run_after=None
[2025-11-11T19:50:15.698+0530] {processor.py:183} INFO - Processing /home/logi/txtai/venv/lib/python3.10/site-packages/airflow/example_dags/tutorial_taskflow_api.py took 0.113 seconds
[2025-11-11T19:51:11.909+0530] {processor.py:161} INFO - Started process (PID=21743) to work on /home/logi/txtai/venv/lib/python3.10/site-packages/airflow/example_dags/tutorial_taskflow_api.py
[2025-11-11T19:51:11.923+0530] {processor.py:830} INFO - Processing file /home/logi/txtai/venv/lib/python3.10/site-packages/airflow/example_dags/tutorial_taskflow_api.py for tasks to queue
[2025-11-11T19:51:11.924+0530] {logging_mixin.py:188} INFO - [2025-11-11T19:51:11.924+0530] {dagbag.py:545} INFO - Filling up the DagBag from /home/logi/txtai/venv/lib/python3.10/site-packages/airflow/example_dags/tutorial_taskflow_api.py
[2025-11-11T19:51:11.935+0530] {processor.py:840} INFO - DAG(s) 'tutorial_taskflow_api' retrieved from /home/logi/txtai/venv/lib/python3.10/site-packages/airflow/example_dags/tutorial_taskflow_api.py
[2025-11-11T19:51:11.961+0530] {logging_mixin.py:188} INFO - [2025-11-11T19:51:11.960+0530] {dag.py:3089} INFO - Sync 1 DAGs
[2025-11-11T19:51:11.979+0530] {logging_mixin.py:188} INFO - [2025-11-11T19:51:11.978+0530] {dag.py:3947} INFO - Setting next_dagrun for tutorial_taskflow_api to None, run_after=None
[2025-11-11T19:51:11.997+0530] {processor.py:183} INFO - Processing /home/logi/txtai/venv/lib/python3.10/site-packages/airflow/example_dags/tutorial_taskflow_api.py took 0.099 seconds
[2025-11-11T19:52:07.202+0530] {processor.py:161} INFO - Started process (PID=21822) to work on /home/logi/txtai/venv/lib/python3.10/site-packages/airflow/example_dags/tutorial_taskflow_api.py
[2025-11-11T19:52:07.216+0530] {processor.py:830} INFO - Processing file /home/logi/txtai/venv/lib/python3.10/site-packages/airflow/example_dags/tutorial_taskflow_api.py for tasks to queue
[2025-11-11T19:52:07.218+0530] {logging_mixin.py:188} INFO - [2025-11-11T19:52:07.217+0530] {dagbag.py:545} INFO - Filling up the DagBag from /home/logi/txtai/venv/lib/python3.10/site-packages/airflow/example_dags/tutorial_taskflow_api.py
[2025-11-11T19:52:07.229+0530] {processor.py:840} INFO - DAG(s) 'tutorial_taskflow_api' retrieved from /home/logi/txtai/venv/lib/python3.10/site-packages/airflow/example_dags/tutorial_taskflow_api.py
[2025-11-11T19:52:07.257+0530] {logging_mixin.py:188} INFO - [2025-11-11T19:52:07.257+0530] {dag.py:3089} INFO - Sync 1 DAGs
[2025-11-11T19:52:07.272+0530] {logging_mixin.py:188} INFO - [2025-11-11T19:52:07.271+0530] {dag.py:3947} INFO - Setting next_dagrun for tutorial_taskflow_api to None, run_after=None
[2025-11-11T19:52:07.292+0530] {processor.py:183} INFO - Processing /home/logi/txtai/venv/lib/python3.10/site-packages/airflow/example_dags/tutorial_taskflow_api.py took 0.101 seconds
[2025-11-11T19:53:01.564+0530] {processor.py:161} INFO - Started process (PID=21898) to work on /home/logi/txtai/venv/lib/python3.10/site-packages/airflow/example_dags/tutorial_taskflow_api.py
[2025-11-11T19:53:01.577+0530] {processor.py:830} INFO - Processing file /home/logi/txtai/venv/lib/python3.10/site-packages/airflow/example_dags/tutorial_taskflow_api.py for tasks to queue
[2025-11-11T19:53:01.579+0530] {logging_mixin.py:188} INFO - [2025-11-11T19:53:01.578+0530] {dagbag.py:545} INFO - Filling up the DagBag from /home/logi/txtai/venv/lib/python3.10/site-packages/airflow/example_dags/tutorial_taskflow_api.py
[2025-11-11T19:53:01.590+0530] {processor.py:840} INFO - DAG(s) 'tutorial_taskflow_api' retrieved from /home/logi/txtai/venv/lib/python3.10/site-packages/airflow/example_dags/tutorial_taskflow_api.py
[2025-11-11T19:53:01.617+0530] {logging_mixin.py:188} INFO - [2025-11-11T19:53:01.617+0530] {dag.py:3089} INFO - Sync 1 DAGs
[2025-11-11T19:53:01.632+0530] {logging_mixin.py:188} INFO - [2025-11-11T19:53:01.632+0530] {dag.py:3947} INFO - Setting next_dagrun for tutorial_taskflow_api to None, run_after=None
[2025-11-11T19:53:01.663+0530] {processor.py:183} INFO - Processing /home/logi/txtai/venv/lib/python3.10/site-packages/airflow/example_dags/tutorial_taskflow_api.py took 0.110 seconds
[2025-11-11T19:53:55.255+0530] {processor.py:161} INFO - Started process (PID=21974) to work on /home/logi/txtai/venv/lib/python3.10/site-packages/airflow/example_dags/tutorial_taskflow_api.py
[2025-11-11T19:53:55.269+0530] {processor.py:830} INFO - Processing file /home/logi/txtai/venv/lib/python3.10/site-packages/airflow/example_dags/tutorial_taskflow_api.py for tasks to queue
[2025-11-11T19:53:55.270+0530] {logging_mixin.py:188} INFO - [2025-11-11T19:53:55.270+0530] {dagbag.py:545} INFO - Filling up the DagBag from /home/logi/txtai/venv/lib/python3.10/site-packages/airflow/example_dags/tutorial_taskflow_api.py
[2025-11-11T19:53:55.281+0530] {processor.py:840} INFO - DAG(s) 'tutorial_taskflow_api' retrieved from /home/logi/txtai/venv/lib/python3.10/site-packages/airflow/example_dags/tutorial_taskflow_api.py
[2025-11-11T19:53:55.308+0530] {logging_mixin.py:188} INFO - [2025-11-11T19:53:55.307+0530] {dag.py:3089} INFO - Sync 1 DAGs
[2025-11-11T19:53:55.323+0530] {logging_mixin.py:188} INFO - [2025-11-11T19:53:55.322+0530] {dag.py:3947} INFO - Setting next_dagrun for tutorial_taskflow_api to None, run_after=None
[2025-11-11T19:53:55.349+0530] {processor.py:183} INFO - Processing /home/logi/txtai/venv/lib/python3.10/site-packages/airflow/example_dags/tutorial_taskflow_api.py took 0.106 seconds
[2025-11-11T19:54:51.293+0530] {processor.py:161} INFO - Started process (PID=22053) to work on /home/logi/txtai/venv/lib/python3.10/site-packages/airflow/example_dags/tutorial_taskflow_api.py
[2025-11-11T19:54:51.306+0530] {processor.py:830} INFO - Processing file /home/logi/txtai/venv/lib/python3.10/site-packages/airflow/example_dags/tutorial_taskflow_api.py for tasks to queue
[2025-11-11T19:54:51.308+0530] {logging_mixin.py:188} INFO - [2025-11-11T19:54:51.307+0530] {dagbag.py:545} INFO - Filling up the DagBag from /home/logi/txtai/venv/lib/python3.10/site-packages/airflow/example_dags/tutorial_taskflow_api.py
[2025-11-11T19:54:51.320+0530] {processor.py:840} INFO - DAG(s) 'tutorial_taskflow_api' retrieved from /home/logi/txtai/venv/lib/python3.10/site-packages/airflow/example_dags/tutorial_taskflow_api.py
[2025-11-11T19:54:51.348+0530] {logging_mixin.py:188} INFO - [2025-11-11T19:54:51.347+0530] {dag.py:3089} INFO - Sync 1 DAGs
[2025-11-11T19:54:51.360+0530] {logging_mixin.py:188} INFO - [2025-11-11T19:54:51.360+0530] {dag.py:3947} INFO - Setting next_dagrun for tutorial_taskflow_api to None, run_after=None
[2025-11-11T19:54:51.390+0530] {processor.py:183} INFO - Processing /home/logi/txtai/venv/lib/python3.10/site-packages/airflow/example_dags/tutorial_taskflow_api.py took 0.109 seconds
[2025-11-11T19:55:46.858+0530] {processor.py:161} INFO - Started process (PID=22205) to work on /home/logi/txtai/venv/lib/python3.10/site-packages/airflow/example_dags/tutorial_taskflow_api.py
[2025-11-11T19:55:46.860+0530] {processor.py:830} INFO - Processing file /home/logi/txtai/venv/lib/python3.10/site-packages/airflow/example_dags/tutorial_taskflow_api.py for tasks to queue
[2025-11-11T19:55:46.862+0530] {logging_mixin.py:188} INFO - [2025-11-11T19:55:46.861+0530] {dagbag.py:545} INFO - Filling up the DagBag from /home/logi/txtai/venv/lib/python3.10/site-packages/airflow/example_dags/tutorial_taskflow_api.py
[2025-11-11T19:55:46.874+0530] {processor.py:840} INFO - DAG(s) 'tutorial_taskflow_api' retrieved from /home/logi/txtai/venv/lib/python3.10/site-packages/airflow/example_dags/tutorial_taskflow_api.py
[2025-11-11T19:55:46.899+0530] {logging_mixin.py:188} INFO - [2025-11-11T19:55:46.899+0530] {dag.py:3089} INFO - Sync 1 DAGs
[2025-11-11T19:55:46.909+0530] {logging_mixin.py:188} INFO - [2025-11-11T19:55:46.909+0530] {dag.py:3947} INFO - Setting next_dagrun for tutorial_taskflow_api to None, run_after=None
[2025-11-11T19:55:46.938+0530] {processor.py:183} INFO - Processing /home/logi/txtai/venv/lib/python3.10/site-packages/airflow/example_dags/tutorial_taskflow_api.py took 0.092 seconds
[2025-11-11T19:56:39.805+0530] {processor.py:161} INFO - Started process (PID=22289) to work on /home/logi/txtai/venv/lib/python3.10/site-packages/airflow/example_dags/tutorial_taskflow_api.py
[2025-11-11T19:56:39.819+0530] {processor.py:830} INFO - Processing file /home/logi/txtai/venv/lib/python3.10/site-packages/airflow/example_dags/tutorial_taskflow_api.py for tasks to queue
[2025-11-11T19:56:39.820+0530] {logging_mixin.py:188} INFO - [2025-11-11T19:56:39.820+0530] {dagbag.py:545} INFO - Filling up the DagBag from /home/logi/txtai/venv/lib/python3.10/site-packages/airflow/example_dags/tutorial_taskflow_api.py
[2025-11-11T19:56:39.832+0530] {processor.py:840} INFO - DAG(s) 'tutorial_taskflow_api' retrieved from /home/logi/txtai/venv/lib/python3.10/site-packages/airflow/example_dags/tutorial_taskflow_api.py
[2025-11-11T19:56:39.860+0530] {logging_mixin.py:188} INFO - [2025-11-11T19:56:39.860+0530] {dag.py:3089} INFO - Sync 1 DAGs
[2025-11-11T19:56:39.874+0530] {logging_mixin.py:188} INFO - [2025-11-11T19:56:39.874+0530] {dag.py:3947} INFO - Setting next_dagrun for tutorial_taskflow_api to None, run_after=None
[2025-11-11T19:56:39.901+0530] {processor.py:183} INFO - Processing /home/logi/txtai/venv/lib/python3.10/site-packages/airflow/example_dags/tutorial_taskflow_api.py took 0.107 seconds
[2025-11-11T19:57:35.329+0530] {processor.py:161} INFO - Started process (PID=22367) to work on /home/logi/txtai/venv/lib/python3.10/site-packages/airflow/example_dags/tutorial_taskflow_api.py
[2025-11-11T19:57:35.342+0530] {processor.py:830} INFO - Processing file /home/logi/txtai/venv/lib/python3.10/site-packages/airflow/example_dags/tutorial_taskflow_api.py for tasks to queue
[2025-11-11T19:57:35.344+0530] {logging_mixin.py:188} INFO - [2025-11-11T19:57:35.343+0530] {dagbag.py:545} INFO - Filling up the DagBag from /home/logi/txtai/venv/lib/python3.10/site-packages/airflow/example_dags/tutorial_taskflow_api.py
[2025-11-11T19:57:35.355+0530] {processor.py:840} INFO - DAG(s) 'tutorial_taskflow_api' retrieved from /home/logi/txtai/venv/lib/python3.10/site-packages/airflow/example_dags/tutorial_taskflow_api.py
[2025-11-11T19:57:35.381+0530] {logging_mixin.py:188} INFO - [2025-11-11T19:57:35.381+0530] {dag.py:3089} INFO - Sync 1 DAGs
[2025-11-11T19:57:35.397+0530] {logging_mixin.py:188} INFO - [2025-11-11T19:57:35.396+0530] {dag.py:3947} INFO - Setting next_dagrun for tutorial_taskflow_api to None, run_after=None
[2025-11-11T19:57:35.415+0530] {processor.py:183} INFO - Processing /home/logi/txtai/venv/lib/python3.10/site-packages/airflow/example_dags/tutorial_taskflow_api.py took 0.097 seconds
[2025-11-11T19:58:31.631+0530] {processor.py:161} INFO - Started process (PID=22446) to work on /home/logi/txtai/venv/lib/python3.10/site-packages/airflow/example_dags/tutorial_taskflow_api.py
[2025-11-11T19:58:31.644+0530] {processor.py:830} INFO - Processing file /home/logi/txtai/venv/lib/python3.10/site-packages/airflow/example_dags/tutorial_taskflow_api.py for tasks to queue
[2025-11-11T19:58:31.646+0530] {logging_mixin.py:188} INFO - [2025-11-11T19:58:31.645+0530] {dagbag.py:545} INFO - Filling up the DagBag from /home/logi/txtai/venv/lib/python3.10/site-packages/airflow/example_dags/tutorial_taskflow_api.py
[2025-11-11T19:58:31.656+0530] {processor.py:840} INFO - DAG(s) 'tutorial_taskflow_api' retrieved from /home/logi/txtai/venv/lib/python3.10/site-packages/airflow/example_dags/tutorial_taskflow_api.py
[2025-11-11T19:58:31.681+0530] {logging_mixin.py:188} INFO - [2025-11-11T19:58:31.681+0530] {dag.py:3089} INFO - Sync 1 DAGs
[2025-11-11T19:58:31.697+0530] {logging_mixin.py:188} INFO - [2025-11-11T19:58:31.697+0530] {dag.py:3947} INFO - Setting next_dagrun for tutorial_taskflow_api to None, run_after=None
[2025-11-11T19:58:31.714+0530] {processor.py:183} INFO - Processing /home/logi/txtai/venv/lib/python3.10/site-packages/airflow/example_dags/tutorial_taskflow_api.py took 0.094 seconds
[2025-11-11T19:59:24.599+0530] {processor.py:161} INFO - Started process (PID=22522) to work on /home/logi/txtai/venv/lib/python3.10/site-packages/airflow/example_dags/tutorial_taskflow_api.py
[2025-11-11T19:59:24.612+0530] {processor.py:830} INFO - Processing file /home/logi/txtai/venv/lib/python3.10/site-packages/airflow/example_dags/tutorial_taskflow_api.py for tasks to queue
[2025-11-11T19:59:24.614+0530] {logging_mixin.py:188} INFO - [2025-11-11T19:59:24.613+0530] {dagbag.py:545} INFO - Filling up the DagBag from /home/logi/txtai/venv/lib/python3.10/site-packages/airflow/example_dags/tutorial_taskflow_api.py
[2025-11-11T19:59:24.626+0530] {processor.py:840} INFO - DAG(s) 'tutorial_taskflow_api' retrieved from /home/logi/txtai/venv/lib/python3.10/site-packages/airflow/example_dags/tutorial_taskflow_api.py
[2025-11-11T19:59:24.654+0530] {logging_mixin.py:188} INFO - [2025-11-11T19:59:24.654+0530] {dag.py:3089} INFO - Sync 1 DAGs
[2025-11-11T19:59:24.668+0530] {logging_mixin.py:188} INFO - [2025-11-11T19:59:24.668+0530] {dag.py:3947} INFO - Setting next_dagrun for tutorial_taskflow_api to None, run_after=None
[2025-11-11T19:59:24.688+0530] {processor.py:183} INFO - Processing /home/logi/txtai/venv/lib/python3.10/site-packages/airflow/example_dags/tutorial_taskflow_api.py took 0.101 seconds
[2025-11-11T20:00:17.761+0530] {processor.py:161} INFO - Started process (PID=22631) to work on /home/logi/txtai/venv/lib/python3.10/site-packages/airflow/example_dags/tutorial_taskflow_api.py
[2025-11-11T20:00:17.774+0530] {processor.py:830} INFO - Processing file /home/logi/txtai/venv/lib/python3.10/site-packages/airflow/example_dags/tutorial_taskflow_api.py for tasks to queue
[2025-11-11T20:00:17.776+0530] {logging_mixin.py:188} INFO - [2025-11-11T20:00:17.775+0530] {dagbag.py:545} INFO - Filling up the DagBag from /home/logi/txtai/venv/lib/python3.10/site-packages/airflow/example_dags/tutorial_taskflow_api.py
[2025-11-11T20:00:17.788+0530] {processor.py:840} INFO - DAG(s) 'tutorial_taskflow_api' retrieved from /home/logi/txtai/venv/lib/python3.10/site-packages/airflow/example_dags/tutorial_taskflow_api.py
[2025-11-11T20:00:17.816+0530] {logging_mixin.py:188} INFO - [2025-11-11T20:00:17.816+0530] {dag.py:3089} INFO - Sync 1 DAGs
[2025-11-11T20:00:17.830+0530] {logging_mixin.py:188} INFO - [2025-11-11T20:00:17.830+0530] {dag.py:3947} INFO - Setting next_dagrun for tutorial_taskflow_api to None, run_after=None
[2025-11-11T20:00:17.851+0530] {processor.py:183} INFO - Processing /home/logi/txtai/venv/lib/python3.10/site-packages/airflow/example_dags/tutorial_taskflow_api.py took 0.101 seconds
[2025-11-11T20:01:12.580+0530] {processor.py:161} INFO - Started process (PID=22716) to work on /home/logi/txtai/venv/lib/python3.10/site-packages/airflow/example_dags/tutorial_taskflow_api.py
[2025-11-11T20:01:12.583+0530] {processor.py:830} INFO - Processing file /home/logi/txtai/venv/lib/python3.10/site-packages/airflow/example_dags/tutorial_taskflow_api.py for tasks to queue
[2025-11-11T20:01:12.585+0530] {logging_mixin.py:188} INFO - [2025-11-11T20:01:12.584+0530] {dagbag.py:545} INFO - Filling up the DagBag from /home/logi/txtai/venv/lib/python3.10/site-packages/airflow/example_dags/tutorial_taskflow_api.py
[2025-11-11T20:01:12.596+0530] {processor.py:840} INFO - DAG(s) 'tutorial_taskflow_api' retrieved from /home/logi/txtai/venv/lib/python3.10/site-packages/airflow/example_dags/tutorial_taskflow_api.py
[2025-11-11T20:01:12.623+0530] {logging_mixin.py:188} INFO - [2025-11-11T20:01:12.623+0530] {dag.py:3089} INFO - Sync 1 DAGs
[2025-11-11T20:01:12.633+0530] {logging_mixin.py:188} INFO - [2025-11-11T20:01:12.633+0530] {dag.py:3947} INFO - Setting next_dagrun for tutorial_taskflow_api to None, run_after=None
[2025-11-11T20:01:12.653+0530] {processor.py:183} INFO - Processing /home/logi/txtai/venv/lib/python3.10/site-packages/airflow/example_dags/tutorial_taskflow_api.py took 0.084 seconds
[2025-11-11T20:02:07.709+0530] {processor.py:161} INFO - Started process (PID=22800) to work on /home/logi/txtai/venv/lib/python3.10/site-packages/airflow/example_dags/tutorial_taskflow_api.py
[2025-11-11T20:02:07.722+0530] {processor.py:830} INFO - Processing file /home/logi/txtai/venv/lib/python3.10/site-packages/airflow/example_dags/tutorial_taskflow_api.py for tasks to queue
[2025-11-11T20:02:07.724+0530] {logging_mixin.py:188} INFO - [2025-11-11T20:02:07.723+0530] {dagbag.py:545} INFO - Filling up the DagBag from /home/logi/txtai/venv/lib/python3.10/site-packages/airflow/example_dags/tutorial_taskflow_api.py
[2025-11-11T20:02:07.735+0530] {processor.py:840} INFO - DAG(s) 'tutorial_taskflow_api' retrieved from /home/logi/txtai/venv/lib/python3.10/site-packages/airflow/example_dags/tutorial_taskflow_api.py
[2025-11-11T20:02:07.762+0530] {logging_mixin.py:188} INFO - [2025-11-11T20:02:07.761+0530] {dag.py:3089} INFO - Sync 1 DAGs
[2025-11-11T20:02:07.777+0530] {logging_mixin.py:188} INFO - [2025-11-11T20:02:07.777+0530] {dag.py:3947} INFO - Setting next_dagrun for tutorial_taskflow_api to None, run_after=None
[2025-11-11T20:02:07.797+0530] {processor.py:183} INFO - Processing /home/logi/txtai/venv/lib/python3.10/site-packages/airflow/example_dags/tutorial_taskflow_api.py took 0.099 seconds
[2025-11-11T20:03:07.422+0530] {processor.py:161} INFO - Started process (PID=22880) to work on /home/logi/txtai/venv/lib/python3.10/site-packages/airflow/example_dags/tutorial_taskflow_api.py
[2025-11-11T20:03:07.435+0530] {processor.py:830} INFO - Processing file /home/logi/txtai/venv/lib/python3.10/site-packages/airflow/example_dags/tutorial_taskflow_api.py for tasks to queue
[2025-11-11T20:03:07.437+0530] {logging_mixin.py:188} INFO - [2025-11-11T20:03:07.436+0530] {dagbag.py:545} INFO - Filling up the DagBag from /home/logi/txtai/venv/lib/python3.10/site-packages/airflow/example_dags/tutorial_taskflow_api.py
[2025-11-11T20:03:07.448+0530] {processor.py:840} INFO - DAG(s) 'tutorial_taskflow_api' retrieved from /home/logi/txtai/venv/lib/python3.10/site-packages/airflow/example_dags/tutorial_taskflow_api.py
[2025-11-11T20:03:07.476+0530] {logging_mixin.py:188} INFO - [2025-11-11T20:03:07.476+0530] {dag.py:3089} INFO - Sync 1 DAGs
[2025-11-11T20:03:07.490+0530] {logging_mixin.py:188} INFO - [2025-11-11T20:03:07.489+0530] {dag.py:3947} INFO - Setting next_dagrun for tutorial_taskflow_api to None, run_after=None
[2025-11-11T20:03:07.510+0530] {processor.py:183} INFO - Processing /home/logi/txtai/venv/lib/python3.10/site-packages/airflow/example_dags/tutorial_taskflow_api.py took 0.099 seconds
[2025-11-11T20:04:06.839+0530] {processor.py:161} INFO - Started process (PID=22981) to work on /home/logi/txtai/venv/lib/python3.10/site-packages/airflow/example_dags/tutorial_taskflow_api.py
[2025-11-11T20:04:06.853+0530] {processor.py:830} INFO - Processing file /home/logi/txtai/venv/lib/python3.10/site-packages/airflow/example_dags/tutorial_taskflow_api.py for tasks to queue
[2025-11-11T20:04:06.854+0530] {logging_mixin.py:188} INFO - [2025-11-11T20:04:06.854+0530] {dagbag.py:545} INFO - Filling up the DagBag from /home/logi/txtai/venv/lib/python3.10/site-packages/airflow/example_dags/tutorial_taskflow_api.py
[2025-11-11T20:04:06.863+0530] {processor.py:840} INFO - DAG(s) 'tutorial_taskflow_api' retrieved from /home/logi/txtai/venv/lib/python3.10/site-packages/airflow/example_dags/tutorial_taskflow_api.py
[2025-11-11T20:04:06.893+0530] {logging_mixin.py:188} INFO - [2025-11-11T20:04:06.892+0530] {dag.py:3089} INFO - Sync 1 DAGs
[2025-11-11T20:04:06.909+0530] {logging_mixin.py:188} INFO - [2025-11-11T20:04:06.909+0530] {dag.py:3947} INFO - Setting next_dagrun for tutorial_taskflow_api to None, run_after=None
[2025-11-11T20:04:06.944+0530] {processor.py:183} INFO - Processing /home/logi/txtai/venv/lib/python3.10/site-packages/airflow/example_dags/tutorial_taskflow_api.py took 0.127 seconds
[2025-11-11T20:05:01.929+0530] {processor.py:161} INFO - Started process (PID=23124) to work on /home/logi/txtai/venv/lib/python3.10/site-packages/airflow/example_dags/tutorial_taskflow_api.py
[2025-11-11T20:05:01.943+0530] {processor.py:830} INFO - Processing file /home/logi/txtai/venv/lib/python3.10/site-packages/airflow/example_dags/tutorial_taskflow_api.py for tasks to queue
[2025-11-11T20:05:01.945+0530] {logging_mixin.py:188} INFO - [2025-11-11T20:05:01.944+0530] {dagbag.py:545} INFO - Filling up the DagBag from /home/logi/txtai/venv/lib/python3.10/site-packages/airflow/example_dags/tutorial_taskflow_api.py
[2025-11-11T20:05:01.956+0530] {processor.py:840} INFO - DAG(s) 'tutorial_taskflow_api' retrieved from /home/logi/txtai/venv/lib/python3.10/site-packages/airflow/example_dags/tutorial_taskflow_api.py
[2025-11-11T20:05:01.984+0530] {logging_mixin.py:188} INFO - [2025-11-11T20:05:01.984+0530] {dag.py:3089} INFO - Sync 1 DAGs
[2025-11-11T20:05:01.999+0530] {logging_mixin.py:188} INFO - [2025-11-11T20:05:01.999+0530] {dag.py:3947} INFO - Setting next_dagrun for tutorial_taskflow_api to None, run_after=None
[2025-11-11T20:05:02.020+0530] {processor.py:183} INFO - Processing /home/logi/txtai/venv/lib/python3.10/site-packages/airflow/example_dags/tutorial_taskflow_api.py took 0.102 seconds
[2025-11-11T20:05:58.443+0530] {processor.py:161} INFO - Started process (PID=23275) to work on /home/logi/txtai/venv/lib/python3.10/site-packages/airflow/example_dags/tutorial_taskflow_api.py
[2025-11-11T20:05:58.457+0530] {processor.py:830} INFO - Processing file /home/logi/txtai/venv/lib/python3.10/site-packages/airflow/example_dags/tutorial_taskflow_api.py for tasks to queue
[2025-11-11T20:05:58.458+0530] {logging_mixin.py:188} INFO - [2025-11-11T20:05:58.458+0530] {dagbag.py:545} INFO - Filling up the DagBag from /home/logi/txtai/venv/lib/python3.10/site-packages/airflow/example_dags/tutorial_taskflow_api.py
[2025-11-11T20:05:58.466+0530] {processor.py:840} INFO - DAG(s) 'tutorial_taskflow_api' retrieved from /home/logi/txtai/venv/lib/python3.10/site-packages/airflow/example_dags/tutorial_taskflow_api.py
[2025-11-11T20:05:58.496+0530] {logging_mixin.py:188} INFO - [2025-11-11T20:05:58.495+0530] {dag.py:3089} INFO - Sync 1 DAGs
[2025-11-11T20:05:58.506+0530] {logging_mixin.py:188} INFO - [2025-11-11T20:05:58.506+0530] {dag.py:3947} INFO - Setting next_dagrun for tutorial_taskflow_api to None, run_after=None
[2025-11-11T20:05:58.527+0530] {processor.py:183} INFO - Processing /home/logi/txtai/venv/lib/python3.10/site-packages/airflow/example_dags/tutorial_taskflow_api.py took 0.095 seconds
[2025-11-11T20:06:57.567+0530] {processor.py:161} INFO - Started process (PID=23355) to work on /home/logi/txtai/venv/lib/python3.10/site-packages/airflow/example_dags/tutorial_taskflow_api.py
[2025-11-11T20:06:57.581+0530] {processor.py:830} INFO - Processing file /home/logi/txtai/venv/lib/python3.10/site-packages/airflow/example_dags/tutorial_taskflow_api.py for tasks to queue
[2025-11-11T20:06:57.582+0530] {logging_mixin.py:188} INFO - [2025-11-11T20:06:57.582+0530] {dagbag.py:545} INFO - Filling up the DagBag from /home/logi/txtai/venv/lib/python3.10/site-packages/airflow/example_dags/tutorial_taskflow_api.py
[2025-11-11T20:06:57.594+0530] {processor.py:840} INFO - DAG(s) 'tutorial_taskflow_api' retrieved from /home/logi/txtai/venv/lib/python3.10/site-packages/airflow/example_dags/tutorial_taskflow_api.py
[2025-11-11T20:06:57.622+0530] {logging_mixin.py:188} INFO - [2025-11-11T20:06:57.622+0530] {dag.py:3089} INFO - Sync 1 DAGs
[2025-11-11T20:06:57.636+0530] {logging_mixin.py:188} INFO - [2025-11-11T20:06:57.636+0530] {dag.py:3947} INFO - Setting next_dagrun for tutorial_taskflow_api to None, run_after=None
[2025-11-11T20:06:57.656+0530] {processor.py:183} INFO - Processing /home/logi/txtai/venv/lib/python3.10/site-packages/airflow/example_dags/tutorial_taskflow_api.py took 0.100 seconds
[2025-11-11T20:07:55.417+0530] {processor.py:161} INFO - Started process (PID=23435) to work on /home/logi/txtai/venv/lib/python3.10/site-packages/airflow/example_dags/tutorial_taskflow_api.py
[2025-11-11T20:07:55.431+0530] {processor.py:830} INFO - Processing file /home/logi/txtai/venv/lib/python3.10/site-packages/airflow/example_dags/tutorial_taskflow_api.py for tasks to queue
[2025-11-11T20:07:55.432+0530] {logging_mixin.py:188} INFO - [2025-11-11T20:07:55.432+0530] {dagbag.py:545} INFO - Filling up the DagBag from /home/logi/txtai/venv/lib/python3.10/site-packages/airflow/example_dags/tutorial_taskflow_api.py
[2025-11-11T20:07:55.440+0530] {processor.py:840} INFO - DAG(s) 'tutorial_taskflow_api' retrieved from /home/logi/txtai/venv/lib/python3.10/site-packages/airflow/example_dags/tutorial_taskflow_api.py
[2025-11-11T20:07:55.452+0530] {logging_mixin.py:188} INFO - [2025-11-11T20:07:55.452+0530] {dag.py:3089} INFO - Sync 1 DAGs
[2025-11-11T20:07:55.461+0530] {logging_mixin.py:188} INFO - [2025-11-11T20:07:55.460+0530] {dag.py:3947} INFO - Setting next_dagrun for tutorial_taskflow_api to None, run_after=None
[2025-11-11T20:07:55.477+0530] {processor.py:183} INFO - Processing /home/logi/txtai/venv/lib/python3.10/site-packages/airflow/example_dags/tutorial_taskflow_api.py took 0.070 seconds
[2025-11-11T20:08:48.549+0530] {processor.py:161} INFO - Started process (PID=23511) to work on /home/logi/txtai/venv/lib/python3.10/site-packages/airflow/example_dags/tutorial_taskflow_api.py
[2025-11-11T20:08:48.562+0530] {processor.py:830} INFO - Processing file /home/logi/txtai/venv/lib/python3.10/site-packages/airflow/example_dags/tutorial_taskflow_api.py for tasks to queue
[2025-11-11T20:08:48.563+0530] {logging_mixin.py:188} INFO - [2025-11-11T20:08:48.563+0530] {dagbag.py:545} INFO - Filling up the DagBag from /home/logi/txtai/venv/lib/python3.10/site-packages/airflow/example_dags/tutorial_taskflow_api.py
[2025-11-11T20:08:48.575+0530] {processor.py:840} INFO - DAG(s) 'tutorial_taskflow_api' retrieved from /home/logi/txtai/venv/lib/python3.10/site-packages/airflow/example_dags/tutorial_taskflow_api.py
[2025-11-11T20:08:48.602+0530] {logging_mixin.py:188} INFO - [2025-11-11T20:08:48.601+0530] {dag.py:3089} INFO - Sync 1 DAGs
[2025-11-11T20:08:48.614+0530] {logging_mixin.py:188} INFO - [2025-11-11T20:08:48.614+0530] {dag.py:3947} INFO - Setting next_dagrun for tutorial_taskflow_api to None, run_after=None
[2025-11-11T20:08:48.636+0530] {processor.py:183} INFO - Processing /home/logi/txtai/venv/lib/python3.10/site-packages/airflow/example_dags/tutorial_taskflow_api.py took 0.100 seconds
[2025-11-11T20:09:42.498+0530] {processor.py:161} INFO - Started process (PID=23586) to work on /home/logi/txtai/venv/lib/python3.10/site-packages/airflow/example_dags/tutorial_taskflow_api.py
[2025-11-11T20:09:42.500+0530] {processor.py:830} INFO - Processing file /home/logi/txtai/venv/lib/python3.10/site-packages/airflow/example_dags/tutorial_taskflow_api.py for tasks to queue
[2025-11-11T20:09:42.502+0530] {logging_mixin.py:188} INFO - [2025-11-11T20:09:42.501+0530] {dagbag.py:545} INFO - Filling up the DagBag from /home/logi/txtai/venv/lib/python3.10/site-packages/airflow/example_dags/tutorial_taskflow_api.py
[2025-11-11T20:09:42.516+0530] {processor.py:840} INFO - DAG(s) 'tutorial_taskflow_api' retrieved from /home/logi/txtai/venv/lib/python3.10/site-packages/airflow/example_dags/tutorial_taskflow_api.py
[2025-11-11T20:09:42.540+0530] {logging_mixin.py:188} INFO - [2025-11-11T20:09:42.540+0530] {dag.py:3089} INFO - Sync 1 DAGs
[2025-11-11T20:09:42.551+0530] {logging_mixin.py:188} INFO - [2025-11-11T20:09:42.550+0530] {dag.py:3947} INFO - Setting next_dagrun for tutorial_taskflow_api to None, run_after=None
[2025-11-11T20:09:42.574+0530] {processor.py:183} INFO - Processing /home/logi/txtai/venv/lib/python3.10/site-packages/airflow/example_dags/tutorial_taskflow_api.py took 0.089 seconds
[2025-11-11T20:10:36.472+0530] {processor.py:161} INFO - Started process (PID=23691) to work on /home/logi/txtai/venv/lib/python3.10/site-packages/airflow/example_dags/tutorial_taskflow_api.py
[2025-11-11T20:10:36.486+0530] {processor.py:830} INFO - Processing file /home/logi/txtai/venv/lib/python3.10/site-packages/airflow/example_dags/tutorial_taskflow_api.py for tasks to queue
[2025-11-11T20:10:36.488+0530] {logging_mixin.py:188} INFO - [2025-11-11T20:10:36.487+0530] {dagbag.py:545} INFO - Filling up the DagBag from /home/logi/txtai/venv/lib/python3.10/site-packages/airflow/example_dags/tutorial_taskflow_api.py
[2025-11-11T20:10:36.496+0530] {processor.py:840} INFO - DAG(s) 'tutorial_taskflow_api' retrieved from /home/logi/txtai/venv/lib/python3.10/site-packages/airflow/example_dags/tutorial_taskflow_api.py
[2025-11-11T20:10:36.520+0530] {logging_mixin.py:188} INFO - [2025-11-11T20:10:36.520+0530] {dag.py:3089} INFO - Sync 1 DAGs
[2025-11-11T20:10:36.532+0530] {logging_mixin.py:188} INFO - [2025-11-11T20:10:36.531+0530] {dag.py:3947} INFO - Setting next_dagrun for tutorial_taskflow_api to None, run_after=None
[2025-11-11T20:10:36.557+0530] {processor.py:183} INFO - Processing /home/logi/txtai/venv/lib/python3.10/site-packages/airflow/example_dags/tutorial_taskflow_api.py took 0.095 seconds
[2025-11-11T20:11:29.420+0530] {processor.py:161} INFO - Started process (PID=23768) to work on /home/logi/txtai/venv/lib/python3.10/site-packages/airflow/example_dags/tutorial_taskflow_api.py
[2025-11-11T20:11:29.434+0530] {processor.py:830} INFO - Processing file /home/logi/txtai/venv/lib/python3.10/site-packages/airflow/example_dags/tutorial_taskflow_api.py for tasks to queue
[2025-11-11T20:11:29.435+0530] {logging_mixin.py:188} INFO - [2025-11-11T20:11:29.435+0530] {dagbag.py:545} INFO - Filling up the DagBag from /home/logi/txtai/venv/lib/python3.10/site-packages/airflow/example_dags/tutorial_taskflow_api.py
[2025-11-11T20:11:29.447+0530] {processor.py:840} INFO - DAG(s) 'tutorial_taskflow_api' retrieved from /home/logi/txtai/venv/lib/python3.10/site-packages/airflow/example_dags/tutorial_taskflow_api.py
[2025-11-11T20:11:29.474+0530] {logging_mixin.py:188} INFO - [2025-11-11T20:11:29.474+0530] {dag.py:3089} INFO - Sync 1 DAGs
[2025-11-11T20:11:29.488+0530] {logging_mixin.py:188} INFO - [2025-11-11T20:11:29.488+0530] {dag.py:3947} INFO - Setting next_dagrun for tutorial_taskflow_api to None, run_after=None
[2025-11-11T20:11:29.508+0530] {processor.py:183} INFO - Processing /home/logi/txtai/venv/lib/python3.10/site-packages/airflow/example_dags/tutorial_taskflow_api.py took 0.099 seconds
[2025-11-11T20:12:21.889+0530] {processor.py:161} INFO - Started process (PID=23847) to work on /home/logi/txtai/venv/lib/python3.10/site-packages/airflow/example_dags/tutorial_taskflow_api.py
[2025-11-11T20:12:21.902+0530] {processor.py:830} INFO - Processing file /home/logi/txtai/venv/lib/python3.10/site-packages/airflow/example_dags/tutorial_taskflow_api.py for tasks to queue
[2025-11-11T20:12:21.904+0530] {logging_mixin.py:188} INFO - [2025-11-11T20:12:21.903+0530] {dagbag.py:545} INFO - Filling up the DagBag from /home/logi/txtai/venv/lib/python3.10/site-packages/airflow/example_dags/tutorial_taskflow_api.py
[2025-11-11T20:12:21.917+0530] {processor.py:840} INFO - DAG(s) 'tutorial_taskflow_api' retrieved from /home/logi/txtai/venv/lib/python3.10/site-packages/airflow/example_dags/tutorial_taskflow_api.py
[2025-11-11T20:12:21.946+0530] {logging_mixin.py:188} INFO - [2025-11-11T20:12:21.945+0530] {dag.py:3089} INFO - Sync 1 DAGs
[2025-11-11T20:12:21.961+0530] {logging_mixin.py:188} INFO - [2025-11-11T20:12:21.960+0530] {dag.py:3947} INFO - Setting next_dagrun for tutorial_taskflow_api to None, run_after=None
[2025-11-11T20:12:21.984+0530] {processor.py:183} INFO - Processing /home/logi/txtai/venv/lib/python3.10/site-packages/airflow/example_dags/tutorial_taskflow_api.py took 0.106 seconds
[2025-11-11T20:13:18.329+0530] {processor.py:161} INFO - Started process (PID=23923) to work on /home/logi/txtai/venv/lib/python3.10/site-packages/airflow/example_dags/tutorial_taskflow_api.py
[2025-11-11T20:13:18.342+0530] {processor.py:830} INFO - Processing file /home/logi/txtai/venv/lib/python3.10/site-packages/airflow/example_dags/tutorial_taskflow_api.py for tasks to queue
[2025-11-11T20:13:18.344+0530] {logging_mixin.py:188} INFO - [2025-11-11T20:13:18.343+0530] {dagbag.py:545} INFO - Filling up the DagBag from /home/logi/txtai/venv/lib/python3.10/site-packages/airflow/example_dags/tutorial_taskflow_api.py
[2025-11-11T20:13:18.350+0530] {processor.py:840} INFO - DAG(s) 'tutorial_taskflow_api' retrieved from /home/logi/txtai/venv/lib/python3.10/site-packages/airflow/example_dags/tutorial_taskflow_api.py
[2025-11-11T20:13:18.367+0530] {logging_mixin.py:188} INFO - [2025-11-11T20:13:18.367+0530] {dag.py:3089} INFO - Sync 1 DAGs
[2025-11-11T20:13:18.378+0530] {logging_mixin.py:188} INFO - [2025-11-11T20:13:18.377+0530] {dag.py:3947} INFO - Setting next_dagrun for tutorial_taskflow_api to None, run_after=None
[2025-11-11T20:13:18.397+0530] {processor.py:183} INFO - Processing /home/logi/txtai/venv/lib/python3.10/site-packages/airflow/example_dags/tutorial_taskflow_api.py took 0.074 seconds
[2025-11-11T20:14:14.584+0530] {processor.py:161} INFO - Started process (PID=24004) to work on /home/logi/txtai/venv/lib/python3.10/site-packages/airflow/example_dags/tutorial_taskflow_api.py
[2025-11-11T20:14:14.598+0530] {processor.py:830} INFO - Processing file /home/logi/txtai/venv/lib/python3.10/site-packages/airflow/example_dags/tutorial_taskflow_api.py for tasks to queue
[2025-11-11T20:14:14.599+0530] {logging_mixin.py:188} INFO - [2025-11-11T20:14:14.599+0530] {dagbag.py:545} INFO - Filling up the DagBag from /home/logi/txtai/venv/lib/python3.10/site-packages/airflow/example_dags/tutorial_taskflow_api.py
[2025-11-11T20:14:14.611+0530] {processor.py:840} INFO - DAG(s) 'tutorial_taskflow_api' retrieved from /home/logi/txtai/venv/lib/python3.10/site-packages/airflow/example_dags/tutorial_taskflow_api.py
[2025-11-11T20:14:14.639+0530] {logging_mixin.py:188} INFO - [2025-11-11T20:14:14.639+0530] {dag.py:3089} INFO - Sync 1 DAGs
[2025-11-11T20:14:14.653+0530] {logging_mixin.py:188} INFO - [2025-11-11T20:14:14.652+0530] {dag.py:3947} INFO - Setting next_dagrun for tutorial_taskflow_api to None, run_after=None
[2025-11-11T20:14:14.673+0530] {processor.py:183} INFO - Processing /home/logi/txtai/venv/lib/python3.10/site-packages/airflow/example_dags/tutorial_taskflow_api.py took 0.102 seconds
[2025-11-11T20:15:08.449+0530] {processor.py:161} INFO - Started process (PID=24083) to work on /home/logi/txtai/venv/lib/python3.10/site-packages/airflow/example_dags/tutorial_taskflow_api.py
[2025-11-11T20:15:08.463+0530] {processor.py:830} INFO - Processing file /home/logi/txtai/venv/lib/python3.10/site-packages/airflow/example_dags/tutorial_taskflow_api.py for tasks to queue
[2025-11-11T20:15:08.464+0530] {logging_mixin.py:188} INFO - [2025-11-11T20:15:08.464+0530] {dagbag.py:545} INFO - Filling up the DagBag from /home/logi/txtai/venv/lib/python3.10/site-packages/airflow/example_dags/tutorial_taskflow_api.py
[2025-11-11T20:15:08.476+0530] {processor.py:840} INFO - DAG(s) 'tutorial_taskflow_api' retrieved from /home/logi/txtai/venv/lib/python3.10/site-packages/airflow/example_dags/tutorial_taskflow_api.py
[2025-11-11T20:15:08.504+0530] {logging_mixin.py:188} INFO - [2025-11-11T20:15:08.503+0530] {dag.py:3089} INFO - Sync 1 DAGs
[2025-11-11T20:15:08.519+0530] {logging_mixin.py:188} INFO - [2025-11-11T20:15:08.519+0530] {dag.py:3947} INFO - Setting next_dagrun for tutorial_taskflow_api to None, run_after=None
[2025-11-11T20:15:08.538+0530] {processor.py:183} INFO - Processing /home/logi/txtai/venv/lib/python3.10/site-packages/airflow/example_dags/tutorial_taskflow_api.py took 0.101 seconds
[2025-11-11T20:16:00.782+0530] {processor.py:161} INFO - Started process (PID=24190) to work on /home/logi/txtai/venv/lib/python3.10/site-packages/airflow/example_dags/tutorial_taskflow_api.py
[2025-11-11T20:16:00.796+0530] {processor.py:830} INFO - Processing file /home/logi/txtai/venv/lib/python3.10/site-packages/airflow/example_dags/tutorial_taskflow_api.py for tasks to queue
[2025-11-11T20:16:00.798+0530] {logging_mixin.py:188} INFO - [2025-11-11T20:16:00.797+0530] {dagbag.py:545} INFO - Filling up the DagBag from /home/logi/txtai/venv/lib/python3.10/site-packages/airflow/example_dags/tutorial_taskflow_api.py
[2025-11-11T20:16:00.809+0530] {processor.py:840} INFO - DAG(s) 'tutorial_taskflow_api' retrieved from /home/logi/txtai/venv/lib/python3.10/site-packages/airflow/example_dags/tutorial_taskflow_api.py
[2025-11-11T20:16:00.835+0530] {logging_mixin.py:188} INFO - [2025-11-11T20:16:00.835+0530] {dag.py:3089} INFO - Sync 1 DAGs
[2025-11-11T20:16:00.850+0530] {logging_mixin.py:188} INFO - [2025-11-11T20:16:00.850+0530] {dag.py:3947} INFO - Setting next_dagrun for tutorial_taskflow_api to None, run_after=None
[2025-11-11T20:16:00.870+0530] {processor.py:183} INFO - Processing /home/logi/txtai/venv/lib/python3.10/site-packages/airflow/example_dags/tutorial_taskflow_api.py took 0.099 seconds
[2025-11-11T20:16:54.904+0530] {processor.py:161} INFO - Started process (PID=24265) to work on /home/logi/txtai/venv/lib/python3.10/site-packages/airflow/example_dags/tutorial_taskflow_api.py
[2025-11-11T20:16:54.917+0530] {processor.py:830} INFO - Processing file /home/logi/txtai/venv/lib/python3.10/site-packages/airflow/example_dags/tutorial_taskflow_api.py for tasks to queue
[2025-11-11T20:16:54.919+0530] {logging_mixin.py:188} INFO - [2025-11-11T20:16:54.918+0530] {dagbag.py:545} INFO - Filling up the DagBag from /home/logi/txtai/venv/lib/python3.10/site-packages/airflow/example_dags/tutorial_taskflow_api.py
[2025-11-11T20:16:54.931+0530] {processor.py:840} INFO - DAG(s) 'tutorial_taskflow_api' retrieved from /home/logi/txtai/venv/lib/python3.10/site-packages/airflow/example_dags/tutorial_taskflow_api.py
[2025-11-11T20:16:54.959+0530] {logging_mixin.py:188} INFO - [2025-11-11T20:16:54.959+0530] {dag.py:3089} INFO - Sync 1 DAGs
[2025-11-11T20:16:54.973+0530] {logging_mixin.py:188} INFO - [2025-11-11T20:16:54.973+0530] {dag.py:3947} INFO - Setting next_dagrun for tutorial_taskflow_api to None, run_after=None
[2025-11-11T20:16:54.993+0530] {processor.py:183} INFO - Processing /home/logi/txtai/venv/lib/python3.10/site-packages/airflow/example_dags/tutorial_taskflow_api.py took 0.099 seconds
[2025-11-11T20:17:47.774+0530] {processor.py:161} INFO - Started process (PID=24351) to work on /home/logi/txtai/venv/lib/python3.10/site-packages/airflow/example_dags/tutorial_taskflow_api.py
[2025-11-11T20:17:47.788+0530] {processor.py:830} INFO - Processing file /home/logi/txtai/venv/lib/python3.10/site-packages/airflow/example_dags/tutorial_taskflow_api.py for tasks to queue
[2025-11-11T20:17:47.790+0530] {logging_mixin.py:188} INFO - [2025-11-11T20:17:47.789+0530] {dagbag.py:545} INFO - Filling up the DagBag from /home/logi/txtai/venv/lib/python3.10/site-packages/airflow/example_dags/tutorial_taskflow_api.py
[2025-11-11T20:17:47.802+0530] {processor.py:840} INFO - DAG(s) 'tutorial_taskflow_api' retrieved from /home/logi/txtai/venv/lib/python3.10/site-packages/airflow/example_dags/tutorial_taskflow_api.py
[2025-11-11T20:17:47.830+0530] {logging_mixin.py:188} INFO - [2025-11-11T20:17:47.829+0530] {dag.py:3089} INFO - Sync 1 DAGs
[2025-11-11T20:17:47.842+0530] {logging_mixin.py:188} INFO - [2025-11-11T20:17:47.842+0530] {dag.py:3947} INFO - Setting next_dagrun for tutorial_taskflow_api to None, run_after=None
[2025-11-11T20:17:47.862+0530] {processor.py:183} INFO - Processing /home/logi/txtai/venv/lib/python3.10/site-packages/airflow/example_dags/tutorial_taskflow_api.py took 0.100 seconds
[2025-11-11T20:18:39.526+0530] {processor.py:161} INFO - Started process (PID=24430) to work on /home/logi/txtai/venv/lib/python3.10/site-packages/airflow/example_dags/tutorial_taskflow_api.py
[2025-11-11T20:18:39.539+0530] {processor.py:830} INFO - Processing file /home/logi/txtai/venv/lib/python3.10/site-packages/airflow/example_dags/tutorial_taskflow_api.py for tasks to queue
[2025-11-11T20:18:39.541+0530] {logging_mixin.py:188} INFO - [2025-11-11T20:18:39.540+0530] {dagbag.py:545} INFO - Filling up the DagBag from /home/logi/txtai/venv/lib/python3.10/site-packages/airflow/example_dags/tutorial_taskflow_api.py
[2025-11-11T20:18:39.553+0530] {processor.py:840} INFO - DAG(s) 'tutorial_taskflow_api' retrieved from /home/logi/txtai/venv/lib/python3.10/site-packages/airflow/example_dags/tutorial_taskflow_api.py
[2025-11-11T20:18:39.583+0530] {logging_mixin.py:188} INFO - [2025-11-11T20:18:39.582+0530] {dag.py:3089} INFO - Sync 1 DAGs
[2025-11-11T20:18:39.599+0530] {logging_mixin.py:188} INFO - [2025-11-11T20:18:39.599+0530] {dag.py:3947} INFO - Setting next_dagrun for tutorial_taskflow_api to None, run_after=None
[2025-11-11T20:18:39.625+0530] {processor.py:183} INFO - Processing /home/logi/txtai/venv/lib/python3.10/site-packages/airflow/example_dags/tutorial_taskflow_api.py took 0.110 seconds
[2025-11-11T20:19:36.703+0530] {processor.py:161} INFO - Started process (PID=24508) to work on /home/logi/txtai/venv/lib/python3.10/site-packages/airflow/example_dags/tutorial_taskflow_api.py
[2025-11-11T20:19:36.716+0530] {processor.py:830} INFO - Processing file /home/logi/txtai/venv/lib/python3.10/site-packages/airflow/example_dags/tutorial_taskflow_api.py for tasks to queue
[2025-11-11T20:19:36.718+0530] {logging_mixin.py:188} INFO - [2025-11-11T20:19:36.718+0530] {dagbag.py:545} INFO - Filling up the DagBag from /home/logi/txtai/venv/lib/python3.10/site-packages/airflow/example_dags/tutorial_taskflow_api.py
[2025-11-11T20:19:36.730+0530] {processor.py:840} INFO - DAG(s) 'tutorial_taskflow_api' retrieved from /home/logi/txtai/venv/lib/python3.10/site-packages/airflow/example_dags/tutorial_taskflow_api.py
[2025-11-11T20:19:36.759+0530] {logging_mixin.py:188} INFO - [2025-11-11T20:19:36.758+0530] {dag.py:3089} INFO - Sync 1 DAGs
[2025-11-11T20:19:36.769+0530] {logging_mixin.py:188} INFO - [2025-11-11T20:19:36.769+0530] {dag.py:3947} INFO - Setting next_dagrun for tutorial_taskflow_api to None, run_after=None
[2025-11-11T20:19:36.791+0530] {processor.py:183} INFO - Processing /home/logi/txtai/venv/lib/python3.10/site-packages/airflow/example_dags/tutorial_taskflow_api.py took 0.101 seconds
[2025-11-11T20:20:32.181+0530] {processor.py:161} INFO - Started process (PID=24613) to work on /home/logi/txtai/venv/lib/python3.10/site-packages/airflow/example_dags/tutorial_taskflow_api.py
[2025-11-11T20:20:32.194+0530] {processor.py:830} INFO - Processing file /home/logi/txtai/venv/lib/python3.10/site-packages/airflow/example_dags/tutorial_taskflow_api.py for tasks to queue
[2025-11-11T20:20:32.196+0530] {logging_mixin.py:188} INFO - [2025-11-11T20:20:32.195+0530] {dagbag.py:545} INFO - Filling up the DagBag from /home/logi/txtai/venv/lib/python3.10/site-packages/airflow/example_dags/tutorial_taskflow_api.py
[2025-11-11T20:20:32.207+0530] {processor.py:840} INFO - DAG(s) 'tutorial_taskflow_api' retrieved from /home/logi/txtai/venv/lib/python3.10/site-packages/airflow/example_dags/tutorial_taskflow_api.py
[2025-11-11T20:20:32.229+0530] {logging_mixin.py:188} INFO - [2025-11-11T20:20:32.229+0530] {dag.py:3089} INFO - Sync 1 DAGs
[2025-11-11T20:20:32.242+0530] {logging_mixin.py:188} INFO - [2025-11-11T20:20:32.242+0530] {dag.py:3947} INFO - Setting next_dagrun for tutorial_taskflow_api to None, run_after=None
[2025-11-11T20:20:32.262+0530] {processor.py:183} INFO - Processing /home/logi/txtai/venv/lib/python3.10/site-packages/airflow/example_dags/tutorial_taskflow_api.py took 0.092 seconds
[2025-11-11T20:21:28.164+0530] {processor.py:161} INFO - Started process (PID=24691) to work on /home/logi/txtai/venv/lib/python3.10/site-packages/airflow/example_dags/tutorial_taskflow_api.py
[2025-11-11T20:21:28.178+0530] {processor.py:830} INFO - Processing file /home/logi/txtai/venv/lib/python3.10/site-packages/airflow/example_dags/tutorial_taskflow_api.py for tasks to queue
[2025-11-11T20:21:28.180+0530] {logging_mixin.py:188} INFO - [2025-11-11T20:21:28.179+0530] {dagbag.py:545} INFO - Filling up the DagBag from /home/logi/txtai/venv/lib/python3.10/site-packages/airflow/example_dags/tutorial_taskflow_api.py
[2025-11-11T20:21:28.191+0530] {processor.py:840} INFO - DAG(s) 'tutorial_taskflow_api' retrieved from /home/logi/txtai/venv/lib/python3.10/site-packages/airflow/example_dags/tutorial_taskflow_api.py
[2025-11-11T20:21:28.220+0530] {logging_mixin.py:188} INFO - [2025-11-11T20:21:28.219+0530] {dag.py:3089} INFO - Sync 1 DAGs
[2025-11-11T20:21:28.238+0530] {logging_mixin.py:188} INFO - [2025-11-11T20:21:28.238+0530] {dag.py:3947} INFO - Setting next_dagrun for tutorial_taskflow_api to None, run_after=None
[2025-11-11T20:21:28.268+0530] {processor.py:183} INFO - Processing /home/logi/txtai/venv/lib/python3.10/site-packages/airflow/example_dags/tutorial_taskflow_api.py took 0.117 seconds
[2025-11-11T20:22:23.271+0530] {processor.py:161} INFO - Started process (PID=24767) to work on /home/logi/txtai/venv/lib/python3.10/site-packages/airflow/example_dags/tutorial_taskflow_api.py
[2025-11-11T20:22:23.274+0530] {processor.py:830} INFO - Processing file /home/logi/txtai/venv/lib/python3.10/site-packages/airflow/example_dags/tutorial_taskflow_api.py for tasks to queue
[2025-11-11T20:22:23.275+0530] {logging_mixin.py:188} INFO - [2025-11-11T20:22:23.275+0530] {dagbag.py:545} INFO - Filling up the DagBag from /home/logi/txtai/venv/lib/python3.10/site-packages/airflow/example_dags/tutorial_taskflow_api.py
[2025-11-11T20:22:23.289+0530] {processor.py:840} INFO - DAG(s) 'tutorial_taskflow_api' retrieved from /home/logi/txtai/venv/lib/python3.10/site-packages/airflow/example_dags/tutorial_taskflow_api.py
[2025-11-11T20:22:23.320+0530] {logging_mixin.py:188} INFO - [2025-11-11T20:22:23.319+0530] {dag.py:3089} INFO - Sync 1 DAGs
[2025-11-11T20:22:23.335+0530] {logging_mixin.py:188} INFO - [2025-11-11T20:22:23.334+0530] {dag.py:3947} INFO - Setting next_dagrun for tutorial_taskflow_api to None, run_after=None
[2025-11-11T20:22:23.357+0530] {processor.py:183} INFO - Processing /home/logi/txtai/venv/lib/python3.10/site-packages/airflow/example_dags/tutorial_taskflow_api.py took 0.100 seconds
[2025-11-11T20:23:20.998+0530] {processor.py:161} INFO - Started process (PID=24844) to work on /home/logi/txtai/venv/lib/python3.10/site-packages/airflow/example_dags/tutorial_taskflow_api.py
[2025-11-11T20:23:21.011+0530] {processor.py:830} INFO - Processing file /home/logi/txtai/venv/lib/python3.10/site-packages/airflow/example_dags/tutorial_taskflow_api.py for tasks to queue
[2025-11-11T20:23:21.013+0530] {logging_mixin.py:188} INFO - [2025-11-11T20:23:21.012+0530] {dagbag.py:545} INFO - Filling up the DagBag from /home/logi/txtai/venv/lib/python3.10/site-packages/airflow/example_dags/tutorial_taskflow_api.py
[2025-11-11T20:23:21.025+0530] {processor.py:840} INFO - DAG(s) 'tutorial_taskflow_api' retrieved from /home/logi/txtai/venv/lib/python3.10/site-packages/airflow/example_dags/tutorial_taskflow_api.py
[2025-11-11T20:23:21.053+0530] {logging_mixin.py:188} INFO - [2025-11-11T20:23:21.052+0530] {dag.py:3089} INFO - Sync 1 DAGs
[2025-11-11T20:23:21.067+0530] {logging_mixin.py:188} INFO - [2025-11-11T20:23:21.067+0530] {dag.py:3947} INFO - Setting next_dagrun for tutorial_taskflow_api to None, run_after=None
[2025-11-11T20:23:21.091+0530] {processor.py:183} INFO - Processing /home/logi/txtai/venv/lib/python3.10/site-packages/airflow/example_dags/tutorial_taskflow_api.py took 0.104 seconds
[2025-11-11T20:24:20.276+0530] {processor.py:161} INFO - Started process (PID=24924) to work on /home/logi/txtai/venv/lib/python3.10/site-packages/airflow/example_dags/tutorial_taskflow_api.py
[2025-11-11T20:24:20.291+0530] {processor.py:830} INFO - Processing file /home/logi/txtai/venv/lib/python3.10/site-packages/airflow/example_dags/tutorial_taskflow_api.py for tasks to queue
[2025-11-11T20:24:20.292+0530] {logging_mixin.py:188} INFO - [2025-11-11T20:24:20.292+0530] {dagbag.py:545} INFO - Filling up the DagBag from /home/logi/txtai/venv/lib/python3.10/site-packages/airflow/example_dags/tutorial_taskflow_api.py
[2025-11-11T20:24:20.304+0530] {processor.py:840} INFO - DAG(s) 'tutorial_taskflow_api' retrieved from /home/logi/txtai/venv/lib/python3.10/site-packages/airflow/example_dags/tutorial_taskflow_api.py
[2025-11-11T20:24:20.333+0530] {logging_mixin.py:188} INFO - [2025-11-11T20:24:20.332+0530] {dag.py:3089} INFO - Sync 1 DAGs
[2025-11-11T20:24:20.347+0530] {logging_mixin.py:188} INFO - [2025-11-11T20:24:20.347+0530] {dag.py:3947} INFO - Setting next_dagrun for tutorial_taskflow_api to None, run_after=None
[2025-11-11T20:24:20.367+0530] {processor.py:183} INFO - Processing /home/logi/txtai/venv/lib/python3.10/site-packages/airflow/example_dags/tutorial_taskflow_api.py took 0.103 seconds
[2025-11-11T20:25:17.178+0530] {processor.py:161} INFO - Started process (PID=25032) to work on /home/logi/txtai/venv/lib/python3.10/site-packages/airflow/example_dags/tutorial_taskflow_api.py
[2025-11-11T20:25:17.192+0530] {processor.py:830} INFO - Processing file /home/logi/txtai/venv/lib/python3.10/site-packages/airflow/example_dags/tutorial_taskflow_api.py for tasks to queue
[2025-11-11T20:25:17.193+0530] {logging_mixin.py:188} INFO - [2025-11-11T20:25:17.193+0530] {dagbag.py:545} INFO - Filling up the DagBag from /home/logi/txtai/venv/lib/python3.10/site-packages/airflow/example_dags/tutorial_taskflow_api.py
[2025-11-11T20:25:17.205+0530] {processor.py:840} INFO - DAG(s) 'tutorial_taskflow_api' retrieved from /home/logi/txtai/venv/lib/python3.10/site-packages/airflow/example_dags/tutorial_taskflow_api.py
[2025-11-11T20:25:17.230+0530] {logging_mixin.py:188} INFO - [2025-11-11T20:25:17.230+0530] {dag.py:3089} INFO - Sync 1 DAGs
[2025-11-11T20:25:17.244+0530] {logging_mixin.py:188} INFO - [2025-11-11T20:25:17.244+0530] {dag.py:3947} INFO - Setting next_dagrun for tutorial_taskflow_api to None, run_after=None
[2025-11-11T20:25:17.261+0530] {processor.py:183} INFO - Processing /home/logi/txtai/venv/lib/python3.10/site-packages/airflow/example_dags/tutorial_taskflow_api.py took 0.092 seconds
[2025-11-11T22:21:54.810+0530] {processor.py:161} INFO - Started process (PID=5773) to work on /home/logi/txtai/venv/lib/python3.10/site-packages/airflow/example_dags/tutorial_taskflow_api.py
[2025-11-11T22:21:54.824+0530] {processor.py:830} INFO - Processing file /home/logi/txtai/venv/lib/python3.10/site-packages/airflow/example_dags/tutorial_taskflow_api.py for tasks to queue
[2025-11-11T22:21:54.828+0530] {logging_mixin.py:188} INFO - [2025-11-11T22:21:54.827+0530] {dagbag.py:545} INFO - Filling up the DagBag from /home/logi/txtai/venv/lib/python3.10/site-packages/airflow/example_dags/tutorial_taskflow_api.py
[2025-11-11T22:21:54.845+0530] {processor.py:840} INFO - DAG(s) 'tutorial_taskflow_api' retrieved from /home/logi/txtai/venv/lib/python3.10/site-packages/airflow/example_dags/tutorial_taskflow_api.py
[2025-11-11T22:21:54.888+0530] {logging_mixin.py:188} INFO - [2025-11-11T22:21:54.887+0530] {dag.py:3089} INFO - Sync 1 DAGs
[2025-11-11T22:21:54.898+0530] {logging_mixin.py:188} INFO - [2025-11-11T22:21:54.898+0530] {dag.py:3947} INFO - Setting next_dagrun for tutorial_taskflow_api to None, run_after=None
[2025-11-11T22:21:54.922+0530] {processor.py:183} INFO - Processing /home/logi/txtai/venv/lib/python3.10/site-packages/airflow/example_dags/tutorial_taskflow_api.py took 0.124 seconds
[2025-11-11T22:22:54.275+0530] {processor.py:161} INFO - Started process (PID=6198) to work on /home/logi/txtai/venv/lib/python3.10/site-packages/airflow/example_dags/tutorial_taskflow_api.py
[2025-11-11T22:22:54.288+0530] {processor.py:830} INFO - Processing file /home/logi/txtai/venv/lib/python3.10/site-packages/airflow/example_dags/tutorial_taskflow_api.py for tasks to queue
[2025-11-11T22:22:54.291+0530] {logging_mixin.py:188} INFO - [2025-11-11T22:22:54.291+0530] {dagbag.py:545} INFO - Filling up the DagBag from /home/logi/txtai/venv/lib/python3.10/site-packages/airflow/example_dags/tutorial_taskflow_api.py
[2025-11-11T22:22:54.303+0530] {processor.py:840} INFO - DAG(s) 'tutorial_taskflow_api' retrieved from /home/logi/txtai/venv/lib/python3.10/site-packages/airflow/example_dags/tutorial_taskflow_api.py
[2025-11-11T22:22:54.332+0530] {logging_mixin.py:188} INFO - [2025-11-11T22:22:54.332+0530] {dag.py:3089} INFO - Sync 1 DAGs
[2025-11-11T22:22:54.347+0530] {logging_mixin.py:188} INFO - [2025-11-11T22:22:54.347+0530] {dag.py:3947} INFO - Setting next_dagrun for tutorial_taskflow_api to None, run_after=None
[2025-11-11T22:22:54.376+0530] {processor.py:183} INFO - Processing /home/logi/txtai/venv/lib/python3.10/site-packages/airflow/example_dags/tutorial_taskflow_api.py took 0.112 seconds
[2025-11-11T22:23:51.849+0530] {processor.py:161} INFO - Started process (PID=6278) to work on /home/logi/txtai/venv/lib/python3.10/site-packages/airflow/example_dags/tutorial_taskflow_api.py
[2025-11-11T22:23:51.862+0530] {processor.py:830} INFO - Processing file /home/logi/txtai/venv/lib/python3.10/site-packages/airflow/example_dags/tutorial_taskflow_api.py for tasks to queue
[2025-11-11T22:23:51.866+0530] {logging_mixin.py:188} INFO - [2025-11-11T22:23:51.865+0530] {dagbag.py:545} INFO - Filling up the DagBag from /home/logi/txtai/venv/lib/python3.10/site-packages/airflow/example_dags/tutorial_taskflow_api.py
[2025-11-11T22:23:51.878+0530] {processor.py:840} INFO - DAG(s) 'tutorial_taskflow_api' retrieved from /home/logi/txtai/venv/lib/python3.10/site-packages/airflow/example_dags/tutorial_taskflow_api.py
[2025-11-11T22:23:51.904+0530] {logging_mixin.py:188} INFO - [2025-11-11T22:23:51.903+0530] {dag.py:3089} INFO - Sync 1 DAGs
[2025-11-11T22:23:51.917+0530] {logging_mixin.py:188} INFO - [2025-11-11T22:23:51.917+0530] {dag.py:3947} INFO - Setting next_dagrun for tutorial_taskflow_api to None, run_after=None
[2025-11-11T22:23:51.945+0530] {processor.py:183} INFO - Processing /home/logi/txtai/venv/lib/python3.10/site-packages/airflow/example_dags/tutorial_taskflow_api.py took 0.106 seconds
[2025-11-11T22:24:46.789+0530] {processor.py:161} INFO - Started process (PID=6355) to work on /home/logi/txtai/venv/lib/python3.10/site-packages/airflow/example_dags/tutorial_taskflow_api.py
[2025-11-11T22:24:46.803+0530] {processor.py:830} INFO - Processing file /home/logi/txtai/venv/lib/python3.10/site-packages/airflow/example_dags/tutorial_taskflow_api.py for tasks to queue
[2025-11-11T22:24:46.806+0530] {logging_mixin.py:188} INFO - [2025-11-11T22:24:46.805+0530] {dagbag.py:545} INFO - Filling up the DagBag from /home/logi/txtai/venv/lib/python3.10/site-packages/airflow/example_dags/tutorial_taskflow_api.py
[2025-11-11T22:24:46.818+0530] {processor.py:840} INFO - DAG(s) 'tutorial_taskflow_api' retrieved from /home/logi/txtai/venv/lib/python3.10/site-packages/airflow/example_dags/tutorial_taskflow_api.py
[2025-11-11T22:24:46.843+0530] {logging_mixin.py:188} INFO - [2025-11-11T22:24:46.843+0530] {dag.py:3089} INFO - Sync 1 DAGs
[2025-11-11T22:24:46.854+0530] {logging_mixin.py:188} INFO - [2025-11-11T22:24:46.853+0530] {dag.py:3947} INFO - Setting next_dagrun for tutorial_taskflow_api to None, run_after=None
[2025-11-11T22:24:46.874+0530] {processor.py:183} INFO - Processing /home/logi/txtai/venv/lib/python3.10/site-packages/airflow/example_dags/tutorial_taskflow_api.py took 0.096 seconds
[2025-11-11T22:25:42.986+0530] {processor.py:161} INFO - Started process (PID=6438) to work on /home/logi/txtai/venv/lib/python3.10/site-packages/airflow/example_dags/tutorial_taskflow_api.py
[2025-11-11T22:25:42.988+0530] {processor.py:830} INFO - Processing file /home/logi/txtai/venv/lib/python3.10/site-packages/airflow/example_dags/tutorial_taskflow_api.py for tasks to queue
[2025-11-11T22:25:42.991+0530] {logging_mixin.py:188} INFO - [2025-11-11T22:25:42.991+0530] {dagbag.py:545} INFO - Filling up the DagBag from /home/logi/txtai/venv/lib/python3.10/site-packages/airflow/example_dags/tutorial_taskflow_api.py
[2025-11-11T22:25:42.998+0530] {processor.py:840} INFO - DAG(s) 'tutorial_taskflow_api' retrieved from /home/logi/txtai/venv/lib/python3.10/site-packages/airflow/example_dags/tutorial_taskflow_api.py
[2025-11-11T22:25:43.013+0530] {logging_mixin.py:188} INFO - [2025-11-11T22:25:43.013+0530] {dag.py:3089} INFO - Sync 1 DAGs
[2025-11-11T22:25:43.023+0530] {logging_mixin.py:188} INFO - [2025-11-11T22:25:43.023+0530] {dag.py:3947} INFO - Setting next_dagrun for tutorial_taskflow_api to None, run_after=None
[2025-11-11T22:25:43.042+0530] {processor.py:183} INFO - Processing /home/logi/txtai/venv/lib/python3.10/site-packages/airflow/example_dags/tutorial_taskflow_api.py took 0.066 seconds
[2025-11-11T22:26:39.608+0530] {processor.py:161} INFO - Started process (PID=6520) to work on /home/logi/txtai/venv/lib/python3.10/site-packages/airflow/example_dags/tutorial_taskflow_api.py
[2025-11-11T22:26:39.610+0530] {processor.py:830} INFO - Processing file /home/logi/txtai/venv/lib/python3.10/site-packages/airflow/example_dags/tutorial_taskflow_api.py for tasks to queue
[2025-11-11T22:26:39.613+0530] {logging_mixin.py:188} INFO - [2025-11-11T22:26:39.613+0530] {dagbag.py:545} INFO - Filling up the DagBag from /home/logi/txtai/venv/lib/python3.10/site-packages/airflow/example_dags/tutorial_taskflow_api.py
[2025-11-11T22:26:39.624+0530] {processor.py:840} INFO - DAG(s) 'tutorial_taskflow_api' retrieved from /home/logi/txtai/venv/lib/python3.10/site-packages/airflow/example_dags/tutorial_taskflow_api.py
[2025-11-11T22:26:39.647+0530] {logging_mixin.py:188} INFO - [2025-11-11T22:26:39.646+0530] {dag.py:3089} INFO - Sync 1 DAGs
[2025-11-11T22:26:39.657+0530] {logging_mixin.py:188} INFO - [2025-11-11T22:26:39.656+0530] {dag.py:3947} INFO - Setting next_dagrun for tutorial_taskflow_api to None, run_after=None
[2025-11-11T22:26:39.677+0530] {processor.py:183} INFO - Processing /home/logi/txtai/venv/lib/python3.10/site-packages/airflow/example_dags/tutorial_taskflow_api.py took 0.079 seconds
[2025-11-11T22:27:37.163+0530] {processor.py:161} INFO - Started process (PID=6624) to work on /home/logi/txtai/venv/lib/python3.10/site-packages/airflow/example_dags/tutorial_taskflow_api.py
[2025-11-11T22:27:37.176+0530] {processor.py:830} INFO - Processing file /home/logi/txtai/venv/lib/python3.10/site-packages/airflow/example_dags/tutorial_taskflow_api.py for tasks to queue
[2025-11-11T22:27:37.179+0530] {logging_mixin.py:188} INFO - [2025-11-11T22:27:37.179+0530] {dagbag.py:545} INFO - Filling up the DagBag from /home/logi/txtai/venv/lib/python3.10/site-packages/airflow/example_dags/tutorial_taskflow_api.py
[2025-11-11T22:27:37.190+0530] {processor.py:840} INFO - DAG(s) 'tutorial_taskflow_api' retrieved from /home/logi/txtai/venv/lib/python3.10/site-packages/airflow/example_dags/tutorial_taskflow_api.py
[2025-11-11T22:27:37.216+0530] {logging_mixin.py:188} INFO - [2025-11-11T22:27:37.216+0530] {dag.py:3089} INFO - Sync 1 DAGs
[2025-11-11T22:27:37.231+0530] {logging_mixin.py:188} INFO - [2025-11-11T22:27:37.231+0530] {dag.py:3947} INFO - Setting next_dagrun for tutorial_taskflow_api to None, run_after=None
[2025-11-11T22:27:37.261+0530] {processor.py:183} INFO - Processing /home/logi/txtai/venv/lib/python3.10/site-packages/airflow/example_dags/tutorial_taskflow_api.py took 0.109 seconds
[2025-11-11T22:28:32.686+0530] {processor.py:161} INFO - Started process (PID=6711) to work on /home/logi/txtai/venv/lib/python3.10/site-packages/airflow/example_dags/tutorial_taskflow_api.py
[2025-11-11T22:28:32.700+0530] {processor.py:830} INFO - Processing file /home/logi/txtai/venv/lib/python3.10/site-packages/airflow/example_dags/tutorial_taskflow_api.py for tasks to queue
[2025-11-11T22:28:32.703+0530] {logging_mixin.py:188} INFO - [2025-11-11T22:28:32.703+0530] {dagbag.py:545} INFO - Filling up the DagBag from /home/logi/txtai/venv/lib/python3.10/site-packages/airflow/example_dags/tutorial_taskflow_api.py
[2025-11-11T22:28:32.715+0530] {processor.py:840} INFO - DAG(s) 'tutorial_taskflow_api' retrieved from /home/logi/txtai/venv/lib/python3.10/site-packages/airflow/example_dags/tutorial_taskflow_api.py
[2025-11-11T22:28:32.742+0530] {logging_mixin.py:188} INFO - [2025-11-11T22:28:32.741+0530] {dag.py:3089} INFO - Sync 1 DAGs
[2025-11-11T22:28:32.755+0530] {logging_mixin.py:188} INFO - [2025-11-11T22:28:32.755+0530] {dag.py:3947} INFO - Setting next_dagrun for tutorial_taskflow_api to None, run_after=None
[2025-11-11T22:28:32.782+0530] {processor.py:183} INFO - Processing /home/logi/txtai/venv/lib/python3.10/site-packages/airflow/example_dags/tutorial_taskflow_api.py took 0.106 seconds
[2025-11-11T22:29:28.895+0530] {processor.py:161} INFO - Started process (PID=6798) to work on /home/logi/txtai/venv/lib/python3.10/site-packages/airflow/example_dags/tutorial_taskflow_api.py
[2025-11-11T22:29:28.909+0530] {processor.py:830} INFO - Processing file /home/logi/txtai/venv/lib/python3.10/site-packages/airflow/example_dags/tutorial_taskflow_api.py for tasks to queue
[2025-11-11T22:29:28.912+0530] {logging_mixin.py:188} INFO - [2025-11-11T22:29:28.911+0530] {dagbag.py:545} INFO - Filling up the DagBag from /home/logi/txtai/venv/lib/python3.10/site-packages/airflow/example_dags/tutorial_taskflow_api.py
[2025-11-11T22:29:28.924+0530] {processor.py:840} INFO - DAG(s) 'tutorial_taskflow_api' retrieved from /home/logi/txtai/venv/lib/python3.10/site-packages/airflow/example_dags/tutorial_taskflow_api.py
[2025-11-11T22:29:28.952+0530] {logging_mixin.py:188} INFO - [2025-11-11T22:29:28.951+0530] {dag.py:3089} INFO - Sync 1 DAGs
[2025-11-11T22:29:28.966+0530] {logging_mixin.py:188} INFO - [2025-11-11T22:29:28.966+0530] {dag.py:3947} INFO - Setting next_dagrun for tutorial_taskflow_api to None, run_after=None
[2025-11-11T22:29:28.996+0530] {processor.py:183} INFO - Processing /home/logi/txtai/venv/lib/python3.10/site-packages/airflow/example_dags/tutorial_taskflow_api.py took 0.112 seconds
[2025-11-11T22:30:24.816+0530] {processor.py:161} INFO - Started process (PID=6879) to work on /home/logi/txtai/venv/lib/python3.10/site-packages/airflow/example_dags/tutorial_taskflow_api.py
[2025-11-11T22:30:24.829+0530] {processor.py:830} INFO - Processing file /home/logi/txtai/venv/lib/python3.10/site-packages/airflow/example_dags/tutorial_taskflow_api.py for tasks to queue
[2025-11-11T22:30:24.832+0530] {logging_mixin.py:188} INFO - [2025-11-11T22:30:24.832+0530] {dagbag.py:545} INFO - Filling up the DagBag from /home/logi/txtai/venv/lib/python3.10/site-packages/airflow/example_dags/tutorial_taskflow_api.py
[2025-11-11T22:30:24.844+0530] {processor.py:840} INFO - DAG(s) 'tutorial_taskflow_api' retrieved from /home/logi/txtai/venv/lib/python3.10/site-packages/airflow/example_dags/tutorial_taskflow_api.py
[2025-11-11T22:30:24.872+0530] {logging_mixin.py:188} INFO - [2025-11-11T22:30:24.871+0530] {dag.py:3089} INFO - Sync 1 DAGs
[2025-11-11T22:30:24.886+0530] {logging_mixin.py:188} INFO - [2025-11-11T22:30:24.886+0530] {dag.py:3947} INFO - Setting next_dagrun for tutorial_taskflow_api to None, run_after=None
[2025-11-11T22:30:24.916+0530] {processor.py:183} INFO - Processing /home/logi/txtai/venv/lib/python3.10/site-packages/airflow/example_dags/tutorial_taskflow_api.py took 0.110 seconds
[2025-11-11T22:31:23.316+0530] {processor.py:161} INFO - Started process (PID=6961) to work on /home/logi/txtai/venv/lib/python3.10/site-packages/airflow/example_dags/tutorial_taskflow_api.py
[2025-11-11T22:31:23.330+0530] {processor.py:830} INFO - Processing file /home/logi/txtai/venv/lib/python3.10/site-packages/airflow/example_dags/tutorial_taskflow_api.py for tasks to queue
[2025-11-11T22:31:23.333+0530] {logging_mixin.py:188} INFO - [2025-11-11T22:31:23.332+0530] {dagbag.py:545} INFO - Filling up the DagBag from /home/logi/txtai/venv/lib/python3.10/site-packages/airflow/example_dags/tutorial_taskflow_api.py
[2025-11-11T22:31:23.345+0530] {processor.py:840} INFO - DAG(s) 'tutorial_taskflow_api' retrieved from /home/logi/txtai/venv/lib/python3.10/site-packages/airflow/example_dags/tutorial_taskflow_api.py
[2025-11-11T22:31:23.378+0530] {logging_mixin.py:188} INFO - [2025-11-11T22:31:23.377+0530] {dag.py:3089} INFO - Sync 1 DAGs
[2025-11-11T22:31:23.391+0530] {logging_mixin.py:188} INFO - [2025-11-11T22:31:23.390+0530] {dag.py:3947} INFO - Setting next_dagrun for tutorial_taskflow_api to None, run_after=None
[2025-11-11T22:31:23.419+0530] {processor.py:183} INFO - Processing /home/logi/txtai/venv/lib/python3.10/site-packages/airflow/example_dags/tutorial_taskflow_api.py took 0.119 seconds
[2025-11-11T22:32:18.127+0530] {processor.py:161} INFO - Started process (PID=7065) to work on /home/logi/txtai/venv/lib/python3.10/site-packages/airflow/example_dags/tutorial_taskflow_api.py
[2025-11-11T22:32:18.140+0530] {processor.py:830} INFO - Processing file /home/logi/txtai/venv/lib/python3.10/site-packages/airflow/example_dags/tutorial_taskflow_api.py for tasks to queue
[2025-11-11T22:32:18.144+0530] {logging_mixin.py:188} INFO - [2025-11-11T22:32:18.143+0530] {dagbag.py:545} INFO - Filling up the DagBag from /home/logi/txtai/venv/lib/python3.10/site-packages/airflow/example_dags/tutorial_taskflow_api.py
[2025-11-11T22:32:18.155+0530] {processor.py:840} INFO - DAG(s) 'tutorial_taskflow_api' retrieved from /home/logi/txtai/venv/lib/python3.10/site-packages/airflow/example_dags/tutorial_taskflow_api.py
[2025-11-11T22:32:18.182+0530] {logging_mixin.py:188} INFO - [2025-11-11T22:32:18.181+0530] {dag.py:3089} INFO - Sync 1 DAGs
[2025-11-11T22:32:18.198+0530] {logging_mixin.py:188} INFO - [2025-11-11T22:32:18.198+0530] {dag.py:3947} INFO - Setting next_dagrun for tutorial_taskflow_api to None, run_after=None
[2025-11-11T22:32:18.219+0530] {processor.py:183} INFO - Processing /home/logi/txtai/venv/lib/python3.10/site-packages/airflow/example_dags/tutorial_taskflow_api.py took 0.103 seconds
[2025-11-11T22:33:14.238+0530] {processor.py:161} INFO - Started process (PID=7145) to work on /home/logi/txtai/venv/lib/python3.10/site-packages/airflow/example_dags/tutorial_taskflow_api.py
[2025-11-11T22:33:14.252+0530] {processor.py:830} INFO - Processing file /home/logi/txtai/venv/lib/python3.10/site-packages/airflow/example_dags/tutorial_taskflow_api.py for tasks to queue
[2025-11-11T22:33:14.255+0530] {logging_mixin.py:188} INFO - [2025-11-11T22:33:14.255+0530] {dagbag.py:545} INFO - Filling up the DagBag from /home/logi/txtai/venv/lib/python3.10/site-packages/airflow/example_dags/tutorial_taskflow_api.py
[2025-11-11T22:33:14.267+0530] {processor.py:840} INFO - DAG(s) 'tutorial_taskflow_api' retrieved from /home/logi/txtai/venv/lib/python3.10/site-packages/airflow/example_dags/tutorial_taskflow_api.py
[2025-11-11T22:33:14.294+0530] {logging_mixin.py:188} INFO - [2025-11-11T22:33:14.294+0530] {dag.py:3089} INFO - Sync 1 DAGs
[2025-11-11T22:33:14.309+0530] {logging_mixin.py:188} INFO - [2025-11-11T22:33:14.308+0530] {dag.py:3947} INFO - Setting next_dagrun for tutorial_taskflow_api to None, run_after=None
[2025-11-11T22:33:14.329+0530] {processor.py:183} INFO - Processing /home/logi/txtai/venv/lib/python3.10/site-packages/airflow/example_dags/tutorial_taskflow_api.py took 0.102 seconds
[2025-11-11T22:34:10.472+0530] {processor.py:161} INFO - Started process (PID=7222) to work on /home/logi/txtai/venv/lib/python3.10/site-packages/airflow/example_dags/tutorial_taskflow_api.py
[2025-11-11T22:34:10.485+0530] {processor.py:830} INFO - Processing file /home/logi/txtai/venv/lib/python3.10/site-packages/airflow/example_dags/tutorial_taskflow_api.py for tasks to queue
[2025-11-11T22:34:10.488+0530] {logging_mixin.py:188} INFO - [2025-11-11T22:34:10.488+0530] {dagbag.py:545} INFO - Filling up the DagBag from /home/logi/txtai/venv/lib/python3.10/site-packages/airflow/example_dags/tutorial_taskflow_api.py
[2025-11-11T22:34:10.500+0530] {processor.py:840} INFO - DAG(s) 'tutorial_taskflow_api' retrieved from /home/logi/txtai/venv/lib/python3.10/site-packages/airflow/example_dags/tutorial_taskflow_api.py
[2025-11-11T22:34:10.527+0530] {logging_mixin.py:188} INFO - [2025-11-11T22:34:10.527+0530] {dag.py:3089} INFO - Sync 1 DAGs
[2025-11-11T22:34:10.542+0530] {logging_mixin.py:188} INFO - [2025-11-11T22:34:10.542+0530] {dag.py:3947} INFO - Setting next_dagrun for tutorial_taskflow_api to None, run_after=None
[2025-11-11T22:34:10.568+0530] {processor.py:183} INFO - Processing /home/logi/txtai/venv/lib/python3.10/site-packages/airflow/example_dags/tutorial_taskflow_api.py took 0.108 seconds
[2025-11-11T22:35:05.839+0530] {processor.py:161} INFO - Started process (PID=7302) to work on /home/logi/txtai/venv/lib/python3.10/site-packages/airflow/example_dags/tutorial_taskflow_api.py
[2025-11-11T22:35:05.852+0530] {processor.py:830} INFO - Processing file /home/logi/txtai/venv/lib/python3.10/site-packages/airflow/example_dags/tutorial_taskflow_api.py for tasks to queue
[2025-11-11T22:35:05.855+0530] {logging_mixin.py:188} INFO - [2025-11-11T22:35:05.854+0530] {dagbag.py:545} INFO - Filling up the DagBag from /home/logi/txtai/venv/lib/python3.10/site-packages/airflow/example_dags/tutorial_taskflow_api.py
[2025-11-11T22:35:05.865+0530] {processor.py:840} INFO - DAG(s) 'tutorial_taskflow_api' retrieved from /home/logi/txtai/venv/lib/python3.10/site-packages/airflow/example_dags/tutorial_taskflow_api.py
[2025-11-11T22:35:05.888+0530] {logging_mixin.py:188} INFO - [2025-11-11T22:35:05.888+0530] {dag.py:3089} INFO - Sync 1 DAGs
[2025-11-11T22:35:05.903+0530] {logging_mixin.py:188} INFO - [2025-11-11T22:35:05.903+0530] {dag.py:3947} INFO - Setting next_dagrun for tutorial_taskflow_api to None, run_after=None
[2025-11-11T22:35:05.928+0530] {processor.py:183} INFO - Processing /home/logi/txtai/venv/lib/python3.10/site-packages/airflow/example_dags/tutorial_taskflow_api.py took 0.099 seconds
[2025-11-11T22:36:00.229+0530] {processor.py:161} INFO - Started process (PID=7394) to work on /home/logi/txtai/venv/lib/python3.10/site-packages/airflow/example_dags/tutorial_taskflow_api.py
[2025-11-11T22:36:00.232+0530] {processor.py:830} INFO - Processing file /home/logi/txtai/venv/lib/python3.10/site-packages/airflow/example_dags/tutorial_taskflow_api.py for tasks to queue
[2025-11-11T22:36:00.236+0530] {logging_mixin.py:188} INFO - [2025-11-11T22:36:00.235+0530] {dagbag.py:545} INFO - Filling up the DagBag from /home/logi/txtai/venv/lib/python3.10/site-packages/airflow/example_dags/tutorial_taskflow_api.py
[2025-11-11T22:36:00.248+0530] {processor.py:840} INFO - DAG(s) 'tutorial_taskflow_api' retrieved from /home/logi/txtai/venv/lib/python3.10/site-packages/airflow/example_dags/tutorial_taskflow_api.py
[2025-11-11T22:36:00.274+0530] {logging_mixin.py:188} INFO - [2025-11-11T22:36:00.274+0530] {dag.py:3089} INFO - Sync 1 DAGs
[2025-11-11T22:36:00.292+0530] {logging_mixin.py:188} INFO - [2025-11-11T22:36:00.292+0530] {dag.py:3947} INFO - Setting next_dagrun for tutorial_taskflow_api to None, run_after=None
[2025-11-11T22:36:00.327+0530] {processor.py:183} INFO - Processing /home/logi/txtai/venv/lib/python3.10/site-packages/airflow/example_dags/tutorial_taskflow_api.py took 0.112 seconds
[2025-11-11T22:36:58.571+0530] {processor.py:161} INFO - Started process (PID=7506) to work on /home/logi/txtai/venv/lib/python3.10/site-packages/airflow/example_dags/tutorial_taskflow_api.py
[2025-11-11T22:36:58.584+0530] {processor.py:830} INFO - Processing file /home/logi/txtai/venv/lib/python3.10/site-packages/airflow/example_dags/tutorial_taskflow_api.py for tasks to queue
[2025-11-11T22:36:58.587+0530] {logging_mixin.py:188} INFO - [2025-11-11T22:36:58.587+0530] {dagbag.py:545} INFO - Filling up the DagBag from /home/logi/txtai/venv/lib/python3.10/site-packages/airflow/example_dags/tutorial_taskflow_api.py
[2025-11-11T22:36:58.599+0530] {processor.py:840} INFO - DAG(s) 'tutorial_taskflow_api' retrieved from /home/logi/txtai/venv/lib/python3.10/site-packages/airflow/example_dags/tutorial_taskflow_api.py
[2025-11-11T22:36:58.626+0530] {logging_mixin.py:188} INFO - [2025-11-11T22:36:58.625+0530] {dag.py:3089} INFO - Sync 1 DAGs
[2025-11-11T22:36:58.640+0530] {logging_mixin.py:188} INFO - [2025-11-11T22:36:58.640+0530] {dag.py:3947} INFO - Setting next_dagrun for tutorial_taskflow_api to None, run_after=None
[2025-11-11T22:36:58.668+0530] {processor.py:183} INFO - Processing /home/logi/txtai/venv/lib/python3.10/site-packages/airflow/example_dags/tutorial_taskflow_api.py took 0.108 seconds
[2025-11-11T22:37:54.973+0530] {processor.py:161} INFO - Started process (PID=7584) to work on /home/logi/txtai/venv/lib/python3.10/site-packages/airflow/example_dags/tutorial_taskflow_api.py
[2025-11-11T22:37:54.986+0530] {processor.py:830} INFO - Processing file /home/logi/txtai/venv/lib/python3.10/site-packages/airflow/example_dags/tutorial_taskflow_api.py for tasks to queue
[2025-11-11T22:37:54.990+0530] {logging_mixin.py:188} INFO - [2025-11-11T22:37:54.989+0530] {dagbag.py:545} INFO - Filling up the DagBag from /home/logi/txtai/venv/lib/python3.10/site-packages/airflow/example_dags/tutorial_taskflow_api.py
[2025-11-11T22:37:55.002+0530] {processor.py:840} INFO - DAG(s) 'tutorial_taskflow_api' retrieved from /home/logi/txtai/venv/lib/python3.10/site-packages/airflow/example_dags/tutorial_taskflow_api.py
[2025-11-11T22:37:55.030+0530] {logging_mixin.py:188} INFO - [2025-11-11T22:37:55.029+0530] {dag.py:3089} INFO - Sync 1 DAGs
[2025-11-11T22:37:55.043+0530] {logging_mixin.py:188} INFO - [2025-11-11T22:37:55.043+0530] {dag.py:3947} INFO - Setting next_dagrun for tutorial_taskflow_api to None, run_after=None
[2025-11-11T22:37:55.064+0530] {processor.py:183} INFO - Processing /home/logi/txtai/venv/lib/python3.10/site-packages/airflow/example_dags/tutorial_taskflow_api.py took 0.103 seconds
[2025-11-11T22:38:50.391+0530] {processor.py:161} INFO - Started process (PID=7660) to work on /home/logi/txtai/venv/lib/python3.10/site-packages/airflow/example_dags/tutorial_taskflow_api.py
[2025-11-11T22:38:50.405+0530] {processor.py:830} INFO - Processing file /home/logi/txtai/venv/lib/python3.10/site-packages/airflow/example_dags/tutorial_taskflow_api.py for tasks to queue
[2025-11-11T22:38:50.408+0530] {logging_mixin.py:188} INFO - [2025-11-11T22:38:50.407+0530] {dagbag.py:545} INFO - Filling up the DagBag from /home/logi/txtai/venv/lib/python3.10/site-packages/airflow/example_dags/tutorial_taskflow_api.py
[2025-11-11T22:38:50.421+0530] {processor.py:840} INFO - DAG(s) 'tutorial_taskflow_api' retrieved from /home/logi/txtai/venv/lib/python3.10/site-packages/airflow/example_dags/tutorial_taskflow_api.py
[2025-11-11T22:38:50.452+0530] {logging_mixin.py:188} INFO - [2025-11-11T22:38:50.451+0530] {dag.py:3089} INFO - Sync 1 DAGs
[2025-11-11T22:38:50.465+0530] {logging_mixin.py:188} INFO - [2025-11-11T22:38:50.465+0530] {dag.py:3947} INFO - Setting next_dagrun for tutorial_taskflow_api to None, run_after=None
[2025-11-11T22:38:50.500+0530] {processor.py:183} INFO - Processing /home/logi/txtai/venv/lib/python3.10/site-packages/airflow/example_dags/tutorial_taskflow_api.py took 0.120 seconds
[2025-11-11T22:39:44.185+0530] {processor.py:161} INFO - Started process (PID=7736) to work on /home/logi/txtai/venv/lib/python3.10/site-packages/airflow/example_dags/tutorial_taskflow_api.py
[2025-11-11T22:39:44.200+0530] {processor.py:830} INFO - Processing file /home/logi/txtai/venv/lib/python3.10/site-packages/airflow/example_dags/tutorial_taskflow_api.py for tasks to queue
[2025-11-11T22:39:44.203+0530] {logging_mixin.py:188} INFO - [2025-11-11T22:39:44.202+0530] {dagbag.py:545} INFO - Filling up the DagBag from /home/logi/txtai/venv/lib/python3.10/site-packages/airflow/example_dags/tutorial_taskflow_api.py
[2025-11-11T22:39:44.214+0530] {processor.py:840} INFO - DAG(s) 'tutorial_taskflow_api' retrieved from /home/logi/txtai/venv/lib/python3.10/site-packages/airflow/example_dags/tutorial_taskflow_api.py
[2025-11-11T22:39:44.242+0530] {logging_mixin.py:188} INFO - [2025-11-11T22:39:44.242+0530] {dag.py:3089} INFO - Sync 1 DAGs
[2025-11-11T22:39:44.256+0530] {logging_mixin.py:188} INFO - [2025-11-11T22:39:44.256+0530] {dag.py:3947} INFO - Setting next_dagrun for tutorial_taskflow_api to None, run_after=None
[2025-11-11T22:39:44.277+0530] {processor.py:183} INFO - Processing /home/logi/txtai/venv/lib/python3.10/site-packages/airflow/example_dags/tutorial_taskflow_api.py took 0.103 seconds
[2025-11-11T22:40:41.214+0530] {processor.py:161} INFO - Started process (PID=7816) to work on /home/logi/txtai/venv/lib/python3.10/site-packages/airflow/example_dags/tutorial_taskflow_api.py
[2025-11-11T22:40:41.227+0530] {processor.py:830} INFO - Processing file /home/logi/txtai/venv/lib/python3.10/site-packages/airflow/example_dags/tutorial_taskflow_api.py for tasks to queue
[2025-11-11T22:40:41.230+0530] {logging_mixin.py:188} INFO - [2025-11-11T22:40:41.230+0530] {dagbag.py:545} INFO - Filling up the DagBag from /home/logi/txtai/venv/lib/python3.10/site-packages/airflow/example_dags/tutorial_taskflow_api.py
[2025-11-11T22:40:41.244+0530] {processor.py:840} INFO - DAG(s) 'tutorial_taskflow_api' retrieved from /home/logi/txtai/venv/lib/python3.10/site-packages/airflow/example_dags/tutorial_taskflow_api.py
[2025-11-11T22:40:41.274+0530] {logging_mixin.py:188} INFO - [2025-11-11T22:40:41.273+0530] {dag.py:3089} INFO - Sync 1 DAGs
[2025-11-11T22:40:41.287+0530] {logging_mixin.py:188} INFO - [2025-11-11T22:40:41.286+0530] {dag.py:3947} INFO - Setting next_dagrun for tutorial_taskflow_api to None, run_after=None
[2025-11-11T22:40:41.318+0530] {processor.py:183} INFO - Processing /home/logi/txtai/venv/lib/python3.10/site-packages/airflow/example_dags/tutorial_taskflow_api.py took 0.115 seconds
[2025-11-11T22:41:39.169+0530] {processor.py:161} INFO - Started process (PID=7894) to work on /home/logi/txtai/venv/lib/python3.10/site-packages/airflow/example_dags/tutorial_taskflow_api.py
[2025-11-11T22:41:39.172+0530] {processor.py:830} INFO - Processing file /home/logi/txtai/venv/lib/python3.10/site-packages/airflow/example_dags/tutorial_taskflow_api.py for tasks to queue
[2025-11-11T22:41:39.175+0530] {logging_mixin.py:188} INFO - [2025-11-11T22:41:39.174+0530] {dagbag.py:545} INFO - Filling up the DagBag from /home/logi/txtai/venv/lib/python3.10/site-packages/airflow/example_dags/tutorial_taskflow_api.py
[2025-11-11T22:41:39.188+0530] {processor.py:840} INFO - DAG(s) 'tutorial_taskflow_api' retrieved from /home/logi/txtai/venv/lib/python3.10/site-packages/airflow/example_dags/tutorial_taskflow_api.py
[2025-11-11T22:41:39.213+0530] {logging_mixin.py:188} INFO - [2025-11-11T22:41:39.212+0530] {dag.py:3089} INFO - Sync 1 DAGs
[2025-11-11T22:41:39.225+0530] {logging_mixin.py:188} INFO - [2025-11-11T22:41:39.225+0530] {dag.py:3947} INFO - Setting next_dagrun for tutorial_taskflow_api to None, run_after=None
[2025-11-11T22:41:39.250+0530] {processor.py:183} INFO - Processing /home/logi/txtai/venv/lib/python3.10/site-packages/airflow/example_dags/tutorial_taskflow_api.py took 0.092 seconds
[2025-11-11T22:42:35.712+0530] {processor.py:161} INFO - Started process (PID=8000) to work on /home/logi/txtai/venv/lib/python3.10/site-packages/airflow/example_dags/tutorial_taskflow_api.py
[2025-11-11T22:42:35.725+0530] {processor.py:830} INFO - Processing file /home/logi/txtai/venv/lib/python3.10/site-packages/airflow/example_dags/tutorial_taskflow_api.py for tasks to queue
[2025-11-11T22:42:35.728+0530] {logging_mixin.py:188} INFO - [2025-11-11T22:42:35.728+0530] {dagbag.py:545} INFO - Filling up the DagBag from /home/logi/txtai/venv/lib/python3.10/site-packages/airflow/example_dags/tutorial_taskflow_api.py
[2025-11-11T22:42:35.741+0530] {processor.py:840} INFO - DAG(s) 'tutorial_taskflow_api' retrieved from /home/logi/txtai/venv/lib/python3.10/site-packages/airflow/example_dags/tutorial_taskflow_api.py
[2025-11-11T22:42:35.768+0530] {logging_mixin.py:188} INFO - [2025-11-11T22:42:35.768+0530] {dag.py:3089} INFO - Sync 1 DAGs
[2025-11-11T22:42:35.783+0530] {logging_mixin.py:188} INFO - [2025-11-11T22:42:35.782+0530] {dag.py:3947} INFO - Setting next_dagrun for tutorial_taskflow_api to None, run_after=None
[2025-11-11T22:42:35.807+0530] {processor.py:183} INFO - Processing /home/logi/txtai/venv/lib/python3.10/site-packages/airflow/example_dags/tutorial_taskflow_api.py took 0.107 seconds
[2025-11-11T22:43:32.687+0530] {processor.py:161} INFO - Started process (PID=8078) to work on /home/logi/txtai/venv/lib/python3.10/site-packages/airflow/example_dags/tutorial_taskflow_api.py
[2025-11-11T22:43:32.700+0530] {processor.py:830} INFO - Processing file /home/logi/txtai/venv/lib/python3.10/site-packages/airflow/example_dags/tutorial_taskflow_api.py for tasks to queue
[2025-11-11T22:43:32.704+0530] {logging_mixin.py:188} INFO - [2025-11-11T22:43:32.703+0530] {dagbag.py:545} INFO - Filling up the DagBag from /home/logi/txtai/venv/lib/python3.10/site-packages/airflow/example_dags/tutorial_taskflow_api.py
[2025-11-11T22:43:32.716+0530] {processor.py:840} INFO - DAG(s) 'tutorial_taskflow_api' retrieved from /home/logi/txtai/venv/lib/python3.10/site-packages/airflow/example_dags/tutorial_taskflow_api.py
[2025-11-11T22:43:32.743+0530] {logging_mixin.py:188} INFO - [2025-11-11T22:43:32.743+0530] {dag.py:3089} INFO - Sync 1 DAGs
[2025-11-11T22:43:32.756+0530] {logging_mixin.py:188} INFO - [2025-11-11T22:43:32.756+0530] {dag.py:3947} INFO - Setting next_dagrun for tutorial_taskflow_api to None, run_after=None
[2025-11-11T22:43:32.782+0530] {processor.py:183} INFO - Processing /home/logi/txtai/venv/lib/python3.10/site-packages/airflow/example_dags/tutorial_taskflow_api.py took 0.108 seconds
[2025-11-11T22:44:29.722+0530] {processor.py:161} INFO - Started process (PID=8156) to work on /home/logi/txtai/venv/lib/python3.10/site-packages/airflow/example_dags/tutorial_taskflow_api.py
[2025-11-11T22:44:29.736+0530] {processor.py:830} INFO - Processing file /home/logi/txtai/venv/lib/python3.10/site-packages/airflow/example_dags/tutorial_taskflow_api.py for tasks to queue
[2025-11-11T22:44:29.740+0530] {logging_mixin.py:188} INFO - [2025-11-11T22:44:29.739+0530] {dagbag.py:545} INFO - Filling up the DagBag from /home/logi/txtai/venv/lib/python3.10/site-packages/airflow/example_dags/tutorial_taskflow_api.py
[2025-11-11T22:44:29.752+0530] {processor.py:840} INFO - DAG(s) 'tutorial_taskflow_api' retrieved from /home/logi/txtai/venv/lib/python3.10/site-packages/airflow/example_dags/tutorial_taskflow_api.py
[2025-11-11T22:44:29.780+0530] {logging_mixin.py:188} INFO - [2025-11-11T22:44:29.779+0530] {dag.py:3089} INFO - Sync 1 DAGs
[2025-11-11T22:44:29.795+0530] {logging_mixin.py:188} INFO - [2025-11-11T22:44:29.795+0530] {dag.py:3947} INFO - Setting next_dagrun for tutorial_taskflow_api to None, run_after=None
[2025-11-11T22:44:29.822+0530] {processor.py:183} INFO - Processing /home/logi/txtai/venv/lib/python3.10/site-packages/airflow/example_dags/tutorial_taskflow_api.py took 0.111 seconds
[2025-11-11T22:45:25.148+0530] {processor.py:161} INFO - Started process (PID=8237) to work on /home/logi/txtai/venv/lib/python3.10/site-packages/airflow/example_dags/tutorial_taskflow_api.py
[2025-11-11T22:45:25.162+0530] {processor.py:830} INFO - Processing file /home/logi/txtai/venv/lib/python3.10/site-packages/airflow/example_dags/tutorial_taskflow_api.py for tasks to queue
[2025-11-11T22:45:25.165+0530] {logging_mixin.py:188} INFO - [2025-11-11T22:45:25.164+0530] {dagbag.py:545} INFO - Filling up the DagBag from /home/logi/txtai/venv/lib/python3.10/site-packages/airflow/example_dags/tutorial_taskflow_api.py
[2025-11-11T22:45:25.176+0530] {processor.py:840} INFO - DAG(s) 'tutorial_taskflow_api' retrieved from /home/logi/txtai/venv/lib/python3.10/site-packages/airflow/example_dags/tutorial_taskflow_api.py
[2025-11-11T22:45:25.203+0530] {logging_mixin.py:188} INFO - [2025-11-11T22:45:25.202+0530] {dag.py:3089} INFO - Sync 1 DAGs
[2025-11-11T22:45:25.215+0530] {logging_mixin.py:188} INFO - [2025-11-11T22:45:25.215+0530] {dag.py:3947} INFO - Setting next_dagrun for tutorial_taskflow_api to None, run_after=None
[2025-11-11T22:45:25.236+0530] {processor.py:183} INFO - Processing /home/logi/txtai/venv/lib/python3.10/site-packages/airflow/example_dags/tutorial_taskflow_api.py took 0.099 seconds
[2025-11-11T22:46:19.293+0530] {processor.py:161} INFO - Started process (PID=8316) to work on /home/logi/txtai/venv/lib/python3.10/site-packages/airflow/example_dags/tutorial_taskflow_api.py
[2025-11-11T22:46:19.306+0530] {processor.py:830} INFO - Processing file /home/logi/txtai/venv/lib/python3.10/site-packages/airflow/example_dags/tutorial_taskflow_api.py for tasks to queue
[2025-11-11T22:46:19.310+0530] {logging_mixin.py:188} INFO - [2025-11-11T22:46:19.309+0530] {dagbag.py:545} INFO - Filling up the DagBag from /home/logi/txtai/venv/lib/python3.10/site-packages/airflow/example_dags/tutorial_taskflow_api.py
[2025-11-11T22:46:19.322+0530] {processor.py:840} INFO - DAG(s) 'tutorial_taskflow_api' retrieved from /home/logi/txtai/venv/lib/python3.10/site-packages/airflow/example_dags/tutorial_taskflow_api.py
[2025-11-11T22:46:19.349+0530] {logging_mixin.py:188} INFO - [2025-11-11T22:46:19.349+0530] {dag.py:3089} INFO - Sync 1 DAGs
[2025-11-11T22:46:19.363+0530] {logging_mixin.py:188} INFO - [2025-11-11T22:46:19.362+0530] {dag.py:3947} INFO - Setting next_dagrun for tutorial_taskflow_api to None, run_after=None
[2025-11-11T22:46:19.392+0530] {processor.py:183} INFO - Processing /home/logi/txtai/venv/lib/python3.10/site-packages/airflow/example_dags/tutorial_taskflow_api.py took 0.110 seconds
[2025-11-11T22:47:10.631+0530] {processor.py:161} INFO - Started process (PID=8419) to work on /home/logi/txtai/venv/lib/python3.10/site-packages/airflow/example_dags/tutorial_taskflow_api.py
[2025-11-11T22:47:10.645+0530] {processor.py:830} INFO - Processing file /home/logi/txtai/venv/lib/python3.10/site-packages/airflow/example_dags/tutorial_taskflow_api.py for tasks to queue
[2025-11-11T22:47:10.648+0530] {logging_mixin.py:188} INFO - [2025-11-11T22:47:10.647+0530] {dagbag.py:545} INFO - Filling up the DagBag from /home/logi/txtai/venv/lib/python3.10/site-packages/airflow/example_dags/tutorial_taskflow_api.py
[2025-11-11T22:47:10.659+0530] {processor.py:840} INFO - DAG(s) 'tutorial_taskflow_api' retrieved from /home/logi/txtai/venv/lib/python3.10/site-packages/airflow/example_dags/tutorial_taskflow_api.py
[2025-11-11T22:47:10.685+0530] {logging_mixin.py:188} INFO - [2025-11-11T22:47:10.684+0530] {dag.py:3089} INFO - Sync 1 DAGs
[2025-11-11T22:47:10.698+0530] {logging_mixin.py:188} INFO - [2025-11-11T22:47:10.698+0530] {dag.py:3947} INFO - Setting next_dagrun for tutorial_taskflow_api to None, run_after=None
[2025-11-11T22:47:10.728+0530] {processor.py:183} INFO - Processing /home/logi/txtai/venv/lib/python3.10/site-packages/airflow/example_dags/tutorial_taskflow_api.py took 0.108 seconds
[2025-11-11T22:48:03.494+0530] {processor.py:161} INFO - Started process (PID=8496) to work on /home/logi/txtai/venv/lib/python3.10/site-packages/airflow/example_dags/tutorial_taskflow_api.py
[2025-11-11T22:48:03.508+0530] {processor.py:830} INFO - Processing file /home/logi/txtai/venv/lib/python3.10/site-packages/airflow/example_dags/tutorial_taskflow_api.py for tasks to queue
[2025-11-11T22:48:03.512+0530] {logging_mixin.py:188} INFO - [2025-11-11T22:48:03.511+0530] {dagbag.py:545} INFO - Filling up the DagBag from /home/logi/txtai/venv/lib/python3.10/site-packages/airflow/example_dags/tutorial_taskflow_api.py
[2025-11-11T22:48:03.524+0530] {processor.py:840} INFO - DAG(s) 'tutorial_taskflow_api' retrieved from /home/logi/txtai/venv/lib/python3.10/site-packages/airflow/example_dags/tutorial_taskflow_api.py
[2025-11-11T22:48:03.551+0530] {logging_mixin.py:188} INFO - [2025-11-11T22:48:03.551+0530] {dag.py:3089} INFO - Sync 1 DAGs
[2025-11-11T22:48:03.566+0530] {logging_mixin.py:188} INFO - [2025-11-11T22:48:03.566+0530] {dag.py:3947} INFO - Setting next_dagrun for tutorial_taskflow_api to None, run_after=None
[2025-11-11T22:48:03.597+0530] {processor.py:183} INFO - Processing /home/logi/txtai/venv/lib/python3.10/site-packages/airflow/example_dags/tutorial_taskflow_api.py took 0.114 seconds
[2025-11-11T22:48:59.388+0530] {processor.py:161} INFO - Started process (PID=8570) to work on /home/logi/txtai/venv/lib/python3.10/site-packages/airflow/example_dags/tutorial_taskflow_api.py
[2025-11-11T22:48:59.400+0530] {processor.py:830} INFO - Processing file /home/logi/txtai/venv/lib/python3.10/site-packages/airflow/example_dags/tutorial_taskflow_api.py for tasks to queue
[2025-11-11T22:48:59.403+0530] {logging_mixin.py:188} INFO - [2025-11-11T22:48:59.403+0530] {dagbag.py:545} INFO - Filling up the DagBag from /home/logi/txtai/venv/lib/python3.10/site-packages/airflow/example_dags/tutorial_taskflow_api.py
[2025-11-11T22:48:59.415+0530] {processor.py:840} INFO - DAG(s) 'tutorial_taskflow_api' retrieved from /home/logi/txtai/venv/lib/python3.10/site-packages/airflow/example_dags/tutorial_taskflow_api.py
[2025-11-11T22:48:59.442+0530] {logging_mixin.py:188} INFO - [2025-11-11T22:48:59.442+0530] {dag.py:3089} INFO - Sync 1 DAGs
[2025-11-11T22:48:59.458+0530] {logging_mixin.py:188} INFO - [2025-11-11T22:48:59.458+0530] {dag.py:3947} INFO - Setting next_dagrun for tutorial_taskflow_api to None, run_after=None
[2025-11-11T22:48:59.489+0530] {processor.py:183} INFO - Processing /home/logi/txtai/venv/lib/python3.10/site-packages/airflow/example_dags/tutorial_taskflow_api.py took 0.112 seconds
[2025-11-11T22:49:56.458+0530] {processor.py:161} INFO - Started process (PID=8649) to work on /home/logi/txtai/venv/lib/python3.10/site-packages/airflow/example_dags/tutorial_taskflow_api.py
[2025-11-11T22:49:56.471+0530] {processor.py:830} INFO - Processing file /home/logi/txtai/venv/lib/python3.10/site-packages/airflow/example_dags/tutorial_taskflow_api.py for tasks to queue
[2025-11-11T22:49:56.475+0530] {logging_mixin.py:188} INFO - [2025-11-11T22:49:56.474+0530] {dagbag.py:545} INFO - Filling up the DagBag from /home/logi/txtai/venv/lib/python3.10/site-packages/airflow/example_dags/tutorial_taskflow_api.py
[2025-11-11T22:49:56.487+0530] {processor.py:840} INFO - DAG(s) 'tutorial_taskflow_api' retrieved from /home/logi/txtai/venv/lib/python3.10/site-packages/airflow/example_dags/tutorial_taskflow_api.py
[2025-11-11T22:49:56.515+0530] {logging_mixin.py:188} INFO - [2025-11-11T22:49:56.514+0530] {dag.py:3089} INFO - Sync 1 DAGs
[2025-11-11T22:49:56.529+0530] {logging_mixin.py:188} INFO - [2025-11-11T22:49:56.528+0530] {dag.py:3947} INFO - Setting next_dagrun for tutorial_taskflow_api to None, run_after=None
[2025-11-11T22:49:56.559+0530] {processor.py:183} INFO - Processing /home/logi/txtai/venv/lib/python3.10/site-packages/airflow/example_dags/tutorial_taskflow_api.py took 0.113 seconds
[2025-11-11T22:50:52.968+0530] {processor.py:161} INFO - Started process (PID=8732) to work on /home/logi/txtai/venv/lib/python3.10/site-packages/airflow/example_dags/tutorial_taskflow_api.py
[2025-11-11T22:50:52.982+0530] {processor.py:830} INFO - Processing file /home/logi/txtai/venv/lib/python3.10/site-packages/airflow/example_dags/tutorial_taskflow_api.py for tasks to queue
[2025-11-11T22:50:52.985+0530] {logging_mixin.py:188} INFO - [2025-11-11T22:50:52.984+0530] {dagbag.py:545} INFO - Filling up the DagBag from /home/logi/txtai/venv/lib/python3.10/site-packages/airflow/example_dags/tutorial_taskflow_api.py
[2025-11-11T22:50:52.997+0530] {processor.py:840} INFO - DAG(s) 'tutorial_taskflow_api' retrieved from /home/logi/txtai/venv/lib/python3.10/site-packages/airflow/example_dags/tutorial_taskflow_api.py
[2025-11-11T22:50:53.025+0530] {logging_mixin.py:188} INFO - [2025-11-11T22:50:53.024+0530] {dag.py:3089} INFO - Sync 1 DAGs
[2025-11-11T22:50:53.039+0530] {logging_mixin.py:188} INFO - [2025-11-11T22:50:53.039+0530] {dag.py:3947} INFO - Setting next_dagrun for tutorial_taskflow_api to None, run_after=None
[2025-11-11T22:50:53.066+0530] {processor.py:183} INFO - Processing /home/logi/txtai/venv/lib/python3.10/site-packages/airflow/example_dags/tutorial_taskflow_api.py took 0.111 seconds
[2025-11-11T22:51:48.335+0530] {processor.py:161} INFO - Started process (PID=8839) to work on /home/logi/txtai/venv/lib/python3.10/site-packages/airflow/example_dags/tutorial_taskflow_api.py
[2025-11-11T22:51:48.349+0530] {processor.py:830} INFO - Processing file /home/logi/txtai/venv/lib/python3.10/site-packages/airflow/example_dags/tutorial_taskflow_api.py for tasks to queue
[2025-11-11T22:51:48.352+0530] {logging_mixin.py:188} INFO - [2025-11-11T22:51:48.352+0530] {dagbag.py:545} INFO - Filling up the DagBag from /home/logi/txtai/venv/lib/python3.10/site-packages/airflow/example_dags/tutorial_taskflow_api.py
[2025-11-11T22:51:48.365+0530] {processor.py:840} INFO - DAG(s) 'tutorial_taskflow_api' retrieved from /home/logi/txtai/venv/lib/python3.10/site-packages/airflow/example_dags/tutorial_taskflow_api.py
[2025-11-11T22:51:48.394+0530] {logging_mixin.py:188} INFO - [2025-11-11T22:51:48.393+0530] {dag.py:3089} INFO - Sync 1 DAGs
[2025-11-11T22:51:48.407+0530] {logging_mixin.py:188} INFO - [2025-11-11T22:51:48.407+0530] {dag.py:3947} INFO - Setting next_dagrun for tutorial_taskflow_api to None, run_after=None
[2025-11-11T22:51:48.429+0530] {processor.py:183} INFO - Processing /home/logi/txtai/venv/lib/python3.10/site-packages/airflow/example_dags/tutorial_taskflow_api.py took 0.105 seconds
[2025-11-11T22:52:42.030+0530] {processor.py:161} INFO - Started process (PID=8914) to work on /home/logi/txtai/venv/lib/python3.10/site-packages/airflow/example_dags/tutorial_taskflow_api.py
[2025-11-11T22:52:42.044+0530] {processor.py:830} INFO - Processing file /home/logi/txtai/venv/lib/python3.10/site-packages/airflow/example_dags/tutorial_taskflow_api.py for tasks to queue
[2025-11-11T22:52:42.048+0530] {logging_mixin.py:188} INFO - [2025-11-11T22:52:42.047+0530] {dagbag.py:545} INFO - Filling up the DagBag from /home/logi/txtai/venv/lib/python3.10/site-packages/airflow/example_dags/tutorial_taskflow_api.py
[2025-11-11T22:52:42.059+0530] {processor.py:840} INFO - DAG(s) 'tutorial_taskflow_api' retrieved from /home/logi/txtai/venv/lib/python3.10/site-packages/airflow/example_dags/tutorial_taskflow_api.py
[2025-11-11T22:52:42.085+0530] {logging_mixin.py:188} INFO - [2025-11-11T22:52:42.084+0530] {dag.py:3089} INFO - Sync 1 DAGs
[2025-11-11T22:52:42.099+0530] {logging_mixin.py:188} INFO - [2025-11-11T22:52:42.099+0530] {dag.py:3947} INFO - Setting next_dagrun for tutorial_taskflow_api to None, run_after=None
[2025-11-11T22:52:42.119+0530] {processor.py:183} INFO - Processing /home/logi/txtai/venv/lib/python3.10/site-packages/airflow/example_dags/tutorial_taskflow_api.py took 0.099 seconds
[2025-11-11T22:53:41.637+0530] {processor.py:161} INFO - Started process (PID=9034) to work on /home/logi/txtai/venv/lib/python3.10/site-packages/airflow/example_dags/tutorial_taskflow_api.py
[2025-11-11T22:53:41.639+0530] {processor.py:830} INFO - Processing file /home/logi/txtai/venv/lib/python3.10/site-packages/airflow/example_dags/tutorial_taskflow_api.py for tasks to queue
[2025-11-11T22:53:41.642+0530] {logging_mixin.py:188} INFO - [2025-11-11T22:53:41.641+0530] {dagbag.py:545} INFO - Filling up the DagBag from /home/logi/txtai/venv/lib/python3.10/site-packages/airflow/example_dags/tutorial_taskflow_api.py
[2025-11-11T22:53:41.653+0530] {processor.py:840} INFO - DAG(s) 'tutorial_taskflow_api' retrieved from /home/logi/txtai/venv/lib/python3.10/site-packages/airflow/example_dags/tutorial_taskflow_api.py
[2025-11-11T22:53:41.678+0530] {logging_mixin.py:188} INFO - [2025-11-11T22:53:41.677+0530] {dag.py:3089} INFO - Sync 1 DAGs
[2025-11-11T22:53:41.688+0530] {logging_mixin.py:188} INFO - [2025-11-11T22:53:41.687+0530] {dag.py:3947} INFO - Setting next_dagrun for tutorial_taskflow_api to None, run_after=None
[2025-11-11T22:53:41.707+0530] {processor.py:183} INFO - Processing /home/logi/txtai/venv/lib/python3.10/site-packages/airflow/example_dags/tutorial_taskflow_api.py took 0.081 seconds
[2025-11-12T00:02:08.597+0530] {processor.py:161} INFO - Started process (PID=13171) to work on /home/logi/txtai/venv/lib/python3.10/site-packages/airflow/example_dags/tutorial_taskflow_api.py
[2025-11-12T00:02:08.599+0530] {processor.py:830} INFO - Processing file /home/logi/txtai/venv/lib/python3.10/site-packages/airflow/example_dags/tutorial_taskflow_api.py for tasks to queue
[2025-11-12T00:02:08.603+0530] {logging_mixin.py:188} INFO - [2025-11-12T00:02:08.602+0530] {dagbag.py:545} INFO - Filling up the DagBag from /home/logi/txtai/venv/lib/python3.10/site-packages/airflow/example_dags/tutorial_taskflow_api.py
[2025-11-12T00:02:08.622+0530] {processor.py:840} INFO - DAG(s) 'tutorial_taskflow_api' retrieved from /home/logi/txtai/venv/lib/python3.10/site-packages/airflow/example_dags/tutorial_taskflow_api.py
[2025-11-12T00:02:08.652+0530] {logging_mixin.py:188} INFO - [2025-11-12T00:02:08.652+0530] {dag.py:3089} INFO - Sync 1 DAGs
[2025-11-12T00:02:08.664+0530] {logging_mixin.py:188} INFO - [2025-11-12T00:02:08.663+0530] {dag.py:3947} INFO - Setting next_dagrun for tutorial_taskflow_api to None, run_after=None
[2025-11-12T00:02:08.687+0530] {processor.py:183} INFO - Processing /home/logi/txtai/venv/lib/python3.10/site-packages/airflow/example_dags/tutorial_taskflow_api.py took 0.103 seconds
[2025-11-12T00:03:04.994+0530] {processor.py:161} INFO - Started process (PID=13319) to work on /home/logi/txtai/venv/lib/python3.10/site-packages/airflow/example_dags/tutorial_taskflow_api.py
[2025-11-12T00:03:05.008+0530] {processor.py:830} INFO - Processing file /home/logi/txtai/venv/lib/python3.10/site-packages/airflow/example_dags/tutorial_taskflow_api.py for tasks to queue
[2025-11-12T00:03:05.011+0530] {logging_mixin.py:188} INFO - [2025-11-12T00:03:05.010+0530] {dagbag.py:545} INFO - Filling up the DagBag from /home/logi/txtai/venv/lib/python3.10/site-packages/airflow/example_dags/tutorial_taskflow_api.py
[2025-11-12T00:03:05.022+0530] {processor.py:840} INFO - DAG(s) 'tutorial_taskflow_api' retrieved from /home/logi/txtai/venv/lib/python3.10/site-packages/airflow/example_dags/tutorial_taskflow_api.py
[2025-11-12T00:03:05.041+0530] {logging_mixin.py:188} INFO - [2025-11-12T00:03:05.041+0530] {dag.py:3089} INFO - Sync 1 DAGs
[2025-11-12T00:03:05.051+0530] {logging_mixin.py:188} INFO - [2025-11-12T00:03:05.051+0530] {dag.py:3947} INFO - Setting next_dagrun for tutorial_taskflow_api to None, run_after=None
[2025-11-12T00:03:05.080+0530] {processor.py:183} INFO - Processing /home/logi/txtai/venv/lib/python3.10/site-packages/airflow/example_dags/tutorial_taskflow_api.py took 0.097 seconds
[2025-11-12T00:04:31.704+0530] {processor.py:161} INFO - Started process (PID=14122) to work on /home/logi/txtai/venv/lib/python3.10/site-packages/airflow/example_dags/tutorial_taskflow_api.py
[2025-11-12T00:04:31.718+0530] {processor.py:830} INFO - Processing file /home/logi/txtai/venv/lib/python3.10/site-packages/airflow/example_dags/tutorial_taskflow_api.py for tasks to queue
[2025-11-12T00:04:31.722+0530] {logging_mixin.py:188} INFO - [2025-11-12T00:04:31.721+0530] {dagbag.py:545} INFO - Filling up the DagBag from /home/logi/txtai/venv/lib/python3.10/site-packages/airflow/example_dags/tutorial_taskflow_api.py
[2025-11-12T00:04:31.736+0530] {processor.py:840} INFO - DAG(s) 'tutorial_taskflow_api' retrieved from /home/logi/txtai/venv/lib/python3.10/site-packages/airflow/example_dags/tutorial_taskflow_api.py
[2025-11-12T00:04:31.758+0530] {logging_mixin.py:188} INFO - [2025-11-12T00:04:31.758+0530] {dag.py:3089} INFO - Sync 1 DAGs
[2025-11-12T00:04:31.772+0530] {logging_mixin.py:188} INFO - [2025-11-12T00:04:31.772+0530] {dag.py:3947} INFO - Setting next_dagrun for tutorial_taskflow_api to None, run_after=None
[2025-11-12T00:04:31.799+0530] {processor.py:183} INFO - Processing /home/logi/txtai/venv/lib/python3.10/site-packages/airflow/example_dags/tutorial_taskflow_api.py took 0.105 seconds
[2025-11-12T00:05:31.039+0530] {processor.py:161} INFO - Started process (PID=14551) to work on /home/logi/txtai/venv/lib/python3.10/site-packages/airflow/example_dags/tutorial_taskflow_api.py
[2025-11-12T00:05:31.042+0530] {processor.py:830} INFO - Processing file /home/logi/txtai/venv/lib/python3.10/site-packages/airflow/example_dags/tutorial_taskflow_api.py for tasks to queue
[2025-11-12T00:05:31.045+0530] {logging_mixin.py:188} INFO - [2025-11-12T00:05:31.044+0530] {dagbag.py:545} INFO - Filling up the DagBag from /home/logi/txtai/venv/lib/python3.10/site-packages/airflow/example_dags/tutorial_taskflow_api.py
[2025-11-12T00:05:31.055+0530] {processor.py:840} INFO - DAG(s) 'tutorial_taskflow_api' retrieved from /home/logi/txtai/venv/lib/python3.10/site-packages/airflow/example_dags/tutorial_taskflow_api.py
[2025-11-12T00:05:31.082+0530] {logging_mixin.py:188} INFO - [2025-11-12T00:05:31.082+0530] {dag.py:3089} INFO - Sync 1 DAGs
[2025-11-12T00:05:31.101+0530] {logging_mixin.py:188} INFO - [2025-11-12T00:05:31.100+0530] {dag.py:3947} INFO - Setting next_dagrun for tutorial_taskflow_api to None, run_after=None
[2025-11-12T00:05:31.126+0530] {processor.py:183} INFO - Processing /home/logi/txtai/venv/lib/python3.10/site-packages/airflow/example_dags/tutorial_taskflow_api.py took 0.095 seconds
[2025-11-12T00:06:33.274+0530] {processor.py:161} INFO - Started process (PID=14800) to work on /home/logi/txtai/venv/lib/python3.10/site-packages/airflow/example_dags/tutorial_taskflow_api.py
[2025-11-12T00:06:33.288+0530] {processor.py:830} INFO - Processing file /home/logi/txtai/venv/lib/python3.10/site-packages/airflow/example_dags/tutorial_taskflow_api.py for tasks to queue
[2025-11-12T00:06:33.291+0530] {logging_mixin.py:188} INFO - [2025-11-12T00:06:33.290+0530] {dagbag.py:545} INFO - Filling up the DagBag from /home/logi/txtai/venv/lib/python3.10/site-packages/airflow/example_dags/tutorial_taskflow_api.py
[2025-11-12T00:06:33.302+0530] {processor.py:840} INFO - DAG(s) 'tutorial_taskflow_api' retrieved from /home/logi/txtai/venv/lib/python3.10/site-packages/airflow/example_dags/tutorial_taskflow_api.py
[2025-11-12T00:06:33.329+0530] {logging_mixin.py:188} INFO - [2025-11-12T00:06:33.329+0530] {dag.py:3089} INFO - Sync 1 DAGs
[2025-11-12T00:06:33.343+0530] {logging_mixin.py:188} INFO - [2025-11-12T00:06:33.343+0530] {dag.py:3947} INFO - Setting next_dagrun for tutorial_taskflow_api to None, run_after=None
[2025-11-12T00:06:33.371+0530] {processor.py:183} INFO - Processing /home/logi/txtai/venv/lib/python3.10/site-packages/airflow/example_dags/tutorial_taskflow_api.py took 0.108 seconds
[2025-11-12T00:07:32.379+0530] {processor.py:161} INFO - Started process (PID=15057) to work on /home/logi/txtai/venv/lib/python3.10/site-packages/airflow/example_dags/tutorial_taskflow_api.py
[2025-11-12T00:07:32.392+0530] {processor.py:830} INFO - Processing file /home/logi/txtai/venv/lib/python3.10/site-packages/airflow/example_dags/tutorial_taskflow_api.py for tasks to queue
[2025-11-12T00:07:32.395+0530] {logging_mixin.py:188} INFO - [2025-11-12T00:07:32.395+0530] {dagbag.py:545} INFO - Filling up the DagBag from /home/logi/txtai/venv/lib/python3.10/site-packages/airflow/example_dags/tutorial_taskflow_api.py
[2025-11-12T00:07:32.408+0530] {processor.py:840} INFO - DAG(s) 'tutorial_taskflow_api' retrieved from /home/logi/txtai/venv/lib/python3.10/site-packages/airflow/example_dags/tutorial_taskflow_api.py
[2025-11-12T00:07:32.439+0530] {logging_mixin.py:188} INFO - [2025-11-12T00:07:32.438+0530] {dag.py:3089} INFO - Sync 1 DAGs
[2025-11-12T00:07:32.450+0530] {logging_mixin.py:188} INFO - [2025-11-12T00:07:32.450+0530] {dag.py:3947} INFO - Setting next_dagrun for tutorial_taskflow_api to None, run_after=None
[2025-11-12T00:07:32.477+0530] {processor.py:183} INFO - Processing /home/logi/txtai/venv/lib/python3.10/site-packages/airflow/example_dags/tutorial_taskflow_api.py took 0.110 seconds
[2025-11-12T00:08:38.137+0530] {processor.py:161} INFO - Started process (PID=15381) to work on /home/logi/txtai/venv/lib/python3.10/site-packages/airflow/example_dags/tutorial_taskflow_api.py
[2025-11-12T00:08:38.151+0530] {processor.py:830} INFO - Processing file /home/logi/txtai/venv/lib/python3.10/site-packages/airflow/example_dags/tutorial_taskflow_api.py for tasks to queue
[2025-11-12T00:08:38.154+0530] {logging_mixin.py:188} INFO - [2025-11-12T00:08:38.153+0530] {dagbag.py:545} INFO - Filling up the DagBag from /home/logi/txtai/venv/lib/python3.10/site-packages/airflow/example_dags/tutorial_taskflow_api.py
[2025-11-12T00:08:38.169+0530] {processor.py:840} INFO - DAG(s) 'tutorial_taskflow_api' retrieved from /home/logi/txtai/venv/lib/python3.10/site-packages/airflow/example_dags/tutorial_taskflow_api.py
[2025-11-12T00:08:38.199+0530] {logging_mixin.py:188} INFO - [2025-11-12T00:08:38.198+0530] {dag.py:3089} INFO - Sync 1 DAGs
[2025-11-12T00:08:38.214+0530] {logging_mixin.py:188} INFO - [2025-11-12T00:08:38.213+0530] {dag.py:3947} INFO - Setting next_dagrun for tutorial_taskflow_api to None, run_after=None
[2025-11-12T00:08:38.243+0530] {processor.py:183} INFO - Processing /home/logi/txtai/venv/lib/python3.10/site-packages/airflow/example_dags/tutorial_taskflow_api.py took 0.118 seconds
[2025-11-12T00:09:46.267+0530] {processor.py:161} INFO - Started process (PID=15730) to work on /home/logi/txtai/venv/lib/python3.10/site-packages/airflow/example_dags/tutorial_taskflow_api.py
[2025-11-12T00:09:46.280+0530] {processor.py:830} INFO - Processing file /home/logi/txtai/venv/lib/python3.10/site-packages/airflow/example_dags/tutorial_taskflow_api.py for tasks to queue
[2025-11-12T00:09:46.283+0530] {logging_mixin.py:188} INFO - [2025-11-12T00:09:46.282+0530] {dagbag.py:545} INFO - Filling up the DagBag from /home/logi/txtai/venv/lib/python3.10/site-packages/airflow/example_dags/tutorial_taskflow_api.py
[2025-11-12T00:09:46.289+0530] {processor.py:840} INFO - DAG(s) 'tutorial_taskflow_api' retrieved from /home/logi/txtai/venv/lib/python3.10/site-packages/airflow/example_dags/tutorial_taskflow_api.py
[2025-11-12T00:09:46.302+0530] {logging_mixin.py:188} INFO - [2025-11-12T00:09:46.302+0530] {dag.py:3089} INFO - Sync 1 DAGs
[2025-11-12T00:09:46.311+0530] {logging_mixin.py:188} INFO - [2025-11-12T00:09:46.310+0530] {dag.py:3947} INFO - Setting next_dagrun for tutorial_taskflow_api to None, run_after=None
[2025-11-12T00:09:46.328+0530] {processor.py:183} INFO - Processing /home/logi/txtai/venv/lib/python3.10/site-packages/airflow/example_dags/tutorial_taskflow_api.py took 0.067 seconds
[2025-11-12T00:10:46.198+0530] {processor.py:161} INFO - Started process (PID=16170) to work on /home/logi/txtai/venv/lib/python3.10/site-packages/airflow/example_dags/tutorial_taskflow_api.py
[2025-11-12T00:10:46.211+0530] {processor.py:830} INFO - Processing file /home/logi/txtai/venv/lib/python3.10/site-packages/airflow/example_dags/tutorial_taskflow_api.py for tasks to queue
[2025-11-12T00:10:46.214+0530] {logging_mixin.py:188} INFO - [2025-11-12T00:10:46.214+0530] {dagbag.py:545} INFO - Filling up the DagBag from /home/logi/txtai/venv/lib/python3.10/site-packages/airflow/example_dags/tutorial_taskflow_api.py
[2025-11-12T00:10:46.223+0530] {processor.py:840} INFO - DAG(s) 'tutorial_taskflow_api' retrieved from /home/logi/txtai/venv/lib/python3.10/site-packages/airflow/example_dags/tutorial_taskflow_api.py
[2025-11-12T00:10:46.236+0530] {logging_mixin.py:188} INFO - [2025-11-12T00:10:46.236+0530] {dag.py:3089} INFO - Sync 1 DAGs
[2025-11-12T00:10:46.245+0530] {logging_mixin.py:188} INFO - [2025-11-12T00:10:46.244+0530] {dag.py:3947} INFO - Setting next_dagrun for tutorial_taskflow_api to None, run_after=None
[2025-11-12T00:10:46.262+0530] {processor.py:183} INFO - Processing /home/logi/txtai/venv/lib/python3.10/site-packages/airflow/example_dags/tutorial_taskflow_api.py took 0.070 seconds
[2025-11-12T00:11:48.438+0530] {processor.py:161} INFO - Started process (PID=16400) to work on /home/logi/txtai/venv/lib/python3.10/site-packages/airflow/example_dags/tutorial_taskflow_api.py
[2025-11-12T00:11:48.452+0530] {processor.py:830} INFO - Processing file /home/logi/txtai/venv/lib/python3.10/site-packages/airflow/example_dags/tutorial_taskflow_api.py for tasks to queue
[2025-11-12T00:11:48.455+0530] {logging_mixin.py:188} INFO - [2025-11-12T00:11:48.454+0530] {dagbag.py:545} INFO - Filling up the DagBag from /home/logi/txtai/venv/lib/python3.10/site-packages/airflow/example_dags/tutorial_taskflow_api.py
[2025-11-12T00:11:48.466+0530] {processor.py:840} INFO - DAG(s) 'tutorial_taskflow_api' retrieved from /home/logi/txtai/venv/lib/python3.10/site-packages/airflow/example_dags/tutorial_taskflow_api.py
[2025-11-12T00:11:48.491+0530] {logging_mixin.py:188} INFO - [2025-11-12T00:11:48.491+0530] {dag.py:3089} INFO - Sync 1 DAGs
[2025-11-12T00:11:48.506+0530] {logging_mixin.py:188} INFO - [2025-11-12T00:11:48.506+0530] {dag.py:3947} INFO - Setting next_dagrun for tutorial_taskflow_api to None, run_after=None
[2025-11-12T00:11:48.539+0530] {processor.py:183} INFO - Processing /home/logi/txtai/venv/lib/python3.10/site-packages/airflow/example_dags/tutorial_taskflow_api.py took 0.112 seconds
[2025-11-12T00:12:53.616+0530] {processor.py:161} INFO - Started process (PID=16628) to work on /home/logi/txtai/venv/lib/python3.10/site-packages/airflow/example_dags/tutorial_taskflow_api.py
[2025-11-12T00:12:53.619+0530] {processor.py:830} INFO - Processing file /home/logi/txtai/venv/lib/python3.10/site-packages/airflow/example_dags/tutorial_taskflow_api.py for tasks to queue
[2025-11-12T00:12:53.621+0530] {logging_mixin.py:188} INFO - [2025-11-12T00:12:53.621+0530] {dagbag.py:545} INFO - Filling up the DagBag from /home/logi/txtai/venv/lib/python3.10/site-packages/airflow/example_dags/tutorial_taskflow_api.py
[2025-11-12T00:12:53.632+0530] {processor.py:840} INFO - DAG(s) 'tutorial_taskflow_api' retrieved from /home/logi/txtai/venv/lib/python3.10/site-packages/airflow/example_dags/tutorial_taskflow_api.py
[2025-11-12T00:12:53.659+0530] {logging_mixin.py:188} INFO - [2025-11-12T00:12:53.658+0530] {dag.py:3089} INFO - Sync 1 DAGs
[2025-11-12T00:12:53.670+0530] {logging_mixin.py:188} INFO - [2025-11-12T00:12:53.669+0530] {dag.py:3947} INFO - Setting next_dagrun for tutorial_taskflow_api to None, run_after=None
[2025-11-12T00:12:53.697+0530] {processor.py:183} INFO - Processing /home/logi/txtai/venv/lib/python3.10/site-packages/airflow/example_dags/tutorial_taskflow_api.py took 0.093 seconds
[2025-11-12T00:14:12.681+0530] {processor.py:161} INFO - Started process (PID=17041) to work on /home/logi/txtai/venv/lib/python3.10/site-packages/airflow/example_dags/tutorial_taskflow_api.py
[2025-11-12T00:14:12.695+0530] {processor.py:830} INFO - Processing file /home/logi/txtai/venv/lib/python3.10/site-packages/airflow/example_dags/tutorial_taskflow_api.py for tasks to queue
[2025-11-12T00:14:12.698+0530] {logging_mixin.py:188} INFO - [2025-11-12T00:14:12.697+0530] {dagbag.py:545} INFO - Filling up the DagBag from /home/logi/txtai/venv/lib/python3.10/site-packages/airflow/example_dags/tutorial_taskflow_api.py
[2025-11-12T00:14:12.709+0530] {processor.py:840} INFO - DAG(s) 'tutorial_taskflow_api' retrieved from /home/logi/txtai/venv/lib/python3.10/site-packages/airflow/example_dags/tutorial_taskflow_api.py
[2025-11-12T00:14:12.738+0530] {logging_mixin.py:188} INFO - [2025-11-12T00:14:12.737+0530] {dag.py:3089} INFO - Sync 1 DAGs
[2025-11-12T00:14:12.751+0530] {logging_mixin.py:188} INFO - [2025-11-12T00:14:12.750+0530] {dag.py:3947} INFO - Setting next_dagrun for tutorial_taskflow_api to None, run_after=None
[2025-11-12T00:14:12.779+0530] {processor.py:183} INFO - Processing /home/logi/txtai/venv/lib/python3.10/site-packages/airflow/example_dags/tutorial_taskflow_api.py took 0.109 seconds
[2025-11-12T00:14:56.755+0530] {processor.py:161} INFO - Started process (PID=17319) to work on /home/logi/txtai/venv/lib/python3.10/site-packages/airflow/example_dags/tutorial_taskflow_api.py
[2025-11-12T00:14:56.769+0530] {processor.py:830} INFO - Processing file /home/logi/txtai/venv/lib/python3.10/site-packages/airflow/example_dags/tutorial_taskflow_api.py for tasks to queue
[2025-11-12T00:14:56.772+0530] {logging_mixin.py:188} INFO - [2025-11-12T00:14:56.771+0530] {dagbag.py:545} INFO - Filling up the DagBag from /home/logi/txtai/venv/lib/python3.10/site-packages/airflow/example_dags/tutorial_taskflow_api.py
[2025-11-12T00:14:56.786+0530] {processor.py:840} INFO - DAG(s) 'tutorial_taskflow_api' retrieved from /home/logi/txtai/venv/lib/python3.10/site-packages/airflow/example_dags/tutorial_taskflow_api.py
[2025-11-12T00:14:56.814+0530] {logging_mixin.py:188} INFO - [2025-11-12T00:14:56.814+0530] {dag.py:3089} INFO - Sync 1 DAGs
[2025-11-12T00:14:56.823+0530] {logging_mixin.py:188} INFO - [2025-11-12T00:14:56.823+0530] {dag.py:3947} INFO - Setting next_dagrun for tutorial_taskflow_api to None, run_after=None
[2025-11-12T00:14:56.846+0530] {processor.py:183} INFO - Processing /home/logi/txtai/venv/lib/python3.10/site-packages/airflow/example_dags/tutorial_taskflow_api.py took 0.101 seconds
[2025-11-12T00:15:58.092+0530] {processor.py:161} INFO - Started process (PID=17611) to work on /home/logi/txtai/venv/lib/python3.10/site-packages/airflow/example_dags/tutorial_taskflow_api.py
[2025-11-12T00:15:58.105+0530] {processor.py:830} INFO - Processing file /home/logi/txtai/venv/lib/python3.10/site-packages/airflow/example_dags/tutorial_taskflow_api.py for tasks to queue
[2025-11-12T00:15:58.108+0530] {logging_mixin.py:188} INFO - [2025-11-12T00:15:58.108+0530] {dagbag.py:545} INFO - Filling up the DagBag from /home/logi/txtai/venv/lib/python3.10/site-packages/airflow/example_dags/tutorial_taskflow_api.py
[2025-11-12T00:15:58.120+0530] {processor.py:840} INFO - DAG(s) 'tutorial_taskflow_api' retrieved from /home/logi/txtai/venv/lib/python3.10/site-packages/airflow/example_dags/tutorial_taskflow_api.py
[2025-11-12T00:15:58.150+0530] {logging_mixin.py:188} INFO - [2025-11-12T00:15:58.150+0530] {dag.py:3089} INFO - Sync 1 DAGs
[2025-11-12T00:15:58.164+0530] {logging_mixin.py:188} INFO - [2025-11-12T00:15:58.164+0530] {dag.py:3947} INFO - Setting next_dagrun for tutorial_taskflow_api to None, run_after=None
[2025-11-12T00:15:58.188+0530] {processor.py:183} INFO - Processing /home/logi/txtai/venv/lib/python3.10/site-packages/airflow/example_dags/tutorial_taskflow_api.py took 0.109 seconds
[2025-11-12T00:16:58.394+0530] {processor.py:161} INFO - Started process (PID=17942) to work on /home/logi/txtai/venv/lib/python3.10/site-packages/airflow/example_dags/tutorial_taskflow_api.py
[2025-11-12T00:16:58.408+0530] {processor.py:830} INFO - Processing file /home/logi/txtai/venv/lib/python3.10/site-packages/airflow/example_dags/tutorial_taskflow_api.py for tasks to queue
[2025-11-12T00:16:58.411+0530] {logging_mixin.py:188} INFO - [2025-11-12T00:16:58.410+0530] {dagbag.py:545} INFO - Filling up the DagBag from /home/logi/txtai/venv/lib/python3.10/site-packages/airflow/example_dags/tutorial_taskflow_api.py
[2025-11-12T00:16:58.422+0530] {processor.py:840} INFO - DAG(s) 'tutorial_taskflow_api' retrieved from /home/logi/txtai/venv/lib/python3.10/site-packages/airflow/example_dags/tutorial_taskflow_api.py
[2025-11-12T00:16:58.448+0530] {logging_mixin.py:188} INFO - [2025-11-12T00:16:58.447+0530] {dag.py:3089} INFO - Sync 1 DAGs
[2025-11-12T00:16:58.463+0530] {logging_mixin.py:188} INFO - [2025-11-12T00:16:58.463+0530] {dag.py:3947} INFO - Setting next_dagrun for tutorial_taskflow_api to None, run_after=None
[2025-11-12T00:16:58.491+0530] {processor.py:183} INFO - Processing /home/logi/txtai/venv/lib/python3.10/site-packages/airflow/example_dags/tutorial_taskflow_api.py took 0.108 seconds
[2025-11-12T00:17:54.464+0530] {processor.py:161} INFO - Started process (PID=18292) to work on /home/logi/txtai/venv/lib/python3.10/site-packages/airflow/example_dags/tutorial_taskflow_api.py
[2025-11-12T00:17:54.478+0530] {processor.py:830} INFO - Processing file /home/logi/txtai/venv/lib/python3.10/site-packages/airflow/example_dags/tutorial_taskflow_api.py for tasks to queue
[2025-11-12T00:17:54.481+0530] {logging_mixin.py:188} INFO - [2025-11-12T00:17:54.480+0530] {dagbag.py:545} INFO - Filling up the DagBag from /home/logi/txtai/venv/lib/python3.10/site-packages/airflow/example_dags/tutorial_taskflow_api.py
[2025-11-12T00:17:54.491+0530] {processor.py:840} INFO - DAG(s) 'tutorial_taskflow_api' retrieved from /home/logi/txtai/venv/lib/python3.10/site-packages/airflow/example_dags/tutorial_taskflow_api.py
[2025-11-12T00:17:54.516+0530] {logging_mixin.py:188} INFO - [2025-11-12T00:17:54.516+0530] {dag.py:3089} INFO - Sync 1 DAGs
[2025-11-12T00:17:54.532+0530] {logging_mixin.py:188} INFO - [2025-11-12T00:17:54.532+0530] {dag.py:3947} INFO - Setting next_dagrun for tutorial_taskflow_api to None, run_after=None
[2025-11-12T00:17:54.558+0530] {processor.py:183} INFO - Processing /home/logi/txtai/venv/lib/python3.10/site-packages/airflow/example_dags/tutorial_taskflow_api.py took 0.104 seconds
[2025-11-12T00:19:01.490+0530] {processor.py:161} INFO - Started process (PID=18881) to work on /home/logi/txtai/venv/lib/python3.10/site-packages/airflow/example_dags/tutorial_taskflow_api.py
[2025-11-12T00:19:01.492+0530] {processor.py:830} INFO - Processing file /home/logi/txtai/venv/lib/python3.10/site-packages/airflow/example_dags/tutorial_taskflow_api.py for tasks to queue
[2025-11-12T00:19:01.494+0530] {logging_mixin.py:188} INFO - [2025-11-12T00:19:01.494+0530] {dagbag.py:545} INFO - Filling up the DagBag from /home/logi/txtai/venv/lib/python3.10/site-packages/airflow/example_dags/tutorial_taskflow_api.py
[2025-11-12T00:19:01.505+0530] {processor.py:840} INFO - DAG(s) 'tutorial_taskflow_api' retrieved from /home/logi/txtai/venv/lib/python3.10/site-packages/airflow/example_dags/tutorial_taskflow_api.py
[2025-11-12T00:19:01.525+0530] {logging_mixin.py:188} INFO - [2025-11-12T00:19:01.525+0530] {dag.py:3089} INFO - Sync 1 DAGs
[2025-11-12T00:19:01.533+0530] {logging_mixin.py:188} INFO - [2025-11-12T00:19:01.533+0530] {dag.py:3947} INFO - Setting next_dagrun for tutorial_taskflow_api to None, run_after=None
[2025-11-12T00:19:01.550+0530] {processor.py:183} INFO - Processing /home/logi/txtai/venv/lib/python3.10/site-packages/airflow/example_dags/tutorial_taskflow_api.py took 0.071 seconds
[2025-11-12T00:20:07.677+0530] {processor.py:161} INFO - Started process (PID=19207) to work on /home/logi/txtai/venv/lib/python3.10/site-packages/airflow/example_dags/tutorial_taskflow_api.py
[2025-11-12T00:20:07.691+0530] {processor.py:830} INFO - Processing file /home/logi/txtai/venv/lib/python3.10/site-packages/airflow/example_dags/tutorial_taskflow_api.py for tasks to queue
[2025-11-12T00:20:07.694+0530] {logging_mixin.py:188} INFO - [2025-11-12T00:20:07.693+0530] {dagbag.py:545} INFO - Filling up the DagBag from /home/logi/txtai/venv/lib/python3.10/site-packages/airflow/example_dags/tutorial_taskflow_api.py
[2025-11-12T00:20:07.706+0530] {processor.py:840} INFO - DAG(s) 'tutorial_taskflow_api' retrieved from /home/logi/txtai/venv/lib/python3.10/site-packages/airflow/example_dags/tutorial_taskflow_api.py
[2025-11-12T00:20:07.734+0530] {logging_mixin.py:188} INFO - [2025-11-12T00:20:07.733+0530] {dag.py:3089} INFO - Sync 1 DAGs
[2025-11-12T00:20:07.746+0530] {logging_mixin.py:188} INFO - [2025-11-12T00:20:07.746+0530] {dag.py:3947} INFO - Setting next_dagrun for tutorial_taskflow_api to None, run_after=None
[2025-11-12T00:20:07.775+0530] {processor.py:183} INFO - Processing /home/logi/txtai/venv/lib/python3.10/site-packages/airflow/example_dags/tutorial_taskflow_api.py took 0.108 seconds
[2025-11-12T00:21:07.461+0530] {processor.py:161} INFO - Started process (PID=19292) to work on /home/logi/txtai/venv/lib/python3.10/site-packages/airflow/example_dags/tutorial_taskflow_api.py
[2025-11-12T00:21:07.463+0530] {processor.py:830} INFO - Processing file /home/logi/txtai/venv/lib/python3.10/site-packages/airflow/example_dags/tutorial_taskflow_api.py for tasks to queue
[2025-11-12T00:21:07.467+0530] {logging_mixin.py:188} INFO - [2025-11-12T00:21:07.466+0530] {dagbag.py:545} INFO - Filling up the DagBag from /home/logi/txtai/venv/lib/python3.10/site-packages/airflow/example_dags/tutorial_taskflow_api.py
[2025-11-12T00:21:07.479+0530] {processor.py:840} INFO - DAG(s) 'tutorial_taskflow_api' retrieved from /home/logi/txtai/venv/lib/python3.10/site-packages/airflow/example_dags/tutorial_taskflow_api.py
[2025-11-12T00:21:07.503+0530] {logging_mixin.py:188} INFO - [2025-11-12T00:21:07.503+0530] {dag.py:3089} INFO - Sync 1 DAGs
[2025-11-12T00:21:07.520+0530] {logging_mixin.py:188} INFO - [2025-11-12T00:21:07.519+0530] {dag.py:3947} INFO - Setting next_dagrun for tutorial_taskflow_api to None, run_after=None
[2025-11-12T00:21:07.542+0530] {processor.py:183} INFO - Processing /home/logi/txtai/venv/lib/python3.10/site-packages/airflow/example_dags/tutorial_taskflow_api.py took 0.093 seconds
