[2025-11-12T06:03:27.778+0530] {processor.py:161} INFO - Started process (PID=5850) to work on /home/logi/txtai/venv/lib/python3.10/site-packages/airflow/example_dags/example_trigger_controller_dag.py
[2025-11-12T06:03:27.780+0530] {processor.py:830} INFO - Processing file /home/logi/txtai/venv/lib/python3.10/site-packages/airflow/example_dags/example_trigger_controller_dag.py for tasks to queue
[2025-11-12T06:03:27.783+0530] {logging_mixin.py:188} INFO - [2025-11-12T06:03:27.783+0530] {dagbag.py:545} INFO - Filling up the DagBag from /home/logi/txtai/venv/lib/python3.10/site-packages/airflow/example_dags/example_trigger_controller_dag.py
[2025-11-12T06:03:27.798+0530] {processor.py:840} INFO - DAG(s) 'example_trigger_controller_dag' retrieved from /home/logi/txtai/venv/lib/python3.10/site-packages/airflow/example_dags/example_trigger_controller_dag.py
[2025-11-12T06:03:27.817+0530] {logging_mixin.py:188} INFO - [2025-11-12T06:03:27.816+0530] {dag.py:3089} INFO - Sync 1 DAGs
[2025-11-12T06:03:27.836+0530] {logging_mixin.py:188} INFO - [2025-11-12T06:03:27.836+0530] {dag.py:3947} INFO - Setting next_dagrun for example_trigger_controller_dag to 2021-01-01 00:00:00+00:00, run_after=2021-01-01 00:00:00+00:00
[2025-11-12T06:03:27.870+0530] {processor.py:183} INFO - Processing /home/logi/txtai/venv/lib/python3.10/site-packages/airflow/example_dags/example_trigger_controller_dag.py took 0.103 seconds
[2025-11-12T06:04:37.428+0530] {processor.py:161} INFO - Started process (PID=6149) to work on /home/logi/txtai/venv/lib/python3.10/site-packages/airflow/example_dags/example_trigger_controller_dag.py
[2025-11-12T06:04:37.442+0530] {processor.py:830} INFO - Processing file /home/logi/txtai/venv/lib/python3.10/site-packages/airflow/example_dags/example_trigger_controller_dag.py for tasks to queue
[2025-11-12T06:04:37.445+0530] {logging_mixin.py:188} INFO - [2025-11-12T06:04:37.445+0530] {dagbag.py:545} INFO - Filling up the DagBag from /home/logi/txtai/venv/lib/python3.10/site-packages/airflow/example_dags/example_trigger_controller_dag.py
[2025-11-12T06:04:37.453+0530] {processor.py:840} INFO - DAG(s) 'example_trigger_controller_dag' retrieved from /home/logi/txtai/venv/lib/python3.10/site-packages/airflow/example_dags/example_trigger_controller_dag.py
[2025-11-12T06:04:37.476+0530] {logging_mixin.py:188} INFO - [2025-11-12T06:04:37.475+0530] {dag.py:3089} INFO - Sync 1 DAGs
[2025-11-12T06:04:37.499+0530] {logging_mixin.py:188} INFO - [2025-11-12T06:04:37.499+0530] {dag.py:3947} INFO - Setting next_dagrun for example_trigger_controller_dag to 2021-01-01 00:00:00+00:00, run_after=2021-01-01 00:00:00+00:00
[2025-11-12T06:04:37.517+0530] {processor.py:183} INFO - Processing /home/logi/txtai/venv/lib/python3.10/site-packages/airflow/example_dags/example_trigger_controller_dag.py took 0.100 seconds
[2025-11-12T06:05:39.248+0530] {processor.py:161} INFO - Started process (PID=6392) to work on /home/logi/txtai/venv/lib/python3.10/site-packages/airflow/example_dags/example_trigger_controller_dag.py
[2025-11-12T06:05:39.264+0530] {processor.py:830} INFO - Processing file /home/logi/txtai/venv/lib/python3.10/site-packages/airflow/example_dags/example_trigger_controller_dag.py for tasks to queue
[2025-11-12T06:05:39.271+0530] {logging_mixin.py:188} INFO - [2025-11-12T06:05:39.270+0530] {dagbag.py:545} INFO - Filling up the DagBag from /home/logi/txtai/venv/lib/python3.10/site-packages/airflow/example_dags/example_trigger_controller_dag.py
[2025-11-12T06:05:39.291+0530] {processor.py:840} INFO - DAG(s) 'example_trigger_controller_dag' retrieved from /home/logi/txtai/venv/lib/python3.10/site-packages/airflow/example_dags/example_trigger_controller_dag.py
[2025-11-12T06:05:39.340+0530] {logging_mixin.py:188} INFO - [2025-11-12T06:05:39.339+0530] {dag.py:3089} INFO - Sync 1 DAGs
[2025-11-12T06:05:39.389+0530] {logging_mixin.py:188} INFO - [2025-11-12T06:05:39.388+0530] {dag.py:3947} INFO - Setting next_dagrun for example_trigger_controller_dag to 2021-01-01 00:00:00+00:00, run_after=2021-01-01 00:00:00+00:00
[2025-11-12T06:05:39.468+0530] {processor.py:183} INFO - Processing /home/logi/txtai/venv/lib/python3.10/site-packages/airflow/example_dags/example_trigger_controller_dag.py took 0.243 seconds
[2025-11-12T06:06:39.310+0530] {processor.py:161} INFO - Started process (PID=6743) to work on /home/logi/txtai/venv/lib/python3.10/site-packages/airflow/example_dags/example_trigger_controller_dag.py
[2025-11-12T06:06:39.323+0530] {processor.py:830} INFO - Processing file /home/logi/txtai/venv/lib/python3.10/site-packages/airflow/example_dags/example_trigger_controller_dag.py for tasks to queue
[2025-11-12T06:06:39.327+0530] {logging_mixin.py:188} INFO - [2025-11-12T06:06:39.326+0530] {dagbag.py:545} INFO - Filling up the DagBag from /home/logi/txtai/venv/lib/python3.10/site-packages/airflow/example_dags/example_trigger_controller_dag.py
[2025-11-12T06:06:39.336+0530] {processor.py:840} INFO - DAG(s) 'example_trigger_controller_dag' retrieved from /home/logi/txtai/venv/lib/python3.10/site-packages/airflow/example_dags/example_trigger_controller_dag.py
[2025-11-12T06:06:39.362+0530] {logging_mixin.py:188} INFO - [2025-11-12T06:06:39.362+0530] {dag.py:3089} INFO - Sync 1 DAGs
[2025-11-12T06:06:39.384+0530] {logging_mixin.py:188} INFO - [2025-11-12T06:06:39.384+0530] {dag.py:3947} INFO - Setting next_dagrun for example_trigger_controller_dag to 2021-01-01 00:00:00+00:00, run_after=2021-01-01 00:00:00+00:00
[2025-11-12T06:06:39.404+0530] {processor.py:183} INFO - Processing /home/logi/txtai/venv/lib/python3.10/site-packages/airflow/example_dags/example_trigger_controller_dag.py took 0.105 seconds
[2025-11-12T06:07:37.218+0530] {processor.py:161} INFO - Started process (PID=6823) to work on /home/logi/txtai/venv/lib/python3.10/site-packages/airflow/example_dags/example_trigger_controller_dag.py
[2025-11-12T06:07:37.231+0530] {processor.py:830} INFO - Processing file /home/logi/txtai/venv/lib/python3.10/site-packages/airflow/example_dags/example_trigger_controller_dag.py for tasks to queue
[2025-11-12T06:07:37.234+0530] {logging_mixin.py:188} INFO - [2025-11-12T06:07:37.234+0530] {dagbag.py:545} INFO - Filling up the DagBag from /home/logi/txtai/venv/lib/python3.10/site-packages/airflow/example_dags/example_trigger_controller_dag.py
[2025-11-12T06:07:37.244+0530] {processor.py:840} INFO - DAG(s) 'example_trigger_controller_dag' retrieved from /home/logi/txtai/venv/lib/python3.10/site-packages/airflow/example_dags/example_trigger_controller_dag.py
[2025-11-12T06:07:37.271+0530] {logging_mixin.py:188} INFO - [2025-11-12T06:07:37.270+0530] {dag.py:3089} INFO - Sync 1 DAGs
[2025-11-12T06:07:37.292+0530] {logging_mixin.py:188} INFO - [2025-11-12T06:07:37.292+0530] {dag.py:3947} INFO - Setting next_dagrun for example_trigger_controller_dag to 2021-01-01 00:00:00+00:00, run_after=2021-01-01 00:00:00+00:00
[2025-11-12T06:07:37.312+0530] {processor.py:183} INFO - Processing /home/logi/txtai/venv/lib/python3.10/site-packages/airflow/example_dags/example_trigger_controller_dag.py took 0.105 seconds
[2025-11-12T06:08:39.471+0530] {processor.py:161} INFO - Started process (PID=7399) to work on /home/logi/txtai/venv/lib/python3.10/site-packages/airflow/example_dags/example_trigger_controller_dag.py
[2025-11-12T06:08:39.473+0530] {processor.py:830} INFO - Processing file /home/logi/txtai/venv/lib/python3.10/site-packages/airflow/example_dags/example_trigger_controller_dag.py for tasks to queue
[2025-11-12T06:08:39.475+0530] {logging_mixin.py:188} INFO - [2025-11-12T06:08:39.475+0530] {dagbag.py:545} INFO - Filling up the DagBag from /home/logi/txtai/venv/lib/python3.10/site-packages/airflow/example_dags/example_trigger_controller_dag.py
[2025-11-12T06:08:39.485+0530] {processor.py:840} INFO - DAG(s) 'example_trigger_controller_dag' retrieved from /home/logi/txtai/venv/lib/python3.10/site-packages/airflow/example_dags/example_trigger_controller_dag.py
[2025-11-12T06:08:39.510+0530] {logging_mixin.py:188} INFO - [2025-11-12T06:08:39.510+0530] {dag.py:3089} INFO - Sync 1 DAGs
[2025-11-12T06:08:39.526+0530] {logging_mixin.py:188} INFO - [2025-11-12T06:08:39.526+0530] {dag.py:3947} INFO - Setting next_dagrun for example_trigger_controller_dag to 2021-01-01 00:00:00+00:00, run_after=2021-01-01 00:00:00+00:00
[2025-11-12T06:08:39.545+0530] {processor.py:183} INFO - Processing /home/logi/txtai/venv/lib/python3.10/site-packages/airflow/example_dags/example_trigger_controller_dag.py took 0.086 seconds
[2025-11-12T08:07:58.817+0530] {processor.py:161} INFO - Started process (PID=9977) to work on /home/logi/txtai/venv/lib/python3.10/site-packages/airflow/example_dags/example_trigger_controller_dag.py
[2025-11-12T08:07:58.828+0530] {processor.py:830} INFO - Processing file /home/logi/txtai/venv/lib/python3.10/site-packages/airflow/example_dags/example_trigger_controller_dag.py for tasks to queue
[2025-11-12T08:07:58.832+0530] {logging_mixin.py:188} INFO - [2025-11-12T08:07:58.831+0530] {dagbag.py:545} INFO - Filling up the DagBag from /home/logi/txtai/venv/lib/python3.10/site-packages/airflow/example_dags/example_trigger_controller_dag.py
[2025-11-12T08:07:58.851+0530] {processor.py:840} INFO - DAG(s) 'example_trigger_controller_dag' retrieved from /home/logi/txtai/venv/lib/python3.10/site-packages/airflow/example_dags/example_trigger_controller_dag.py
[2025-11-12T08:07:58.883+0530] {logging_mixin.py:188} INFO - [2025-11-12T08:07:58.882+0530] {dag.py:3089} INFO - Sync 1 DAGs
[2025-11-12T08:07:58.911+0530] {logging_mixin.py:188} INFO - [2025-11-12T08:07:58.910+0530] {dag.py:3947} INFO - Setting next_dagrun for example_trigger_controller_dag to 2021-01-01 00:00:00+00:00, run_after=2021-01-01 00:00:00+00:00
[2025-11-12T08:07:58.947+0530] {processor.py:183} INFO - Processing /home/logi/txtai/venv/lib/python3.10/site-packages/airflow/example_dags/example_trigger_controller_dag.py took 0.144 seconds
[2025-11-12T08:08:58.771+0530] {processor.py:161} INFO - Started process (PID=10450) to work on /home/logi/txtai/venv/lib/python3.10/site-packages/airflow/example_dags/example_trigger_controller_dag.py
[2025-11-12T08:08:58.784+0530] {processor.py:830} INFO - Processing file /home/logi/txtai/venv/lib/python3.10/site-packages/airflow/example_dags/example_trigger_controller_dag.py for tasks to queue
[2025-11-12T08:08:58.790+0530] {logging_mixin.py:188} INFO - [2025-11-12T08:08:58.789+0530] {dagbag.py:545} INFO - Filling up the DagBag from /home/logi/txtai/venv/lib/python3.10/site-packages/airflow/example_dags/example_trigger_controller_dag.py
[2025-11-12T08:08:58.799+0530] {processor.py:840} INFO - DAG(s) 'example_trigger_controller_dag' retrieved from /home/logi/txtai/venv/lib/python3.10/site-packages/airflow/example_dags/example_trigger_controller_dag.py
[2025-11-12T08:08:58.829+0530] {logging_mixin.py:188} INFO - [2025-11-12T08:08:58.829+0530] {dag.py:3089} INFO - Sync 1 DAGs
[2025-11-12T08:08:58.855+0530] {logging_mixin.py:188} INFO - [2025-11-12T08:08:58.855+0530] {dag.py:3947} INFO - Setting next_dagrun for example_trigger_controller_dag to 2021-01-01 00:00:00+00:00, run_after=2021-01-01 00:00:00+00:00
[2025-11-12T08:08:58.889+0530] {processor.py:183} INFO - Processing /home/logi/txtai/venv/lib/python3.10/site-packages/airflow/example_dags/example_trigger_controller_dag.py took 0.132 seconds
[2025-11-12T08:09:57.546+0530] {processor.py:161} INFO - Started process (PID=10880) to work on /home/logi/txtai/venv/lib/python3.10/site-packages/airflow/example_dags/example_trigger_controller_dag.py
[2025-11-12T08:09:57.560+0530] {processor.py:830} INFO - Processing file /home/logi/txtai/venv/lib/python3.10/site-packages/airflow/example_dags/example_trigger_controller_dag.py for tasks to queue
[2025-11-12T08:09:57.563+0530] {logging_mixin.py:188} INFO - [2025-11-12T08:09:57.562+0530] {dagbag.py:545} INFO - Filling up the DagBag from /home/logi/txtai/venv/lib/python3.10/site-packages/airflow/example_dags/example_trigger_controller_dag.py
[2025-11-12T08:09:57.572+0530] {processor.py:840} INFO - DAG(s) 'example_trigger_controller_dag' retrieved from /home/logi/txtai/venv/lib/python3.10/site-packages/airflow/example_dags/example_trigger_controller_dag.py
[2025-11-12T08:09:57.599+0530] {logging_mixin.py:188} INFO - [2025-11-12T08:09:57.598+0530] {dag.py:3089} INFO - Sync 1 DAGs
[2025-11-12T08:09:57.621+0530] {logging_mixin.py:188} INFO - [2025-11-12T08:09:57.621+0530] {dag.py:3947} INFO - Setting next_dagrun for example_trigger_controller_dag to 2021-01-01 00:00:00+00:00, run_after=2021-01-01 00:00:00+00:00
[2025-11-12T08:09:57.641+0530] {processor.py:183} INFO - Processing /home/logi/txtai/venv/lib/python3.10/site-packages/airflow/example_dags/example_trigger_controller_dag.py took 0.106 seconds
[2025-11-12T08:10:57.908+0530] {processor.py:161} INFO - Started process (PID=11138) to work on /home/logi/txtai/venv/lib/python3.10/site-packages/airflow/example_dags/example_trigger_controller_dag.py
[2025-11-12T08:10:57.921+0530] {processor.py:830} INFO - Processing file /home/logi/txtai/venv/lib/python3.10/site-packages/airflow/example_dags/example_trigger_controller_dag.py for tasks to queue
[2025-11-12T08:10:57.925+0530] {logging_mixin.py:188} INFO - [2025-11-12T08:10:57.924+0530] {dagbag.py:545} INFO - Filling up the DagBag from /home/logi/txtai/venv/lib/python3.10/site-packages/airflow/example_dags/example_trigger_controller_dag.py
[2025-11-12T08:10:57.934+0530] {processor.py:840} INFO - DAG(s) 'example_trigger_controller_dag' retrieved from /home/logi/txtai/venv/lib/python3.10/site-packages/airflow/example_dags/example_trigger_controller_dag.py
[2025-11-12T08:10:57.951+0530] {logging_mixin.py:188} INFO - [2025-11-12T08:10:57.951+0530] {dag.py:3089} INFO - Sync 1 DAGs
[2025-11-12T08:10:57.969+0530] {logging_mixin.py:188} INFO - [2025-11-12T08:10:57.969+0530] {dag.py:3947} INFO - Setting next_dagrun for example_trigger_controller_dag to 2021-01-01 00:00:00+00:00, run_after=2021-01-01 00:00:00+00:00
[2025-11-12T08:10:57.989+0530] {processor.py:183} INFO - Processing /home/logi/txtai/venv/lib/python3.10/site-packages/airflow/example_dags/example_trigger_controller_dag.py took 0.089 seconds
[2025-11-12T08:12:00.386+0530] {processor.py:161} INFO - Started process (PID=11472) to work on /home/logi/txtai/venv/lib/python3.10/site-packages/airflow/example_dags/example_trigger_controller_dag.py
[2025-11-12T08:12:00.401+0530] {processor.py:830} INFO - Processing file /home/logi/txtai/venv/lib/python3.10/site-packages/airflow/example_dags/example_trigger_controller_dag.py for tasks to queue
[2025-11-12T08:12:00.404+0530] {logging_mixin.py:188} INFO - [2025-11-12T08:12:00.403+0530] {dagbag.py:545} INFO - Filling up the DagBag from /home/logi/txtai/venv/lib/python3.10/site-packages/airflow/example_dags/example_trigger_controller_dag.py
[2025-11-12T08:12:00.412+0530] {processor.py:840} INFO - DAG(s) 'example_trigger_controller_dag' retrieved from /home/logi/txtai/venv/lib/python3.10/site-packages/airflow/example_dags/example_trigger_controller_dag.py
[2025-11-12T08:12:00.438+0530] {logging_mixin.py:188} INFO - [2025-11-12T08:12:00.437+0530] {dag.py:3089} INFO - Sync 1 DAGs
[2025-11-12T08:12:00.461+0530] {logging_mixin.py:188} INFO - [2025-11-12T08:12:00.460+0530] {dag.py:3947} INFO - Setting next_dagrun for example_trigger_controller_dag to 2021-01-01 00:00:00+00:00, run_after=2021-01-01 00:00:00+00:00
[2025-11-12T08:12:00.481+0530] {processor.py:183} INFO - Processing /home/logi/txtai/venv/lib/python3.10/site-packages/airflow/example_dags/example_trigger_controller_dag.py took 0.106 seconds
[2025-11-12T08:13:26.314+0530] {processor.py:161} INFO - Started process (PID=12486) to work on /home/logi/txtai/venv/lib/python3.10/site-packages/airflow/example_dags/example_trigger_controller_dag.py
[2025-11-12T08:13:26.328+0530] {processor.py:830} INFO - Processing file /home/logi/txtai/venv/lib/python3.10/site-packages/airflow/example_dags/example_trigger_controller_dag.py for tasks to queue
[2025-11-12T08:13:26.331+0530] {logging_mixin.py:188} INFO - [2025-11-12T08:13:26.330+0530] {dagbag.py:545} INFO - Filling up the DagBag from /home/logi/txtai/venv/lib/python3.10/site-packages/airflow/example_dags/example_trigger_controller_dag.py
[2025-11-12T08:13:26.340+0530] {processor.py:840} INFO - DAG(s) 'example_trigger_controller_dag' retrieved from /home/logi/txtai/venv/lib/python3.10/site-packages/airflow/example_dags/example_trigger_controller_dag.py
[2025-11-12T08:13:26.366+0530] {logging_mixin.py:188} INFO - [2025-11-12T08:13:26.366+0530] {dag.py:3089} INFO - Sync 1 DAGs
[2025-11-12T08:13:26.388+0530] {logging_mixin.py:188} INFO - [2025-11-12T08:13:26.387+0530] {dag.py:3947} INFO - Setting next_dagrun for example_trigger_controller_dag to 2021-01-01 00:00:00+00:00, run_after=2021-01-01 00:00:00+00:00
[2025-11-12T08:13:26.407+0530] {processor.py:183} INFO - Processing /home/logi/txtai/venv/lib/python3.10/site-packages/airflow/example_dags/example_trigger_controller_dag.py took 0.105 seconds
[2025-11-12T08:14:16.840+0530] {processor.py:161} INFO - Started process (PID=12897) to work on /home/logi/txtai/venv/lib/python3.10/site-packages/airflow/example_dags/example_trigger_controller_dag.py
[2025-11-12T08:14:16.854+0530] {processor.py:830} INFO - Processing file /home/logi/txtai/venv/lib/python3.10/site-packages/airflow/example_dags/example_trigger_controller_dag.py for tasks to queue
[2025-11-12T08:14:16.857+0530] {logging_mixin.py:188} INFO - [2025-11-12T08:14:16.856+0530] {dagbag.py:545} INFO - Filling up the DagBag from /home/logi/txtai/venv/lib/python3.10/site-packages/airflow/example_dags/example_trigger_controller_dag.py
[2025-11-12T08:14:16.866+0530] {processor.py:840} INFO - DAG(s) 'example_trigger_controller_dag' retrieved from /home/logi/txtai/venv/lib/python3.10/site-packages/airflow/example_dags/example_trigger_controller_dag.py
[2025-11-12T08:14:16.893+0530] {logging_mixin.py:188} INFO - [2025-11-12T08:14:16.892+0530] {dag.py:3089} INFO - Sync 1 DAGs
[2025-11-12T08:14:16.915+0530] {logging_mixin.py:188} INFO - [2025-11-12T08:14:16.915+0530] {dag.py:3947} INFO - Setting next_dagrun for example_trigger_controller_dag to 2021-01-01 00:00:00+00:00, run_after=2021-01-01 00:00:00+00:00
[2025-11-12T08:14:16.935+0530] {processor.py:183} INFO - Processing /home/logi/txtai/venv/lib/python3.10/site-packages/airflow/example_dags/example_trigger_controller_dag.py took 0.107 seconds
[2025-11-12T08:15:15.719+0530] {processor.py:161} INFO - Started process (PID=13390) to work on /home/logi/txtai/venv/lib/python3.10/site-packages/airflow/example_dags/example_trigger_controller_dag.py
[2025-11-12T08:15:15.733+0530] {processor.py:830} INFO - Processing file /home/logi/txtai/venv/lib/python3.10/site-packages/airflow/example_dags/example_trigger_controller_dag.py for tasks to queue
[2025-11-12T08:15:15.736+0530] {logging_mixin.py:188} INFO - [2025-11-12T08:15:15.735+0530] {dagbag.py:545} INFO - Filling up the DagBag from /home/logi/txtai/venv/lib/python3.10/site-packages/airflow/example_dags/example_trigger_controller_dag.py
[2025-11-12T08:15:15.745+0530] {processor.py:840} INFO - DAG(s) 'example_trigger_controller_dag' retrieved from /home/logi/txtai/venv/lib/python3.10/site-packages/airflow/example_dags/example_trigger_controller_dag.py
[2025-11-12T08:15:15.769+0530] {logging_mixin.py:188} INFO - [2025-11-12T08:15:15.769+0530] {dag.py:3089} INFO - Sync 1 DAGs
[2025-11-12T08:15:15.791+0530] {logging_mixin.py:188} INFO - [2025-11-12T08:15:15.791+0530] {dag.py:3947} INFO - Setting next_dagrun for example_trigger_controller_dag to 2021-01-01 00:00:00+00:00, run_after=2021-01-01 00:00:00+00:00
[2025-11-12T08:15:15.812+0530] {processor.py:183} INFO - Processing /home/logi/txtai/venv/lib/python3.10/site-packages/airflow/example_dags/example_trigger_controller_dag.py took 0.104 seconds
[2025-11-12T08:16:14.222+0530] {processor.py:161} INFO - Started process (PID=13872) to work on /home/logi/txtai/venv/lib/python3.10/site-packages/airflow/example_dags/example_trigger_controller_dag.py
[2025-11-12T08:16:14.235+0530] {processor.py:830} INFO - Processing file /home/logi/txtai/venv/lib/python3.10/site-packages/airflow/example_dags/example_trigger_controller_dag.py for tasks to queue
[2025-11-12T08:16:14.239+0530] {logging_mixin.py:188} INFO - [2025-11-12T08:16:14.238+0530] {dagbag.py:545} INFO - Filling up the DagBag from /home/logi/txtai/venv/lib/python3.10/site-packages/airflow/example_dags/example_trigger_controller_dag.py
[2025-11-12T08:16:14.248+0530] {processor.py:840} INFO - DAG(s) 'example_trigger_controller_dag' retrieved from /home/logi/txtai/venv/lib/python3.10/site-packages/airflow/example_dags/example_trigger_controller_dag.py
[2025-11-12T08:16:14.274+0530] {logging_mixin.py:188} INFO - [2025-11-12T08:16:14.274+0530] {dag.py:3089} INFO - Sync 1 DAGs
[2025-11-12T08:16:14.296+0530] {logging_mixin.py:188} INFO - [2025-11-12T08:16:14.295+0530] {dag.py:3947} INFO - Setting next_dagrun for example_trigger_controller_dag to 2021-01-01 00:00:00+00:00, run_after=2021-01-01 00:00:00+00:00
[2025-11-12T08:16:14.317+0530] {processor.py:183} INFO - Processing /home/logi/txtai/venv/lib/python3.10/site-packages/airflow/example_dags/example_trigger_controller_dag.py took 0.106 seconds
[2025-11-12T08:17:14.062+0530] {processor.py:161} INFO - Started process (PID=14352) to work on /home/logi/txtai/venv/lib/python3.10/site-packages/airflow/example_dags/example_trigger_controller_dag.py
[2025-11-12T08:17:14.076+0530] {processor.py:830} INFO - Processing file /home/logi/txtai/venv/lib/python3.10/site-packages/airflow/example_dags/example_trigger_controller_dag.py for tasks to queue
[2025-11-12T08:17:14.079+0530] {logging_mixin.py:188} INFO - [2025-11-12T08:17:14.078+0530] {dagbag.py:545} INFO - Filling up the DagBag from /home/logi/txtai/venv/lib/python3.10/site-packages/airflow/example_dags/example_trigger_controller_dag.py
[2025-11-12T08:17:14.088+0530] {processor.py:840} INFO - DAG(s) 'example_trigger_controller_dag' retrieved from /home/logi/txtai/venv/lib/python3.10/site-packages/airflow/example_dags/example_trigger_controller_dag.py
[2025-11-12T08:17:14.113+0530] {logging_mixin.py:188} INFO - [2025-11-12T08:17:14.112+0530] {dag.py:3089} INFO - Sync 1 DAGs
[2025-11-12T08:17:14.135+0530] {logging_mixin.py:188} INFO - [2025-11-12T08:17:14.135+0530] {dag.py:3947} INFO - Setting next_dagrun for example_trigger_controller_dag to 2021-01-01 00:00:00+00:00, run_after=2021-01-01 00:00:00+00:00
[2025-11-12T08:17:14.156+0530] {processor.py:183} INFO - Processing /home/logi/txtai/venv/lib/python3.10/site-packages/airflow/example_dags/example_trigger_controller_dag.py took 0.105 seconds
[2025-11-12T08:18:18.910+0530] {processor.py:161} INFO - Started process (PID=15021) to work on /home/logi/txtai/venv/lib/python3.10/site-packages/airflow/example_dags/example_trigger_controller_dag.py
[2025-11-12T08:18:18.923+0530] {processor.py:830} INFO - Processing file /home/logi/txtai/venv/lib/python3.10/site-packages/airflow/example_dags/example_trigger_controller_dag.py for tasks to queue
[2025-11-12T08:18:18.926+0530] {logging_mixin.py:188} INFO - [2025-11-12T08:18:18.926+0530] {dagbag.py:545} INFO - Filling up the DagBag from /home/logi/txtai/venv/lib/python3.10/site-packages/airflow/example_dags/example_trigger_controller_dag.py
[2025-11-12T08:18:18.936+0530] {processor.py:840} INFO - DAG(s) 'example_trigger_controller_dag' retrieved from /home/logi/txtai/venv/lib/python3.10/site-packages/airflow/example_dags/example_trigger_controller_dag.py
[2025-11-12T08:18:18.962+0530] {logging_mixin.py:188} INFO - [2025-11-12T08:18:18.962+0530] {dag.py:3089} INFO - Sync 1 DAGs
[2025-11-12T08:18:18.984+0530] {logging_mixin.py:188} INFO - [2025-11-12T08:18:18.984+0530] {dag.py:3947} INFO - Setting next_dagrun for example_trigger_controller_dag to 2021-01-01 00:00:00+00:00, run_after=2021-01-01 00:00:00+00:00
[2025-11-12T08:18:19.012+0530] {processor.py:183} INFO - Processing /home/logi/txtai/venv/lib/python3.10/site-packages/airflow/example_dags/example_trigger_controller_dag.py took 0.114 seconds
[2025-11-12T08:19:24.487+0530] {processor.py:161} INFO - Started process (PID=15599) to work on /home/logi/txtai/venv/lib/python3.10/site-packages/airflow/example_dags/example_trigger_controller_dag.py
[2025-11-12T08:19:24.500+0530] {processor.py:830} INFO - Processing file /home/logi/txtai/venv/lib/python3.10/site-packages/airflow/example_dags/example_trigger_controller_dag.py for tasks to queue
[2025-11-12T08:19:24.504+0530] {logging_mixin.py:188} INFO - [2025-11-12T08:19:24.503+0530] {dagbag.py:545} INFO - Filling up the DagBag from /home/logi/txtai/venv/lib/python3.10/site-packages/airflow/example_dags/example_trigger_controller_dag.py
[2025-11-12T08:19:24.513+0530] {processor.py:840} INFO - DAG(s) 'example_trigger_controller_dag' retrieved from /home/logi/txtai/venv/lib/python3.10/site-packages/airflow/example_dags/example_trigger_controller_dag.py
[2025-11-12T08:19:24.540+0530] {logging_mixin.py:188} INFO - [2025-11-12T08:19:24.539+0530] {dag.py:3089} INFO - Sync 1 DAGs
[2025-11-12T08:19:24.562+0530] {logging_mixin.py:188} INFO - [2025-11-12T08:19:24.562+0530] {dag.py:3947} INFO - Setting next_dagrun for example_trigger_controller_dag to 2021-01-01 00:00:00+00:00, run_after=2021-01-01 00:00:00+00:00
[2025-11-12T08:19:24.585+0530] {processor.py:183} INFO - Processing /home/logi/txtai/venv/lib/python3.10/site-packages/airflow/example_dags/example_trigger_controller_dag.py took 0.109 seconds
[2025-11-12T08:20:23.910+0530] {processor.py:161} INFO - Started process (PID=16070) to work on /home/logi/txtai/venv/lib/python3.10/site-packages/airflow/example_dags/example_trigger_controller_dag.py
[2025-11-12T08:20:23.923+0530] {processor.py:830} INFO - Processing file /home/logi/txtai/venv/lib/python3.10/site-packages/airflow/example_dags/example_trigger_controller_dag.py for tasks to queue
[2025-11-12T08:20:23.926+0530] {logging_mixin.py:188} INFO - [2025-11-12T08:20:23.926+0530] {dagbag.py:545} INFO - Filling up the DagBag from /home/logi/txtai/venv/lib/python3.10/site-packages/airflow/example_dags/example_trigger_controller_dag.py
[2025-11-12T08:20:23.935+0530] {processor.py:840} INFO - DAG(s) 'example_trigger_controller_dag' retrieved from /home/logi/txtai/venv/lib/python3.10/site-packages/airflow/example_dags/example_trigger_controller_dag.py
[2025-11-12T08:20:23.962+0530] {logging_mixin.py:188} INFO - [2025-11-12T08:20:23.961+0530] {dag.py:3089} INFO - Sync 1 DAGs
[2025-11-12T08:20:23.983+0530] {logging_mixin.py:188} INFO - [2025-11-12T08:20:23.982+0530] {dag.py:3947} INFO - Setting next_dagrun for example_trigger_controller_dag to 2021-01-01 00:00:00+00:00, run_after=2021-01-01 00:00:00+00:00
[2025-11-12T08:20:24.009+0530] {processor.py:183} INFO - Processing /home/logi/txtai/venv/lib/python3.10/site-packages/airflow/example_dags/example_trigger_controller_dag.py took 0.110 seconds
[2025-11-12T08:21:29.582+0530] {processor.py:161} INFO - Started process (PID=16609) to work on /home/logi/txtai/venv/lib/python3.10/site-packages/airflow/example_dags/example_trigger_controller_dag.py
[2025-11-12T08:21:29.596+0530] {processor.py:830} INFO - Processing file /home/logi/txtai/venv/lib/python3.10/site-packages/airflow/example_dags/example_trigger_controller_dag.py for tasks to queue
[2025-11-12T08:21:29.599+0530] {logging_mixin.py:188} INFO - [2025-11-12T08:21:29.598+0530] {dagbag.py:545} INFO - Filling up the DagBag from /home/logi/txtai/venv/lib/python3.10/site-packages/airflow/example_dags/example_trigger_controller_dag.py
[2025-11-12T08:21:29.608+0530] {processor.py:840} INFO - DAG(s) 'example_trigger_controller_dag' retrieved from /home/logi/txtai/venv/lib/python3.10/site-packages/airflow/example_dags/example_trigger_controller_dag.py
[2025-11-12T08:21:29.636+0530] {logging_mixin.py:188} INFO - [2025-11-12T08:21:29.635+0530] {dag.py:3089} INFO - Sync 1 DAGs
[2025-11-12T08:21:29.657+0530] {logging_mixin.py:188} INFO - [2025-11-12T08:21:29.656+0530] {dag.py:3947} INFO - Setting next_dagrun for example_trigger_controller_dag to 2021-01-01 00:00:00+00:00, run_after=2021-01-01 00:00:00+00:00
[2025-11-12T08:21:29.688+0530] {processor.py:183} INFO - Processing /home/logi/txtai/venv/lib/python3.10/site-packages/airflow/example_dags/example_trigger_controller_dag.py took 0.117 seconds
[2025-11-12T08:22:31.065+0530] {processor.py:161} INFO - Started process (PID=17099) to work on /home/logi/txtai/venv/lib/python3.10/site-packages/airflow/example_dags/example_trigger_controller_dag.py
[2025-11-12T08:22:31.075+0530] {processor.py:830} INFO - Processing file /home/logi/txtai/venv/lib/python3.10/site-packages/airflow/example_dags/example_trigger_controller_dag.py for tasks to queue
[2025-11-12T08:22:31.078+0530] {logging_mixin.py:188} INFO - [2025-11-12T08:22:31.077+0530] {dagbag.py:545} INFO - Filling up the DagBag from /home/logi/txtai/venv/lib/python3.10/site-packages/airflow/example_dags/example_trigger_controller_dag.py
[2025-11-12T08:22:31.087+0530] {processor.py:840} INFO - DAG(s) 'example_trigger_controller_dag' retrieved from /home/logi/txtai/venv/lib/python3.10/site-packages/airflow/example_dags/example_trigger_controller_dag.py
[2025-11-12T08:22:31.114+0530] {logging_mixin.py:188} INFO - [2025-11-12T08:22:31.114+0530] {dag.py:3089} INFO - Sync 1 DAGs
[2025-11-12T08:22:31.137+0530] {logging_mixin.py:188} INFO - [2025-11-12T08:22:31.136+0530] {dag.py:3947} INFO - Setting next_dagrun for example_trigger_controller_dag to 2021-01-01 00:00:00+00:00, run_after=2021-01-01 00:00:00+00:00
[2025-11-12T08:22:31.156+0530] {processor.py:183} INFO - Processing /home/logi/txtai/venv/lib/python3.10/site-packages/airflow/example_dags/example_trigger_controller_dag.py took 0.102 seconds
[2025-11-12T08:23:53.157+0530] {processor.py:161} INFO - Started process (PID=17960) to work on /home/logi/txtai/venv/lib/python3.10/site-packages/airflow/example_dags/example_trigger_controller_dag.py
[2025-11-12T08:23:53.170+0530] {processor.py:830} INFO - Processing file /home/logi/txtai/venv/lib/python3.10/site-packages/airflow/example_dags/example_trigger_controller_dag.py for tasks to queue
[2025-11-12T08:23:53.174+0530] {logging_mixin.py:188} INFO - [2025-11-12T08:23:53.173+0530] {dagbag.py:545} INFO - Filling up the DagBag from /home/logi/txtai/venv/lib/python3.10/site-packages/airflow/example_dags/example_trigger_controller_dag.py
[2025-11-12T08:23:53.182+0530] {processor.py:840} INFO - DAG(s) 'example_trigger_controller_dag' retrieved from /home/logi/txtai/venv/lib/python3.10/site-packages/airflow/example_dags/example_trigger_controller_dag.py
[2025-11-12T08:23:53.207+0530] {logging_mixin.py:188} INFO - [2025-11-12T08:23:53.207+0530] {dag.py:3089} INFO - Sync 1 DAGs
[2025-11-12T08:23:53.230+0530] {logging_mixin.py:188} INFO - [2025-11-12T08:23:53.230+0530] {dag.py:3947} INFO - Setting next_dagrun for example_trigger_controller_dag to 2021-01-01 00:00:00+00:00, run_after=2021-01-01 00:00:00+00:00
[2025-11-12T08:23:53.252+0530] {processor.py:183} INFO - Processing /home/logi/txtai/venv/lib/python3.10/site-packages/airflow/example_dags/example_trigger_controller_dag.py took 0.106 seconds
[2025-11-12T08:24:58.808+0530] {processor.py:161} INFO - Started process (PID=18138) to work on /home/logi/txtai/venv/lib/python3.10/site-packages/airflow/example_dags/example_trigger_controller_dag.py
[2025-11-12T08:24:58.821+0530] {processor.py:830} INFO - Processing file /home/logi/txtai/venv/lib/python3.10/site-packages/airflow/example_dags/example_trigger_controller_dag.py for tasks to queue
[2025-11-12T08:24:58.825+0530] {logging_mixin.py:188} INFO - [2025-11-12T08:24:58.824+0530] {dagbag.py:545} INFO - Filling up the DagBag from /home/logi/txtai/venv/lib/python3.10/site-packages/airflow/example_dags/example_trigger_controller_dag.py
[2025-11-12T08:24:58.834+0530] {processor.py:840} INFO - DAG(s) 'example_trigger_controller_dag' retrieved from /home/logi/txtai/venv/lib/python3.10/site-packages/airflow/example_dags/example_trigger_controller_dag.py
[2025-11-12T08:24:58.861+0530] {logging_mixin.py:188} INFO - [2025-11-12T08:24:58.860+0530] {dag.py:3089} INFO - Sync 1 DAGs
[2025-11-12T08:24:58.882+0530] {logging_mixin.py:188} INFO - [2025-11-12T08:24:58.881+0530] {dag.py:3947} INFO - Setting next_dagrun for example_trigger_controller_dag to 2021-01-01 00:00:00+00:00, run_after=2021-01-01 00:00:00+00:00
[2025-11-12T08:24:58.903+0530] {processor.py:183} INFO - Processing /home/logi/txtai/venv/lib/python3.10/site-packages/airflow/example_dags/example_trigger_controller_dag.py took 0.107 seconds
[2025-11-12T08:25:56.484+0530] {processor.py:161} INFO - Started process (PID=18240) to work on /home/logi/txtai/venv/lib/python3.10/site-packages/airflow/example_dags/example_trigger_controller_dag.py
[2025-11-12T08:25:56.497+0530] {processor.py:830} INFO - Processing file /home/logi/txtai/venv/lib/python3.10/site-packages/airflow/example_dags/example_trigger_controller_dag.py for tasks to queue
[2025-11-12T08:25:56.500+0530] {logging_mixin.py:188} INFO - [2025-11-12T08:25:56.500+0530] {dagbag.py:545} INFO - Filling up the DagBag from /home/logi/txtai/venv/lib/python3.10/site-packages/airflow/example_dags/example_trigger_controller_dag.py
[2025-11-12T08:25:56.509+0530] {processor.py:840} INFO - DAG(s) 'example_trigger_controller_dag' retrieved from /home/logi/txtai/venv/lib/python3.10/site-packages/airflow/example_dags/example_trigger_controller_dag.py
[2025-11-12T08:25:56.536+0530] {logging_mixin.py:188} INFO - [2025-11-12T08:25:56.536+0530] {dag.py:3089} INFO - Sync 1 DAGs
[2025-11-12T08:25:56.557+0530] {logging_mixin.py:188} INFO - [2025-11-12T08:25:56.557+0530] {dag.py:3947} INFO - Setting next_dagrun for example_trigger_controller_dag to 2021-01-01 00:00:00+00:00, run_after=2021-01-01 00:00:00+00:00
[2025-11-12T08:25:56.585+0530] {processor.py:183} INFO - Processing /home/logi/txtai/venv/lib/python3.10/site-packages/airflow/example_dags/example_trigger_controller_dag.py took 0.113 seconds
[2025-11-12T08:27:01.351+0530] {processor.py:161} INFO - Started process (PID=18391) to work on /home/logi/txtai/venv/lib/python3.10/site-packages/airflow/example_dags/example_trigger_controller_dag.py
[2025-11-12T08:27:01.364+0530] {processor.py:830} INFO - Processing file /home/logi/txtai/venv/lib/python3.10/site-packages/airflow/example_dags/example_trigger_controller_dag.py for tasks to queue
[2025-11-12T08:27:01.368+0530] {logging_mixin.py:188} INFO - [2025-11-12T08:27:01.367+0530] {dagbag.py:545} INFO - Filling up the DagBag from /home/logi/txtai/venv/lib/python3.10/site-packages/airflow/example_dags/example_trigger_controller_dag.py
[2025-11-12T08:27:01.378+0530] {processor.py:840} INFO - DAG(s) 'example_trigger_controller_dag' retrieved from /home/logi/txtai/venv/lib/python3.10/site-packages/airflow/example_dags/example_trigger_controller_dag.py
[2025-11-12T08:27:01.404+0530] {logging_mixin.py:188} INFO - [2025-11-12T08:27:01.404+0530] {dag.py:3089} INFO - Sync 1 DAGs
[2025-11-12T08:27:01.425+0530] {logging_mixin.py:188} INFO - [2025-11-12T08:27:01.425+0530] {dag.py:3947} INFO - Setting next_dagrun for example_trigger_controller_dag to 2021-01-01 00:00:00+00:00, run_after=2021-01-01 00:00:00+00:00
[2025-11-12T08:27:01.454+0530] {processor.py:183} INFO - Processing /home/logi/txtai/venv/lib/python3.10/site-packages/airflow/example_dags/example_trigger_controller_dag.py took 0.114 seconds
[2025-11-12T08:28:04.370+0530] {processor.py:161} INFO - Started process (PID=18555) to work on /home/logi/txtai/venv/lib/python3.10/site-packages/airflow/example_dags/example_trigger_controller_dag.py
[2025-11-12T08:28:04.383+0530] {processor.py:830} INFO - Processing file /home/logi/txtai/venv/lib/python3.10/site-packages/airflow/example_dags/example_trigger_controller_dag.py for tasks to queue
[2025-11-12T08:28:04.387+0530] {logging_mixin.py:188} INFO - [2025-11-12T08:28:04.386+0530] {dagbag.py:545} INFO - Filling up the DagBag from /home/logi/txtai/venv/lib/python3.10/site-packages/airflow/example_dags/example_trigger_controller_dag.py
[2025-11-12T08:28:04.395+0530] {processor.py:840} INFO - DAG(s) 'example_trigger_controller_dag' retrieved from /home/logi/txtai/venv/lib/python3.10/site-packages/airflow/example_dags/example_trigger_controller_dag.py
[2025-11-12T08:28:04.427+0530] {logging_mixin.py:188} INFO - [2025-11-12T08:28:04.426+0530] {dag.py:3089} INFO - Sync 1 DAGs
[2025-11-12T08:28:04.448+0530] {logging_mixin.py:188} INFO - [2025-11-12T08:28:04.448+0530] {dag.py:3947} INFO - Setting next_dagrun for example_trigger_controller_dag to 2021-01-01 00:00:00+00:00, run_after=2021-01-01 00:00:00+00:00
[2025-11-12T08:28:04.475+0530] {processor.py:183} INFO - Processing /home/logi/txtai/venv/lib/python3.10/site-packages/airflow/example_dags/example_trigger_controller_dag.py took 0.116 seconds
[2025-11-12T08:29:15.799+0530] {processor.py:161} INFO - Started process (PID=18884) to work on /home/logi/txtai/venv/lib/python3.10/site-packages/airflow/example_dags/example_trigger_controller_dag.py
[2025-11-12T08:29:15.812+0530] {processor.py:830} INFO - Processing file /home/logi/txtai/venv/lib/python3.10/site-packages/airflow/example_dags/example_trigger_controller_dag.py for tasks to queue
[2025-11-12T08:29:15.815+0530] {logging_mixin.py:188} INFO - [2025-11-12T08:29:15.815+0530] {dagbag.py:545} INFO - Filling up the DagBag from /home/logi/txtai/venv/lib/python3.10/site-packages/airflow/example_dags/example_trigger_controller_dag.py
[2025-11-12T08:29:15.826+0530] {processor.py:840} INFO - DAG(s) 'example_trigger_controller_dag' retrieved from /home/logi/txtai/venv/lib/python3.10/site-packages/airflow/example_dags/example_trigger_controller_dag.py
[2025-11-12T08:29:15.854+0530] {logging_mixin.py:188} INFO - [2025-11-12T08:29:15.853+0530] {dag.py:3089} INFO - Sync 1 DAGs
[2025-11-12T08:29:15.874+0530] {logging_mixin.py:188} INFO - [2025-11-12T08:29:15.874+0530] {dag.py:3947} INFO - Setting next_dagrun for example_trigger_controller_dag to 2021-01-01 00:00:00+00:00, run_after=2021-01-01 00:00:00+00:00
[2025-11-12T08:29:15.902+0530] {processor.py:183} INFO - Processing /home/logi/txtai/venv/lib/python3.10/site-packages/airflow/example_dags/example_trigger_controller_dag.py took 0.116 seconds
[2025-11-12T08:30:16.374+0530] {processor.py:161} INFO - Started process (PID=19120) to work on /home/logi/txtai/venv/lib/python3.10/site-packages/airflow/example_dags/example_trigger_controller_dag.py
[2025-11-12T08:30:16.387+0530] {processor.py:830} INFO - Processing file /home/logi/txtai/venv/lib/python3.10/site-packages/airflow/example_dags/example_trigger_controller_dag.py for tasks to queue
[2025-11-12T08:30:16.390+0530] {logging_mixin.py:188} INFO - [2025-11-12T08:30:16.389+0530] {dagbag.py:545} INFO - Filling up the DagBag from /home/logi/txtai/venv/lib/python3.10/site-packages/airflow/example_dags/example_trigger_controller_dag.py
[2025-11-12T08:30:16.399+0530] {processor.py:840} INFO - DAG(s) 'example_trigger_controller_dag' retrieved from /home/logi/txtai/venv/lib/python3.10/site-packages/airflow/example_dags/example_trigger_controller_dag.py
[2025-11-12T08:30:16.425+0530] {logging_mixin.py:188} INFO - [2025-11-12T08:30:16.424+0530] {dag.py:3089} INFO - Sync 1 DAGs
[2025-11-12T08:30:16.446+0530] {logging_mixin.py:188} INFO - [2025-11-12T08:30:16.446+0530] {dag.py:3947} INFO - Setting next_dagrun for example_trigger_controller_dag to 2021-01-01 00:00:00+00:00, run_after=2021-01-01 00:00:00+00:00
[2025-11-12T08:30:16.464+0530] {processor.py:183} INFO - Processing /home/logi/txtai/venv/lib/python3.10/site-packages/airflow/example_dags/example_trigger_controller_dag.py took 0.100 seconds
[2025-11-12T08:31:15.835+0530] {processor.py:161} INFO - Started process (PID=19349) to work on /home/logi/txtai/venv/lib/python3.10/site-packages/airflow/example_dags/example_trigger_controller_dag.py
[2025-11-12T08:31:15.850+0530] {processor.py:830} INFO - Processing file /home/logi/txtai/venv/lib/python3.10/site-packages/airflow/example_dags/example_trigger_controller_dag.py for tasks to queue
[2025-11-12T08:31:15.855+0530] {logging_mixin.py:188} INFO - [2025-11-12T08:31:15.853+0530] {dagbag.py:545} INFO - Filling up the DagBag from /home/logi/txtai/venv/lib/python3.10/site-packages/airflow/example_dags/example_trigger_controller_dag.py
[2025-11-12T08:31:15.866+0530] {processor.py:840} INFO - DAG(s) 'example_trigger_controller_dag' retrieved from /home/logi/txtai/venv/lib/python3.10/site-packages/airflow/example_dags/example_trigger_controller_dag.py
[2025-11-12T08:31:15.895+0530] {logging_mixin.py:188} INFO - [2025-11-12T08:31:15.894+0530] {dag.py:3089} INFO - Sync 1 DAGs
[2025-11-12T08:31:15.916+0530] {logging_mixin.py:188} INFO - [2025-11-12T08:31:15.915+0530] {dag.py:3947} INFO - Setting next_dagrun for example_trigger_controller_dag to 2021-01-01 00:00:00+00:00, run_after=2021-01-01 00:00:00+00:00
[2025-11-12T08:31:15.944+0530] {processor.py:183} INFO - Processing /home/logi/txtai/venv/lib/python3.10/site-packages/airflow/example_dags/example_trigger_controller_dag.py took 0.125 seconds
[2025-11-12T08:32:15.003+0530] {processor.py:161} INFO - Started process (PID=19494) to work on /home/logi/txtai/venv/lib/python3.10/site-packages/airflow/example_dags/example_trigger_controller_dag.py
[2025-11-12T08:32:15.016+0530] {processor.py:830} INFO - Processing file /home/logi/txtai/venv/lib/python3.10/site-packages/airflow/example_dags/example_trigger_controller_dag.py for tasks to queue
[2025-11-12T08:32:15.020+0530] {logging_mixin.py:188} INFO - [2025-11-12T08:32:15.019+0530] {dagbag.py:545} INFO - Filling up the DagBag from /home/logi/txtai/venv/lib/python3.10/site-packages/airflow/example_dags/example_trigger_controller_dag.py
[2025-11-12T08:32:15.029+0530] {processor.py:840} INFO - DAG(s) 'example_trigger_controller_dag' retrieved from /home/logi/txtai/venv/lib/python3.10/site-packages/airflow/example_dags/example_trigger_controller_dag.py
[2025-11-12T08:32:15.054+0530] {logging_mixin.py:188} INFO - [2025-11-12T08:32:15.054+0530] {dag.py:3089} INFO - Sync 1 DAGs
[2025-11-12T08:32:15.077+0530] {logging_mixin.py:188} INFO - [2025-11-12T08:32:15.077+0530] {dag.py:3947} INFO - Setting next_dagrun for example_trigger_controller_dag to 2021-01-01 00:00:00+00:00, run_after=2021-01-01 00:00:00+00:00
[2025-11-12T08:32:15.106+0530] {processor.py:183} INFO - Processing /home/logi/txtai/venv/lib/python3.10/site-packages/airflow/example_dags/example_trigger_controller_dag.py took 0.114 seconds
[2025-11-12T08:33:19.044+0530] {processor.py:161} INFO - Started process (PID=19632) to work on /home/logi/txtai/venv/lib/python3.10/site-packages/airflow/example_dags/example_trigger_controller_dag.py
[2025-11-12T08:33:19.057+0530] {processor.py:830} INFO - Processing file /home/logi/txtai/venv/lib/python3.10/site-packages/airflow/example_dags/example_trigger_controller_dag.py for tasks to queue
[2025-11-12T08:33:19.061+0530] {logging_mixin.py:188} INFO - [2025-11-12T08:33:19.060+0530] {dagbag.py:545} INFO - Filling up the DagBag from /home/logi/txtai/venv/lib/python3.10/site-packages/airflow/example_dags/example_trigger_controller_dag.py
[2025-11-12T08:33:19.070+0530] {processor.py:840} INFO - DAG(s) 'example_trigger_controller_dag' retrieved from /home/logi/txtai/venv/lib/python3.10/site-packages/airflow/example_dags/example_trigger_controller_dag.py
[2025-11-12T08:33:19.095+0530] {logging_mixin.py:188} INFO - [2025-11-12T08:33:19.095+0530] {dag.py:3089} INFO - Sync 1 DAGs
[2025-11-12T08:33:19.119+0530] {logging_mixin.py:188} INFO - [2025-11-12T08:33:19.118+0530] {dag.py:3947} INFO - Setting next_dagrun for example_trigger_controller_dag to 2021-01-01 00:00:00+00:00, run_after=2021-01-01 00:00:00+00:00
[2025-11-12T08:33:19.146+0530] {processor.py:183} INFO - Processing /home/logi/txtai/venv/lib/python3.10/site-packages/airflow/example_dags/example_trigger_controller_dag.py took 0.113 seconds
[2025-11-12T08:34:47.095+0530] {processor.py:161} INFO - Started process (PID=20064) to work on /home/logi/txtai/venv/lib/python3.10/site-packages/airflow/example_dags/example_trigger_controller_dag.py
[2025-11-12T08:34:47.097+0530] {processor.py:830} INFO - Processing file /home/logi/txtai/venv/lib/python3.10/site-packages/airflow/example_dags/example_trigger_controller_dag.py for tasks to queue
[2025-11-12T08:34:47.100+0530] {logging_mixin.py:188} INFO - [2025-11-12T08:34:47.100+0530] {dagbag.py:545} INFO - Filling up the DagBag from /home/logi/txtai/venv/lib/python3.10/site-packages/airflow/example_dags/example_trigger_controller_dag.py
[2025-11-12T08:34:47.109+0530] {processor.py:840} INFO - DAG(s) 'example_trigger_controller_dag' retrieved from /home/logi/txtai/venv/lib/python3.10/site-packages/airflow/example_dags/example_trigger_controller_dag.py
[2025-11-12T08:34:47.134+0530] {logging_mixin.py:188} INFO - [2025-11-12T08:34:47.134+0530] {dag.py:3089} INFO - Sync 1 DAGs
[2025-11-12T08:34:47.150+0530] {logging_mixin.py:188} INFO - [2025-11-12T08:34:47.150+0530] {dag.py:3947} INFO - Setting next_dagrun for example_trigger_controller_dag to 2021-01-01 00:00:00+00:00, run_after=2021-01-01 00:00:00+00:00
[2025-11-12T08:34:47.171+0530] {processor.py:183} INFO - Processing /home/logi/txtai/venv/lib/python3.10/site-packages/airflow/example_dags/example_trigger_controller_dag.py took 0.087 seconds
[2025-11-12T08:35:44.598+0530] {processor.py:161} INFO - Started process (PID=20148) to work on /home/logi/txtai/venv/lib/python3.10/site-packages/airflow/example_dags/example_trigger_controller_dag.py
[2025-11-12T08:35:44.612+0530] {processor.py:830} INFO - Processing file /home/logi/txtai/venv/lib/python3.10/site-packages/airflow/example_dags/example_trigger_controller_dag.py for tasks to queue
[2025-11-12T08:35:44.615+0530] {logging_mixin.py:188} INFO - [2025-11-12T08:35:44.614+0530] {dagbag.py:545} INFO - Filling up the DagBag from /home/logi/txtai/venv/lib/python3.10/site-packages/airflow/example_dags/example_trigger_controller_dag.py
[2025-11-12T08:35:44.624+0530] {processor.py:840} INFO - DAG(s) 'example_trigger_controller_dag' retrieved from /home/logi/txtai/venv/lib/python3.10/site-packages/airflow/example_dags/example_trigger_controller_dag.py
[2025-11-12T08:35:44.649+0530] {logging_mixin.py:188} INFO - [2025-11-12T08:35:44.649+0530] {dag.py:3089} INFO - Sync 1 DAGs
[2025-11-12T08:35:44.675+0530] {logging_mixin.py:188} INFO - [2025-11-12T08:35:44.674+0530] {dag.py:3947} INFO - Setting next_dagrun for example_trigger_controller_dag to 2021-01-01 00:00:00+00:00, run_after=2021-01-01 00:00:00+00:00
[2025-11-12T08:35:44.696+0530] {processor.py:183} INFO - Processing /home/logi/txtai/venv/lib/python3.10/site-packages/airflow/example_dags/example_trigger_controller_dag.py took 0.109 seconds
[2025-11-12T08:36:44.645+0530] {processor.py:161} INFO - Started process (PID=20229) to work on /home/logi/txtai/venv/lib/python3.10/site-packages/airflow/example_dags/example_trigger_controller_dag.py
[2025-11-12T08:36:44.659+0530] {processor.py:830} INFO - Processing file /home/logi/txtai/venv/lib/python3.10/site-packages/airflow/example_dags/example_trigger_controller_dag.py for tasks to queue
[2025-11-12T08:36:44.662+0530] {logging_mixin.py:188} INFO - [2025-11-12T08:36:44.661+0530] {dagbag.py:545} INFO - Filling up the DagBag from /home/logi/txtai/venv/lib/python3.10/site-packages/airflow/example_dags/example_trigger_controller_dag.py
[2025-11-12T08:36:44.671+0530] {processor.py:840} INFO - DAG(s) 'example_trigger_controller_dag' retrieved from /home/logi/txtai/venv/lib/python3.10/site-packages/airflow/example_dags/example_trigger_controller_dag.py
[2025-11-12T08:36:44.698+0530] {logging_mixin.py:188} INFO - [2025-11-12T08:36:44.697+0530] {dag.py:3089} INFO - Sync 1 DAGs
[2025-11-12T08:36:44.720+0530] {logging_mixin.py:188} INFO - [2025-11-12T08:36:44.720+0530] {dag.py:3947} INFO - Setting next_dagrun for example_trigger_controller_dag to 2021-01-01 00:00:00+00:00, run_after=2021-01-01 00:00:00+00:00
[2025-11-12T08:36:44.742+0530] {processor.py:183} INFO - Processing /home/logi/txtai/venv/lib/python3.10/site-packages/airflow/example_dags/example_trigger_controller_dag.py took 0.108 seconds
[2025-11-12T08:37:46.951+0530] {processor.py:161} INFO - Started process (PID=20380) to work on /home/logi/txtai/venv/lib/python3.10/site-packages/airflow/example_dags/example_trigger_controller_dag.py
[2025-11-12T08:37:46.954+0530] {processor.py:830} INFO - Processing file /home/logi/txtai/venv/lib/python3.10/site-packages/airflow/example_dags/example_trigger_controller_dag.py for tasks to queue
[2025-11-12T08:37:46.959+0530] {logging_mixin.py:188} INFO - [2025-11-12T08:37:46.958+0530] {dagbag.py:545} INFO - Filling up the DagBag from /home/logi/txtai/venv/lib/python3.10/site-packages/airflow/example_dags/example_trigger_controller_dag.py
[2025-11-12T08:37:46.973+0530] {processor.py:840} INFO - DAG(s) 'example_trigger_controller_dag' retrieved from /home/logi/txtai/venv/lib/python3.10/site-packages/airflow/example_dags/example_trigger_controller_dag.py
[2025-11-12T08:37:47.030+0530] {logging_mixin.py:188} INFO - [2025-11-12T08:37:47.029+0530] {dag.py:3089} INFO - Sync 1 DAGs
[2025-11-12T08:37:47.064+0530] {logging_mixin.py:188} INFO - [2025-11-12T08:37:47.063+0530] {dag.py:3947} INFO - Setting next_dagrun for example_trigger_controller_dag to 2021-01-01 00:00:00+00:00, run_after=2021-01-01 00:00:00+00:00
[2025-11-12T08:37:47.101+0530] {processor.py:183} INFO - Processing /home/logi/txtai/venv/lib/python3.10/site-packages/airflow/example_dags/example_trigger_controller_dag.py took 0.167 seconds
[2025-11-12T08:38:48.171+0530] {processor.py:161} INFO - Started process (PID=20518) to work on /home/logi/txtai/venv/lib/python3.10/site-packages/airflow/example_dags/example_trigger_controller_dag.py
[2025-11-12T08:38:48.184+0530] {processor.py:830} INFO - Processing file /home/logi/txtai/venv/lib/python3.10/site-packages/airflow/example_dags/example_trigger_controller_dag.py for tasks to queue
[2025-11-12T08:38:48.188+0530] {logging_mixin.py:188} INFO - [2025-11-12T08:38:48.187+0530] {dagbag.py:545} INFO - Filling up the DagBag from /home/logi/txtai/venv/lib/python3.10/site-packages/airflow/example_dags/example_trigger_controller_dag.py
[2025-11-12T08:38:48.197+0530] {processor.py:840} INFO - DAG(s) 'example_trigger_controller_dag' retrieved from /home/logi/txtai/venv/lib/python3.10/site-packages/airflow/example_dags/example_trigger_controller_dag.py
[2025-11-12T08:38:48.224+0530] {logging_mixin.py:188} INFO - [2025-11-12T08:38:48.223+0530] {dag.py:3089} INFO - Sync 1 DAGs
[2025-11-12T08:38:48.246+0530] {logging_mixin.py:188} INFO - [2025-11-12T08:38:48.246+0530] {dag.py:3947} INFO - Setting next_dagrun for example_trigger_controller_dag to 2021-01-01 00:00:00+00:00, run_after=2021-01-01 00:00:00+00:00
[2025-11-12T08:38:48.274+0530] {processor.py:183} INFO - Processing /home/logi/txtai/venv/lib/python3.10/site-packages/airflow/example_dags/example_trigger_controller_dag.py took 0.119 seconds
[2025-11-12T08:40:02.269+0530] {processor.py:161} INFO - Started process (PID=20749) to work on /home/logi/txtai/venv/lib/python3.10/site-packages/airflow/example_dags/example_trigger_controller_dag.py
[2025-11-12T08:40:02.282+0530] {processor.py:830} INFO - Processing file /home/logi/txtai/venv/lib/python3.10/site-packages/airflow/example_dags/example_trigger_controller_dag.py for tasks to queue
[2025-11-12T08:40:02.285+0530] {logging_mixin.py:188} INFO - [2025-11-12T08:40:02.285+0530] {dagbag.py:545} INFO - Filling up the DagBag from /home/logi/txtai/venv/lib/python3.10/site-packages/airflow/example_dags/example_trigger_controller_dag.py
[2025-11-12T08:40:02.294+0530] {processor.py:840} INFO - DAG(s) 'example_trigger_controller_dag' retrieved from /home/logi/txtai/venv/lib/python3.10/site-packages/airflow/example_dags/example_trigger_controller_dag.py
[2025-11-12T08:40:02.319+0530] {logging_mixin.py:188} INFO - [2025-11-12T08:40:02.319+0530] {dag.py:3089} INFO - Sync 1 DAGs
[2025-11-12T08:40:02.342+0530] {logging_mixin.py:188} INFO - [2025-11-12T08:40:02.341+0530] {dag.py:3947} INFO - Setting next_dagrun for example_trigger_controller_dag to 2021-01-01 00:00:00+00:00, run_after=2021-01-01 00:00:00+00:00
[2025-11-12T08:40:02.374+0530] {processor.py:183} INFO - Processing /home/logi/txtai/venv/lib/python3.10/site-packages/airflow/example_dags/example_trigger_controller_dag.py took 0.119 seconds
[2025-11-12T08:41:10.927+0530] {processor.py:161} INFO - Started process (PID=20855) to work on /home/logi/txtai/venv/lib/python3.10/site-packages/airflow/example_dags/example_trigger_controller_dag.py
[2025-11-12T08:41:10.930+0530] {processor.py:830} INFO - Processing file /home/logi/txtai/venv/lib/python3.10/site-packages/airflow/example_dags/example_trigger_controller_dag.py for tasks to queue
[2025-11-12T08:41:10.934+0530] {logging_mixin.py:188} INFO - [2025-11-12T08:41:10.933+0530] {dagbag.py:545} INFO - Filling up the DagBag from /home/logi/txtai/venv/lib/python3.10/site-packages/airflow/example_dags/example_trigger_controller_dag.py
[2025-11-12T08:41:10.944+0530] {processor.py:840} INFO - DAG(s) 'example_trigger_controller_dag' retrieved from /home/logi/txtai/venv/lib/python3.10/site-packages/airflow/example_dags/example_trigger_controller_dag.py
[2025-11-12T08:41:10.970+0530] {logging_mixin.py:188} INFO - [2025-11-12T08:41:10.969+0530] {dag.py:3089} INFO - Sync 1 DAGs
[2025-11-12T08:41:10.991+0530] {logging_mixin.py:188} INFO - [2025-11-12T08:41:10.991+0530] {dag.py:3947} INFO - Setting next_dagrun for example_trigger_controller_dag to 2021-01-01 00:00:00+00:00, run_after=2021-01-01 00:00:00+00:00
[2025-11-12T08:41:11.018+0530] {processor.py:183} INFO - Processing /home/logi/txtai/venv/lib/python3.10/site-packages/airflow/example_dags/example_trigger_controller_dag.py took 0.102 seconds
[2025-11-12T08:42:12.934+0530] {processor.py:161} INFO - Started process (PID=20957) to work on /home/logi/txtai/venv/lib/python3.10/site-packages/airflow/example_dags/example_trigger_controller_dag.py
[2025-11-12T08:42:12.937+0530] {processor.py:830} INFO - Processing file /home/logi/txtai/venv/lib/python3.10/site-packages/airflow/example_dags/example_trigger_controller_dag.py for tasks to queue
[2025-11-12T08:42:12.940+0530] {logging_mixin.py:188} INFO - [2025-11-12T08:42:12.940+0530] {dagbag.py:545} INFO - Filling up the DagBag from /home/logi/txtai/venv/lib/python3.10/site-packages/airflow/example_dags/example_trigger_controller_dag.py
[2025-11-12T08:42:12.949+0530] {processor.py:840} INFO - DAG(s) 'example_trigger_controller_dag' retrieved from /home/logi/txtai/venv/lib/python3.10/site-packages/airflow/example_dags/example_trigger_controller_dag.py
[2025-11-12T08:42:12.975+0530] {logging_mixin.py:188} INFO - [2025-11-12T08:42:12.975+0530] {dag.py:3089} INFO - Sync 1 DAGs
[2025-11-12T08:42:12.992+0530] {logging_mixin.py:188} INFO - [2025-11-12T08:42:12.991+0530] {dag.py:3947} INFO - Setting next_dagrun for example_trigger_controller_dag to 2021-01-01 00:00:00+00:00, run_after=2021-01-01 00:00:00+00:00
[2025-11-12T08:42:13.014+0530] {processor.py:183} INFO - Processing /home/logi/txtai/venv/lib/python3.10/site-packages/airflow/example_dags/example_trigger_controller_dag.py took 0.091 seconds
[2025-11-12T08:43:18.914+0530] {processor.py:161} INFO - Started process (PID=21114) to work on /home/logi/txtai/venv/lib/python3.10/site-packages/airflow/example_dags/example_trigger_controller_dag.py
[2025-11-12T08:43:18.927+0530] {processor.py:830} INFO - Processing file /home/logi/txtai/venv/lib/python3.10/site-packages/airflow/example_dags/example_trigger_controller_dag.py for tasks to queue
[2025-11-12T08:43:18.931+0530] {logging_mixin.py:188} INFO - [2025-11-12T08:43:18.930+0530] {dagbag.py:545} INFO - Filling up the DagBag from /home/logi/txtai/venv/lib/python3.10/site-packages/airflow/example_dags/example_trigger_controller_dag.py
[2025-11-12T08:43:18.940+0530] {processor.py:840} INFO - DAG(s) 'example_trigger_controller_dag' retrieved from /home/logi/txtai/venv/lib/python3.10/site-packages/airflow/example_dags/example_trigger_controller_dag.py
[2025-11-12T08:43:18.966+0530] {logging_mixin.py:188} INFO - [2025-11-12T08:43:18.965+0530] {dag.py:3089} INFO - Sync 1 DAGs
[2025-11-12T08:43:18.987+0530] {logging_mixin.py:188} INFO - [2025-11-12T08:43:18.987+0530] {dag.py:3947} INFO - Setting next_dagrun for example_trigger_controller_dag to 2021-01-01 00:00:00+00:00, run_after=2021-01-01 00:00:00+00:00
[2025-11-12T08:43:19.014+0530] {processor.py:183} INFO - Processing /home/logi/txtai/venv/lib/python3.10/site-packages/airflow/example_dags/example_trigger_controller_dag.py took 0.111 seconds
[2025-11-12T08:44:53.387+0530] {processor.py:161} INFO - Started process (PID=21600) to work on /home/logi/txtai/venv/lib/python3.10/site-packages/airflow/example_dags/example_trigger_controller_dag.py
[2025-11-12T08:44:53.400+0530] {processor.py:830} INFO - Processing file /home/logi/txtai/venv/lib/python3.10/site-packages/airflow/example_dags/example_trigger_controller_dag.py for tasks to queue
[2025-11-12T08:44:53.405+0530] {logging_mixin.py:188} INFO - [2025-11-12T08:44:53.404+0530] {dagbag.py:545} INFO - Filling up the DagBag from /home/logi/txtai/venv/lib/python3.10/site-packages/airflow/example_dags/example_trigger_controller_dag.py
[2025-11-12T08:44:53.416+0530] {processor.py:840} INFO - DAG(s) 'example_trigger_controller_dag' retrieved from /home/logi/txtai/venv/lib/python3.10/site-packages/airflow/example_dags/example_trigger_controller_dag.py
[2025-11-12T08:44:53.446+0530] {logging_mixin.py:188} INFO - [2025-11-12T08:44:53.446+0530] {dag.py:3089} INFO - Sync 1 DAGs
[2025-11-12T08:44:53.467+0530] {logging_mixin.py:188} INFO - [2025-11-12T08:44:53.466+0530] {dag.py:3947} INFO - Setting next_dagrun for example_trigger_controller_dag to 2021-01-01 00:00:00+00:00, run_after=2021-01-01 00:00:00+00:00
[2025-11-12T08:44:53.490+0530] {processor.py:183} INFO - Processing /home/logi/txtai/venv/lib/python3.10/site-packages/airflow/example_dags/example_trigger_controller_dag.py took 0.116 seconds
[2025-11-12T08:45:43.823+0530] {processor.py:161} INFO - Started process (PID=21672) to work on /home/logi/txtai/venv/lib/python3.10/site-packages/airflow/example_dags/example_trigger_controller_dag.py
[2025-11-12T08:45:43.825+0530] {processor.py:830} INFO - Processing file /home/logi/txtai/venv/lib/python3.10/site-packages/airflow/example_dags/example_trigger_controller_dag.py for tasks to queue
[2025-11-12T08:45:43.828+0530] {logging_mixin.py:188} INFO - [2025-11-12T08:45:43.827+0530] {dagbag.py:545} INFO - Filling up the DagBag from /home/logi/txtai/venv/lib/python3.10/site-packages/airflow/example_dags/example_trigger_controller_dag.py
[2025-11-12T08:45:43.836+0530] {processor.py:840} INFO - DAG(s) 'example_trigger_controller_dag' retrieved from /home/logi/txtai/venv/lib/python3.10/site-packages/airflow/example_dags/example_trigger_controller_dag.py
[2025-11-12T08:45:43.861+0530] {logging_mixin.py:188} INFO - [2025-11-12T08:45:43.861+0530] {dag.py:3089} INFO - Sync 1 DAGs
[2025-11-12T08:45:43.877+0530] {logging_mixin.py:188} INFO - [2025-11-12T08:45:43.877+0530] {dag.py:3947} INFO - Setting next_dagrun for example_trigger_controller_dag to 2021-01-01 00:00:00+00:00, run_after=2021-01-01 00:00:00+00:00
[2025-11-12T08:45:43.898+0530] {processor.py:183} INFO - Processing /home/logi/txtai/venv/lib/python3.10/site-packages/airflow/example_dags/example_trigger_controller_dag.py took 0.086 seconds
[2025-11-12T08:46:45.006+0530] {processor.py:161} INFO - Started process (PID=21751) to work on /home/logi/txtai/venv/lib/python3.10/site-packages/airflow/example_dags/example_trigger_controller_dag.py
[2025-11-12T08:46:45.020+0530] {processor.py:830} INFO - Processing file /home/logi/txtai/venv/lib/python3.10/site-packages/airflow/example_dags/example_trigger_controller_dag.py for tasks to queue
[2025-11-12T08:46:45.023+0530] {logging_mixin.py:188} INFO - [2025-11-12T08:46:45.022+0530] {dagbag.py:545} INFO - Filling up the DagBag from /home/logi/txtai/venv/lib/python3.10/site-packages/airflow/example_dags/example_trigger_controller_dag.py
[2025-11-12T08:46:45.032+0530] {processor.py:840} INFO - DAG(s) 'example_trigger_controller_dag' retrieved from /home/logi/txtai/venv/lib/python3.10/site-packages/airflow/example_dags/example_trigger_controller_dag.py
[2025-11-12T08:46:45.058+0530] {logging_mixin.py:188} INFO - [2025-11-12T08:46:45.058+0530] {dag.py:3089} INFO - Sync 1 DAGs
[2025-11-12T08:46:45.080+0530] {logging_mixin.py:188} INFO - [2025-11-12T08:46:45.079+0530] {dag.py:3947} INFO - Setting next_dagrun for example_trigger_controller_dag to 2021-01-01 00:00:00+00:00, run_after=2021-01-01 00:00:00+00:00
[2025-11-12T08:46:45.109+0530] {processor.py:183} INFO - Processing /home/logi/txtai/venv/lib/python3.10/site-packages/airflow/example_dags/example_trigger_controller_dag.py took 0.114 seconds
[2025-11-12T08:47:44.899+0530] {processor.py:161} INFO - Started process (PID=21860) to work on /home/logi/txtai/venv/lib/python3.10/site-packages/airflow/example_dags/example_trigger_controller_dag.py
[2025-11-12T08:47:44.911+0530] {processor.py:830} INFO - Processing file /home/logi/txtai/venv/lib/python3.10/site-packages/airflow/example_dags/example_trigger_controller_dag.py for tasks to queue
[2025-11-12T08:47:44.915+0530] {logging_mixin.py:188} INFO - [2025-11-12T08:47:44.914+0530] {dagbag.py:545} INFO - Filling up the DagBag from /home/logi/txtai/venv/lib/python3.10/site-packages/airflow/example_dags/example_trigger_controller_dag.py
[2025-11-12T08:47:44.923+0530] {processor.py:840} INFO - DAG(s) 'example_trigger_controller_dag' retrieved from /home/logi/txtai/venv/lib/python3.10/site-packages/airflow/example_dags/example_trigger_controller_dag.py
[2025-11-12T08:47:44.939+0530] {logging_mixin.py:188} INFO - [2025-11-12T08:47:44.939+0530] {dag.py:3089} INFO - Sync 1 DAGs
[2025-11-12T08:47:44.956+0530] {logging_mixin.py:188} INFO - [2025-11-12T08:47:44.955+0530] {dag.py:3947} INFO - Setting next_dagrun for example_trigger_controller_dag to 2021-01-01 00:00:00+00:00, run_after=2021-01-01 00:00:00+00:00
[2025-11-12T08:47:44.977+0530] {processor.py:183} INFO - Processing /home/logi/txtai/venv/lib/python3.10/site-packages/airflow/example_dags/example_trigger_controller_dag.py took 0.085 seconds
[2025-11-12T08:48:43.135+0530] {processor.py:161} INFO - Started process (PID=21938) to work on /home/logi/txtai/venv/lib/python3.10/site-packages/airflow/example_dags/example_trigger_controller_dag.py
[2025-11-12T08:48:43.149+0530] {processor.py:830} INFO - Processing file /home/logi/txtai/venv/lib/python3.10/site-packages/airflow/example_dags/example_trigger_controller_dag.py for tasks to queue
[2025-11-12T08:48:43.153+0530] {logging_mixin.py:188} INFO - [2025-11-12T08:48:43.152+0530] {dagbag.py:545} INFO - Filling up the DagBag from /home/logi/txtai/venv/lib/python3.10/site-packages/airflow/example_dags/example_trigger_controller_dag.py
[2025-11-12T08:48:43.166+0530] {processor.py:840} INFO - DAG(s) 'example_trigger_controller_dag' retrieved from /home/logi/txtai/venv/lib/python3.10/site-packages/airflow/example_dags/example_trigger_controller_dag.py
[2025-11-12T08:48:43.198+0530] {logging_mixin.py:188} INFO - [2025-11-12T08:48:43.197+0530] {dag.py:3089} INFO - Sync 1 DAGs
[2025-11-12T08:48:43.229+0530] {logging_mixin.py:188} INFO - [2025-11-12T08:48:43.229+0530] {dag.py:3947} INFO - Setting next_dagrun for example_trigger_controller_dag to 2021-01-01 00:00:00+00:00, run_after=2021-01-01 00:00:00+00:00
[2025-11-12T08:48:43.264+0530] {processor.py:183} INFO - Processing /home/logi/txtai/venv/lib/python3.10/site-packages/airflow/example_dags/example_trigger_controller_dag.py took 0.144 seconds
[2025-11-12T08:49:50.856+0530] {processor.py:161} INFO - Started process (PID=22156) to work on /home/logi/txtai/venv/lib/python3.10/site-packages/airflow/example_dags/example_trigger_controller_dag.py
[2025-11-12T08:49:50.870+0530] {processor.py:830} INFO - Processing file /home/logi/txtai/venv/lib/python3.10/site-packages/airflow/example_dags/example_trigger_controller_dag.py for tasks to queue
[2025-11-12T08:49:50.873+0530] {logging_mixin.py:188} INFO - [2025-11-12T08:49:50.873+0530] {dagbag.py:545} INFO - Filling up the DagBag from /home/logi/txtai/venv/lib/python3.10/site-packages/airflow/example_dags/example_trigger_controller_dag.py
[2025-11-12T08:49:50.882+0530] {processor.py:840} INFO - DAG(s) 'example_trigger_controller_dag' retrieved from /home/logi/txtai/venv/lib/python3.10/site-packages/airflow/example_dags/example_trigger_controller_dag.py
[2025-11-12T08:49:50.908+0530] {logging_mixin.py:188} INFO - [2025-11-12T08:49:50.907+0530] {dag.py:3089} INFO - Sync 1 DAGs
[2025-11-12T08:49:50.931+0530] {logging_mixin.py:188} INFO - [2025-11-12T08:49:50.930+0530] {dag.py:3947} INFO - Setting next_dagrun for example_trigger_controller_dag to 2021-01-01 00:00:00+00:00, run_after=2021-01-01 00:00:00+00:00
[2025-11-12T08:49:50.958+0530] {processor.py:183} INFO - Processing /home/logi/txtai/venv/lib/python3.10/site-packages/airflow/example_dags/example_trigger_controller_dag.py took 0.113 seconds
[2025-11-12T08:50:54.143+0530] {processor.py:161} INFO - Started process (PID=22347) to work on /home/logi/txtai/venv/lib/python3.10/site-packages/airflow/example_dags/example_trigger_controller_dag.py
[2025-11-12T08:50:54.156+0530] {processor.py:830} INFO - Processing file /home/logi/txtai/venv/lib/python3.10/site-packages/airflow/example_dags/example_trigger_controller_dag.py for tasks to queue
[2025-11-12T08:50:54.158+0530] {logging_mixin.py:188} INFO - [2025-11-12T08:50:54.157+0530] {dagbag.py:545} INFO - Filling up the DagBag from /home/logi/txtai/venv/lib/python3.10/site-packages/airflow/example_dags/example_trigger_controller_dag.py
[2025-11-12T08:50:54.163+0530] {processor.py:840} INFO - DAG(s) 'example_trigger_controller_dag' retrieved from /home/logi/txtai/venv/lib/python3.10/site-packages/airflow/example_dags/example_trigger_controller_dag.py
[2025-11-12T08:50:54.178+0530] {logging_mixin.py:188} INFO - [2025-11-12T08:50:54.178+0530] {dag.py:3089} INFO - Sync 1 DAGs
[2025-11-12T08:50:54.194+0530] {logging_mixin.py:188} INFO - [2025-11-12T08:50:54.194+0530] {dag.py:3947} INFO - Setting next_dagrun for example_trigger_controller_dag to 2021-01-01 00:00:00+00:00, run_after=2021-01-01 00:00:00+00:00
[2025-11-12T08:50:54.214+0530] {processor.py:183} INFO - Processing /home/logi/txtai/venv/lib/python3.10/site-packages/airflow/example_dags/example_trigger_controller_dag.py took 0.080 seconds
[2025-11-12T08:51:53.163+0530] {processor.py:161} INFO - Started process (PID=22474) to work on /home/logi/txtai/venv/lib/python3.10/site-packages/airflow/example_dags/example_trigger_controller_dag.py
[2025-11-12T08:51:53.177+0530] {processor.py:830} INFO - Processing file /home/logi/txtai/venv/lib/python3.10/site-packages/airflow/example_dags/example_trigger_controller_dag.py for tasks to queue
[2025-11-12T08:51:53.180+0530] {logging_mixin.py:188} INFO - [2025-11-12T08:51:53.179+0530] {dagbag.py:545} INFO - Filling up the DagBag from /home/logi/txtai/venv/lib/python3.10/site-packages/airflow/example_dags/example_trigger_controller_dag.py
[2025-11-12T08:51:53.189+0530] {processor.py:840} INFO - DAG(s) 'example_trigger_controller_dag' retrieved from /home/logi/txtai/venv/lib/python3.10/site-packages/airflow/example_dags/example_trigger_controller_dag.py
[2025-11-12T08:51:53.214+0530] {logging_mixin.py:188} INFO - [2025-11-12T08:51:53.214+0530] {dag.py:3089} INFO - Sync 1 DAGs
[2025-11-12T08:51:53.236+0530] {logging_mixin.py:188} INFO - [2025-11-12T08:51:53.236+0530] {dag.py:3947} INFO - Setting next_dagrun for example_trigger_controller_dag to 2021-01-01 00:00:00+00:00, run_after=2021-01-01 00:00:00+00:00
[2025-11-12T08:51:53.263+0530] {processor.py:183} INFO - Processing /home/logi/txtai/venv/lib/python3.10/site-packages/airflow/example_dags/example_trigger_controller_dag.py took 0.111 seconds
[2025-11-12T08:52:54.134+0530] {processor.py:161} INFO - Started process (PID=22642) to work on /home/logi/txtai/venv/lib/python3.10/site-packages/airflow/example_dags/example_trigger_controller_dag.py
[2025-11-12T08:52:54.148+0530] {processor.py:830} INFO - Processing file /home/logi/txtai/venv/lib/python3.10/site-packages/airflow/example_dags/example_trigger_controller_dag.py for tasks to queue
[2025-11-12T08:52:54.152+0530] {logging_mixin.py:188} INFO - [2025-11-12T08:52:54.151+0530] {dagbag.py:545} INFO - Filling up the DagBag from /home/logi/txtai/venv/lib/python3.10/site-packages/airflow/example_dags/example_trigger_controller_dag.py
[2025-11-12T08:52:54.161+0530] {processor.py:840} INFO - DAG(s) 'example_trigger_controller_dag' retrieved from /home/logi/txtai/venv/lib/python3.10/site-packages/airflow/example_dags/example_trigger_controller_dag.py
[2025-11-12T08:52:54.188+0530] {logging_mixin.py:188} INFO - [2025-11-12T08:52:54.187+0530] {dag.py:3089} INFO - Sync 1 DAGs
[2025-11-12T08:52:54.209+0530] {logging_mixin.py:188} INFO - [2025-11-12T08:52:54.208+0530] {dag.py:3947} INFO - Setting next_dagrun for example_trigger_controller_dag to 2021-01-01 00:00:00+00:00, run_after=2021-01-01 00:00:00+00:00
[2025-11-12T08:52:54.236+0530] {processor.py:183} INFO - Processing /home/logi/txtai/venv/lib/python3.10/site-packages/airflow/example_dags/example_trigger_controller_dag.py took 0.112 seconds
[2025-11-12T08:53:57.847+0530] {processor.py:161} INFO - Started process (PID=22772) to work on /home/logi/txtai/venv/lib/python3.10/site-packages/airflow/example_dags/example_trigger_controller_dag.py
[2025-11-12T08:53:57.860+0530] {processor.py:830} INFO - Processing file /home/logi/txtai/venv/lib/python3.10/site-packages/airflow/example_dags/example_trigger_controller_dag.py for tasks to queue
[2025-11-12T08:53:57.863+0530] {logging_mixin.py:188} INFO - [2025-11-12T08:53:57.863+0530] {dagbag.py:545} INFO - Filling up the DagBag from /home/logi/txtai/venv/lib/python3.10/site-packages/airflow/example_dags/example_trigger_controller_dag.py
[2025-11-12T08:53:57.872+0530] {processor.py:840} INFO - DAG(s) 'example_trigger_controller_dag' retrieved from /home/logi/txtai/venv/lib/python3.10/site-packages/airflow/example_dags/example_trigger_controller_dag.py
[2025-11-12T08:53:57.900+0530] {logging_mixin.py:188} INFO - [2025-11-12T08:53:57.900+0530] {dag.py:3089} INFO - Sync 1 DAGs
[2025-11-12T08:53:57.920+0530] {logging_mixin.py:188} INFO - [2025-11-12T08:53:57.920+0530] {dag.py:3947} INFO - Setting next_dagrun for example_trigger_controller_dag to 2021-01-01 00:00:00+00:00, run_after=2021-01-01 00:00:00+00:00
[2025-11-12T08:53:57.948+0530] {processor.py:183} INFO - Processing /home/logi/txtai/venv/lib/python3.10/site-packages/airflow/example_dags/example_trigger_controller_dag.py took 0.113 seconds
[2025-11-12T08:55:22.178+0530] {processor.py:161} INFO - Started process (PID=23243) to work on /home/logi/txtai/venv/lib/python3.10/site-packages/airflow/example_dags/example_trigger_controller_dag.py
[2025-11-12T08:55:22.191+0530] {processor.py:830} INFO - Processing file /home/logi/txtai/venv/lib/python3.10/site-packages/airflow/example_dags/example_trigger_controller_dag.py for tasks to queue
[2025-11-12T08:55:22.195+0530] {logging_mixin.py:188} INFO - [2025-11-12T08:55:22.194+0530] {dagbag.py:545} INFO - Filling up the DagBag from /home/logi/txtai/venv/lib/python3.10/site-packages/airflow/example_dags/example_trigger_controller_dag.py
[2025-11-12T08:55:22.206+0530] {processor.py:840} INFO - DAG(s) 'example_trigger_controller_dag' retrieved from /home/logi/txtai/venv/lib/python3.10/site-packages/airflow/example_dags/example_trigger_controller_dag.py
[2025-11-12T08:55:22.233+0530] {logging_mixin.py:188} INFO - [2025-11-12T08:55:22.233+0530] {dag.py:3089} INFO - Sync 1 DAGs
[2025-11-12T08:55:22.253+0530] {logging_mixin.py:188} INFO - [2025-11-12T08:55:22.252+0530] {dag.py:3947} INFO - Setting next_dagrun for example_trigger_controller_dag to 2021-01-01 00:00:00+00:00, run_after=2021-01-01 00:00:00+00:00
[2025-11-12T08:55:22.281+0530] {processor.py:183} INFO - Processing /home/logi/txtai/venv/lib/python3.10/site-packages/airflow/example_dags/example_trigger_controller_dag.py took 0.115 seconds
[2025-11-12T08:56:09.851+0530] {processor.py:161} INFO - Started process (PID=23316) to work on /home/logi/txtai/venv/lib/python3.10/site-packages/airflow/example_dags/example_trigger_controller_dag.py
[2025-11-12T08:56:09.865+0530] {processor.py:830} INFO - Processing file /home/logi/txtai/venv/lib/python3.10/site-packages/airflow/example_dags/example_trigger_controller_dag.py for tasks to queue
[2025-11-12T08:56:09.870+0530] {logging_mixin.py:188} INFO - [2025-11-12T08:56:09.869+0530] {dagbag.py:545} INFO - Filling up the DagBag from /home/logi/txtai/venv/lib/python3.10/site-packages/airflow/example_dags/example_trigger_controller_dag.py
[2025-11-12T08:56:09.888+0530] {processor.py:840} INFO - DAG(s) 'example_trigger_controller_dag' retrieved from /home/logi/txtai/venv/lib/python3.10/site-packages/airflow/example_dags/example_trigger_controller_dag.py
[2025-11-12T08:56:09.956+0530] {logging_mixin.py:188} INFO - [2025-11-12T08:56:09.955+0530] {dag.py:3089} INFO - Sync 1 DAGs
[2025-11-12T08:56:09.997+0530] {logging_mixin.py:188} INFO - [2025-11-12T08:56:09.996+0530] {dag.py:3947} INFO - Setting next_dagrun for example_trigger_controller_dag to 2021-01-01 00:00:00+00:00, run_after=2021-01-01 00:00:00+00:00
[2025-11-12T08:56:10.048+0530] {processor.py:183} INFO - Processing /home/logi/txtai/venv/lib/python3.10/site-packages/airflow/example_dags/example_trigger_controller_dag.py took 0.216 seconds
[2025-11-12T08:57:10.825+0530] {processor.py:161} INFO - Started process (PID=23444) to work on /home/logi/txtai/venv/lib/python3.10/site-packages/airflow/example_dags/example_trigger_controller_dag.py
[2025-11-12T08:57:10.839+0530] {processor.py:830} INFO - Processing file /home/logi/txtai/venv/lib/python3.10/site-packages/airflow/example_dags/example_trigger_controller_dag.py for tasks to queue
[2025-11-12T08:57:10.842+0530] {logging_mixin.py:188} INFO - [2025-11-12T08:57:10.842+0530] {dagbag.py:545} INFO - Filling up the DagBag from /home/logi/txtai/venv/lib/python3.10/site-packages/airflow/example_dags/example_trigger_controller_dag.py
[2025-11-12T08:57:10.851+0530] {processor.py:840} INFO - DAG(s) 'example_trigger_controller_dag' retrieved from /home/logi/txtai/venv/lib/python3.10/site-packages/airflow/example_dags/example_trigger_controller_dag.py
[2025-11-12T08:57:10.876+0530] {logging_mixin.py:188} INFO - [2025-11-12T08:57:10.876+0530] {dag.py:3089} INFO - Sync 1 DAGs
[2025-11-12T08:57:10.898+0530] {logging_mixin.py:188} INFO - [2025-11-12T08:57:10.898+0530] {dag.py:3947} INFO - Setting next_dagrun for example_trigger_controller_dag to 2021-01-01 00:00:00+00:00, run_after=2021-01-01 00:00:00+00:00
[2025-11-12T08:57:10.919+0530] {processor.py:183} INFO - Processing /home/logi/txtai/venv/lib/python3.10/site-packages/airflow/example_dags/example_trigger_controller_dag.py took 0.105 seconds
[2025-11-12T08:58:14.224+0530] {processor.py:161} INFO - Started process (PID=23627) to work on /home/logi/txtai/venv/lib/python3.10/site-packages/airflow/example_dags/example_trigger_controller_dag.py
[2025-11-12T08:58:14.238+0530] {processor.py:830} INFO - Processing file /home/logi/txtai/venv/lib/python3.10/site-packages/airflow/example_dags/example_trigger_controller_dag.py for tasks to queue
[2025-11-12T08:58:14.241+0530] {logging_mixin.py:188} INFO - [2025-11-12T08:58:14.240+0530] {dagbag.py:545} INFO - Filling up the DagBag from /home/logi/txtai/venv/lib/python3.10/site-packages/airflow/example_dags/example_trigger_controller_dag.py
[2025-11-12T08:58:14.253+0530] {processor.py:840} INFO - DAG(s) 'example_trigger_controller_dag' retrieved from /home/logi/txtai/venv/lib/python3.10/site-packages/airflow/example_dags/example_trigger_controller_dag.py
[2025-11-12T08:58:14.282+0530] {logging_mixin.py:188} INFO - [2025-11-12T08:58:14.282+0530] {dag.py:3089} INFO - Sync 1 DAGs
[2025-11-12T08:58:14.309+0530] {logging_mixin.py:188} INFO - [2025-11-12T08:58:14.308+0530] {dag.py:3947} INFO - Setting next_dagrun for example_trigger_controller_dag to 2021-01-01 00:00:00+00:00, run_after=2021-01-01 00:00:00+00:00
[2025-11-12T08:58:14.345+0530] {processor.py:183} INFO - Processing /home/logi/txtai/venv/lib/python3.10/site-packages/airflow/example_dags/example_trigger_controller_dag.py took 0.131 seconds
[2025-11-12T08:59:24.175+0530] {processor.py:161} INFO - Started process (PID=23786) to work on /home/logi/txtai/venv/lib/python3.10/site-packages/airflow/example_dags/example_trigger_controller_dag.py
[2025-11-12T08:59:24.189+0530] {processor.py:830} INFO - Processing file /home/logi/txtai/venv/lib/python3.10/site-packages/airflow/example_dags/example_trigger_controller_dag.py for tasks to queue
[2025-11-12T08:59:24.201+0530] {logging_mixin.py:188} INFO - [2025-11-12T08:59:24.198+0530] {dagbag.py:545} INFO - Filling up the DagBag from /home/logi/txtai/venv/lib/python3.10/site-packages/airflow/example_dags/example_trigger_controller_dag.py
[2025-11-12T08:59:24.227+0530] {processor.py:840} INFO - DAG(s) 'example_trigger_controller_dag' retrieved from /home/logi/txtai/venv/lib/python3.10/site-packages/airflow/example_dags/example_trigger_controller_dag.py
[2025-11-12T08:59:24.287+0530] {logging_mixin.py:188} INFO - [2025-11-12T08:59:24.286+0530] {dag.py:3089} INFO - Sync 1 DAGs
[2025-11-12T08:59:24.349+0530] {logging_mixin.py:188} INFO - [2025-11-12T08:59:24.348+0530] {dag.py:3947} INFO - Setting next_dagrun for example_trigger_controller_dag to 2021-01-01 00:00:00+00:00, run_after=2021-01-01 00:00:00+00:00
[2025-11-12T08:59:24.418+0530] {processor.py:183} INFO - Processing /home/logi/txtai/venv/lib/python3.10/site-packages/airflow/example_dags/example_trigger_controller_dag.py took 0.255 seconds
[2025-11-12T09:00:36.962+0530] {processor.py:161} INFO - Started process (PID=24266) to work on /home/logi/txtai/venv/lib/python3.10/site-packages/airflow/example_dags/example_trigger_controller_dag.py
[2025-11-12T09:00:36.975+0530] {processor.py:830} INFO - Processing file /home/logi/txtai/venv/lib/python3.10/site-packages/airflow/example_dags/example_trigger_controller_dag.py for tasks to queue
[2025-11-12T09:00:36.979+0530] {logging_mixin.py:188} INFO - [2025-11-12T09:00:36.978+0530] {dagbag.py:545} INFO - Filling up the DagBag from /home/logi/txtai/venv/lib/python3.10/site-packages/airflow/example_dags/example_trigger_controller_dag.py
[2025-11-12T09:00:36.987+0530] {processor.py:840} INFO - DAG(s) 'example_trigger_controller_dag' retrieved from /home/logi/txtai/venv/lib/python3.10/site-packages/airflow/example_dags/example_trigger_controller_dag.py
[2025-11-12T09:00:37.010+0530] {logging_mixin.py:188} INFO - [2025-11-12T09:00:37.010+0530] {dag.py:3089} INFO - Sync 1 DAGs
[2025-11-12T09:00:37.032+0530] {logging_mixin.py:188} INFO - [2025-11-12T09:00:37.032+0530] {dag.py:3947} INFO - Setting next_dagrun for example_trigger_controller_dag to 2021-01-01 00:00:00+00:00, run_after=2021-01-01 00:00:00+00:00
[2025-11-12T09:00:37.049+0530] {processor.py:183} INFO - Processing /home/logi/txtai/venv/lib/python3.10/site-packages/airflow/example_dags/example_trigger_controller_dag.py took 0.097 seconds
[2025-11-12T09:01:36.917+0530] {processor.py:161} INFO - Started process (PID=24617) to work on /home/logi/txtai/venv/lib/python3.10/site-packages/airflow/example_dags/example_trigger_controller_dag.py
[2025-11-12T09:01:36.919+0530] {processor.py:830} INFO - Processing file /home/logi/txtai/venv/lib/python3.10/site-packages/airflow/example_dags/example_trigger_controller_dag.py for tasks to queue
[2025-11-12T09:01:36.922+0530] {logging_mixin.py:188} INFO - [2025-11-12T09:01:36.921+0530] {dagbag.py:545} INFO - Filling up the DagBag from /home/logi/txtai/venv/lib/python3.10/site-packages/airflow/example_dags/example_trigger_controller_dag.py
[2025-11-12T09:01:36.930+0530] {processor.py:840} INFO - DAG(s) 'example_trigger_controller_dag' retrieved from /home/logi/txtai/venv/lib/python3.10/site-packages/airflow/example_dags/example_trigger_controller_dag.py
[2025-11-12T09:01:36.957+0530] {logging_mixin.py:188} INFO - [2025-11-12T09:01:36.957+0530] {dag.py:3089} INFO - Sync 1 DAGs
[2025-11-12T09:01:36.978+0530] {logging_mixin.py:188} INFO - [2025-11-12T09:01:36.977+0530] {dag.py:3947} INFO - Setting next_dagrun for example_trigger_controller_dag to 2021-01-01 00:00:00+00:00, run_after=2021-01-01 00:00:00+00:00
[2025-11-12T09:01:36.999+0530] {processor.py:183} INFO - Processing /home/logi/txtai/venv/lib/python3.10/site-packages/airflow/example_dags/example_trigger_controller_dag.py took 0.093 seconds
[2025-11-12T09:02:35.353+0530] {processor.py:161} INFO - Started process (PID=24848) to work on /home/logi/txtai/venv/lib/python3.10/site-packages/airflow/example_dags/example_trigger_controller_dag.py
[2025-11-12T09:02:35.367+0530] {processor.py:830} INFO - Processing file /home/logi/txtai/venv/lib/python3.10/site-packages/airflow/example_dags/example_trigger_controller_dag.py for tasks to queue
[2025-11-12T09:02:35.370+0530] {logging_mixin.py:188} INFO - [2025-11-12T09:02:35.369+0530] {dagbag.py:545} INFO - Filling up the DagBag from /home/logi/txtai/venv/lib/python3.10/site-packages/airflow/example_dags/example_trigger_controller_dag.py
[2025-11-12T09:02:35.378+0530] {processor.py:840} INFO - DAG(s) 'example_trigger_controller_dag' retrieved from /home/logi/txtai/venv/lib/python3.10/site-packages/airflow/example_dags/example_trigger_controller_dag.py
[2025-11-12T09:02:35.402+0530] {logging_mixin.py:188} INFO - [2025-11-12T09:02:35.402+0530] {dag.py:3089} INFO - Sync 1 DAGs
[2025-11-12T09:02:35.425+0530] {logging_mixin.py:188} INFO - [2025-11-12T09:02:35.425+0530] {dag.py:3947} INFO - Setting next_dagrun for example_trigger_controller_dag to 2021-01-01 00:00:00+00:00, run_after=2021-01-01 00:00:00+00:00
[2025-11-12T09:02:35.443+0530] {processor.py:183} INFO - Processing /home/logi/txtai/venv/lib/python3.10/site-packages/airflow/example_dags/example_trigger_controller_dag.py took 0.100 seconds
[2025-11-12T09:03:34.149+0530] {processor.py:161} INFO - Started process (PID=25195) to work on /home/logi/txtai/venv/lib/python3.10/site-packages/airflow/example_dags/example_trigger_controller_dag.py
[2025-11-12T09:03:34.163+0530] {processor.py:830} INFO - Processing file /home/logi/txtai/venv/lib/python3.10/site-packages/airflow/example_dags/example_trigger_controller_dag.py for tasks to queue
[2025-11-12T09:03:34.167+0530] {logging_mixin.py:188} INFO - [2025-11-12T09:03:34.166+0530] {dagbag.py:545} INFO - Filling up the DagBag from /home/logi/txtai/venv/lib/python3.10/site-packages/airflow/example_dags/example_trigger_controller_dag.py
[2025-11-12T09:03:34.176+0530] {processor.py:840} INFO - DAG(s) 'example_trigger_controller_dag' retrieved from /home/logi/txtai/venv/lib/python3.10/site-packages/airflow/example_dags/example_trigger_controller_dag.py
[2025-11-12T09:03:34.202+0530] {logging_mixin.py:188} INFO - [2025-11-12T09:03:34.202+0530] {dag.py:3089} INFO - Sync 1 DAGs
[2025-11-12T09:03:34.222+0530] {logging_mixin.py:188} INFO - [2025-11-12T09:03:34.221+0530] {dag.py:3947} INFO - Setting next_dagrun for example_trigger_controller_dag to 2021-01-01 00:00:00+00:00, run_after=2021-01-01 00:00:00+00:00
[2025-11-12T09:03:34.249+0530] {processor.py:183} INFO - Processing /home/logi/txtai/venv/lib/python3.10/site-packages/airflow/example_dags/example_trigger_controller_dag.py took 0.112 seconds
[2025-11-12T09:04:33.307+0530] {processor.py:161} INFO - Started process (PID=25605) to work on /home/logi/txtai/venv/lib/python3.10/site-packages/airflow/example_dags/example_trigger_controller_dag.py
[2025-11-12T09:04:33.320+0530] {processor.py:830} INFO - Processing file /home/logi/txtai/venv/lib/python3.10/site-packages/airflow/example_dags/example_trigger_controller_dag.py for tasks to queue
[2025-11-12T09:04:33.323+0530] {logging_mixin.py:188} INFO - [2025-11-12T09:04:33.322+0530] {dagbag.py:545} INFO - Filling up the DagBag from /home/logi/txtai/venv/lib/python3.10/site-packages/airflow/example_dags/example_trigger_controller_dag.py
[2025-11-12T09:04:33.331+0530] {processor.py:840} INFO - DAG(s) 'example_trigger_controller_dag' retrieved from /home/logi/txtai/venv/lib/python3.10/site-packages/airflow/example_dags/example_trigger_controller_dag.py
[2025-11-12T09:04:33.354+0530] {logging_mixin.py:188} INFO - [2025-11-12T09:04:33.354+0530] {dag.py:3089} INFO - Sync 1 DAGs
[2025-11-12T09:04:33.377+0530] {logging_mixin.py:188} INFO - [2025-11-12T09:04:33.376+0530] {dag.py:3947} INFO - Setting next_dagrun for example_trigger_controller_dag to 2021-01-01 00:00:00+00:00, run_after=2021-01-01 00:00:00+00:00
[2025-11-12T09:04:33.394+0530] {processor.py:183} INFO - Processing /home/logi/txtai/venv/lib/python3.10/site-packages/airflow/example_dags/example_trigger_controller_dag.py took 0.097 seconds
[2025-11-12T09:06:02.297+0530] {processor.py:161} INFO - Started process (PID=26567) to work on /home/logi/txtai/venv/lib/python3.10/site-packages/airflow/example_dags/example_trigger_controller_dag.py
[2025-11-12T09:06:02.311+0530] {processor.py:830} INFO - Processing file /home/logi/txtai/venv/lib/python3.10/site-packages/airflow/example_dags/example_trigger_controller_dag.py for tasks to queue
[2025-11-12T09:06:02.314+0530] {logging_mixin.py:188} INFO - [2025-11-12T09:06:02.313+0530] {dagbag.py:545} INFO - Filling up the DagBag from /home/logi/txtai/venv/lib/python3.10/site-packages/airflow/example_dags/example_trigger_controller_dag.py
[2025-11-12T09:06:02.322+0530] {processor.py:840} INFO - DAG(s) 'example_trigger_controller_dag' retrieved from /home/logi/txtai/venv/lib/python3.10/site-packages/airflow/example_dags/example_trigger_controller_dag.py
[2025-11-12T09:06:02.346+0530] {logging_mixin.py:188} INFO - [2025-11-12T09:06:02.346+0530] {dag.py:3089} INFO - Sync 1 DAGs
[2025-11-12T09:06:02.367+0530] {logging_mixin.py:188} INFO - [2025-11-12T09:06:02.367+0530] {dag.py:3947} INFO - Setting next_dagrun for example_trigger_controller_dag to 2021-01-01 00:00:00+00:00, run_after=2021-01-01 00:00:00+00:00
[2025-11-12T09:06:02.385+0530] {processor.py:183} INFO - Processing /home/logi/txtai/venv/lib/python3.10/site-packages/airflow/example_dags/example_trigger_controller_dag.py took 0.098 seconds
[2025-11-12T09:07:00.291+0530] {processor.py:161} INFO - Started process (PID=26991) to work on /home/logi/txtai/venv/lib/python3.10/site-packages/airflow/example_dags/example_trigger_controller_dag.py
[2025-11-12T09:07:00.304+0530] {processor.py:830} INFO - Processing file /home/logi/txtai/venv/lib/python3.10/site-packages/airflow/example_dags/example_trigger_controller_dag.py for tasks to queue
[2025-11-12T09:07:00.307+0530] {logging_mixin.py:188} INFO - [2025-11-12T09:07:00.307+0530] {dagbag.py:545} INFO - Filling up the DagBag from /home/logi/txtai/venv/lib/python3.10/site-packages/airflow/example_dags/example_trigger_controller_dag.py
[2025-11-12T09:07:00.316+0530] {processor.py:840} INFO - DAG(s) 'example_trigger_controller_dag' retrieved from /home/logi/txtai/venv/lib/python3.10/site-packages/airflow/example_dags/example_trigger_controller_dag.py
[2025-11-12T09:07:00.339+0530] {logging_mixin.py:188} INFO - [2025-11-12T09:07:00.339+0530] {dag.py:3089} INFO - Sync 1 DAGs
[2025-11-12T09:07:00.363+0530] {logging_mixin.py:188} INFO - [2025-11-12T09:07:00.363+0530] {dag.py:3947} INFO - Setting next_dagrun for example_trigger_controller_dag to 2021-01-01 00:00:00+00:00, run_after=2021-01-01 00:00:00+00:00
[2025-11-12T09:07:00.381+0530] {processor.py:183} INFO - Processing /home/logi/txtai/venv/lib/python3.10/site-packages/airflow/example_dags/example_trigger_controller_dag.py took 0.101 seconds
[2025-11-12T09:08:00.945+0530] {processor.py:161} INFO - Started process (PID=27459) to work on /home/logi/txtai/venv/lib/python3.10/site-packages/airflow/example_dags/example_trigger_controller_dag.py
[2025-11-12T09:08:00.959+0530] {processor.py:830} INFO - Processing file /home/logi/txtai/venv/lib/python3.10/site-packages/airflow/example_dags/example_trigger_controller_dag.py for tasks to queue
[2025-11-12T09:08:00.962+0530] {logging_mixin.py:188} INFO - [2025-11-12T09:08:00.962+0530] {dagbag.py:545} INFO - Filling up the DagBag from /home/logi/txtai/venv/lib/python3.10/site-packages/airflow/example_dags/example_trigger_controller_dag.py
[2025-11-12T09:08:00.971+0530] {processor.py:840} INFO - DAG(s) 'example_trigger_controller_dag' retrieved from /home/logi/txtai/venv/lib/python3.10/site-packages/airflow/example_dags/example_trigger_controller_dag.py
[2025-11-12T09:08:01.001+0530] {logging_mixin.py:188} INFO - [2025-11-12T09:08:01.000+0530] {dag.py:3089} INFO - Sync 1 DAGs
[2025-11-12T09:08:01.021+0530] {logging_mixin.py:188} INFO - [2025-11-12T09:08:01.021+0530] {dag.py:3947} INFO - Setting next_dagrun for example_trigger_controller_dag to 2021-01-01 00:00:00+00:00, run_after=2021-01-01 00:00:00+00:00
[2025-11-12T09:08:01.048+0530] {processor.py:183} INFO - Processing /home/logi/txtai/venv/lib/python3.10/site-packages/airflow/example_dags/example_trigger_controller_dag.py took 0.114 seconds
[2025-11-12T09:08:59.889+0530] {processor.py:161} INFO - Started process (PID=27569) to work on /home/logi/txtai/venv/lib/python3.10/site-packages/airflow/example_dags/example_trigger_controller_dag.py
[2025-11-12T09:08:59.902+0530] {processor.py:830} INFO - Processing file /home/logi/txtai/venv/lib/python3.10/site-packages/airflow/example_dags/example_trigger_controller_dag.py for tasks to queue
[2025-11-12T09:08:59.905+0530] {logging_mixin.py:188} INFO - [2025-11-12T09:08:59.905+0530] {dagbag.py:545} INFO - Filling up the DagBag from /home/logi/txtai/venv/lib/python3.10/site-packages/airflow/example_dags/example_trigger_controller_dag.py
[2025-11-12T09:08:59.914+0530] {processor.py:840} INFO - DAG(s) 'example_trigger_controller_dag' retrieved from /home/logi/txtai/venv/lib/python3.10/site-packages/airflow/example_dags/example_trigger_controller_dag.py
[2025-11-12T09:08:59.939+0530] {logging_mixin.py:188} INFO - [2025-11-12T09:08:59.939+0530] {dag.py:3089} INFO - Sync 1 DAGs
[2025-11-12T09:08:59.960+0530] {logging_mixin.py:188} INFO - [2025-11-12T09:08:59.960+0530] {dag.py:3947} INFO - Setting next_dagrun for example_trigger_controller_dag to 2021-01-01 00:00:00+00:00, run_after=2021-01-01 00:00:00+00:00
[2025-11-12T09:08:59.981+0530] {processor.py:183} INFO - Processing /home/logi/txtai/venv/lib/python3.10/site-packages/airflow/example_dags/example_trigger_controller_dag.py took 0.103 seconds
[2025-11-12T09:10:03.280+0530] {processor.py:161} INFO - Started process (PID=27696) to work on /home/logi/txtai/venv/lib/python3.10/site-packages/airflow/example_dags/example_trigger_controller_dag.py
[2025-11-12T09:10:03.294+0530] {processor.py:830} INFO - Processing file /home/logi/txtai/venv/lib/python3.10/site-packages/airflow/example_dags/example_trigger_controller_dag.py for tasks to queue
[2025-11-12T09:10:03.297+0530] {logging_mixin.py:188} INFO - [2025-11-12T09:10:03.296+0530] {dagbag.py:545} INFO - Filling up the DagBag from /home/logi/txtai/venv/lib/python3.10/site-packages/airflow/example_dags/example_trigger_controller_dag.py
[2025-11-12T09:10:03.307+0530] {processor.py:840} INFO - DAG(s) 'example_trigger_controller_dag' retrieved from /home/logi/txtai/venv/lib/python3.10/site-packages/airflow/example_dags/example_trigger_controller_dag.py
[2025-11-12T09:10:03.334+0530] {logging_mixin.py:188} INFO - [2025-11-12T09:10:03.333+0530] {dag.py:3089} INFO - Sync 1 DAGs
[2025-11-12T09:10:03.355+0530] {logging_mixin.py:188} INFO - [2025-11-12T09:10:03.355+0530] {dag.py:3947} INFO - Setting next_dagrun for example_trigger_controller_dag to 2021-01-01 00:00:00+00:00, run_after=2021-01-01 00:00:00+00:00
[2025-11-12T09:10:03.384+0530] {processor.py:183} INFO - Processing /home/logi/txtai/venv/lib/python3.10/site-packages/airflow/example_dags/example_trigger_controller_dag.py took 0.114 seconds
[2025-11-12T09:11:16.480+0530] {processor.py:161} INFO - Started process (PID=27979) to work on /home/logi/txtai/venv/lib/python3.10/site-packages/airflow/example_dags/example_trigger_controller_dag.py
[2025-11-12T09:11:16.494+0530] {processor.py:830} INFO - Processing file /home/logi/txtai/venv/lib/python3.10/site-packages/airflow/example_dags/example_trigger_controller_dag.py for tasks to queue
[2025-11-12T09:11:16.497+0530] {logging_mixin.py:188} INFO - [2025-11-12T09:11:16.496+0530] {dagbag.py:545} INFO - Filling up the DagBag from /home/logi/txtai/venv/lib/python3.10/site-packages/airflow/example_dags/example_trigger_controller_dag.py
[2025-11-12T09:11:16.502+0530] {processor.py:840} INFO - DAG(s) 'example_trigger_controller_dag' retrieved from /home/logi/txtai/venv/lib/python3.10/site-packages/airflow/example_dags/example_trigger_controller_dag.py
[2025-11-12T09:11:16.520+0530] {logging_mixin.py:188} INFO - [2025-11-12T09:11:16.519+0530] {dag.py:3089} INFO - Sync 1 DAGs
[2025-11-12T09:11:16.542+0530] {logging_mixin.py:188} INFO - [2025-11-12T09:11:16.541+0530] {dag.py:3947} INFO - Setting next_dagrun for example_trigger_controller_dag to 2021-01-01 00:00:00+00:00, run_after=2021-01-01 00:00:00+00:00
[2025-11-12T09:11:16.561+0530] {processor.py:183} INFO - Processing /home/logi/txtai/venv/lib/python3.10/site-packages/airflow/example_dags/example_trigger_controller_dag.py took 0.087 seconds
[2025-11-12T09:12:18.670+0530] {processor.py:161} INFO - Started process (PID=28084) to work on /home/logi/txtai/venv/lib/python3.10/site-packages/airflow/example_dags/example_trigger_controller_dag.py
[2025-11-12T09:12:18.684+0530] {processor.py:830} INFO - Processing file /home/logi/txtai/venv/lib/python3.10/site-packages/airflow/example_dags/example_trigger_controller_dag.py for tasks to queue
[2025-11-12T09:12:18.687+0530] {logging_mixin.py:188} INFO - [2025-11-12T09:12:18.686+0530] {dagbag.py:545} INFO - Filling up the DagBag from /home/logi/txtai/venv/lib/python3.10/site-packages/airflow/example_dags/example_trigger_controller_dag.py
[2025-11-12T09:12:18.696+0530] {processor.py:840} INFO - DAG(s) 'example_trigger_controller_dag' retrieved from /home/logi/txtai/venv/lib/python3.10/site-packages/airflow/example_dags/example_trigger_controller_dag.py
[2025-11-12T09:12:18.718+0530] {logging_mixin.py:188} INFO - [2025-11-12T09:12:18.717+0530] {dag.py:3089} INFO - Sync 1 DAGs
[2025-11-12T09:12:18.743+0530] {logging_mixin.py:188} INFO - [2025-11-12T09:12:18.743+0530] {dag.py:3947} INFO - Setting next_dagrun for example_trigger_controller_dag to 2021-01-01 00:00:00+00:00, run_after=2021-01-01 00:00:00+00:00
[2025-11-12T09:12:18.765+0530] {processor.py:183} INFO - Processing /home/logi/txtai/venv/lib/python3.10/site-packages/airflow/example_dags/example_trigger_controller_dag.py took 0.111 seconds
[2025-11-12T09:13:19.540+0530] {processor.py:161} INFO - Started process (PID=28223) to work on /home/logi/txtai/venv/lib/python3.10/site-packages/airflow/example_dags/example_trigger_controller_dag.py
[2025-11-12T09:13:19.554+0530] {processor.py:830} INFO - Processing file /home/logi/txtai/venv/lib/python3.10/site-packages/airflow/example_dags/example_trigger_controller_dag.py for tasks to queue
[2025-11-12T09:13:19.557+0530] {logging_mixin.py:188} INFO - [2025-11-12T09:13:19.557+0530] {dagbag.py:545} INFO - Filling up the DagBag from /home/logi/txtai/venv/lib/python3.10/site-packages/airflow/example_dags/example_trigger_controller_dag.py
[2025-11-12T09:13:19.566+0530] {processor.py:840} INFO - DAG(s) 'example_trigger_controller_dag' retrieved from /home/logi/txtai/venv/lib/python3.10/site-packages/airflow/example_dags/example_trigger_controller_dag.py
[2025-11-12T09:13:19.594+0530] {logging_mixin.py:188} INFO - [2025-11-12T09:13:19.593+0530] {dag.py:3089} INFO - Sync 1 DAGs
[2025-11-12T09:13:19.615+0530] {logging_mixin.py:188} INFO - [2025-11-12T09:13:19.615+0530] {dag.py:3947} INFO - Setting next_dagrun for example_trigger_controller_dag to 2021-01-01 00:00:00+00:00, run_after=2021-01-01 00:00:00+00:00
[2025-11-12T09:13:19.643+0530] {processor.py:183} INFO - Processing /home/logi/txtai/venv/lib/python3.10/site-packages/airflow/example_dags/example_trigger_controller_dag.py took 0.114 seconds
[2025-11-12T09:14:21.859+0530] {processor.py:161} INFO - Started process (PID=28454) to work on /home/logi/txtai/venv/lib/python3.10/site-packages/airflow/example_dags/example_trigger_controller_dag.py
[2025-11-12T09:14:21.874+0530] {processor.py:830} INFO - Processing file /home/logi/txtai/venv/lib/python3.10/site-packages/airflow/example_dags/example_trigger_controller_dag.py for tasks to queue
[2025-11-12T09:14:21.877+0530] {logging_mixin.py:188} INFO - [2025-11-12T09:14:21.877+0530] {dagbag.py:545} INFO - Filling up the DagBag from /home/logi/txtai/venv/lib/python3.10/site-packages/airflow/example_dags/example_trigger_controller_dag.py
[2025-11-12T09:14:21.887+0530] {processor.py:840} INFO - DAG(s) 'example_trigger_controller_dag' retrieved from /home/logi/txtai/venv/lib/python3.10/site-packages/airflow/example_dags/example_trigger_controller_dag.py
[2025-11-12T09:14:21.914+0530] {logging_mixin.py:188} INFO - [2025-11-12T09:14:21.914+0530] {dag.py:3089} INFO - Sync 1 DAGs
[2025-11-12T09:14:21.934+0530] {logging_mixin.py:188} INFO - [2025-11-12T09:14:21.934+0530] {dag.py:3947} INFO - Setting next_dagrun for example_trigger_controller_dag to 2021-01-01 00:00:00+00:00, run_after=2021-01-01 00:00:00+00:00
[2025-11-12T09:14:21.961+0530] {processor.py:183} INFO - Processing /home/logi/txtai/venv/lib/python3.10/site-packages/airflow/example_dags/example_trigger_controller_dag.py took 0.121 seconds
[2025-11-12T09:15:19.704+0530] {processor.py:161} INFO - Started process (PID=28545) to work on /home/logi/txtai/venv/lib/python3.10/site-packages/airflow/example_dags/example_trigger_controller_dag.py
[2025-11-12T09:15:19.717+0530] {processor.py:830} INFO - Processing file /home/logi/txtai/venv/lib/python3.10/site-packages/airflow/example_dags/example_trigger_controller_dag.py for tasks to queue
[2025-11-12T09:15:19.720+0530] {logging_mixin.py:188} INFO - [2025-11-12T09:15:19.719+0530] {dagbag.py:545} INFO - Filling up the DagBag from /home/logi/txtai/venv/lib/python3.10/site-packages/airflow/example_dags/example_trigger_controller_dag.py
[2025-11-12T09:15:19.727+0530] {processor.py:840} INFO - DAG(s) 'example_trigger_controller_dag' retrieved from /home/logi/txtai/venv/lib/python3.10/site-packages/airflow/example_dags/example_trigger_controller_dag.py
[2025-11-12T09:15:19.750+0530] {logging_mixin.py:188} INFO - [2025-11-12T09:15:19.750+0530] {dag.py:3089} INFO - Sync 1 DAGs
[2025-11-12T09:15:19.772+0530] {logging_mixin.py:188} INFO - [2025-11-12T09:15:19.772+0530] {dag.py:3947} INFO - Setting next_dagrun for example_trigger_controller_dag to 2021-01-01 00:00:00+00:00, run_after=2021-01-01 00:00:00+00:00
[2025-11-12T09:15:19.789+0530] {processor.py:183} INFO - Processing /home/logi/txtai/venv/lib/python3.10/site-packages/airflow/example_dags/example_trigger_controller_dag.py took 0.096 seconds
[2025-11-12T09:16:20.382+0530] {processor.py:161} INFO - Started process (PID=29136) to work on /home/logi/txtai/venv/lib/python3.10/site-packages/airflow/example_dags/example_trigger_controller_dag.py
[2025-11-12T09:16:20.396+0530] {processor.py:830} INFO - Processing file /home/logi/txtai/venv/lib/python3.10/site-packages/airflow/example_dags/example_trigger_controller_dag.py for tasks to queue
[2025-11-12T09:16:20.400+0530] {logging_mixin.py:188} INFO - [2025-11-12T09:16:20.400+0530] {dagbag.py:545} INFO - Filling up the DagBag from /home/logi/txtai/venv/lib/python3.10/site-packages/airflow/example_dags/example_trigger_controller_dag.py
[2025-11-12T09:16:20.411+0530] {processor.py:840} INFO - DAG(s) 'example_trigger_controller_dag' retrieved from /home/logi/txtai/venv/lib/python3.10/site-packages/airflow/example_dags/example_trigger_controller_dag.py
[2025-11-12T09:16:20.440+0530] {logging_mixin.py:188} INFO - [2025-11-12T09:16:20.440+0530] {dag.py:3089} INFO - Sync 1 DAGs
[2025-11-12T09:16:20.463+0530] {logging_mixin.py:188} INFO - [2025-11-12T09:16:20.463+0530] {dag.py:3947} INFO - Setting next_dagrun for example_trigger_controller_dag to 2021-01-01 00:00:00+00:00, run_after=2021-01-01 00:00:00+00:00
[2025-11-12T09:16:20.650+0530] {processor.py:183} INFO - Processing /home/logi/txtai/venv/lib/python3.10/site-packages/airflow/example_dags/example_trigger_controller_dag.py took 0.281 seconds
[2025-11-12T09:17:23.653+0530] {processor.py:161} INFO - Started process (PID=29595) to work on /home/logi/txtai/venv/lib/python3.10/site-packages/airflow/example_dags/example_trigger_controller_dag.py
[2025-11-12T09:17:23.666+0530] {processor.py:830} INFO - Processing file /home/logi/txtai/venv/lib/python3.10/site-packages/airflow/example_dags/example_trigger_controller_dag.py for tasks to queue
[2025-11-12T09:17:23.669+0530] {logging_mixin.py:188} INFO - [2025-11-12T09:17:23.669+0530] {dagbag.py:545} INFO - Filling up the DagBag from /home/logi/txtai/venv/lib/python3.10/site-packages/airflow/example_dags/example_trigger_controller_dag.py
[2025-11-12T09:17:23.677+0530] {processor.py:840} INFO - DAG(s) 'example_trigger_controller_dag' retrieved from /home/logi/txtai/venv/lib/python3.10/site-packages/airflow/example_dags/example_trigger_controller_dag.py
[2025-11-12T09:17:23.701+0530] {logging_mixin.py:188} INFO - [2025-11-12T09:17:23.701+0530] {dag.py:3089} INFO - Sync 1 DAGs
[2025-11-12T09:17:23.725+0530] {logging_mixin.py:188} INFO - [2025-11-12T09:17:23.724+0530] {dag.py:3947} INFO - Setting next_dagrun for example_trigger_controller_dag to 2021-01-01 00:00:00+00:00, run_after=2021-01-01 00:00:00+00:00
[2025-11-12T09:17:23.743+0530] {processor.py:183} INFO - Processing /home/logi/txtai/venv/lib/python3.10/site-packages/airflow/example_dags/example_trigger_controller_dag.py took 0.100 seconds
[2025-11-12T12:10:27.313+0530] {processor.py:161} INFO - Started process (PID=6142) to work on /home/logi/txtai/venv/lib/python3.10/site-packages/airflow/example_dags/example_trigger_controller_dag.py
[2025-11-12T12:10:27.315+0530] {processor.py:830} INFO - Processing file /home/logi/txtai/venv/lib/python3.10/site-packages/airflow/example_dags/example_trigger_controller_dag.py for tasks to queue
[2025-11-12T12:10:27.318+0530] {logging_mixin.py:188} INFO - [2025-11-12T12:10:27.317+0530] {dagbag.py:545} INFO - Filling up the DagBag from /home/logi/txtai/venv/lib/python3.10/site-packages/airflow/example_dags/example_trigger_controller_dag.py
[2025-11-12T12:10:27.331+0530] {processor.py:840} INFO - DAG(s) 'example_trigger_controller_dag' retrieved from /home/logi/txtai/venv/lib/python3.10/site-packages/airflow/example_dags/example_trigger_controller_dag.py
[2025-11-12T12:10:27.355+0530] {logging_mixin.py:188} INFO - [2025-11-12T12:10:27.355+0530] {dag.py:3089} INFO - Sync 1 DAGs
[2025-11-12T12:10:27.369+0530] {logging_mixin.py:188} INFO - [2025-11-12T12:10:27.369+0530] {dag.py:3947} INFO - Setting next_dagrun for example_trigger_controller_dag to 2021-01-01 00:00:00+00:00, run_after=2021-01-01 00:00:00+00:00
[2025-11-12T12:10:27.387+0530] {processor.py:183} INFO - Processing /home/logi/txtai/venv/lib/python3.10/site-packages/airflow/example_dags/example_trigger_controller_dag.py took 0.084 seconds
[2025-11-12T12:11:25.873+0530] {processor.py:161} INFO - Started process (PID=6595) to work on /home/logi/txtai/venv/lib/python3.10/site-packages/airflow/example_dags/example_trigger_controller_dag.py
[2025-11-12T12:11:25.886+0530] {processor.py:830} INFO - Processing file /home/logi/txtai/venv/lib/python3.10/site-packages/airflow/example_dags/example_trigger_controller_dag.py for tasks to queue
[2025-11-12T12:11:25.890+0530] {logging_mixin.py:188} INFO - [2025-11-12T12:11:25.889+0530] {dagbag.py:545} INFO - Filling up the DagBag from /home/logi/txtai/venv/lib/python3.10/site-packages/airflow/example_dags/example_trigger_controller_dag.py
[2025-11-12T12:11:25.897+0530] {processor.py:840} INFO - DAG(s) 'example_trigger_controller_dag' retrieved from /home/logi/txtai/venv/lib/python3.10/site-packages/airflow/example_dags/example_trigger_controller_dag.py
[2025-11-12T12:11:25.922+0530] {logging_mixin.py:188} INFO - [2025-11-12T12:11:25.921+0530] {dag.py:3089} INFO - Sync 1 DAGs
[2025-11-12T12:11:25.944+0530] {logging_mixin.py:188} INFO - [2025-11-12T12:11:25.944+0530] {dag.py:3947} INFO - Setting next_dagrun for example_trigger_controller_dag to 2021-01-01 00:00:00+00:00, run_after=2021-01-01 00:00:00+00:00
[2025-11-12T12:11:25.962+0530] {processor.py:183} INFO - Processing /home/logi/txtai/venv/lib/python3.10/site-packages/airflow/example_dags/example_trigger_controller_dag.py took 0.100 seconds
[2025-11-12T12:12:17.814+0530] {processor.py:161} INFO - Started process (PID=7005) to work on /home/logi/txtai/venv/lib/python3.10/site-packages/airflow/example_dags/example_trigger_controller_dag.py
[2025-11-12T12:12:17.827+0530] {processor.py:830} INFO - Processing file /home/logi/txtai/venv/lib/python3.10/site-packages/airflow/example_dags/example_trigger_controller_dag.py for tasks to queue
[2025-11-12T12:12:17.830+0530] {logging_mixin.py:188} INFO - [2025-11-12T12:12:17.830+0530] {dagbag.py:545} INFO - Filling up the DagBag from /home/logi/txtai/venv/lib/python3.10/site-packages/airflow/example_dags/example_trigger_controller_dag.py
[2025-11-12T12:12:17.839+0530] {processor.py:840} INFO - DAG(s) 'example_trigger_controller_dag' retrieved from /home/logi/txtai/venv/lib/python3.10/site-packages/airflow/example_dags/example_trigger_controller_dag.py
[2025-11-12T12:12:17.862+0530] {logging_mixin.py:188} INFO - [2025-11-12T12:12:17.862+0530] {dag.py:3089} INFO - Sync 1 DAGs
[2025-11-12T12:12:17.884+0530] {logging_mixin.py:188} INFO - [2025-11-12T12:12:17.884+0530] {dag.py:3947} INFO - Setting next_dagrun for example_trigger_controller_dag to 2021-01-01 00:00:00+00:00, run_after=2021-01-01 00:00:00+00:00
[2025-11-12T12:12:17.901+0530] {processor.py:183} INFO - Processing /home/logi/txtai/venv/lib/python3.10/site-packages/airflow/example_dags/example_trigger_controller_dag.py took 0.098 seconds
[2025-11-12T12:13:09.264+0530] {processor.py:161} INFO - Started process (PID=7382) to work on /home/logi/txtai/venv/lib/python3.10/site-packages/airflow/example_dags/example_trigger_controller_dag.py
[2025-11-12T12:13:09.278+0530] {processor.py:830} INFO - Processing file /home/logi/txtai/venv/lib/python3.10/site-packages/airflow/example_dags/example_trigger_controller_dag.py for tasks to queue
[2025-11-12T12:13:09.280+0530] {logging_mixin.py:188} INFO - [2025-11-12T12:13:09.280+0530] {dagbag.py:545} INFO - Filling up the DagBag from /home/logi/txtai/venv/lib/python3.10/site-packages/airflow/example_dags/example_trigger_controller_dag.py
[2025-11-12T12:13:09.289+0530] {processor.py:840} INFO - DAG(s) 'example_trigger_controller_dag' retrieved from /home/logi/txtai/venv/lib/python3.10/site-packages/airflow/example_dags/example_trigger_controller_dag.py
[2025-11-12T12:13:09.313+0530] {logging_mixin.py:188} INFO - [2025-11-12T12:13:09.312+0530] {dag.py:3089} INFO - Sync 1 DAGs
[2025-11-12T12:13:09.337+0530] {logging_mixin.py:188} INFO - [2025-11-12T12:13:09.337+0530] {dag.py:3947} INFO - Setting next_dagrun for example_trigger_controller_dag to 2021-01-01 00:00:00+00:00, run_after=2021-01-01 00:00:00+00:00
[2025-11-12T12:13:09.363+0530] {processor.py:183} INFO - Processing /home/logi/txtai/venv/lib/python3.10/site-packages/airflow/example_dags/example_trigger_controller_dag.py took 0.108 seconds
[2025-11-12T12:14:04.892+0530] {processor.py:161} INFO - Started process (PID=7789) to work on /home/logi/txtai/venv/lib/python3.10/site-packages/airflow/example_dags/example_trigger_controller_dag.py
[2025-11-12T12:14:04.905+0530] {processor.py:830} INFO - Processing file /home/logi/txtai/venv/lib/python3.10/site-packages/airflow/example_dags/example_trigger_controller_dag.py for tasks to queue
[2025-11-12T12:14:04.908+0530] {logging_mixin.py:188} INFO - [2025-11-12T12:14:04.908+0530] {dagbag.py:545} INFO - Filling up the DagBag from /home/logi/txtai/venv/lib/python3.10/site-packages/airflow/example_dags/example_trigger_controller_dag.py
[2025-11-12T12:14:04.916+0530] {processor.py:840} INFO - DAG(s) 'example_trigger_controller_dag' retrieved from /home/logi/txtai/venv/lib/python3.10/site-packages/airflow/example_dags/example_trigger_controller_dag.py
[2025-11-12T12:14:04.939+0530] {logging_mixin.py:188} INFO - [2025-11-12T12:14:04.939+0530] {dag.py:3089} INFO - Sync 1 DAGs
[2025-11-12T12:14:04.961+0530] {logging_mixin.py:188} INFO - [2025-11-12T12:14:04.961+0530] {dag.py:3947} INFO - Setting next_dagrun for example_trigger_controller_dag to 2021-01-01 00:00:00+00:00, run_after=2021-01-01 00:00:00+00:00
[2025-11-12T12:14:04.978+0530] {processor.py:183} INFO - Processing /home/logi/txtai/venv/lib/python3.10/site-packages/airflow/example_dags/example_trigger_controller_dag.py took 0.096 seconds
[2025-11-12T12:14:58.299+0530] {processor.py:161} INFO - Started process (PID=8196) to work on /home/logi/txtai/venv/lib/python3.10/site-packages/airflow/example_dags/example_trigger_controller_dag.py
[2025-11-12T12:14:58.313+0530] {processor.py:830} INFO - Processing file /home/logi/txtai/venv/lib/python3.10/site-packages/airflow/example_dags/example_trigger_controller_dag.py for tasks to queue
[2025-11-12T12:14:58.316+0530] {logging_mixin.py:188} INFO - [2025-11-12T12:14:58.315+0530] {dagbag.py:545} INFO - Filling up the DagBag from /home/logi/txtai/venv/lib/python3.10/site-packages/airflow/example_dags/example_trigger_controller_dag.py
[2025-11-12T12:14:58.323+0530] {processor.py:840} INFO - DAG(s) 'example_trigger_controller_dag' retrieved from /home/logi/txtai/venv/lib/python3.10/site-packages/airflow/example_dags/example_trigger_controller_dag.py
[2025-11-12T12:14:58.346+0530] {logging_mixin.py:188} INFO - [2025-11-12T12:14:58.346+0530] {dag.py:3089} INFO - Sync 1 DAGs
[2025-11-12T12:14:58.368+0530] {logging_mixin.py:188} INFO - [2025-11-12T12:14:58.368+0530] {dag.py:3947} INFO - Setting next_dagrun for example_trigger_controller_dag to 2021-01-01 00:00:00+00:00, run_after=2021-01-01 00:00:00+00:00
[2025-11-12T12:14:58.386+0530] {processor.py:183} INFO - Processing /home/logi/txtai/venv/lib/python3.10/site-packages/airflow/example_dags/example_trigger_controller_dag.py took 0.096 seconds
[2025-11-12T12:16:06.467+0530] {processor.py:161} INFO - Started process (PID=8904) to work on /home/logi/txtai/venv/lib/python3.10/site-packages/airflow/example_dags/example_trigger_controller_dag.py
[2025-11-12T12:16:06.481+0530] {processor.py:830} INFO - Processing file /home/logi/txtai/venv/lib/python3.10/site-packages/airflow/example_dags/example_trigger_controller_dag.py for tasks to queue
[2025-11-12T12:16:06.485+0530] {logging_mixin.py:188} INFO - [2025-11-12T12:16:06.484+0530] {dagbag.py:545} INFO - Filling up the DagBag from /home/logi/txtai/venv/lib/python3.10/site-packages/airflow/example_dags/example_trigger_controller_dag.py
[2025-11-12T12:16:06.494+0530] {processor.py:840} INFO - DAG(s) 'example_trigger_controller_dag' retrieved from /home/logi/txtai/venv/lib/python3.10/site-packages/airflow/example_dags/example_trigger_controller_dag.py
[2025-11-12T12:16:06.520+0530] {logging_mixin.py:188} INFO - [2025-11-12T12:16:06.520+0530] {dag.py:3089} INFO - Sync 1 DAGs
[2025-11-12T12:16:06.543+0530] {logging_mixin.py:188} INFO - [2025-11-12T12:16:06.543+0530] {dag.py:3947} INFO - Setting next_dagrun for example_trigger_controller_dag to 2021-01-01 00:00:00+00:00, run_after=2021-01-01 00:00:00+00:00
[2025-11-12T12:16:06.564+0530] {processor.py:183} INFO - Processing /home/logi/txtai/venv/lib/python3.10/site-packages/airflow/example_dags/example_trigger_controller_dag.py took 0.108 seconds
[2025-11-12T12:17:10.288+0530] {processor.py:161} INFO - Started process (PID=9390) to work on /home/logi/txtai/venv/lib/python3.10/site-packages/airflow/example_dags/example_trigger_controller_dag.py
[2025-11-12T12:17:10.301+0530] {processor.py:830} INFO - Processing file /home/logi/txtai/venv/lib/python3.10/site-packages/airflow/example_dags/example_trigger_controller_dag.py for tasks to queue
[2025-11-12T12:17:10.304+0530] {logging_mixin.py:188} INFO - [2025-11-12T12:17:10.303+0530] {dagbag.py:545} INFO - Filling up the DagBag from /home/logi/txtai/venv/lib/python3.10/site-packages/airflow/example_dags/example_trigger_controller_dag.py
[2025-11-12T12:17:10.313+0530] {processor.py:840} INFO - DAG(s) 'example_trigger_controller_dag' retrieved from /home/logi/txtai/venv/lib/python3.10/site-packages/airflow/example_dags/example_trigger_controller_dag.py
[2025-11-12T12:17:10.338+0530] {logging_mixin.py:188} INFO - [2025-11-12T12:17:10.338+0530] {dag.py:3089} INFO - Sync 1 DAGs
[2025-11-12T12:17:10.361+0530] {logging_mixin.py:188} INFO - [2025-11-12T12:17:10.360+0530] {dag.py:3947} INFO - Setting next_dagrun for example_trigger_controller_dag to 2021-01-01 00:00:00+00:00, run_after=2021-01-01 00:00:00+00:00
[2025-11-12T12:17:10.381+0530] {processor.py:183} INFO - Processing /home/logi/txtai/venv/lib/python3.10/site-packages/airflow/example_dags/example_trigger_controller_dag.py took 0.105 seconds
[2025-11-12T12:18:10.886+0530] {processor.py:161} INFO - Started process (PID=9829) to work on /home/logi/txtai/venv/lib/python3.10/site-packages/airflow/example_dags/example_trigger_controller_dag.py
[2025-11-12T12:18:10.888+0530] {processor.py:830} INFO - Processing file /home/logi/txtai/venv/lib/python3.10/site-packages/airflow/example_dags/example_trigger_controller_dag.py for tasks to queue
[2025-11-12T12:18:10.891+0530] {logging_mixin.py:188} INFO - [2025-11-12T12:18:10.890+0530] {dagbag.py:545} INFO - Filling up the DagBag from /home/logi/txtai/venv/lib/python3.10/site-packages/airflow/example_dags/example_trigger_controller_dag.py
[2025-11-12T12:18:10.899+0530] {processor.py:840} INFO - DAG(s) 'example_trigger_controller_dag' retrieved from /home/logi/txtai/venv/lib/python3.10/site-packages/airflow/example_dags/example_trigger_controller_dag.py
[2025-11-12T12:18:10.924+0530] {logging_mixin.py:188} INFO - [2025-11-12T12:18:10.923+0530] {dag.py:3089} INFO - Sync 1 DAGs
[2025-11-12T12:18:10.940+0530] {logging_mixin.py:188} INFO - [2025-11-12T12:18:10.939+0530] {dag.py:3947} INFO - Setting next_dagrun for example_trigger_controller_dag to 2021-01-01 00:00:00+00:00, run_after=2021-01-01 00:00:00+00:00
[2025-11-12T12:18:10.960+0530] {processor.py:183} INFO - Processing /home/logi/txtai/venv/lib/python3.10/site-packages/airflow/example_dags/example_trigger_controller_dag.py took 0.085 seconds
[2025-11-12T12:19:07.288+0530] {processor.py:161} INFO - Started process (PID=10254) to work on /home/logi/txtai/venv/lib/python3.10/site-packages/airflow/example_dags/example_trigger_controller_dag.py
[2025-11-12T12:19:07.301+0530] {processor.py:830} INFO - Processing file /home/logi/txtai/venv/lib/python3.10/site-packages/airflow/example_dags/example_trigger_controller_dag.py for tasks to queue
[2025-11-12T12:19:07.305+0530] {logging_mixin.py:188} INFO - [2025-11-12T12:19:07.304+0530] {dagbag.py:545} INFO - Filling up the DagBag from /home/logi/txtai/venv/lib/python3.10/site-packages/airflow/example_dags/example_trigger_controller_dag.py
[2025-11-12T12:19:07.313+0530] {processor.py:840} INFO - DAG(s) 'example_trigger_controller_dag' retrieved from /home/logi/txtai/venv/lib/python3.10/site-packages/airflow/example_dags/example_trigger_controller_dag.py
[2025-11-12T12:19:07.338+0530] {logging_mixin.py:188} INFO - [2025-11-12T12:19:07.337+0530] {dag.py:3089} INFO - Sync 1 DAGs
[2025-11-12T12:19:07.360+0530] {logging_mixin.py:188} INFO - [2025-11-12T12:19:07.360+0530] {dag.py:3947} INFO - Setting next_dagrun for example_trigger_controller_dag to 2021-01-01 00:00:00+00:00, run_after=2021-01-01 00:00:00+00:00
[2025-11-12T12:19:07.379+0530] {processor.py:183} INFO - Processing /home/logi/txtai/venv/lib/python3.10/site-packages/airflow/example_dags/example_trigger_controller_dag.py took 0.102 seconds
[2025-11-12T12:20:08.382+0530] {processor.py:161} INFO - Started process (PID=10750) to work on /home/logi/txtai/venv/lib/python3.10/site-packages/airflow/example_dags/example_trigger_controller_dag.py
[2025-11-12T12:20:08.385+0530] {processor.py:830} INFO - Processing file /home/logi/txtai/venv/lib/python3.10/site-packages/airflow/example_dags/example_trigger_controller_dag.py for tasks to queue
[2025-11-12T12:20:08.388+0530] {logging_mixin.py:188} INFO - [2025-11-12T12:20:08.388+0530] {dagbag.py:545} INFO - Filling up the DagBag from /home/logi/txtai/venv/lib/python3.10/site-packages/airflow/example_dags/example_trigger_controller_dag.py
[2025-11-12T12:20:08.398+0530] {processor.py:840} INFO - DAG(s) 'example_trigger_controller_dag' retrieved from /home/logi/txtai/venv/lib/python3.10/site-packages/airflow/example_dags/example_trigger_controller_dag.py
[2025-11-12T12:20:08.423+0530] {logging_mixin.py:188} INFO - [2025-11-12T12:20:08.423+0530] {dag.py:3089} INFO - Sync 1 DAGs
[2025-11-12T12:20:08.440+0530] {logging_mixin.py:188} INFO - [2025-11-12T12:20:08.440+0530] {dag.py:3947} INFO - Setting next_dagrun for example_trigger_controller_dag to 2021-01-01 00:00:00+00:00, run_after=2021-01-01 00:00:00+00:00
[2025-11-12T12:20:08.459+0530] {processor.py:183} INFO - Processing /home/logi/txtai/venv/lib/python3.10/site-packages/airflow/example_dags/example_trigger_controller_dag.py took 0.088 seconds
[2025-11-12T12:21:23.772+0530] {processor.py:161} INFO - Started process (PID=11554) to work on /home/logi/txtai/venv/lib/python3.10/site-packages/airflow/example_dags/example_trigger_controller_dag.py
[2025-11-12T12:21:23.786+0530] {processor.py:830} INFO - Processing file /home/logi/txtai/venv/lib/python3.10/site-packages/airflow/example_dags/example_trigger_controller_dag.py for tasks to queue
[2025-11-12T12:21:23.790+0530] {logging_mixin.py:188} INFO - [2025-11-12T12:21:23.789+0530] {dagbag.py:545} INFO - Filling up the DagBag from /home/logi/txtai/venv/lib/python3.10/site-packages/airflow/example_dags/example_trigger_controller_dag.py
[2025-11-12T12:21:23.799+0530] {processor.py:840} INFO - DAG(s) 'example_trigger_controller_dag' retrieved from /home/logi/txtai/venv/lib/python3.10/site-packages/airflow/example_dags/example_trigger_controller_dag.py
[2025-11-12T12:21:23.825+0530] {logging_mixin.py:188} INFO - [2025-11-12T12:21:23.825+0530] {dag.py:3089} INFO - Sync 1 DAGs
[2025-11-12T12:21:23.846+0530] {logging_mixin.py:188} INFO - [2025-11-12T12:21:23.846+0530] {dag.py:3947} INFO - Setting next_dagrun for example_trigger_controller_dag to 2021-01-01 00:00:00+00:00, run_after=2021-01-01 00:00:00+00:00
[2025-11-12T12:21:23.875+0530] {processor.py:183} INFO - Processing /home/logi/txtai/venv/lib/python3.10/site-packages/airflow/example_dags/example_trigger_controller_dag.py took 0.114 seconds
[2025-11-12T12:22:22.668+0530] {processor.py:161} INFO - Started process (PID=11984) to work on /home/logi/txtai/venv/lib/python3.10/site-packages/airflow/example_dags/example_trigger_controller_dag.py
[2025-11-12T12:22:22.681+0530] {processor.py:830} INFO - Processing file /home/logi/txtai/venv/lib/python3.10/site-packages/airflow/example_dags/example_trigger_controller_dag.py for tasks to queue
[2025-11-12T12:22:22.684+0530] {logging_mixin.py:188} INFO - [2025-11-12T12:22:22.684+0530] {dagbag.py:545} INFO - Filling up the DagBag from /home/logi/txtai/venv/lib/python3.10/site-packages/airflow/example_dags/example_trigger_controller_dag.py
[2025-11-12T12:22:22.694+0530] {processor.py:840} INFO - DAG(s) 'example_trigger_controller_dag' retrieved from /home/logi/txtai/venv/lib/python3.10/site-packages/airflow/example_dags/example_trigger_controller_dag.py
[2025-11-12T12:22:22.719+0530] {logging_mixin.py:188} INFO - [2025-11-12T12:22:22.718+0530] {dag.py:3089} INFO - Sync 1 DAGs
[2025-11-12T12:22:22.736+0530] {logging_mixin.py:188} INFO - [2025-11-12T12:22:22.736+0530] {dag.py:3947} INFO - Setting next_dagrun for example_trigger_controller_dag to 2021-01-01 00:00:00+00:00, run_after=2021-01-01 00:00:00+00:00
[2025-11-12T12:22:22.756+0530] {processor.py:183} INFO - Processing /home/logi/txtai/venv/lib/python3.10/site-packages/airflow/example_dags/example_trigger_controller_dag.py took 0.095 seconds
[2025-11-12T12:23:26.367+0530] {processor.py:161} INFO - Started process (PID=12450) to work on /home/logi/txtai/venv/lib/python3.10/site-packages/airflow/example_dags/example_trigger_controller_dag.py
[2025-11-12T12:23:26.381+0530] {processor.py:830} INFO - Processing file /home/logi/txtai/venv/lib/python3.10/site-packages/airflow/example_dags/example_trigger_controller_dag.py for tasks to queue
[2025-11-12T12:23:26.384+0530] {logging_mixin.py:188} INFO - [2025-11-12T12:23:26.384+0530] {dagbag.py:545} INFO - Filling up the DagBag from /home/logi/txtai/venv/lib/python3.10/site-packages/airflow/example_dags/example_trigger_controller_dag.py
[2025-11-12T12:23:26.393+0530] {processor.py:840} INFO - DAG(s) 'example_trigger_controller_dag' retrieved from /home/logi/txtai/venv/lib/python3.10/site-packages/airflow/example_dags/example_trigger_controller_dag.py
[2025-11-12T12:23:26.419+0530] {logging_mixin.py:188} INFO - [2025-11-12T12:23:26.419+0530] {dag.py:3089} INFO - Sync 1 DAGs
[2025-11-12T12:23:26.441+0530] {logging_mixin.py:188} INFO - [2025-11-12T12:23:26.440+0530] {dag.py:3947} INFO - Setting next_dagrun for example_trigger_controller_dag to 2021-01-01 00:00:00+00:00, run_after=2021-01-01 00:00:00+00:00
[2025-11-12T12:23:26.471+0530] {processor.py:183} INFO - Processing /home/logi/txtai/venv/lib/python3.10/site-packages/airflow/example_dags/example_trigger_controller_dag.py took 0.114 seconds
[2025-11-12T12:24:25.347+0530] {processor.py:161} INFO - Started process (PID=12889) to work on /home/logi/txtai/venv/lib/python3.10/site-packages/airflow/example_dags/example_trigger_controller_dag.py
[2025-11-12T12:24:25.349+0530] {processor.py:830} INFO - Processing file /home/logi/txtai/venv/lib/python3.10/site-packages/airflow/example_dags/example_trigger_controller_dag.py for tasks to queue
[2025-11-12T12:24:25.352+0530] {logging_mixin.py:188} INFO - [2025-11-12T12:24:25.351+0530] {dagbag.py:545} INFO - Filling up the DagBag from /home/logi/txtai/venv/lib/python3.10/site-packages/airflow/example_dags/example_trigger_controller_dag.py
[2025-11-12T12:24:25.361+0530] {processor.py:840} INFO - DAG(s) 'example_trigger_controller_dag' retrieved from /home/logi/txtai/venv/lib/python3.10/site-packages/airflow/example_dags/example_trigger_controller_dag.py
[2025-11-12T12:24:25.384+0530] {logging_mixin.py:188} INFO - [2025-11-12T12:24:25.383+0530] {dag.py:3089} INFO - Sync 1 DAGs
[2025-11-12T12:24:25.400+0530] {logging_mixin.py:188} INFO - [2025-11-12T12:24:25.400+0530] {dag.py:3947} INFO - Setting next_dagrun for example_trigger_controller_dag to 2021-01-01 00:00:00+00:00, run_after=2021-01-01 00:00:00+00:00
[2025-11-12T12:24:25.421+0530] {processor.py:183} INFO - Processing /home/logi/txtai/venv/lib/python3.10/site-packages/airflow/example_dags/example_trigger_controller_dag.py took 0.084 seconds
[2025-11-12T12:25:20.904+0530] {processor.py:161} INFO - Started process (PID=13329) to work on /home/logi/txtai/venv/lib/python3.10/site-packages/airflow/example_dags/example_trigger_controller_dag.py
[2025-11-12T12:25:20.907+0530] {processor.py:830} INFO - Processing file /home/logi/txtai/venv/lib/python3.10/site-packages/airflow/example_dags/example_trigger_controller_dag.py for tasks to queue
[2025-11-12T12:25:20.910+0530] {logging_mixin.py:188} INFO - [2025-11-12T12:25:20.909+0530] {dagbag.py:545} INFO - Filling up the DagBag from /home/logi/txtai/venv/lib/python3.10/site-packages/airflow/example_dags/example_trigger_controller_dag.py
[2025-11-12T12:25:20.919+0530] {processor.py:840} INFO - DAG(s) 'example_trigger_controller_dag' retrieved from /home/logi/txtai/venv/lib/python3.10/site-packages/airflow/example_dags/example_trigger_controller_dag.py
[2025-11-12T12:25:20.942+0530] {logging_mixin.py:188} INFO - [2025-11-12T12:25:20.941+0530] {dag.py:3089} INFO - Sync 1 DAGs
[2025-11-12T12:25:20.957+0530] {logging_mixin.py:188} INFO - [2025-11-12T12:25:20.957+0530] {dag.py:3947} INFO - Setting next_dagrun for example_trigger_controller_dag to 2021-01-01 00:00:00+00:00, run_after=2021-01-01 00:00:00+00:00
[2025-11-12T12:25:20.978+0530] {processor.py:183} INFO - Processing /home/logi/txtai/venv/lib/python3.10/site-packages/airflow/example_dags/example_trigger_controller_dag.py took 0.086 seconds
[2025-11-12T12:26:31.944+0530] {processor.py:161} INFO - Started process (PID=13981) to work on /home/logi/txtai/venv/lib/python3.10/site-packages/airflow/example_dags/example_trigger_controller_dag.py
[2025-11-12T12:26:31.946+0530] {processor.py:830} INFO - Processing file /home/logi/txtai/venv/lib/python3.10/site-packages/airflow/example_dags/example_trigger_controller_dag.py for tasks to queue
[2025-11-12T12:26:31.949+0530] {logging_mixin.py:188} INFO - [2025-11-12T12:26:31.948+0530] {dagbag.py:545} INFO - Filling up the DagBag from /home/logi/txtai/venv/lib/python3.10/site-packages/airflow/example_dags/example_trigger_controller_dag.py
[2025-11-12T12:26:31.957+0530] {processor.py:840} INFO - DAG(s) 'example_trigger_controller_dag' retrieved from /home/logi/txtai/venv/lib/python3.10/site-packages/airflow/example_dags/example_trigger_controller_dag.py
[2025-11-12T12:26:31.982+0530] {logging_mixin.py:188} INFO - [2025-11-12T12:26:31.982+0530] {dag.py:3089} INFO - Sync 1 DAGs
[2025-11-12T12:26:31.999+0530] {logging_mixin.py:188} INFO - [2025-11-12T12:26:31.999+0530] {dag.py:3947} INFO - Setting next_dagrun for example_trigger_controller_dag to 2021-01-01 00:00:00+00:00, run_after=2021-01-01 00:00:00+00:00
[2025-11-12T12:26:32.019+0530] {processor.py:183} INFO - Processing /home/logi/txtai/venv/lib/python3.10/site-packages/airflow/example_dags/example_trigger_controller_dag.py took 0.086 seconds
[2025-11-12T12:27:29.839+0530] {processor.py:161} INFO - Started process (PID=14403) to work on /home/logi/txtai/venv/lib/python3.10/site-packages/airflow/example_dags/example_trigger_controller_dag.py
[2025-11-12T12:27:29.842+0530] {processor.py:830} INFO - Processing file /home/logi/txtai/venv/lib/python3.10/site-packages/airflow/example_dags/example_trigger_controller_dag.py for tasks to queue
[2025-11-12T12:27:29.845+0530] {logging_mixin.py:188} INFO - [2025-11-12T12:27:29.844+0530] {dagbag.py:545} INFO - Filling up the DagBag from /home/logi/txtai/venv/lib/python3.10/site-packages/airflow/example_dags/example_trigger_controller_dag.py
[2025-11-12T12:27:29.854+0530] {processor.py:840} INFO - DAG(s) 'example_trigger_controller_dag' retrieved from /home/logi/txtai/venv/lib/python3.10/site-packages/airflow/example_dags/example_trigger_controller_dag.py
[2025-11-12T12:27:29.880+0530] {logging_mixin.py:188} INFO - [2025-11-12T12:27:29.880+0530] {dag.py:3089} INFO - Sync 1 DAGs
[2025-11-12T12:27:29.897+0530] {logging_mixin.py:188} INFO - [2025-11-12T12:27:29.896+0530] {dag.py:3947} INFO - Setting next_dagrun for example_trigger_controller_dag to 2021-01-01 00:00:00+00:00, run_after=2021-01-01 00:00:00+00:00
[2025-11-12T12:27:29.917+0530] {processor.py:183} INFO - Processing /home/logi/txtai/venv/lib/python3.10/site-packages/airflow/example_dags/example_trigger_controller_dag.py took 0.089 seconds
[2025-11-12T12:28:27.770+0530] {processor.py:161} INFO - Started process (PID=14836) to work on /home/logi/txtai/venv/lib/python3.10/site-packages/airflow/example_dags/example_trigger_controller_dag.py
[2025-11-12T12:28:27.778+0530] {processor.py:830} INFO - Processing file /home/logi/txtai/venv/lib/python3.10/site-packages/airflow/example_dags/example_trigger_controller_dag.py for tasks to queue
[2025-11-12T12:28:27.781+0530] {logging_mixin.py:188} INFO - [2025-11-12T12:28:27.781+0530] {dagbag.py:545} INFO - Filling up the DagBag from /home/logi/txtai/venv/lib/python3.10/site-packages/airflow/example_dags/example_trigger_controller_dag.py
[2025-11-12T12:28:27.790+0530] {processor.py:840} INFO - DAG(s) 'example_trigger_controller_dag' retrieved from /home/logi/txtai/venv/lib/python3.10/site-packages/airflow/example_dags/example_trigger_controller_dag.py
[2025-11-12T12:28:27.816+0530] {logging_mixin.py:188} INFO - [2025-11-12T12:28:27.815+0530] {dag.py:3089} INFO - Sync 1 DAGs
[2025-11-12T12:28:27.832+0530] {logging_mixin.py:188} INFO - [2025-11-12T12:28:27.832+0530] {dag.py:3947} INFO - Setting next_dagrun for example_trigger_controller_dag to 2021-01-01 00:00:00+00:00, run_after=2021-01-01 00:00:00+00:00
[2025-11-12T12:28:27.851+0530] {processor.py:183} INFO - Processing /home/logi/txtai/venv/lib/python3.10/site-packages/airflow/example_dags/example_trigger_controller_dag.py took 0.092 seconds
[2025-11-12T12:29:29.819+0530] {processor.py:161} INFO - Started process (PID=15294) to work on /home/logi/txtai/venv/lib/python3.10/site-packages/airflow/example_dags/example_trigger_controller_dag.py
[2025-11-12T12:29:29.832+0530] {processor.py:830} INFO - Processing file /home/logi/txtai/venv/lib/python3.10/site-packages/airflow/example_dags/example_trigger_controller_dag.py for tasks to queue
[2025-11-12T12:29:29.836+0530] {logging_mixin.py:188} INFO - [2025-11-12T12:29:29.835+0530] {dagbag.py:545} INFO - Filling up the DagBag from /home/logi/txtai/venv/lib/python3.10/site-packages/airflow/example_dags/example_trigger_controller_dag.py
[2025-11-12T12:29:29.845+0530] {processor.py:840} INFO - DAG(s) 'example_trigger_controller_dag' retrieved from /home/logi/txtai/venv/lib/python3.10/site-packages/airflow/example_dags/example_trigger_controller_dag.py
[2025-11-12T12:29:29.874+0530] {logging_mixin.py:188} INFO - [2025-11-12T12:29:29.874+0530] {dag.py:3089} INFO - Sync 1 DAGs
[2025-11-12T12:29:29.900+0530] {logging_mixin.py:188} INFO - [2025-11-12T12:29:29.900+0530] {dag.py:3947} INFO - Setting next_dagrun for example_trigger_controller_dag to 2021-01-01 00:00:00+00:00, run_after=2021-01-01 00:00:00+00:00
[2025-11-12T12:29:29.921+0530] {processor.py:183} INFO - Processing /home/logi/txtai/venv/lib/python3.10/site-packages/airflow/example_dags/example_trigger_controller_dag.py took 0.114 seconds
[2025-11-12T12:30:38.638+0530] {processor.py:161} INFO - Started process (PID=15841) to work on /home/logi/txtai/venv/lib/python3.10/site-packages/airflow/example_dags/example_trigger_controller_dag.py
[2025-11-12T12:30:38.651+0530] {processor.py:830} INFO - Processing file /home/logi/txtai/venv/lib/python3.10/site-packages/airflow/example_dags/example_trigger_controller_dag.py for tasks to queue
[2025-11-12T12:30:38.654+0530] {logging_mixin.py:188} INFO - [2025-11-12T12:30:38.654+0530] {dagbag.py:545} INFO - Filling up the DagBag from /home/logi/txtai/venv/lib/python3.10/site-packages/airflow/example_dags/example_trigger_controller_dag.py
[2025-11-12T12:30:38.663+0530] {processor.py:840} INFO - DAG(s) 'example_trigger_controller_dag' retrieved from /home/logi/txtai/venv/lib/python3.10/site-packages/airflow/example_dags/example_trigger_controller_dag.py
[2025-11-12T12:30:38.689+0530] {logging_mixin.py:188} INFO - [2025-11-12T12:30:38.689+0530] {dag.py:3089} INFO - Sync 1 DAGs
[2025-11-12T12:30:38.712+0530] {logging_mixin.py:188} INFO - [2025-11-12T12:30:38.711+0530] {dag.py:3947} INFO - Setting next_dagrun for example_trigger_controller_dag to 2021-01-01 00:00:00+00:00, run_after=2021-01-01 00:00:00+00:00
[2025-11-12T12:30:38.740+0530] {processor.py:183} INFO - Processing /home/logi/txtai/venv/lib/python3.10/site-packages/airflow/example_dags/example_trigger_controller_dag.py took 0.113 seconds
[2025-11-12T12:31:36.934+0530] {processor.py:161} INFO - Started process (PID=16435) to work on /home/logi/txtai/venv/lib/python3.10/site-packages/airflow/example_dags/example_trigger_controller_dag.py
[2025-11-12T12:31:36.948+0530] {processor.py:830} INFO - Processing file /home/logi/txtai/venv/lib/python3.10/site-packages/airflow/example_dags/example_trigger_controller_dag.py for tasks to queue
[2025-11-12T12:31:36.951+0530] {logging_mixin.py:188} INFO - [2025-11-12T12:31:36.950+0530] {dagbag.py:545} INFO - Filling up the DagBag from /home/logi/txtai/venv/lib/python3.10/site-packages/airflow/example_dags/example_trigger_controller_dag.py
[2025-11-12T12:31:36.960+0530] {processor.py:840} INFO - DAG(s) 'example_trigger_controller_dag' retrieved from /home/logi/txtai/venv/lib/python3.10/site-packages/airflow/example_dags/example_trigger_controller_dag.py
[2025-11-12T12:31:36.986+0530] {logging_mixin.py:188} INFO - [2025-11-12T12:31:36.985+0530] {dag.py:3089} INFO - Sync 1 DAGs
[2025-11-12T12:31:37.007+0530] {logging_mixin.py:188} INFO - [2025-11-12T12:31:37.007+0530] {dag.py:3947} INFO - Setting next_dagrun for example_trigger_controller_dag to 2021-01-01 00:00:00+00:00, run_after=2021-01-01 00:00:00+00:00
[2025-11-12T12:31:37.027+0530] {processor.py:183} INFO - Processing /home/logi/txtai/venv/lib/python3.10/site-packages/airflow/example_dags/example_trigger_controller_dag.py took 0.103 seconds
[2025-11-12T12:33:51.693+0530] {processor.py:161} INFO - Started process (PID=16775) to work on /home/logi/txtai/venv/lib/python3.10/site-packages/airflow/example_dags/example_trigger_controller_dag.py
[2025-11-12T12:33:51.706+0530] {processor.py:830} INFO - Processing file /home/logi/txtai/venv/lib/python3.10/site-packages/airflow/example_dags/example_trigger_controller_dag.py for tasks to queue
[2025-11-12T12:33:51.710+0530] {logging_mixin.py:188} INFO - [2025-11-12T12:33:51.709+0530] {dagbag.py:545} INFO - Filling up the DagBag from /home/logi/txtai/venv/lib/python3.10/site-packages/airflow/example_dags/example_trigger_controller_dag.py
[2025-11-12T12:33:51.719+0530] {processor.py:840} INFO - DAG(s) 'example_trigger_controller_dag' retrieved from /home/logi/txtai/venv/lib/python3.10/site-packages/airflow/example_dags/example_trigger_controller_dag.py
[2025-11-12T12:33:51.746+0530] {logging_mixin.py:188} INFO - [2025-11-12T12:33:51.745+0530] {dag.py:3089} INFO - Sync 1 DAGs
[2025-11-12T12:33:51.768+0530] {logging_mixin.py:188} INFO - [2025-11-12T12:33:51.767+0530] {dag.py:3947} INFO - Setting next_dagrun for example_trigger_controller_dag to 2021-01-01 00:00:00+00:00, run_after=2021-01-01 00:00:00+00:00
[2025-11-12T12:33:51.796+0530] {processor.py:183} INFO - Processing /home/logi/txtai/venv/lib/python3.10/site-packages/airflow/example_dags/example_trigger_controller_dag.py took 0.115 seconds
[2025-11-12T12:34:44.964+0530] {processor.py:161} INFO - Started process (PID=16855) to work on /home/logi/txtai/venv/lib/python3.10/site-packages/airflow/example_dags/example_trigger_controller_dag.py
[2025-11-12T12:34:44.978+0530] {processor.py:830} INFO - Processing file /home/logi/txtai/venv/lib/python3.10/site-packages/airflow/example_dags/example_trigger_controller_dag.py for tasks to queue
[2025-11-12T12:34:44.981+0530] {logging_mixin.py:188} INFO - [2025-11-12T12:34:44.980+0530] {dagbag.py:545} INFO - Filling up the DagBag from /home/logi/txtai/venv/lib/python3.10/site-packages/airflow/example_dags/example_trigger_controller_dag.py
[2025-11-12T12:34:44.990+0530] {processor.py:840} INFO - DAG(s) 'example_trigger_controller_dag' retrieved from /home/logi/txtai/venv/lib/python3.10/site-packages/airflow/example_dags/example_trigger_controller_dag.py
[2025-11-12T12:34:45.015+0530] {logging_mixin.py:188} INFO - [2025-11-12T12:34:45.015+0530] {dag.py:3089} INFO - Sync 1 DAGs
[2025-11-12T12:34:45.036+0530] {logging_mixin.py:188} INFO - [2025-11-12T12:34:45.036+0530] {dag.py:3947} INFO - Setting next_dagrun for example_trigger_controller_dag to 2021-01-01 00:00:00+00:00, run_after=2021-01-01 00:00:00+00:00
[2025-11-12T12:34:45.065+0530] {processor.py:183} INFO - Processing /home/logi/txtai/venv/lib/python3.10/site-packages/airflow/example_dags/example_trigger_controller_dag.py took 0.111 seconds
[2025-11-12T12:35:50.272+0530] {processor.py:161} INFO - Started process (PID=16949) to work on /home/logi/txtai/venv/lib/python3.10/site-packages/airflow/example_dags/example_trigger_controller_dag.py
[2025-11-12T12:35:50.286+0530] {processor.py:830} INFO - Processing file /home/logi/txtai/venv/lib/python3.10/site-packages/airflow/example_dags/example_trigger_controller_dag.py for tasks to queue
[2025-11-12T12:35:50.290+0530] {logging_mixin.py:188} INFO - [2025-11-12T12:35:50.289+0530] {dagbag.py:545} INFO - Filling up the DagBag from /home/logi/txtai/venv/lib/python3.10/site-packages/airflow/example_dags/example_trigger_controller_dag.py
[2025-11-12T12:35:50.299+0530] {processor.py:840} INFO - DAG(s) 'example_trigger_controller_dag' retrieved from /home/logi/txtai/venv/lib/python3.10/site-packages/airflow/example_dags/example_trigger_controller_dag.py
[2025-11-12T12:35:50.325+0530] {logging_mixin.py:188} INFO - [2025-11-12T12:35:50.325+0530] {dag.py:3089} INFO - Sync 1 DAGs
[2025-11-12T12:35:50.349+0530] {logging_mixin.py:188} INFO - [2025-11-12T12:35:50.349+0530] {dag.py:3947} INFO - Setting next_dagrun for example_trigger_controller_dag to 2021-01-01 00:00:00+00:00, run_after=2021-01-01 00:00:00+00:00
[2025-11-12T12:35:50.370+0530] {processor.py:183} INFO - Processing /home/logi/txtai/venv/lib/python3.10/site-packages/airflow/example_dags/example_trigger_controller_dag.py took 0.110 seconds
[2025-11-12T12:36:55.754+0530] {processor.py:161} INFO - Started process (PID=17236) to work on /home/logi/txtai/venv/lib/python3.10/site-packages/airflow/example_dags/example_trigger_controller_dag.py
[2025-11-12T12:36:55.768+0530] {processor.py:830} INFO - Processing file /home/logi/txtai/venv/lib/python3.10/site-packages/airflow/example_dags/example_trigger_controller_dag.py for tasks to queue
[2025-11-12T12:36:55.771+0530] {logging_mixin.py:188} INFO - [2025-11-12T12:36:55.770+0530] {dagbag.py:545} INFO - Filling up the DagBag from /home/logi/txtai/venv/lib/python3.10/site-packages/airflow/example_dags/example_trigger_controller_dag.py
[2025-11-12T12:36:55.780+0530] {processor.py:840} INFO - DAG(s) 'example_trigger_controller_dag' retrieved from /home/logi/txtai/venv/lib/python3.10/site-packages/airflow/example_dags/example_trigger_controller_dag.py
[2025-11-12T12:36:55.805+0530] {logging_mixin.py:188} INFO - [2025-11-12T12:36:55.804+0530] {dag.py:3089} INFO - Sync 1 DAGs
[2025-11-12T12:36:55.827+0530] {logging_mixin.py:188} INFO - [2025-11-12T12:36:55.827+0530] {dag.py:3947} INFO - Setting next_dagrun for example_trigger_controller_dag to 2021-01-01 00:00:00+00:00, run_after=2021-01-01 00:00:00+00:00
[2025-11-12T12:36:55.858+0530] {processor.py:183} INFO - Processing /home/logi/txtai/venv/lib/python3.10/site-packages/airflow/example_dags/example_trigger_controller_dag.py took 0.115 seconds
[2025-11-12T12:38:01.820+0530] {processor.py:161} INFO - Started process (PID=17333) to work on /home/logi/txtai/venv/lib/python3.10/site-packages/airflow/example_dags/example_trigger_controller_dag.py
[2025-11-12T12:38:01.822+0530] {processor.py:830} INFO - Processing file /home/logi/txtai/venv/lib/python3.10/site-packages/airflow/example_dags/example_trigger_controller_dag.py for tasks to queue
[2025-11-12T12:38:01.825+0530] {logging_mixin.py:188} INFO - [2025-11-12T12:38:01.824+0530] {dagbag.py:545} INFO - Filling up the DagBag from /home/logi/txtai/venv/lib/python3.10/site-packages/airflow/example_dags/example_trigger_controller_dag.py
[2025-11-12T12:38:01.833+0530] {processor.py:840} INFO - DAG(s) 'example_trigger_controller_dag' retrieved from /home/logi/txtai/venv/lib/python3.10/site-packages/airflow/example_dags/example_trigger_controller_dag.py
[2025-11-12T12:38:01.852+0530] {logging_mixin.py:188} INFO - [2025-11-12T12:38:01.852+0530] {dag.py:3089} INFO - Sync 1 DAGs
[2025-11-12T12:38:01.865+0530] {logging_mixin.py:188} INFO - [2025-11-12T12:38:01.865+0530] {dag.py:3947} INFO - Setting next_dagrun for example_trigger_controller_dag to 2021-01-01 00:00:00+00:00, run_after=2021-01-01 00:00:00+00:00
[2025-11-12T12:38:01.882+0530] {processor.py:183} INFO - Processing /home/logi/txtai/venv/lib/python3.10/site-packages/airflow/example_dags/example_trigger_controller_dag.py took 0.074 seconds
[2025-11-12T12:39:07.979+0530] {processor.py:161} INFO - Started process (PID=17443) to work on /home/logi/txtai/venv/lib/python3.10/site-packages/airflow/example_dags/example_trigger_controller_dag.py
[2025-11-12T12:39:07.993+0530] {processor.py:830} INFO - Processing file /home/logi/txtai/venv/lib/python3.10/site-packages/airflow/example_dags/example_trigger_controller_dag.py for tasks to queue
[2025-11-12T12:39:07.996+0530] {logging_mixin.py:188} INFO - [2025-11-12T12:39:07.995+0530] {dagbag.py:545} INFO - Filling up the DagBag from /home/logi/txtai/venv/lib/python3.10/site-packages/airflow/example_dags/example_trigger_controller_dag.py
[2025-11-12T12:39:08.005+0530] {processor.py:840} INFO - DAG(s) 'example_trigger_controller_dag' retrieved from /home/logi/txtai/venv/lib/python3.10/site-packages/airflow/example_dags/example_trigger_controller_dag.py
[2025-11-12T12:39:08.023+0530] {logging_mixin.py:188} INFO - [2025-11-12T12:39:08.022+0530] {dag.py:3089} INFO - Sync 1 DAGs
[2025-11-12T12:39:08.039+0530] {logging_mixin.py:188} INFO - [2025-11-12T12:39:08.039+0530] {dag.py:3947} INFO - Setting next_dagrun for example_trigger_controller_dag to 2021-01-01 00:00:00+00:00, run_after=2021-01-01 00:00:00+00:00
[2025-11-12T12:39:08.059+0530] {processor.py:183} INFO - Processing /home/logi/txtai/venv/lib/python3.10/site-packages/airflow/example_dags/example_trigger_controller_dag.py took 0.091 seconds
[2025-11-12T12:40:09.361+0530] {processor.py:161} INFO - Started process (PID=17538) to work on /home/logi/txtai/venv/lib/python3.10/site-packages/airflow/example_dags/example_trigger_controller_dag.py
[2025-11-12T12:40:09.376+0530] {processor.py:830} INFO - Processing file /home/logi/txtai/venv/lib/python3.10/site-packages/airflow/example_dags/example_trigger_controller_dag.py for tasks to queue
[2025-11-12T12:40:09.379+0530] {logging_mixin.py:188} INFO - [2025-11-12T12:40:09.379+0530] {dagbag.py:545} INFO - Filling up the DagBag from /home/logi/txtai/venv/lib/python3.10/site-packages/airflow/example_dags/example_trigger_controller_dag.py
[2025-11-12T12:40:09.389+0530] {processor.py:840} INFO - DAG(s) 'example_trigger_controller_dag' retrieved from /home/logi/txtai/venv/lib/python3.10/site-packages/airflow/example_dags/example_trigger_controller_dag.py
[2025-11-12T12:40:09.416+0530] {logging_mixin.py:188} INFO - [2025-11-12T12:40:09.415+0530] {dag.py:3089} INFO - Sync 1 DAGs
[2025-11-12T12:40:09.436+0530] {logging_mixin.py:188} INFO - [2025-11-12T12:40:09.436+0530] {dag.py:3947} INFO - Setting next_dagrun for example_trigger_controller_dag to 2021-01-01 00:00:00+00:00, run_after=2021-01-01 00:00:00+00:00
[2025-11-12T12:40:09.465+0530] {processor.py:183} INFO - Processing /home/logi/txtai/venv/lib/python3.10/site-packages/airflow/example_dags/example_trigger_controller_dag.py took 0.115 seconds
[2025-11-12T12:41:09.133+0530] {processor.py:161} INFO - Started process (PID=17716) to work on /home/logi/txtai/venv/lib/python3.10/site-packages/airflow/example_dags/example_trigger_controller_dag.py
[2025-11-12T12:41:09.147+0530] {processor.py:830} INFO - Processing file /home/logi/txtai/venv/lib/python3.10/site-packages/airflow/example_dags/example_trigger_controller_dag.py for tasks to queue
[2025-11-12T12:41:09.150+0530] {logging_mixin.py:188} INFO - [2025-11-12T12:41:09.150+0530] {dagbag.py:545} INFO - Filling up the DagBag from /home/logi/txtai/venv/lib/python3.10/site-packages/airflow/example_dags/example_trigger_controller_dag.py
[2025-11-12T12:41:09.159+0530] {processor.py:840} INFO - DAG(s) 'example_trigger_controller_dag' retrieved from /home/logi/txtai/venv/lib/python3.10/site-packages/airflow/example_dags/example_trigger_controller_dag.py
[2025-11-12T12:41:09.187+0530] {logging_mixin.py:188} INFO - [2025-11-12T12:41:09.186+0530] {dag.py:3089} INFO - Sync 1 DAGs
[2025-11-12T12:41:09.206+0530] {logging_mixin.py:188} INFO - [2025-11-12T12:41:09.206+0530] {dag.py:3947} INFO - Setting next_dagrun for example_trigger_controller_dag to 2021-01-01 00:00:00+00:00, run_after=2021-01-01 00:00:00+00:00
[2025-11-12T12:41:09.233+0530] {processor.py:183} INFO - Processing /home/logi/txtai/venv/lib/python3.10/site-packages/airflow/example_dags/example_trigger_controller_dag.py took 0.113 seconds
[2025-11-12T12:41:58.689+0530] {processor.py:161} INFO - Started process (PID=18057) to work on /home/logi/txtai/venv/lib/python3.10/site-packages/airflow/example_dags/example_trigger_controller_dag.py
[2025-11-12T12:41:58.702+0530] {processor.py:830} INFO - Processing file /home/logi/txtai/venv/lib/python3.10/site-packages/airflow/example_dags/example_trigger_controller_dag.py for tasks to queue
[2025-11-12T12:41:58.704+0530] {logging_mixin.py:188} INFO - [2025-11-12T12:41:58.704+0530] {dagbag.py:545} INFO - Filling up the DagBag from /home/logi/txtai/venv/lib/python3.10/site-packages/airflow/example_dags/example_trigger_controller_dag.py
[2025-11-12T12:41:58.710+0530] {processor.py:840} INFO - DAG(s) 'example_trigger_controller_dag' retrieved from /home/logi/txtai/venv/lib/python3.10/site-packages/airflow/example_dags/example_trigger_controller_dag.py
[2025-11-12T12:41:58.725+0530] {logging_mixin.py:188} INFO - [2025-11-12T12:41:58.725+0530] {dag.py:3089} INFO - Sync 1 DAGs
[2025-11-12T12:41:58.743+0530] {logging_mixin.py:188} INFO - [2025-11-12T12:41:58.743+0530] {dag.py:3947} INFO - Setting next_dagrun for example_trigger_controller_dag to 2021-01-01 00:00:00+00:00, run_after=2021-01-01 00:00:00+00:00
[2025-11-12T12:41:58.773+0530] {processor.py:183} INFO - Processing /home/logi/txtai/venv/lib/python3.10/site-packages/airflow/example_dags/example_trigger_controller_dag.py took 0.091 seconds
[2025-11-12T12:42:57.040+0530] {processor.py:161} INFO - Started process (PID=18229) to work on /home/logi/txtai/venv/lib/python3.10/site-packages/airflow/example_dags/example_trigger_controller_dag.py
[2025-11-12T12:42:57.053+0530] {processor.py:830} INFO - Processing file /home/logi/txtai/venv/lib/python3.10/site-packages/airflow/example_dags/example_trigger_controller_dag.py for tasks to queue
[2025-11-12T12:42:57.055+0530] {logging_mixin.py:188} INFO - [2025-11-12T12:42:57.055+0530] {dagbag.py:545} INFO - Filling up the DagBag from /home/logi/txtai/venv/lib/python3.10/site-packages/airflow/example_dags/example_trigger_controller_dag.py
[2025-11-12T12:42:57.064+0530] {processor.py:840} INFO - DAG(s) 'example_trigger_controller_dag' retrieved from /home/logi/txtai/venv/lib/python3.10/site-packages/airflow/example_dags/example_trigger_controller_dag.py
[2025-11-12T12:42:57.087+0530] {logging_mixin.py:188} INFO - [2025-11-12T12:42:57.087+0530] {dag.py:3089} INFO - Sync 1 DAGs
[2025-11-12T12:42:57.110+0530] {logging_mixin.py:188} INFO - [2025-11-12T12:42:57.110+0530] {dag.py:3947} INFO - Setting next_dagrun for example_trigger_controller_dag to 2021-01-01 00:00:00+00:00, run_after=2021-01-01 00:00:00+00:00
[2025-11-12T12:42:57.127+0530] {processor.py:183} INFO - Processing /home/logi/txtai/venv/lib/python3.10/site-packages/airflow/example_dags/example_trigger_controller_dag.py took 0.098 seconds
[2025-11-12T12:43:53.033+0530] {processor.py:161} INFO - Started process (PID=18653) to work on /home/logi/txtai/venv/lib/python3.10/site-packages/airflow/example_dags/example_trigger_controller_dag.py
[2025-11-12T12:43:53.035+0530] {processor.py:830} INFO - Processing file /home/logi/txtai/venv/lib/python3.10/site-packages/airflow/example_dags/example_trigger_controller_dag.py for tasks to queue
[2025-11-12T12:43:53.038+0530] {logging_mixin.py:188} INFO - [2025-11-12T12:43:53.037+0530] {dagbag.py:545} INFO - Filling up the DagBag from /home/logi/txtai/venv/lib/python3.10/site-packages/airflow/example_dags/example_trigger_controller_dag.py
[2025-11-12T12:43:53.046+0530] {processor.py:840} INFO - DAG(s) 'example_trigger_controller_dag' retrieved from /home/logi/txtai/venv/lib/python3.10/site-packages/airflow/example_dags/example_trigger_controller_dag.py
[2025-11-12T12:43:53.062+0530] {logging_mixin.py:188} INFO - [2025-11-12T12:43:53.062+0530] {dag.py:3089} INFO - Sync 1 DAGs
[2025-11-12T12:43:53.085+0530] {logging_mixin.py:188} INFO - [2025-11-12T12:43:53.084+0530] {dag.py:3947} INFO - Setting next_dagrun for example_trigger_controller_dag to 2021-01-01 00:00:00+00:00, run_after=2021-01-01 00:00:00+00:00
[2025-11-12T12:43:53.126+0530] {processor.py:183} INFO - Processing /home/logi/txtai/venv/lib/python3.10/site-packages/airflow/example_dags/example_trigger_controller_dag.py took 0.104 seconds
[2025-11-12T12:44:52.225+0530] {processor.py:161} INFO - Started process (PID=19095) to work on /home/logi/txtai/venv/lib/python3.10/site-packages/airflow/example_dags/example_trigger_controller_dag.py
[2025-11-12T12:44:52.238+0530] {processor.py:830} INFO - Processing file /home/logi/txtai/venv/lib/python3.10/site-packages/airflow/example_dags/example_trigger_controller_dag.py for tasks to queue
[2025-11-12T12:44:52.241+0530] {logging_mixin.py:188} INFO - [2025-11-12T12:44:52.240+0530] {dagbag.py:545} INFO - Filling up the DagBag from /home/logi/txtai/venv/lib/python3.10/site-packages/airflow/example_dags/example_trigger_controller_dag.py
[2025-11-12T12:44:52.250+0530] {processor.py:840} INFO - DAG(s) 'example_trigger_controller_dag' retrieved from /home/logi/txtai/venv/lib/python3.10/site-packages/airflow/example_dags/example_trigger_controller_dag.py
[2025-11-12T12:44:52.275+0530] {logging_mixin.py:188} INFO - [2025-11-12T12:44:52.274+0530] {dag.py:3089} INFO - Sync 1 DAGs
[2025-11-12T12:44:52.292+0530] {logging_mixin.py:188} INFO - [2025-11-12T12:44:52.292+0530] {dag.py:3947} INFO - Setting next_dagrun for example_trigger_controller_dag to 2021-01-01 00:00:00+00:00, run_after=2021-01-01 00:00:00+00:00
[2025-11-12T12:44:52.311+0530] {processor.py:183} INFO - Processing /home/logi/txtai/venv/lib/python3.10/site-packages/airflow/example_dags/example_trigger_controller_dag.py took 0.092 seconds
[2025-11-12T12:45:48.997+0530] {processor.py:161} INFO - Started process (PID=19507) to work on /home/logi/txtai/venv/lib/python3.10/site-packages/airflow/example_dags/example_trigger_controller_dag.py
[2025-11-12T12:45:48.999+0530] {processor.py:830} INFO - Processing file /home/logi/txtai/venv/lib/python3.10/site-packages/airflow/example_dags/example_trigger_controller_dag.py for tasks to queue
[2025-11-12T12:45:49.001+0530] {logging_mixin.py:188} INFO - [2025-11-12T12:45:49.001+0530] {dagbag.py:545} INFO - Filling up the DagBag from /home/logi/txtai/venv/lib/python3.10/site-packages/airflow/example_dags/example_trigger_controller_dag.py
[2025-11-12T12:45:49.009+0530] {processor.py:840} INFO - DAG(s) 'example_trigger_controller_dag' retrieved from /home/logi/txtai/venv/lib/python3.10/site-packages/airflow/example_dags/example_trigger_controller_dag.py
[2025-11-12T12:45:49.033+0530] {logging_mixin.py:188} INFO - [2025-11-12T12:45:49.032+0530] {dag.py:3089} INFO - Sync 1 DAGs
[2025-11-12T12:45:49.048+0530] {logging_mixin.py:188} INFO - [2025-11-12T12:45:49.047+0530] {dag.py:3947} INFO - Setting next_dagrun for example_trigger_controller_dag to 2021-01-01 00:00:00+00:00, run_after=2021-01-01 00:00:00+00:00
[2025-11-12T12:45:49.097+0530] {processor.py:183} INFO - Processing /home/logi/txtai/venv/lib/python3.10/site-packages/airflow/example_dags/example_trigger_controller_dag.py took 0.110 seconds
[2025-11-12T12:46:58.630+0530] {processor.py:161} INFO - Started process (PID=20189) to work on /home/logi/txtai/venv/lib/python3.10/site-packages/airflow/example_dags/example_trigger_controller_dag.py
[2025-11-12T12:46:58.636+0530] {processor.py:830} INFO - Processing file /home/logi/txtai/venv/lib/python3.10/site-packages/airflow/example_dags/example_trigger_controller_dag.py for tasks to queue
[2025-11-12T12:46:58.640+0530] {logging_mixin.py:188} INFO - [2025-11-12T12:46:58.639+0530] {dagbag.py:545} INFO - Filling up the DagBag from /home/logi/txtai/venv/lib/python3.10/site-packages/airflow/example_dags/example_trigger_controller_dag.py
[2025-11-12T12:46:58.649+0530] {processor.py:840} INFO - DAG(s) 'example_trigger_controller_dag' retrieved from /home/logi/txtai/venv/lib/python3.10/site-packages/airflow/example_dags/example_trigger_controller_dag.py
[2025-11-12T12:46:58.678+0530] {logging_mixin.py:188} INFO - [2025-11-12T12:46:58.677+0530] {dag.py:3089} INFO - Sync 1 DAGs
[2025-11-12T12:46:58.695+0530] {logging_mixin.py:188} INFO - [2025-11-12T12:46:58.695+0530] {dag.py:3947} INFO - Setting next_dagrun for example_trigger_controller_dag to 2021-01-01 00:00:00+00:00, run_after=2021-01-01 00:00:00+00:00
[2025-11-12T12:46:58.723+0530] {processor.py:183} INFO - Processing /home/logi/txtai/venv/lib/python3.10/site-packages/airflow/example_dags/example_trigger_controller_dag.py took 0.104 seconds
[2025-11-12T12:47:56.258+0530] {processor.py:161} INFO - Started process (PID=20420) to work on /home/logi/txtai/venv/lib/python3.10/site-packages/airflow/example_dags/example_trigger_controller_dag.py
[2025-11-12T12:47:56.272+0530] {processor.py:830} INFO - Processing file /home/logi/txtai/venv/lib/python3.10/site-packages/airflow/example_dags/example_trigger_controller_dag.py for tasks to queue
[2025-11-12T12:47:56.277+0530] {logging_mixin.py:188} INFO - [2025-11-12T12:47:56.276+0530] {dagbag.py:545} INFO - Filling up the DagBag from /home/logi/txtai/venv/lib/python3.10/site-packages/airflow/example_dags/example_trigger_controller_dag.py
[2025-11-12T12:47:56.290+0530] {processor.py:840} INFO - DAG(s) 'example_trigger_controller_dag' retrieved from /home/logi/txtai/venv/lib/python3.10/site-packages/airflow/example_dags/example_trigger_controller_dag.py
[2025-11-12T12:47:56.322+0530] {logging_mixin.py:188} INFO - [2025-11-12T12:47:56.322+0530] {dag.py:3089} INFO - Sync 1 DAGs
[2025-11-12T12:47:56.340+0530] {logging_mixin.py:188} INFO - [2025-11-12T12:47:56.340+0530] {dag.py:3947} INFO - Setting next_dagrun for example_trigger_controller_dag to 2021-01-01 00:00:00+00:00, run_after=2021-01-01 00:00:00+00:00
[2025-11-12T12:47:56.361+0530] {processor.py:183} INFO - Processing /home/logi/txtai/venv/lib/python3.10/site-packages/airflow/example_dags/example_trigger_controller_dag.py took 0.119 seconds
[2025-11-12T12:48:52.673+0530] {processor.py:161} INFO - Started process (PID=20563) to work on /home/logi/txtai/venv/lib/python3.10/site-packages/airflow/example_dags/example_trigger_controller_dag.py
[2025-11-12T12:48:52.686+0530] {processor.py:830} INFO - Processing file /home/logi/txtai/venv/lib/python3.10/site-packages/airflow/example_dags/example_trigger_controller_dag.py for tasks to queue
[2025-11-12T12:48:52.689+0530] {logging_mixin.py:188} INFO - [2025-11-12T12:48:52.689+0530] {dagbag.py:545} INFO - Filling up the DagBag from /home/logi/txtai/venv/lib/python3.10/site-packages/airflow/example_dags/example_trigger_controller_dag.py
[2025-11-12T12:48:52.698+0530] {processor.py:840} INFO - DAG(s) 'example_trigger_controller_dag' retrieved from /home/logi/txtai/venv/lib/python3.10/site-packages/airflow/example_dags/example_trigger_controller_dag.py
[2025-11-12T12:48:52.726+0530] {logging_mixin.py:188} INFO - [2025-11-12T12:48:52.725+0530] {dag.py:3089} INFO - Sync 1 DAGs
[2025-11-12T12:48:52.749+0530] {logging_mixin.py:188} INFO - [2025-11-12T12:48:52.748+0530] {dag.py:3947} INFO - Setting next_dagrun for example_trigger_controller_dag to 2021-01-01 00:00:00+00:00, run_after=2021-01-01 00:00:00+00:00
[2025-11-12T12:48:52.769+0530] {processor.py:183} INFO - Processing /home/logi/txtai/venv/lib/python3.10/site-packages/airflow/example_dags/example_trigger_controller_dag.py took 0.108 seconds
[2025-11-12T12:49:45.895+0530] {processor.py:161} INFO - Started process (PID=20640) to work on /home/logi/txtai/venv/lib/python3.10/site-packages/airflow/example_dags/example_trigger_controller_dag.py
[2025-11-12T12:49:45.909+0530] {processor.py:830} INFO - Processing file /home/logi/txtai/venv/lib/python3.10/site-packages/airflow/example_dags/example_trigger_controller_dag.py for tasks to queue
[2025-11-12T12:49:45.912+0530] {logging_mixin.py:188} INFO - [2025-11-12T12:49:45.911+0530] {dagbag.py:545} INFO - Filling up the DagBag from /home/logi/txtai/venv/lib/python3.10/site-packages/airflow/example_dags/example_trigger_controller_dag.py
[2025-11-12T12:49:45.921+0530] {processor.py:840} INFO - DAG(s) 'example_trigger_controller_dag' retrieved from /home/logi/txtai/venv/lib/python3.10/site-packages/airflow/example_dags/example_trigger_controller_dag.py
[2025-11-12T12:49:45.942+0530] {logging_mixin.py:188} INFO - [2025-11-12T12:49:45.942+0530] {dag.py:3089} INFO - Sync 1 DAGs
[2025-11-12T12:49:45.967+0530] {logging_mixin.py:188} INFO - [2025-11-12T12:49:45.967+0530] {dag.py:3947} INFO - Setting next_dagrun for example_trigger_controller_dag to 2021-01-01 00:00:00+00:00, run_after=2021-01-01 00:00:00+00:00
[2025-11-12T12:49:46.017+0530] {processor.py:183} INFO - Processing /home/logi/txtai/venv/lib/python3.10/site-packages/airflow/example_dags/example_trigger_controller_dag.py took 0.132 seconds
[2025-11-12T12:50:50.747+0530] {processor.py:161} INFO - Started process (PID=20742) to work on /home/logi/txtai/venv/lib/python3.10/site-packages/airflow/example_dags/example_trigger_controller_dag.py
[2025-11-12T12:50:50.750+0530] {processor.py:830} INFO - Processing file /home/logi/txtai/venv/lib/python3.10/site-packages/airflow/example_dags/example_trigger_controller_dag.py for tasks to queue
[2025-11-12T12:50:50.755+0530] {logging_mixin.py:188} INFO - [2025-11-12T12:50:50.754+0530] {dagbag.py:545} INFO - Filling up the DagBag from /home/logi/txtai/venv/lib/python3.10/site-packages/airflow/example_dags/example_trigger_controller_dag.py
[2025-11-12T12:50:50.765+0530] {processor.py:840} INFO - DAG(s) 'example_trigger_controller_dag' retrieved from /home/logi/txtai/venv/lib/python3.10/site-packages/airflow/example_dags/example_trigger_controller_dag.py
[2025-11-12T12:50:50.791+0530] {logging_mixin.py:188} INFO - [2025-11-12T12:50:50.790+0530] {dag.py:3089} INFO - Sync 1 DAGs
[2025-11-12T12:50:50.808+0530] {logging_mixin.py:188} INFO - [2025-11-12T12:50:50.808+0530] {dag.py:3947} INFO - Setting next_dagrun for example_trigger_controller_dag to 2021-01-01 00:00:00+00:00, run_after=2021-01-01 00:00:00+00:00
[2025-11-12T12:50:50.831+0530] {processor.py:183} INFO - Processing /home/logi/txtai/venv/lib/python3.10/site-packages/airflow/example_dags/example_trigger_controller_dag.py took 0.099 seconds
[2025-11-12T12:52:14.954+0530] {processor.py:161} INFO - Started process (PID=21226) to work on /home/logi/txtai/venv/lib/python3.10/site-packages/airflow/example_dags/example_trigger_controller_dag.py
[2025-11-12T12:52:14.957+0530] {processor.py:830} INFO - Processing file /home/logi/txtai/venv/lib/python3.10/site-packages/airflow/example_dags/example_trigger_controller_dag.py for tasks to queue
[2025-11-12T12:52:14.959+0530] {logging_mixin.py:188} INFO - [2025-11-12T12:52:14.959+0530] {dagbag.py:545} INFO - Filling up the DagBag from /home/logi/txtai/venv/lib/python3.10/site-packages/airflow/example_dags/example_trigger_controller_dag.py
[2025-11-12T12:52:14.967+0530] {processor.py:840} INFO - DAG(s) 'example_trigger_controller_dag' retrieved from /home/logi/txtai/venv/lib/python3.10/site-packages/airflow/example_dags/example_trigger_controller_dag.py
[2025-11-12T12:52:14.989+0530] {logging_mixin.py:188} INFO - [2025-11-12T12:52:14.989+0530] {dag.py:3089} INFO - Sync 1 DAGs
[2025-11-12T12:52:15.003+0530] {logging_mixin.py:188} INFO - [2025-11-12T12:52:15.003+0530] {dag.py:3947} INFO - Setting next_dagrun for example_trigger_controller_dag to 2021-01-01 00:00:00+00:00, run_after=2021-01-01 00:00:00+00:00
[2025-11-12T12:52:15.020+0530] {processor.py:183} INFO - Processing /home/logi/txtai/venv/lib/python3.10/site-packages/airflow/example_dags/example_trigger_controller_dag.py took 0.075 seconds
[2025-11-12T12:53:18.120+0530] {processor.py:161} INFO - Started process (PID=21359) to work on /home/logi/txtai/venv/lib/python3.10/site-packages/airflow/example_dags/example_trigger_controller_dag.py
[2025-11-12T12:53:18.133+0530] {processor.py:830} INFO - Processing file /home/logi/txtai/venv/lib/python3.10/site-packages/airflow/example_dags/example_trigger_controller_dag.py for tasks to queue
[2025-11-12T12:53:18.136+0530] {logging_mixin.py:188} INFO - [2025-11-12T12:53:18.136+0530] {dagbag.py:545} INFO - Filling up the DagBag from /home/logi/txtai/venv/lib/python3.10/site-packages/airflow/example_dags/example_trigger_controller_dag.py
[2025-11-12T12:53:18.144+0530] {processor.py:840} INFO - DAG(s) 'example_trigger_controller_dag' retrieved from /home/logi/txtai/venv/lib/python3.10/site-packages/airflow/example_dags/example_trigger_controller_dag.py
[2025-11-12T12:53:18.169+0530] {logging_mixin.py:188} INFO - [2025-11-12T12:53:18.169+0530] {dag.py:3089} INFO - Sync 1 DAGs
[2025-11-12T12:53:18.192+0530] {logging_mixin.py:188} INFO - [2025-11-12T12:53:18.191+0530] {dag.py:3947} INFO - Setting next_dagrun for example_trigger_controller_dag to 2021-01-01 00:00:00+00:00, run_after=2021-01-01 00:00:00+00:00
[2025-11-12T12:53:18.218+0530] {processor.py:183} INFO - Processing /home/logi/txtai/venv/lib/python3.10/site-packages/airflow/example_dags/example_trigger_controller_dag.py took 0.109 seconds
[2025-11-12T12:54:18.176+0530] {processor.py:161} INFO - Started process (PID=21444) to work on /home/logi/txtai/venv/lib/python3.10/site-packages/airflow/example_dags/example_trigger_controller_dag.py
[2025-11-12T12:54:18.190+0530] {processor.py:830} INFO - Processing file /home/logi/txtai/venv/lib/python3.10/site-packages/airflow/example_dags/example_trigger_controller_dag.py for tasks to queue
[2025-11-12T12:54:18.193+0530] {logging_mixin.py:188} INFO - [2025-11-12T12:54:18.193+0530] {dagbag.py:545} INFO - Filling up the DagBag from /home/logi/txtai/venv/lib/python3.10/site-packages/airflow/example_dags/example_trigger_controller_dag.py
[2025-11-12T12:54:18.202+0530] {processor.py:840} INFO - DAG(s) 'example_trigger_controller_dag' retrieved from /home/logi/txtai/venv/lib/python3.10/site-packages/airflow/example_dags/example_trigger_controller_dag.py
[2025-11-12T12:54:18.229+0530] {logging_mixin.py:188} INFO - [2025-11-12T12:54:18.228+0530] {dag.py:3089} INFO - Sync 1 DAGs
[2025-11-12T12:54:18.251+0530] {logging_mixin.py:188} INFO - [2025-11-12T12:54:18.251+0530] {dag.py:3947} INFO - Setting next_dagrun for example_trigger_controller_dag to 2021-01-01 00:00:00+00:00, run_after=2021-01-01 00:00:00+00:00
[2025-11-12T12:54:18.279+0530] {processor.py:183} INFO - Processing /home/logi/txtai/venv/lib/python3.10/site-packages/airflow/example_dags/example_trigger_controller_dag.py took 0.114 seconds
[2025-11-12T12:55:17.539+0530] {processor.py:161} INFO - Started process (PID=21526) to work on /home/logi/txtai/venv/lib/python3.10/site-packages/airflow/example_dags/example_trigger_controller_dag.py
[2025-11-12T12:55:17.541+0530] {processor.py:830} INFO - Processing file /home/logi/txtai/venv/lib/python3.10/site-packages/airflow/example_dags/example_trigger_controller_dag.py for tasks to queue
[2025-11-12T12:55:17.544+0530] {logging_mixin.py:188} INFO - [2025-11-12T12:55:17.544+0530] {dagbag.py:545} INFO - Filling up the DagBag from /home/logi/txtai/venv/lib/python3.10/site-packages/airflow/example_dags/example_trigger_controller_dag.py
[2025-11-12T12:55:17.553+0530] {processor.py:840} INFO - DAG(s) 'example_trigger_controller_dag' retrieved from /home/logi/txtai/venv/lib/python3.10/site-packages/airflow/example_dags/example_trigger_controller_dag.py
[2025-11-12T12:55:17.578+0530] {logging_mixin.py:188} INFO - [2025-11-12T12:55:17.577+0530] {dag.py:3089} INFO - Sync 1 DAGs
[2025-11-12T12:55:17.593+0530] {logging_mixin.py:188} INFO - [2025-11-12T12:55:17.593+0530] {dag.py:3947} INFO - Setting next_dagrun for example_trigger_controller_dag to 2021-01-01 00:00:00+00:00, run_after=2021-01-01 00:00:00+00:00
[2025-11-12T12:55:17.614+0530] {processor.py:183} INFO - Processing /home/logi/txtai/venv/lib/python3.10/site-packages/airflow/example_dags/example_trigger_controller_dag.py took 0.087 seconds
[2025-11-12T12:56:20.272+0530] {processor.py:161} INFO - Started process (PID=21672) to work on /home/logi/txtai/venv/lib/python3.10/site-packages/airflow/example_dags/example_trigger_controller_dag.py
[2025-11-12T12:56:20.285+0530] {processor.py:830} INFO - Processing file /home/logi/txtai/venv/lib/python3.10/site-packages/airflow/example_dags/example_trigger_controller_dag.py for tasks to queue
[2025-11-12T12:56:20.289+0530] {logging_mixin.py:188} INFO - [2025-11-12T12:56:20.288+0530] {dagbag.py:545} INFO - Filling up the DagBag from /home/logi/txtai/venv/lib/python3.10/site-packages/airflow/example_dags/example_trigger_controller_dag.py
[2025-11-12T12:56:20.297+0530] {processor.py:840} INFO - DAG(s) 'example_trigger_controller_dag' retrieved from /home/logi/txtai/venv/lib/python3.10/site-packages/airflow/example_dags/example_trigger_controller_dag.py
[2025-11-12T12:56:20.322+0530] {logging_mixin.py:188} INFO - [2025-11-12T12:56:20.321+0530] {dag.py:3089} INFO - Sync 1 DAGs
[2025-11-12T12:56:20.344+0530] {logging_mixin.py:188} INFO - [2025-11-12T12:56:20.344+0530] {dag.py:3947} INFO - Setting next_dagrun for example_trigger_controller_dag to 2021-01-01 00:00:00+00:00, run_after=2021-01-01 00:00:00+00:00
[2025-11-12T12:56:20.371+0530] {processor.py:183} INFO - Processing /home/logi/txtai/venv/lib/python3.10/site-packages/airflow/example_dags/example_trigger_controller_dag.py took 0.110 seconds
[2025-11-12T12:57:33.975+0530] {processor.py:161} INFO - Started process (PID=21945) to work on /home/logi/txtai/venv/lib/python3.10/site-packages/airflow/example_dags/example_trigger_controller_dag.py
[2025-11-12T12:57:33.989+0530] {processor.py:830} INFO - Processing file /home/logi/txtai/venv/lib/python3.10/site-packages/airflow/example_dags/example_trigger_controller_dag.py for tasks to queue
[2025-11-12T12:57:33.992+0530] {logging_mixin.py:188} INFO - [2025-11-12T12:57:33.992+0530] {dagbag.py:545} INFO - Filling up the DagBag from /home/logi/txtai/venv/lib/python3.10/site-packages/airflow/example_dags/example_trigger_controller_dag.py
[2025-11-12T12:57:34.001+0530] {processor.py:840} INFO - DAG(s) 'example_trigger_controller_dag' retrieved from /home/logi/txtai/venv/lib/python3.10/site-packages/airflow/example_dags/example_trigger_controller_dag.py
[2025-11-12T12:57:34.026+0530] {logging_mixin.py:188} INFO - [2025-11-12T12:57:34.025+0530] {dag.py:3089} INFO - Sync 1 DAGs
[2025-11-12T12:57:34.048+0530] {logging_mixin.py:188} INFO - [2025-11-12T12:57:34.048+0530] {dag.py:3947} INFO - Setting next_dagrun for example_trigger_controller_dag to 2021-01-01 00:00:00+00:00, run_after=2021-01-01 00:00:00+00:00
[2025-11-12T12:57:34.069+0530] {processor.py:183} INFO - Processing /home/logi/txtai/venv/lib/python3.10/site-packages/airflow/example_dags/example_trigger_controller_dag.py took 0.104 seconds
[2025-11-12T12:58:30.757+0530] {processor.py:161} INFO - Started process (PID=22080) to work on /home/logi/txtai/venv/lib/python3.10/site-packages/airflow/example_dags/example_trigger_controller_dag.py
[2025-11-12T12:58:30.770+0530] {processor.py:830} INFO - Processing file /home/logi/txtai/venv/lib/python3.10/site-packages/airflow/example_dags/example_trigger_controller_dag.py for tasks to queue
[2025-11-12T12:58:30.774+0530] {logging_mixin.py:188} INFO - [2025-11-12T12:58:30.773+0530] {dagbag.py:545} INFO - Filling up the DagBag from /home/logi/txtai/venv/lib/python3.10/site-packages/airflow/example_dags/example_trigger_controller_dag.py
[2025-11-12T12:58:30.784+0530] {processor.py:840} INFO - DAG(s) 'example_trigger_controller_dag' retrieved from /home/logi/txtai/venv/lib/python3.10/site-packages/airflow/example_dags/example_trigger_controller_dag.py
[2025-11-12T12:58:30.812+0530] {logging_mixin.py:188} INFO - [2025-11-12T12:58:30.812+0530] {dag.py:3089} INFO - Sync 1 DAGs
[2025-11-12T12:58:30.834+0530] {logging_mixin.py:188} INFO - [2025-11-12T12:58:30.833+0530] {dag.py:3947} INFO - Setting next_dagrun for example_trigger_controller_dag to 2021-01-01 00:00:00+00:00, run_after=2021-01-01 00:00:00+00:00
[2025-11-12T12:58:30.858+0530] {processor.py:183} INFO - Processing /home/logi/txtai/venv/lib/python3.10/site-packages/airflow/example_dags/example_trigger_controller_dag.py took 0.112 seconds
[2025-11-12T12:59:29.986+0530] {processor.py:161} INFO - Started process (PID=22179) to work on /home/logi/txtai/venv/lib/python3.10/site-packages/airflow/example_dags/example_trigger_controller_dag.py
[2025-11-12T12:59:29.989+0530] {processor.py:830} INFO - Processing file /home/logi/txtai/venv/lib/python3.10/site-packages/airflow/example_dags/example_trigger_controller_dag.py for tasks to queue
[2025-11-12T12:59:29.992+0530] {logging_mixin.py:188} INFO - [2025-11-12T12:59:29.991+0530] {dagbag.py:545} INFO - Filling up the DagBag from /home/logi/txtai/venv/lib/python3.10/site-packages/airflow/example_dags/example_trigger_controller_dag.py
[2025-11-12T12:59:30.001+0530] {processor.py:840} INFO - DAG(s) 'example_trigger_controller_dag' retrieved from /home/logi/txtai/venv/lib/python3.10/site-packages/airflow/example_dags/example_trigger_controller_dag.py
[2025-11-12T12:59:30.026+0530] {logging_mixin.py:188} INFO - [2025-11-12T12:59:30.026+0530] {dag.py:3089} INFO - Sync 1 DAGs
[2025-11-12T12:59:30.043+0530] {logging_mixin.py:188} INFO - [2025-11-12T12:59:30.042+0530] {dag.py:3947} INFO - Setting next_dagrun for example_trigger_controller_dag to 2021-01-01 00:00:00+00:00, run_after=2021-01-01 00:00:00+00:00
[2025-11-12T12:59:30.064+0530] {processor.py:183} INFO - Processing /home/logi/txtai/venv/lib/python3.10/site-packages/airflow/example_dags/example_trigger_controller_dag.py took 0.089 seconds
[2025-11-12T13:00:30.030+0530] {processor.py:161} INFO - Started process (PID=22258) to work on /home/logi/txtai/venv/lib/python3.10/site-packages/airflow/example_dags/example_trigger_controller_dag.py
[2025-11-12T13:00:30.033+0530] {processor.py:830} INFO - Processing file /home/logi/txtai/venv/lib/python3.10/site-packages/airflow/example_dags/example_trigger_controller_dag.py for tasks to queue
[2025-11-12T13:00:30.036+0530] {logging_mixin.py:188} INFO - [2025-11-12T13:00:30.035+0530] {dagbag.py:545} INFO - Filling up the DagBag from /home/logi/txtai/venv/lib/python3.10/site-packages/airflow/example_dags/example_trigger_controller_dag.py
[2025-11-12T13:00:30.045+0530] {processor.py:840} INFO - DAG(s) 'example_trigger_controller_dag' retrieved from /home/logi/txtai/venv/lib/python3.10/site-packages/airflow/example_dags/example_trigger_controller_dag.py
[2025-11-12T13:00:30.070+0530] {logging_mixin.py:188} INFO - [2025-11-12T13:00:30.070+0530] {dag.py:3089} INFO - Sync 1 DAGs
[2025-11-12T13:00:30.087+0530] {logging_mixin.py:188} INFO - [2025-11-12T13:00:30.087+0530] {dag.py:3947} INFO - Setting next_dagrun for example_trigger_controller_dag to 2021-01-01 00:00:00+00:00, run_after=2021-01-01 00:00:00+00:00
[2025-11-12T13:00:30.108+0530] {processor.py:183} INFO - Processing /home/logi/txtai/venv/lib/python3.10/site-packages/airflow/example_dags/example_trigger_controller_dag.py took 0.089 seconds
[2025-11-12T13:01:24.790+0530] {processor.py:161} INFO - Started process (PID=22364) to work on /home/logi/txtai/venv/lib/python3.10/site-packages/airflow/example_dags/example_trigger_controller_dag.py
[2025-11-12T13:01:24.803+0530] {processor.py:830} INFO - Processing file /home/logi/txtai/venv/lib/python3.10/site-packages/airflow/example_dags/example_trigger_controller_dag.py for tasks to queue
[2025-11-12T13:01:24.806+0530] {logging_mixin.py:188} INFO - [2025-11-12T13:01:24.805+0530] {dagbag.py:545} INFO - Filling up the DagBag from /home/logi/txtai/venv/lib/python3.10/site-packages/airflow/example_dags/example_trigger_controller_dag.py
[2025-11-12T13:01:24.814+0530] {processor.py:840} INFO - DAG(s) 'example_trigger_controller_dag' retrieved from /home/logi/txtai/venv/lib/python3.10/site-packages/airflow/example_dags/example_trigger_controller_dag.py
[2025-11-12T13:01:24.840+0530] {logging_mixin.py:188} INFO - [2025-11-12T13:01:24.839+0530] {dag.py:3089} INFO - Sync 1 DAGs
[2025-11-12T13:01:24.862+0530] {logging_mixin.py:188} INFO - [2025-11-12T13:01:24.862+0530] {dag.py:3947} INFO - Setting next_dagrun for example_trigger_controller_dag to 2021-01-01 00:00:00+00:00, run_after=2021-01-01 00:00:00+00:00
[2025-11-12T13:01:24.892+0530] {processor.py:183} INFO - Processing /home/logi/txtai/venv/lib/python3.10/site-packages/airflow/example_dags/example_trigger_controller_dag.py took 0.113 seconds
[2025-11-12T13:02:41.892+0530] {processor.py:161} INFO - Started process (PID=22676) to work on /home/logi/txtai/venv/lib/python3.10/site-packages/airflow/example_dags/example_trigger_controller_dag.py
[2025-11-12T13:02:41.906+0530] {processor.py:830} INFO - Processing file /home/logi/txtai/venv/lib/python3.10/site-packages/airflow/example_dags/example_trigger_controller_dag.py for tasks to queue
[2025-11-12T13:02:41.909+0530] {logging_mixin.py:188} INFO - [2025-11-12T13:02:41.908+0530] {dagbag.py:545} INFO - Filling up the DagBag from /home/logi/txtai/venv/lib/python3.10/site-packages/airflow/example_dags/example_trigger_controller_dag.py
[2025-11-12T13:02:41.918+0530] {processor.py:840} INFO - DAG(s) 'example_trigger_controller_dag' retrieved from /home/logi/txtai/venv/lib/python3.10/site-packages/airflow/example_dags/example_trigger_controller_dag.py
[2025-11-12T13:02:41.945+0530] {logging_mixin.py:188} INFO - [2025-11-12T13:02:41.945+0530] {dag.py:3089} INFO - Sync 1 DAGs
[2025-11-12T13:02:41.966+0530] {logging_mixin.py:188} INFO - [2025-11-12T13:02:41.965+0530] {dag.py:3947} INFO - Setting next_dagrun for example_trigger_controller_dag to 2021-01-01 00:00:00+00:00, run_after=2021-01-01 00:00:00+00:00
[2025-11-12T13:02:41.995+0530] {processor.py:183} INFO - Processing /home/logi/txtai/venv/lib/python3.10/site-packages/airflow/example_dags/example_trigger_controller_dag.py took 0.113 seconds
[2025-11-12T13:03:40.035+0530] {processor.py:161} INFO - Started process (PID=22756) to work on /home/logi/txtai/venv/lib/python3.10/site-packages/airflow/example_dags/example_trigger_controller_dag.py
[2025-11-12T13:03:40.048+0530] {processor.py:830} INFO - Processing file /home/logi/txtai/venv/lib/python3.10/site-packages/airflow/example_dags/example_trigger_controller_dag.py for tasks to queue
[2025-11-12T13:03:40.051+0530] {logging_mixin.py:188} INFO - [2025-11-12T13:03:40.050+0530] {dagbag.py:545} INFO - Filling up the DagBag from /home/logi/txtai/venv/lib/python3.10/site-packages/airflow/example_dags/example_trigger_controller_dag.py
[2025-11-12T13:03:40.059+0530] {processor.py:840} INFO - DAG(s) 'example_trigger_controller_dag' retrieved from /home/logi/txtai/venv/lib/python3.10/site-packages/airflow/example_dags/example_trigger_controller_dag.py
[2025-11-12T13:03:40.084+0530] {logging_mixin.py:188} INFO - [2025-11-12T13:03:40.084+0530] {dag.py:3089} INFO - Sync 1 DAGs
[2025-11-12T13:03:40.106+0530] {logging_mixin.py:188} INFO - [2025-11-12T13:03:40.106+0530] {dag.py:3947} INFO - Setting next_dagrun for example_trigger_controller_dag to 2021-01-01 00:00:00+00:00, run_after=2021-01-01 00:00:00+00:00
[2025-11-12T13:03:40.128+0530] {processor.py:183} INFO - Processing /home/logi/txtai/venv/lib/python3.10/site-packages/airflow/example_dags/example_trigger_controller_dag.py took 0.104 seconds
[2025-11-12T13:04:35.263+0530] {processor.py:161} INFO - Started process (PID=22832) to work on /home/logi/txtai/venv/lib/python3.10/site-packages/airflow/example_dags/example_trigger_controller_dag.py
[2025-11-12T13:04:35.277+0530] {processor.py:830} INFO - Processing file /home/logi/txtai/venv/lib/python3.10/site-packages/airflow/example_dags/example_trigger_controller_dag.py for tasks to queue
[2025-11-12T13:04:35.280+0530] {logging_mixin.py:188} INFO - [2025-11-12T13:04:35.280+0530] {dagbag.py:545} INFO - Filling up the DagBag from /home/logi/txtai/venv/lib/python3.10/site-packages/airflow/example_dags/example_trigger_controller_dag.py
[2025-11-12T13:04:35.289+0530] {processor.py:840} INFO - DAG(s) 'example_trigger_controller_dag' retrieved from /home/logi/txtai/venv/lib/python3.10/site-packages/airflow/example_dags/example_trigger_controller_dag.py
[2025-11-12T13:04:35.315+0530] {logging_mixin.py:188} INFO - [2025-11-12T13:04:35.315+0530] {dag.py:3089} INFO - Sync 1 DAGs
[2025-11-12T13:04:35.337+0530] {logging_mixin.py:188} INFO - [2025-11-12T13:04:35.337+0530] {dag.py:3947} INFO - Setting next_dagrun for example_trigger_controller_dag to 2021-01-01 00:00:00+00:00, run_after=2021-01-01 00:00:00+00:00
[2025-11-12T13:04:35.365+0530] {processor.py:183} INFO - Processing /home/logi/txtai/venv/lib/python3.10/site-packages/airflow/example_dags/example_trigger_controller_dag.py took 0.113 seconds
[2025-11-12T13:05:30.821+0530] {processor.py:161} INFO - Started process (PID=22912) to work on /home/logi/txtai/venv/lib/python3.10/site-packages/airflow/example_dags/example_trigger_controller_dag.py
[2025-11-12T13:05:30.835+0530] {processor.py:830} INFO - Processing file /home/logi/txtai/venv/lib/python3.10/site-packages/airflow/example_dags/example_trigger_controller_dag.py for tasks to queue
[2025-11-12T13:05:30.838+0530] {logging_mixin.py:188} INFO - [2025-11-12T13:05:30.837+0530] {dagbag.py:545} INFO - Filling up the DagBag from /home/logi/txtai/venv/lib/python3.10/site-packages/airflow/example_dags/example_trigger_controller_dag.py
[2025-11-12T13:05:30.847+0530] {processor.py:840} INFO - DAG(s) 'example_trigger_controller_dag' retrieved from /home/logi/txtai/venv/lib/python3.10/site-packages/airflow/example_dags/example_trigger_controller_dag.py
[2025-11-12T13:05:30.873+0530] {logging_mixin.py:188} INFO - [2025-11-12T13:05:30.873+0530] {dag.py:3089} INFO - Sync 1 DAGs
[2025-11-12T13:05:30.894+0530] {logging_mixin.py:188} INFO - [2025-11-12T13:05:30.894+0530] {dag.py:3947} INFO - Setting next_dagrun for example_trigger_controller_dag to 2021-01-01 00:00:00+00:00, run_after=2021-01-01 00:00:00+00:00
[2025-11-12T13:05:30.923+0530] {processor.py:183} INFO - Processing /home/logi/txtai/venv/lib/python3.10/site-packages/airflow/example_dags/example_trigger_controller_dag.py took 0.112 seconds
[2025-11-12T13:06:28.240+0530] {processor.py:161} INFO - Started process (PID=23151) to work on /home/logi/txtai/venv/lib/python3.10/site-packages/airflow/example_dags/example_trigger_controller_dag.py
[2025-11-12T13:06:28.254+0530] {processor.py:830} INFO - Processing file /home/logi/txtai/venv/lib/python3.10/site-packages/airflow/example_dags/example_trigger_controller_dag.py for tasks to queue
[2025-11-12T13:06:28.259+0530] {logging_mixin.py:188} INFO - [2025-11-12T13:06:28.258+0530] {dagbag.py:545} INFO - Filling up the DagBag from /home/logi/txtai/venv/lib/python3.10/site-packages/airflow/example_dags/example_trigger_controller_dag.py
[2025-11-12T13:06:28.270+0530] {processor.py:840} INFO - DAG(s) 'example_trigger_controller_dag' retrieved from /home/logi/txtai/venv/lib/python3.10/site-packages/airflow/example_dags/example_trigger_controller_dag.py
[2025-11-12T13:06:28.302+0530] {logging_mixin.py:188} INFO - [2025-11-12T13:06:28.300+0530] {dag.py:3089} INFO - Sync 1 DAGs
[2025-11-12T13:06:28.328+0530] {logging_mixin.py:188} INFO - [2025-11-12T13:06:28.328+0530] {dag.py:3947} INFO - Setting next_dagrun for example_trigger_controller_dag to 2021-01-01 00:00:00+00:00, run_after=2021-01-01 00:00:00+00:00
[2025-11-12T13:06:28.359+0530] {processor.py:183} INFO - Processing /home/logi/txtai/venv/lib/python3.10/site-packages/airflow/example_dags/example_trigger_controller_dag.py took 0.136 seconds
[2025-11-12T13:07:26.223+0530] {processor.py:161} INFO - Started process (PID=23414) to work on /home/logi/txtai/venv/lib/python3.10/site-packages/airflow/example_dags/example_trigger_controller_dag.py
[2025-11-12T13:07:26.237+0530] {processor.py:830} INFO - Processing file /home/logi/txtai/venv/lib/python3.10/site-packages/airflow/example_dags/example_trigger_controller_dag.py for tasks to queue
[2025-11-12T13:07:26.241+0530] {logging_mixin.py:188} INFO - [2025-11-12T13:07:26.240+0530] {dagbag.py:545} INFO - Filling up the DagBag from /home/logi/txtai/venv/lib/python3.10/site-packages/airflow/example_dags/example_trigger_controller_dag.py
[2025-11-12T13:07:26.252+0530] {processor.py:840} INFO - DAG(s) 'example_trigger_controller_dag' retrieved from /home/logi/txtai/venv/lib/python3.10/site-packages/airflow/example_dags/example_trigger_controller_dag.py
[2025-11-12T13:07:26.283+0530] {logging_mixin.py:188} INFO - [2025-11-12T13:07:26.282+0530] {dag.py:3089} INFO - Sync 1 DAGs
[2025-11-12T13:07:26.302+0530] {logging_mixin.py:188} INFO - [2025-11-12T13:07:26.302+0530] {dag.py:3947} INFO - Setting next_dagrun for example_trigger_controller_dag to 2021-01-01 00:00:00+00:00, run_after=2021-01-01 00:00:00+00:00
[2025-11-12T13:07:26.325+0530] {processor.py:183} INFO - Processing /home/logi/txtai/venv/lib/python3.10/site-packages/airflow/example_dags/example_trigger_controller_dag.py took 0.116 seconds
[2025-11-12T13:08:24.099+0530] {processor.py:161} INFO - Started process (PID=23493) to work on /home/logi/txtai/venv/lib/python3.10/site-packages/airflow/example_dags/example_trigger_controller_dag.py
[2025-11-12T13:08:24.113+0530] {processor.py:830} INFO - Processing file /home/logi/txtai/venv/lib/python3.10/site-packages/airflow/example_dags/example_trigger_controller_dag.py for tasks to queue
[2025-11-12T13:08:24.116+0530] {logging_mixin.py:188} INFO - [2025-11-12T13:08:24.116+0530] {dagbag.py:545} INFO - Filling up the DagBag from /home/logi/txtai/venv/lib/python3.10/site-packages/airflow/example_dags/example_trigger_controller_dag.py
[2025-11-12T13:08:24.125+0530] {processor.py:840} INFO - DAG(s) 'example_trigger_controller_dag' retrieved from /home/logi/txtai/venv/lib/python3.10/site-packages/airflow/example_dags/example_trigger_controller_dag.py
[2025-11-12T13:08:24.152+0530] {logging_mixin.py:188} INFO - [2025-11-12T13:08:24.151+0530] {dag.py:3089} INFO - Sync 1 DAGs
[2025-11-12T13:08:24.173+0530] {logging_mixin.py:188} INFO - [2025-11-12T13:08:24.173+0530] {dag.py:3947} INFO - Setting next_dagrun for example_trigger_controller_dag to 2021-01-01 00:00:00+00:00, run_after=2021-01-01 00:00:00+00:00
[2025-11-12T13:08:24.200+0530] {processor.py:183} INFO - Processing /home/logi/txtai/venv/lib/python3.10/site-packages/airflow/example_dags/example_trigger_controller_dag.py took 0.112 seconds
[2025-11-12T13:09:23.091+0530] {processor.py:161} INFO - Started process (PID=23631) to work on /home/logi/txtai/venv/lib/python3.10/site-packages/airflow/example_dags/example_trigger_controller_dag.py
[2025-11-12T13:09:23.105+0530] {processor.py:830} INFO - Processing file /home/logi/txtai/venv/lib/python3.10/site-packages/airflow/example_dags/example_trigger_controller_dag.py for tasks to queue
[2025-11-12T13:09:23.108+0530] {logging_mixin.py:188} INFO - [2025-11-12T13:09:23.107+0530] {dagbag.py:545} INFO - Filling up the DagBag from /home/logi/txtai/venv/lib/python3.10/site-packages/airflow/example_dags/example_trigger_controller_dag.py
[2025-11-12T13:09:23.117+0530] {processor.py:840} INFO - DAG(s) 'example_trigger_controller_dag' retrieved from /home/logi/txtai/venv/lib/python3.10/site-packages/airflow/example_dags/example_trigger_controller_dag.py
[2025-11-12T13:09:23.144+0530] {logging_mixin.py:188} INFO - [2025-11-12T13:09:23.144+0530] {dag.py:3089} INFO - Sync 1 DAGs
[2025-11-12T13:09:23.165+0530] {logging_mixin.py:188} INFO - [2025-11-12T13:09:23.165+0530] {dag.py:3947} INFO - Setting next_dagrun for example_trigger_controller_dag to 2021-01-01 00:00:00+00:00, run_after=2021-01-01 00:00:00+00:00
[2025-11-12T13:09:23.192+0530] {processor.py:183} INFO - Processing /home/logi/txtai/venv/lib/python3.10/site-packages/airflow/example_dags/example_trigger_controller_dag.py took 0.113 seconds
[2025-11-12T13:10:25.761+0530] {processor.py:161} INFO - Started process (PID=23848) to work on /home/logi/txtai/venv/lib/python3.10/site-packages/airflow/example_dags/example_trigger_controller_dag.py
[2025-11-12T13:10:25.784+0530] {processor.py:830} INFO - Processing file /home/logi/txtai/venv/lib/python3.10/site-packages/airflow/example_dags/example_trigger_controller_dag.py for tasks to queue
[2025-11-12T13:10:25.801+0530] {logging_mixin.py:188} INFO - [2025-11-12T13:10:25.797+0530] {dagbag.py:545} INFO - Filling up the DagBag from /home/logi/txtai/venv/lib/python3.10/site-packages/airflow/example_dags/example_trigger_controller_dag.py
[2025-11-12T13:10:25.856+0530] {processor.py:840} INFO - DAG(s) 'example_trigger_controller_dag' retrieved from /home/logi/txtai/venv/lib/python3.10/site-packages/airflow/example_dags/example_trigger_controller_dag.py
[2025-11-12T13:10:25.997+0530] {logging_mixin.py:188} INFO - [2025-11-12T13:10:25.995+0530] {dag.py:3089} INFO - Sync 1 DAGs
[2025-11-12T13:10:26.085+0530] {logging_mixin.py:188} INFO - [2025-11-12T13:10:26.085+0530] {dag.py:3947} INFO - Setting next_dagrun for example_trigger_controller_dag to 2021-01-01 00:00:00+00:00, run_after=2021-01-01 00:00:00+00:00
[2025-11-12T13:10:26.119+0530] {processor.py:183} INFO - Processing /home/logi/txtai/venv/lib/python3.10/site-packages/airflow/example_dags/example_trigger_controller_dag.py took 0.417 seconds
[2025-11-12T13:11:23.328+0530] {processor.py:161} INFO - Started process (PID=24066) to work on /home/logi/txtai/venv/lib/python3.10/site-packages/airflow/example_dags/example_trigger_controller_dag.py
[2025-11-12T13:11:23.341+0530] {processor.py:830} INFO - Processing file /home/logi/txtai/venv/lib/python3.10/site-packages/airflow/example_dags/example_trigger_controller_dag.py for tasks to queue
[2025-11-12T13:11:23.345+0530] {logging_mixin.py:188} INFO - [2025-11-12T13:11:23.344+0530] {dagbag.py:545} INFO - Filling up the DagBag from /home/logi/txtai/venv/lib/python3.10/site-packages/airflow/example_dags/example_trigger_controller_dag.py
[2025-11-12T13:11:23.354+0530] {processor.py:840} INFO - DAG(s) 'example_trigger_controller_dag' retrieved from /home/logi/txtai/venv/lib/python3.10/site-packages/airflow/example_dags/example_trigger_controller_dag.py
[2025-11-12T13:11:23.379+0530] {logging_mixin.py:188} INFO - [2025-11-12T13:11:23.379+0530] {dag.py:3089} INFO - Sync 1 DAGs
[2025-11-12T13:11:23.402+0530] {logging_mixin.py:188} INFO - [2025-11-12T13:11:23.402+0530] {dag.py:3947} INFO - Setting next_dagrun for example_trigger_controller_dag to 2021-01-01 00:00:00+00:00, run_after=2021-01-01 00:00:00+00:00
[2025-11-12T13:11:23.435+0530] {processor.py:183} INFO - Processing /home/logi/txtai/venv/lib/python3.10/site-packages/airflow/example_dags/example_trigger_controller_dag.py took 0.118 seconds
[2025-11-12T13:12:25.171+0530] {processor.py:161} INFO - Started process (PID=24329) to work on /home/logi/txtai/venv/lib/python3.10/site-packages/airflow/example_dags/example_trigger_controller_dag.py
[2025-11-12T13:12:25.187+0530] {processor.py:830} INFO - Processing file /home/logi/txtai/venv/lib/python3.10/site-packages/airflow/example_dags/example_trigger_controller_dag.py for tasks to queue
[2025-11-12T13:12:25.190+0530] {logging_mixin.py:188} INFO - [2025-11-12T13:12:25.190+0530] {dagbag.py:545} INFO - Filling up the DagBag from /home/logi/txtai/venv/lib/python3.10/site-packages/airflow/example_dags/example_trigger_controller_dag.py
[2025-11-12T13:12:25.199+0530] {processor.py:840} INFO - DAG(s) 'example_trigger_controller_dag' retrieved from /home/logi/txtai/venv/lib/python3.10/site-packages/airflow/example_dags/example_trigger_controller_dag.py
[2025-11-12T13:12:25.225+0530] {logging_mixin.py:188} INFO - [2025-11-12T13:12:25.225+0530] {dag.py:3089} INFO - Sync 1 DAGs
[2025-11-12T13:12:25.248+0530] {logging_mixin.py:188} INFO - [2025-11-12T13:12:25.247+0530] {dag.py:3947} INFO - Setting next_dagrun for example_trigger_controller_dag to 2021-01-01 00:00:00+00:00, run_after=2021-01-01 00:00:00+00:00
[2025-11-12T13:12:25.275+0530] {processor.py:183} INFO - Processing /home/logi/txtai/venv/lib/python3.10/site-packages/airflow/example_dags/example_trigger_controller_dag.py took 0.115 seconds
[2025-11-12T20:33:35.021+0530] {processor.py:161} INFO - Started process (PID=6725) to work on /home/logi/txtai/venv/lib/python3.10/site-packages/airflow/example_dags/example_trigger_controller_dag.py
[2025-11-12T20:33:35.026+0530] {processor.py:830} INFO - Processing file /home/logi/txtai/venv/lib/python3.10/site-packages/airflow/example_dags/example_trigger_controller_dag.py for tasks to queue
[2025-11-12T20:33:35.033+0530] {logging_mixin.py:188} INFO - [2025-11-12T20:33:35.032+0530] {dagbag.py:545} INFO - Filling up the DagBag from /home/logi/txtai/venv/lib/python3.10/site-packages/airflow/example_dags/example_trigger_controller_dag.py
[2025-11-12T20:33:35.061+0530] {processor.py:840} INFO - DAG(s) 'example_trigger_controller_dag' retrieved from /home/logi/txtai/venv/lib/python3.10/site-packages/airflow/example_dags/example_trigger_controller_dag.py
[2025-11-12T20:33:35.103+0530] {logging_mixin.py:188} INFO - [2025-11-12T20:33:35.102+0530] {dag.py:3089} INFO - Sync 1 DAGs
[2025-11-12T20:33:35.144+0530] {logging_mixin.py:188} INFO - [2025-11-12T20:33:35.144+0530] {dag.py:3947} INFO - Setting next_dagrun for example_trigger_controller_dag to 2021-01-01 00:00:00+00:00, run_after=2021-01-01 00:00:00+00:00
[2025-11-12T20:33:35.196+0530] {processor.py:183} INFO - Processing /home/logi/txtai/venv/lib/python3.10/site-packages/airflow/example_dags/example_trigger_controller_dag.py took 0.198 seconds
[2025-11-12T20:34:33.877+0530] {processor.py:161} INFO - Started process (PID=7166) to work on /home/logi/txtai/venv/lib/python3.10/site-packages/airflow/example_dags/example_trigger_controller_dag.py
[2025-11-12T20:34:33.891+0530] {processor.py:830} INFO - Processing file /home/logi/txtai/venv/lib/python3.10/site-packages/airflow/example_dags/example_trigger_controller_dag.py for tasks to queue
[2025-11-12T20:34:33.898+0530] {logging_mixin.py:188} INFO - [2025-11-12T20:34:33.895+0530] {dagbag.py:545} INFO - Filling up the DagBag from /home/logi/txtai/venv/lib/python3.10/site-packages/airflow/example_dags/example_trigger_controller_dag.py
[2025-11-12T20:34:33.909+0530] {processor.py:840} INFO - DAG(s) 'example_trigger_controller_dag' retrieved from /home/logi/txtai/venv/lib/python3.10/site-packages/airflow/example_dags/example_trigger_controller_dag.py
[2025-11-12T20:34:33.949+0530] {logging_mixin.py:188} INFO - [2025-11-12T20:34:33.949+0530] {dag.py:3089} INFO - Sync 1 DAGs
[2025-11-12T20:34:33.980+0530] {logging_mixin.py:188} INFO - [2025-11-12T20:34:33.979+0530] {dag.py:3947} INFO - Setting next_dagrun for example_trigger_controller_dag to 2021-01-01 00:00:00+00:00, run_after=2021-01-01 00:00:00+00:00
[2025-11-12T20:34:34.014+0530] {processor.py:183} INFO - Processing /home/logi/txtai/venv/lib/python3.10/site-packages/airflow/example_dags/example_trigger_controller_dag.py took 0.155 seconds
[2025-11-12T20:35:32.428+0530] {processor.py:161} INFO - Started process (PID=7566) to work on /home/logi/txtai/venv/lib/python3.10/site-packages/airflow/example_dags/example_trigger_controller_dag.py
[2025-11-12T20:35:32.440+0530] {processor.py:830} INFO - Processing file /home/logi/txtai/venv/lib/python3.10/site-packages/airflow/example_dags/example_trigger_controller_dag.py for tasks to queue
[2025-11-12T20:35:32.442+0530] {logging_mixin.py:188} INFO - [2025-11-12T20:35:32.442+0530] {dagbag.py:545} INFO - Filling up the DagBag from /home/logi/txtai/venv/lib/python3.10/site-packages/airflow/example_dags/example_trigger_controller_dag.py
[2025-11-12T20:35:32.447+0530] {processor.py:840} INFO - DAG(s) 'example_trigger_controller_dag' retrieved from /home/logi/txtai/venv/lib/python3.10/site-packages/airflow/example_dags/example_trigger_controller_dag.py
[2025-11-12T20:35:32.468+0530] {logging_mixin.py:188} INFO - [2025-11-12T20:35:32.467+0530] {dag.py:3089} INFO - Sync 1 DAGs
[2025-11-12T20:35:32.484+0530] {logging_mixin.py:188} INFO - [2025-11-12T20:35:32.483+0530] {dag.py:3947} INFO - Setting next_dagrun for example_trigger_controller_dag to 2021-01-01 00:00:00+00:00, run_after=2021-01-01 00:00:00+00:00
[2025-11-12T20:35:32.511+0530] {processor.py:183} INFO - Processing /home/logi/txtai/venv/lib/python3.10/site-packages/airflow/example_dags/example_trigger_controller_dag.py took 0.096 seconds
[2025-11-12T20:36:30.915+0530] {processor.py:161} INFO - Started process (PID=8007) to work on /home/logi/txtai/venv/lib/python3.10/site-packages/airflow/example_dags/example_trigger_controller_dag.py
[2025-11-12T20:36:30.928+0530] {processor.py:830} INFO - Processing file /home/logi/txtai/venv/lib/python3.10/site-packages/airflow/example_dags/example_trigger_controller_dag.py for tasks to queue
[2025-11-12T20:36:30.931+0530] {logging_mixin.py:188} INFO - [2025-11-12T20:36:30.930+0530] {dagbag.py:545} INFO - Filling up the DagBag from /home/logi/txtai/venv/lib/python3.10/site-packages/airflow/example_dags/example_trigger_controller_dag.py
[2025-11-12T20:36:30.943+0530] {processor.py:840} INFO - DAG(s) 'example_trigger_controller_dag' retrieved from /home/logi/txtai/venv/lib/python3.10/site-packages/airflow/example_dags/example_trigger_controller_dag.py
[2025-11-12T20:36:30.968+0530] {logging_mixin.py:188} INFO - [2025-11-12T20:36:30.968+0530] {dag.py:3089} INFO - Sync 1 DAGs
[2025-11-12T20:36:30.985+0530] {logging_mixin.py:188} INFO - [2025-11-12T20:36:30.984+0530] {dag.py:3947} INFO - Setting next_dagrun for example_trigger_controller_dag to 2021-01-01 00:00:00+00:00, run_after=2021-01-01 00:00:00+00:00
[2025-11-12T20:36:31.008+0530] {processor.py:183} INFO - Processing /home/logi/txtai/venv/lib/python3.10/site-packages/airflow/example_dags/example_trigger_controller_dag.py took 0.105 seconds
[2025-11-12T20:37:29.238+0530] {processor.py:161} INFO - Started process (PID=8496) to work on /home/logi/txtai/venv/lib/python3.10/site-packages/airflow/example_dags/example_trigger_controller_dag.py
[2025-11-12T20:37:29.252+0530] {processor.py:830} INFO - Processing file /home/logi/txtai/venv/lib/python3.10/site-packages/airflow/example_dags/example_trigger_controller_dag.py for tasks to queue
[2025-11-12T20:37:29.255+0530] {logging_mixin.py:188} INFO - [2025-11-12T20:37:29.254+0530] {dagbag.py:545} INFO - Filling up the DagBag from /home/logi/txtai/venv/lib/python3.10/site-packages/airflow/example_dags/example_trigger_controller_dag.py
[2025-11-12T20:37:29.266+0530] {processor.py:840} INFO - DAG(s) 'example_trigger_controller_dag' retrieved from /home/logi/txtai/venv/lib/python3.10/site-packages/airflow/example_dags/example_trigger_controller_dag.py
[2025-11-12T20:37:29.291+0530] {logging_mixin.py:188} INFO - [2025-11-12T20:37:29.290+0530] {dag.py:3089} INFO - Sync 1 DAGs
[2025-11-12T20:37:29.312+0530] {logging_mixin.py:188} INFO - [2025-11-12T20:37:29.311+0530] {dag.py:3947} INFO - Setting next_dagrun for example_trigger_controller_dag to 2021-01-01 00:00:00+00:00, run_after=2021-01-01 00:00:00+00:00
[2025-11-12T20:37:29.332+0530] {processor.py:183} INFO - Processing /home/logi/txtai/venv/lib/python3.10/site-packages/airflow/example_dags/example_trigger_controller_dag.py took 0.103 seconds
[2025-11-12T20:38:44.532+0530] {processor.py:161} INFO - Started process (PID=9221) to work on /home/logi/txtai/venv/lib/python3.10/site-packages/airflow/example_dags/example_trigger_controller_dag.py
[2025-11-12T20:38:44.546+0530] {processor.py:830} INFO - Processing file /home/logi/txtai/venv/lib/python3.10/site-packages/airflow/example_dags/example_trigger_controller_dag.py for tasks to queue
[2025-11-12T20:38:44.558+0530] {logging_mixin.py:188} INFO - [2025-11-12T20:38:44.554+0530] {dagbag.py:545} INFO - Filling up the DagBag from /home/logi/txtai/venv/lib/python3.10/site-packages/airflow/example_dags/example_trigger_controller_dag.py
[2025-11-12T20:38:44.591+0530] {processor.py:840} INFO - DAG(s) 'example_trigger_controller_dag' retrieved from /home/logi/txtai/venv/lib/python3.10/site-packages/airflow/example_dags/example_trigger_controller_dag.py
[2025-11-12T20:38:44.651+0530] {logging_mixin.py:188} INFO - [2025-11-12T20:38:44.650+0530] {dag.py:3089} INFO - Sync 1 DAGs
[2025-11-12T20:38:44.691+0530] {logging_mixin.py:188} INFO - [2025-11-12T20:38:44.691+0530] {dag.py:3947} INFO - Setting next_dagrun for example_trigger_controller_dag to 2021-01-01 00:00:00+00:00, run_after=2021-01-01 00:00:00+00:00
[2025-11-12T20:38:44.723+0530] {processor.py:183} INFO - Processing /home/logi/txtai/venv/lib/python3.10/site-packages/airflow/example_dags/example_trigger_controller_dag.py took 0.208 seconds
[2025-11-12T20:39:46.405+0530] {processor.py:161} INFO - Started process (PID=9726) to work on /home/logi/txtai/venv/lib/python3.10/site-packages/airflow/example_dags/example_trigger_controller_dag.py
[2025-11-12T20:39:46.419+0530] {processor.py:830} INFO - Processing file /home/logi/txtai/venv/lib/python3.10/site-packages/airflow/example_dags/example_trigger_controller_dag.py for tasks to queue
[2025-11-12T20:39:46.424+0530] {logging_mixin.py:188} INFO - [2025-11-12T20:39:46.423+0530] {dagbag.py:545} INFO - Filling up the DagBag from /home/logi/txtai/venv/lib/python3.10/site-packages/airflow/example_dags/example_trigger_controller_dag.py
[2025-11-12T20:39:46.440+0530] {processor.py:840} INFO - DAG(s) 'example_trigger_controller_dag' retrieved from /home/logi/txtai/venv/lib/python3.10/site-packages/airflow/example_dags/example_trigger_controller_dag.py
[2025-11-12T20:39:46.456+0530] {logging_mixin.py:188} INFO - [2025-11-12T20:39:46.456+0530] {dag.py:3089} INFO - Sync 1 DAGs
[2025-11-12T20:39:46.470+0530] {logging_mixin.py:188} INFO - [2025-11-12T20:39:46.470+0530] {dag.py:3947} INFO - Setting next_dagrun for example_trigger_controller_dag to 2021-01-01 00:00:00+00:00, run_after=2021-01-01 00:00:00+00:00
[2025-11-12T20:39:46.487+0530] {processor.py:183} INFO - Processing /home/logi/txtai/venv/lib/python3.10/site-packages/airflow/example_dags/example_trigger_controller_dag.py took 0.089 seconds
[2025-11-12T20:40:45.285+0530] {processor.py:161} INFO - Started process (PID=10271) to work on /home/logi/txtai/venv/lib/python3.10/site-packages/airflow/example_dags/example_trigger_controller_dag.py
[2025-11-12T20:40:45.300+0530] {processor.py:830} INFO - Processing file /home/logi/txtai/venv/lib/python3.10/site-packages/airflow/example_dags/example_trigger_controller_dag.py for tasks to queue
[2025-11-12T20:40:45.307+0530] {logging_mixin.py:188} INFO - [2025-11-12T20:40:45.305+0530] {dagbag.py:545} INFO - Filling up the DagBag from /home/logi/txtai/venv/lib/python3.10/site-packages/airflow/example_dags/example_trigger_controller_dag.py
[2025-11-12T20:40:45.331+0530] {processor.py:840} INFO - DAG(s) 'example_trigger_controller_dag' retrieved from /home/logi/txtai/venv/lib/python3.10/site-packages/airflow/example_dags/example_trigger_controller_dag.py
[2025-11-12T20:40:45.393+0530] {logging_mixin.py:188} INFO - [2025-11-12T20:40:45.392+0530] {dag.py:3089} INFO - Sync 1 DAGs
[2025-11-12T20:40:45.456+0530] {logging_mixin.py:188} INFO - [2025-11-12T20:40:45.455+0530] {dag.py:3947} INFO - Setting next_dagrun for example_trigger_controller_dag to 2021-01-01 00:00:00+00:00, run_after=2021-01-01 00:00:00+00:00
[2025-11-12T20:40:45.538+0530] {processor.py:183} INFO - Processing /home/logi/txtai/venv/lib/python3.10/site-packages/airflow/example_dags/example_trigger_controller_dag.py took 0.280 seconds
[2025-11-12T20:41:44.974+0530] {processor.py:161} INFO - Started process (PID=10808) to work on /home/logi/txtai/venv/lib/python3.10/site-packages/airflow/example_dags/example_trigger_controller_dag.py
[2025-11-12T20:41:44.976+0530] {processor.py:830} INFO - Processing file /home/logi/txtai/venv/lib/python3.10/site-packages/airflow/example_dags/example_trigger_controller_dag.py for tasks to queue
[2025-11-12T20:41:44.977+0530] {logging_mixin.py:188} INFO - [2025-11-12T20:41:44.977+0530] {dagbag.py:545} INFO - Filling up the DagBag from /home/logi/txtai/venv/lib/python3.10/site-packages/airflow/example_dags/example_trigger_controller_dag.py
[2025-11-12T20:41:44.983+0530] {processor.py:840} INFO - DAG(s) 'example_trigger_controller_dag' retrieved from /home/logi/txtai/venv/lib/python3.10/site-packages/airflow/example_dags/example_trigger_controller_dag.py
[2025-11-12T20:41:44.998+0530] {logging_mixin.py:188} INFO - [2025-11-12T20:41:44.998+0530] {dag.py:3089} INFO - Sync 1 DAGs
[2025-11-12T20:41:45.012+0530] {logging_mixin.py:188} INFO - [2025-11-12T20:41:45.012+0530] {dag.py:3947} INFO - Setting next_dagrun for example_trigger_controller_dag to 2021-01-01 00:00:00+00:00, run_after=2021-01-01 00:00:00+00:00
[2025-11-12T20:41:45.030+0530] {processor.py:183} INFO - Processing /home/logi/txtai/venv/lib/python3.10/site-packages/airflow/example_dags/example_trigger_controller_dag.py took 0.063 seconds
[2025-11-12T20:44:05.827+0530] {processor.py:161} INFO - Started process (PID=12434) to work on /home/logi/txtai/venv/lib/python3.10/site-packages/airflow/example_dags/example_trigger_controller_dag.py
[2025-11-12T20:44:05.829+0530] {processor.py:830} INFO - Processing file /home/logi/txtai/venv/lib/python3.10/site-packages/airflow/example_dags/example_trigger_controller_dag.py for tasks to queue
[2025-11-12T20:44:05.831+0530] {logging_mixin.py:188} INFO - [2025-11-12T20:44:05.831+0530] {dagbag.py:545} INFO - Filling up the DagBag from /home/logi/txtai/venv/lib/python3.10/site-packages/airflow/example_dags/example_trigger_controller_dag.py
[2025-11-12T20:44:05.838+0530] {processor.py:840} INFO - DAG(s) 'example_trigger_controller_dag' retrieved from /home/logi/txtai/venv/lib/python3.10/site-packages/airflow/example_dags/example_trigger_controller_dag.py
[2025-11-12T20:44:05.850+0530] {logging_mixin.py:188} INFO - [2025-11-12T20:44:05.850+0530] {dag.py:3089} INFO - Sync 1 DAGs
[2025-11-12T20:44:05.865+0530] {logging_mixin.py:188} INFO - [2025-11-12T20:44:05.865+0530] {dag.py:3947} INFO - Setting next_dagrun for example_trigger_controller_dag to 2021-01-01 00:00:00+00:00, run_after=2021-01-01 00:00:00+00:00
[2025-11-12T20:44:05.882+0530] {processor.py:183} INFO - Processing /home/logi/txtai/venv/lib/python3.10/site-packages/airflow/example_dags/example_trigger_controller_dag.py took 0.061 seconds
[2025-11-12T20:45:00.446+0530] {processor.py:161} INFO - Started process (PID=12578) to work on /home/logi/txtai/venv/lib/python3.10/site-packages/airflow/example_dags/example_trigger_controller_dag.py
[2025-11-12T20:45:00.459+0530] {processor.py:830} INFO - Processing file /home/logi/txtai/venv/lib/python3.10/site-packages/airflow/example_dags/example_trigger_controller_dag.py for tasks to queue
[2025-11-12T20:45:00.463+0530] {logging_mixin.py:188} INFO - [2025-11-12T20:45:00.462+0530] {dagbag.py:545} INFO - Filling up the DagBag from /home/logi/txtai/venv/lib/python3.10/site-packages/airflow/example_dags/example_trigger_controller_dag.py
[2025-11-12T20:45:00.473+0530] {processor.py:840} INFO - DAG(s) 'example_trigger_controller_dag' retrieved from /home/logi/txtai/venv/lib/python3.10/site-packages/airflow/example_dags/example_trigger_controller_dag.py
[2025-11-12T20:45:00.498+0530] {logging_mixin.py:188} INFO - [2025-11-12T20:45:00.498+0530] {dag.py:3089} INFO - Sync 1 DAGs
[2025-11-12T20:45:00.518+0530] {logging_mixin.py:188} INFO - [2025-11-12T20:45:00.518+0530] {dag.py:3947} INFO - Setting next_dagrun for example_trigger_controller_dag to 2021-01-01 00:00:00+00:00, run_after=2021-01-01 00:00:00+00:00
[2025-11-12T20:45:00.541+0530] {processor.py:183} INFO - Processing /home/logi/txtai/venv/lib/python3.10/site-packages/airflow/example_dags/example_trigger_controller_dag.py took 0.108 seconds
[2025-11-12T20:45:51.162+0530] {processor.py:161} INFO - Started process (PID=12716) to work on /home/logi/txtai/venv/lib/python3.10/site-packages/airflow/example_dags/example_trigger_controller_dag.py
[2025-11-12T20:45:51.175+0530] {processor.py:830} INFO - Processing file /home/logi/txtai/venv/lib/python3.10/site-packages/airflow/example_dags/example_trigger_controller_dag.py for tasks to queue
[2025-11-12T20:45:51.178+0530] {logging_mixin.py:188} INFO - [2025-11-12T20:45:51.178+0530] {dagbag.py:545} INFO - Filling up the DagBag from /home/logi/txtai/venv/lib/python3.10/site-packages/airflow/example_dags/example_trigger_controller_dag.py
[2025-11-12T20:45:51.188+0530] {processor.py:840} INFO - DAG(s) 'example_trigger_controller_dag' retrieved from /home/logi/txtai/venv/lib/python3.10/site-packages/airflow/example_dags/example_trigger_controller_dag.py
[2025-11-12T20:45:51.212+0530] {logging_mixin.py:188} INFO - [2025-11-12T20:45:51.212+0530] {dag.py:3089} INFO - Sync 1 DAGs
[2025-11-12T20:45:51.232+0530] {logging_mixin.py:188} INFO - [2025-11-12T20:45:51.232+0530] {dag.py:3947} INFO - Setting next_dagrun for example_trigger_controller_dag to 2021-01-01 00:00:00+00:00, run_after=2021-01-01 00:00:00+00:00
[2025-11-12T20:45:51.249+0530] {processor.py:183} INFO - Processing /home/logi/txtai/venv/lib/python3.10/site-packages/airflow/example_dags/example_trigger_controller_dag.py took 0.098 seconds
[2025-11-12T20:46:42.623+0530] {processor.py:161} INFO - Started process (PID=12792) to work on /home/logi/txtai/venv/lib/python3.10/site-packages/airflow/example_dags/example_trigger_controller_dag.py
[2025-11-12T20:46:42.636+0530] {processor.py:830} INFO - Processing file /home/logi/txtai/venv/lib/python3.10/site-packages/airflow/example_dags/example_trigger_controller_dag.py for tasks to queue
[2025-11-12T20:46:42.639+0530] {logging_mixin.py:188} INFO - [2025-11-12T20:46:42.639+0530] {dagbag.py:545} INFO - Filling up the DagBag from /home/logi/txtai/venv/lib/python3.10/site-packages/airflow/example_dags/example_trigger_controller_dag.py
[2025-11-12T20:46:42.643+0530] {processor.py:840} INFO - DAG(s) 'example_trigger_controller_dag' retrieved from /home/logi/txtai/venv/lib/python3.10/site-packages/airflow/example_dags/example_trigger_controller_dag.py
[2025-11-12T20:46:42.658+0530] {logging_mixin.py:188} INFO - [2025-11-12T20:46:42.658+0530] {dag.py:3089} INFO - Sync 1 DAGs
[2025-11-12T20:46:42.673+0530] {logging_mixin.py:188} INFO - [2025-11-12T20:46:42.673+0530] {dag.py:3947} INFO - Setting next_dagrun for example_trigger_controller_dag to 2021-01-01 00:00:00+00:00, run_after=2021-01-01 00:00:00+00:00
[2025-11-12T20:46:42.691+0530] {processor.py:183} INFO - Processing /home/logi/txtai/venv/lib/python3.10/site-packages/airflow/example_dags/example_trigger_controller_dag.py took 0.075 seconds
[2025-11-12T20:47:33.575+0530] {processor.py:161} INFO - Started process (PID=12963) to work on /home/logi/txtai/venv/lib/python3.10/site-packages/airflow/example_dags/example_trigger_controller_dag.py
[2025-11-12T20:47:33.576+0530] {processor.py:830} INFO - Processing file /home/logi/txtai/venv/lib/python3.10/site-packages/airflow/example_dags/example_trigger_controller_dag.py for tasks to queue
[2025-11-12T20:47:33.579+0530] {logging_mixin.py:188} INFO - [2025-11-12T20:47:33.578+0530] {dagbag.py:545} INFO - Filling up the DagBag from /home/logi/txtai/venv/lib/python3.10/site-packages/airflow/example_dags/example_trigger_controller_dag.py
[2025-11-12T20:47:33.591+0530] {processor.py:840} INFO - DAG(s) 'example_trigger_controller_dag' retrieved from /home/logi/txtai/venv/lib/python3.10/site-packages/airflow/example_dags/example_trigger_controller_dag.py
[2025-11-12T20:47:33.616+0530] {logging_mixin.py:188} INFO - [2025-11-12T20:47:33.615+0530] {dag.py:3089} INFO - Sync 1 DAGs
[2025-11-12T20:47:33.654+0530] {logging_mixin.py:188} INFO - [2025-11-12T20:47:33.654+0530] {dag.py:3947} INFO - Setting next_dagrun for example_trigger_controller_dag to 2021-01-01 00:00:00+00:00, run_after=2021-01-01 00:00:00+00:00
[2025-11-12T20:47:33.690+0530] {processor.py:183} INFO - Processing /home/logi/txtai/venv/lib/python3.10/site-packages/airflow/example_dags/example_trigger_controller_dag.py took 0.124 seconds
[2025-11-12T20:48:27.815+0530] {processor.py:161} INFO - Started process (PID=13045) to work on /home/logi/txtai/venv/lib/python3.10/site-packages/airflow/example_dags/example_trigger_controller_dag.py
[2025-11-12T20:48:27.828+0530] {processor.py:830} INFO - Processing file /home/logi/txtai/venv/lib/python3.10/site-packages/airflow/example_dags/example_trigger_controller_dag.py for tasks to queue
[2025-11-12T20:48:27.831+0530] {logging_mixin.py:188} INFO - [2025-11-12T20:48:27.830+0530] {dagbag.py:545} INFO - Filling up the DagBag from /home/logi/txtai/venv/lib/python3.10/site-packages/airflow/example_dags/example_trigger_controller_dag.py
[2025-11-12T20:48:27.840+0530] {processor.py:840} INFO - DAG(s) 'example_trigger_controller_dag' retrieved from /home/logi/txtai/venv/lib/python3.10/site-packages/airflow/example_dags/example_trigger_controller_dag.py
[2025-11-12T20:48:27.866+0530] {logging_mixin.py:188} INFO - [2025-11-12T20:48:27.866+0530] {dag.py:3089} INFO - Sync 1 DAGs
[2025-11-12T20:48:27.890+0530] {logging_mixin.py:188} INFO - [2025-11-12T20:48:27.890+0530] {dag.py:3947} INFO - Setting next_dagrun for example_trigger_controller_dag to 2021-01-01 00:00:00+00:00, run_after=2021-01-01 00:00:00+00:00
[2025-11-12T20:48:27.914+0530] {processor.py:183} INFO - Processing /home/logi/txtai/venv/lib/python3.10/site-packages/airflow/example_dags/example_trigger_controller_dag.py took 0.110 seconds
[2025-11-12T20:49:17.995+0530] {processor.py:161} INFO - Started process (PID=13123) to work on /home/logi/txtai/venv/lib/python3.10/site-packages/airflow/example_dags/example_trigger_controller_dag.py
[2025-11-12T20:49:18.009+0530] {processor.py:830} INFO - Processing file /home/logi/txtai/venv/lib/python3.10/site-packages/airflow/example_dags/example_trigger_controller_dag.py for tasks to queue
[2025-11-12T20:49:18.012+0530] {logging_mixin.py:188} INFO - [2025-11-12T20:49:18.011+0530] {dagbag.py:545} INFO - Filling up the DagBag from /home/logi/txtai/venv/lib/python3.10/site-packages/airflow/example_dags/example_trigger_controller_dag.py
[2025-11-12T20:49:18.022+0530] {processor.py:840} INFO - DAG(s) 'example_trigger_controller_dag' retrieved from /home/logi/txtai/venv/lib/python3.10/site-packages/airflow/example_dags/example_trigger_controller_dag.py
[2025-11-12T20:49:18.047+0530] {logging_mixin.py:188} INFO - [2025-11-12T20:49:18.046+0530] {dag.py:3089} INFO - Sync 1 DAGs
[2025-11-12T20:49:18.068+0530] {logging_mixin.py:188} INFO - [2025-11-12T20:49:18.068+0530] {dag.py:3947} INFO - Setting next_dagrun for example_trigger_controller_dag to 2021-01-01 00:00:00+00:00, run_after=2021-01-01 00:00:00+00:00
[2025-11-12T20:49:18.089+0530] {processor.py:183} INFO - Processing /home/logi/txtai/venv/lib/python3.10/site-packages/airflow/example_dags/example_trigger_controller_dag.py took 0.106 seconds
[2025-11-12T20:50:09.712+0530] {processor.py:161} INFO - Started process (PID=13205) to work on /home/logi/txtai/venv/lib/python3.10/site-packages/airflow/example_dags/example_trigger_controller_dag.py
[2025-11-12T20:50:09.726+0530] {processor.py:830} INFO - Processing file /home/logi/txtai/venv/lib/python3.10/site-packages/airflow/example_dags/example_trigger_controller_dag.py for tasks to queue
[2025-11-12T20:50:09.729+0530] {logging_mixin.py:188} INFO - [2025-11-12T20:50:09.729+0530] {dagbag.py:545} INFO - Filling up the DagBag from /home/logi/txtai/venv/lib/python3.10/site-packages/airflow/example_dags/example_trigger_controller_dag.py
[2025-11-12T20:50:09.741+0530] {processor.py:840} INFO - DAG(s) 'example_trigger_controller_dag' retrieved from /home/logi/txtai/venv/lib/python3.10/site-packages/airflow/example_dags/example_trigger_controller_dag.py
[2025-11-12T20:50:09.768+0530] {logging_mixin.py:188} INFO - [2025-11-12T20:50:09.768+0530] {dag.py:3089} INFO - Sync 1 DAGs
[2025-11-12T20:50:09.786+0530] {logging_mixin.py:188} INFO - [2025-11-12T20:50:09.786+0530] {dag.py:3947} INFO - Setting next_dagrun for example_trigger_controller_dag to 2021-01-01 00:00:00+00:00, run_after=2021-01-01 00:00:00+00:00
[2025-11-12T20:50:09.807+0530] {processor.py:183} INFO - Processing /home/logi/txtai/venv/lib/python3.10/site-packages/airflow/example_dags/example_trigger_controller_dag.py took 0.106 seconds
[2025-11-12T20:50:56.154+0530] {processor.py:161} INFO - Started process (PID=13278) to work on /home/logi/txtai/venv/lib/python3.10/site-packages/airflow/example_dags/example_trigger_controller_dag.py
[2025-11-12T20:50:56.168+0530] {processor.py:830} INFO - Processing file /home/logi/txtai/venv/lib/python3.10/site-packages/airflow/example_dags/example_trigger_controller_dag.py for tasks to queue
[2025-11-12T20:50:56.171+0530] {logging_mixin.py:188} INFO - [2025-11-12T20:50:56.170+0530] {dagbag.py:545} INFO - Filling up the DagBag from /home/logi/txtai/venv/lib/python3.10/site-packages/airflow/example_dags/example_trigger_controller_dag.py
[2025-11-12T20:50:56.178+0530] {processor.py:840} INFO - DAG(s) 'example_trigger_controller_dag' retrieved from /home/logi/txtai/venv/lib/python3.10/site-packages/airflow/example_dags/example_trigger_controller_dag.py
[2025-11-12T20:50:56.198+0530] {logging_mixin.py:188} INFO - [2025-11-12T20:50:56.197+0530] {dag.py:3089} INFO - Sync 1 DAGs
[2025-11-12T20:50:56.213+0530] {logging_mixin.py:188} INFO - [2025-11-12T20:50:56.213+0530] {dag.py:3947} INFO - Setting next_dagrun for example_trigger_controller_dag to 2021-01-01 00:00:00+00:00, run_after=2021-01-01 00:00:00+00:00
[2025-11-12T20:50:56.240+0530] {processor.py:183} INFO - Processing /home/logi/txtai/venv/lib/python3.10/site-packages/airflow/example_dags/example_trigger_controller_dag.py took 0.092 seconds
[2025-11-12T20:51:43.154+0530] {processor.py:161} INFO - Started process (PID=13352) to work on /home/logi/txtai/venv/lib/python3.10/site-packages/airflow/example_dags/example_trigger_controller_dag.py
[2025-11-12T20:51:43.167+0530] {processor.py:830} INFO - Processing file /home/logi/txtai/venv/lib/python3.10/site-packages/airflow/example_dags/example_trigger_controller_dag.py for tasks to queue
[2025-11-12T20:51:43.171+0530] {logging_mixin.py:188} INFO - [2025-11-12T20:51:43.170+0530] {dagbag.py:545} INFO - Filling up the DagBag from /home/logi/txtai/venv/lib/python3.10/site-packages/airflow/example_dags/example_trigger_controller_dag.py
[2025-11-12T20:51:43.176+0530] {processor.py:840} INFO - DAG(s) 'example_trigger_controller_dag' retrieved from /home/logi/txtai/venv/lib/python3.10/site-packages/airflow/example_dags/example_trigger_controller_dag.py
[2025-11-12T20:51:43.192+0530] {logging_mixin.py:188} INFO - [2025-11-12T20:51:43.192+0530] {dag.py:3089} INFO - Sync 1 DAGs
[2025-11-12T20:51:43.207+0530] {logging_mixin.py:188} INFO - [2025-11-12T20:51:43.207+0530] {dag.py:3947} INFO - Setting next_dagrun for example_trigger_controller_dag to 2021-01-01 00:00:00+00:00, run_after=2021-01-01 00:00:00+00:00
[2025-11-12T20:51:43.226+0530] {processor.py:183} INFO - Processing /home/logi/txtai/venv/lib/python3.10/site-packages/airflow/example_dags/example_trigger_controller_dag.py took 0.079 seconds
[2025-11-12T20:52:32.804+0530] {processor.py:161} INFO - Started process (PID=13470) to work on /home/logi/txtai/venv/lib/python3.10/site-packages/airflow/example_dags/example_trigger_controller_dag.py
[2025-11-12T20:52:32.816+0530] {processor.py:830} INFO - Processing file /home/logi/txtai/venv/lib/python3.10/site-packages/airflow/example_dags/example_trigger_controller_dag.py for tasks to queue
[2025-11-12T20:52:32.818+0530] {logging_mixin.py:188} INFO - [2025-11-12T20:52:32.818+0530] {dagbag.py:545} INFO - Filling up the DagBag from /home/logi/txtai/venv/lib/python3.10/site-packages/airflow/example_dags/example_trigger_controller_dag.py
[2025-11-12T20:52:32.822+0530] {processor.py:840} INFO - DAG(s) 'example_trigger_controller_dag' retrieved from /home/logi/txtai/venv/lib/python3.10/site-packages/airflow/example_dags/example_trigger_controller_dag.py
[2025-11-12T20:52:32.836+0530] {logging_mixin.py:188} INFO - [2025-11-12T20:52:32.835+0530] {dag.py:3089} INFO - Sync 1 DAGs
[2025-11-12T20:52:32.851+0530] {logging_mixin.py:188} INFO - [2025-11-12T20:52:32.850+0530] {dag.py:3947} INFO - Setting next_dagrun for example_trigger_controller_dag to 2021-01-01 00:00:00+00:00, run_after=2021-01-01 00:00:00+00:00
[2025-11-12T20:52:32.869+0530] {processor.py:183} INFO - Processing /home/logi/txtai/venv/lib/python3.10/site-packages/airflow/example_dags/example_trigger_controller_dag.py took 0.072 seconds
[2025-11-12T20:53:56.419+0530] {processor.py:161} INFO - Started process (PID=14341) to work on /home/logi/txtai/venv/lib/python3.10/site-packages/airflow/example_dags/example_trigger_controller_dag.py
[2025-11-12T20:53:56.433+0530] {processor.py:830} INFO - Processing file /home/logi/txtai/venv/lib/python3.10/site-packages/airflow/example_dags/example_trigger_controller_dag.py for tasks to queue
[2025-11-12T20:53:56.435+0530] {logging_mixin.py:188} INFO - [2025-11-12T20:53:56.435+0530] {dagbag.py:545} INFO - Filling up the DagBag from /home/logi/txtai/venv/lib/python3.10/site-packages/airflow/example_dags/example_trigger_controller_dag.py
[2025-11-12T20:53:56.440+0530] {processor.py:840} INFO - DAG(s) 'example_trigger_controller_dag' retrieved from /home/logi/txtai/venv/lib/python3.10/site-packages/airflow/example_dags/example_trigger_controller_dag.py
[2025-11-12T20:53:56.457+0530] {logging_mixin.py:188} INFO - [2025-11-12T20:53:56.457+0530] {dag.py:3089} INFO - Sync 1 DAGs
[2025-11-12T20:53:56.472+0530] {logging_mixin.py:188} INFO - [2025-11-12T20:53:56.472+0530] {dag.py:3947} INFO - Setting next_dagrun for example_trigger_controller_dag to 2021-01-01 00:00:00+00:00, run_after=2021-01-01 00:00:00+00:00
[2025-11-12T20:53:56.490+0530] {processor.py:183} INFO - Processing /home/logi/txtai/venv/lib/python3.10/site-packages/airflow/example_dags/example_trigger_controller_dag.py took 0.079 seconds
[2025-11-12T20:54:46.971+0530] {processor.py:161} INFO - Started process (PID=14448) to work on /home/logi/txtai/venv/lib/python3.10/site-packages/airflow/example_dags/example_trigger_controller_dag.py
[2025-11-12T20:54:46.976+0530] {processor.py:830} INFO - Processing file /home/logi/txtai/venv/lib/python3.10/site-packages/airflow/example_dags/example_trigger_controller_dag.py for tasks to queue
[2025-11-12T20:54:46.979+0530] {logging_mixin.py:188} INFO - [2025-11-12T20:54:46.978+0530] {dagbag.py:545} INFO - Filling up the DagBag from /home/logi/txtai/venv/lib/python3.10/site-packages/airflow/example_dags/example_trigger_controller_dag.py
[2025-11-12T20:54:46.988+0530] {processor.py:840} INFO - DAG(s) 'example_trigger_controller_dag' retrieved from /home/logi/txtai/venv/lib/python3.10/site-packages/airflow/example_dags/example_trigger_controller_dag.py
[2025-11-12T20:54:47.002+0530] {logging_mixin.py:188} INFO - [2025-11-12T20:54:47.002+0530] {dag.py:3089} INFO - Sync 1 DAGs
[2025-11-12T20:54:47.026+0530] {logging_mixin.py:188} INFO - [2025-11-12T20:54:47.025+0530] {dag.py:3947} INFO - Setting next_dagrun for example_trigger_controller_dag to 2021-01-01 00:00:00+00:00, run_after=2021-01-01 00:00:00+00:00
[2025-11-12T20:54:47.048+0530] {processor.py:183} INFO - Processing /home/logi/txtai/venv/lib/python3.10/site-packages/airflow/example_dags/example_trigger_controller_dag.py took 0.083 seconds
[2025-11-12T20:55:37.426+0530] {processor.py:161} INFO - Started process (PID=14530) to work on /home/logi/txtai/venv/lib/python3.10/site-packages/airflow/example_dags/example_trigger_controller_dag.py
[2025-11-12T20:55:37.439+0530] {processor.py:830} INFO - Processing file /home/logi/txtai/venv/lib/python3.10/site-packages/airflow/example_dags/example_trigger_controller_dag.py for tasks to queue
[2025-11-12T20:55:37.442+0530] {logging_mixin.py:188} INFO - [2025-11-12T20:55:37.441+0530] {dagbag.py:545} INFO - Filling up the DagBag from /home/logi/txtai/venv/lib/python3.10/site-packages/airflow/example_dags/example_trigger_controller_dag.py
[2025-11-12T20:55:37.450+0530] {processor.py:840} INFO - DAG(s) 'example_trigger_controller_dag' retrieved from /home/logi/txtai/venv/lib/python3.10/site-packages/airflow/example_dags/example_trigger_controller_dag.py
[2025-11-12T20:55:37.463+0530] {logging_mixin.py:188} INFO - [2025-11-12T20:55:37.463+0530] {dag.py:3089} INFO - Sync 1 DAGs
[2025-11-12T20:55:37.478+0530] {logging_mixin.py:188} INFO - [2025-11-12T20:55:37.478+0530] {dag.py:3947} INFO - Setting next_dagrun for example_trigger_controller_dag to 2021-01-01 00:00:00+00:00, run_after=2021-01-01 00:00:00+00:00
[2025-11-12T20:55:37.499+0530] {processor.py:183} INFO - Processing /home/logi/txtai/venv/lib/python3.10/site-packages/airflow/example_dags/example_trigger_controller_dag.py took 0.084 seconds
[2025-11-12T20:56:29.549+0530] {processor.py:161} INFO - Started process (PID=14620) to work on /home/logi/txtai/venv/lib/python3.10/site-packages/airflow/example_dags/example_trigger_controller_dag.py
[2025-11-12T20:56:29.562+0530] {processor.py:830} INFO - Processing file /home/logi/txtai/venv/lib/python3.10/site-packages/airflow/example_dags/example_trigger_controller_dag.py for tasks to queue
[2025-11-12T20:56:29.565+0530] {logging_mixin.py:188} INFO - [2025-11-12T20:56:29.565+0530] {dagbag.py:545} INFO - Filling up the DagBag from /home/logi/txtai/venv/lib/python3.10/site-packages/airflow/example_dags/example_trigger_controller_dag.py
[2025-11-12T20:56:29.575+0530] {processor.py:840} INFO - DAG(s) 'example_trigger_controller_dag' retrieved from /home/logi/txtai/venv/lib/python3.10/site-packages/airflow/example_dags/example_trigger_controller_dag.py
[2025-11-12T20:56:29.599+0530] {logging_mixin.py:188} INFO - [2025-11-12T20:56:29.598+0530] {dag.py:3089} INFO - Sync 1 DAGs
[2025-11-12T20:56:29.621+0530] {logging_mixin.py:188} INFO - [2025-11-12T20:56:29.621+0530] {dag.py:3947} INFO - Setting next_dagrun for example_trigger_controller_dag to 2021-01-01 00:00:00+00:00, run_after=2021-01-01 00:00:00+00:00
[2025-11-12T20:56:29.642+0530] {processor.py:183} INFO - Processing /home/logi/txtai/venv/lib/python3.10/site-packages/airflow/example_dags/example_trigger_controller_dag.py took 0.104 seconds
[2025-11-12T20:57:29.635+0530] {processor.py:161} INFO - Started process (PID=14806) to work on /home/logi/txtai/venv/lib/python3.10/site-packages/airflow/example_dags/example_trigger_controller_dag.py
[2025-11-12T20:57:29.649+0530] {processor.py:830} INFO - Processing file /home/logi/txtai/venv/lib/python3.10/site-packages/airflow/example_dags/example_trigger_controller_dag.py for tasks to queue
[2025-11-12T20:57:29.653+0530] {logging_mixin.py:188} INFO - [2025-11-12T20:57:29.652+0530] {dagbag.py:545} INFO - Filling up the DagBag from /home/logi/txtai/venv/lib/python3.10/site-packages/airflow/example_dags/example_trigger_controller_dag.py
[2025-11-12T20:57:29.661+0530] {processor.py:840} INFO - DAG(s) 'example_trigger_controller_dag' retrieved from /home/logi/txtai/venv/lib/python3.10/site-packages/airflow/example_dags/example_trigger_controller_dag.py
[2025-11-12T20:57:29.696+0530] {logging_mixin.py:188} INFO - [2025-11-12T20:57:29.696+0530] {dag.py:3089} INFO - Sync 1 DAGs
[2025-11-12T20:57:29.713+0530] {logging_mixin.py:188} INFO - [2025-11-12T20:57:29.713+0530] {dag.py:3947} INFO - Setting next_dagrun for example_trigger_controller_dag to 2021-01-01 00:00:00+00:00, run_after=2021-01-01 00:00:00+00:00
[2025-11-12T20:57:29.735+0530] {processor.py:183} INFO - Processing /home/logi/txtai/venv/lib/python3.10/site-packages/airflow/example_dags/example_trigger_controller_dag.py took 0.112 seconds
[2025-11-12T20:58:27.243+0530] {processor.py:161} INFO - Started process (PID=14969) to work on /home/logi/txtai/venv/lib/python3.10/site-packages/airflow/example_dags/example_trigger_controller_dag.py
[2025-11-12T20:58:27.256+0530] {processor.py:830} INFO - Processing file /home/logi/txtai/venv/lib/python3.10/site-packages/airflow/example_dags/example_trigger_controller_dag.py for tasks to queue
[2025-11-12T20:58:27.259+0530] {logging_mixin.py:188} INFO - [2025-11-12T20:58:27.258+0530] {dagbag.py:545} INFO - Filling up the DagBag from /home/logi/txtai/venv/lib/python3.10/site-packages/airflow/example_dags/example_trigger_controller_dag.py
[2025-11-12T20:58:27.267+0530] {processor.py:840} INFO - DAG(s) 'example_trigger_controller_dag' retrieved from /home/logi/txtai/venv/lib/python3.10/site-packages/airflow/example_dags/example_trigger_controller_dag.py
[2025-11-12T20:58:27.293+0530] {logging_mixin.py:188} INFO - [2025-11-12T20:58:27.292+0530] {dag.py:3089} INFO - Sync 1 DAGs
[2025-11-12T20:58:27.316+0530] {logging_mixin.py:188} INFO - [2025-11-12T20:58:27.316+0530] {dag.py:3947} INFO - Setting next_dagrun for example_trigger_controller_dag to 2021-01-01 00:00:00+00:00, run_after=2021-01-01 00:00:00+00:00
[2025-11-12T20:58:27.335+0530] {processor.py:183} INFO - Processing /home/logi/txtai/venv/lib/python3.10/site-packages/airflow/example_dags/example_trigger_controller_dag.py took 0.103 seconds
[2025-11-12T20:59:24.456+0530] {processor.py:161} INFO - Started process (PID=15085) to work on /home/logi/txtai/venv/lib/python3.10/site-packages/airflow/example_dags/example_trigger_controller_dag.py
[2025-11-12T20:59:24.470+0530] {processor.py:830} INFO - Processing file /home/logi/txtai/venv/lib/python3.10/site-packages/airflow/example_dags/example_trigger_controller_dag.py for tasks to queue
[2025-11-12T20:59:24.473+0530] {logging_mixin.py:188} INFO - [2025-11-12T20:59:24.473+0530] {dagbag.py:545} INFO - Filling up the DagBag from /home/logi/txtai/venv/lib/python3.10/site-packages/airflow/example_dags/example_trigger_controller_dag.py
[2025-11-12T20:59:24.483+0530] {processor.py:840} INFO - DAG(s) 'example_trigger_controller_dag' retrieved from /home/logi/txtai/venv/lib/python3.10/site-packages/airflow/example_dags/example_trigger_controller_dag.py
[2025-11-12T20:59:24.505+0530] {logging_mixin.py:188} INFO - [2025-11-12T20:59:24.505+0530] {dag.py:3089} INFO - Sync 1 DAGs
[2025-11-12T20:59:24.522+0530] {logging_mixin.py:188} INFO - [2025-11-12T20:59:24.521+0530] {dag.py:3947} INFO - Setting next_dagrun for example_trigger_controller_dag to 2021-01-01 00:00:00+00:00, run_after=2021-01-01 00:00:00+00:00
[2025-11-12T20:59:24.544+0530] {processor.py:183} INFO - Processing /home/logi/txtai/venv/lib/python3.10/site-packages/airflow/example_dags/example_trigger_controller_dag.py took 0.100 seconds
[2025-11-12T21:00:22.243+0530] {processor.py:161} INFO - Started process (PID=15193) to work on /home/logi/txtai/venv/lib/python3.10/site-packages/airflow/example_dags/example_trigger_controller_dag.py
[2025-11-12T21:00:22.246+0530] {processor.py:830} INFO - Processing file /home/logi/txtai/venv/lib/python3.10/site-packages/airflow/example_dags/example_trigger_controller_dag.py for tasks to queue
[2025-11-12T21:00:22.249+0530] {logging_mixin.py:188} INFO - [2025-11-12T21:00:22.248+0530] {dagbag.py:545} INFO - Filling up the DagBag from /home/logi/txtai/venv/lib/python3.10/site-packages/airflow/example_dags/example_trigger_controller_dag.py
[2025-11-12T21:00:22.258+0530] {processor.py:840} INFO - DAG(s) 'example_trigger_controller_dag' retrieved from /home/logi/txtai/venv/lib/python3.10/site-packages/airflow/example_dags/example_trigger_controller_dag.py
[2025-11-12T21:00:22.296+0530] {logging_mixin.py:188} INFO - [2025-11-12T21:00:22.295+0530] {dag.py:3089} INFO - Sync 1 DAGs
[2025-11-12T21:00:22.313+0530] {logging_mixin.py:188} INFO - [2025-11-12T21:00:22.313+0530] {dag.py:3947} INFO - Setting next_dagrun for example_trigger_controller_dag to 2021-01-01 00:00:00+00:00, run_after=2021-01-01 00:00:00+00:00
[2025-11-12T21:00:22.334+0530] {processor.py:183} INFO - Processing /home/logi/txtai/venv/lib/python3.10/site-packages/airflow/example_dags/example_trigger_controller_dag.py took 0.102 seconds
[2025-11-12T21:01:20.519+0530] {processor.py:161} INFO - Started process (PID=15406) to work on /home/logi/txtai/venv/lib/python3.10/site-packages/airflow/example_dags/example_trigger_controller_dag.py
[2025-11-12T21:01:20.532+0530] {processor.py:830} INFO - Processing file /home/logi/txtai/venv/lib/python3.10/site-packages/airflow/example_dags/example_trigger_controller_dag.py for tasks to queue
[2025-11-12T21:01:20.536+0530] {logging_mixin.py:188} INFO - [2025-11-12T21:01:20.535+0530] {dagbag.py:545} INFO - Filling up the DagBag from /home/logi/txtai/venv/lib/python3.10/site-packages/airflow/example_dags/example_trigger_controller_dag.py
[2025-11-12T21:01:20.545+0530] {processor.py:840} INFO - DAG(s) 'example_trigger_controller_dag' retrieved from /home/logi/txtai/venv/lib/python3.10/site-packages/airflow/example_dags/example_trigger_controller_dag.py
[2025-11-12T21:01:20.571+0530] {logging_mixin.py:188} INFO - [2025-11-12T21:01:20.570+0530] {dag.py:3089} INFO - Sync 1 DAGs
[2025-11-12T21:01:20.592+0530] {logging_mixin.py:188} INFO - [2025-11-12T21:01:20.591+0530] {dag.py:3947} INFO - Setting next_dagrun for example_trigger_controller_dag to 2021-01-01 00:00:00+00:00, run_after=2021-01-01 00:00:00+00:00
[2025-11-12T21:01:20.613+0530] {processor.py:183} INFO - Processing /home/logi/txtai/venv/lib/python3.10/site-packages/airflow/example_dags/example_trigger_controller_dag.py took 0.106 seconds
[2025-11-12T21:02:25.700+0530] {processor.py:161} INFO - Started process (PID=15630) to work on /home/logi/txtai/venv/lib/python3.10/site-packages/airflow/example_dags/example_trigger_controller_dag.py
[2025-11-12T21:02:25.714+0530] {processor.py:830} INFO - Processing file /home/logi/txtai/venv/lib/python3.10/site-packages/airflow/example_dags/example_trigger_controller_dag.py for tasks to queue
[2025-11-12T21:02:25.718+0530] {logging_mixin.py:188} INFO - [2025-11-12T21:02:25.718+0530] {dagbag.py:545} INFO - Filling up the DagBag from /home/logi/txtai/venv/lib/python3.10/site-packages/airflow/example_dags/example_trigger_controller_dag.py
[2025-11-12T21:02:25.733+0530] {processor.py:840} INFO - DAG(s) 'example_trigger_controller_dag' retrieved from /home/logi/txtai/venv/lib/python3.10/site-packages/airflow/example_dags/example_trigger_controller_dag.py
[2025-11-12T21:02:25.767+0530] {logging_mixin.py:188} INFO - [2025-11-12T21:02:25.767+0530] {dag.py:3089} INFO - Sync 1 DAGs
[2025-11-12T21:02:25.792+0530] {logging_mixin.py:188} INFO - [2025-11-12T21:02:25.791+0530] {dag.py:3947} INFO - Setting next_dagrun for example_trigger_controller_dag to 2021-01-01 00:00:00+00:00, run_after=2021-01-01 00:00:00+00:00
[2025-11-12T21:02:25.831+0530] {processor.py:183} INFO - Processing /home/logi/txtai/venv/lib/python3.10/site-packages/airflow/example_dags/example_trigger_controller_dag.py took 0.148 seconds
[2025-11-12T21:03:30.885+0530] {processor.py:161} INFO - Started process (PID=15837) to work on /home/logi/txtai/venv/lib/python3.10/site-packages/airflow/example_dags/example_trigger_controller_dag.py
[2025-11-12T21:03:30.898+0530] {processor.py:830} INFO - Processing file /home/logi/txtai/venv/lib/python3.10/site-packages/airflow/example_dags/example_trigger_controller_dag.py for tasks to queue
[2025-11-12T21:03:30.901+0530] {logging_mixin.py:188} INFO - [2025-11-12T21:03:30.901+0530] {dagbag.py:545} INFO - Filling up the DagBag from /home/logi/txtai/venv/lib/python3.10/site-packages/airflow/example_dags/example_trigger_controller_dag.py
[2025-11-12T21:03:30.909+0530] {processor.py:840} INFO - DAG(s) 'example_trigger_controller_dag' retrieved from /home/logi/txtai/venv/lib/python3.10/site-packages/airflow/example_dags/example_trigger_controller_dag.py
[2025-11-12T21:03:30.924+0530] {logging_mixin.py:188} INFO - [2025-11-12T21:03:30.924+0530] {dag.py:3089} INFO - Sync 1 DAGs
[2025-11-12T21:03:30.939+0530] {logging_mixin.py:188} INFO - [2025-11-12T21:03:30.939+0530] {dag.py:3947} INFO - Setting next_dagrun for example_trigger_controller_dag to 2021-01-01 00:00:00+00:00, run_after=2021-01-01 00:00:00+00:00
[2025-11-12T21:03:30.957+0530] {processor.py:183} INFO - Processing /home/logi/txtai/venv/lib/python3.10/site-packages/airflow/example_dags/example_trigger_controller_dag.py took 0.078 seconds
[2025-11-12T21:04:35.951+0530] {processor.py:161} INFO - Started process (PID=16041) to work on /home/logi/txtai/venv/lib/python3.10/site-packages/airflow/example_dags/example_trigger_controller_dag.py
[2025-11-12T21:04:35.964+0530] {processor.py:830} INFO - Processing file /home/logi/txtai/venv/lib/python3.10/site-packages/airflow/example_dags/example_trigger_controller_dag.py for tasks to queue
[2025-11-12T21:04:35.967+0530] {logging_mixin.py:188} INFO - [2025-11-12T21:04:35.966+0530] {dagbag.py:545} INFO - Filling up the DagBag from /home/logi/txtai/venv/lib/python3.10/site-packages/airflow/example_dags/example_trigger_controller_dag.py
[2025-11-12T21:04:35.975+0530] {processor.py:840} INFO - DAG(s) 'example_trigger_controller_dag' retrieved from /home/logi/txtai/venv/lib/python3.10/site-packages/airflow/example_dags/example_trigger_controller_dag.py
[2025-11-12T21:04:35.990+0530] {logging_mixin.py:188} INFO - [2025-11-12T21:04:35.990+0530] {dag.py:3089} INFO - Sync 1 DAGs
[2025-11-12T21:04:36.008+0530] {logging_mixin.py:188} INFO - [2025-11-12T21:04:36.008+0530] {dag.py:3947} INFO - Setting next_dagrun for example_trigger_controller_dag to 2021-01-01 00:00:00+00:00, run_after=2021-01-01 00:00:00+00:00
[2025-11-12T21:04:36.028+0530] {processor.py:183} INFO - Processing /home/logi/txtai/venv/lib/python3.10/site-packages/airflow/example_dags/example_trigger_controller_dag.py took 0.086 seconds
[2025-11-12T21:05:29.111+0530] {processor.py:161} INFO - Started process (PID=16185) to work on /home/logi/txtai/venv/lib/python3.10/site-packages/airflow/example_dags/example_trigger_controller_dag.py
[2025-11-12T21:05:29.124+0530] {processor.py:830} INFO - Processing file /home/logi/txtai/venv/lib/python3.10/site-packages/airflow/example_dags/example_trigger_controller_dag.py for tasks to queue
[2025-11-12T21:05:29.129+0530] {logging_mixin.py:188} INFO - [2025-11-12T21:05:29.127+0530] {dagbag.py:545} INFO - Filling up the DagBag from /home/logi/txtai/venv/lib/python3.10/site-packages/airflow/example_dags/example_trigger_controller_dag.py
[2025-11-12T21:05:29.139+0530] {processor.py:840} INFO - DAG(s) 'example_trigger_controller_dag' retrieved from /home/logi/txtai/venv/lib/python3.10/site-packages/airflow/example_dags/example_trigger_controller_dag.py
[2025-11-12T21:05:29.161+0530] {logging_mixin.py:188} INFO - [2025-11-12T21:05:29.161+0530] {dag.py:3089} INFO - Sync 1 DAGs
[2025-11-12T21:05:29.182+0530] {logging_mixin.py:188} INFO - [2025-11-12T21:05:29.181+0530] {dag.py:3947} INFO - Setting next_dagrun for example_trigger_controller_dag to 2021-01-01 00:00:00+00:00, run_after=2021-01-01 00:00:00+00:00
[2025-11-12T21:05:29.203+0530] {processor.py:183} INFO - Processing /home/logi/txtai/venv/lib/python3.10/site-packages/airflow/example_dags/example_trigger_controller_dag.py took 0.107 seconds
[2025-11-12T21:06:22.021+0530] {processor.py:161} INFO - Started process (PID=16309) to work on /home/logi/txtai/venv/lib/python3.10/site-packages/airflow/example_dags/example_trigger_controller_dag.py
[2025-11-12T21:06:22.037+0530] {processor.py:830} INFO - Processing file /home/logi/txtai/venv/lib/python3.10/site-packages/airflow/example_dags/example_trigger_controller_dag.py for tasks to queue
[2025-11-12T21:06:22.048+0530] {logging_mixin.py:188} INFO - [2025-11-12T21:06:22.046+0530] {dagbag.py:545} INFO - Filling up the DagBag from /home/logi/txtai/venv/lib/python3.10/site-packages/airflow/example_dags/example_trigger_controller_dag.py
[2025-11-12T21:06:22.068+0530] {processor.py:840} INFO - DAG(s) 'example_trigger_controller_dag' retrieved from /home/logi/txtai/venv/lib/python3.10/site-packages/airflow/example_dags/example_trigger_controller_dag.py
[2025-11-12T21:06:22.106+0530] {logging_mixin.py:188} INFO - [2025-11-12T21:06:22.105+0530] {dag.py:3089} INFO - Sync 1 DAGs
[2025-11-12T21:06:22.142+0530] {logging_mixin.py:188} INFO - [2025-11-12T21:06:22.142+0530] {dag.py:3947} INFO - Setting next_dagrun for example_trigger_controller_dag to 2021-01-01 00:00:00+00:00, run_after=2021-01-01 00:00:00+00:00
[2025-11-12T21:06:22.204+0530] {processor.py:183} INFO - Processing /home/logi/txtai/venv/lib/python3.10/site-packages/airflow/example_dags/example_trigger_controller_dag.py took 0.213 seconds
[2025-11-12T21:07:23.168+0530] {processor.py:161} INFO - Started process (PID=16399) to work on /home/logi/txtai/venv/lib/python3.10/site-packages/airflow/example_dags/example_trigger_controller_dag.py
[2025-11-12T21:07:23.182+0530] {processor.py:830} INFO - Processing file /home/logi/txtai/venv/lib/python3.10/site-packages/airflow/example_dags/example_trigger_controller_dag.py for tasks to queue
[2025-11-12T21:07:23.184+0530] {logging_mixin.py:188} INFO - [2025-11-12T21:07:23.184+0530] {dagbag.py:545} INFO - Filling up the DagBag from /home/logi/txtai/venv/lib/python3.10/site-packages/airflow/example_dags/example_trigger_controller_dag.py
[2025-11-12T21:07:23.191+0530] {processor.py:840} INFO - DAG(s) 'example_trigger_controller_dag' retrieved from /home/logi/txtai/venv/lib/python3.10/site-packages/airflow/example_dags/example_trigger_controller_dag.py
[2025-11-12T21:07:23.223+0530] {logging_mixin.py:188} INFO - [2025-11-12T21:07:23.223+0530] {dag.py:3089} INFO - Sync 1 DAGs
[2025-11-12T21:07:23.260+0530] {logging_mixin.py:188} INFO - [2025-11-12T21:07:23.259+0530] {dag.py:3947} INFO - Setting next_dagrun for example_trigger_controller_dag to 2021-01-01 00:00:00+00:00, run_after=2021-01-01 00:00:00+00:00
[2025-11-12T21:07:23.302+0530] {processor.py:183} INFO - Processing /home/logi/txtai/venv/lib/python3.10/site-packages/airflow/example_dags/example_trigger_controller_dag.py took 0.163 seconds
[2025-11-12T21:08:19.641+0530] {processor.py:161} INFO - Started process (PID=16561) to work on /home/logi/txtai/venv/lib/python3.10/site-packages/airflow/example_dags/example_trigger_controller_dag.py
[2025-11-12T21:08:19.654+0530] {processor.py:830} INFO - Processing file /home/logi/txtai/venv/lib/python3.10/site-packages/airflow/example_dags/example_trigger_controller_dag.py for tasks to queue
[2025-11-12T21:08:19.657+0530] {logging_mixin.py:188} INFO - [2025-11-12T21:08:19.657+0530] {dagbag.py:545} INFO - Filling up the DagBag from /home/logi/txtai/venv/lib/python3.10/site-packages/airflow/example_dags/example_trigger_controller_dag.py
[2025-11-12T21:08:19.667+0530] {processor.py:840} INFO - DAG(s) 'example_trigger_controller_dag' retrieved from /home/logi/txtai/venv/lib/python3.10/site-packages/airflow/example_dags/example_trigger_controller_dag.py
[2025-11-12T21:08:19.693+0530] {logging_mixin.py:188} INFO - [2025-11-12T21:08:19.693+0530] {dag.py:3089} INFO - Sync 1 DAGs
[2025-11-12T21:08:19.713+0530] {logging_mixin.py:188} INFO - [2025-11-12T21:08:19.713+0530] {dag.py:3947} INFO - Setting next_dagrun for example_trigger_controller_dag to 2021-01-01 00:00:00+00:00, run_after=2021-01-01 00:00:00+00:00
[2025-11-12T21:08:19.731+0530] {processor.py:183} INFO - Processing /home/logi/txtai/venv/lib/python3.10/site-packages/airflow/example_dags/example_trigger_controller_dag.py took 0.100 seconds
[2025-11-12T21:09:12.255+0530] {processor.py:161} INFO - Started process (PID=16658) to work on /home/logi/txtai/venv/lib/python3.10/site-packages/airflow/example_dags/example_trigger_controller_dag.py
[2025-11-12T21:09:12.268+0530] {processor.py:830} INFO - Processing file /home/logi/txtai/venv/lib/python3.10/site-packages/airflow/example_dags/example_trigger_controller_dag.py for tasks to queue
[2025-11-12T21:09:12.271+0530] {logging_mixin.py:188} INFO - [2025-11-12T21:09:12.271+0530] {dagbag.py:545} INFO - Filling up the DagBag from /home/logi/txtai/venv/lib/python3.10/site-packages/airflow/example_dags/example_trigger_controller_dag.py
[2025-11-12T21:09:12.280+0530] {processor.py:840} INFO - DAG(s) 'example_trigger_controller_dag' retrieved from /home/logi/txtai/venv/lib/python3.10/site-packages/airflow/example_dags/example_trigger_controller_dag.py
[2025-11-12T21:09:12.304+0530] {logging_mixin.py:188} INFO - [2025-11-12T21:09:12.303+0530] {dag.py:3089} INFO - Sync 1 DAGs
[2025-11-12T21:09:12.325+0530] {logging_mixin.py:188} INFO - [2025-11-12T21:09:12.325+0530] {dag.py:3947} INFO - Setting next_dagrun for example_trigger_controller_dag to 2021-01-01 00:00:00+00:00, run_after=2021-01-01 00:00:00+00:00
[2025-11-12T21:09:12.343+0530] {processor.py:183} INFO - Processing /home/logi/txtai/venv/lib/python3.10/site-packages/airflow/example_dags/example_trigger_controller_dag.py took 0.099 seconds
[2025-11-12T21:10:08.294+0530] {processor.py:161} INFO - Started process (PID=16799) to work on /home/logi/txtai/venv/lib/python3.10/site-packages/airflow/example_dags/example_trigger_controller_dag.py
[2025-11-12T21:10:08.307+0530] {processor.py:830} INFO - Processing file /home/logi/txtai/venv/lib/python3.10/site-packages/airflow/example_dags/example_trigger_controller_dag.py for tasks to queue
[2025-11-12T21:10:08.311+0530] {logging_mixin.py:188} INFO - [2025-11-12T21:10:08.310+0530] {dagbag.py:545} INFO - Filling up the DagBag from /home/logi/txtai/venv/lib/python3.10/site-packages/airflow/example_dags/example_trigger_controller_dag.py
[2025-11-12T21:10:08.320+0530] {processor.py:840} INFO - DAG(s) 'example_trigger_controller_dag' retrieved from /home/logi/txtai/venv/lib/python3.10/site-packages/airflow/example_dags/example_trigger_controller_dag.py
[2025-11-12T21:10:08.347+0530] {logging_mixin.py:188} INFO - [2025-11-12T21:10:08.347+0530] {dag.py:3089} INFO - Sync 1 DAGs
[2025-11-12T21:10:08.369+0530] {logging_mixin.py:188} INFO - [2025-11-12T21:10:08.369+0530] {dag.py:3947} INFO - Setting next_dagrun for example_trigger_controller_dag to 2021-01-01 00:00:00+00:00, run_after=2021-01-01 00:00:00+00:00
[2025-11-12T21:10:08.390+0530] {processor.py:183} INFO - Processing /home/logi/txtai/venv/lib/python3.10/site-packages/airflow/example_dags/example_trigger_controller_dag.py took 0.109 seconds
[2025-11-12T21:11:06.127+0530] {processor.py:161} INFO - Started process (PID=16983) to work on /home/logi/txtai/venv/lib/python3.10/site-packages/airflow/example_dags/example_trigger_controller_dag.py
[2025-11-12T21:11:06.141+0530] {processor.py:830} INFO - Processing file /home/logi/txtai/venv/lib/python3.10/site-packages/airflow/example_dags/example_trigger_controller_dag.py for tasks to queue
[2025-11-12T21:11:06.145+0530] {logging_mixin.py:188} INFO - [2025-11-12T21:11:06.145+0530] {dagbag.py:545} INFO - Filling up the DagBag from /home/logi/txtai/venv/lib/python3.10/site-packages/airflow/example_dags/example_trigger_controller_dag.py
[2025-11-12T21:11:06.150+0530] {processor.py:840} INFO - DAG(s) 'example_trigger_controller_dag' retrieved from /home/logi/txtai/venv/lib/python3.10/site-packages/airflow/example_dags/example_trigger_controller_dag.py
[2025-11-12T21:11:06.210+0530] {logging_mixin.py:188} INFO - [2025-11-12T21:11:06.209+0530] {dag.py:3089} INFO - Sync 1 DAGs
[2025-11-12T21:11:06.284+0530] {logging_mixin.py:188} INFO - [2025-11-12T21:11:06.283+0530] {dag.py:3947} INFO - Setting next_dagrun for example_trigger_controller_dag to 2021-01-01 00:00:00+00:00, run_after=2021-01-01 00:00:00+00:00
[2025-11-12T21:11:06.375+0530] {processor.py:183} INFO - Processing /home/logi/txtai/venv/lib/python3.10/site-packages/airflow/example_dags/example_trigger_controller_dag.py took 0.271 seconds
[2025-11-12T21:12:07.378+0530] {processor.py:161} INFO - Started process (PID=17164) to work on /home/logi/txtai/venv/lib/python3.10/site-packages/airflow/example_dags/example_trigger_controller_dag.py
[2025-11-12T21:12:07.396+0530] {processor.py:830} INFO - Processing file /home/logi/txtai/venv/lib/python3.10/site-packages/airflow/example_dags/example_trigger_controller_dag.py for tasks to queue
[2025-11-12T21:12:07.412+0530] {logging_mixin.py:188} INFO - [2025-11-12T21:12:07.407+0530] {dagbag.py:545} INFO - Filling up the DagBag from /home/logi/txtai/venv/lib/python3.10/site-packages/airflow/example_dags/example_trigger_controller_dag.py
[2025-11-12T21:12:07.438+0530] {processor.py:840} INFO - DAG(s) 'example_trigger_controller_dag' retrieved from /home/logi/txtai/venv/lib/python3.10/site-packages/airflow/example_dags/example_trigger_controller_dag.py
[2025-11-12T21:12:07.517+0530] {logging_mixin.py:188} INFO - [2025-11-12T21:12:07.516+0530] {dag.py:3089} INFO - Sync 1 DAGs
[2025-11-12T21:12:07.574+0530] {logging_mixin.py:188} INFO - [2025-11-12T21:12:07.574+0530] {dag.py:3947} INFO - Setting next_dagrun for example_trigger_controller_dag to 2021-01-01 00:00:00+00:00, run_after=2021-01-01 00:00:00+00:00
[2025-11-12T21:12:07.630+0530] {processor.py:183} INFO - Processing /home/logi/txtai/venv/lib/python3.10/site-packages/airflow/example_dags/example_trigger_controller_dag.py took 0.293 seconds
[2025-11-12T21:13:06.711+0530] {processor.py:161} INFO - Started process (PID=17351) to work on /home/logi/txtai/venv/lib/python3.10/site-packages/airflow/example_dags/example_trigger_controller_dag.py
[2025-11-12T21:13:06.730+0530] {processor.py:830} INFO - Processing file /home/logi/txtai/venv/lib/python3.10/site-packages/airflow/example_dags/example_trigger_controller_dag.py for tasks to queue
[2025-11-12T21:13:06.734+0530] {logging_mixin.py:188} INFO - [2025-11-12T21:13:06.733+0530] {dagbag.py:545} INFO - Filling up the DagBag from /home/logi/txtai/venv/lib/python3.10/site-packages/airflow/example_dags/example_trigger_controller_dag.py
[2025-11-12T21:13:06.763+0530] {processor.py:840} INFO - DAG(s) 'example_trigger_controller_dag' retrieved from /home/logi/txtai/venv/lib/python3.10/site-packages/airflow/example_dags/example_trigger_controller_dag.py
[2025-11-12T21:13:06.800+0530] {logging_mixin.py:188} INFO - [2025-11-12T21:13:06.799+0530] {dag.py:3089} INFO - Sync 1 DAGs
[2025-11-12T21:13:06.822+0530] {logging_mixin.py:188} INFO - [2025-11-12T21:13:06.822+0530] {dag.py:3947} INFO - Setting next_dagrun for example_trigger_controller_dag to 2021-01-01 00:00:00+00:00, run_after=2021-01-01 00:00:00+00:00
[2025-11-12T21:13:06.841+0530] {processor.py:183} INFO - Processing /home/logi/txtai/venv/lib/python3.10/site-packages/airflow/example_dags/example_trigger_controller_dag.py took 0.176 seconds
[2025-11-12T21:14:07.522+0530] {processor.py:161} INFO - Started process (PID=17479) to work on /home/logi/txtai/venv/lib/python3.10/site-packages/airflow/example_dags/example_trigger_controller_dag.py
[2025-11-12T21:14:07.536+0530] {processor.py:830} INFO - Processing file /home/logi/txtai/venv/lib/python3.10/site-packages/airflow/example_dags/example_trigger_controller_dag.py for tasks to queue
[2025-11-12T21:14:07.539+0530] {logging_mixin.py:188} INFO - [2025-11-12T21:14:07.539+0530] {dagbag.py:545} INFO - Filling up the DagBag from /home/logi/txtai/venv/lib/python3.10/site-packages/airflow/example_dags/example_trigger_controller_dag.py
[2025-11-12T21:14:07.549+0530] {processor.py:840} INFO - DAG(s) 'example_trigger_controller_dag' retrieved from /home/logi/txtai/venv/lib/python3.10/site-packages/airflow/example_dags/example_trigger_controller_dag.py
[2025-11-12T21:14:07.580+0530] {logging_mixin.py:188} INFO - [2025-11-12T21:14:07.579+0530] {dag.py:3089} INFO - Sync 1 DAGs
[2025-11-12T21:14:07.613+0530] {logging_mixin.py:188} INFO - [2025-11-12T21:14:07.612+0530] {dag.py:3947} INFO - Setting next_dagrun for example_trigger_controller_dag to 2021-01-01 00:00:00+00:00, run_after=2021-01-01 00:00:00+00:00
[2025-11-12T21:14:07.663+0530] {processor.py:183} INFO - Processing /home/logi/txtai/venv/lib/python3.10/site-packages/airflow/example_dags/example_trigger_controller_dag.py took 0.152 seconds
[2025-11-12T21:15:07.651+0530] {processor.py:161} INFO - Started process (PID=17641) to work on /home/logi/txtai/venv/lib/python3.10/site-packages/airflow/example_dags/example_trigger_controller_dag.py
[2025-11-12T21:15:07.664+0530] {processor.py:830} INFO - Processing file /home/logi/txtai/venv/lib/python3.10/site-packages/airflow/example_dags/example_trigger_controller_dag.py for tasks to queue
[2025-11-12T21:15:07.667+0530] {logging_mixin.py:188} INFO - [2025-11-12T21:15:07.666+0530] {dagbag.py:545} INFO - Filling up the DagBag from /home/logi/txtai/venv/lib/python3.10/site-packages/airflow/example_dags/example_trigger_controller_dag.py
[2025-11-12T21:15:07.679+0530] {processor.py:840} INFO - DAG(s) 'example_trigger_controller_dag' retrieved from /home/logi/txtai/venv/lib/python3.10/site-packages/airflow/example_dags/example_trigger_controller_dag.py
[2025-11-12T21:15:07.705+0530] {logging_mixin.py:188} INFO - [2025-11-12T21:15:07.704+0530] {dag.py:3089} INFO - Sync 1 DAGs
[2025-11-12T21:15:07.724+0530] {logging_mixin.py:188} INFO - [2025-11-12T21:15:07.724+0530] {dag.py:3947} INFO - Setting next_dagrun for example_trigger_controller_dag to 2021-01-01 00:00:00+00:00, run_after=2021-01-01 00:00:00+00:00
[2025-11-12T21:15:07.746+0530] {processor.py:183} INFO - Processing /home/logi/txtai/venv/lib/python3.10/site-packages/airflow/example_dags/example_trigger_controller_dag.py took 0.106 seconds
[2025-11-12T21:16:04.952+0530] {processor.py:161} INFO - Started process (PID=17721) to work on /home/logi/txtai/venv/lib/python3.10/site-packages/airflow/example_dags/example_trigger_controller_dag.py
[2025-11-12T21:16:04.965+0530] {processor.py:830} INFO - Processing file /home/logi/txtai/venv/lib/python3.10/site-packages/airflow/example_dags/example_trigger_controller_dag.py for tasks to queue
[2025-11-12T21:16:04.968+0530] {logging_mixin.py:188} INFO - [2025-11-12T21:16:04.967+0530] {dagbag.py:545} INFO - Filling up the DagBag from /home/logi/txtai/venv/lib/python3.10/site-packages/airflow/example_dags/example_trigger_controller_dag.py
[2025-11-12T21:16:04.976+0530] {processor.py:840} INFO - DAG(s) 'example_trigger_controller_dag' retrieved from /home/logi/txtai/venv/lib/python3.10/site-packages/airflow/example_dags/example_trigger_controller_dag.py
[2025-11-12T21:16:05.002+0530] {logging_mixin.py:188} INFO - [2025-11-12T21:16:05.002+0530] {dag.py:3089} INFO - Sync 1 DAGs
[2025-11-12T21:16:05.026+0530] {logging_mixin.py:188} INFO - [2025-11-12T21:16:05.025+0530] {dag.py:3947} INFO - Setting next_dagrun for example_trigger_controller_dag to 2021-01-01 00:00:00+00:00, run_after=2021-01-01 00:00:00+00:00
[2025-11-12T21:16:05.047+0530] {processor.py:183} INFO - Processing /home/logi/txtai/venv/lib/python3.10/site-packages/airflow/example_dags/example_trigger_controller_dag.py took 0.105 seconds
[2025-11-12T21:16:56.251+0530] {processor.py:161} INFO - Started process (PID=17797) to work on /home/logi/txtai/venv/lib/python3.10/site-packages/airflow/example_dags/example_trigger_controller_dag.py
[2025-11-12T21:16:56.265+0530] {processor.py:830} INFO - Processing file /home/logi/txtai/venv/lib/python3.10/site-packages/airflow/example_dags/example_trigger_controller_dag.py for tasks to queue
[2025-11-12T21:16:56.267+0530] {logging_mixin.py:188} INFO - [2025-11-12T21:16:56.267+0530] {dagbag.py:545} INFO - Filling up the DagBag from /home/logi/txtai/venv/lib/python3.10/site-packages/airflow/example_dags/example_trigger_controller_dag.py
[2025-11-12T21:16:56.276+0530] {processor.py:840} INFO - DAG(s) 'example_trigger_controller_dag' retrieved from /home/logi/txtai/venv/lib/python3.10/site-packages/airflow/example_dags/example_trigger_controller_dag.py
[2025-11-12T21:16:56.303+0530] {logging_mixin.py:188} INFO - [2025-11-12T21:16:56.303+0530] {dag.py:3089} INFO - Sync 1 DAGs
[2025-11-12T21:16:56.324+0530] {logging_mixin.py:188} INFO - [2025-11-12T21:16:56.324+0530] {dag.py:3947} INFO - Setting next_dagrun for example_trigger_controller_dag to 2021-01-01 00:00:00+00:00, run_after=2021-01-01 00:00:00+00:00
[2025-11-12T21:16:56.352+0530] {processor.py:183} INFO - Processing /home/logi/txtai/venv/lib/python3.10/site-packages/airflow/example_dags/example_trigger_controller_dag.py took 0.112 seconds
[2025-11-12T21:17:47.708+0530] {processor.py:161} INFO - Started process (PID=17902) to work on /home/logi/txtai/venv/lib/python3.10/site-packages/airflow/example_dags/example_trigger_controller_dag.py
[2025-11-12T21:17:47.721+0530] {processor.py:830} INFO - Processing file /home/logi/txtai/venv/lib/python3.10/site-packages/airflow/example_dags/example_trigger_controller_dag.py for tasks to queue
[2025-11-12T21:17:47.725+0530] {logging_mixin.py:188} INFO - [2025-11-12T21:17:47.724+0530] {dagbag.py:545} INFO - Filling up the DagBag from /home/logi/txtai/venv/lib/python3.10/site-packages/airflow/example_dags/example_trigger_controller_dag.py
[2025-11-12T21:17:47.736+0530] {processor.py:840} INFO - DAG(s) 'example_trigger_controller_dag' retrieved from /home/logi/txtai/venv/lib/python3.10/site-packages/airflow/example_dags/example_trigger_controller_dag.py
[2025-11-12T21:17:47.766+0530] {logging_mixin.py:188} INFO - [2025-11-12T21:17:47.765+0530] {dag.py:3089} INFO - Sync 1 DAGs
[2025-11-12T21:17:47.791+0530] {logging_mixin.py:188} INFO - [2025-11-12T21:17:47.791+0530] {dag.py:3947} INFO - Setting next_dagrun for example_trigger_controller_dag to 2021-01-01 00:00:00+00:00, run_after=2021-01-01 00:00:00+00:00
[2025-11-12T21:17:47.822+0530] {processor.py:183} INFO - Processing /home/logi/txtai/venv/lib/python3.10/site-packages/airflow/example_dags/example_trigger_controller_dag.py took 0.127 seconds
[2025-11-12T21:18:39.105+0530] {processor.py:161} INFO - Started process (PID=17976) to work on /home/logi/txtai/venv/lib/python3.10/site-packages/airflow/example_dags/example_trigger_controller_dag.py
[2025-11-12T21:18:39.120+0530] {processor.py:830} INFO - Processing file /home/logi/txtai/venv/lib/python3.10/site-packages/airflow/example_dags/example_trigger_controller_dag.py for tasks to queue
[2025-11-12T21:18:39.126+0530] {logging_mixin.py:188} INFO - [2025-11-12T21:18:39.125+0530] {dagbag.py:545} INFO - Filling up the DagBag from /home/logi/txtai/venv/lib/python3.10/site-packages/airflow/example_dags/example_trigger_controller_dag.py
[2025-11-12T21:18:39.138+0530] {processor.py:840} INFO - DAG(s) 'example_trigger_controller_dag' retrieved from /home/logi/txtai/venv/lib/python3.10/site-packages/airflow/example_dags/example_trigger_controller_dag.py
[2025-11-12T21:18:39.170+0530] {logging_mixin.py:188} INFO - [2025-11-12T21:18:39.169+0530] {dag.py:3089} INFO - Sync 1 DAGs
[2025-11-12T21:18:39.213+0530] {logging_mixin.py:188} INFO - [2025-11-12T21:18:39.212+0530] {dag.py:3947} INFO - Setting next_dagrun for example_trigger_controller_dag to 2021-01-01 00:00:00+00:00, run_after=2021-01-01 00:00:00+00:00
[2025-11-12T21:18:39.243+0530] {processor.py:183} INFO - Processing /home/logi/txtai/venv/lib/python3.10/site-packages/airflow/example_dags/example_trigger_controller_dag.py took 0.153 seconds
[2025-11-12T23:43:29.626+0530] {processor.py:161} INFO - Started process (PID=37917) to work on /home/logi/txtai/venv/lib/python3.10/site-packages/airflow/example_dags/example_trigger_controller_dag.py
[2025-11-12T23:43:29.640+0530] {processor.py:830} INFO - Processing file /home/logi/txtai/venv/lib/python3.10/site-packages/airflow/example_dags/example_trigger_controller_dag.py for tasks to queue
[2025-11-12T23:43:29.643+0530] {logging_mixin.py:188} INFO - [2025-11-12T23:43:29.642+0530] {dagbag.py:545} INFO - Filling up the DagBag from /home/logi/txtai/venv/lib/python3.10/site-packages/airflow/example_dags/example_trigger_controller_dag.py
[2025-11-12T23:43:29.655+0530] {processor.py:840} INFO - DAG(s) 'example_trigger_controller_dag' retrieved from /home/logi/txtai/venv/lib/python3.10/site-packages/airflow/example_dags/example_trigger_controller_dag.py
[2025-11-12T23:43:29.684+0530] {logging_mixin.py:188} INFO - [2025-11-12T23:43:29.683+0530] {dag.py:3089} INFO - Sync 1 DAGs
[2025-11-12T23:43:29.706+0530] {logging_mixin.py:188} INFO - [2025-11-12T23:43:29.706+0530] {dag.py:3947} INFO - Setting next_dagrun for example_trigger_controller_dag to 2021-01-01 00:00:00+00:00, run_after=2021-01-01 00:00:00+00:00
[2025-11-12T23:43:29.739+0530] {processor.py:183} INFO - Processing /home/logi/txtai/venv/lib/python3.10/site-packages/airflow/example_dags/example_trigger_controller_dag.py took 0.127 seconds
[2025-11-12T23:44:32.100+0530] {processor.py:161} INFO - Started process (PID=38199) to work on /home/logi/txtai/venv/lib/python3.10/site-packages/airflow/example_dags/example_trigger_controller_dag.py
[2025-11-12T23:44:32.115+0530] {processor.py:830} INFO - Processing file /home/logi/txtai/venv/lib/python3.10/site-packages/airflow/example_dags/example_trigger_controller_dag.py for tasks to queue
[2025-11-12T23:44:32.118+0530] {logging_mixin.py:188} INFO - [2025-11-12T23:44:32.117+0530] {dagbag.py:545} INFO - Filling up the DagBag from /home/logi/txtai/venv/lib/python3.10/site-packages/airflow/example_dags/example_trigger_controller_dag.py
[2025-11-12T23:44:32.133+0530] {processor.py:840} INFO - DAG(s) 'example_trigger_controller_dag' retrieved from /home/logi/txtai/venv/lib/python3.10/site-packages/airflow/example_dags/example_trigger_controller_dag.py
[2025-11-12T23:44:32.172+0530] {logging_mixin.py:188} INFO - [2025-11-12T23:44:32.171+0530] {dag.py:3089} INFO - Sync 1 DAGs
[2025-11-12T23:44:32.198+0530] {logging_mixin.py:188} INFO - [2025-11-12T23:44:32.198+0530] {dag.py:3947} INFO - Setting next_dagrun for example_trigger_controller_dag to 2021-01-01 00:00:00+00:00, run_after=2021-01-01 00:00:00+00:00
[2025-11-12T23:44:32.227+0530] {processor.py:183} INFO - Processing /home/logi/txtai/venv/lib/python3.10/site-packages/airflow/example_dags/example_trigger_controller_dag.py took 0.146 seconds
[2025-11-12T23:47:30.862+0530] {processor.py:161} INFO - Started process (PID=40403) to work on /home/logi/txtai/venv/lib/python3.10/site-packages/airflow/example_dags/example_trigger_controller_dag.py
[2025-11-12T23:47:30.868+0530] {processor.py:830} INFO - Processing file /home/logi/txtai/venv/lib/python3.10/site-packages/airflow/example_dags/example_trigger_controller_dag.py for tasks to queue
[2025-11-12T23:47:30.869+0530] {logging_mixin.py:188} INFO - [2025-11-12T23:47:30.869+0530] {dagbag.py:545} INFO - Filling up the DagBag from /home/logi/txtai/venv/lib/python3.10/site-packages/airflow/example_dags/example_trigger_controller_dag.py
[2025-11-12T23:47:30.885+0530] {processor.py:840} INFO - DAG(s) 'example_trigger_controller_dag' retrieved from /home/logi/txtai/venv/lib/python3.10/site-packages/airflow/example_dags/example_trigger_controller_dag.py
[2025-11-12T23:47:30.910+0530] {logging_mixin.py:188} INFO - [2025-11-12T23:47:30.910+0530] {dag.py:3089} INFO - Sync 1 DAGs
[2025-11-12T23:47:30.924+0530] {logging_mixin.py:188} INFO - [2025-11-12T23:47:30.924+0530] {dag.py:3947} INFO - Setting next_dagrun for example_trigger_controller_dag to 2021-01-01 00:00:00+00:00, run_after=2021-01-01 00:00:00+00:00
[2025-11-12T23:47:30.951+0530] {processor.py:183} INFO - Processing /home/logi/txtai/venv/lib/python3.10/site-packages/airflow/example_dags/example_trigger_controller_dag.py took 0.106 seconds
[2025-11-12T23:51:17.946+0530] {processor.py:161} INFO - Started process (PID=43077) to work on /home/logi/txtai/venv/lib/python3.10/site-packages/airflow/example_dags/example_trigger_controller_dag.py
[2025-11-12T23:51:17.948+0530] {processor.py:830} INFO - Processing file /home/logi/txtai/venv/lib/python3.10/site-packages/airflow/example_dags/example_trigger_controller_dag.py for tasks to queue
[2025-11-12T23:51:17.949+0530] {logging_mixin.py:188} INFO - [2025-11-12T23:51:17.949+0530] {dagbag.py:545} INFO - Filling up the DagBag from /home/logi/txtai/venv/lib/python3.10/site-packages/airflow/example_dags/example_trigger_controller_dag.py
[2025-11-12T23:51:17.958+0530] {processor.py:840} INFO - DAG(s) 'example_trigger_controller_dag' retrieved from /home/logi/txtai/venv/lib/python3.10/site-packages/airflow/example_dags/example_trigger_controller_dag.py
[2025-11-12T23:51:17.982+0530] {logging_mixin.py:188} INFO - [2025-11-12T23:51:17.981+0530] {dag.py:3089} INFO - Sync 1 DAGs
[2025-11-12T23:51:17.996+0530] {logging_mixin.py:188} INFO - [2025-11-12T23:51:17.996+0530] {dag.py:3947} INFO - Setting next_dagrun for example_trigger_controller_dag to 2021-01-01 00:00:00+00:00, run_after=2021-01-01 00:00:00+00:00
[2025-11-12T23:51:18.013+0530] {processor.py:183} INFO - Processing /home/logi/txtai/venv/lib/python3.10/site-packages/airflow/example_dags/example_trigger_controller_dag.py took 0.077 seconds
[2025-11-12T23:52:34.880+0530] {processor.py:161} INFO - Started process (PID=44008) to work on /home/logi/txtai/venv/lib/python3.10/site-packages/airflow/example_dags/example_trigger_controller_dag.py
[2025-11-12T23:52:34.893+0530] {processor.py:830} INFO - Processing file /home/logi/txtai/venv/lib/python3.10/site-packages/airflow/example_dags/example_trigger_controller_dag.py for tasks to queue
[2025-11-12T23:52:34.895+0530] {logging_mixin.py:188} INFO - [2025-11-12T23:52:34.895+0530] {dagbag.py:545} INFO - Filling up the DagBag from /home/logi/txtai/venv/lib/python3.10/site-packages/airflow/example_dags/example_trigger_controller_dag.py
[2025-11-12T23:52:34.905+0530] {processor.py:840} INFO - DAG(s) 'example_trigger_controller_dag' retrieved from /home/logi/txtai/venv/lib/python3.10/site-packages/airflow/example_dags/example_trigger_controller_dag.py
[2025-11-12T23:52:34.937+0530] {logging_mixin.py:188} INFO - [2025-11-12T23:52:34.936+0530] {dag.py:3089} INFO - Sync 1 DAGs
[2025-11-12T23:52:34.961+0530] {logging_mixin.py:188} INFO - [2025-11-12T23:52:34.960+0530] {dag.py:3947} INFO - Setting next_dagrun for example_trigger_controller_dag to 2021-01-01 00:00:00+00:00, run_after=2021-01-01 00:00:00+00:00
[2025-11-12T23:52:34.983+0530] {processor.py:183} INFO - Processing /home/logi/txtai/venv/lib/python3.10/site-packages/airflow/example_dags/example_trigger_controller_dag.py took 0.115 seconds
[2025-11-12T23:53:52.983+0530] {processor.py:161} INFO - Started process (PID=44846) to work on /home/logi/txtai/venv/lib/python3.10/site-packages/airflow/example_dags/example_trigger_controller_dag.py
[2025-11-12T23:53:52.997+0530] {processor.py:830} INFO - Processing file /home/logi/txtai/venv/lib/python3.10/site-packages/airflow/example_dags/example_trigger_controller_dag.py for tasks to queue
[2025-11-12T23:53:53.000+0530] {logging_mixin.py:188} INFO - [2025-11-12T23:53:52.999+0530] {dagbag.py:545} INFO - Filling up the DagBag from /home/logi/txtai/venv/lib/python3.10/site-packages/airflow/example_dags/example_trigger_controller_dag.py
[2025-11-12T23:53:53.012+0530] {processor.py:840} INFO - DAG(s) 'example_trigger_controller_dag' retrieved from /home/logi/txtai/venv/lib/python3.10/site-packages/airflow/example_dags/example_trigger_controller_dag.py
[2025-11-12T23:53:53.039+0530] {logging_mixin.py:188} INFO - [2025-11-12T23:53:53.039+0530] {dag.py:3089} INFO - Sync 1 DAGs
[2025-11-12T23:53:53.058+0530] {logging_mixin.py:188} INFO - [2025-11-12T23:53:53.057+0530] {dag.py:3947} INFO - Setting next_dagrun for example_trigger_controller_dag to 2021-01-01 00:00:00+00:00, run_after=2021-01-01 00:00:00+00:00
[2025-11-12T23:53:53.093+0530] {processor.py:183} INFO - Processing /home/logi/txtai/venv/lib/python3.10/site-packages/airflow/example_dags/example_trigger_controller_dag.py took 0.121 seconds
[2025-11-12T23:55:45.640+0530] {processor.py:161} INFO - Started process (PID=45792) to work on /home/logi/txtai/venv/lib/python3.10/site-packages/airflow/example_dags/example_trigger_controller_dag.py
[2025-11-12T23:55:45.652+0530] {processor.py:830} INFO - Processing file /home/logi/txtai/venv/lib/python3.10/site-packages/airflow/example_dags/example_trigger_controller_dag.py for tasks to queue
[2025-11-12T23:55:45.655+0530] {logging_mixin.py:188} INFO - [2025-11-12T23:55:45.654+0530] {dagbag.py:545} INFO - Filling up the DagBag from /home/logi/txtai/venv/lib/python3.10/site-packages/airflow/example_dags/example_trigger_controller_dag.py
[2025-11-12T23:55:45.659+0530] {processor.py:840} INFO - DAG(s) 'example_trigger_controller_dag' retrieved from /home/logi/txtai/venv/lib/python3.10/site-packages/airflow/example_dags/example_trigger_controller_dag.py
[2025-11-12T23:55:45.673+0530] {logging_mixin.py:188} INFO - [2025-11-12T23:55:45.672+0530] {dag.py:3089} INFO - Sync 1 DAGs
[2025-11-12T23:55:45.690+0530] {logging_mixin.py:188} INFO - [2025-11-12T23:55:45.690+0530] {dag.py:3947} INFO - Setting next_dagrun for example_trigger_controller_dag to 2021-01-01 00:00:00+00:00, run_after=2021-01-01 00:00:00+00:00
[2025-11-12T23:55:45.711+0530] {processor.py:183} INFO - Processing /home/logi/txtai/venv/lib/python3.10/site-packages/airflow/example_dags/example_trigger_controller_dag.py took 0.077 seconds
[2025-11-12T23:58:46.826+0530] {processor.py:161} INFO - Started process (PID=47823) to work on /home/logi/txtai/venv/lib/python3.10/site-packages/airflow/example_dags/example_trigger_controller_dag.py
[2025-11-12T23:58:46.840+0530] {processor.py:830} INFO - Processing file /home/logi/txtai/venv/lib/python3.10/site-packages/airflow/example_dags/example_trigger_controller_dag.py for tasks to queue
[2025-11-12T23:58:46.843+0530] {logging_mixin.py:188} INFO - [2025-11-12T23:58:46.842+0530] {dagbag.py:545} INFO - Filling up the DagBag from /home/logi/txtai/venv/lib/python3.10/site-packages/airflow/example_dags/example_trigger_controller_dag.py
[2025-11-12T23:58:46.856+0530] {processor.py:840} INFO - DAG(s) 'example_trigger_controller_dag' retrieved from /home/logi/txtai/venv/lib/python3.10/site-packages/airflow/example_dags/example_trigger_controller_dag.py
[2025-11-12T23:58:46.885+0530] {logging_mixin.py:188} INFO - [2025-11-12T23:58:46.884+0530] {dag.py:3089} INFO - Sync 1 DAGs
[2025-11-12T23:58:46.904+0530] {logging_mixin.py:188} INFO - [2025-11-12T23:58:46.904+0530] {dag.py:3947} INFO - Setting next_dagrun for example_trigger_controller_dag to 2021-01-01 00:00:00+00:00, run_after=2021-01-01 00:00:00+00:00
[2025-11-12T23:58:46.933+0530] {processor.py:183} INFO - Processing /home/logi/txtai/venv/lib/python3.10/site-packages/airflow/example_dags/example_trigger_controller_dag.py took 0.118 seconds
