[2025-11-12T06:04:03.110+0530] {processor.py:161} INFO - Started process (PID=5926) to work on /home/logi/txtai/venv/lib/python3.10/site-packages/airflow/example_dags/example_bash_operator.py
[2025-11-12T06:04:03.112+0530] {processor.py:830} INFO - Processing file /home/logi/txtai/venv/lib/python3.10/site-packages/airflow/example_dags/example_bash_operator.py for tasks to queue
[2025-11-12T06:04:03.114+0530] {logging_mixin.py:188} INFO - [2025-11-12T06:04:03.114+0530] {dagbag.py:545} INFO - Filling up the DagBag from /home/logi/txtai/venv/lib/python3.10/site-packages/airflow/example_dags/example_bash_operator.py
[2025-11-12T06:04:03.132+0530] {processor.py:840} INFO - DAG(s) 'example_bash_operator' retrieved from /home/logi/txtai/venv/lib/python3.10/site-packages/airflow/example_dags/example_bash_operator.py
[2025-11-12T06:04:03.151+0530] {logging_mixin.py:188} INFO - [2025-11-12T06:04:03.150+0530] {dag.py:3089} INFO - Sync 1 DAGs
[2025-11-12T06:04:03.166+0530] {logging_mixin.py:188} INFO - [2025-11-12T06:04:03.166+0530] {dag.py:3947} INFO - Setting next_dagrun for example_bash_operator to 2025-11-11 00:00:00+00:00, run_after=2025-11-12 00:00:00+00:00
[2025-11-12T06:04:03.203+0530] {processor.py:183} INFO - Processing /home/logi/txtai/venv/lib/python3.10/site-packages/airflow/example_dags/example_bash_operator.py took 0.102 seconds
[2025-11-12T06:05:19.024+0530] {processor.py:161} INFO - Started process (PID=6231) to work on /home/logi/txtai/venv/lib/python3.10/site-packages/airflow/example_dags/example_bash_operator.py
[2025-11-12T06:05:19.037+0530] {processor.py:830} INFO - Processing file /home/logi/txtai/venv/lib/python3.10/site-packages/airflow/example_dags/example_bash_operator.py for tasks to queue
[2025-11-12T06:05:19.040+0530] {logging_mixin.py:188} INFO - [2025-11-12T06:05:19.040+0530] {dagbag.py:545} INFO - Filling up the DagBag from /home/logi/txtai/venv/lib/python3.10/site-packages/airflow/example_dags/example_bash_operator.py
[2025-11-12T06:05:19.059+0530] {processor.py:840} INFO - DAG(s) 'example_bash_operator' retrieved from /home/logi/txtai/venv/lib/python3.10/site-packages/airflow/example_dags/example_bash_operator.py
[2025-11-12T06:05:19.093+0530] {logging_mixin.py:188} INFO - [2025-11-12T06:05:19.093+0530] {dag.py:3089} INFO - Sync 1 DAGs
[2025-11-12T06:05:19.111+0530] {logging_mixin.py:188} INFO - [2025-11-12T06:05:19.111+0530] {dag.py:3947} INFO - Setting next_dagrun for example_bash_operator to 2025-11-11 00:00:00+00:00, run_after=2025-11-12 00:00:00+00:00
[2025-11-12T06:05:19.153+0530] {processor.py:183} INFO - Processing /home/logi/txtai/venv/lib/python3.10/site-packages/airflow/example_dags/example_bash_operator.py took 0.141 seconds
[2025-11-12T06:06:22.189+0530] {processor.py:161} INFO - Started process (PID=6714) to work on /home/logi/txtai/venv/lib/python3.10/site-packages/airflow/example_dags/example_bash_operator.py
[2025-11-12T06:06:22.202+0530] {processor.py:830} INFO - Processing file /home/logi/txtai/venv/lib/python3.10/site-packages/airflow/example_dags/example_bash_operator.py for tasks to queue
[2025-11-12T06:06:22.205+0530] {logging_mixin.py:188} INFO - [2025-11-12T06:06:22.204+0530] {dagbag.py:545} INFO - Filling up the DagBag from /home/logi/txtai/venv/lib/python3.10/site-packages/airflow/example_dags/example_bash_operator.py
[2025-11-12T06:06:22.222+0530] {processor.py:840} INFO - DAG(s) 'example_bash_operator' retrieved from /home/logi/txtai/venv/lib/python3.10/site-packages/airflow/example_dags/example_bash_operator.py
[2025-11-12T06:06:22.269+0530] {logging_mixin.py:188} INFO - [2025-11-12T06:06:22.269+0530] {dag.py:3089} INFO - Sync 1 DAGs
[2025-11-12T06:06:22.286+0530] {logging_mixin.py:188} INFO - [2025-11-12T06:06:22.286+0530] {dag.py:3947} INFO - Setting next_dagrun for example_bash_operator to 2025-11-11 00:00:00+00:00, run_after=2025-11-12 00:00:00+00:00
[2025-11-12T06:06:22.306+0530] {processor.py:183} INFO - Processing /home/logi/txtai/venv/lib/python3.10/site-packages/airflow/example_dags/example_bash_operator.py took 0.128 seconds
[2025-11-12T06:07:19.295+0530] {processor.py:161} INFO - Started process (PID=6793) to work on /home/logi/txtai/venv/lib/python3.10/site-packages/airflow/example_dags/example_bash_operator.py
[2025-11-12T06:07:19.309+0530] {processor.py:830} INFO - Processing file /home/logi/txtai/venv/lib/python3.10/site-packages/airflow/example_dags/example_bash_operator.py for tasks to queue
[2025-11-12T06:07:19.312+0530] {logging_mixin.py:188} INFO - [2025-11-12T06:07:19.311+0530] {dagbag.py:545} INFO - Filling up the DagBag from /home/logi/txtai/venv/lib/python3.10/site-packages/airflow/example_dags/example_bash_operator.py
[2025-11-12T06:07:19.331+0530] {processor.py:840} INFO - DAG(s) 'example_bash_operator' retrieved from /home/logi/txtai/venv/lib/python3.10/site-packages/airflow/example_dags/example_bash_operator.py
[2025-11-12T06:07:19.364+0530] {logging_mixin.py:188} INFO - [2025-11-12T06:07:19.364+0530] {dag.py:3089} INFO - Sync 1 DAGs
[2025-11-12T06:07:19.380+0530] {logging_mixin.py:188} INFO - [2025-11-12T06:07:19.380+0530] {dag.py:3947} INFO - Setting next_dagrun for example_bash_operator to 2025-11-11 00:00:00+00:00, run_after=2025-11-12 00:00:00+00:00
[2025-11-12T06:07:19.400+0530] {processor.py:183} INFO - Processing /home/logi/txtai/venv/lib/python3.10/site-packages/airflow/example_dags/example_bash_operator.py took 0.116 seconds
[2025-11-12T06:08:22.189+0530] {processor.py:161} INFO - Started process (PID=7370) to work on /home/logi/txtai/venv/lib/python3.10/site-packages/airflow/example_dags/example_bash_operator.py
[2025-11-12T06:08:22.204+0530] {processor.py:830} INFO - Processing file /home/logi/txtai/venv/lib/python3.10/site-packages/airflow/example_dags/example_bash_operator.py for tasks to queue
[2025-11-12T06:08:22.207+0530] {logging_mixin.py:188} INFO - [2025-11-12T06:08:22.206+0530] {dagbag.py:545} INFO - Filling up the DagBag from /home/logi/txtai/venv/lib/python3.10/site-packages/airflow/example_dags/example_bash_operator.py
[2025-11-12T06:08:22.226+0530] {processor.py:840} INFO - DAG(s) 'example_bash_operator' retrieved from /home/logi/txtai/venv/lib/python3.10/site-packages/airflow/example_dags/example_bash_operator.py
[2025-11-12T06:08:22.255+0530] {logging_mixin.py:188} INFO - [2025-11-12T06:08:22.254+0530] {dag.py:3089} INFO - Sync 1 DAGs
[2025-11-12T06:08:22.272+0530] {logging_mixin.py:188} INFO - [2025-11-12T06:08:22.271+0530] {dag.py:3947} INFO - Setting next_dagrun for example_bash_operator to 2025-11-11 00:00:00+00:00, run_after=2025-11-12 00:00:00+00:00
[2025-11-12T06:08:22.292+0530] {processor.py:183} INFO - Processing /home/logi/txtai/venv/lib/python3.10/site-packages/airflow/example_dags/example_bash_operator.py took 0.113 seconds
[2025-11-12T08:08:36.736+0530] {processor.py:161} INFO - Started process (PID=10269) to work on /home/logi/txtai/venv/lib/python3.10/site-packages/airflow/example_dags/example_bash_operator.py
[2025-11-12T08:08:36.750+0530] {processor.py:830} INFO - Processing file /home/logi/txtai/venv/lib/python3.10/site-packages/airflow/example_dags/example_bash_operator.py for tasks to queue
[2025-11-12T08:08:36.756+0530] {logging_mixin.py:188} INFO - [2025-11-12T08:08:36.755+0530] {dagbag.py:545} INFO - Filling up the DagBag from /home/logi/txtai/venv/lib/python3.10/site-packages/airflow/example_dags/example_bash_operator.py
[2025-11-12T08:08:36.785+0530] {processor.py:840} INFO - DAG(s) 'example_bash_operator' retrieved from /home/logi/txtai/venv/lib/python3.10/site-packages/airflow/example_dags/example_bash_operator.py
[2025-11-12T08:08:36.815+0530] {logging_mixin.py:188} INFO - [2025-11-12T08:08:36.815+0530] {dag.py:3089} INFO - Sync 1 DAGs
[2025-11-12T08:08:36.845+0530] {logging_mixin.py:188} INFO - [2025-11-12T08:08:36.844+0530] {dag.py:3947} INFO - Setting next_dagrun for example_bash_operator to 2025-11-11 00:00:00+00:00, run_after=2025-11-12 00:00:00+00:00
[2025-11-12T08:08:36.886+0530] {processor.py:183} INFO - Processing /home/logi/txtai/venv/lib/python3.10/site-packages/airflow/example_dags/example_bash_operator.py took 0.162 seconds
[2025-11-12T08:09:36.718+0530] {processor.py:161} INFO - Started process (PID=10718) to work on /home/logi/txtai/venv/lib/python3.10/site-packages/airflow/example_dags/example_bash_operator.py
[2025-11-12T08:09:36.721+0530] {processor.py:830} INFO - Processing file /home/logi/txtai/venv/lib/python3.10/site-packages/airflow/example_dags/example_bash_operator.py for tasks to queue
[2025-11-12T08:09:36.727+0530] {logging_mixin.py:188} INFO - [2025-11-12T08:09:36.726+0530] {dagbag.py:545} INFO - Filling up the DagBag from /home/logi/txtai/venv/lib/python3.10/site-packages/airflow/example_dags/example_bash_operator.py
[2025-11-12T08:09:36.752+0530] {processor.py:840} INFO - DAG(s) 'example_bash_operator' retrieved from /home/logi/txtai/venv/lib/python3.10/site-packages/airflow/example_dags/example_bash_operator.py
[2025-11-12T08:09:36.781+0530] {logging_mixin.py:188} INFO - [2025-11-12T08:09:36.781+0530] {dag.py:3089} INFO - Sync 1 DAGs
[2025-11-12T08:09:36.812+0530] {logging_mixin.py:188} INFO - [2025-11-12T08:09:36.811+0530] {dag.py:3947} INFO - Setting next_dagrun for example_bash_operator to 2025-11-11 00:00:00+00:00, run_after=2025-11-12 00:00:00+00:00
[2025-11-12T08:09:36.839+0530] {processor.py:183} INFO - Processing /home/logi/txtai/venv/lib/python3.10/site-packages/airflow/example_dags/example_bash_operator.py took 0.138 seconds
[2025-11-12T08:10:36.535+0530] {processor.py:161} INFO - Started process (PID=11082) to work on /home/logi/txtai/venv/lib/python3.10/site-packages/airflow/example_dags/example_bash_operator.py
[2025-11-12T08:10:36.548+0530] {processor.py:830} INFO - Processing file /home/logi/txtai/venv/lib/python3.10/site-packages/airflow/example_dags/example_bash_operator.py for tasks to queue
[2025-11-12T08:10:36.552+0530] {logging_mixin.py:188} INFO - [2025-11-12T08:10:36.551+0530] {dagbag.py:545} INFO - Filling up the DagBag from /home/logi/txtai/venv/lib/python3.10/site-packages/airflow/example_dags/example_bash_operator.py
[2025-11-12T08:10:36.572+0530] {processor.py:840} INFO - DAG(s) 'example_bash_operator' retrieved from /home/logi/txtai/venv/lib/python3.10/site-packages/airflow/example_dags/example_bash_operator.py
[2025-11-12T08:10:36.606+0530] {logging_mixin.py:188} INFO - [2025-11-12T08:10:36.605+0530] {dag.py:3089} INFO - Sync 1 DAGs
[2025-11-12T08:10:36.622+0530] {logging_mixin.py:188} INFO - [2025-11-12T08:10:36.622+0530] {dag.py:3947} INFO - Setting next_dagrun for example_bash_operator to 2025-11-11 00:00:00+00:00, run_after=2025-11-12 00:00:00+00:00
[2025-11-12T08:10:36.644+0530] {processor.py:183} INFO - Processing /home/logi/txtai/venv/lib/python3.10/site-packages/airflow/example_dags/example_bash_operator.py took 0.122 seconds
[2025-11-12T08:11:40.167+0530] {processor.py:161} INFO - Started process (PID=11310) to work on /home/logi/txtai/venv/lib/python3.10/site-packages/airflow/example_dags/example_bash_operator.py
[2025-11-12T08:11:40.180+0530] {processor.py:830} INFO - Processing file /home/logi/txtai/venv/lib/python3.10/site-packages/airflow/example_dags/example_bash_operator.py for tasks to queue
[2025-11-12T08:11:40.184+0530] {logging_mixin.py:188} INFO - [2025-11-12T08:11:40.183+0530] {dagbag.py:545} INFO - Filling up the DagBag from /home/logi/txtai/venv/lib/python3.10/site-packages/airflow/example_dags/example_bash_operator.py
[2025-11-12T08:11:40.204+0530] {processor.py:840} INFO - DAG(s) 'example_bash_operator' retrieved from /home/logi/txtai/venv/lib/python3.10/site-packages/airflow/example_dags/example_bash_operator.py
[2025-11-12T08:11:40.237+0530] {logging_mixin.py:188} INFO - [2025-11-12T08:11:40.237+0530] {dag.py:3089} INFO - Sync 1 DAGs
[2025-11-12T08:11:40.254+0530] {logging_mixin.py:188} INFO - [2025-11-12T08:11:40.254+0530] {dag.py:3947} INFO - Setting next_dagrun for example_bash_operator to 2025-11-11 00:00:00+00:00, run_after=2025-11-12 00:00:00+00:00
[2025-11-12T08:11:40.274+0530] {processor.py:183} INFO - Processing /home/logi/txtai/venv/lib/python3.10/site-packages/airflow/example_dags/example_bash_operator.py took 0.120 seconds
[2025-11-12T08:12:51.871+0530] {processor.py:161} INFO - Started process (PID=12026) to work on /home/logi/txtai/venv/lib/python3.10/site-packages/airflow/example_dags/example_bash_operator.py
[2025-11-12T08:12:51.889+0530] {processor.py:830} INFO - Processing file /home/logi/txtai/venv/lib/python3.10/site-packages/airflow/example_dags/example_bash_operator.py for tasks to queue
[2025-11-12T08:12:51.896+0530] {logging_mixin.py:188} INFO - [2025-11-12T08:12:51.895+0530] {dagbag.py:545} INFO - Filling up the DagBag from /home/logi/txtai/venv/lib/python3.10/site-packages/airflow/example_dags/example_bash_operator.py
[2025-11-12T08:12:51.948+0530] {processor.py:840} INFO - DAG(s) 'example_bash_operator' retrieved from /home/logi/txtai/venv/lib/python3.10/site-packages/airflow/example_dags/example_bash_operator.py
[2025-11-12T08:12:52.043+0530] {logging_mixin.py:188} INFO - [2025-11-12T08:12:52.041+0530] {dag.py:3089} INFO - Sync 1 DAGs
[2025-11-12T08:12:52.116+0530] {logging_mixin.py:188} INFO - [2025-11-12T08:12:52.115+0530] {dag.py:3947} INFO - Setting next_dagrun for example_bash_operator to 2025-11-11 00:00:00+00:00, run_after=2025-11-12 00:00:00+00:00
[2025-11-12T08:12:52.189+0530] {processor.py:183} INFO - Processing /home/logi/txtai/venv/lib/python3.10/site-packages/airflow/example_dags/example_bash_operator.py took 0.348 seconds
[2025-11-12T08:14:27.243+0530] {processor.py:161} INFO - Started process (PID=12976) to work on /home/logi/txtai/venv/lib/python3.10/site-packages/airflow/example_dags/example_bash_operator.py
[2025-11-12T08:14:27.256+0530] {processor.py:830} INFO - Processing file /home/logi/txtai/venv/lib/python3.10/site-packages/airflow/example_dags/example_bash_operator.py for tasks to queue
[2025-11-12T08:14:27.259+0530] {logging_mixin.py:188} INFO - [2025-11-12T08:14:27.259+0530] {dagbag.py:545} INFO - Filling up the DagBag from /home/logi/txtai/venv/lib/python3.10/site-packages/airflow/example_dags/example_bash_operator.py
[2025-11-12T08:14:27.279+0530] {processor.py:840} INFO - DAG(s) 'example_bash_operator' retrieved from /home/logi/txtai/venv/lib/python3.10/site-packages/airflow/example_dags/example_bash_operator.py
[2025-11-12T08:14:27.311+0530] {logging_mixin.py:188} INFO - [2025-11-12T08:14:27.311+0530] {dag.py:3089} INFO - Sync 1 DAGs
[2025-11-12T08:14:27.328+0530] {logging_mixin.py:188} INFO - [2025-11-12T08:14:27.328+0530] {dag.py:3947} INFO - Setting next_dagrun for example_bash_operator to 2025-11-11 00:00:00+00:00, run_after=2025-11-12 00:00:00+00:00
[2025-11-12T08:14:27.356+0530] {processor.py:183} INFO - Processing /home/logi/txtai/venv/lib/python3.10/site-packages/airflow/example_dags/example_bash_operator.py took 0.124 seconds
[2025-11-12T08:15:26.115+0530] {processor.py:161} INFO - Started process (PID=13468) to work on /home/logi/txtai/venv/lib/python3.10/site-packages/airflow/example_dags/example_bash_operator.py
[2025-11-12T08:15:26.116+0530] {processor.py:830} INFO - Processing file /home/logi/txtai/venv/lib/python3.10/site-packages/airflow/example_dags/example_bash_operator.py for tasks to queue
[2025-11-12T08:15:26.119+0530] {logging_mixin.py:188} INFO - [2025-11-12T08:15:26.119+0530] {dagbag.py:545} INFO - Filling up the DagBag from /home/logi/txtai/venv/lib/python3.10/site-packages/airflow/example_dags/example_bash_operator.py
[2025-11-12T08:15:26.139+0530] {processor.py:840} INFO - DAG(s) 'example_bash_operator' retrieved from /home/logi/txtai/venv/lib/python3.10/site-packages/airflow/example_dags/example_bash_operator.py
[2025-11-12T08:15:26.165+0530] {logging_mixin.py:188} INFO - [2025-11-12T08:15:26.164+0530] {dag.py:3089} INFO - Sync 1 DAGs
[2025-11-12T08:15:26.181+0530] {logging_mixin.py:188} INFO - [2025-11-12T08:15:26.181+0530] {dag.py:3947} INFO - Setting next_dagrun for example_bash_operator to 2025-11-11 00:00:00+00:00, run_after=2025-11-12 00:00:00+00:00
[2025-11-12T08:15:26.204+0530] {processor.py:183} INFO - Processing /home/logi/txtai/venv/lib/python3.10/site-packages/airflow/example_dags/example_bash_operator.py took 0.101 seconds
[2025-11-12T08:16:23.221+0530] {processor.py:161} INFO - Started process (PID=13935) to work on /home/logi/txtai/venv/lib/python3.10/site-packages/airflow/example_dags/example_bash_operator.py
[2025-11-12T08:16:23.235+0530] {processor.py:830} INFO - Processing file /home/logi/txtai/venv/lib/python3.10/site-packages/airflow/example_dags/example_bash_operator.py for tasks to queue
[2025-11-12T08:16:23.238+0530] {logging_mixin.py:188} INFO - [2025-11-12T08:16:23.238+0530] {dagbag.py:545} INFO - Filling up the DagBag from /home/logi/txtai/venv/lib/python3.10/site-packages/airflow/example_dags/example_bash_operator.py
[2025-11-12T08:16:23.258+0530] {processor.py:840} INFO - DAG(s) 'example_bash_operator' retrieved from /home/logi/txtai/venv/lib/python3.10/site-packages/airflow/example_dags/example_bash_operator.py
[2025-11-12T08:16:23.291+0530] {logging_mixin.py:188} INFO - [2025-11-12T08:16:23.291+0530] {dag.py:3089} INFO - Sync 1 DAGs
[2025-11-12T08:16:23.308+0530] {logging_mixin.py:188} INFO - [2025-11-12T08:16:23.308+0530] {dag.py:3947} INFO - Setting next_dagrun for example_bash_operator to 2025-11-11 00:00:00+00:00, run_after=2025-11-12 00:00:00+00:00
[2025-11-12T08:16:23.328+0530] {processor.py:183} INFO - Processing /home/logi/txtai/venv/lib/python3.10/site-packages/airflow/example_dags/example_bash_operator.py took 0.118 seconds
[2025-11-12T08:17:24.579+0530] {processor.py:161} INFO - Started process (PID=14443) to work on /home/logi/txtai/venv/lib/python3.10/site-packages/airflow/example_dags/example_bash_operator.py
[2025-11-12T08:17:24.592+0530] {processor.py:830} INFO - Processing file /home/logi/txtai/venv/lib/python3.10/site-packages/airflow/example_dags/example_bash_operator.py for tasks to queue
[2025-11-12T08:17:24.596+0530] {logging_mixin.py:188} INFO - [2025-11-12T08:17:24.595+0530] {dagbag.py:545} INFO - Filling up the DagBag from /home/logi/txtai/venv/lib/python3.10/site-packages/airflow/example_dags/example_bash_operator.py
[2025-11-12T08:17:24.615+0530] {processor.py:840} INFO - DAG(s) 'example_bash_operator' retrieved from /home/logi/txtai/venv/lib/python3.10/site-packages/airflow/example_dags/example_bash_operator.py
[2025-11-12T08:17:24.648+0530] {logging_mixin.py:188} INFO - [2025-11-12T08:17:24.648+0530] {dag.py:3089} INFO - Sync 1 DAGs
[2025-11-12T08:17:24.664+0530] {logging_mixin.py:188} INFO - [2025-11-12T08:17:24.664+0530] {dag.py:3947} INFO - Setting next_dagrun for example_bash_operator to 2025-11-11 00:00:00+00:00, run_after=2025-11-12 00:00:00+00:00
[2025-11-12T08:17:24.684+0530] {processor.py:183} INFO - Processing /home/logi/txtai/venv/lib/python3.10/site-packages/airflow/example_dags/example_bash_operator.py took 0.117 seconds
[2025-11-12T08:18:30.500+0530] {processor.py:161} INFO - Started process (PID=15133) to work on /home/logi/txtai/venv/lib/python3.10/site-packages/airflow/example_dags/example_bash_operator.py
[2025-11-12T08:18:30.503+0530] {processor.py:830} INFO - Processing file /home/logi/txtai/venv/lib/python3.10/site-packages/airflow/example_dags/example_bash_operator.py for tasks to queue
[2025-11-12T08:18:30.506+0530] {logging_mixin.py:188} INFO - [2025-11-12T08:18:30.506+0530] {dagbag.py:545} INFO - Filling up the DagBag from /home/logi/txtai/venv/lib/python3.10/site-packages/airflow/example_dags/example_bash_operator.py
[2025-11-12T08:18:30.527+0530] {processor.py:840} INFO - DAG(s) 'example_bash_operator' retrieved from /home/logi/txtai/venv/lib/python3.10/site-packages/airflow/example_dags/example_bash_operator.py
[2025-11-12T08:18:30.553+0530] {logging_mixin.py:188} INFO - [2025-11-12T08:18:30.553+0530] {dag.py:3089} INFO - Sync 1 DAGs
[2025-11-12T08:18:30.570+0530] {logging_mixin.py:188} INFO - [2025-11-12T08:18:30.570+0530] {dag.py:3947} INFO - Setting next_dagrun for example_bash_operator to 2025-11-11 00:00:00+00:00, run_after=2025-11-12 00:00:00+00:00
[2025-11-12T08:18:30.591+0530] {processor.py:183} INFO - Processing /home/logi/txtai/venv/lib/python3.10/site-packages/airflow/example_dags/example_bash_operator.py took 0.102 seconds
[2025-11-12T08:19:36.316+0530] {processor.py:161} INFO - Started process (PID=15683) to work on /home/logi/txtai/venv/lib/python3.10/site-packages/airflow/example_dags/example_bash_operator.py
[2025-11-12T08:19:36.330+0530] {processor.py:830} INFO - Processing file /home/logi/txtai/venv/lib/python3.10/site-packages/airflow/example_dags/example_bash_operator.py for tasks to queue
[2025-11-12T08:19:36.333+0530] {logging_mixin.py:188} INFO - [2025-11-12T08:19:36.333+0530] {dagbag.py:545} INFO - Filling up the DagBag from /home/logi/txtai/venv/lib/python3.10/site-packages/airflow/example_dags/example_bash_operator.py
[2025-11-12T08:19:36.352+0530] {processor.py:840} INFO - DAG(s) 'example_bash_operator' retrieved from /home/logi/txtai/venv/lib/python3.10/site-packages/airflow/example_dags/example_bash_operator.py
[2025-11-12T08:19:36.386+0530] {logging_mixin.py:188} INFO - [2025-11-12T08:19:36.385+0530] {dag.py:3089} INFO - Sync 1 DAGs
[2025-11-12T08:19:36.403+0530] {logging_mixin.py:188} INFO - [2025-11-12T08:19:36.402+0530] {dag.py:3947} INFO - Setting next_dagrun for example_bash_operator to 2025-11-11 00:00:00+00:00, run_after=2025-11-12 00:00:00+00:00
[2025-11-12T08:19:36.430+0530] {processor.py:183} INFO - Processing /home/logi/txtai/venv/lib/python3.10/site-packages/airflow/example_dags/example_bash_operator.py took 0.125 seconds
[2025-11-12T08:21:07.376+0530] {processor.py:161} INFO - Started process (PID=16397) to work on /home/logi/txtai/venv/lib/python3.10/site-packages/airflow/example_dags/example_bash_operator.py
[2025-11-12T08:21:07.390+0530] {processor.py:830} INFO - Processing file /home/logi/txtai/venv/lib/python3.10/site-packages/airflow/example_dags/example_bash_operator.py for tasks to queue
[2025-11-12T08:21:07.393+0530] {logging_mixin.py:188} INFO - [2025-11-12T08:21:07.392+0530] {dagbag.py:545} INFO - Filling up the DagBag from /home/logi/txtai/venv/lib/python3.10/site-packages/airflow/example_dags/example_bash_operator.py
[2025-11-12T08:21:07.412+0530] {processor.py:840} INFO - DAG(s) 'example_bash_operator' retrieved from /home/logi/txtai/venv/lib/python3.10/site-packages/airflow/example_dags/example_bash_operator.py
[2025-11-12T08:21:07.445+0530] {logging_mixin.py:188} INFO - [2025-11-12T08:21:07.445+0530] {dag.py:3089} INFO - Sync 1 DAGs
[2025-11-12T08:21:07.462+0530] {logging_mixin.py:188} INFO - [2025-11-12T08:21:07.462+0530] {dag.py:3947} INFO - Setting next_dagrun for example_bash_operator to 2025-11-11 00:00:00+00:00, run_after=2025-11-12 00:00:00+00:00
[2025-11-12T08:21:07.484+0530] {processor.py:183} INFO - Processing /home/logi/txtai/venv/lib/python3.10/site-packages/airflow/example_dags/example_bash_operator.py took 0.119 seconds
[2025-11-12T08:22:12.782+0530] {processor.py:161} INFO - Started process (PID=16935) to work on /home/logi/txtai/venv/lib/python3.10/site-packages/airflow/example_dags/example_bash_operator.py
[2025-11-12T08:22:12.796+0530] {processor.py:830} INFO - Processing file /home/logi/txtai/venv/lib/python3.10/site-packages/airflow/example_dags/example_bash_operator.py for tasks to queue
[2025-11-12T08:22:12.799+0530] {logging_mixin.py:188} INFO - [2025-11-12T08:22:12.799+0530] {dagbag.py:545} INFO - Filling up the DagBag from /home/logi/txtai/venv/lib/python3.10/site-packages/airflow/example_dags/example_bash_operator.py
[2025-11-12T08:22:12.818+0530] {processor.py:840} INFO - DAG(s) 'example_bash_operator' retrieved from /home/logi/txtai/venv/lib/python3.10/site-packages/airflow/example_dags/example_bash_operator.py
[2025-11-12T08:22:12.851+0530] {logging_mixin.py:188} INFO - [2025-11-12T08:22:12.851+0530] {dag.py:3089} INFO - Sync 1 DAGs
[2025-11-12T08:22:12.868+0530] {logging_mixin.py:188} INFO - [2025-11-12T08:22:12.868+0530] {dag.py:3947} INFO - Setting next_dagrun for example_bash_operator to 2025-11-11 00:00:00+00:00, run_after=2025-11-12 00:00:00+00:00
[2025-11-12T08:22:12.888+0530] {processor.py:183} INFO - Processing /home/logi/txtai/venv/lib/python3.10/site-packages/airflow/example_dags/example_bash_operator.py took 0.117 seconds
[2025-11-12T08:23:21.422+0530] {processor.py:161} INFO - Started process (PID=17652) to work on /home/logi/txtai/venv/lib/python3.10/site-packages/airflow/example_dags/example_bash_operator.py
[2025-11-12T08:23:21.436+0530] {processor.py:830} INFO - Processing file /home/logi/txtai/venv/lib/python3.10/site-packages/airflow/example_dags/example_bash_operator.py for tasks to queue
[2025-11-12T08:23:21.439+0530] {logging_mixin.py:188} INFO - [2025-11-12T08:23:21.439+0530] {dagbag.py:545} INFO - Filling up the DagBag from /home/logi/txtai/venv/lib/python3.10/site-packages/airflow/example_dags/example_bash_operator.py
[2025-11-12T08:23:21.458+0530] {processor.py:840} INFO - DAG(s) 'example_bash_operator' retrieved from /home/logi/txtai/venv/lib/python3.10/site-packages/airflow/example_dags/example_bash_operator.py
[2025-11-12T08:23:21.493+0530] {logging_mixin.py:188} INFO - [2025-11-12T08:23:21.492+0530] {dag.py:3089} INFO - Sync 1 DAGs
[2025-11-12T08:23:21.522+0530] {logging_mixin.py:188} INFO - [2025-11-12T08:23:21.522+0530] {dag.py:3947} INFO - Setting next_dagrun for example_bash_operator to 2025-11-11 00:00:00+00:00, run_after=2025-11-12 00:00:00+00:00
[2025-11-12T08:23:21.558+0530] {processor.py:183} INFO - Processing /home/logi/txtai/venv/lib/python3.10/site-packages/airflow/example_dags/example_bash_operator.py took 0.147 seconds
[2025-11-12T08:24:45.058+0530] {processor.py:161} INFO - Started process (PID=18111) to work on /home/logi/txtai/venv/lib/python3.10/site-packages/airflow/example_dags/example_bash_operator.py
[2025-11-12T08:24:45.071+0530] {processor.py:830} INFO - Processing file /home/logi/txtai/venv/lib/python3.10/site-packages/airflow/example_dags/example_bash_operator.py for tasks to queue
[2025-11-12T08:24:45.075+0530] {logging_mixin.py:188} INFO - [2025-11-12T08:24:45.074+0530] {dagbag.py:545} INFO - Filling up the DagBag from /home/logi/txtai/venv/lib/python3.10/site-packages/airflow/example_dags/example_bash_operator.py
[2025-11-12T08:24:45.094+0530] {processor.py:840} INFO - DAG(s) 'example_bash_operator' retrieved from /home/logi/txtai/venv/lib/python3.10/site-packages/airflow/example_dags/example_bash_operator.py
[2025-11-12T08:24:45.129+0530] {logging_mixin.py:188} INFO - [2025-11-12T08:24:45.128+0530] {dag.py:3089} INFO - Sync 1 DAGs
[2025-11-12T08:24:45.147+0530] {logging_mixin.py:188} INFO - [2025-11-12T08:24:45.146+0530] {dag.py:3947} INFO - Setting next_dagrun for example_bash_operator to 2025-11-11 00:00:00+00:00, run_after=2025-11-12 00:00:00+00:00
[2025-11-12T08:24:45.168+0530] {processor.py:183} INFO - Processing /home/logi/txtai/venv/lib/python3.10/site-packages/airflow/example_dags/example_bash_operator.py took 0.121 seconds
[2025-11-12T08:25:44.558+0530] {processor.py:161} INFO - Started process (PID=18219) to work on /home/logi/txtai/venv/lib/python3.10/site-packages/airflow/example_dags/example_bash_operator.py
[2025-11-12T08:25:44.571+0530] {processor.py:830} INFO - Processing file /home/logi/txtai/venv/lib/python3.10/site-packages/airflow/example_dags/example_bash_operator.py for tasks to queue
[2025-11-12T08:25:44.574+0530] {logging_mixin.py:188} INFO - [2025-11-12T08:25:44.574+0530] {dagbag.py:545} INFO - Filling up the DagBag from /home/logi/txtai/venv/lib/python3.10/site-packages/airflow/example_dags/example_bash_operator.py
[2025-11-12T08:25:44.593+0530] {processor.py:840} INFO - DAG(s) 'example_bash_operator' retrieved from /home/logi/txtai/venv/lib/python3.10/site-packages/airflow/example_dags/example_bash_operator.py
[2025-11-12T08:25:44.623+0530] {logging_mixin.py:188} INFO - [2025-11-12T08:25:44.623+0530] {dag.py:3089} INFO - Sync 1 DAGs
[2025-11-12T08:25:44.640+0530] {logging_mixin.py:188} INFO - [2025-11-12T08:25:44.640+0530] {dag.py:3947} INFO - Setting next_dagrun for example_bash_operator to 2025-11-11 00:00:00+00:00, run_after=2025-11-12 00:00:00+00:00
[2025-11-12T08:25:44.660+0530] {processor.py:183} INFO - Processing /home/logi/txtai/venv/lib/python3.10/site-packages/airflow/example_dags/example_bash_operator.py took 0.114 seconds
[2025-11-12T08:26:45.519+0530] {processor.py:161} INFO - Started process (PID=18351) to work on /home/logi/txtai/venv/lib/python3.10/site-packages/airflow/example_dags/example_bash_operator.py
[2025-11-12T08:26:45.533+0530] {processor.py:830} INFO - Processing file /home/logi/txtai/venv/lib/python3.10/site-packages/airflow/example_dags/example_bash_operator.py for tasks to queue
[2025-11-12T08:26:45.537+0530] {logging_mixin.py:188} INFO - [2025-11-12T08:26:45.536+0530] {dagbag.py:545} INFO - Filling up the DagBag from /home/logi/txtai/venv/lib/python3.10/site-packages/airflow/example_dags/example_bash_operator.py
[2025-11-12T08:26:45.556+0530] {processor.py:840} INFO - DAG(s) 'example_bash_operator' retrieved from /home/logi/txtai/venv/lib/python3.10/site-packages/airflow/example_dags/example_bash_operator.py
[2025-11-12T08:26:45.590+0530] {logging_mixin.py:188} INFO - [2025-11-12T08:26:45.589+0530] {dag.py:3089} INFO - Sync 1 DAGs
[2025-11-12T08:26:45.607+0530] {logging_mixin.py:188} INFO - [2025-11-12T08:26:45.607+0530] {dag.py:3947} INFO - Setting next_dagrun for example_bash_operator to 2025-11-11 00:00:00+00:00, run_after=2025-11-12 00:00:00+00:00
[2025-11-12T08:26:45.628+0530] {processor.py:183} INFO - Processing /home/logi/txtai/venv/lib/python3.10/site-packages/airflow/example_dags/example_bash_operator.py took 0.121 seconds
[2025-11-12T08:27:48.044+0530] {processor.py:161} INFO - Started process (PID=18532) to work on /home/logi/txtai/venv/lib/python3.10/site-packages/airflow/example_dags/example_bash_operator.py
[2025-11-12T08:27:48.058+0530] {processor.py:830} INFO - Processing file /home/logi/txtai/venv/lib/python3.10/site-packages/airflow/example_dags/example_bash_operator.py for tasks to queue
[2025-11-12T08:27:48.062+0530] {logging_mixin.py:188} INFO - [2025-11-12T08:27:48.061+0530] {dagbag.py:545} INFO - Filling up the DagBag from /home/logi/txtai/venv/lib/python3.10/site-packages/airflow/example_dags/example_bash_operator.py
[2025-11-12T08:27:48.083+0530] {processor.py:840} INFO - DAG(s) 'example_bash_operator' retrieved from /home/logi/txtai/venv/lib/python3.10/site-packages/airflow/example_dags/example_bash_operator.py
[2025-11-12T08:27:48.125+0530] {logging_mixin.py:188} INFO - [2025-11-12T08:27:48.124+0530] {dag.py:3089} INFO - Sync 1 DAGs
[2025-11-12T08:27:48.150+0530] {logging_mixin.py:188} INFO - [2025-11-12T08:27:48.149+0530] {dag.py:3947} INFO - Setting next_dagrun for example_bash_operator to 2025-11-11 00:00:00+00:00, run_after=2025-11-12 00:00:00+00:00
[2025-11-12T08:27:48.170+0530] {processor.py:183} INFO - Processing /home/logi/txtai/venv/lib/python3.10/site-packages/airflow/example_dags/example_bash_operator.py took 0.138 seconds
[2025-11-12T08:28:56.310+0530] {processor.py:161} INFO - Started process (PID=18812) to work on /home/logi/txtai/venv/lib/python3.10/site-packages/airflow/example_dags/example_bash_operator.py
[2025-11-12T08:28:56.324+0530] {processor.py:830} INFO - Processing file /home/logi/txtai/venv/lib/python3.10/site-packages/airflow/example_dags/example_bash_operator.py for tasks to queue
[2025-11-12T08:28:56.327+0530] {logging_mixin.py:188} INFO - [2025-11-12T08:28:56.326+0530] {dagbag.py:545} INFO - Filling up the DagBag from /home/logi/txtai/venv/lib/python3.10/site-packages/airflow/example_dags/example_bash_operator.py
[2025-11-12T08:28:56.349+0530] {processor.py:840} INFO - DAG(s) 'example_bash_operator' retrieved from /home/logi/txtai/venv/lib/python3.10/site-packages/airflow/example_dags/example_bash_operator.py
[2025-11-12T08:28:56.385+0530] {logging_mixin.py:188} INFO - [2025-11-12T08:28:56.384+0530] {dag.py:3089} INFO - Sync 1 DAGs
[2025-11-12T08:28:56.403+0530] {logging_mixin.py:188} INFO - [2025-11-12T08:28:56.403+0530] {dag.py:3947} INFO - Setting next_dagrun for example_bash_operator to 2025-11-11 00:00:00+00:00, run_after=2025-11-12 00:00:00+00:00
[2025-11-12T08:28:56.430+0530] {processor.py:183} INFO - Processing /home/logi/txtai/venv/lib/python3.10/site-packages/airflow/example_dags/example_bash_operator.py took 0.134 seconds
[2025-11-12T08:30:01.751+0530] {processor.py:161} INFO - Started process (PID=19014) to work on /home/logi/txtai/venv/lib/python3.10/site-packages/airflow/example_dags/example_bash_operator.py
[2025-11-12T08:30:01.753+0530] {processor.py:830} INFO - Processing file /home/logi/txtai/venv/lib/python3.10/site-packages/airflow/example_dags/example_bash_operator.py for tasks to queue
[2025-11-12T08:30:01.756+0530] {logging_mixin.py:188} INFO - [2025-11-12T08:30:01.755+0530] {dagbag.py:545} INFO - Filling up the DagBag from /home/logi/txtai/venv/lib/python3.10/site-packages/airflow/example_dags/example_bash_operator.py
[2025-11-12T08:30:01.780+0530] {processor.py:840} INFO - DAG(s) 'example_bash_operator' retrieved from /home/logi/txtai/venv/lib/python3.10/site-packages/airflow/example_dags/example_bash_operator.py
[2025-11-12T08:30:01.804+0530] {logging_mixin.py:188} INFO - [2025-11-12T08:30:01.803+0530] {dag.py:3089} INFO - Sync 1 DAGs
[2025-11-12T08:30:01.821+0530] {logging_mixin.py:188} INFO - [2025-11-12T08:30:01.821+0530] {dag.py:3947} INFO - Setting next_dagrun for example_bash_operator to 2025-11-11 00:00:00+00:00, run_after=2025-11-12 00:00:00+00:00
[2025-11-12T08:30:01.842+0530] {processor.py:183} INFO - Processing /home/logi/txtai/venv/lib/python3.10/site-packages/airflow/example_dags/example_bash_operator.py took 0.106 seconds
[2025-11-12T08:31:00.824+0530] {processor.py:161} INFO - Started process (PID=19334) to work on /home/logi/txtai/venv/lib/python3.10/site-packages/airflow/example_dags/example_bash_operator.py
[2025-11-12T08:31:00.837+0530] {processor.py:830} INFO - Processing file /home/logi/txtai/venv/lib/python3.10/site-packages/airflow/example_dags/example_bash_operator.py for tasks to queue
[2025-11-12T08:31:00.840+0530] {logging_mixin.py:188} INFO - [2025-11-12T08:31:00.839+0530] {dagbag.py:545} INFO - Filling up the DagBag from /home/logi/txtai/venv/lib/python3.10/site-packages/airflow/example_dags/example_bash_operator.py
[2025-11-12T08:31:00.850+0530] {processor.py:840} INFO - DAG(s) 'example_bash_operator' retrieved from /home/logi/txtai/venv/lib/python3.10/site-packages/airflow/example_dags/example_bash_operator.py
[2025-11-12T08:31:00.871+0530] {logging_mixin.py:188} INFO - [2025-11-12T08:31:00.871+0530] {dag.py:3089} INFO - Sync 1 DAGs
[2025-11-12T08:31:00.888+0530] {logging_mixin.py:188} INFO - [2025-11-12T08:31:00.888+0530] {dag.py:3947} INFO - Setting next_dagrun for example_bash_operator to 2025-11-11 00:00:00+00:00, run_after=2025-11-12 00:00:00+00:00
[2025-11-12T08:31:00.909+0530] {processor.py:183} INFO - Processing /home/logi/txtai/venv/lib/python3.10/site-packages/airflow/example_dags/example_bash_operator.py took 0.097 seconds
[2025-11-12T08:31:59.609+0530] {processor.py:161} INFO - Started process (PID=19471) to work on /home/logi/txtai/venv/lib/python3.10/site-packages/airflow/example_dags/example_bash_operator.py
[2025-11-12T08:31:59.624+0530] {processor.py:830} INFO - Processing file /home/logi/txtai/venv/lib/python3.10/site-packages/airflow/example_dags/example_bash_operator.py for tasks to queue
[2025-11-12T08:31:59.630+0530] {logging_mixin.py:188} INFO - [2025-11-12T08:31:59.629+0530] {dagbag.py:545} INFO - Filling up the DagBag from /home/logi/txtai/venv/lib/python3.10/site-packages/airflow/example_dags/example_bash_operator.py
[2025-11-12T08:31:59.668+0530] {processor.py:840} INFO - DAG(s) 'example_bash_operator' retrieved from /home/logi/txtai/venv/lib/python3.10/site-packages/airflow/example_dags/example_bash_operator.py
[2025-11-12T08:31:59.714+0530] {logging_mixin.py:188} INFO - [2025-11-12T08:31:59.713+0530] {dag.py:3089} INFO - Sync 1 DAGs
[2025-11-12T08:31:59.752+0530] {logging_mixin.py:188} INFO - [2025-11-12T08:31:59.751+0530] {dag.py:3947} INFO - Setting next_dagrun for example_bash_operator to 2025-11-11 00:00:00+00:00, run_after=2025-11-12 00:00:00+00:00
[2025-11-12T08:31:59.845+0530] {processor.py:183} INFO - Processing /home/logi/txtai/venv/lib/python3.10/site-packages/airflow/example_dags/example_bash_operator.py took 0.259 seconds
[2025-11-12T08:33:04.407+0530] {processor.py:161} INFO - Started process (PID=19606) to work on /home/logi/txtai/venv/lib/python3.10/site-packages/airflow/example_dags/example_bash_operator.py
[2025-11-12T08:33:04.420+0530] {processor.py:830} INFO - Processing file /home/logi/txtai/venv/lib/python3.10/site-packages/airflow/example_dags/example_bash_operator.py for tasks to queue
[2025-11-12T08:33:04.423+0530] {logging_mixin.py:188} INFO - [2025-11-12T08:33:04.423+0530] {dagbag.py:545} INFO - Filling up the DagBag from /home/logi/txtai/venv/lib/python3.10/site-packages/airflow/example_dags/example_bash_operator.py
[2025-11-12T08:33:04.438+0530] {processor.py:840} INFO - DAG(s) 'example_bash_operator' retrieved from /home/logi/txtai/venv/lib/python3.10/site-packages/airflow/example_dags/example_bash_operator.py
[2025-11-12T08:33:04.467+0530] {logging_mixin.py:188} INFO - [2025-11-12T08:33:04.466+0530] {dag.py:3089} INFO - Sync 1 DAGs
[2025-11-12T08:33:04.482+0530] {logging_mixin.py:188} INFO - [2025-11-12T08:33:04.482+0530] {dag.py:3947} INFO - Setting next_dagrun for example_bash_operator to 2025-11-11 00:00:00+00:00, run_after=2025-11-12 00:00:00+00:00
[2025-11-12T08:33:04.504+0530] {processor.py:183} INFO - Processing /home/logi/txtai/venv/lib/python3.10/site-packages/airflow/example_dags/example_bash_operator.py took 0.106 seconds
[2025-11-12T08:34:30.967+0530] {processor.py:161} INFO - Started process (PID=20025) to work on /home/logi/txtai/venv/lib/python3.10/site-packages/airflow/example_dags/example_bash_operator.py
[2025-11-12T08:34:30.980+0530] {processor.py:830} INFO - Processing file /home/logi/txtai/venv/lib/python3.10/site-packages/airflow/example_dags/example_bash_operator.py for tasks to queue
[2025-11-12T08:34:30.983+0530] {logging_mixin.py:188} INFO - [2025-11-12T08:34:30.983+0530] {dagbag.py:545} INFO - Filling up the DagBag from /home/logi/txtai/venv/lib/python3.10/site-packages/airflow/example_dags/example_bash_operator.py
[2025-11-12T08:34:31.003+0530] {processor.py:840} INFO - DAG(s) 'example_bash_operator' retrieved from /home/logi/txtai/venv/lib/python3.10/site-packages/airflow/example_dags/example_bash_operator.py
[2025-11-12T08:34:31.035+0530] {logging_mixin.py:188} INFO - [2025-11-12T08:34:31.035+0530] {dag.py:3089} INFO - Sync 1 DAGs
[2025-11-12T08:34:31.052+0530] {logging_mixin.py:188} INFO - [2025-11-12T08:34:31.051+0530] {dag.py:3947} INFO - Setting next_dagrun for example_bash_operator to 2025-11-11 00:00:00+00:00, run_after=2025-11-12 00:00:00+00:00
[2025-11-12T08:34:31.072+0530] {processor.py:183} INFO - Processing /home/logi/txtai/venv/lib/python3.10/site-packages/airflow/example_dags/example_bash_operator.py took 0.116 seconds
[2025-11-12T08:35:30.732+0530] {processor.py:161} INFO - Started process (PID=20111) to work on /home/logi/txtai/venv/lib/python3.10/site-packages/airflow/example_dags/example_bash_operator.py
[2025-11-12T08:35:30.746+0530] {processor.py:830} INFO - Processing file /home/logi/txtai/venv/lib/python3.10/site-packages/airflow/example_dags/example_bash_operator.py for tasks to queue
[2025-11-12T08:35:30.749+0530] {logging_mixin.py:188} INFO - [2025-11-12T08:35:30.748+0530] {dagbag.py:545} INFO - Filling up the DagBag from /home/logi/txtai/venv/lib/python3.10/site-packages/airflow/example_dags/example_bash_operator.py
[2025-11-12T08:35:30.770+0530] {processor.py:840} INFO - DAG(s) 'example_bash_operator' retrieved from /home/logi/txtai/venv/lib/python3.10/site-packages/airflow/example_dags/example_bash_operator.py
[2025-11-12T08:35:30.806+0530] {logging_mixin.py:188} INFO - [2025-11-12T08:35:30.806+0530] {dag.py:3089} INFO - Sync 1 DAGs
[2025-11-12T08:35:30.824+0530] {logging_mixin.py:188} INFO - [2025-11-12T08:35:30.823+0530] {dag.py:3947} INFO - Setting next_dagrun for example_bash_operator to 2025-11-11 00:00:00+00:00, run_after=2025-11-12 00:00:00+00:00
[2025-11-12T08:35:30.844+0530] {processor.py:183} INFO - Processing /home/logi/txtai/venv/lib/python3.10/site-packages/airflow/example_dags/example_bash_operator.py took 0.122 seconds
[2025-11-12T08:36:30.470+0530] {processor.py:161} INFO - Started process (PID=20193) to work on /home/logi/txtai/venv/lib/python3.10/site-packages/airflow/example_dags/example_bash_operator.py
[2025-11-12T08:36:30.483+0530] {processor.py:830} INFO - Processing file /home/logi/txtai/venv/lib/python3.10/site-packages/airflow/example_dags/example_bash_operator.py for tasks to queue
[2025-11-12T08:36:30.487+0530] {logging_mixin.py:188} INFO - [2025-11-12T08:36:30.486+0530] {dagbag.py:545} INFO - Filling up the DagBag from /home/logi/txtai/venv/lib/python3.10/site-packages/airflow/example_dags/example_bash_operator.py
[2025-11-12T08:36:30.506+0530] {processor.py:840} INFO - DAG(s) 'example_bash_operator' retrieved from /home/logi/txtai/venv/lib/python3.10/site-packages/airflow/example_dags/example_bash_operator.py
[2025-11-12T08:36:30.541+0530] {logging_mixin.py:188} INFO - [2025-11-12T08:36:30.541+0530] {dag.py:3089} INFO - Sync 1 DAGs
[2025-11-12T08:36:30.559+0530] {logging_mixin.py:188} INFO - [2025-11-12T08:36:30.558+0530] {dag.py:3947} INFO - Setting next_dagrun for example_bash_operator to 2025-11-11 00:00:00+00:00, run_after=2025-11-12 00:00:00+00:00
[2025-11-12T08:36:30.580+0530] {processor.py:183} INFO - Processing /home/logi/txtai/venv/lib/python3.10/site-packages/airflow/example_dags/example_bash_operator.py took 0.120 seconds
[2025-11-12T08:37:30.695+0530] {processor.py:161} INFO - Started process (PID=20298) to work on /home/logi/txtai/venv/lib/python3.10/site-packages/airflow/example_dags/example_bash_operator.py
[2025-11-12T08:37:30.698+0530] {processor.py:830} INFO - Processing file /home/logi/txtai/venv/lib/python3.10/site-packages/airflow/example_dags/example_bash_operator.py for tasks to queue
[2025-11-12T08:37:30.703+0530] {logging_mixin.py:188} INFO - [2025-11-12T08:37:30.703+0530] {dagbag.py:545} INFO - Filling up the DagBag from /home/logi/txtai/venv/lib/python3.10/site-packages/airflow/example_dags/example_bash_operator.py
[2025-11-12T08:37:30.727+0530] {processor.py:840} INFO - DAG(s) 'example_bash_operator' retrieved from /home/logi/txtai/venv/lib/python3.10/site-packages/airflow/example_dags/example_bash_operator.py
[2025-11-12T08:37:30.755+0530] {logging_mixin.py:188} INFO - [2025-11-12T08:37:30.755+0530] {dag.py:3089} INFO - Sync 1 DAGs
[2025-11-12T08:37:30.774+0530] {logging_mixin.py:188} INFO - [2025-11-12T08:37:30.774+0530] {dag.py:3947} INFO - Setting next_dagrun for example_bash_operator to 2025-11-11 00:00:00+00:00, run_after=2025-11-12 00:00:00+00:00
[2025-11-12T08:37:30.795+0530] {processor.py:183} INFO - Processing /home/logi/txtai/venv/lib/python3.10/site-packages/airflow/example_dags/example_bash_operator.py took 0.112 seconds
[2025-11-12T08:38:33.432+0530] {processor.py:161} INFO - Started process (PID=20491) to work on /home/logi/txtai/venv/lib/python3.10/site-packages/airflow/example_dags/example_bash_operator.py
[2025-11-12T08:38:33.434+0530] {processor.py:830} INFO - Processing file /home/logi/txtai/venv/lib/python3.10/site-packages/airflow/example_dags/example_bash_operator.py for tasks to queue
[2025-11-12T08:38:33.437+0530] {logging_mixin.py:188} INFO - [2025-11-12T08:38:33.437+0530] {dagbag.py:545} INFO - Filling up the DagBag from /home/logi/txtai/venv/lib/python3.10/site-packages/airflow/example_dags/example_bash_operator.py
[2025-11-12T08:38:33.456+0530] {processor.py:840} INFO - DAG(s) 'example_bash_operator' retrieved from /home/logi/txtai/venv/lib/python3.10/site-packages/airflow/example_dags/example_bash_operator.py
[2025-11-12T08:38:33.482+0530] {logging_mixin.py:188} INFO - [2025-11-12T08:38:33.482+0530] {dag.py:3089} INFO - Sync 1 DAGs
[2025-11-12T08:38:33.500+0530] {logging_mixin.py:188} INFO - [2025-11-12T08:38:33.500+0530] {dag.py:3947} INFO - Setting next_dagrun for example_bash_operator to 2025-11-11 00:00:00+00:00, run_after=2025-11-12 00:00:00+00:00
[2025-11-12T08:38:33.519+0530] {processor.py:183} INFO - Processing /home/logi/txtai/venv/lib/python3.10/site-packages/airflow/example_dags/example_bash_operator.py took 0.098 seconds
[2025-11-12T08:39:47.102+0530] {processor.py:161} INFO - Started process (PID=20711) to work on /home/logi/txtai/venv/lib/python3.10/site-packages/airflow/example_dags/example_bash_operator.py
[2025-11-12T08:39:47.116+0530] {processor.py:830} INFO - Processing file /home/logi/txtai/venv/lib/python3.10/site-packages/airflow/example_dags/example_bash_operator.py for tasks to queue
[2025-11-12T08:39:47.119+0530] {logging_mixin.py:188} INFO - [2025-11-12T08:39:47.118+0530] {dagbag.py:545} INFO - Filling up the DagBag from /home/logi/txtai/venv/lib/python3.10/site-packages/airflow/example_dags/example_bash_operator.py
[2025-11-12T08:39:47.138+0530] {processor.py:840} INFO - DAG(s) 'example_bash_operator' retrieved from /home/logi/txtai/venv/lib/python3.10/site-packages/airflow/example_dags/example_bash_operator.py
[2025-11-12T08:39:47.172+0530] {logging_mixin.py:188} INFO - [2025-11-12T08:39:47.172+0530] {dag.py:3089} INFO - Sync 1 DAGs
[2025-11-12T08:39:47.189+0530] {logging_mixin.py:188} INFO - [2025-11-12T08:39:47.189+0530] {dag.py:3947} INFO - Setting next_dagrun for example_bash_operator to 2025-11-11 00:00:00+00:00, run_after=2025-11-12 00:00:00+00:00
[2025-11-12T08:39:47.217+0530] {processor.py:183} INFO - Processing /home/logi/txtai/venv/lib/python3.10/site-packages/airflow/example_dags/example_bash_operator.py took 0.127 seconds
[2025-11-12T08:40:52.157+0530] {processor.py:161} INFO - Started process (PID=20806) to work on /home/logi/txtai/venv/lib/python3.10/site-packages/airflow/example_dags/example_bash_operator.py
[2025-11-12T08:40:52.170+0530] {processor.py:830} INFO - Processing file /home/logi/txtai/venv/lib/python3.10/site-packages/airflow/example_dags/example_bash_operator.py for tasks to queue
[2025-11-12T08:40:52.174+0530] {logging_mixin.py:188} INFO - [2025-11-12T08:40:52.173+0530] {dagbag.py:545} INFO - Filling up the DagBag from /home/logi/txtai/venv/lib/python3.10/site-packages/airflow/example_dags/example_bash_operator.py
[2025-11-12T08:40:52.193+0530] {processor.py:840} INFO - DAG(s) 'example_bash_operator' retrieved from /home/logi/txtai/venv/lib/python3.10/site-packages/airflow/example_dags/example_bash_operator.py
[2025-11-12T08:40:52.223+0530] {logging_mixin.py:188} INFO - [2025-11-12T08:40:52.223+0530] {dag.py:3089} INFO - Sync 1 DAGs
[2025-11-12T08:40:52.240+0530] {logging_mixin.py:188} INFO - [2025-11-12T08:40:52.239+0530] {dag.py:3947} INFO - Setting next_dagrun for example_bash_operator to 2025-11-11 00:00:00+00:00, run_after=2025-11-12 00:00:00+00:00
[2025-11-12T08:40:52.267+0530] {processor.py:183} INFO - Processing /home/logi/txtai/venv/lib/python3.10/site-packages/airflow/example_dags/example_bash_operator.py took 0.121 seconds
[2025-11-12T08:41:57.241+0530] {processor.py:161} INFO - Started process (PID=20929) to work on /home/logi/txtai/venv/lib/python3.10/site-packages/airflow/example_dags/example_bash_operator.py
[2025-11-12T08:41:57.255+0530] {processor.py:830} INFO - Processing file /home/logi/txtai/venv/lib/python3.10/site-packages/airflow/example_dags/example_bash_operator.py for tasks to queue
[2025-11-12T08:41:57.259+0530] {logging_mixin.py:188} INFO - [2025-11-12T08:41:57.258+0530] {dagbag.py:545} INFO - Filling up the DagBag from /home/logi/txtai/venv/lib/python3.10/site-packages/airflow/example_dags/example_bash_operator.py
[2025-11-12T08:41:57.278+0530] {processor.py:840} INFO - DAG(s) 'example_bash_operator' retrieved from /home/logi/txtai/venv/lib/python3.10/site-packages/airflow/example_dags/example_bash_operator.py
[2025-11-12T08:41:57.311+0530] {logging_mixin.py:188} INFO - [2025-11-12T08:41:57.311+0530] {dag.py:3089} INFO - Sync 1 DAGs
[2025-11-12T08:41:57.331+0530] {logging_mixin.py:188} INFO - [2025-11-12T08:41:57.331+0530] {dag.py:3947} INFO - Setting next_dagrun for example_bash_operator to 2025-11-11 00:00:00+00:00, run_after=2025-11-12 00:00:00+00:00
[2025-11-12T08:41:57.355+0530] {processor.py:183} INFO - Processing /home/logi/txtai/venv/lib/python3.10/site-packages/airflow/example_dags/example_bash_operator.py took 0.126 seconds
[2025-11-12T08:42:59.735+0530] {processor.py:161} INFO - Started process (PID=21065) to work on /home/logi/txtai/venv/lib/python3.10/site-packages/airflow/example_dags/example_bash_operator.py
[2025-11-12T08:42:59.749+0530] {processor.py:830} INFO - Processing file /home/logi/txtai/venv/lib/python3.10/site-packages/airflow/example_dags/example_bash_operator.py for tasks to queue
[2025-11-12T08:42:59.753+0530] {logging_mixin.py:188} INFO - [2025-11-12T08:42:59.752+0530] {dagbag.py:545} INFO - Filling up the DagBag from /home/logi/txtai/venv/lib/python3.10/site-packages/airflow/example_dags/example_bash_operator.py
[2025-11-12T08:42:59.773+0530] {processor.py:840} INFO - DAG(s) 'example_bash_operator' retrieved from /home/logi/txtai/venv/lib/python3.10/site-packages/airflow/example_dags/example_bash_operator.py
[2025-11-12T08:42:59.808+0530] {logging_mixin.py:188} INFO - [2025-11-12T08:42:59.807+0530] {dag.py:3089} INFO - Sync 1 DAGs
[2025-11-12T08:42:59.827+0530] {logging_mixin.py:188} INFO - [2025-11-12T08:42:59.827+0530] {dag.py:3947} INFO - Setting next_dagrun for example_bash_operator to 2025-11-11 00:00:00+00:00, run_after=2025-11-12 00:00:00+00:00
[2025-11-12T08:42:59.849+0530] {processor.py:183} INFO - Processing /home/logi/txtai/venv/lib/python3.10/site-packages/airflow/example_dags/example_bash_operator.py took 0.125 seconds
[2025-11-12T08:44:24.916+0530] {processor.py:161} INFO - Started process (PID=21427) to work on /home/logi/txtai/venv/lib/python3.10/site-packages/airflow/example_dags/example_bash_operator.py
[2025-11-12T08:44:24.918+0530] {processor.py:830} INFO - Processing file /home/logi/txtai/venv/lib/python3.10/site-packages/airflow/example_dags/example_bash_operator.py for tasks to queue
[2025-11-12T08:44:24.921+0530] {logging_mixin.py:188} INFO - [2025-11-12T08:44:24.921+0530] {dagbag.py:545} INFO - Filling up the DagBag from /home/logi/txtai/venv/lib/python3.10/site-packages/airflow/example_dags/example_bash_operator.py
[2025-11-12T08:44:24.941+0530] {processor.py:840} INFO - DAG(s) 'example_bash_operator' retrieved from /home/logi/txtai/venv/lib/python3.10/site-packages/airflow/example_dags/example_bash_operator.py
[2025-11-12T08:44:24.964+0530] {logging_mixin.py:188} INFO - [2025-11-12T08:44:24.964+0530] {dag.py:3089} INFO - Sync 1 DAGs
[2025-11-12T08:44:24.979+0530] {logging_mixin.py:188} INFO - [2025-11-12T08:44:24.979+0530] {dag.py:3947} INFO - Setting next_dagrun for example_bash_operator to 2025-11-11 00:00:00+00:00, run_after=2025-11-12 00:00:00+00:00
[2025-11-12T08:44:24.995+0530] {processor.py:183} INFO - Processing /home/logi/txtai/venv/lib/python3.10/site-packages/airflow/example_dags/example_bash_operator.py took 0.089 seconds
[2025-11-12T08:45:51.651+0530] {processor.py:161} INFO - Started process (PID=21681) to work on /home/logi/txtai/venv/lib/python3.10/site-packages/airflow/example_dags/example_bash_operator.py
[2025-11-12T08:45:51.665+0530] {processor.py:830} INFO - Processing file /home/logi/txtai/venv/lib/python3.10/site-packages/airflow/example_dags/example_bash_operator.py for tasks to queue
[2025-11-12T08:45:51.668+0530] {logging_mixin.py:188} INFO - [2025-11-12T08:45:51.668+0530] {dagbag.py:545} INFO - Filling up the DagBag from /home/logi/txtai/venv/lib/python3.10/site-packages/airflow/example_dags/example_bash_operator.py
[2025-11-12T08:45:51.689+0530] {processor.py:840} INFO - DAG(s) 'example_bash_operator' retrieved from /home/logi/txtai/venv/lib/python3.10/site-packages/airflow/example_dags/example_bash_operator.py
[2025-11-12T08:45:51.722+0530] {logging_mixin.py:188} INFO - [2025-11-12T08:45:51.722+0530] {dag.py:3089} INFO - Sync 1 DAGs
[2025-11-12T08:45:51.744+0530] {logging_mixin.py:188} INFO - [2025-11-12T08:45:51.744+0530] {dag.py:3947} INFO - Setting next_dagrun for example_bash_operator to 2025-11-11 00:00:00+00:00, run_after=2025-11-12 00:00:00+00:00
[2025-11-12T08:45:51.768+0530] {processor.py:183} INFO - Processing /home/logi/txtai/venv/lib/python3.10/site-packages/airflow/example_dags/example_bash_operator.py took 0.128 seconds
[2025-11-12T08:46:56.836+0530] {processor.py:161} INFO - Started process (PID=21763) to work on /home/logi/txtai/venv/lib/python3.10/site-packages/airflow/example_dags/example_bash_operator.py
[2025-11-12T08:46:56.850+0530] {processor.py:830} INFO - Processing file /home/logi/txtai/venv/lib/python3.10/site-packages/airflow/example_dags/example_bash_operator.py for tasks to queue
[2025-11-12T08:46:56.853+0530] {logging_mixin.py:188} INFO - [2025-11-12T08:46:56.852+0530] {dagbag.py:545} INFO - Filling up the DagBag from /home/logi/txtai/venv/lib/python3.10/site-packages/airflow/example_dags/example_bash_operator.py
[2025-11-12T08:46:56.873+0530] {processor.py:840} INFO - DAG(s) 'example_bash_operator' retrieved from /home/logi/txtai/venv/lib/python3.10/site-packages/airflow/example_dags/example_bash_operator.py
[2025-11-12T08:46:56.910+0530] {logging_mixin.py:188} INFO - [2025-11-12T08:46:56.909+0530] {dag.py:3089} INFO - Sync 1 DAGs
[2025-11-12T08:46:56.930+0530] {logging_mixin.py:188} INFO - [2025-11-12T08:46:56.930+0530] {dag.py:3947} INFO - Setting next_dagrun for example_bash_operator to 2025-11-11 00:00:00+00:00, run_after=2025-11-12 00:00:00+00:00
[2025-11-12T08:46:56.952+0530] {processor.py:183} INFO - Processing /home/logi/txtai/venv/lib/python3.10/site-packages/airflow/example_dags/example_bash_operator.py took 0.131 seconds
[2025-11-12T08:47:55.314+0530] {processor.py:161} INFO - Started process (PID=21872) to work on /home/logi/txtai/venv/lib/python3.10/site-packages/airflow/example_dags/example_bash_operator.py
[2025-11-12T08:47:55.328+0530] {processor.py:830} INFO - Processing file /home/logi/txtai/venv/lib/python3.10/site-packages/airflow/example_dags/example_bash_operator.py for tasks to queue
[2025-11-12T08:47:55.331+0530] {logging_mixin.py:188} INFO - [2025-11-12T08:47:55.330+0530] {dagbag.py:545} INFO - Filling up the DagBag from /home/logi/txtai/venv/lib/python3.10/site-packages/airflow/example_dags/example_bash_operator.py
[2025-11-12T08:47:55.351+0530] {processor.py:840} INFO - DAG(s) 'example_bash_operator' retrieved from /home/logi/txtai/venv/lib/python3.10/site-packages/airflow/example_dags/example_bash_operator.py
[2025-11-12T08:47:55.384+0530] {logging_mixin.py:188} INFO - [2025-11-12T08:47:55.383+0530] {dag.py:3089} INFO - Sync 1 DAGs
[2025-11-12T08:47:55.401+0530] {logging_mixin.py:188} INFO - [2025-11-12T08:47:55.401+0530] {dag.py:3947} INFO - Setting next_dagrun for example_bash_operator to 2025-11-11 00:00:00+00:00, run_after=2025-11-12 00:00:00+00:00
[2025-11-12T08:47:55.429+0530] {processor.py:183} INFO - Processing /home/logi/txtai/venv/lib/python3.10/site-packages/airflow/example_dags/example_bash_operator.py took 0.126 seconds
[2025-11-12T08:48:55.799+0530] {processor.py:161} INFO - Started process (PID=21953) to work on /home/logi/txtai/venv/lib/python3.10/site-packages/airflow/example_dags/example_bash_operator.py
[2025-11-12T08:48:55.813+0530] {processor.py:830} INFO - Processing file /home/logi/txtai/venv/lib/python3.10/site-packages/airflow/example_dags/example_bash_operator.py for tasks to queue
[2025-11-12T08:48:55.817+0530] {logging_mixin.py:188} INFO - [2025-11-12T08:48:55.816+0530] {dagbag.py:545} INFO - Filling up the DagBag from /home/logi/txtai/venv/lib/python3.10/site-packages/airflow/example_dags/example_bash_operator.py
[2025-11-12T08:48:55.837+0530] {processor.py:840} INFO - DAG(s) 'example_bash_operator' retrieved from /home/logi/txtai/venv/lib/python3.10/site-packages/airflow/example_dags/example_bash_operator.py
[2025-11-12T08:48:55.872+0530] {logging_mixin.py:188} INFO - [2025-11-12T08:48:55.872+0530] {dag.py:3089} INFO - Sync 1 DAGs
[2025-11-12T08:48:55.890+0530] {logging_mixin.py:188} INFO - [2025-11-12T08:48:55.889+0530] {dag.py:3947} INFO - Setting next_dagrun for example_bash_operator to 2025-11-11 00:00:00+00:00, run_after=2025-11-12 00:00:00+00:00
[2025-11-12T08:48:55.918+0530] {processor.py:183} INFO - Processing /home/logi/txtai/venv/lib/python3.10/site-packages/airflow/example_dags/example_bash_operator.py took 0.130 seconds
[2025-11-12T08:50:03.831+0530] {processor.py:161} INFO - Started process (PID=22232) to work on /home/logi/txtai/venv/lib/python3.10/site-packages/airflow/example_dags/example_bash_operator.py
[2025-11-12T08:50:03.845+0530] {processor.py:830} INFO - Processing file /home/logi/txtai/venv/lib/python3.10/site-packages/airflow/example_dags/example_bash_operator.py for tasks to queue
[2025-11-12T08:50:03.848+0530] {logging_mixin.py:188} INFO - [2025-11-12T08:50:03.847+0530] {dagbag.py:545} INFO - Filling up the DagBag from /home/logi/txtai/venv/lib/python3.10/site-packages/airflow/example_dags/example_bash_operator.py
[2025-11-12T08:50:03.867+0530] {processor.py:840} INFO - DAG(s) 'example_bash_operator' retrieved from /home/logi/txtai/venv/lib/python3.10/site-packages/airflow/example_dags/example_bash_operator.py
[2025-11-12T08:50:03.901+0530] {logging_mixin.py:188} INFO - [2025-11-12T08:50:03.901+0530] {dag.py:3089} INFO - Sync 1 DAGs
[2025-11-12T08:50:03.919+0530] {logging_mixin.py:188} INFO - [2025-11-12T08:50:03.919+0530] {dag.py:3947} INFO - Setting next_dagrun for example_bash_operator to 2025-11-11 00:00:00+00:00, run_after=2025-11-12 00:00:00+00:00
[2025-11-12T08:50:03.941+0530] {processor.py:183} INFO - Processing /home/logi/txtai/venv/lib/python3.10/site-packages/airflow/example_dags/example_bash_operator.py took 0.120 seconds
[2025-11-12T08:51:06.858+0530] {processor.py:161} INFO - Started process (PID=22371) to work on /home/logi/txtai/venv/lib/python3.10/site-packages/airflow/example_dags/example_bash_operator.py
[2025-11-12T08:51:06.871+0530] {processor.py:830} INFO - Processing file /home/logi/txtai/venv/lib/python3.10/site-packages/airflow/example_dags/example_bash_operator.py for tasks to queue
[2025-11-12T08:51:06.873+0530] {logging_mixin.py:188} INFO - [2025-11-12T08:51:06.873+0530] {dagbag.py:545} INFO - Filling up the DagBag from /home/logi/txtai/venv/lib/python3.10/site-packages/airflow/example_dags/example_bash_operator.py
[2025-11-12T08:51:06.884+0530] {processor.py:840} INFO - DAG(s) 'example_bash_operator' retrieved from /home/logi/txtai/venv/lib/python3.10/site-packages/airflow/example_dags/example_bash_operator.py
[2025-11-12T08:51:06.905+0530] {logging_mixin.py:188} INFO - [2025-11-12T08:51:06.905+0530] {dag.py:3089} INFO - Sync 1 DAGs
[2025-11-12T08:51:06.922+0530] {logging_mixin.py:188} INFO - [2025-11-12T08:51:06.922+0530] {dag.py:3947} INFO - Setting next_dagrun for example_bash_operator to 2025-11-11 00:00:00+00:00, run_after=2025-11-12 00:00:00+00:00
[2025-11-12T08:51:06.943+0530] {processor.py:183} INFO - Processing /home/logi/txtai/venv/lib/python3.10/site-packages/airflow/example_dags/example_bash_operator.py took 0.096 seconds
[2025-11-12T08:52:06.010+0530] {processor.py:161} INFO - Started process (PID=22494) to work on /home/logi/txtai/venv/lib/python3.10/site-packages/airflow/example_dags/example_bash_operator.py
[2025-11-12T08:52:06.024+0530] {processor.py:830} INFO - Processing file /home/logi/txtai/venv/lib/python3.10/site-packages/airflow/example_dags/example_bash_operator.py for tasks to queue
[2025-11-12T08:52:06.027+0530] {logging_mixin.py:188} INFO - [2025-11-12T08:52:06.027+0530] {dagbag.py:545} INFO - Filling up the DagBag from /home/logi/txtai/venv/lib/python3.10/site-packages/airflow/example_dags/example_bash_operator.py
[2025-11-12T08:52:06.044+0530] {processor.py:840} INFO - DAG(s) 'example_bash_operator' retrieved from /home/logi/txtai/venv/lib/python3.10/site-packages/airflow/example_dags/example_bash_operator.py
[2025-11-12T08:52:06.082+0530] {logging_mixin.py:188} INFO - [2025-11-12T08:52:06.081+0530] {dag.py:3089} INFO - Sync 1 DAGs
[2025-11-12T08:52:06.100+0530] {logging_mixin.py:188} INFO - [2025-11-12T08:52:06.100+0530] {dag.py:3947} INFO - Setting next_dagrun for example_bash_operator to 2025-11-11 00:00:00+00:00, run_after=2025-11-12 00:00:00+00:00
[2025-11-12T08:52:06.121+0530] {processor.py:183} INFO - Processing /home/logi/txtai/venv/lib/python3.10/site-packages/airflow/example_dags/example_bash_operator.py took 0.126 seconds
[2025-11-12T08:53:07.150+0530] {processor.py:161} INFO - Started process (PID=22662) to work on /home/logi/txtai/venv/lib/python3.10/site-packages/airflow/example_dags/example_bash_operator.py
[2025-11-12T08:53:07.163+0530] {processor.py:830} INFO - Processing file /home/logi/txtai/venv/lib/python3.10/site-packages/airflow/example_dags/example_bash_operator.py for tasks to queue
[2025-11-12T08:53:07.167+0530] {logging_mixin.py:188} INFO - [2025-11-12T08:53:07.166+0530] {dagbag.py:545} INFO - Filling up the DagBag from /home/logi/txtai/venv/lib/python3.10/site-packages/airflow/example_dags/example_bash_operator.py
[2025-11-12T08:53:07.186+0530] {processor.py:840} INFO - DAG(s) 'example_bash_operator' retrieved from /home/logi/txtai/venv/lib/python3.10/site-packages/airflow/example_dags/example_bash_operator.py
[2025-11-12T08:53:07.220+0530] {logging_mixin.py:188} INFO - [2025-11-12T08:53:07.219+0530] {dag.py:3089} INFO - Sync 1 DAGs
[2025-11-12T08:53:07.237+0530] {logging_mixin.py:188} INFO - [2025-11-12T08:53:07.236+0530] {dag.py:3947} INFO - Setting next_dagrun for example_bash_operator to 2025-11-11 00:00:00+00:00, run_after=2025-11-12 00:00:00+00:00
[2025-11-12T08:53:07.265+0530] {processor.py:183} INFO - Processing /home/logi/txtai/venv/lib/python3.10/site-packages/airflow/example_dags/example_bash_operator.py took 0.127 seconds
[2025-11-12T08:54:10.119+0530] {processor.py:161} INFO - Started process (PID=22796) to work on /home/logi/txtai/venv/lib/python3.10/site-packages/airflow/example_dags/example_bash_operator.py
[2025-11-12T08:54:10.122+0530] {processor.py:830} INFO - Processing file /home/logi/txtai/venv/lib/python3.10/site-packages/airflow/example_dags/example_bash_operator.py for tasks to queue
[2025-11-12T08:54:10.125+0530] {logging_mixin.py:188} INFO - [2025-11-12T08:54:10.124+0530] {dagbag.py:545} INFO - Filling up the DagBag from /home/logi/txtai/venv/lib/python3.10/site-packages/airflow/example_dags/example_bash_operator.py
[2025-11-12T08:54:10.145+0530] {processor.py:840} INFO - DAG(s) 'example_bash_operator' retrieved from /home/logi/txtai/venv/lib/python3.10/site-packages/airflow/example_dags/example_bash_operator.py
[2025-11-12T08:54:10.170+0530] {logging_mixin.py:188} INFO - [2025-11-12T08:54:10.170+0530] {dag.py:3089} INFO - Sync 1 DAGs
[2025-11-12T08:54:10.187+0530] {logging_mixin.py:188} INFO - [2025-11-12T08:54:10.187+0530] {dag.py:3947} INFO - Setting next_dagrun for example_bash_operator to 2025-11-11 00:00:00+00:00, run_after=2025-11-12 00:00:00+00:00
[2025-11-12T08:54:10.207+0530] {processor.py:183} INFO - Processing /home/logi/txtai/venv/lib/python3.10/site-packages/airflow/example_dags/example_bash_operator.py took 0.099 seconds
[2025-11-12T08:55:50.518+0530] {processor.py:161} INFO - Started process (PID=23269) to work on /home/logi/txtai/venv/lib/python3.10/site-packages/airflow/example_dags/example_bash_operator.py
[2025-11-12T08:55:50.531+0530] {processor.py:830} INFO - Processing file /home/logi/txtai/venv/lib/python3.10/site-packages/airflow/example_dags/example_bash_operator.py for tasks to queue
[2025-11-12T08:55:50.534+0530] {logging_mixin.py:188} INFO - [2025-11-12T08:55:50.533+0530] {dagbag.py:545} INFO - Filling up the DagBag from /home/logi/txtai/venv/lib/python3.10/site-packages/airflow/example_dags/example_bash_operator.py
[2025-11-12T08:55:50.544+0530] {processor.py:840} INFO - DAG(s) 'example_bash_operator' retrieved from /home/logi/txtai/venv/lib/python3.10/site-packages/airflow/example_dags/example_bash_operator.py
[2025-11-12T08:55:50.565+0530] {logging_mixin.py:188} INFO - [2025-11-12T08:55:50.565+0530] {dag.py:3089} INFO - Sync 1 DAGs
[2025-11-12T08:55:50.582+0530] {logging_mixin.py:188} INFO - [2025-11-12T08:55:50.582+0530] {dag.py:3947} INFO - Setting next_dagrun for example_bash_operator to 2025-11-11 00:00:00+00:00, run_after=2025-11-12 00:00:00+00:00
[2025-11-12T08:55:50.603+0530] {processor.py:183} INFO - Processing /home/logi/txtai/venv/lib/python3.10/site-packages/airflow/example_dags/example_bash_operator.py took 0.092 seconds
[2025-11-12T08:56:50.717+0530] {processor.py:161} INFO - Started process (PID=23399) to work on /home/logi/txtai/venv/lib/python3.10/site-packages/airflow/example_dags/example_bash_operator.py
[2025-11-12T08:56:50.731+0530] {processor.py:830} INFO - Processing file /home/logi/txtai/venv/lib/python3.10/site-packages/airflow/example_dags/example_bash_operator.py for tasks to queue
[2025-11-12T08:56:50.734+0530] {logging_mixin.py:188} INFO - [2025-11-12T08:56:50.733+0530] {dagbag.py:545} INFO - Filling up the DagBag from /home/logi/txtai/venv/lib/python3.10/site-packages/airflow/example_dags/example_bash_operator.py
[2025-11-12T08:56:50.753+0530] {processor.py:840} INFO - DAG(s) 'example_bash_operator' retrieved from /home/logi/txtai/venv/lib/python3.10/site-packages/airflow/example_dags/example_bash_operator.py
[2025-11-12T08:56:50.787+0530] {logging_mixin.py:188} INFO - [2025-11-12T08:56:50.786+0530] {dag.py:3089} INFO - Sync 1 DAGs
[2025-11-12T08:56:50.804+0530] {logging_mixin.py:188} INFO - [2025-11-12T08:56:50.804+0530] {dag.py:3947} INFO - Setting next_dagrun for example_bash_operator to 2025-11-11 00:00:00+00:00, run_after=2025-11-12 00:00:00+00:00
[2025-11-12T08:56:50.834+0530] {processor.py:183} INFO - Processing /home/logi/txtai/venv/lib/python3.10/site-packages/airflow/example_dags/example_bash_operator.py took 0.128 seconds
[2025-11-12T08:57:52.577+0530] {processor.py:161} INFO - Started process (PID=23567) to work on /home/logi/txtai/venv/lib/python3.10/site-packages/airflow/example_dags/example_bash_operator.py
[2025-11-12T08:57:52.580+0530] {processor.py:830} INFO - Processing file /home/logi/txtai/venv/lib/python3.10/site-packages/airflow/example_dags/example_bash_operator.py for tasks to queue
[2025-11-12T08:57:52.584+0530] {logging_mixin.py:188} INFO - [2025-11-12T08:57:52.583+0530] {dagbag.py:545} INFO - Filling up the DagBag from /home/logi/txtai/venv/lib/python3.10/site-packages/airflow/example_dags/example_bash_operator.py
[2025-11-12T08:57:52.606+0530] {processor.py:840} INFO - DAG(s) 'example_bash_operator' retrieved from /home/logi/txtai/venv/lib/python3.10/site-packages/airflow/example_dags/example_bash_operator.py
[2025-11-12T08:57:52.634+0530] {logging_mixin.py:188} INFO - [2025-11-12T08:57:52.633+0530] {dag.py:3089} INFO - Sync 1 DAGs
[2025-11-12T08:57:52.653+0530] {logging_mixin.py:188} INFO - [2025-11-12T08:57:52.653+0530] {dag.py:3947} INFO - Setting next_dagrun for example_bash_operator to 2025-11-11 00:00:00+00:00, run_after=2025-11-12 00:00:00+00:00
[2025-11-12T08:57:52.675+0530] {processor.py:183} INFO - Processing /home/logi/txtai/venv/lib/python3.10/site-packages/airflow/example_dags/example_bash_operator.py took 0.111 seconds
[2025-11-12T08:59:02.913+0530] {processor.py:161} INFO - Started process (PID=23728) to work on /home/logi/txtai/venv/lib/python3.10/site-packages/airflow/example_dags/example_bash_operator.py
[2025-11-12T08:59:02.927+0530] {processor.py:830} INFO - Processing file /home/logi/txtai/venv/lib/python3.10/site-packages/airflow/example_dags/example_bash_operator.py for tasks to queue
[2025-11-12T08:59:02.930+0530] {logging_mixin.py:188} INFO - [2025-11-12T08:59:02.930+0530] {dagbag.py:545} INFO - Filling up the DagBag from /home/logi/txtai/venv/lib/python3.10/site-packages/airflow/example_dags/example_bash_operator.py
[2025-11-12T08:59:02.951+0530] {processor.py:840} INFO - DAG(s) 'example_bash_operator' retrieved from /home/logi/txtai/venv/lib/python3.10/site-packages/airflow/example_dags/example_bash_operator.py
[2025-11-12T08:59:02.982+0530] {logging_mixin.py:188} INFO - [2025-11-12T08:59:02.981+0530] {dag.py:3089} INFO - Sync 1 DAGs
[2025-11-12T08:59:03.004+0530] {logging_mixin.py:188} INFO - [2025-11-12T08:59:03.004+0530] {dag.py:3947} INFO - Setting next_dagrun for example_bash_operator to 2025-11-11 00:00:00+00:00, run_after=2025-11-12 00:00:00+00:00
[2025-11-12T08:59:03.035+0530] {processor.py:183} INFO - Processing /home/logi/txtai/venv/lib/python3.10/site-packages/airflow/example_dags/example_bash_operator.py took 0.134 seconds
[2025-11-12T09:00:16.468+0530] {processor.py:161} INFO - Started process (PID=24084) to work on /home/logi/txtai/venv/lib/python3.10/site-packages/airflow/example_dags/example_bash_operator.py
[2025-11-12T09:00:16.482+0530] {processor.py:830} INFO - Processing file /home/logi/txtai/venv/lib/python3.10/site-packages/airflow/example_dags/example_bash_operator.py for tasks to queue
[2025-11-12T09:00:16.486+0530] {logging_mixin.py:188} INFO - [2025-11-12T09:00:16.485+0530] {dagbag.py:545} INFO - Filling up the DagBag from /home/logi/txtai/venv/lib/python3.10/site-packages/airflow/example_dags/example_bash_operator.py
[2025-11-12T09:00:16.508+0530] {processor.py:840} INFO - DAG(s) 'example_bash_operator' retrieved from /home/logi/txtai/venv/lib/python3.10/site-packages/airflow/example_dags/example_bash_operator.py
[2025-11-12T09:00:16.555+0530] {logging_mixin.py:188} INFO - [2025-11-12T09:00:16.555+0530] {dag.py:3089} INFO - Sync 1 DAGs
[2025-11-12T09:00:16.588+0530] {logging_mixin.py:188} INFO - [2025-11-12T09:00:16.588+0530] {dag.py:3947} INFO - Setting next_dagrun for example_bash_operator to 2025-11-11 00:00:00+00:00, run_after=2025-11-12 00:00:00+00:00
[2025-11-12T09:00:16.617+0530] {processor.py:183} INFO - Processing /home/logi/txtai/venv/lib/python3.10/site-packages/airflow/example_dags/example_bash_operator.py took 0.161 seconds
[2025-11-12T09:01:22.941+0530] {processor.py:161} INFO - Started process (PID=24574) to work on /home/logi/txtai/venv/lib/python3.10/site-packages/airflow/example_dags/example_bash_operator.py
[2025-11-12T09:01:22.955+0530] {processor.py:830} INFO - Processing file /home/logi/txtai/venv/lib/python3.10/site-packages/airflow/example_dags/example_bash_operator.py for tasks to queue
[2025-11-12T09:01:22.958+0530] {logging_mixin.py:188} INFO - [2025-11-12T09:01:22.957+0530] {dagbag.py:545} INFO - Filling up the DagBag from /home/logi/txtai/venv/lib/python3.10/site-packages/airflow/example_dags/example_bash_operator.py
[2025-11-12T09:01:22.977+0530] {processor.py:840} INFO - DAG(s) 'example_bash_operator' retrieved from /home/logi/txtai/venv/lib/python3.10/site-packages/airflow/example_dags/example_bash_operator.py
[2025-11-12T09:01:23.012+0530] {logging_mixin.py:188} INFO - [2025-11-12T09:01:23.011+0530] {dag.py:3089} INFO - Sync 1 DAGs
[2025-11-12T09:01:23.028+0530] {logging_mixin.py:188} INFO - [2025-11-12T09:01:23.028+0530] {dag.py:3947} INFO - Setting next_dagrun for example_bash_operator to 2025-11-11 00:00:00+00:00, run_after=2025-11-12 00:00:00+00:00
[2025-11-12T09:01:23.058+0530] {processor.py:183} INFO - Processing /home/logi/txtai/venv/lib/python3.10/site-packages/airflow/example_dags/example_bash_operator.py took 0.127 seconds
[2025-11-12T09:02:21.330+0530] {processor.py:161} INFO - Started process (PID=24757) to work on /home/logi/txtai/venv/lib/python3.10/site-packages/airflow/example_dags/example_bash_operator.py
[2025-11-12T09:02:21.343+0530] {processor.py:830} INFO - Processing file /home/logi/txtai/venv/lib/python3.10/site-packages/airflow/example_dags/example_bash_operator.py for tasks to queue
[2025-11-12T09:02:21.345+0530] {logging_mixin.py:188} INFO - [2025-11-12T09:02:21.344+0530] {dagbag.py:545} INFO - Filling up the DagBag from /home/logi/txtai/venv/lib/python3.10/site-packages/airflow/example_dags/example_bash_operator.py
[2025-11-12T09:02:21.355+0530] {processor.py:840} INFO - DAG(s) 'example_bash_operator' retrieved from /home/logi/txtai/venv/lib/python3.10/site-packages/airflow/example_dags/example_bash_operator.py
[2025-11-12T09:02:21.374+0530] {logging_mixin.py:188} INFO - [2025-11-12T09:02:21.374+0530] {dag.py:3089} INFO - Sync 1 DAGs
[2025-11-12T09:02:21.390+0530] {logging_mixin.py:188} INFO - [2025-11-12T09:02:21.390+0530] {dag.py:3947} INFO - Setting next_dagrun for example_bash_operator to 2025-11-11 00:00:00+00:00, run_after=2025-11-12 00:00:00+00:00
[2025-11-12T09:02:21.408+0530] {processor.py:183} INFO - Processing /home/logi/txtai/venv/lib/python3.10/site-packages/airflow/example_dags/example_bash_operator.py took 0.085 seconds
[2025-11-12T09:03:20.369+0530] {processor.py:161} INFO - Started process (PID=25180) to work on /home/logi/txtai/venv/lib/python3.10/site-packages/airflow/example_dags/example_bash_operator.py
[2025-11-12T09:03:20.382+0530] {processor.py:830} INFO - Processing file /home/logi/txtai/venv/lib/python3.10/site-packages/airflow/example_dags/example_bash_operator.py for tasks to queue
[2025-11-12T09:03:20.386+0530] {logging_mixin.py:188} INFO - [2025-11-12T09:03:20.385+0530] {dagbag.py:545} INFO - Filling up the DagBag from /home/logi/txtai/venv/lib/python3.10/site-packages/airflow/example_dags/example_bash_operator.py
[2025-11-12T09:03:20.403+0530] {processor.py:840} INFO - DAG(s) 'example_bash_operator' retrieved from /home/logi/txtai/venv/lib/python3.10/site-packages/airflow/example_dags/example_bash_operator.py
[2025-11-12T09:03:20.438+0530] {logging_mixin.py:188} INFO - [2025-11-12T09:03:20.438+0530] {dag.py:3089} INFO - Sync 1 DAGs
[2025-11-12T09:03:20.456+0530] {logging_mixin.py:188} INFO - [2025-11-12T09:03:20.455+0530] {dag.py:3947} INFO - Setting next_dagrun for example_bash_operator to 2025-11-11 00:00:00+00:00, run_after=2025-11-12 00:00:00+00:00
[2025-11-12T09:03:20.476+0530] {processor.py:183} INFO - Processing /home/logi/txtai/venv/lib/python3.10/site-packages/airflow/example_dags/example_bash_operator.py took 0.118 seconds
[2025-11-12T09:04:22.896+0530] {processor.py:161} INFO - Started process (PID=25535) to work on /home/logi/txtai/venv/lib/python3.10/site-packages/airflow/example_dags/example_bash_operator.py
[2025-11-12T09:04:22.897+0530] {processor.py:830} INFO - Processing file /home/logi/txtai/venv/lib/python3.10/site-packages/airflow/example_dags/example_bash_operator.py for tasks to queue
[2025-11-12T09:04:22.898+0530] {logging_mixin.py:188} INFO - [2025-11-12T09:04:22.898+0530] {dagbag.py:545} INFO - Filling up the DagBag from /home/logi/txtai/venv/lib/python3.10/site-packages/airflow/example_dags/example_bash_operator.py
[2025-11-12T09:04:22.908+0530] {processor.py:840} INFO - DAG(s) 'example_bash_operator' retrieved from /home/logi/txtai/venv/lib/python3.10/site-packages/airflow/example_dags/example_bash_operator.py
[2025-11-12T09:04:22.927+0530] {logging_mixin.py:188} INFO - [2025-11-12T09:04:22.927+0530] {dag.py:3089} INFO - Sync 1 DAGs
[2025-11-12T09:04:22.944+0530] {logging_mixin.py:188} INFO - [2025-11-12T09:04:22.943+0530] {dag.py:3947} INFO - Setting next_dagrun for example_bash_operator to 2025-11-11 00:00:00+00:00, run_after=2025-11-12 00:00:00+00:00
[2025-11-12T09:04:22.962+0530] {processor.py:183} INFO - Processing /home/logi/txtai/venv/lib/python3.10/site-packages/airflow/example_dags/example_bash_operator.py took 0.072 seconds
[2025-11-12T09:05:41.578+0530] {processor.py:161} INFO - Started process (PID=26401) to work on /home/logi/txtai/venv/lib/python3.10/site-packages/airflow/example_dags/example_bash_operator.py
[2025-11-12T09:05:41.591+0530] {processor.py:830} INFO - Processing file /home/logi/txtai/venv/lib/python3.10/site-packages/airflow/example_dags/example_bash_operator.py for tasks to queue
[2025-11-12T09:05:41.595+0530] {logging_mixin.py:188} INFO - [2025-11-12T09:05:41.594+0530] {dagbag.py:545} INFO - Filling up the DagBag from /home/logi/txtai/venv/lib/python3.10/site-packages/airflow/example_dags/example_bash_operator.py
[2025-11-12T09:05:41.614+0530] {processor.py:840} INFO - DAG(s) 'example_bash_operator' retrieved from /home/logi/txtai/venv/lib/python3.10/site-packages/airflow/example_dags/example_bash_operator.py
[2025-11-12T09:05:41.648+0530] {logging_mixin.py:188} INFO - [2025-11-12T09:05:41.647+0530] {dag.py:3089} INFO - Sync 1 DAGs
[2025-11-12T09:05:41.664+0530] {logging_mixin.py:188} INFO - [2025-11-12T09:05:41.663+0530] {dag.py:3947} INFO - Setting next_dagrun for example_bash_operator to 2025-11-11 00:00:00+00:00, run_after=2025-11-12 00:00:00+00:00
[2025-11-12T09:05:41.683+0530] {processor.py:183} INFO - Processing /home/logi/txtai/venv/lib/python3.10/site-packages/airflow/example_dags/example_bash_operator.py took 0.117 seconds
[2025-11-12T09:06:52.374+0530] {processor.py:161} INFO - Started process (PID=26938) to work on /home/logi/txtai/venv/lib/python3.10/site-packages/airflow/example_dags/example_bash_operator.py
[2025-11-12T09:06:52.387+0530] {processor.py:830} INFO - Processing file /home/logi/txtai/venv/lib/python3.10/site-packages/airflow/example_dags/example_bash_operator.py for tasks to queue
[2025-11-12T09:06:52.390+0530] {logging_mixin.py:188} INFO - [2025-11-12T09:06:52.389+0530] {dagbag.py:545} INFO - Filling up the DagBag from /home/logi/txtai/venv/lib/python3.10/site-packages/airflow/example_dags/example_bash_operator.py
[2025-11-12T09:06:52.410+0530] {processor.py:840} INFO - DAG(s) 'example_bash_operator' retrieved from /home/logi/txtai/venv/lib/python3.10/site-packages/airflow/example_dags/example_bash_operator.py
[2025-11-12T09:06:52.446+0530] {logging_mixin.py:188} INFO - [2025-11-12T09:06:52.446+0530] {dag.py:3089} INFO - Sync 1 DAGs
[2025-11-12T09:06:52.462+0530] {logging_mixin.py:188} INFO - [2025-11-12T09:06:52.462+0530] {dag.py:3947} INFO - Setting next_dagrun for example_bash_operator to 2025-11-11 00:00:00+00:00, run_after=2025-11-12 00:00:00+00:00
[2025-11-12T09:06:52.481+0530] {processor.py:183} INFO - Processing /home/logi/txtai/venv/lib/python3.10/site-packages/airflow/example_dags/example_bash_operator.py took 0.118 seconds
[2025-11-12T09:07:52.276+0530] {processor.py:161} INFO - Started process (PID=27406) to work on /home/logi/txtai/venv/lib/python3.10/site-packages/airflow/example_dags/example_bash_operator.py
[2025-11-12T09:07:52.278+0530] {processor.py:830} INFO - Processing file /home/logi/txtai/venv/lib/python3.10/site-packages/airflow/example_dags/example_bash_operator.py for tasks to queue
[2025-11-12T09:07:52.281+0530] {logging_mixin.py:188} INFO - [2025-11-12T09:07:52.280+0530] {dagbag.py:545} INFO - Filling up the DagBag from /home/logi/txtai/venv/lib/python3.10/site-packages/airflow/example_dags/example_bash_operator.py
[2025-11-12T09:07:52.300+0530] {processor.py:840} INFO - DAG(s) 'example_bash_operator' retrieved from /home/logi/txtai/venv/lib/python3.10/site-packages/airflow/example_dags/example_bash_operator.py
[2025-11-12T09:07:52.331+0530] {logging_mixin.py:188} INFO - [2025-11-12T09:07:52.331+0530] {dag.py:3089} INFO - Sync 1 DAGs
[2025-11-12T09:07:52.348+0530] {logging_mixin.py:188} INFO - [2025-11-12T09:07:52.348+0530] {dag.py:3947} INFO - Setting next_dagrun for example_bash_operator to 2025-11-11 00:00:00+00:00, run_after=2025-11-12 00:00:00+00:00
[2025-11-12T09:07:52.366+0530] {processor.py:183} INFO - Processing /home/logi/txtai/venv/lib/python3.10/site-packages/airflow/example_dags/example_bash_operator.py took 0.102 seconds
[2025-11-12T09:08:52.182+0530] {processor.py:161} INFO - Started process (PID=27562) to work on /home/logi/txtai/venv/lib/python3.10/site-packages/airflow/example_dags/example_bash_operator.py
[2025-11-12T09:08:52.196+0530] {processor.py:830} INFO - Processing file /home/logi/txtai/venv/lib/python3.10/site-packages/airflow/example_dags/example_bash_operator.py for tasks to queue
[2025-11-12T09:08:52.199+0530] {logging_mixin.py:188} INFO - [2025-11-12T09:08:52.198+0530] {dagbag.py:545} INFO - Filling up the DagBag from /home/logi/txtai/venv/lib/python3.10/site-packages/airflow/example_dags/example_bash_operator.py
[2025-11-12T09:08:52.218+0530] {processor.py:840} INFO - DAG(s) 'example_bash_operator' retrieved from /home/logi/txtai/venv/lib/python3.10/site-packages/airflow/example_dags/example_bash_operator.py
[2025-11-12T09:08:52.251+0530] {logging_mixin.py:188} INFO - [2025-11-12T09:08:52.251+0530] {dag.py:3089} INFO - Sync 1 DAGs
[2025-11-12T09:08:52.269+0530] {logging_mixin.py:188} INFO - [2025-11-12T09:08:52.269+0530] {dag.py:3947} INFO - Setting next_dagrun for example_bash_operator to 2025-11-11 00:00:00+00:00, run_after=2025-11-12 00:00:00+00:00
[2025-11-12T09:08:52.296+0530] {processor.py:183} INFO - Processing /home/logi/txtai/venv/lib/python3.10/site-packages/airflow/example_dags/example_bash_operator.py took 0.125 seconds
[2025-11-12T09:09:56.299+0530] {processor.py:161} INFO - Started process (PID=27674) to work on /home/logi/txtai/venv/lib/python3.10/site-packages/airflow/example_dags/example_bash_operator.py
[2025-11-12T09:09:56.313+0530] {processor.py:830} INFO - Processing file /home/logi/txtai/venv/lib/python3.10/site-packages/airflow/example_dags/example_bash_operator.py for tasks to queue
[2025-11-12T09:09:56.316+0530] {logging_mixin.py:188} INFO - [2025-11-12T09:09:56.316+0530] {dagbag.py:545} INFO - Filling up the DagBag from /home/logi/txtai/venv/lib/python3.10/site-packages/airflow/example_dags/example_bash_operator.py
[2025-11-12T09:09:56.336+0530] {processor.py:840} INFO - DAG(s) 'example_bash_operator' retrieved from /home/logi/txtai/venv/lib/python3.10/site-packages/airflow/example_dags/example_bash_operator.py
[2025-11-12T09:09:56.370+0530] {logging_mixin.py:188} INFO - [2025-11-12T09:09:56.369+0530] {dag.py:3089} INFO - Sync 1 DAGs
[2025-11-12T09:09:56.387+0530] {logging_mixin.py:188} INFO - [2025-11-12T09:09:56.387+0530] {dag.py:3947} INFO - Setting next_dagrun for example_bash_operator to 2025-11-11 00:00:00+00:00, run_after=2025-11-12 00:00:00+00:00
[2025-11-12T09:09:56.411+0530] {processor.py:183} INFO - Processing /home/logi/txtai/venv/lib/python3.10/site-packages/airflow/example_dags/example_bash_operator.py took 0.123 seconds
[2025-11-12T09:11:08.106+0530] {processor.py:161} INFO - Started process (PID=27950) to work on /home/logi/txtai/venv/lib/python3.10/site-packages/airflow/example_dags/example_bash_operator.py
[2025-11-12T09:11:08.119+0530] {processor.py:830} INFO - Processing file /home/logi/txtai/venv/lib/python3.10/site-packages/airflow/example_dags/example_bash_operator.py for tasks to queue
[2025-11-12T09:11:08.122+0530] {logging_mixin.py:188} INFO - [2025-11-12T09:11:08.122+0530] {dagbag.py:545} INFO - Filling up the DagBag from /home/logi/txtai/venv/lib/python3.10/site-packages/airflow/example_dags/example_bash_operator.py
[2025-11-12T09:11:08.141+0530] {processor.py:840} INFO - DAG(s) 'example_bash_operator' retrieved from /home/logi/txtai/venv/lib/python3.10/site-packages/airflow/example_dags/example_bash_operator.py
[2025-11-12T09:11:08.176+0530] {logging_mixin.py:188} INFO - [2025-11-12T09:11:08.175+0530] {dag.py:3089} INFO - Sync 1 DAGs
[2025-11-12T09:11:08.193+0530] {logging_mixin.py:188} INFO - [2025-11-12T09:11:08.192+0530] {dag.py:3947} INFO - Setting next_dagrun for example_bash_operator to 2025-11-11 00:00:00+00:00, run_after=2025-11-12 00:00:00+00:00
[2025-11-12T09:11:08.214+0530] {processor.py:183} INFO - Processing /home/logi/txtai/venv/lib/python3.10/site-packages/airflow/example_dags/example_bash_operator.py took 0.119 seconds
[2025-11-12T09:12:09.537+0530] {processor.py:161} INFO - Started process (PID=28046) to work on /home/logi/txtai/venv/lib/python3.10/site-packages/airflow/example_dags/example_bash_operator.py
[2025-11-12T09:12:09.550+0530] {processor.py:830} INFO - Processing file /home/logi/txtai/venv/lib/python3.10/site-packages/airflow/example_dags/example_bash_operator.py for tasks to queue
[2025-11-12T09:12:09.554+0530] {logging_mixin.py:188} INFO - [2025-11-12T09:12:09.553+0530] {dagbag.py:545} INFO - Filling up the DagBag from /home/logi/txtai/venv/lib/python3.10/site-packages/airflow/example_dags/example_bash_operator.py
[2025-11-12T09:12:09.574+0530] {processor.py:840} INFO - DAG(s) 'example_bash_operator' retrieved from /home/logi/txtai/venv/lib/python3.10/site-packages/airflow/example_dags/example_bash_operator.py
[2025-11-12T09:12:09.607+0530] {logging_mixin.py:188} INFO - [2025-11-12T09:12:09.606+0530] {dag.py:3089} INFO - Sync 1 DAGs
[2025-11-12T09:12:09.633+0530] {logging_mixin.py:188} INFO - [2025-11-12T09:12:09.633+0530] {dag.py:3947} INFO - Setting next_dagrun for example_bash_operator to 2025-11-11 00:00:00+00:00, run_after=2025-11-12 00:00:00+00:00
[2025-11-12T09:12:09.659+0530] {processor.py:183} INFO - Processing /home/logi/txtai/venv/lib/python3.10/site-packages/airflow/example_dags/example_bash_operator.py took 0.133 seconds
[2025-11-12T09:13:12.955+0530] {processor.py:161} INFO - Started process (PID=28202) to work on /home/logi/txtai/venv/lib/python3.10/site-packages/airflow/example_dags/example_bash_operator.py
[2025-11-12T09:13:12.957+0530] {processor.py:830} INFO - Processing file /home/logi/txtai/venv/lib/python3.10/site-packages/airflow/example_dags/example_bash_operator.py for tasks to queue
[2025-11-12T09:13:12.960+0530] {logging_mixin.py:188} INFO - [2025-11-12T09:13:12.959+0530] {dagbag.py:545} INFO - Filling up the DagBag from /home/logi/txtai/venv/lib/python3.10/site-packages/airflow/example_dags/example_bash_operator.py
[2025-11-12T09:13:12.979+0530] {processor.py:840} INFO - DAG(s) 'example_bash_operator' retrieved from /home/logi/txtai/venv/lib/python3.10/site-packages/airflow/example_dags/example_bash_operator.py
[2025-11-12T09:13:13.005+0530] {logging_mixin.py:188} INFO - [2025-11-12T09:13:13.005+0530] {dag.py:3089} INFO - Sync 1 DAGs
[2025-11-12T09:13:13.024+0530] {logging_mixin.py:188} INFO - [2025-11-12T09:13:13.024+0530] {dag.py:3947} INFO - Setting next_dagrun for example_bash_operator to 2025-11-11 00:00:00+00:00, run_after=2025-11-12 00:00:00+00:00
[2025-11-12T09:13:13.045+0530] {processor.py:183} INFO - Processing /home/logi/txtai/venv/lib/python3.10/site-packages/airflow/example_dags/example_bash_operator.py took 0.102 seconds
[2025-11-12T09:14:15.692+0530] {processor.py:161} INFO - Started process (PID=28417) to work on /home/logi/txtai/venv/lib/python3.10/site-packages/airflow/example_dags/example_bash_operator.py
[2025-11-12T09:14:15.706+0530] {processor.py:830} INFO - Processing file /home/logi/txtai/venv/lib/python3.10/site-packages/airflow/example_dags/example_bash_operator.py for tasks to queue
[2025-11-12T09:14:15.709+0530] {logging_mixin.py:188} INFO - [2025-11-12T09:14:15.709+0530] {dagbag.py:545} INFO - Filling up the DagBag from /home/logi/txtai/venv/lib/python3.10/site-packages/airflow/example_dags/example_bash_operator.py
[2025-11-12T09:14:15.728+0530] {processor.py:840} INFO - DAG(s) 'example_bash_operator' retrieved from /home/logi/txtai/venv/lib/python3.10/site-packages/airflow/example_dags/example_bash_operator.py
[2025-11-12T09:14:15.763+0530] {logging_mixin.py:188} INFO - [2025-11-12T09:14:15.763+0530] {dag.py:3089} INFO - Sync 1 DAGs
[2025-11-12T09:14:15.780+0530] {logging_mixin.py:188} INFO - [2025-11-12T09:14:15.780+0530] {dag.py:3947} INFO - Setting next_dagrun for example_bash_operator to 2025-11-11 00:00:00+00:00, run_after=2025-11-12 00:00:00+00:00
[2025-11-12T09:14:15.808+0530] {processor.py:183} INFO - Processing /home/logi/txtai/venv/lib/python3.10/site-packages/airflow/example_dags/example_bash_operator.py took 0.127 seconds
[2025-11-12T09:15:58.442+0530] {processor.py:161} INFO - Started process (PID=28973) to work on /home/logi/txtai/venv/lib/python3.10/site-packages/airflow/example_dags/example_bash_operator.py
[2025-11-12T09:15:58.456+0530] {processor.py:830} INFO - Processing file /home/logi/txtai/venv/lib/python3.10/site-packages/airflow/example_dags/example_bash_operator.py for tasks to queue
[2025-11-12T09:15:58.459+0530] {logging_mixin.py:188} INFO - [2025-11-12T09:15:58.458+0530] {dagbag.py:545} INFO - Filling up the DagBag from /home/logi/txtai/venv/lib/python3.10/site-packages/airflow/example_dags/example_bash_operator.py
[2025-11-12T09:15:58.477+0530] {processor.py:840} INFO - DAG(s) 'example_bash_operator' retrieved from /home/logi/txtai/venv/lib/python3.10/site-packages/airflow/example_dags/example_bash_operator.py
[2025-11-12T09:15:58.507+0530] {logging_mixin.py:188} INFO - [2025-11-12T09:15:58.506+0530] {dag.py:3089} INFO - Sync 1 DAGs
[2025-11-12T09:15:58.521+0530] {logging_mixin.py:188} INFO - [2025-11-12T09:15:58.521+0530] {dag.py:3947} INFO - Setting next_dagrun for example_bash_operator to 2025-11-11 00:00:00+00:00, run_after=2025-11-12 00:00:00+00:00
[2025-11-12T09:15:58.548+0530] {processor.py:183} INFO - Processing /home/logi/txtai/venv/lib/python3.10/site-packages/airflow/example_dags/example_bash_operator.py took 0.116 seconds
[2025-11-12T09:17:15.092+0530] {processor.py:161} INFO - Started process (PID=29530) to work on /home/logi/txtai/venv/lib/python3.10/site-packages/airflow/example_dags/example_bash_operator.py
[2025-11-12T09:17:15.105+0530] {processor.py:830} INFO - Processing file /home/logi/txtai/venv/lib/python3.10/site-packages/airflow/example_dags/example_bash_operator.py for tasks to queue
[2025-11-12T09:17:15.107+0530] {logging_mixin.py:188} INFO - [2025-11-12T09:17:15.107+0530] {dagbag.py:545} INFO - Filling up the DagBag from /home/logi/txtai/venv/lib/python3.10/site-packages/airflow/example_dags/example_bash_operator.py
[2025-11-12T09:17:15.117+0530] {processor.py:840} INFO - DAG(s) 'example_bash_operator' retrieved from /home/logi/txtai/venv/lib/python3.10/site-packages/airflow/example_dags/example_bash_operator.py
[2025-11-12T09:17:15.135+0530] {logging_mixin.py:188} INFO - [2025-11-12T09:17:15.135+0530] {dag.py:3089} INFO - Sync 1 DAGs
[2025-11-12T09:17:15.151+0530] {logging_mixin.py:188} INFO - [2025-11-12T09:17:15.151+0530] {dag.py:3947} INFO - Setting next_dagrun for example_bash_operator to 2025-11-11 00:00:00+00:00, run_after=2025-11-12 00:00:00+00:00
[2025-11-12T09:17:15.168+0530] {processor.py:183} INFO - Processing /home/logi/txtai/venv/lib/python3.10/site-packages/airflow/example_dags/example_bash_operator.py took 0.082 seconds
[2025-11-12T12:11:05.020+0530] {processor.py:161} INFO - Started process (PID=6432) to work on /home/logi/txtai/venv/lib/python3.10/site-packages/airflow/example_dags/example_bash_operator.py
[2025-11-12T12:11:05.033+0530] {processor.py:830} INFO - Processing file /home/logi/txtai/venv/lib/python3.10/site-packages/airflow/example_dags/example_bash_operator.py for tasks to queue
[2025-11-12T12:11:05.036+0530] {logging_mixin.py:188} INFO - [2025-11-12T12:11:05.036+0530] {dagbag.py:545} INFO - Filling up the DagBag from /home/logi/txtai/venv/lib/python3.10/site-packages/airflow/example_dags/example_bash_operator.py
[2025-11-12T12:11:05.056+0530] {processor.py:840} INFO - DAG(s) 'example_bash_operator' retrieved from /home/logi/txtai/venv/lib/python3.10/site-packages/airflow/example_dags/example_bash_operator.py
[2025-11-12T12:11:05.090+0530] {logging_mixin.py:188} INFO - [2025-11-12T12:11:05.090+0530] {dag.py:3089} INFO - Sync 1 DAGs
[2025-11-12T12:11:05.108+0530] {logging_mixin.py:188} INFO - [2025-11-12T12:11:05.108+0530] {dag.py:3947} INFO - Setting next_dagrun for example_bash_operator to 2025-11-11 00:00:00+00:00, run_after=2025-11-12 00:00:00+00:00
[2025-11-12T12:11:05.127+0530] {processor.py:183} INFO - Processing /home/logi/txtai/venv/lib/python3.10/site-packages/airflow/example_dags/example_bash_operator.py took 0.118 seconds
[2025-11-12T12:12:00.941+0530] {processor.py:161} INFO - Started process (PID=6845) to work on /home/logi/txtai/venv/lib/python3.10/site-packages/airflow/example_dags/example_bash_operator.py
[2025-11-12T12:12:00.943+0530] {processor.py:830} INFO - Processing file /home/logi/txtai/venv/lib/python3.10/site-packages/airflow/example_dags/example_bash_operator.py for tasks to queue
[2025-11-12T12:12:00.945+0530] {logging_mixin.py:188} INFO - [2025-11-12T12:12:00.945+0530] {dagbag.py:545} INFO - Filling up the DagBag from /home/logi/txtai/venv/lib/python3.10/site-packages/airflow/example_dags/example_bash_operator.py
[2025-11-12T12:12:00.963+0530] {processor.py:840} INFO - DAG(s) 'example_bash_operator' retrieved from /home/logi/txtai/venv/lib/python3.10/site-packages/airflow/example_dags/example_bash_operator.py
[2025-11-12T12:12:00.988+0530] {logging_mixin.py:188} INFO - [2025-11-12T12:12:00.987+0530] {dag.py:3089} INFO - Sync 1 DAGs
[2025-11-12T12:12:01.002+0530] {logging_mixin.py:188} INFO - [2025-11-12T12:12:01.002+0530] {dag.py:3947} INFO - Setting next_dagrun for example_bash_operator to 2025-11-11 00:00:00+00:00, run_after=2025-11-12 00:00:00+00:00
[2025-11-12T12:12:01.019+0530] {processor.py:183} INFO - Processing /home/logi/txtai/venv/lib/python3.10/site-packages/airflow/example_dags/example_bash_operator.py took 0.088 seconds
[2025-11-12T12:13:19.399+0530] {processor.py:161} INFO - Started process (PID=7452) to work on /home/logi/txtai/venv/lib/python3.10/site-packages/airflow/example_dags/example_bash_operator.py
[2025-11-12T12:13:19.413+0530] {processor.py:830} INFO - Processing file /home/logi/txtai/venv/lib/python3.10/site-packages/airflow/example_dags/example_bash_operator.py for tasks to queue
[2025-11-12T12:13:19.417+0530] {logging_mixin.py:188} INFO - [2025-11-12T12:13:19.416+0530] {dagbag.py:545} INFO - Filling up the DagBag from /home/logi/txtai/venv/lib/python3.10/site-packages/airflow/example_dags/example_bash_operator.py
[2025-11-12T12:13:19.435+0530] {processor.py:840} INFO - DAG(s) 'example_bash_operator' retrieved from /home/logi/txtai/venv/lib/python3.10/site-packages/airflow/example_dags/example_bash_operator.py
[2025-11-12T12:13:19.470+0530] {logging_mixin.py:188} INFO - [2025-11-12T12:13:19.470+0530] {dag.py:3089} INFO - Sync 1 DAGs
[2025-11-12T12:13:19.485+0530] {logging_mixin.py:188} INFO - [2025-11-12T12:13:19.484+0530] {dag.py:3947} INFO - Setting next_dagrun for example_bash_operator to 2025-11-11 00:00:00+00:00, run_after=2025-11-12 00:00:00+00:00
[2025-11-12T12:13:19.503+0530] {processor.py:183} INFO - Processing /home/logi/txtai/venv/lib/python3.10/site-packages/airflow/example_dags/example_bash_operator.py took 0.115 seconds
[2025-11-12T12:14:42.459+0530] {processor.py:161} INFO - Started process (PID=8050) to work on /home/logi/txtai/venv/lib/python3.10/site-packages/airflow/example_dags/example_bash_operator.py
[2025-11-12T12:14:42.461+0530] {processor.py:830} INFO - Processing file /home/logi/txtai/venv/lib/python3.10/site-packages/airflow/example_dags/example_bash_operator.py for tasks to queue
[2025-11-12T12:14:42.463+0530] {logging_mixin.py:188} INFO - [2025-11-12T12:14:42.463+0530] {dagbag.py:545} INFO - Filling up the DagBag from /home/logi/txtai/venv/lib/python3.10/site-packages/airflow/example_dags/example_bash_operator.py
[2025-11-12T12:14:42.481+0530] {processor.py:840} INFO - DAG(s) 'example_bash_operator' retrieved from /home/logi/txtai/venv/lib/python3.10/site-packages/airflow/example_dags/example_bash_operator.py
[2025-11-12T12:14:42.505+0530] {logging_mixin.py:188} INFO - [2025-11-12T12:14:42.505+0530] {dag.py:3089} INFO - Sync 1 DAGs
[2025-11-12T12:14:42.520+0530] {logging_mixin.py:188} INFO - [2025-11-12T12:14:42.520+0530] {dag.py:3947} INFO - Setting next_dagrun for example_bash_operator to 2025-11-11 00:00:00+00:00, run_after=2025-11-12 00:00:00+00:00
[2025-11-12T12:14:42.537+0530] {processor.py:183} INFO - Processing /home/logi/txtai/venv/lib/python3.10/site-packages/airflow/example_dags/example_bash_operator.py took 0.088 seconds
[2025-11-12T12:15:46.953+0530] {processor.py:161} INFO - Started process (PID=8759) to work on /home/logi/txtai/venv/lib/python3.10/site-packages/airflow/example_dags/example_bash_operator.py
[2025-11-12T12:15:46.966+0530] {processor.py:830} INFO - Processing file /home/logi/txtai/venv/lib/python3.10/site-packages/airflow/example_dags/example_bash_operator.py for tasks to queue
[2025-11-12T12:15:46.969+0530] {logging_mixin.py:188} INFO - [2025-11-12T12:15:46.969+0530] {dagbag.py:545} INFO - Filling up the DagBag from /home/logi/txtai/venv/lib/python3.10/site-packages/airflow/example_dags/example_bash_operator.py
[2025-11-12T12:15:46.988+0530] {processor.py:840} INFO - DAG(s) 'example_bash_operator' retrieved from /home/logi/txtai/venv/lib/python3.10/site-packages/airflow/example_dags/example_bash_operator.py
[2025-11-12T12:15:47.024+0530] {logging_mixin.py:188} INFO - [2025-11-12T12:15:47.024+0530] {dag.py:3089} INFO - Sync 1 DAGs
[2025-11-12T12:15:47.042+0530] {logging_mixin.py:188} INFO - [2025-11-12T12:15:47.041+0530] {dag.py:3947} INFO - Setting next_dagrun for example_bash_operator to 2025-11-11 00:00:00+00:00, run_after=2025-11-12 00:00:00+00:00
[2025-11-12T12:15:47.066+0530] {processor.py:183} INFO - Processing /home/logi/txtai/venv/lib/python3.10/site-packages/airflow/example_dags/example_bash_operator.py took 0.125 seconds
[2025-11-12T12:16:54.974+0530] {processor.py:161} INFO - Started process (PID=9269) to work on /home/logi/txtai/venv/lib/python3.10/site-packages/airflow/example_dags/example_bash_operator.py
[2025-11-12T12:16:54.987+0530] {processor.py:830} INFO - Processing file /home/logi/txtai/venv/lib/python3.10/site-packages/airflow/example_dags/example_bash_operator.py for tasks to queue
[2025-11-12T12:16:54.991+0530] {logging_mixin.py:188} INFO - [2025-11-12T12:16:54.990+0530] {dagbag.py:545} INFO - Filling up the DagBag from /home/logi/txtai/venv/lib/python3.10/site-packages/airflow/example_dags/example_bash_operator.py
[2025-11-12T12:16:55.010+0530] {processor.py:840} INFO - DAG(s) 'example_bash_operator' retrieved from /home/logi/txtai/venv/lib/python3.10/site-packages/airflow/example_dags/example_bash_operator.py
[2025-11-12T12:16:55.044+0530] {logging_mixin.py:188} INFO - [2025-11-12T12:16:55.044+0530] {dag.py:3089} INFO - Sync 1 DAGs
[2025-11-12T12:16:55.064+0530] {logging_mixin.py:188} INFO - [2025-11-12T12:16:55.064+0530] {dag.py:3947} INFO - Setting next_dagrun for example_bash_operator to 2025-11-11 00:00:00+00:00, run_after=2025-11-12 00:00:00+00:00
[2025-11-12T12:16:55.087+0530] {processor.py:183} INFO - Processing /home/logi/txtai/venv/lib/python3.10/site-packages/airflow/example_dags/example_bash_operator.py took 0.125 seconds
[2025-11-12T12:17:56.487+0530] {processor.py:161} INFO - Started process (PID=9724) to work on /home/logi/txtai/venv/lib/python3.10/site-packages/airflow/example_dags/example_bash_operator.py
[2025-11-12T12:17:56.500+0530] {processor.py:830} INFO - Processing file /home/logi/txtai/venv/lib/python3.10/site-packages/airflow/example_dags/example_bash_operator.py for tasks to queue
[2025-11-12T12:17:56.503+0530] {logging_mixin.py:188} INFO - [2025-11-12T12:17:56.502+0530] {dagbag.py:545} INFO - Filling up the DagBag from /home/logi/txtai/venv/lib/python3.10/site-packages/airflow/example_dags/example_bash_operator.py
[2025-11-12T12:17:56.522+0530] {processor.py:840} INFO - DAG(s) 'example_bash_operator' retrieved from /home/logi/txtai/venv/lib/python3.10/site-packages/airflow/example_dags/example_bash_operator.py
[2025-11-12T12:17:56.557+0530] {logging_mixin.py:188} INFO - [2025-11-12T12:17:56.556+0530] {dag.py:3089} INFO - Sync 1 DAGs
[2025-11-12T12:17:56.573+0530] {logging_mixin.py:188} INFO - [2025-11-12T12:17:56.573+0530] {dag.py:3947} INFO - Setting next_dagrun for example_bash_operator to 2025-11-11 00:00:00+00:00, run_after=2025-11-12 00:00:00+00:00
[2025-11-12T12:17:56.595+0530] {processor.py:183} INFO - Processing /home/logi/txtai/venv/lib/python3.10/site-packages/airflow/example_dags/example_bash_operator.py took 0.119 seconds
[2025-11-12T12:18:53.972+0530] {processor.py:161} INFO - Started process (PID=10163) to work on /home/logi/txtai/venv/lib/python3.10/site-packages/airflow/example_dags/example_bash_operator.py
[2025-11-12T12:18:53.974+0530] {processor.py:830} INFO - Processing file /home/logi/txtai/venv/lib/python3.10/site-packages/airflow/example_dags/example_bash_operator.py for tasks to queue
[2025-11-12T12:18:53.977+0530] {logging_mixin.py:188} INFO - [2025-11-12T12:18:53.976+0530] {dagbag.py:545} INFO - Filling up the DagBag from /home/logi/txtai/venv/lib/python3.10/site-packages/airflow/example_dags/example_bash_operator.py
[2025-11-12T12:18:53.996+0530] {processor.py:840} INFO - DAG(s) 'example_bash_operator' retrieved from /home/logi/txtai/venv/lib/python3.10/site-packages/airflow/example_dags/example_bash_operator.py
[2025-11-12T12:18:54.022+0530] {logging_mixin.py:188} INFO - [2025-11-12T12:18:54.022+0530] {dag.py:3089} INFO - Sync 1 DAGs
[2025-11-12T12:18:54.039+0530] {logging_mixin.py:188} INFO - [2025-11-12T12:18:54.039+0530] {dag.py:3947} INFO - Setting next_dagrun for example_bash_operator to 2025-11-11 00:00:00+00:00, run_after=2025-11-12 00:00:00+00:00
[2025-11-12T12:18:54.058+0530] {processor.py:183} INFO - Processing /home/logi/txtai/venv/lib/python3.10/site-packages/airflow/example_dags/example_bash_operator.py took 0.097 seconds
[2025-11-12T12:19:53.081+0530] {processor.py:161} INFO - Started process (PID=10605) to work on /home/logi/txtai/venv/lib/python3.10/site-packages/airflow/example_dags/example_bash_operator.py
[2025-11-12T12:19:53.095+0530] {processor.py:830} INFO - Processing file /home/logi/txtai/venv/lib/python3.10/site-packages/airflow/example_dags/example_bash_operator.py for tasks to queue
[2025-11-12T12:19:53.098+0530] {logging_mixin.py:188} INFO - [2025-11-12T12:19:53.098+0530] {dagbag.py:545} INFO - Filling up the DagBag from /home/logi/txtai/venv/lib/python3.10/site-packages/airflow/example_dags/example_bash_operator.py
[2025-11-12T12:19:53.118+0530] {processor.py:840} INFO - DAG(s) 'example_bash_operator' retrieved from /home/logi/txtai/venv/lib/python3.10/site-packages/airflow/example_dags/example_bash_operator.py
[2025-11-12T12:19:53.152+0530] {logging_mixin.py:188} INFO - [2025-11-12T12:19:53.152+0530] {dag.py:3089} INFO - Sync 1 DAGs
[2025-11-12T12:19:53.171+0530] {logging_mixin.py:188} INFO - [2025-11-12T12:19:53.171+0530] {dag.py:3947} INFO - Setting next_dagrun for example_bash_operator to 2025-11-11 00:00:00+00:00, run_after=2025-11-12 00:00:00+00:00
[2025-11-12T12:19:53.192+0530] {processor.py:183} INFO - Processing /home/logi/txtai/venv/lib/python3.10/site-packages/airflow/example_dags/example_bash_operator.py took 0.123 seconds
[2025-11-12T12:21:05.893+0530] {processor.py:161} INFO - Started process (PID=11394) to work on /home/logi/txtai/venv/lib/python3.10/site-packages/airflow/example_dags/example_bash_operator.py
[2025-11-12T12:21:05.906+0530] {processor.py:830} INFO - Processing file /home/logi/txtai/venv/lib/python3.10/site-packages/airflow/example_dags/example_bash_operator.py for tasks to queue
[2025-11-12T12:21:05.909+0530] {logging_mixin.py:188} INFO - [2025-11-12T12:21:05.909+0530] {dagbag.py:545} INFO - Filling up the DagBag from /home/logi/txtai/venv/lib/python3.10/site-packages/airflow/example_dags/example_bash_operator.py
[2025-11-12T12:21:05.929+0530] {processor.py:840} INFO - DAG(s) 'example_bash_operator' retrieved from /home/logi/txtai/venv/lib/python3.10/site-packages/airflow/example_dags/example_bash_operator.py
[2025-11-12T12:21:05.962+0530] {logging_mixin.py:188} INFO - [2025-11-12T12:21:05.962+0530] {dag.py:3089} INFO - Sync 1 DAGs
[2025-11-12T12:21:05.979+0530] {logging_mixin.py:188} INFO - [2025-11-12T12:21:05.979+0530] {dag.py:3947} INFO - Setting next_dagrun for example_bash_operator to 2025-11-11 00:00:00+00:00, run_after=2025-11-12 00:00:00+00:00
[2025-11-12T12:21:06.001+0530] {processor.py:183} INFO - Processing /home/logi/txtai/venv/lib/python3.10/site-packages/airflow/example_dags/example_bash_operator.py took 0.120 seconds
[2025-11-12T12:22:14.126+0530] {processor.py:161} INFO - Started process (PID=11926) to work on /home/logi/txtai/venv/lib/python3.10/site-packages/airflow/example_dags/example_bash_operator.py
[2025-11-12T12:22:14.140+0530] {processor.py:830} INFO - Processing file /home/logi/txtai/venv/lib/python3.10/site-packages/airflow/example_dags/example_bash_operator.py for tasks to queue
[2025-11-12T12:22:14.143+0530] {logging_mixin.py:188} INFO - [2025-11-12T12:22:14.142+0530] {dagbag.py:545} INFO - Filling up the DagBag from /home/logi/txtai/venv/lib/python3.10/site-packages/airflow/example_dags/example_bash_operator.py
[2025-11-12T12:22:14.162+0530] {processor.py:840} INFO - DAG(s) 'example_bash_operator' retrieved from /home/logi/txtai/venv/lib/python3.10/site-packages/airflow/example_dags/example_bash_operator.py
[2025-11-12T12:22:14.195+0530] {logging_mixin.py:188} INFO - [2025-11-12T12:22:14.195+0530] {dag.py:3089} INFO - Sync 1 DAGs
[2025-11-12T12:22:14.212+0530] {logging_mixin.py:188} INFO - [2025-11-12T12:22:14.212+0530] {dag.py:3947} INFO - Setting next_dagrun for example_bash_operator to 2025-11-11 00:00:00+00:00, run_after=2025-11-12 00:00:00+00:00
[2025-11-12T12:22:14.242+0530] {processor.py:183} INFO - Processing /home/logi/txtai/venv/lib/python3.10/site-packages/airflow/example_dags/example_bash_operator.py took 0.127 seconds
[2025-11-12T12:23:15.317+0530] {processor.py:161} INFO - Started process (PID=12369) to work on /home/logi/txtai/venv/lib/python3.10/site-packages/airflow/example_dags/example_bash_operator.py
[2025-11-12T12:23:15.319+0530] {processor.py:830} INFO - Processing file /home/logi/txtai/venv/lib/python3.10/site-packages/airflow/example_dags/example_bash_operator.py for tasks to queue
[2025-11-12T12:23:15.322+0530] {logging_mixin.py:188} INFO - [2025-11-12T12:23:15.321+0530] {dagbag.py:545} INFO - Filling up the DagBag from /home/logi/txtai/venv/lib/python3.10/site-packages/airflow/example_dags/example_bash_operator.py
[2025-11-12T12:23:15.341+0530] {processor.py:840} INFO - DAG(s) 'example_bash_operator' retrieved from /home/logi/txtai/venv/lib/python3.10/site-packages/airflow/example_dags/example_bash_operator.py
[2025-11-12T12:23:15.366+0530] {logging_mixin.py:188} INFO - [2025-11-12T12:23:15.366+0530] {dag.py:3089} INFO - Sync 1 DAGs
[2025-11-12T12:23:15.383+0530] {logging_mixin.py:188} INFO - [2025-11-12T12:23:15.383+0530] {dag.py:3947} INFO - Setting next_dagrun for example_bash_operator to 2025-11-11 00:00:00+00:00, run_after=2025-11-12 00:00:00+00:00
[2025-11-12T12:23:15.404+0530] {processor.py:183} INFO - Processing /home/logi/txtai/venv/lib/python3.10/site-packages/airflow/example_dags/example_bash_operator.py took 0.098 seconds
[2025-11-12T12:24:16.159+0530] {processor.py:161} INFO - Started process (PID=12821) to work on /home/logi/txtai/venv/lib/python3.10/site-packages/airflow/example_dags/example_bash_operator.py
[2025-11-12T12:24:16.168+0530] {processor.py:830} INFO - Processing file /home/logi/txtai/venv/lib/python3.10/site-packages/airflow/example_dags/example_bash_operator.py for tasks to queue
[2025-11-12T12:24:16.172+0530] {logging_mixin.py:188} INFO - [2025-11-12T12:24:16.171+0530] {dagbag.py:545} INFO - Filling up the DagBag from /home/logi/txtai/venv/lib/python3.10/site-packages/airflow/example_dags/example_bash_operator.py
[2025-11-12T12:24:16.193+0530] {processor.py:840} INFO - DAG(s) 'example_bash_operator' retrieved from /home/logi/txtai/venv/lib/python3.10/site-packages/airflow/example_dags/example_bash_operator.py
[2025-11-12T12:24:16.220+0530] {logging_mixin.py:188} INFO - [2025-11-12T12:24:16.220+0530] {dag.py:3089} INFO - Sync 1 DAGs
[2025-11-12T12:24:16.238+0530] {logging_mixin.py:188} INFO - [2025-11-12T12:24:16.238+0530] {dag.py:3947} INFO - Setting next_dagrun for example_bash_operator to 2025-11-11 00:00:00+00:00, run_after=2025-11-12 00:00:00+00:00
[2025-11-12T12:24:16.257+0530] {processor.py:183} INFO - Processing /home/logi/txtai/venv/lib/python3.10/site-packages/airflow/example_dags/example_bash_operator.py took 0.109 seconds
[2025-11-12T12:25:14.258+0530] {processor.py:161} INFO - Started process (PID=13292) to work on /home/logi/txtai/venv/lib/python3.10/site-packages/airflow/example_dags/example_bash_operator.py
[2025-11-12T12:25:14.270+0530] {processor.py:830} INFO - Processing file /home/logi/txtai/venv/lib/python3.10/site-packages/airflow/example_dags/example_bash_operator.py for tasks to queue
[2025-11-12T12:25:14.274+0530] {logging_mixin.py:188} INFO - [2025-11-12T12:25:14.273+0530] {dagbag.py:545} INFO - Filling up the DagBag from /home/logi/txtai/venv/lib/python3.10/site-packages/airflow/example_dags/example_bash_operator.py
[2025-11-12T12:25:14.293+0530] {processor.py:840} INFO - DAG(s) 'example_bash_operator' retrieved from /home/logi/txtai/venv/lib/python3.10/site-packages/airflow/example_dags/example_bash_operator.py
[2025-11-12T12:25:14.321+0530] {logging_mixin.py:188} INFO - [2025-11-12T12:25:14.321+0530] {dag.py:3089} INFO - Sync 1 DAGs
[2025-11-12T12:25:14.338+0530] {logging_mixin.py:188} INFO - [2025-11-12T12:25:14.338+0530] {dag.py:3947} INFO - Setting next_dagrun for example_bash_operator to 2025-11-11 00:00:00+00:00, run_after=2025-11-12 00:00:00+00:00
[2025-11-12T12:25:14.358+0530] {processor.py:183} INFO - Processing /home/logi/txtai/venv/lib/python3.10/site-packages/airflow/example_dags/example_bash_operator.py took 0.107 seconds
[2025-11-12T12:26:23.544+0530] {processor.py:161} INFO - Started process (PID=13917) to work on /home/logi/txtai/venv/lib/python3.10/site-packages/airflow/example_dags/example_bash_operator.py
[2025-11-12T12:26:23.557+0530] {processor.py:830} INFO - Processing file /home/logi/txtai/venv/lib/python3.10/site-packages/airflow/example_dags/example_bash_operator.py for tasks to queue
[2025-11-12T12:26:23.560+0530] {logging_mixin.py:188} INFO - [2025-11-12T12:26:23.560+0530] {dagbag.py:545} INFO - Filling up the DagBag from /home/logi/txtai/venv/lib/python3.10/site-packages/airflow/example_dags/example_bash_operator.py
[2025-11-12T12:26:23.579+0530] {processor.py:840} INFO - DAG(s) 'example_bash_operator' retrieved from /home/logi/txtai/venv/lib/python3.10/site-packages/airflow/example_dags/example_bash_operator.py
[2025-11-12T12:26:23.613+0530] {logging_mixin.py:188} INFO - [2025-11-12T12:26:23.613+0530] {dag.py:3089} INFO - Sync 1 DAGs
[2025-11-12T12:26:23.629+0530] {logging_mixin.py:188} INFO - [2025-11-12T12:26:23.629+0530] {dag.py:3947} INFO - Setting next_dagrun for example_bash_operator to 2025-11-11 00:00:00+00:00, run_after=2025-11-12 00:00:00+00:00
[2025-11-12T12:26:23.649+0530] {processor.py:183} INFO - Processing /home/logi/txtai/venv/lib/python3.10/site-packages/airflow/example_dags/example_bash_operator.py took 0.117 seconds
[2025-11-12T12:27:22.625+0530] {processor.py:161} INFO - Started process (PID=14341) to work on /home/logi/txtai/venv/lib/python3.10/site-packages/airflow/example_dags/example_bash_operator.py
[2025-11-12T12:27:22.638+0530] {processor.py:830} INFO - Processing file /home/logi/txtai/venv/lib/python3.10/site-packages/airflow/example_dags/example_bash_operator.py for tasks to queue
[2025-11-12T12:27:22.641+0530] {logging_mixin.py:188} INFO - [2025-11-12T12:27:22.641+0530] {dagbag.py:545} INFO - Filling up the DagBag from /home/logi/txtai/venv/lib/python3.10/site-packages/airflow/example_dags/example_bash_operator.py
[2025-11-12T12:27:22.660+0530] {processor.py:840} INFO - DAG(s) 'example_bash_operator' retrieved from /home/logi/txtai/venv/lib/python3.10/site-packages/airflow/example_dags/example_bash_operator.py
[2025-11-12T12:27:22.691+0530] {logging_mixin.py:188} INFO - [2025-11-12T12:27:22.691+0530] {dag.py:3089} INFO - Sync 1 DAGs
[2025-11-12T12:27:22.708+0530] {logging_mixin.py:188} INFO - [2025-11-12T12:27:22.707+0530] {dag.py:3947} INFO - Setting next_dagrun for example_bash_operator to 2025-11-11 00:00:00+00:00, run_after=2025-11-12 00:00:00+00:00
[2025-11-12T12:27:22.736+0530] {processor.py:183} INFO - Processing /home/logi/txtai/venv/lib/python3.10/site-packages/airflow/example_dags/example_bash_operator.py took 0.123 seconds
[2025-11-12T12:28:20.921+0530] {processor.py:161} INFO - Started process (PID=14766) to work on /home/logi/txtai/venv/lib/python3.10/site-packages/airflow/example_dags/example_bash_operator.py
[2025-11-12T12:28:20.935+0530] {processor.py:830} INFO - Processing file /home/logi/txtai/venv/lib/python3.10/site-packages/airflow/example_dags/example_bash_operator.py for tasks to queue
[2025-11-12T12:28:20.938+0530] {logging_mixin.py:188} INFO - [2025-11-12T12:28:20.938+0530] {dagbag.py:545} INFO - Filling up the DagBag from /home/logi/txtai/venv/lib/python3.10/site-packages/airflow/example_dags/example_bash_operator.py
[2025-11-12T12:28:20.958+0530] {processor.py:840} INFO - DAG(s) 'example_bash_operator' retrieved from /home/logi/txtai/venv/lib/python3.10/site-packages/airflow/example_dags/example_bash_operator.py
[2025-11-12T12:28:20.993+0530] {logging_mixin.py:188} INFO - [2025-11-12T12:28:20.993+0530] {dag.py:3089} INFO - Sync 1 DAGs
[2025-11-12T12:28:21.010+0530] {logging_mixin.py:188} INFO - [2025-11-12T12:28:21.010+0530] {dag.py:3947} INFO - Setting next_dagrun for example_bash_operator to 2025-11-11 00:00:00+00:00, run_after=2025-11-12 00:00:00+00:00
[2025-11-12T12:28:21.029+0530] {processor.py:183} INFO - Processing /home/logi/txtai/venv/lib/python3.10/site-packages/airflow/example_dags/example_bash_operator.py took 0.119 seconds
[2025-11-12T12:29:52.792+0530] {processor.py:161} INFO - Started process (PID=15465) to work on /home/logi/txtai/venv/lib/python3.10/site-packages/airflow/example_dags/example_bash_operator.py
[2025-11-12T12:29:52.807+0530] {processor.py:830} INFO - Processing file /home/logi/txtai/venv/lib/python3.10/site-packages/airflow/example_dags/example_bash_operator.py for tasks to queue
[2025-11-12T12:29:52.810+0530] {logging_mixin.py:188} INFO - [2025-11-12T12:29:52.809+0530] {dagbag.py:545} INFO - Filling up the DagBag from /home/logi/txtai/venv/lib/python3.10/site-packages/airflow/example_dags/example_bash_operator.py
[2025-11-12T12:29:52.829+0530] {processor.py:840} INFO - DAG(s) 'example_bash_operator' retrieved from /home/logi/txtai/venv/lib/python3.10/site-packages/airflow/example_dags/example_bash_operator.py
[2025-11-12T12:29:52.864+0530] {logging_mixin.py:188} INFO - [2025-11-12T12:29:52.863+0530] {dag.py:3089} INFO - Sync 1 DAGs
[2025-11-12T12:29:52.880+0530] {logging_mixin.py:188} INFO - [2025-11-12T12:29:52.880+0530] {dag.py:3947} INFO - Setting next_dagrun for example_bash_operator to 2025-11-11 00:00:00+00:00, run_after=2025-11-12 00:00:00+00:00
[2025-11-12T12:29:52.907+0530] {processor.py:183} INFO - Processing /home/logi/txtai/venv/lib/python3.10/site-packages/airflow/example_dags/example_bash_operator.py took 0.126 seconds
[2025-11-12T12:31:07.389+0530] {processor.py:161} INFO - Started process (PID=16208) to work on /home/logi/txtai/venv/lib/python3.10/site-packages/airflow/example_dags/example_bash_operator.py
[2025-11-12T12:31:07.399+0530] {processor.py:830} INFO - Processing file /home/logi/txtai/venv/lib/python3.10/site-packages/airflow/example_dags/example_bash_operator.py for tasks to queue
[2025-11-12T12:31:07.402+0530] {logging_mixin.py:188} INFO - [2025-11-12T12:31:07.402+0530] {dagbag.py:545} INFO - Filling up the DagBag from /home/logi/txtai/venv/lib/python3.10/site-packages/airflow/example_dags/example_bash_operator.py
[2025-11-12T12:31:07.422+0530] {processor.py:840} INFO - DAG(s) 'example_bash_operator' retrieved from /home/logi/txtai/venv/lib/python3.10/site-packages/airflow/example_dags/example_bash_operator.py
[2025-11-12T12:31:07.455+0530] {logging_mixin.py:188} INFO - [2025-11-12T12:31:07.455+0530] {dag.py:3089} INFO - Sync 1 DAGs
[2025-11-12T12:31:07.472+0530] {logging_mixin.py:188} INFO - [2025-11-12T12:31:07.472+0530] {dag.py:3947} INFO - Setting next_dagrun for example_bash_operator to 2025-11-11 00:00:00+00:00, run_after=2025-11-12 00:00:00+00:00
[2025-11-12T12:31:07.492+0530] {processor.py:183} INFO - Processing /home/logi/txtai/venv/lib/python3.10/site-packages/airflow/example_dags/example_bash_operator.py took 0.114 seconds
[2025-11-12T12:33:31.687+0530] {processor.py:161} INFO - Started process (PID=16653) to work on /home/logi/txtai/venv/lib/python3.10/site-packages/airflow/example_dags/example_bash_operator.py
[2025-11-12T12:33:31.700+0530] {processor.py:830} INFO - Processing file /home/logi/txtai/venv/lib/python3.10/site-packages/airflow/example_dags/example_bash_operator.py for tasks to queue
[2025-11-12T12:33:31.704+0530] {logging_mixin.py:188} INFO - [2025-11-12T12:33:31.703+0530] {dagbag.py:545} INFO - Filling up the DagBag from /home/logi/txtai/venv/lib/python3.10/site-packages/airflow/example_dags/example_bash_operator.py
[2025-11-12T12:33:31.723+0530] {processor.py:840} INFO - DAG(s) 'example_bash_operator' retrieved from /home/logi/txtai/venv/lib/python3.10/site-packages/airflow/example_dags/example_bash_operator.py
[2025-11-12T12:33:31.755+0530] {logging_mixin.py:188} INFO - [2025-11-12T12:33:31.755+0530] {dag.py:3089} INFO - Sync 1 DAGs
[2025-11-12T12:33:31.773+0530] {logging_mixin.py:188} INFO - [2025-11-12T12:33:31.772+0530] {dag.py:3947} INFO - Setting next_dagrun for example_bash_operator to 2025-11-11 00:00:00+00:00, run_after=2025-11-12 00:00:00+00:00
[2025-11-12T12:33:31.793+0530] {processor.py:183} INFO - Processing /home/logi/txtai/venv/lib/python3.10/site-packages/airflow/example_dags/example_bash_operator.py took 0.117 seconds
[2025-11-12T12:34:56.582+0530] {processor.py:161} INFO - Started process (PID=16866) to work on /home/logi/txtai/venv/lib/python3.10/site-packages/airflow/example_dags/example_bash_operator.py
[2025-11-12T12:34:56.596+0530] {processor.py:830} INFO - Processing file /home/logi/txtai/venv/lib/python3.10/site-packages/airflow/example_dags/example_bash_operator.py for tasks to queue
[2025-11-12T12:34:56.599+0530] {logging_mixin.py:188} INFO - [2025-11-12T12:34:56.598+0530] {dagbag.py:545} INFO - Filling up the DagBag from /home/logi/txtai/venv/lib/python3.10/site-packages/airflow/example_dags/example_bash_operator.py
[2025-11-12T12:34:56.618+0530] {processor.py:840} INFO - DAG(s) 'example_bash_operator' retrieved from /home/logi/txtai/venv/lib/python3.10/site-packages/airflow/example_dags/example_bash_operator.py
[2025-11-12T12:34:56.652+0530] {logging_mixin.py:188} INFO - [2025-11-12T12:34:56.652+0530] {dag.py:3089} INFO - Sync 1 DAGs
[2025-11-12T12:34:56.669+0530] {logging_mixin.py:188} INFO - [2025-11-12T12:34:56.669+0530] {dag.py:3947} INFO - Setting next_dagrun for example_bash_operator to 2025-11-11 00:00:00+00:00, run_after=2025-11-12 00:00:00+00:00
[2025-11-12T12:34:56.690+0530] {processor.py:183} INFO - Processing /home/logi/txtai/venv/lib/python3.10/site-packages/airflow/example_dags/example_bash_operator.py took 0.119 seconds
[2025-11-12T12:36:00.574+0530] {processor.py:161} INFO - Started process (PID=16961) to work on /home/logi/txtai/venv/lib/python3.10/site-packages/airflow/example_dags/example_bash_operator.py
[2025-11-12T12:36:00.589+0530] {processor.py:830} INFO - Processing file /home/logi/txtai/venv/lib/python3.10/site-packages/airflow/example_dags/example_bash_operator.py for tasks to queue
[2025-11-12T12:36:00.592+0530] {logging_mixin.py:188} INFO - [2025-11-12T12:36:00.592+0530] {dagbag.py:545} INFO - Filling up the DagBag from /home/logi/txtai/venv/lib/python3.10/site-packages/airflow/example_dags/example_bash_operator.py
[2025-11-12T12:36:00.612+0530] {processor.py:840} INFO - DAG(s) 'example_bash_operator' retrieved from /home/logi/txtai/venv/lib/python3.10/site-packages/airflow/example_dags/example_bash_operator.py
[2025-11-12T12:36:00.646+0530] {logging_mixin.py:188} INFO - [2025-11-12T12:36:00.645+0530] {dag.py:3089} INFO - Sync 1 DAGs
[2025-11-12T12:36:00.663+0530] {logging_mixin.py:188} INFO - [2025-11-12T12:36:00.663+0530] {dag.py:3947} INFO - Setting next_dagrun for example_bash_operator to 2025-11-11 00:00:00+00:00, run_after=2025-11-12 00:00:00+00:00
[2025-11-12T12:36:00.691+0530] {processor.py:183} INFO - Processing /home/logi/txtai/venv/lib/python3.10/site-packages/airflow/example_dags/example_bash_operator.py took 0.128 seconds
[2025-11-12T12:37:12.485+0530] {processor.py:161} INFO - Started process (PID=17251) to work on /home/logi/txtai/venv/lib/python3.10/site-packages/airflow/example_dags/example_bash_operator.py
[2025-11-12T12:37:12.499+0530] {processor.py:830} INFO - Processing file /home/logi/txtai/venv/lib/python3.10/site-packages/airflow/example_dags/example_bash_operator.py for tasks to queue
[2025-11-12T12:37:12.502+0530] {logging_mixin.py:188} INFO - [2025-11-12T12:37:12.501+0530] {dagbag.py:545} INFO - Filling up the DagBag from /home/logi/txtai/venv/lib/python3.10/site-packages/airflow/example_dags/example_bash_operator.py
[2025-11-12T12:37:12.523+0530] {processor.py:840} INFO - DAG(s) 'example_bash_operator' retrieved from /home/logi/txtai/venv/lib/python3.10/site-packages/airflow/example_dags/example_bash_operator.py
[2025-11-12T12:37:12.556+0530] {logging_mixin.py:188} INFO - [2025-11-12T12:37:12.556+0530] {dag.py:3089} INFO - Sync 1 DAGs
[2025-11-12T12:37:12.577+0530] {logging_mixin.py:188} INFO - [2025-11-12T12:37:12.576+0530] {dag.py:3947} INFO - Setting next_dagrun for example_bash_operator to 2025-11-11 00:00:00+00:00, run_after=2025-11-12 00:00:00+00:00
[2025-11-12T12:37:12.602+0530] {processor.py:183} INFO - Processing /home/logi/txtai/venv/lib/python3.10/site-packages/airflow/example_dags/example_bash_operator.py took 0.128 seconds
[2025-11-12T12:38:18.318+0530] {processor.py:161} INFO - Started process (PID=17363) to work on /home/logi/txtai/venv/lib/python3.10/site-packages/airflow/example_dags/example_bash_operator.py
[2025-11-12T12:38:18.331+0530] {processor.py:830} INFO - Processing file /home/logi/txtai/venv/lib/python3.10/site-packages/airflow/example_dags/example_bash_operator.py for tasks to queue
[2025-11-12T12:38:18.334+0530] {logging_mixin.py:188} INFO - [2025-11-12T12:38:18.334+0530] {dagbag.py:545} INFO - Filling up the DagBag from /home/logi/txtai/venv/lib/python3.10/site-packages/airflow/example_dags/example_bash_operator.py
[2025-11-12T12:38:18.353+0530] {processor.py:840} INFO - DAG(s) 'example_bash_operator' retrieved from /home/logi/txtai/venv/lib/python3.10/site-packages/airflow/example_dags/example_bash_operator.py
[2025-11-12T12:38:18.388+0530] {logging_mixin.py:188} INFO - [2025-11-12T12:38:18.388+0530] {dag.py:3089} INFO - Sync 1 DAGs
[2025-11-12T12:38:18.402+0530] {logging_mixin.py:188} INFO - [2025-11-12T12:38:18.402+0530] {dag.py:3947} INFO - Setting next_dagrun for example_bash_operator to 2025-11-11 00:00:00+00:00, run_after=2025-11-12 00:00:00+00:00
[2025-11-12T12:38:18.421+0530] {processor.py:183} INFO - Processing /home/logi/txtai/venv/lib/python3.10/site-packages/airflow/example_dags/example_bash_operator.py took 0.114 seconds
[2025-11-12T12:39:23.599+0530] {processor.py:161} INFO - Started process (PID=17458) to work on /home/logi/txtai/venv/lib/python3.10/site-packages/airflow/example_dags/example_bash_operator.py
[2025-11-12T12:39:23.612+0530] {processor.py:830} INFO - Processing file /home/logi/txtai/venv/lib/python3.10/site-packages/airflow/example_dags/example_bash_operator.py for tasks to queue
[2025-11-12T12:39:23.616+0530] {logging_mixin.py:188} INFO - [2025-11-12T12:39:23.615+0530] {dagbag.py:545} INFO - Filling up the DagBag from /home/logi/txtai/venv/lib/python3.10/site-packages/airflow/example_dags/example_bash_operator.py
[2025-11-12T12:39:23.635+0530] {processor.py:840} INFO - DAG(s) 'example_bash_operator' retrieved from /home/logi/txtai/venv/lib/python3.10/site-packages/airflow/example_dags/example_bash_operator.py
[2025-11-12T12:39:23.669+0530] {logging_mixin.py:188} INFO - [2025-11-12T12:39:23.668+0530] {dag.py:3089} INFO - Sync 1 DAGs
[2025-11-12T12:39:23.686+0530] {logging_mixin.py:188} INFO - [2025-11-12T12:39:23.686+0530] {dag.py:3947} INFO - Setting next_dagrun for example_bash_operator to 2025-11-11 00:00:00+00:00, run_after=2025-11-12 00:00:00+00:00
[2025-11-12T12:39:23.706+0530] {processor.py:183} INFO - Processing /home/logi/txtai/venv/lib/python3.10/site-packages/airflow/example_dags/example_bash_operator.py took 0.118 seconds
[2025-11-12T12:40:24.262+0530] {processor.py:161} INFO - Started process (PID=17625) to work on /home/logi/txtai/venv/lib/python3.10/site-packages/airflow/example_dags/example_bash_operator.py
[2025-11-12T12:40:24.275+0530] {processor.py:830} INFO - Processing file /home/logi/txtai/venv/lib/python3.10/site-packages/airflow/example_dags/example_bash_operator.py for tasks to queue
[2025-11-12T12:40:24.278+0530] {logging_mixin.py:188} INFO - [2025-11-12T12:40:24.278+0530] {dagbag.py:545} INFO - Filling up the DagBag from /home/logi/txtai/venv/lib/python3.10/site-packages/airflow/example_dags/example_bash_operator.py
[2025-11-12T12:40:24.301+0530] {processor.py:840} INFO - DAG(s) 'example_bash_operator' retrieved from /home/logi/txtai/venv/lib/python3.10/site-packages/airflow/example_dags/example_bash_operator.py
[2025-11-12T12:40:24.328+0530] {logging_mixin.py:188} INFO - [2025-11-12T12:40:24.328+0530] {dag.py:3089} INFO - Sync 1 DAGs
[2025-11-12T12:40:24.346+0530] {logging_mixin.py:188} INFO - [2025-11-12T12:40:24.346+0530] {dag.py:3947} INFO - Setting next_dagrun for example_bash_operator to 2025-11-11 00:00:00+00:00, run_after=2025-11-12 00:00:00+00:00
[2025-11-12T12:40:24.368+0530] {processor.py:183} INFO - Processing /home/logi/txtai/venv/lib/python3.10/site-packages/airflow/example_dags/example_bash_operator.py took 0.118 seconds
[2025-11-12T12:41:30.424+0530] {processor.py:161} INFO - Started process (PID=17870) to work on /home/logi/txtai/venv/lib/python3.10/site-packages/airflow/example_dags/example_bash_operator.py
[2025-11-12T12:41:30.426+0530] {processor.py:830} INFO - Processing file /home/logi/txtai/venv/lib/python3.10/site-packages/airflow/example_dags/example_bash_operator.py for tasks to queue
[2025-11-12T12:41:30.428+0530] {logging_mixin.py:188} INFO - [2025-11-12T12:41:30.428+0530] {dagbag.py:545} INFO - Filling up the DagBag from /home/logi/txtai/venv/lib/python3.10/site-packages/airflow/example_dags/example_bash_operator.py
[2025-11-12T12:41:30.446+0530] {processor.py:840} INFO - DAG(s) 'example_bash_operator' retrieved from /home/logi/txtai/venv/lib/python3.10/site-packages/airflow/example_dags/example_bash_operator.py
[2025-11-12T12:41:30.470+0530] {logging_mixin.py:188} INFO - [2025-11-12T12:41:30.470+0530] {dag.py:3089} INFO - Sync 1 DAGs
[2025-11-12T12:41:30.484+0530] {logging_mixin.py:188} INFO - [2025-11-12T12:41:30.484+0530] {dag.py:3947} INFO - Setting next_dagrun for example_bash_operator to 2025-11-11 00:00:00+00:00, run_after=2025-11-12 00:00:00+00:00
[2025-11-12T12:41:30.503+0530] {processor.py:183} INFO - Processing /home/logi/txtai/venv/lib/python3.10/site-packages/airflow/example_dags/example_bash_operator.py took 0.089 seconds
[2025-11-12T12:42:50.533+0530] {processor.py:161} INFO - Started process (PID=18192) to work on /home/logi/txtai/venv/lib/python3.10/site-packages/airflow/example_dags/example_bash_operator.py
[2025-11-12T12:42:50.547+0530] {processor.py:830} INFO - Processing file /home/logi/txtai/venv/lib/python3.10/site-packages/airflow/example_dags/example_bash_operator.py for tasks to queue
[2025-11-12T12:42:50.550+0530] {logging_mixin.py:188} INFO - [2025-11-12T12:42:50.550+0530] {dagbag.py:545} INFO - Filling up the DagBag from /home/logi/txtai/venv/lib/python3.10/site-packages/airflow/example_dags/example_bash_operator.py
[2025-11-12T12:42:50.562+0530] {processor.py:840} INFO - DAG(s) 'example_bash_operator' retrieved from /home/logi/txtai/venv/lib/python3.10/site-packages/airflow/example_dags/example_bash_operator.py
[2025-11-12T12:42:50.583+0530] {logging_mixin.py:188} INFO - [2025-11-12T12:42:50.583+0530] {dag.py:3089} INFO - Sync 1 DAGs
[2025-11-12T12:42:50.601+0530] {logging_mixin.py:188} INFO - [2025-11-12T12:42:50.600+0530] {dag.py:3947} INFO - Setting next_dagrun for example_bash_operator to 2025-11-11 00:00:00+00:00, run_after=2025-11-12 00:00:00+00:00
[2025-11-12T12:42:50.620+0530] {processor.py:183} INFO - Processing /home/logi/txtai/venv/lib/python3.10/site-packages/airflow/example_dags/example_bash_operator.py took 0.093 seconds
[2025-11-12T12:43:46.917+0530] {processor.py:161} INFO - Started process (PID=18610) to work on /home/logi/txtai/venv/lib/python3.10/site-packages/airflow/example_dags/example_bash_operator.py
[2025-11-12T12:43:46.931+0530] {processor.py:830} INFO - Processing file /home/logi/txtai/venv/lib/python3.10/site-packages/airflow/example_dags/example_bash_operator.py for tasks to queue
[2025-11-12T12:43:46.935+0530] {logging_mixin.py:188} INFO - [2025-11-12T12:43:46.934+0530] {dagbag.py:545} INFO - Filling up the DagBag from /home/logi/txtai/venv/lib/python3.10/site-packages/airflow/example_dags/example_bash_operator.py
[2025-11-12T12:43:46.959+0530] {processor.py:840} INFO - DAG(s) 'example_bash_operator' retrieved from /home/logi/txtai/venv/lib/python3.10/site-packages/airflow/example_dags/example_bash_operator.py
[2025-11-12T12:43:46.995+0530] {logging_mixin.py:188} INFO - [2025-11-12T12:43:46.994+0530] {dag.py:3089} INFO - Sync 1 DAGs
[2025-11-12T12:43:47.017+0530] {logging_mixin.py:188} INFO - [2025-11-12T12:43:47.016+0530] {dag.py:3947} INFO - Setting next_dagrun for example_bash_operator to 2025-11-11 00:00:00+00:00, run_after=2025-11-12 00:00:00+00:00
[2025-11-12T12:43:47.040+0530] {processor.py:183} INFO - Processing /home/logi/txtai/venv/lib/python3.10/site-packages/airflow/example_dags/example_bash_operator.py took 0.137 seconds
[2025-11-12T12:44:45.866+0530] {processor.py:161} INFO - Started process (PID=19045) to work on /home/logi/txtai/venv/lib/python3.10/site-packages/airflow/example_dags/example_bash_operator.py
[2025-11-12T12:44:45.880+0530] {processor.py:830} INFO - Processing file /home/logi/txtai/venv/lib/python3.10/site-packages/airflow/example_dags/example_bash_operator.py for tasks to queue
[2025-11-12T12:44:45.882+0530] {logging_mixin.py:188} INFO - [2025-11-12T12:44:45.882+0530] {dagbag.py:545} INFO - Filling up the DagBag from /home/logi/txtai/venv/lib/python3.10/site-packages/airflow/example_dags/example_bash_operator.py
[2025-11-12T12:44:45.900+0530] {processor.py:840} INFO - DAG(s) 'example_bash_operator' retrieved from /home/logi/txtai/venv/lib/python3.10/site-packages/airflow/example_dags/example_bash_operator.py
[2025-11-12T12:44:45.933+0530] {logging_mixin.py:188} INFO - [2025-11-12T12:44:45.933+0530] {dag.py:3089} INFO - Sync 1 DAGs
[2025-11-12T12:44:45.948+0530] {logging_mixin.py:188} INFO - [2025-11-12T12:44:45.948+0530] {dag.py:3947} INFO - Setting next_dagrun for example_bash_operator to 2025-11-11 00:00:00+00:00, run_after=2025-11-12 00:00:00+00:00
[2025-11-12T12:44:45.965+0530] {processor.py:183} INFO - Processing /home/logi/txtai/venv/lib/python3.10/site-packages/airflow/example_dags/example_bash_operator.py took 0.108 seconds
[2025-11-12T12:46:12.193+0530] {processor.py:161} INFO - Started process (PID=19725) to work on /home/logi/txtai/venv/lib/python3.10/site-packages/airflow/example_dags/example_bash_operator.py
[2025-11-12T12:46:12.195+0530] {processor.py:830} INFO - Processing file /home/logi/txtai/venv/lib/python3.10/site-packages/airflow/example_dags/example_bash_operator.py for tasks to queue
[2025-11-12T12:46:12.199+0530] {logging_mixin.py:188} INFO - [2025-11-12T12:46:12.198+0530] {dagbag.py:545} INFO - Filling up the DagBag from /home/logi/txtai/venv/lib/python3.10/site-packages/airflow/example_dags/example_bash_operator.py
[2025-11-12T12:46:12.227+0530] {processor.py:840} INFO - DAG(s) 'example_bash_operator' retrieved from /home/logi/txtai/venv/lib/python3.10/site-packages/airflow/example_dags/example_bash_operator.py
[2025-11-12T12:46:12.253+0530] {logging_mixin.py:188} INFO - [2025-11-12T12:46:12.253+0530] {dag.py:3089} INFO - Sync 1 DAGs
[2025-11-12T12:46:12.274+0530] {logging_mixin.py:188} INFO - [2025-11-12T12:46:12.274+0530] {dag.py:3947} INFO - Setting next_dagrun for example_bash_operator to 2025-11-11 00:00:00+00:00, run_after=2025-11-12 00:00:00+00:00
[2025-11-12T12:46:12.299+0530] {processor.py:183} INFO - Processing /home/logi/txtai/venv/lib/python3.10/site-packages/airflow/example_dags/example_bash_operator.py took 0.118 seconds
[2025-11-12T12:47:20.314+0530] {processor.py:161} INFO - Started process (PID=20332) to work on /home/logi/txtai/venv/lib/python3.10/site-packages/airflow/example_dags/example_bash_operator.py
[2025-11-12T12:47:20.327+0530] {processor.py:830} INFO - Processing file /home/logi/txtai/venv/lib/python3.10/site-packages/airflow/example_dags/example_bash_operator.py for tasks to queue
[2025-11-12T12:47:20.330+0530] {logging_mixin.py:188} INFO - [2025-11-12T12:47:20.329+0530] {dagbag.py:545} INFO - Filling up the DagBag from /home/logi/txtai/venv/lib/python3.10/site-packages/airflow/example_dags/example_bash_operator.py
[2025-11-12T12:47:20.349+0530] {processor.py:840} INFO - DAG(s) 'example_bash_operator' retrieved from /home/logi/txtai/venv/lib/python3.10/site-packages/airflow/example_dags/example_bash_operator.py
[2025-11-12T12:47:20.390+0530] {logging_mixin.py:188} INFO - [2025-11-12T12:47:20.390+0530] {dag.py:3089} INFO - Sync 1 DAGs
[2025-11-12T12:47:20.412+0530] {logging_mixin.py:188} INFO - [2025-11-12T12:47:20.412+0530] {dag.py:3947} INFO - Setting next_dagrun for example_bash_operator to 2025-11-11 00:00:00+00:00, run_after=2025-11-12 00:00:00+00:00
[2025-11-12T12:47:20.432+0530] {processor.py:183} INFO - Processing /home/logi/txtai/venv/lib/python3.10/site-packages/airflow/example_dags/example_bash_operator.py took 0.125 seconds
[2025-11-12T12:48:18.620+0530] {processor.py:161} INFO - Started process (PID=20442) to work on /home/logi/txtai/venv/lib/python3.10/site-packages/airflow/example_dags/example_bash_operator.py
[2025-11-12T12:48:18.634+0530] {processor.py:830} INFO - Processing file /home/logi/txtai/venv/lib/python3.10/site-packages/airflow/example_dags/example_bash_operator.py for tasks to queue
[2025-11-12T12:48:18.636+0530] {logging_mixin.py:188} INFO - [2025-11-12T12:48:18.636+0530] {dagbag.py:545} INFO - Filling up the DagBag from /home/logi/txtai/venv/lib/python3.10/site-packages/airflow/example_dags/example_bash_operator.py
[2025-11-12T12:48:18.647+0530] {processor.py:840} INFO - DAG(s) 'example_bash_operator' retrieved from /home/logi/txtai/venv/lib/python3.10/site-packages/airflow/example_dags/example_bash_operator.py
[2025-11-12T12:48:18.667+0530] {logging_mixin.py:188} INFO - [2025-11-12T12:48:18.666+0530] {dag.py:3089} INFO - Sync 1 DAGs
[2025-11-12T12:48:18.684+0530] {logging_mixin.py:188} INFO - [2025-11-12T12:48:18.684+0530] {dag.py:3947} INFO - Setting next_dagrun for example_bash_operator to 2025-11-11 00:00:00+00:00, run_after=2025-11-12 00:00:00+00:00
[2025-11-12T12:48:18.706+0530] {processor.py:183} INFO - Processing /home/logi/txtai/venv/lib/python3.10/site-packages/airflow/example_dags/example_bash_operator.py took 0.096 seconds
[2025-11-12T12:49:15.496+0530] {processor.py:161} INFO - Started process (PID=20587) to work on /home/logi/txtai/venv/lib/python3.10/site-packages/airflow/example_dags/example_bash_operator.py
[2025-11-12T12:49:15.509+0530] {processor.py:830} INFO - Processing file /home/logi/txtai/venv/lib/python3.10/site-packages/airflow/example_dags/example_bash_operator.py for tasks to queue
[2025-11-12T12:49:15.512+0530] {logging_mixin.py:188} INFO - [2025-11-12T12:49:15.511+0530] {dagbag.py:545} INFO - Filling up the DagBag from /home/logi/txtai/venv/lib/python3.10/site-packages/airflow/example_dags/example_bash_operator.py
[2025-11-12T12:49:15.523+0530] {processor.py:840} INFO - DAG(s) 'example_bash_operator' retrieved from /home/logi/txtai/venv/lib/python3.10/site-packages/airflow/example_dags/example_bash_operator.py
[2025-11-12T12:49:15.544+0530] {logging_mixin.py:188} INFO - [2025-11-12T12:49:15.544+0530] {dag.py:3089} INFO - Sync 1 DAGs
[2025-11-12T12:49:15.561+0530] {logging_mixin.py:188} INFO - [2025-11-12T12:49:15.561+0530] {dag.py:3947} INFO - Setting next_dagrun for example_bash_operator to 2025-11-11 00:00:00+00:00, run_after=2025-11-12 00:00:00+00:00
[2025-11-12T12:49:15.583+0530] {processor.py:183} INFO - Processing /home/logi/txtai/venv/lib/python3.10/site-packages/airflow/example_dags/example_bash_operator.py took 0.094 seconds
[2025-11-12T12:50:41.955+0530] {processor.py:161} INFO - Started process (PID=20713) to work on /home/logi/txtai/venv/lib/python3.10/site-packages/airflow/example_dags/example_bash_operator.py
[2025-11-12T12:50:41.969+0530] {processor.py:830} INFO - Processing file /home/logi/txtai/venv/lib/python3.10/site-packages/airflow/example_dags/example_bash_operator.py for tasks to queue
[2025-11-12T12:50:41.972+0530] {logging_mixin.py:188} INFO - [2025-11-12T12:50:41.971+0530] {dagbag.py:545} INFO - Filling up the DagBag from /home/logi/txtai/venv/lib/python3.10/site-packages/airflow/example_dags/example_bash_operator.py
[2025-11-12T12:50:41.991+0530] {processor.py:840} INFO - DAG(s) 'example_bash_operator' retrieved from /home/logi/txtai/venv/lib/python3.10/site-packages/airflow/example_dags/example_bash_operator.py
[2025-11-12T12:50:42.024+0530] {logging_mixin.py:188} INFO - [2025-11-12T12:50:42.024+0530] {dag.py:3089} INFO - Sync 1 DAGs
[2025-11-12T12:50:42.041+0530] {logging_mixin.py:188} INFO - [2025-11-12T12:50:42.041+0530] {dag.py:3947} INFO - Setting next_dagrun for example_bash_operator to 2025-11-11 00:00:00+00:00, run_after=2025-11-12 00:00:00+00:00
[2025-11-12T12:50:42.062+0530] {processor.py:183} INFO - Processing /home/logi/txtai/venv/lib/python3.10/site-packages/airflow/example_dags/example_bash_operator.py took 0.117 seconds
[2025-11-12T12:51:41.600+0530] {processor.py:161} INFO - Started process (PID=20864) to work on /home/logi/txtai/venv/lib/python3.10/site-packages/airflow/example_dags/example_bash_operator.py
[2025-11-12T12:51:41.602+0530] {processor.py:830} INFO - Processing file /home/logi/txtai/venv/lib/python3.10/site-packages/airflow/example_dags/example_bash_operator.py for tasks to queue
[2025-11-12T12:51:41.605+0530] {logging_mixin.py:188} INFO - [2025-11-12T12:51:41.604+0530] {dagbag.py:545} INFO - Filling up the DagBag from /home/logi/txtai/venv/lib/python3.10/site-packages/airflow/example_dags/example_bash_operator.py
[2025-11-12T12:51:41.622+0530] {processor.py:840} INFO - DAG(s) 'example_bash_operator' retrieved from /home/logi/txtai/venv/lib/python3.10/site-packages/airflow/example_dags/example_bash_operator.py
[2025-11-12T12:51:41.646+0530] {logging_mixin.py:188} INFO - [2025-11-12T12:51:41.646+0530] {dag.py:3089} INFO - Sync 1 DAGs
[2025-11-12T12:51:41.660+0530] {logging_mixin.py:188} INFO - [2025-11-12T12:51:41.660+0530] {dag.py:3947} INFO - Setting next_dagrun for example_bash_operator to 2025-11-11 00:00:00+00:00, run_after=2025-11-12 00:00:00+00:00
[2025-11-12T12:51:41.678+0530] {processor.py:183} INFO - Processing /home/logi/txtai/venv/lib/python3.10/site-packages/airflow/example_dags/example_bash_operator.py took 0.087 seconds
[2025-11-12T12:53:11.613+0530] {processor.py:161} INFO - Started process (PID=21342) to work on /home/logi/txtai/venv/lib/python3.10/site-packages/airflow/example_dags/example_bash_operator.py
[2025-11-12T12:53:11.615+0530] {processor.py:830} INFO - Processing file /home/logi/txtai/venv/lib/python3.10/site-packages/airflow/example_dags/example_bash_operator.py for tasks to queue
[2025-11-12T12:53:11.618+0530] {logging_mixin.py:188} INFO - [2025-11-12T12:53:11.617+0530] {dagbag.py:545} INFO - Filling up the DagBag from /home/logi/txtai/venv/lib/python3.10/site-packages/airflow/example_dags/example_bash_operator.py
[2025-11-12T12:53:11.637+0530] {processor.py:840} INFO - DAG(s) 'example_bash_operator' retrieved from /home/logi/txtai/venv/lib/python3.10/site-packages/airflow/example_dags/example_bash_operator.py
[2025-11-12T12:53:11.663+0530] {logging_mixin.py:188} INFO - [2025-11-12T12:53:11.663+0530] {dag.py:3089} INFO - Sync 1 DAGs
[2025-11-12T12:53:11.680+0530] {logging_mixin.py:188} INFO - [2025-11-12T12:53:11.680+0530] {dag.py:3947} INFO - Setting next_dagrun for example_bash_operator to 2025-11-11 00:00:00+00:00, run_after=2025-11-12 00:00:00+00:00
[2025-11-12T12:53:11.700+0530] {processor.py:183} INFO - Processing /home/logi/txtai/venv/lib/python3.10/site-packages/airflow/example_dags/example_bash_operator.py took 0.099 seconds
[2025-11-12T12:54:11.662+0530] {processor.py:161} INFO - Started process (PID=21427) to work on /home/logi/txtai/venv/lib/python3.10/site-packages/airflow/example_dags/example_bash_operator.py
[2025-11-12T12:54:11.675+0530] {processor.py:830} INFO - Processing file /home/logi/txtai/venv/lib/python3.10/site-packages/airflow/example_dags/example_bash_operator.py for tasks to queue
[2025-11-12T12:54:11.678+0530] {logging_mixin.py:188} INFO - [2025-11-12T12:54:11.678+0530] {dagbag.py:545} INFO - Filling up the DagBag from /home/logi/txtai/venv/lib/python3.10/site-packages/airflow/example_dags/example_bash_operator.py
[2025-11-12T12:54:11.697+0530] {processor.py:840} INFO - DAG(s) 'example_bash_operator' retrieved from /home/logi/txtai/venv/lib/python3.10/site-packages/airflow/example_dags/example_bash_operator.py
[2025-11-12T12:54:11.731+0530] {logging_mixin.py:188} INFO - [2025-11-12T12:54:11.730+0530] {dag.py:3089} INFO - Sync 1 DAGs
[2025-11-12T12:54:11.748+0530] {logging_mixin.py:188} INFO - [2025-11-12T12:54:11.748+0530] {dag.py:3947} INFO - Setting next_dagrun for example_bash_operator to 2025-11-11 00:00:00+00:00, run_after=2025-11-12 00:00:00+00:00
[2025-11-12T12:54:11.770+0530] {processor.py:183} INFO - Processing /home/logi/txtai/venv/lib/python3.10/site-packages/airflow/example_dags/example_bash_operator.py took 0.119 seconds
[2025-11-12T12:55:12.222+0530] {processor.py:161} INFO - Started process (PID=21509) to work on /home/logi/txtai/venv/lib/python3.10/site-packages/airflow/example_dags/example_bash_operator.py
[2025-11-12T12:55:12.235+0530] {processor.py:830} INFO - Processing file /home/logi/txtai/venv/lib/python3.10/site-packages/airflow/example_dags/example_bash_operator.py for tasks to queue
[2025-11-12T12:55:12.238+0530] {logging_mixin.py:188} INFO - [2025-11-12T12:55:12.238+0530] {dagbag.py:545} INFO - Filling up the DagBag from /home/logi/txtai/venv/lib/python3.10/site-packages/airflow/example_dags/example_bash_operator.py
[2025-11-12T12:55:12.257+0530] {processor.py:840} INFO - DAG(s) 'example_bash_operator' retrieved from /home/logi/txtai/venv/lib/python3.10/site-packages/airflow/example_dags/example_bash_operator.py
[2025-11-12T12:55:12.291+0530] {logging_mixin.py:188} INFO - [2025-11-12T12:55:12.291+0530] {dag.py:3089} INFO - Sync 1 DAGs
[2025-11-12T12:55:12.308+0530] {logging_mixin.py:188} INFO - [2025-11-12T12:55:12.307+0530] {dag.py:3947} INFO - Setting next_dagrun for example_bash_operator to 2025-11-11 00:00:00+00:00, run_after=2025-11-12 00:00:00+00:00
[2025-11-12T12:55:12.328+0530] {processor.py:183} INFO - Processing /home/logi/txtai/venv/lib/python3.10/site-packages/airflow/example_dags/example_bash_operator.py took 0.118 seconds
[2025-11-12T12:56:12.334+0530] {processor.py:161} INFO - Started process (PID=21643) to work on /home/logi/txtai/venv/lib/python3.10/site-packages/airflow/example_dags/example_bash_operator.py
[2025-11-12T12:56:12.336+0530] {processor.py:830} INFO - Processing file /home/logi/txtai/venv/lib/python3.10/site-packages/airflow/example_dags/example_bash_operator.py for tasks to queue
[2025-11-12T12:56:12.339+0530] {logging_mixin.py:188} INFO - [2025-11-12T12:56:12.339+0530] {dagbag.py:545} INFO - Filling up the DagBag from /home/logi/txtai/venv/lib/python3.10/site-packages/airflow/example_dags/example_bash_operator.py
[2025-11-12T12:56:12.358+0530] {processor.py:840} INFO - DAG(s) 'example_bash_operator' retrieved from /home/logi/txtai/venv/lib/python3.10/site-packages/airflow/example_dags/example_bash_operator.py
[2025-11-12T12:56:12.383+0530] {logging_mixin.py:188} INFO - [2025-11-12T12:56:12.383+0530] {dag.py:3089} INFO - Sync 1 DAGs
[2025-11-12T12:56:12.399+0530] {logging_mixin.py:188} INFO - [2025-11-12T12:56:12.399+0530] {dag.py:3947} INFO - Setting next_dagrun for example_bash_operator to 2025-11-11 00:00:00+00:00, run_after=2025-11-12 00:00:00+00:00
[2025-11-12T12:56:12.420+0530] {processor.py:183} INFO - Processing /home/logi/txtai/venv/lib/python3.10/site-packages/airflow/example_dags/example_bash_operator.py took 0.098 seconds
[2025-11-12T12:57:22.169+0530] {processor.py:161} INFO - Started process (PID=21884) to work on /home/logi/txtai/venv/lib/python3.10/site-packages/airflow/example_dags/example_bash_operator.py
[2025-11-12T12:57:22.182+0530] {processor.py:830} INFO - Processing file /home/logi/txtai/venv/lib/python3.10/site-packages/airflow/example_dags/example_bash_operator.py for tasks to queue
[2025-11-12T12:57:22.185+0530] {logging_mixin.py:188} INFO - [2025-11-12T12:57:22.185+0530] {dagbag.py:545} INFO - Filling up the DagBag from /home/logi/txtai/venv/lib/python3.10/site-packages/airflow/example_dags/example_bash_operator.py
[2025-11-12T12:57:22.205+0530] {processor.py:840} INFO - DAG(s) 'example_bash_operator' retrieved from /home/logi/txtai/venv/lib/python3.10/site-packages/airflow/example_dags/example_bash_operator.py
[2025-11-12T12:57:22.239+0530] {logging_mixin.py:188} INFO - [2025-11-12T12:57:22.239+0530] {dag.py:3089} INFO - Sync 1 DAGs
[2025-11-12T12:57:22.257+0530] {logging_mixin.py:188} INFO - [2025-11-12T12:57:22.256+0530] {dag.py:3947} INFO - Setting next_dagrun for example_bash_operator to 2025-11-11 00:00:00+00:00, run_after=2025-11-12 00:00:00+00:00
[2025-11-12T12:57:22.284+0530] {processor.py:183} INFO - Processing /home/logi/txtai/venv/lib/python3.10/site-packages/airflow/example_dags/example_bash_operator.py took 0.127 seconds
[2025-11-12T12:58:24.230+0530] {processor.py:161} INFO - Started process (PID=22029) to work on /home/logi/txtai/venv/lib/python3.10/site-packages/airflow/example_dags/example_bash_operator.py
[2025-11-12T12:58:24.231+0530] {processor.py:830} INFO - Processing file /home/logi/txtai/venv/lib/python3.10/site-packages/airflow/example_dags/example_bash_operator.py for tasks to queue
[2025-11-12T12:58:24.234+0530] {logging_mixin.py:188} INFO - [2025-11-12T12:58:24.234+0530] {dagbag.py:545} INFO - Filling up the DagBag from /home/logi/txtai/venv/lib/python3.10/site-packages/airflow/example_dags/example_bash_operator.py
[2025-11-12T12:58:24.247+0530] {processor.py:840} INFO - DAG(s) 'example_bash_operator' retrieved from /home/logi/txtai/venv/lib/python3.10/site-packages/airflow/example_dags/example_bash_operator.py
[2025-11-12T12:58:24.270+0530] {logging_mixin.py:188} INFO - [2025-11-12T12:58:24.269+0530] {dag.py:3089} INFO - Sync 1 DAGs
[2025-11-12T12:58:24.290+0530] {logging_mixin.py:188} INFO - [2025-11-12T12:58:24.290+0530] {dag.py:3947} INFO - Setting next_dagrun for example_bash_operator to 2025-11-11 00:00:00+00:00, run_after=2025-11-12 00:00:00+00:00
[2025-11-12T12:58:24.310+0530] {processor.py:183} INFO - Processing /home/logi/txtai/venv/lib/python3.10/site-packages/airflow/example_dags/example_bash_operator.py took 0.087 seconds
[2025-11-12T12:59:22.065+0530] {processor.py:161} INFO - Started process (PID=22171) to work on /home/logi/txtai/venv/lib/python3.10/site-packages/airflow/example_dags/example_bash_operator.py
[2025-11-12T12:59:22.078+0530] {processor.py:830} INFO - Processing file /home/logi/txtai/venv/lib/python3.10/site-packages/airflow/example_dags/example_bash_operator.py for tasks to queue
[2025-11-12T12:59:22.082+0530] {logging_mixin.py:188} INFO - [2025-11-12T12:59:22.081+0530] {dagbag.py:545} INFO - Filling up the DagBag from /home/logi/txtai/venv/lib/python3.10/site-packages/airflow/example_dags/example_bash_operator.py
[2025-11-12T12:59:22.101+0530] {processor.py:840} INFO - DAG(s) 'example_bash_operator' retrieved from /home/logi/txtai/venv/lib/python3.10/site-packages/airflow/example_dags/example_bash_operator.py
[2025-11-12T12:59:22.135+0530] {logging_mixin.py:188} INFO - [2025-11-12T12:59:22.134+0530] {dag.py:3089} INFO - Sync 1 DAGs
[2025-11-12T12:59:22.152+0530] {logging_mixin.py:188} INFO - [2025-11-12T12:59:22.152+0530] {dag.py:3947} INFO - Setting next_dagrun for example_bash_operator to 2025-11-11 00:00:00+00:00, run_after=2025-11-12 00:00:00+00:00
[2025-11-12T12:59:22.179+0530] {processor.py:183} INFO - Processing /home/logi/txtai/venv/lib/python3.10/site-packages/airflow/example_dags/example_bash_operator.py took 0.125 seconds
[2025-11-12T13:00:23.842+0530] {processor.py:161} INFO - Started process (PID=22251) to work on /home/logi/txtai/venv/lib/python3.10/site-packages/airflow/example_dags/example_bash_operator.py
[2025-11-12T13:00:23.855+0530] {processor.py:830} INFO - Processing file /home/logi/txtai/venv/lib/python3.10/site-packages/airflow/example_dags/example_bash_operator.py for tasks to queue
[2025-11-12T13:00:23.858+0530] {logging_mixin.py:188} INFO - [2025-11-12T13:00:23.858+0530] {dagbag.py:545} INFO - Filling up the DagBag from /home/logi/txtai/venv/lib/python3.10/site-packages/airflow/example_dags/example_bash_operator.py
[2025-11-12T13:00:23.878+0530] {processor.py:840} INFO - DAG(s) 'example_bash_operator' retrieved from /home/logi/txtai/venv/lib/python3.10/site-packages/airflow/example_dags/example_bash_operator.py
[2025-11-12T13:00:23.911+0530] {logging_mixin.py:188} INFO - [2025-11-12T13:00:23.911+0530] {dag.py:3089} INFO - Sync 1 DAGs
[2025-11-12T13:00:23.930+0530] {logging_mixin.py:188} INFO - [2025-11-12T13:00:23.929+0530] {dag.py:3947} INFO - Setting next_dagrun for example_bash_operator to 2025-11-11 00:00:00+00:00, run_after=2025-11-12 00:00:00+00:00
[2025-11-12T13:00:23.957+0530] {processor.py:183} INFO - Processing /home/logi/txtai/venv/lib/python3.10/site-packages/airflow/example_dags/example_bash_operator.py took 0.127 seconds
[2025-11-12T13:01:49.306+0530] {processor.py:161} INFO - Started process (PID=22390) to work on /home/logi/txtai/venv/lib/python3.10/site-packages/airflow/example_dags/example_bash_operator.py
[2025-11-12T13:01:49.320+0530] {processor.py:830} INFO - Processing file /home/logi/txtai/venv/lib/python3.10/site-packages/airflow/example_dags/example_bash_operator.py for tasks to queue
[2025-11-12T13:01:49.323+0530] {logging_mixin.py:188} INFO - [2025-11-12T13:01:49.323+0530] {dagbag.py:545} INFO - Filling up the DagBag from /home/logi/txtai/venv/lib/python3.10/site-packages/airflow/example_dags/example_bash_operator.py
[2025-11-12T13:01:49.343+0530] {processor.py:840} INFO - DAG(s) 'example_bash_operator' retrieved from /home/logi/txtai/venv/lib/python3.10/site-packages/airflow/example_dags/example_bash_operator.py
[2025-11-12T13:01:49.377+0530] {logging_mixin.py:188} INFO - [2025-11-12T13:01:49.376+0530] {dag.py:3089} INFO - Sync 1 DAGs
[2025-11-12T13:01:49.394+0530] {logging_mixin.py:188} INFO - [2025-11-12T13:01:49.393+0530] {dag.py:3947} INFO - Setting next_dagrun for example_bash_operator to 2025-11-11 00:00:00+00:00, run_after=2025-11-12 00:00:00+00:00
[2025-11-12T13:01:49.420+0530] {processor.py:183} INFO - Processing /home/logi/txtai/venv/lib/python3.10/site-packages/airflow/example_dags/example_bash_operator.py took 0.125 seconds
[2025-11-12T13:03:05.381+0530] {processor.py:161} INFO - Started process (PID=22698) to work on /home/logi/txtai/venv/lib/python3.10/site-packages/airflow/example_dags/example_bash_operator.py
[2025-11-12T13:03:05.394+0530] {processor.py:830} INFO - Processing file /home/logi/txtai/venv/lib/python3.10/site-packages/airflow/example_dags/example_bash_operator.py for tasks to queue
[2025-11-12T13:03:05.397+0530] {logging_mixin.py:188} INFO - [2025-11-12T13:03:05.396+0530] {dagbag.py:545} INFO - Filling up the DagBag from /home/logi/txtai/venv/lib/python3.10/site-packages/airflow/example_dags/example_bash_operator.py
[2025-11-12T13:03:05.416+0530] {processor.py:840} INFO - DAG(s) 'example_bash_operator' retrieved from /home/logi/txtai/venv/lib/python3.10/site-packages/airflow/example_dags/example_bash_operator.py
[2025-11-12T13:03:05.446+0530] {logging_mixin.py:188} INFO - [2025-11-12T13:03:05.446+0530] {dag.py:3089} INFO - Sync 1 DAGs
[2025-11-12T13:03:05.463+0530] {logging_mixin.py:188} INFO - [2025-11-12T13:03:05.463+0530] {dag.py:3947} INFO - Setting next_dagrun for example_bash_operator to 2025-11-11 00:00:00+00:00, run_after=2025-11-12 00:00:00+00:00
[2025-11-12T13:03:05.489+0530] {processor.py:183} INFO - Processing /home/logi/txtai/venv/lib/python3.10/site-packages/airflow/example_dags/example_bash_operator.py took 0.119 seconds
[2025-11-12T13:04:02.357+0530] {processor.py:161} INFO - Started process (PID=22778) to work on /home/logi/txtai/venv/lib/python3.10/site-packages/airflow/example_dags/example_bash_operator.py
[2025-11-12T13:04:02.370+0530] {processor.py:830} INFO - Processing file /home/logi/txtai/venv/lib/python3.10/site-packages/airflow/example_dags/example_bash_operator.py for tasks to queue
[2025-11-12T13:04:02.373+0530] {logging_mixin.py:188} INFO - [2025-11-12T13:04:02.372+0530] {dagbag.py:545} INFO - Filling up the DagBag from /home/logi/txtai/venv/lib/python3.10/site-packages/airflow/example_dags/example_bash_operator.py
[2025-11-12T13:04:02.392+0530] {processor.py:840} INFO - DAG(s) 'example_bash_operator' retrieved from /home/logi/txtai/venv/lib/python3.10/site-packages/airflow/example_dags/example_bash_operator.py
[2025-11-12T13:04:02.423+0530] {logging_mixin.py:188} INFO - [2025-11-12T13:04:02.423+0530] {dag.py:3089} INFO - Sync 1 DAGs
[2025-11-12T13:04:02.441+0530] {logging_mixin.py:188} INFO - [2025-11-12T13:04:02.440+0530] {dag.py:3947} INFO - Setting next_dagrun for example_bash_operator to 2025-11-11 00:00:00+00:00, run_after=2025-11-12 00:00:00+00:00
[2025-11-12T13:04:02.461+0530] {processor.py:183} INFO - Processing /home/logi/txtai/venv/lib/python3.10/site-packages/airflow/example_dags/example_bash_operator.py took 0.116 seconds
[2025-11-12T13:05:25.752+0530] {processor.py:161} INFO - Started process (PID=22907) to work on /home/logi/txtai/venv/lib/python3.10/site-packages/airflow/example_dags/example_bash_operator.py
[2025-11-12T13:05:25.765+0530] {processor.py:830} INFO - Processing file /home/logi/txtai/venv/lib/python3.10/site-packages/airflow/example_dags/example_bash_operator.py for tasks to queue
[2025-11-12T13:05:25.768+0530] {logging_mixin.py:188} INFO - [2025-11-12T13:05:25.767+0530] {dagbag.py:545} INFO - Filling up the DagBag from /home/logi/txtai/venv/lib/python3.10/site-packages/airflow/example_dags/example_bash_operator.py
[2025-11-12T13:05:25.788+0530] {processor.py:840} INFO - DAG(s) 'example_bash_operator' retrieved from /home/logi/txtai/venv/lib/python3.10/site-packages/airflow/example_dags/example_bash_operator.py
[2025-11-12T13:05:25.822+0530] {logging_mixin.py:188} INFO - [2025-11-12T13:05:25.822+0530] {dag.py:3089} INFO - Sync 1 DAGs
[2025-11-12T13:05:25.840+0530] {logging_mixin.py:188} INFO - [2025-11-12T13:05:25.840+0530] {dag.py:3947} INFO - Setting next_dagrun for example_bash_operator to 2025-11-11 00:00:00+00:00, run_after=2025-11-12 00:00:00+00:00
[2025-11-12T13:05:25.867+0530] {processor.py:183} INFO - Processing /home/logi/txtai/venv/lib/python3.10/site-packages/airflow/example_dags/example_bash_operator.py took 0.127 seconds
[2025-11-12T13:06:22.949+0530] {processor.py:161} INFO - Started process (PID=23114) to work on /home/logi/txtai/venv/lib/python3.10/site-packages/airflow/example_dags/example_bash_operator.py
[2025-11-12T13:06:22.963+0530] {processor.py:830} INFO - Processing file /home/logi/txtai/venv/lib/python3.10/site-packages/airflow/example_dags/example_bash_operator.py for tasks to queue
[2025-11-12T13:06:22.966+0530] {logging_mixin.py:188} INFO - [2025-11-12T13:06:22.966+0530] {dagbag.py:545} INFO - Filling up the DagBag from /home/logi/txtai/venv/lib/python3.10/site-packages/airflow/example_dags/example_bash_operator.py
[2025-11-12T13:06:22.986+0530] {processor.py:840} INFO - DAG(s) 'example_bash_operator' retrieved from /home/logi/txtai/venv/lib/python3.10/site-packages/airflow/example_dags/example_bash_operator.py
[2025-11-12T13:06:23.021+0530] {logging_mixin.py:188} INFO - [2025-11-12T13:06:23.020+0530] {dag.py:3089} INFO - Sync 1 DAGs
[2025-11-12T13:06:23.039+0530] {logging_mixin.py:188} INFO - [2025-11-12T13:06:23.039+0530] {dag.py:3947} INFO - Setting next_dagrun for example_bash_operator to 2025-11-11 00:00:00+00:00, run_after=2025-11-12 00:00:00+00:00
[2025-11-12T13:06:23.059+0530] {processor.py:183} INFO - Processing /home/logi/txtai/venv/lib/python3.10/site-packages/airflow/example_dags/example_bash_operator.py took 0.122 seconds
[2025-11-12T13:07:21.837+0530] {processor.py:161} INFO - Started process (PID=23409) to work on /home/logi/txtai/venv/lib/python3.10/site-packages/airflow/example_dags/example_bash_operator.py
[2025-11-12T13:07:21.850+0530] {processor.py:830} INFO - Processing file /home/logi/txtai/venv/lib/python3.10/site-packages/airflow/example_dags/example_bash_operator.py for tasks to queue
[2025-11-12T13:07:21.854+0530] {logging_mixin.py:188} INFO - [2025-11-12T13:07:21.853+0530] {dagbag.py:545} INFO - Filling up the DagBag from /home/logi/txtai/venv/lib/python3.10/site-packages/airflow/example_dags/example_bash_operator.py
[2025-11-12T13:07:21.874+0530] {processor.py:840} INFO - DAG(s) 'example_bash_operator' retrieved from /home/logi/txtai/venv/lib/python3.10/site-packages/airflow/example_dags/example_bash_operator.py
[2025-11-12T13:07:21.908+0530] {logging_mixin.py:188} INFO - [2025-11-12T13:07:21.908+0530] {dag.py:3089} INFO - Sync 1 DAGs
[2025-11-12T13:07:21.928+0530] {logging_mixin.py:188} INFO - [2025-11-12T13:07:21.928+0530] {dag.py:3947} INFO - Setting next_dagrun for example_bash_operator to 2025-11-11 00:00:00+00:00, run_after=2025-11-12 00:00:00+00:00
[2025-11-12T13:07:21.958+0530] {processor.py:183} INFO - Processing /home/logi/txtai/venv/lib/python3.10/site-packages/airflow/example_dags/example_bash_operator.py took 0.133 seconds
[2025-11-12T13:08:21.382+0530] {processor.py:161} INFO - Started process (PID=23489) to work on /home/logi/txtai/venv/lib/python3.10/site-packages/airflow/example_dags/example_bash_operator.py
[2025-11-12T13:08:21.395+0530] {processor.py:830} INFO - Processing file /home/logi/txtai/venv/lib/python3.10/site-packages/airflow/example_dags/example_bash_operator.py for tasks to queue
[2025-11-12T13:08:21.399+0530] {logging_mixin.py:188} INFO - [2025-11-12T13:08:21.398+0530] {dagbag.py:545} INFO - Filling up the DagBag from /home/logi/txtai/venv/lib/python3.10/site-packages/airflow/example_dags/example_bash_operator.py
[2025-11-12T13:08:21.418+0530] {processor.py:840} INFO - DAG(s) 'example_bash_operator' retrieved from /home/logi/txtai/venv/lib/python3.10/site-packages/airflow/example_dags/example_bash_operator.py
[2025-11-12T13:08:21.453+0530] {logging_mixin.py:188} INFO - [2025-11-12T13:08:21.453+0530] {dag.py:3089} INFO - Sync 1 DAGs
[2025-11-12T13:08:21.472+0530] {logging_mixin.py:188} INFO - [2025-11-12T13:08:21.472+0530] {dag.py:3947} INFO - Setting next_dagrun for example_bash_operator to 2025-11-11 00:00:00+00:00, run_after=2025-11-12 00:00:00+00:00
[2025-11-12T13:08:21.494+0530] {processor.py:183} INFO - Processing /home/logi/txtai/venv/lib/python3.10/site-packages/airflow/example_dags/example_bash_operator.py took 0.123 seconds
[2025-11-12T13:09:21.306+0530] {processor.py:161} INFO - Started process (PID=23599) to work on /home/logi/txtai/venv/lib/python3.10/site-packages/airflow/example_dags/example_bash_operator.py
[2025-11-12T13:09:21.319+0530] {processor.py:830} INFO - Processing file /home/logi/txtai/venv/lib/python3.10/site-packages/airflow/example_dags/example_bash_operator.py for tasks to queue
[2025-11-12T13:09:21.322+0530] {logging_mixin.py:188} INFO - [2025-11-12T13:09:21.322+0530] {dagbag.py:545} INFO - Filling up the DagBag from /home/logi/txtai/venv/lib/python3.10/site-packages/airflow/example_dags/example_bash_operator.py
[2025-11-12T13:09:21.341+0530] {processor.py:840} INFO - DAG(s) 'example_bash_operator' retrieved from /home/logi/txtai/venv/lib/python3.10/site-packages/airflow/example_dags/example_bash_operator.py
[2025-11-12T13:09:21.367+0530] {logging_mixin.py:188} INFO - [2025-11-12T13:09:21.367+0530] {dag.py:3089} INFO - Sync 1 DAGs
[2025-11-12T13:09:21.385+0530] {logging_mixin.py:188} INFO - [2025-11-12T13:09:21.385+0530] {dag.py:3947} INFO - Setting next_dagrun for example_bash_operator to 2025-11-11 00:00:00+00:00, run_after=2025-11-12 00:00:00+00:00
[2025-11-12T13:09:21.406+0530] {processor.py:183} INFO - Processing /home/logi/txtai/venv/lib/python3.10/site-packages/airflow/example_dags/example_bash_operator.py took 0.111 seconds
[2025-11-12T13:10:21.997+0530] {processor.py:161} INFO - Started process (PID=23825) to work on /home/logi/txtai/venv/lib/python3.10/site-packages/airflow/example_dags/example_bash_operator.py
[2025-11-12T13:10:22.012+0530] {processor.py:830} INFO - Processing file /home/logi/txtai/venv/lib/python3.10/site-packages/airflow/example_dags/example_bash_operator.py for tasks to queue
[2025-11-12T13:10:22.015+0530] {logging_mixin.py:188} INFO - [2025-11-12T13:10:22.014+0530] {dagbag.py:545} INFO - Filling up the DagBag from /home/logi/txtai/venv/lib/python3.10/site-packages/airflow/example_dags/example_bash_operator.py
[2025-11-12T13:10:22.035+0530] {processor.py:840} INFO - DAG(s) 'example_bash_operator' retrieved from /home/logi/txtai/venv/lib/python3.10/site-packages/airflow/example_dags/example_bash_operator.py
[2025-11-12T13:10:22.068+0530] {logging_mixin.py:188} INFO - [2025-11-12T13:10:22.068+0530] {dag.py:3089} INFO - Sync 1 DAGs
[2025-11-12T13:10:22.086+0530] {logging_mixin.py:188} INFO - [2025-11-12T13:10:22.086+0530] {dag.py:3947} INFO - Setting next_dagrun for example_bash_operator to 2025-11-11 00:00:00+00:00, run_after=2025-11-12 00:00:00+00:00
[2025-11-12T13:10:22.115+0530] {processor.py:183} INFO - Processing /home/logi/txtai/venv/lib/python3.10/site-packages/airflow/example_dags/example_bash_operator.py took 0.129 seconds
[2025-11-12T13:11:19.745+0530] {processor.py:161} INFO - Started process (PID=24052) to work on /home/logi/txtai/venv/lib/python3.10/site-packages/airflow/example_dags/example_bash_operator.py
[2025-11-12T13:11:19.759+0530] {processor.py:830} INFO - Processing file /home/logi/txtai/venv/lib/python3.10/site-packages/airflow/example_dags/example_bash_operator.py for tasks to queue
[2025-11-12T13:11:19.762+0530] {logging_mixin.py:188} INFO - [2025-11-12T13:11:19.762+0530] {dagbag.py:545} INFO - Filling up the DagBag from /home/logi/txtai/venv/lib/python3.10/site-packages/airflow/example_dags/example_bash_operator.py
[2025-11-12T13:11:19.783+0530] {processor.py:840} INFO - DAG(s) 'example_bash_operator' retrieved from /home/logi/txtai/venv/lib/python3.10/site-packages/airflow/example_dags/example_bash_operator.py
[2025-11-12T13:11:19.815+0530] {logging_mixin.py:188} INFO - [2025-11-12T13:11:19.815+0530] {dag.py:3089} INFO - Sync 1 DAGs
[2025-11-12T13:11:19.833+0530] {logging_mixin.py:188} INFO - [2025-11-12T13:11:19.832+0530] {dag.py:3947} INFO - Setting next_dagrun for example_bash_operator to 2025-11-11 00:00:00+00:00, run_after=2025-11-12 00:00:00+00:00
[2025-11-12T13:11:19.862+0530] {processor.py:183} INFO - Processing /home/logi/txtai/venv/lib/python3.10/site-packages/airflow/example_dags/example_bash_operator.py took 0.127 seconds
[2025-11-12T13:12:18.711+0530] {processor.py:161} INFO - Started process (PID=24305) to work on /home/logi/txtai/venv/lib/python3.10/site-packages/airflow/example_dags/example_bash_operator.py
[2025-11-12T13:12:18.725+0530] {processor.py:830} INFO - Processing file /home/logi/txtai/venv/lib/python3.10/site-packages/airflow/example_dags/example_bash_operator.py for tasks to queue
[2025-11-12T13:12:18.728+0530] {logging_mixin.py:188} INFO - [2025-11-12T13:12:18.727+0530] {dagbag.py:545} INFO - Filling up the DagBag from /home/logi/txtai/venv/lib/python3.10/site-packages/airflow/example_dags/example_bash_operator.py
[2025-11-12T13:12:18.749+0530] {processor.py:840} INFO - DAG(s) 'example_bash_operator' retrieved from /home/logi/txtai/venv/lib/python3.10/site-packages/airflow/example_dags/example_bash_operator.py
[2025-11-12T13:12:18.783+0530] {logging_mixin.py:188} INFO - [2025-11-12T13:12:18.782+0530] {dag.py:3089} INFO - Sync 1 DAGs
[2025-11-12T13:12:18.804+0530] {logging_mixin.py:188} INFO - [2025-11-12T13:12:18.804+0530] {dag.py:3947} INFO - Setting next_dagrun for example_bash_operator to 2025-11-11 00:00:00+00:00, run_after=2025-11-12 00:00:00+00:00
[2025-11-12T13:12:18.829+0530] {processor.py:183} INFO - Processing /home/logi/txtai/venv/lib/python3.10/site-packages/airflow/example_dags/example_bash_operator.py took 0.130 seconds
[2025-11-12T20:34:12.236+0530] {processor.py:161} INFO - Started process (PID=7003) to work on /home/logi/txtai/venv/lib/python3.10/site-packages/airflow/example_dags/example_bash_operator.py
[2025-11-12T20:34:12.250+0530] {processor.py:830} INFO - Processing file /home/logi/txtai/venv/lib/python3.10/site-packages/airflow/example_dags/example_bash_operator.py for tasks to queue
[2025-11-12T20:34:12.252+0530] {logging_mixin.py:188} INFO - [2025-11-12T20:34:12.252+0530] {dagbag.py:545} INFO - Filling up the DagBag from /home/logi/txtai/venv/lib/python3.10/site-packages/airflow/example_dags/example_bash_operator.py
[2025-11-12T20:34:12.274+0530] {processor.py:840} INFO - DAG(s) 'example_bash_operator' retrieved from /home/logi/txtai/venv/lib/python3.10/site-packages/airflow/example_dags/example_bash_operator.py
[2025-11-12T20:34:12.302+0530] {logging_mixin.py:188} INFO - [2025-11-12T20:34:12.302+0530] {dag.py:3089} INFO - Sync 1 DAGs
[2025-11-12T20:34:12.323+0530] {logging_mixin.py:188} INFO - [2025-11-12T20:34:12.323+0530] {dag.py:3947} INFO - Setting next_dagrun for example_bash_operator to 2025-11-11 00:00:00+00:00, run_after=2025-11-12 00:00:00+00:00
[2025-11-12T20:34:12.347+0530] {processor.py:183} INFO - Processing /home/logi/txtai/venv/lib/python3.10/site-packages/airflow/example_dags/example_bash_operator.py took 0.120 seconds
[2025-11-12T20:35:10.372+0530] {processor.py:161} INFO - Started process (PID=7421) to work on /home/logi/txtai/venv/lib/python3.10/site-packages/airflow/example_dags/example_bash_operator.py
[2025-11-12T20:35:10.385+0530] {processor.py:830} INFO - Processing file /home/logi/txtai/venv/lib/python3.10/site-packages/airflow/example_dags/example_bash_operator.py for tasks to queue
[2025-11-12T20:35:10.388+0530] {logging_mixin.py:188} INFO - [2025-11-12T20:35:10.387+0530] {dagbag.py:545} INFO - Filling up the DagBag from /home/logi/txtai/venv/lib/python3.10/site-packages/airflow/example_dags/example_bash_operator.py
[2025-11-12T20:35:10.404+0530] {processor.py:840} INFO - DAG(s) 'example_bash_operator' retrieved from /home/logi/txtai/venv/lib/python3.10/site-packages/airflow/example_dags/example_bash_operator.py
[2025-11-12T20:35:10.427+0530] {logging_mixin.py:188} INFO - [2025-11-12T20:35:10.426+0530] {dag.py:3089} INFO - Sync 1 DAGs
[2025-11-12T20:35:10.449+0530] {logging_mixin.py:188} INFO - [2025-11-12T20:35:10.449+0530] {dag.py:3947} INFO - Setting next_dagrun for example_bash_operator to 2025-11-11 00:00:00+00:00, run_after=2025-11-12 00:00:00+00:00
[2025-11-12T20:35:10.476+0530] {processor.py:183} INFO - Processing /home/logi/txtai/venv/lib/python3.10/site-packages/airflow/example_dags/example_bash_operator.py took 0.110 seconds
[2025-11-12T20:36:10.828+0530] {processor.py:161} INFO - Started process (PID=7842) to work on /home/logi/txtai/venv/lib/python3.10/site-packages/airflow/example_dags/example_bash_operator.py
[2025-11-12T20:36:10.841+0530] {processor.py:830} INFO - Processing file /home/logi/txtai/venv/lib/python3.10/site-packages/airflow/example_dags/example_bash_operator.py for tasks to queue
[2025-11-12T20:36:10.843+0530] {logging_mixin.py:188} INFO - [2025-11-12T20:36:10.843+0530] {dagbag.py:545} INFO - Filling up the DagBag from /home/logi/txtai/venv/lib/python3.10/site-packages/airflow/example_dags/example_bash_operator.py
[2025-11-12T20:36:10.859+0530] {processor.py:840} INFO - DAG(s) 'example_bash_operator' retrieved from /home/logi/txtai/venv/lib/python3.10/site-packages/airflow/example_dags/example_bash_operator.py
[2025-11-12T20:36:10.879+0530] {logging_mixin.py:188} INFO - [2025-11-12T20:36:10.879+0530] {dag.py:3089} INFO - Sync 1 DAGs
[2025-11-12T20:36:10.895+0530] {logging_mixin.py:188} INFO - [2025-11-12T20:36:10.894+0530] {dag.py:3947} INFO - Setting next_dagrun for example_bash_operator to 2025-11-11 00:00:00+00:00, run_after=2025-11-12 00:00:00+00:00
[2025-11-12T20:36:10.919+0530] {processor.py:183} INFO - Processing /home/logi/txtai/venv/lib/python3.10/site-packages/airflow/example_dags/example_bash_operator.py took 0.106 seconds
[2025-11-12T20:37:08.885+0530] {processor.py:161} INFO - Started process (PID=8305) to work on /home/logi/txtai/venv/lib/python3.10/site-packages/airflow/example_dags/example_bash_operator.py
[2025-11-12T20:37:08.898+0530] {processor.py:830} INFO - Processing file /home/logi/txtai/venv/lib/python3.10/site-packages/airflow/example_dags/example_bash_operator.py for tasks to queue
[2025-11-12T20:37:08.903+0530] {logging_mixin.py:188} INFO - [2025-11-12T20:37:08.901+0530] {dagbag.py:545} INFO - Filling up the DagBag from /home/logi/txtai/venv/lib/python3.10/site-packages/airflow/example_dags/example_bash_operator.py
[2025-11-12T20:37:08.923+0530] {processor.py:840} INFO - DAG(s) 'example_bash_operator' retrieved from /home/logi/txtai/venv/lib/python3.10/site-packages/airflow/example_dags/example_bash_operator.py
[2025-11-12T20:37:08.958+0530] {logging_mixin.py:188} INFO - [2025-11-12T20:37:08.958+0530] {dag.py:3089} INFO - Sync 1 DAGs
[2025-11-12T20:37:08.982+0530] {logging_mixin.py:188} INFO - [2025-11-12T20:37:08.982+0530] {dag.py:3947} INFO - Setting next_dagrun for example_bash_operator to 2025-11-11 00:00:00+00:00, run_after=2025-11-12 00:00:00+00:00
[2025-11-12T20:37:09.002+0530] {processor.py:183} INFO - Processing /home/logi/txtai/venv/lib/python3.10/site-packages/airflow/example_dags/example_bash_operator.py took 0.131 seconds
[2025-11-12T20:38:18.146+0530] {processor.py:161} INFO - Started process (PID=8904) to work on /home/logi/txtai/venv/lib/python3.10/site-packages/airflow/example_dags/example_bash_operator.py
[2025-11-12T20:38:18.148+0530] {processor.py:830} INFO - Processing file /home/logi/txtai/venv/lib/python3.10/site-packages/airflow/example_dags/example_bash_operator.py for tasks to queue
[2025-11-12T20:38:18.156+0530] {logging_mixin.py:188} INFO - [2025-11-12T20:38:18.155+0530] {dagbag.py:545} INFO - Filling up the DagBag from /home/logi/txtai/venv/lib/python3.10/site-packages/airflow/example_dags/example_bash_operator.py
[2025-11-12T20:38:18.185+0530] {processor.py:840} INFO - DAG(s) 'example_bash_operator' retrieved from /home/logi/txtai/venv/lib/python3.10/site-packages/airflow/example_dags/example_bash_operator.py
[2025-11-12T20:38:18.209+0530] {logging_mixin.py:188} INFO - [2025-11-12T20:38:18.208+0530] {dag.py:3089} INFO - Sync 1 DAGs
[2025-11-12T20:38:18.229+0530] {logging_mixin.py:188} INFO - [2025-11-12T20:38:18.229+0530] {dag.py:3947} INFO - Setting next_dagrun for example_bash_operator to 2025-11-11 00:00:00+00:00, run_after=2025-11-12 00:00:00+00:00
[2025-11-12T20:38:18.251+0530] {processor.py:183} INFO - Processing /home/logi/txtai/venv/lib/python3.10/site-packages/airflow/example_dags/example_bash_operator.py took 0.129 seconds
[2025-11-12T20:39:37.445+0530] {processor.py:161} INFO - Started process (PID=9638) to work on /home/logi/txtai/venv/lib/python3.10/site-packages/airflow/example_dags/example_bash_operator.py
[2025-11-12T20:39:37.452+0530] {processor.py:830} INFO - Processing file /home/logi/txtai/venv/lib/python3.10/site-packages/airflow/example_dags/example_bash_operator.py for tasks to queue
[2025-11-12T20:39:37.461+0530] {logging_mixin.py:188} INFO - [2025-11-12T20:39:37.460+0530] {dagbag.py:545} INFO - Filling up the DagBag from /home/logi/txtai/venv/lib/python3.10/site-packages/airflow/example_dags/example_bash_operator.py
[2025-11-12T20:39:37.496+0530] {processor.py:840} INFO - DAG(s) 'example_bash_operator' retrieved from /home/logi/txtai/venv/lib/python3.10/site-packages/airflow/example_dags/example_bash_operator.py
[2025-11-12T20:39:37.527+0530] {logging_mixin.py:188} INFO - [2025-11-12T20:39:37.526+0530] {dag.py:3089} INFO - Sync 1 DAGs
[2025-11-12T20:39:37.582+0530] {logging_mixin.py:188} INFO - [2025-11-12T20:39:37.581+0530] {dag.py:3947} INFO - Setting next_dagrun for example_bash_operator to 2025-11-11 00:00:00+00:00, run_after=2025-11-12 00:00:00+00:00
[2025-11-12T20:39:37.664+0530] {processor.py:183} INFO - Processing /home/logi/txtai/venv/lib/python3.10/site-packages/airflow/example_dags/example_bash_operator.py took 0.249 seconds
[2025-11-12T20:40:37.637+0530] {processor.py:161} INFO - Started process (PID=10185) to work on /home/logi/txtai/venv/lib/python3.10/site-packages/airflow/example_dags/example_bash_operator.py
[2025-11-12T20:40:37.650+0530] {processor.py:830} INFO - Processing file /home/logi/txtai/venv/lib/python3.10/site-packages/airflow/example_dags/example_bash_operator.py for tasks to queue
[2025-11-12T20:40:37.653+0530] {logging_mixin.py:188} INFO - [2025-11-12T20:40:37.652+0530] {dagbag.py:545} INFO - Filling up the DagBag from /home/logi/txtai/venv/lib/python3.10/site-packages/airflow/example_dags/example_bash_operator.py
[2025-11-12T20:40:37.662+0530] {processor.py:840} INFO - DAG(s) 'example_bash_operator' retrieved from /home/logi/txtai/venv/lib/python3.10/site-packages/airflow/example_dags/example_bash_operator.py
[2025-11-12T20:40:37.691+0530] {logging_mixin.py:188} INFO - [2025-11-12T20:40:37.690+0530] {dag.py:3089} INFO - Sync 1 DAGs
[2025-11-12T20:40:37.706+0530] {logging_mixin.py:188} INFO - [2025-11-12T20:40:37.705+0530] {dag.py:3947} INFO - Setting next_dagrun for example_bash_operator to 2025-11-11 00:00:00+00:00, run_after=2025-11-12 00:00:00+00:00
[2025-11-12T20:40:37.725+0530] {processor.py:183} INFO - Processing /home/logi/txtai/venv/lib/python3.10/site-packages/airflow/example_dags/example_bash_operator.py took 0.093 seconds
[2025-11-12T20:41:38.368+0530] {processor.py:161} INFO - Started process (PID=10736) to work on /home/logi/txtai/venv/lib/python3.10/site-packages/airflow/example_dags/example_bash_operator.py
[2025-11-12T20:41:38.383+0530] {processor.py:830} INFO - Processing file /home/logi/txtai/venv/lib/python3.10/site-packages/airflow/example_dags/example_bash_operator.py for tasks to queue
[2025-11-12T20:41:38.389+0530] {logging_mixin.py:188} INFO - [2025-11-12T20:41:38.388+0530] {dagbag.py:545} INFO - Filling up the DagBag from /home/logi/txtai/venv/lib/python3.10/site-packages/airflow/example_dags/example_bash_operator.py
[2025-11-12T20:41:38.414+0530] {processor.py:840} INFO - DAG(s) 'example_bash_operator' retrieved from /home/logi/txtai/venv/lib/python3.10/site-packages/airflow/example_dags/example_bash_operator.py
[2025-11-12T20:41:38.465+0530] {logging_mixin.py:188} INFO - [2025-11-12T20:41:38.464+0530] {dag.py:3089} INFO - Sync 1 DAGs
[2025-11-12T20:41:38.500+0530] {logging_mixin.py:188} INFO - [2025-11-12T20:41:38.499+0530] {dag.py:3947} INFO - Setting next_dagrun for example_bash_operator to 2025-11-11 00:00:00+00:00, run_after=2025-11-12 00:00:00+00:00
[2025-11-12T20:41:38.545+0530] {processor.py:183} INFO - Processing /home/logi/txtai/venv/lib/python3.10/site-packages/airflow/example_dags/example_bash_operator.py took 0.189 seconds
[2025-11-12T20:43:51.493+0530] {processor.py:161} INFO - Started process (PID=12354) to work on /home/logi/txtai/venv/lib/python3.10/site-packages/airflow/example_dags/example_bash_operator.py
[2025-11-12T20:43:51.507+0530] {processor.py:830} INFO - Processing file /home/logi/txtai/venv/lib/python3.10/site-packages/airflow/example_dags/example_bash_operator.py for tasks to queue
[2025-11-12T20:43:51.511+0530] {logging_mixin.py:188} INFO - [2025-11-12T20:43:51.510+0530] {dagbag.py:545} INFO - Filling up the DagBag from /home/logi/txtai/venv/lib/python3.10/site-packages/airflow/example_dags/example_bash_operator.py
[2025-11-12T20:43:51.531+0530] {processor.py:840} INFO - DAG(s) 'example_bash_operator' retrieved from /home/logi/txtai/venv/lib/python3.10/site-packages/airflow/example_dags/example_bash_operator.py
[2025-11-12T20:43:51.567+0530] {logging_mixin.py:188} INFO - [2025-11-12T20:43:51.566+0530] {dag.py:3089} INFO - Sync 1 DAGs
[2025-11-12T20:43:51.593+0530] {logging_mixin.py:188} INFO - [2025-11-12T20:43:51.593+0530] {dag.py:3947} INFO - Setting next_dagrun for example_bash_operator to 2025-11-11 00:00:00+00:00, run_after=2025-11-12 00:00:00+00:00
[2025-11-12T20:43:51.620+0530] {processor.py:183} INFO - Processing /home/logi/txtai/venv/lib/python3.10/site-packages/airflow/example_dags/example_bash_operator.py took 0.140 seconds
[2025-11-12T20:44:49.993+0530] {processor.py:161} INFO - Started process (PID=12554) to work on /home/logi/txtai/venv/lib/python3.10/site-packages/airflow/example_dags/example_bash_operator.py
[2025-11-12T20:44:49.994+0530] {processor.py:830} INFO - Processing file /home/logi/txtai/venv/lib/python3.10/site-packages/airflow/example_dags/example_bash_operator.py for tasks to queue
[2025-11-12T20:44:49.996+0530] {logging_mixin.py:188} INFO - [2025-11-12T20:44:49.995+0530] {dagbag.py:545} INFO - Filling up the DagBag from /home/logi/txtai/venv/lib/python3.10/site-packages/airflow/example_dags/example_bash_operator.py
[2025-11-12T20:44:50.005+0530] {processor.py:840} INFO - DAG(s) 'example_bash_operator' retrieved from /home/logi/txtai/venv/lib/python3.10/site-packages/airflow/example_dags/example_bash_operator.py
[2025-11-12T20:44:50.024+0530] {logging_mixin.py:188} INFO - [2025-11-12T20:44:50.024+0530] {dag.py:3089} INFO - Sync 1 DAGs
[2025-11-12T20:44:50.040+0530] {logging_mixin.py:188} INFO - [2025-11-12T20:44:50.040+0530] {dag.py:3947} INFO - Setting next_dagrun for example_bash_operator to 2025-11-11 00:00:00+00:00, run_after=2025-11-12 00:00:00+00:00
[2025-11-12T20:44:50.057+0530] {processor.py:183} INFO - Processing /home/logi/txtai/venv/lib/python3.10/site-packages/airflow/example_dags/example_bash_operator.py took 0.070 seconds
[2025-11-12T20:46:06.346+0530] {processor.py:161} INFO - Started process (PID=12731) to work on /home/logi/txtai/venv/lib/python3.10/site-packages/airflow/example_dags/example_bash_operator.py
[2025-11-12T20:46:06.358+0530] {processor.py:830} INFO - Processing file /home/logi/txtai/venv/lib/python3.10/site-packages/airflow/example_dags/example_bash_operator.py for tasks to queue
[2025-11-12T20:46:06.360+0530] {logging_mixin.py:188} INFO - [2025-11-12T20:46:06.360+0530] {dagbag.py:545} INFO - Filling up the DagBag from /home/logi/txtai/venv/lib/python3.10/site-packages/airflow/example_dags/example_bash_operator.py
[2025-11-12T20:46:06.370+0530] {processor.py:840} INFO - DAG(s) 'example_bash_operator' retrieved from /home/logi/txtai/venv/lib/python3.10/site-packages/airflow/example_dags/example_bash_operator.py
[2025-11-12T20:46:06.389+0530] {logging_mixin.py:188} INFO - [2025-11-12T20:46:06.389+0530] {dag.py:3089} INFO - Sync 1 DAGs
[2025-11-12T20:46:06.404+0530] {logging_mixin.py:188} INFO - [2025-11-12T20:46:06.404+0530] {dag.py:3947} INFO - Setting next_dagrun for example_bash_operator to 2025-11-11 00:00:00+00:00, run_after=2025-11-12 00:00:00+00:00
[2025-11-12T20:46:06.424+0530] {processor.py:183} INFO - Processing /home/logi/txtai/venv/lib/python3.10/site-packages/airflow/example_dags/example_bash_operator.py took 0.084 seconds
[2025-11-12T20:47:21.938+0530] {processor.py:161} INFO - Started process (PID=12874) to work on /home/logi/txtai/venv/lib/python3.10/site-packages/airflow/example_dags/example_bash_operator.py
[2025-11-12T20:47:21.952+0530] {processor.py:830} INFO - Processing file /home/logi/txtai/venv/lib/python3.10/site-packages/airflow/example_dags/example_bash_operator.py for tasks to queue
[2025-11-12T20:47:21.959+0530] {logging_mixin.py:188} INFO - [2025-11-12T20:47:21.958+0530] {dagbag.py:545} INFO - Filling up the DagBag from /home/logi/txtai/venv/lib/python3.10/site-packages/airflow/example_dags/example_bash_operator.py
[2025-11-12T20:47:21.996+0530] {processor.py:840} INFO - DAG(s) 'example_bash_operator' retrieved from /home/logi/txtai/venv/lib/python3.10/site-packages/airflow/example_dags/example_bash_operator.py
[2025-11-12T20:47:22.100+0530] {logging_mixin.py:188} INFO - [2025-11-12T20:47:22.097+0530] {dag.py:3089} INFO - Sync 1 DAGs
[2025-11-12T20:47:22.176+0530] {logging_mixin.py:188} INFO - [2025-11-12T20:47:22.175+0530] {dag.py:3947} INFO - Setting next_dagrun for example_bash_operator to 2025-11-11 00:00:00+00:00, run_after=2025-11-12 00:00:00+00:00
[2025-11-12T20:47:22.298+0530] {processor.py:183} INFO - Processing /home/logi/txtai/venv/lib/python3.10/site-packages/airflow/example_dags/example_bash_operator.py took 0.393 seconds
[2025-11-12T20:48:17.604+0530] {processor.py:161} INFO - Started process (PID=13023) to work on /home/logi/txtai/venv/lib/python3.10/site-packages/airflow/example_dags/example_bash_operator.py
[2025-11-12T20:48:17.617+0530] {processor.py:830} INFO - Processing file /home/logi/txtai/venv/lib/python3.10/site-packages/airflow/example_dags/example_bash_operator.py for tasks to queue
[2025-11-12T20:48:17.620+0530] {logging_mixin.py:188} INFO - [2025-11-12T20:48:17.619+0530] {dagbag.py:545} INFO - Filling up the DagBag from /home/logi/txtai/venv/lib/python3.10/site-packages/airflow/example_dags/example_bash_operator.py
[2025-11-12T20:48:17.634+0530] {processor.py:840} INFO - DAG(s) 'example_bash_operator' retrieved from /home/logi/txtai/venv/lib/python3.10/site-packages/airflow/example_dags/example_bash_operator.py
[2025-11-12T20:48:17.653+0530] {logging_mixin.py:188} INFO - [2025-11-12T20:48:17.653+0530] {dag.py:3089} INFO - Sync 1 DAGs
[2025-11-12T20:48:17.670+0530] {logging_mixin.py:188} INFO - [2025-11-12T20:48:17.670+0530] {dag.py:3947} INFO - Setting next_dagrun for example_bash_operator to 2025-11-11 00:00:00+00:00, run_after=2025-11-12 00:00:00+00:00
[2025-11-12T20:48:17.691+0530] {processor.py:183} INFO - Processing /home/logi/txtai/venv/lib/python3.10/site-packages/airflow/example_dags/example_bash_operator.py took 0.092 seconds
[2025-11-12T20:49:33.262+0530] {processor.py:161} INFO - Started process (PID=13139) to work on /home/logi/txtai/venv/lib/python3.10/site-packages/airflow/example_dags/example_bash_operator.py
[2025-11-12T20:49:33.277+0530] {processor.py:830} INFO - Processing file /home/logi/txtai/venv/lib/python3.10/site-packages/airflow/example_dags/example_bash_operator.py for tasks to queue
[2025-11-12T20:49:33.280+0530] {logging_mixin.py:188} INFO - [2025-11-12T20:49:33.279+0530] {dagbag.py:545} INFO - Filling up the DagBag from /home/logi/txtai/venv/lib/python3.10/site-packages/airflow/example_dags/example_bash_operator.py
[2025-11-12T20:49:33.293+0530] {processor.py:840} INFO - DAG(s) 'example_bash_operator' retrieved from /home/logi/txtai/venv/lib/python3.10/site-packages/airflow/example_dags/example_bash_operator.py
[2025-11-12T20:49:33.316+0530] {logging_mixin.py:188} INFO - [2025-11-12T20:49:33.316+0530] {dag.py:3089} INFO - Sync 1 DAGs
[2025-11-12T20:49:33.337+0530] {logging_mixin.py:188} INFO - [2025-11-12T20:49:33.337+0530] {dag.py:3947} INFO - Setting next_dagrun for example_bash_operator to 2025-11-11 00:00:00+00:00, run_after=2025-11-12 00:00:00+00:00
[2025-11-12T20:49:33.359+0530] {processor.py:183} INFO - Processing /home/logi/txtai/venv/lib/python3.10/site-packages/airflow/example_dags/example_bash_operator.py took 0.108 seconds
[2025-11-12T20:50:45.657+0530] {processor.py:161} INFO - Started process (PID=13257) to work on /home/logi/txtai/venv/lib/python3.10/site-packages/airflow/example_dags/example_bash_operator.py
[2025-11-12T20:50:45.671+0530] {processor.py:830} INFO - Processing file /home/logi/txtai/venv/lib/python3.10/site-packages/airflow/example_dags/example_bash_operator.py for tasks to queue
[2025-11-12T20:50:45.675+0530] {logging_mixin.py:188} INFO - [2025-11-12T20:50:45.673+0530] {dagbag.py:545} INFO - Filling up the DagBag from /home/logi/txtai/venv/lib/python3.10/site-packages/airflow/example_dags/example_bash_operator.py
[2025-11-12T20:50:45.696+0530] {processor.py:840} INFO - DAG(s) 'example_bash_operator' retrieved from /home/logi/txtai/venv/lib/python3.10/site-packages/airflow/example_dags/example_bash_operator.py
[2025-11-12T20:50:45.731+0530] {logging_mixin.py:188} INFO - [2025-11-12T20:50:45.731+0530] {dag.py:3089} INFO - Sync 1 DAGs
[2025-11-12T20:50:45.750+0530] {logging_mixin.py:188} INFO - [2025-11-12T20:50:45.749+0530] {dag.py:3947} INFO - Setting next_dagrun for example_bash_operator to 2025-11-11 00:00:00+00:00, run_after=2025-11-12 00:00:00+00:00
[2025-11-12T20:50:45.768+0530] {processor.py:183} INFO - Processing /home/logi/txtai/venv/lib/python3.10/site-packages/airflow/example_dags/example_bash_operator.py took 0.122 seconds
[2025-11-12T20:51:58.444+0530] {processor.py:161} INFO - Started process (PID=13367) to work on /home/logi/txtai/venv/lib/python3.10/site-packages/airflow/example_dags/example_bash_operator.py
[2025-11-12T20:51:58.456+0530] {processor.py:830} INFO - Processing file /home/logi/txtai/venv/lib/python3.10/site-packages/airflow/example_dags/example_bash_operator.py for tasks to queue
[2025-11-12T20:51:58.459+0530] {logging_mixin.py:188} INFO - [2025-11-12T20:51:58.459+0530] {dagbag.py:545} INFO - Filling up the DagBag from /home/logi/txtai/venv/lib/python3.10/site-packages/airflow/example_dags/example_bash_operator.py
[2025-11-12T20:51:58.472+0530] {processor.py:840} INFO - DAG(s) 'example_bash_operator' retrieved from /home/logi/txtai/venv/lib/python3.10/site-packages/airflow/example_dags/example_bash_operator.py
[2025-11-12T20:51:58.495+0530] {logging_mixin.py:188} INFO - [2025-11-12T20:51:58.495+0530] {dag.py:3089} INFO - Sync 1 DAGs
[2025-11-12T20:51:58.511+0530] {logging_mixin.py:188} INFO - [2025-11-12T20:51:58.510+0530] {dag.py:3947} INFO - Setting next_dagrun for example_bash_operator to 2025-11-11 00:00:00+00:00, run_after=2025-11-12 00:00:00+00:00
[2025-11-12T20:51:58.528+0530] {processor.py:183} INFO - Processing /home/logi/txtai/venv/lib/python3.10/site-packages/airflow/example_dags/example_bash_operator.py took 0.091 seconds
[2025-11-12T20:54:26.726+0530] {processor.py:161} INFO - Started process (PID=14406) to work on /home/logi/txtai/venv/lib/python3.10/site-packages/airflow/example_dags/example_bash_operator.py
[2025-11-12T20:54:26.739+0530] {processor.py:830} INFO - Processing file /home/logi/txtai/venv/lib/python3.10/site-packages/airflow/example_dags/example_bash_operator.py for tasks to queue
[2025-11-12T20:54:26.742+0530] {logging_mixin.py:188} INFO - [2025-11-12T20:54:26.742+0530] {dagbag.py:545} INFO - Filling up the DagBag from /home/logi/txtai/venv/lib/python3.10/site-packages/airflow/example_dags/example_bash_operator.py
[2025-11-12T20:54:26.761+0530] {processor.py:840} INFO - DAG(s) 'example_bash_operator' retrieved from /home/logi/txtai/venv/lib/python3.10/site-packages/airflow/example_dags/example_bash_operator.py
[2025-11-12T20:54:26.791+0530] {logging_mixin.py:188} INFO - [2025-11-12T20:54:26.791+0530] {dag.py:3089} INFO - Sync 1 DAGs
[2025-11-12T20:54:26.807+0530] {logging_mixin.py:188} INFO - [2025-11-12T20:54:26.807+0530] {dag.py:3947} INFO - Setting next_dagrun for example_bash_operator to 2025-11-11 00:00:00+00:00, run_after=2025-11-12 00:00:00+00:00
[2025-11-12T20:54:26.825+0530] {processor.py:183} INFO - Processing /home/logi/txtai/venv/lib/python3.10/site-packages/airflow/example_dags/example_bash_operator.py took 0.110 seconds
[2025-11-12T20:55:42.912+0530] {processor.py:161} INFO - Started process (PID=14537) to work on /home/logi/txtai/venv/lib/python3.10/site-packages/airflow/example_dags/example_bash_operator.py
[2025-11-12T20:55:42.925+0530] {processor.py:830} INFO - Processing file /home/logi/txtai/venv/lib/python3.10/site-packages/airflow/example_dags/example_bash_operator.py for tasks to queue
[2025-11-12T20:55:42.927+0530] {logging_mixin.py:188} INFO - [2025-11-12T20:55:42.927+0530] {dagbag.py:545} INFO - Filling up the DagBag from /home/logi/txtai/venv/lib/python3.10/site-packages/airflow/example_dags/example_bash_operator.py
[2025-11-12T20:55:42.945+0530] {processor.py:840} INFO - DAG(s) 'example_bash_operator' retrieved from /home/logi/txtai/venv/lib/python3.10/site-packages/airflow/example_dags/example_bash_operator.py
[2025-11-12T20:55:42.978+0530] {logging_mixin.py:188} INFO - [2025-11-12T20:55:42.978+0530] {dag.py:3089} INFO - Sync 1 DAGs
[2025-11-12T20:55:42.993+0530] {logging_mixin.py:188} INFO - [2025-11-12T20:55:42.993+0530] {dag.py:3947} INFO - Setting next_dagrun for example_bash_operator to 2025-11-11 00:00:00+00:00, run_after=2025-11-12 00:00:00+00:00
[2025-11-12T20:55:43.017+0530] {processor.py:183} INFO - Processing /home/logi/txtai/venv/lib/python3.10/site-packages/airflow/example_dags/example_bash_operator.py took 0.115 seconds
[2025-11-12T20:57:07.991+0530] {processor.py:161} INFO - Started process (PID=14716) to work on /home/logi/txtai/venv/lib/python3.10/site-packages/airflow/example_dags/example_bash_operator.py
[2025-11-12T20:57:08.005+0530] {processor.py:830} INFO - Processing file /home/logi/txtai/venv/lib/python3.10/site-packages/airflow/example_dags/example_bash_operator.py for tasks to queue
[2025-11-12T20:57:08.008+0530] {logging_mixin.py:188} INFO - [2025-11-12T20:57:08.007+0530] {dagbag.py:545} INFO - Filling up the DagBag from /home/logi/txtai/venv/lib/python3.10/site-packages/airflow/example_dags/example_bash_operator.py
[2025-11-12T20:57:08.027+0530] {processor.py:840} INFO - DAG(s) 'example_bash_operator' retrieved from /home/logi/txtai/venv/lib/python3.10/site-packages/airflow/example_dags/example_bash_operator.py
[2025-11-12T20:57:08.065+0530] {logging_mixin.py:188} INFO - [2025-11-12T20:57:08.064+0530] {dag.py:3089} INFO - Sync 1 DAGs
[2025-11-12T20:57:08.094+0530] {logging_mixin.py:188} INFO - [2025-11-12T20:57:08.094+0530] {dag.py:3947} INFO - Setting next_dagrun for example_bash_operator to 2025-11-11 00:00:00+00:00, run_after=2025-11-12 00:00:00+00:00
[2025-11-12T20:57:08.118+0530] {processor.py:183} INFO - Processing /home/logi/txtai/venv/lib/python3.10/site-packages/airflow/example_dags/example_bash_operator.py took 0.143 seconds
[2025-11-12T20:58:08.950+0530] {processor.py:161} INFO - Started process (PID=14920) to work on /home/logi/txtai/venv/lib/python3.10/site-packages/airflow/example_dags/example_bash_operator.py
[2025-11-12T20:58:08.963+0530] {processor.py:830} INFO - Processing file /home/logi/txtai/venv/lib/python3.10/site-packages/airflow/example_dags/example_bash_operator.py for tasks to queue
[2025-11-12T20:58:08.967+0530] {logging_mixin.py:188} INFO - [2025-11-12T20:58:08.966+0530] {dagbag.py:545} INFO - Filling up the DagBag from /home/logi/txtai/venv/lib/python3.10/site-packages/airflow/example_dags/example_bash_operator.py
[2025-11-12T20:58:08.986+0530] {processor.py:840} INFO - DAG(s) 'example_bash_operator' retrieved from /home/logi/txtai/venv/lib/python3.10/site-packages/airflow/example_dags/example_bash_operator.py
[2025-11-12T20:58:09.019+0530] {logging_mixin.py:188} INFO - [2025-11-12T20:58:09.019+0530] {dag.py:3089} INFO - Sync 1 DAGs
[2025-11-12T20:58:09.038+0530] {logging_mixin.py:188} INFO - [2025-11-12T20:58:09.038+0530] {dag.py:3947} INFO - Setting next_dagrun for example_bash_operator to 2025-11-11 00:00:00+00:00, run_after=2025-11-12 00:00:00+00:00
[2025-11-12T20:58:09.069+0530] {processor.py:183} INFO - Processing /home/logi/txtai/venv/lib/python3.10/site-packages/airflow/example_dags/example_bash_operator.py took 0.130 seconds
[2025-11-12T20:59:06.253+0530] {processor.py:161} INFO - Started process (PID=15022) to work on /home/logi/txtai/venv/lib/python3.10/site-packages/airflow/example_dags/example_bash_operator.py
[2025-11-12T20:59:06.267+0530] {processor.py:830} INFO - Processing file /home/logi/txtai/venv/lib/python3.10/site-packages/airflow/example_dags/example_bash_operator.py for tasks to queue
[2025-11-12T20:59:06.271+0530] {logging_mixin.py:188} INFO - [2025-11-12T20:59:06.270+0530] {dagbag.py:545} INFO - Filling up the DagBag from /home/logi/txtai/venv/lib/python3.10/site-packages/airflow/example_dags/example_bash_operator.py
[2025-11-12T20:59:06.283+0530] {processor.py:840} INFO - DAG(s) 'example_bash_operator' retrieved from /home/logi/txtai/venv/lib/python3.10/site-packages/airflow/example_dags/example_bash_operator.py
[2025-11-12T20:59:06.306+0530] {logging_mixin.py:188} INFO - [2025-11-12T20:59:06.306+0530] {dag.py:3089} INFO - Sync 1 DAGs
[2025-11-12T20:59:06.324+0530] {logging_mixin.py:188} INFO - [2025-11-12T20:59:06.324+0530] {dag.py:3947} INFO - Setting next_dagrun for example_bash_operator to 2025-11-11 00:00:00+00:00, run_after=2025-11-12 00:00:00+00:00
[2025-11-12T20:59:06.345+0530] {processor.py:183} INFO - Processing /home/logi/txtai/venv/lib/python3.10/site-packages/airflow/example_dags/example_bash_operator.py took 0.099 seconds
[2025-11-12T21:00:04.248+0530] {processor.py:161} INFO - Started process (PID=15141) to work on /home/logi/txtai/venv/lib/python3.10/site-packages/airflow/example_dags/example_bash_operator.py
[2025-11-12T21:00:04.263+0530] {processor.py:830} INFO - Processing file /home/logi/txtai/venv/lib/python3.10/site-packages/airflow/example_dags/example_bash_operator.py for tasks to queue
[2025-11-12T21:00:04.266+0530] {logging_mixin.py:188} INFO - [2025-11-12T21:00:04.266+0530] {dagbag.py:545} INFO - Filling up the DagBag from /home/logi/txtai/venv/lib/python3.10/site-packages/airflow/example_dags/example_bash_operator.py
[2025-11-12T21:00:04.287+0530] {processor.py:840} INFO - DAG(s) 'example_bash_operator' retrieved from /home/logi/txtai/venv/lib/python3.10/site-packages/airflow/example_dags/example_bash_operator.py
[2025-11-12T21:00:04.323+0530] {logging_mixin.py:188} INFO - [2025-11-12T21:00:04.323+0530] {dag.py:3089} INFO - Sync 1 DAGs
[2025-11-12T21:00:04.341+0530] {logging_mixin.py:188} INFO - [2025-11-12T21:00:04.340+0530] {dag.py:3947} INFO - Setting next_dagrun for example_bash_operator to 2025-11-11 00:00:00+00:00, run_after=2025-11-12 00:00:00+00:00
[2025-11-12T21:00:04.361+0530] {processor.py:183} INFO - Processing /home/logi/txtai/venv/lib/python3.10/site-packages/airflow/example_dags/example_bash_operator.py took 0.124 seconds
[2025-11-12T21:01:01.738+0530] {processor.py:161} INFO - Started process (PID=15360) to work on /home/logi/txtai/venv/lib/python3.10/site-packages/airflow/example_dags/example_bash_operator.py
[2025-11-12T21:01:01.744+0530] {processor.py:830} INFO - Processing file /home/logi/txtai/venv/lib/python3.10/site-packages/airflow/example_dags/example_bash_operator.py for tasks to queue
[2025-11-12T21:01:01.747+0530] {logging_mixin.py:188} INFO - [2025-11-12T21:01:01.746+0530] {dagbag.py:545} INFO - Filling up the DagBag from /home/logi/txtai/venv/lib/python3.10/site-packages/airflow/example_dags/example_bash_operator.py
[2025-11-12T21:01:01.767+0530] {processor.py:840} INFO - DAG(s) 'example_bash_operator' retrieved from /home/logi/txtai/venv/lib/python3.10/site-packages/airflow/example_dags/example_bash_operator.py
[2025-11-12T21:01:01.801+0530] {logging_mixin.py:188} INFO - [2025-11-12T21:01:01.801+0530] {dag.py:3089} INFO - Sync 1 DAGs
[2025-11-12T21:01:01.820+0530] {logging_mixin.py:188} INFO - [2025-11-12T21:01:01.819+0530] {dag.py:3947} INFO - Setting next_dagrun for example_bash_operator to 2025-11-11 00:00:00+00:00, run_after=2025-11-12 00:00:00+00:00
[2025-11-12T21:01:01.842+0530] {processor.py:183} INFO - Processing /home/logi/txtai/venv/lib/python3.10/site-packages/airflow/example_dags/example_bash_operator.py took 0.115 seconds
[2025-11-12T21:02:04.898+0530] {processor.py:161} INFO - Started process (PID=15510) to work on /home/logi/txtai/venv/lib/python3.10/site-packages/airflow/example_dags/example_bash_operator.py
[2025-11-12T21:02:04.913+0530] {processor.py:830} INFO - Processing file /home/logi/txtai/venv/lib/python3.10/site-packages/airflow/example_dags/example_bash_operator.py for tasks to queue
[2025-11-12T21:02:04.917+0530] {logging_mixin.py:188} INFO - [2025-11-12T21:02:04.917+0530] {dagbag.py:545} INFO - Filling up the DagBag from /home/logi/txtai/venv/lib/python3.10/site-packages/airflow/example_dags/example_bash_operator.py
[2025-11-12T21:02:04.941+0530] {processor.py:840} INFO - DAG(s) 'example_bash_operator' retrieved from /home/logi/txtai/venv/lib/python3.10/site-packages/airflow/example_dags/example_bash_operator.py
[2025-11-12T21:02:04.972+0530] {logging_mixin.py:188} INFO - [2025-11-12T21:02:04.972+0530] {dag.py:3089} INFO - Sync 1 DAGs
[2025-11-12T21:02:04.997+0530] {logging_mixin.py:188} INFO - [2025-11-12T21:02:04.996+0530] {dag.py:3947} INFO - Setting next_dagrun for example_bash_operator to 2025-11-11 00:00:00+00:00, run_after=2025-11-12 00:00:00+00:00
[2025-11-12T21:02:05.014+0530] {processor.py:183} INFO - Processing /home/logi/txtai/venv/lib/python3.10/site-packages/airflow/example_dags/example_bash_operator.py took 0.134 seconds
[2025-11-12T21:03:10.337+0530] {processor.py:161} INFO - Started process (PID=15770) to work on /home/logi/txtai/venv/lib/python3.10/site-packages/airflow/example_dags/example_bash_operator.py
[2025-11-12T21:03:10.354+0530] {processor.py:830} INFO - Processing file /home/logi/txtai/venv/lib/python3.10/site-packages/airflow/example_dags/example_bash_operator.py for tasks to queue
[2025-11-12T21:03:10.361+0530] {logging_mixin.py:188} INFO - [2025-11-12T21:03:10.359+0530] {dagbag.py:545} INFO - Filling up the DagBag from /home/logi/txtai/venv/lib/python3.10/site-packages/airflow/example_dags/example_bash_operator.py
[2025-11-12T21:03:10.402+0530] {processor.py:840} INFO - DAG(s) 'example_bash_operator' retrieved from /home/logi/txtai/venv/lib/python3.10/site-packages/airflow/example_dags/example_bash_operator.py
[2025-11-12T21:03:10.483+0530] {logging_mixin.py:188} INFO - [2025-11-12T21:03:10.482+0530] {dag.py:3089} INFO - Sync 1 DAGs
[2025-11-12T21:03:10.545+0530] {logging_mixin.py:188} INFO - [2025-11-12T21:03:10.544+0530] {dag.py:3947} INFO - Setting next_dagrun for example_bash_operator to 2025-11-11 00:00:00+00:00, run_after=2025-11-12 00:00:00+00:00
[2025-11-12T21:03:10.633+0530] {processor.py:183} INFO - Processing /home/logi/txtai/venv/lib/python3.10/site-packages/airflow/example_dags/example_bash_operator.py took 0.319 seconds
[2025-11-12T21:04:14.572+0530] {processor.py:161} INFO - Started process (PID=15964) to work on /home/logi/txtai/venv/lib/python3.10/site-packages/airflow/example_dags/example_bash_operator.py
[2025-11-12T21:04:14.588+0530] {processor.py:830} INFO - Processing file /home/logi/txtai/venv/lib/python3.10/site-packages/airflow/example_dags/example_bash_operator.py for tasks to queue
[2025-11-12T21:04:14.594+0530] {logging_mixin.py:188} INFO - [2025-11-12T21:04:14.592+0530] {dagbag.py:545} INFO - Filling up the DagBag from /home/logi/txtai/venv/lib/python3.10/site-packages/airflow/example_dags/example_bash_operator.py
[2025-11-12T21:04:14.625+0530] {processor.py:840} INFO - DAG(s) 'example_bash_operator' retrieved from /home/logi/txtai/venv/lib/python3.10/site-packages/airflow/example_dags/example_bash_operator.py
[2025-11-12T21:04:14.663+0530] {logging_mixin.py:188} INFO - [2025-11-12T21:04:14.663+0530] {dag.py:3089} INFO - Sync 1 DAGs
[2025-11-12T21:04:14.697+0530] {logging_mixin.py:188} INFO - [2025-11-12T21:04:14.697+0530] {dag.py:3947} INFO - Setting next_dagrun for example_bash_operator to 2025-11-11 00:00:00+00:00, run_after=2025-11-12 00:00:00+00:00
[2025-11-12T21:04:14.746+0530] {processor.py:183} INFO - Processing /home/logi/txtai/venv/lib/python3.10/site-packages/airflow/example_dags/example_bash_operator.py took 0.194 seconds
[2025-11-12T21:05:10.196+0530] {processor.py:161} INFO - Started process (PID=16105) to work on /home/logi/txtai/venv/lib/python3.10/site-packages/airflow/example_dags/example_bash_operator.py
[2025-11-12T21:05:10.210+0530] {processor.py:830} INFO - Processing file /home/logi/txtai/venv/lib/python3.10/site-packages/airflow/example_dags/example_bash_operator.py for tasks to queue
[2025-11-12T21:05:10.213+0530] {logging_mixin.py:188} INFO - [2025-11-12T21:05:10.212+0530] {dagbag.py:545} INFO - Filling up the DagBag from /home/logi/txtai/venv/lib/python3.10/site-packages/airflow/example_dags/example_bash_operator.py
[2025-11-12T21:05:10.231+0530] {processor.py:840} INFO - DAG(s) 'example_bash_operator' retrieved from /home/logi/txtai/venv/lib/python3.10/site-packages/airflow/example_dags/example_bash_operator.py
[2025-11-12T21:05:10.263+0530] {logging_mixin.py:188} INFO - [2025-11-12T21:05:10.263+0530] {dag.py:3089} INFO - Sync 1 DAGs
[2025-11-12T21:05:10.279+0530] {logging_mixin.py:188} INFO - [2025-11-12T21:05:10.279+0530] {dag.py:3947} INFO - Setting next_dagrun for example_bash_operator to 2025-11-11 00:00:00+00:00, run_after=2025-11-12 00:00:00+00:00
[2025-11-12T21:05:10.305+0530] {processor.py:183} INFO - Processing /home/logi/txtai/venv/lib/python3.10/site-packages/airflow/example_dags/example_bash_operator.py took 0.119 seconds
[2025-11-12T21:06:30.694+0530] {processor.py:161} INFO - Started process (PID=16319) to work on /home/logi/txtai/venv/lib/python3.10/site-packages/airflow/example_dags/example_bash_operator.py
[2025-11-12T21:06:30.710+0530] {processor.py:830} INFO - Processing file /home/logi/txtai/venv/lib/python3.10/site-packages/airflow/example_dags/example_bash_operator.py for tasks to queue
[2025-11-12T21:06:30.717+0530] {logging_mixin.py:188} INFO - [2025-11-12T21:06:30.715+0530] {dagbag.py:545} INFO - Filling up the DagBag from /home/logi/txtai/venv/lib/python3.10/site-packages/airflow/example_dags/example_bash_operator.py
[2025-11-12T21:06:30.793+0530] {processor.py:840} INFO - DAG(s) 'example_bash_operator' retrieved from /home/logi/txtai/venv/lib/python3.10/site-packages/airflow/example_dags/example_bash_operator.py
[2025-11-12T21:06:30.883+0530] {logging_mixin.py:188} INFO - [2025-11-12T21:06:30.883+0530] {dag.py:3089} INFO - Sync 1 DAGs
[2025-11-12T21:06:30.919+0530] {logging_mixin.py:188} INFO - [2025-11-12T21:06:30.919+0530] {dag.py:3947} INFO - Setting next_dagrun for example_bash_operator to 2025-11-11 00:00:00+00:00, run_after=2025-11-12 00:00:00+00:00
[2025-11-12T21:06:30.959+0530] {processor.py:183} INFO - Processing /home/logi/txtai/venv/lib/python3.10/site-packages/airflow/example_dags/example_bash_operator.py took 0.289 seconds
[2025-11-12T21:07:33.342+0530] {processor.py:161} INFO - Started process (PID=16440) to work on /home/logi/txtai/venv/lib/python3.10/site-packages/airflow/example_dags/example_bash_operator.py
[2025-11-12T21:07:33.347+0530] {processor.py:830} INFO - Processing file /home/logi/txtai/venv/lib/python3.10/site-packages/airflow/example_dags/example_bash_operator.py for tasks to queue
[2025-11-12T21:07:33.351+0530] {logging_mixin.py:188} INFO - [2025-11-12T21:07:33.350+0530] {dagbag.py:545} INFO - Filling up the DagBag from /home/logi/txtai/venv/lib/python3.10/site-packages/airflow/example_dags/example_bash_operator.py
[2025-11-12T21:07:33.364+0530] {processor.py:840} INFO - DAG(s) 'example_bash_operator' retrieved from /home/logi/txtai/venv/lib/python3.10/site-packages/airflow/example_dags/example_bash_operator.py
[2025-11-12T21:07:33.385+0530] {logging_mixin.py:188} INFO - [2025-11-12T21:07:33.385+0530] {dag.py:3089} INFO - Sync 1 DAGs
[2025-11-12T21:07:33.409+0530] {logging_mixin.py:188} INFO - [2025-11-12T21:07:33.409+0530] {dag.py:3947} INFO - Setting next_dagrun for example_bash_operator to 2025-11-11 00:00:00+00:00, run_after=2025-11-12 00:00:00+00:00
[2025-11-12T21:07:33.449+0530] {processor.py:183} INFO - Processing /home/logi/txtai/venv/lib/python3.10/site-packages/airflow/example_dags/example_bash_operator.py took 0.121 seconds
[2025-11-12T21:08:28.887+0530] {processor.py:161} INFO - Started process (PID=16577) to work on /home/logi/txtai/venv/lib/python3.10/site-packages/airflow/example_dags/example_bash_operator.py
[2025-11-12T21:08:28.900+0530] {processor.py:830} INFO - Processing file /home/logi/txtai/venv/lib/python3.10/site-packages/airflow/example_dags/example_bash_operator.py for tasks to queue
[2025-11-12T21:08:28.902+0530] {logging_mixin.py:188} INFO - [2025-11-12T21:08:28.902+0530] {dagbag.py:545} INFO - Filling up the DagBag from /home/logi/txtai/venv/lib/python3.10/site-packages/airflow/example_dags/example_bash_operator.py
[2025-11-12T21:08:28.912+0530] {processor.py:840} INFO - DAG(s) 'example_bash_operator' retrieved from /home/logi/txtai/venv/lib/python3.10/site-packages/airflow/example_dags/example_bash_operator.py
[2025-11-12T21:08:28.931+0530] {logging_mixin.py:188} INFO - [2025-11-12T21:08:28.931+0530] {dag.py:3089} INFO - Sync 1 DAGs
[2025-11-12T21:08:28.948+0530] {logging_mixin.py:188} INFO - [2025-11-12T21:08:28.948+0530] {dag.py:3947} INFO - Setting next_dagrun for example_bash_operator to 2025-11-11 00:00:00+00:00, run_after=2025-11-12 00:00:00+00:00
[2025-11-12T21:08:28.964+0530] {processor.py:183} INFO - Processing /home/logi/txtai/venv/lib/python3.10/site-packages/airflow/example_dags/example_bash_operator.py took 0.088 seconds
[2025-11-12T21:09:51.384+0530] {processor.py:161} INFO - Started process (PID=16746) to work on /home/logi/txtai/venv/lib/python3.10/site-packages/airflow/example_dags/example_bash_operator.py
[2025-11-12T21:09:51.397+0530] {processor.py:830} INFO - Processing file /home/logi/txtai/venv/lib/python3.10/site-packages/airflow/example_dags/example_bash_operator.py for tasks to queue
[2025-11-12T21:09:51.401+0530] {logging_mixin.py:188} INFO - [2025-11-12T21:09:51.400+0530] {dagbag.py:545} INFO - Filling up the DagBag from /home/logi/txtai/venv/lib/python3.10/site-packages/airflow/example_dags/example_bash_operator.py
[2025-11-12T21:09:51.424+0530] {processor.py:840} INFO - DAG(s) 'example_bash_operator' retrieved from /home/logi/txtai/venv/lib/python3.10/site-packages/airflow/example_dags/example_bash_operator.py
[2025-11-12T21:09:51.459+0530] {logging_mixin.py:188} INFO - [2025-11-12T21:09:51.459+0530] {dag.py:3089} INFO - Sync 1 DAGs
[2025-11-12T21:09:51.476+0530] {logging_mixin.py:188} INFO - [2025-11-12T21:09:51.476+0530] {dag.py:3947} INFO - Setting next_dagrun for example_bash_operator to 2025-11-11 00:00:00+00:00, run_after=2025-11-12 00:00:00+00:00
[2025-11-12T21:09:51.495+0530] {processor.py:183} INFO - Processing /home/logi/txtai/venv/lib/python3.10/site-packages/airflow/example_dags/example_bash_operator.py took 0.124 seconds
[2025-11-12T21:10:47.192+0530] {processor.py:161} INFO - Started process (PID=16878) to work on /home/logi/txtai/venv/lib/python3.10/site-packages/airflow/example_dags/example_bash_operator.py
[2025-11-12T21:10:47.205+0530] {processor.py:830} INFO - Processing file /home/logi/txtai/venv/lib/python3.10/site-packages/airflow/example_dags/example_bash_operator.py for tasks to queue
[2025-11-12T21:10:47.208+0530] {logging_mixin.py:188} INFO - [2025-11-12T21:10:47.207+0530] {dagbag.py:545} INFO - Filling up the DagBag from /home/logi/txtai/venv/lib/python3.10/site-packages/airflow/example_dags/example_bash_operator.py
[2025-11-12T21:10:47.227+0530] {processor.py:840} INFO - DAG(s) 'example_bash_operator' retrieved from /home/logi/txtai/venv/lib/python3.10/site-packages/airflow/example_dags/example_bash_operator.py
[2025-11-12T21:10:47.263+0530] {logging_mixin.py:188} INFO - [2025-11-12T21:10:47.262+0530] {dag.py:3089} INFO - Sync 1 DAGs
[2025-11-12T21:10:47.293+0530] {logging_mixin.py:188} INFO - [2025-11-12T21:10:47.292+0530] {dag.py:3947} INFO - Setting next_dagrun for example_bash_operator to 2025-11-11 00:00:00+00:00, run_after=2025-11-12 00:00:00+00:00
[2025-11-12T21:10:47.319+0530] {processor.py:183} INFO - Processing /home/logi/txtai/venv/lib/python3.10/site-packages/airflow/example_dags/example_bash_operator.py took 0.138 seconds
[2025-11-12T21:11:47.370+0530] {processor.py:161} INFO - Started process (PID=17106) to work on /home/logi/txtai/venv/lib/python3.10/site-packages/airflow/example_dags/example_bash_operator.py
[2025-11-12T21:11:47.395+0530] {processor.py:830} INFO - Processing file /home/logi/txtai/venv/lib/python3.10/site-packages/airflow/example_dags/example_bash_operator.py for tasks to queue
[2025-11-12T21:11:47.408+0530] {logging_mixin.py:188} INFO - [2025-11-12T21:11:47.406+0530] {dagbag.py:545} INFO - Filling up the DagBag from /home/logi/txtai/venv/lib/python3.10/site-packages/airflow/example_dags/example_bash_operator.py
[2025-11-12T21:11:47.442+0530] {processor.py:840} INFO - DAG(s) 'example_bash_operator' retrieved from /home/logi/txtai/venv/lib/python3.10/site-packages/airflow/example_dags/example_bash_operator.py
[2025-11-12T21:11:47.516+0530] {logging_mixin.py:188} INFO - [2025-11-12T21:11:47.515+0530] {dag.py:3089} INFO - Sync 1 DAGs
[2025-11-12T21:11:47.588+0530] {logging_mixin.py:188} INFO - [2025-11-12T21:11:47.587+0530] {dag.py:3947} INFO - Setting next_dagrun for example_bash_operator to 2025-11-11 00:00:00+00:00, run_after=2025-11-12 00:00:00+00:00
[2025-11-12T21:11:47.700+0530] {processor.py:183} INFO - Processing /home/logi/txtai/venv/lib/python3.10/site-packages/airflow/example_dags/example_bash_operator.py took 0.376 seconds
[2025-11-12T21:12:44.180+0530] {processor.py:161} INFO - Started process (PID=17273) to work on /home/logi/txtai/venv/lib/python3.10/site-packages/airflow/example_dags/example_bash_operator.py
[2025-11-12T21:12:44.193+0530] {processor.py:830} INFO - Processing file /home/logi/txtai/venv/lib/python3.10/site-packages/airflow/example_dags/example_bash_operator.py for tasks to queue
[2025-11-12T21:12:44.195+0530] {logging_mixin.py:188} INFO - [2025-11-12T21:12:44.194+0530] {dagbag.py:545} INFO - Filling up the DagBag from /home/logi/txtai/venv/lib/python3.10/site-packages/airflow/example_dags/example_bash_operator.py
[2025-11-12T21:12:44.204+0530] {processor.py:840} INFO - DAG(s) 'example_bash_operator' retrieved from /home/logi/txtai/venv/lib/python3.10/site-packages/airflow/example_dags/example_bash_operator.py
[2025-11-12T21:12:44.224+0530] {logging_mixin.py:188} INFO - [2025-11-12T21:12:44.224+0530] {dag.py:3089} INFO - Sync 1 DAGs
[2025-11-12T21:12:44.240+0530] {logging_mixin.py:188} INFO - [2025-11-12T21:12:44.239+0530] {dag.py:3947} INFO - Setting next_dagrun for example_bash_operator to 2025-11-11 00:00:00+00:00, run_after=2025-11-12 00:00:00+00:00
[2025-11-12T21:12:44.256+0530] {processor.py:183} INFO - Processing /home/logi/txtai/venv/lib/python3.10/site-packages/airflow/example_dags/example_bash_operator.py took 0.082 seconds
[2025-11-12T21:13:48.220+0530] {processor.py:161} INFO - Started process (PID=17425) to work on /home/logi/txtai/venv/lib/python3.10/site-packages/airflow/example_dags/example_bash_operator.py
[2025-11-12T21:13:48.232+0530] {processor.py:830} INFO - Processing file /home/logi/txtai/venv/lib/python3.10/site-packages/airflow/example_dags/example_bash_operator.py for tasks to queue
[2025-11-12T21:13:48.235+0530] {logging_mixin.py:188} INFO - [2025-11-12T21:13:48.235+0530] {dagbag.py:545} INFO - Filling up the DagBag from /home/logi/txtai/venv/lib/python3.10/site-packages/airflow/example_dags/example_bash_operator.py
[2025-11-12T21:13:48.254+0530] {processor.py:840} INFO - DAG(s) 'example_bash_operator' retrieved from /home/logi/txtai/venv/lib/python3.10/site-packages/airflow/example_dags/example_bash_operator.py
[2025-11-12T21:13:48.276+0530] {logging_mixin.py:188} INFO - [2025-11-12T21:13:48.275+0530] {dag.py:3089} INFO - Sync 1 DAGs
[2025-11-12T21:13:48.297+0530] {logging_mixin.py:188} INFO - [2025-11-12T21:13:48.296+0530] {dag.py:3947} INFO - Setting next_dagrun for example_bash_operator to 2025-11-11 00:00:00+00:00, run_after=2025-11-12 00:00:00+00:00
[2025-11-12T21:13:48.317+0530] {processor.py:183} INFO - Processing /home/logi/txtai/venv/lib/python3.10/site-packages/airflow/example_dags/example_bash_operator.py took 0.103 seconds
[2025-11-12T21:14:44.177+0530] {processor.py:161} INFO - Started process (PID=17564) to work on /home/logi/txtai/venv/lib/python3.10/site-packages/airflow/example_dags/example_bash_operator.py
[2025-11-12T21:14:44.191+0530] {processor.py:830} INFO - Processing file /home/logi/txtai/venv/lib/python3.10/site-packages/airflow/example_dags/example_bash_operator.py for tasks to queue
[2025-11-12T21:14:44.193+0530] {logging_mixin.py:188} INFO - [2025-11-12T21:14:44.193+0530] {dagbag.py:545} INFO - Filling up the DagBag from /home/logi/txtai/venv/lib/python3.10/site-packages/airflow/example_dags/example_bash_operator.py
[2025-11-12T21:14:44.212+0530] {processor.py:840} INFO - DAG(s) 'example_bash_operator' retrieved from /home/logi/txtai/venv/lib/python3.10/site-packages/airflow/example_dags/example_bash_operator.py
[2025-11-12T21:14:44.247+0530] {logging_mixin.py:188} INFO - [2025-11-12T21:14:44.247+0530] {dag.py:3089} INFO - Sync 1 DAGs
[2025-11-12T21:14:44.267+0530] {logging_mixin.py:188} INFO - [2025-11-12T21:14:44.267+0530] {dag.py:3947} INFO - Setting next_dagrun for example_bash_operator to 2025-11-11 00:00:00+00:00, run_after=2025-11-12 00:00:00+00:00
[2025-11-12T21:14:44.284+0530] {processor.py:183} INFO - Processing /home/logi/txtai/venv/lib/python3.10/site-packages/airflow/example_dags/example_bash_operator.py took 0.117 seconds
[2025-11-12T21:15:43.730+0530] {processor.py:161} INFO - Started process (PID=17679) to work on /home/logi/txtai/venv/lib/python3.10/site-packages/airflow/example_dags/example_bash_operator.py
[2025-11-12T21:15:43.744+0530] {processor.py:830} INFO - Processing file /home/logi/txtai/venv/lib/python3.10/site-packages/airflow/example_dags/example_bash_operator.py for tasks to queue
[2025-11-12T21:15:43.749+0530] {logging_mixin.py:188} INFO - [2025-11-12T21:15:43.748+0530] {dagbag.py:545} INFO - Filling up the DagBag from /home/logi/txtai/venv/lib/python3.10/site-packages/airflow/example_dags/example_bash_operator.py
[2025-11-12T21:15:43.768+0530] {processor.py:840} INFO - DAG(s) 'example_bash_operator' retrieved from /home/logi/txtai/venv/lib/python3.10/site-packages/airflow/example_dags/example_bash_operator.py
[2025-11-12T21:15:43.803+0530] {logging_mixin.py:188} INFO - [2025-11-12T21:15:43.803+0530] {dag.py:3089} INFO - Sync 1 DAGs
[2025-11-12T21:15:43.821+0530] {logging_mixin.py:188} INFO - [2025-11-12T21:15:43.821+0530] {dag.py:3947} INFO - Setting next_dagrun for example_bash_operator to 2025-11-11 00:00:00+00:00, run_after=2025-11-12 00:00:00+00:00
[2025-11-12T21:15:43.850+0530] {processor.py:183} INFO - Processing /home/logi/txtai/venv/lib/python3.10/site-packages/airflow/example_dags/example_bash_operator.py took 0.133 seconds
[2025-11-12T21:16:39.290+0530] {processor.py:161} INFO - Started process (PID=17758) to work on /home/logi/txtai/venv/lib/python3.10/site-packages/airflow/example_dags/example_bash_operator.py
[2025-11-12T21:16:39.303+0530] {processor.py:830} INFO - Processing file /home/logi/txtai/venv/lib/python3.10/site-packages/airflow/example_dags/example_bash_operator.py for tasks to queue
[2025-11-12T21:16:39.307+0530] {logging_mixin.py:188} INFO - [2025-11-12T21:16:39.306+0530] {dagbag.py:545} INFO - Filling up the DagBag from /home/logi/txtai/venv/lib/python3.10/site-packages/airflow/example_dags/example_bash_operator.py
[2025-11-12T21:16:39.327+0530] {processor.py:840} INFO - DAG(s) 'example_bash_operator' retrieved from /home/logi/txtai/venv/lib/python3.10/site-packages/airflow/example_dags/example_bash_operator.py
[2025-11-12T21:16:39.360+0530] {logging_mixin.py:188} INFO - [2025-11-12T21:16:39.359+0530] {dag.py:3089} INFO - Sync 1 DAGs
[2025-11-12T21:16:39.381+0530] {logging_mixin.py:188} INFO - [2025-11-12T21:16:39.381+0530] {dag.py:3947} INFO - Setting next_dagrun for example_bash_operator to 2025-11-11 00:00:00+00:00, run_after=2025-11-12 00:00:00+00:00
[2025-11-12T21:16:39.407+0530] {processor.py:183} INFO - Processing /home/logi/txtai/venv/lib/python3.10/site-packages/airflow/example_dags/example_bash_operator.py took 0.129 seconds
[2025-11-12T21:17:56.235+0530] {processor.py:161} INFO - Started process (PID=17910) to work on /home/logi/txtai/venv/lib/python3.10/site-packages/airflow/example_dags/example_bash_operator.py
[2025-11-12T21:17:56.248+0530] {processor.py:830} INFO - Processing file /home/logi/txtai/venv/lib/python3.10/site-packages/airflow/example_dags/example_bash_operator.py for tasks to queue
[2025-11-12T21:17:56.252+0530] {logging_mixin.py:188} INFO - [2025-11-12T21:17:56.251+0530] {dagbag.py:545} INFO - Filling up the DagBag from /home/logi/txtai/venv/lib/python3.10/site-packages/airflow/example_dags/example_bash_operator.py
[2025-11-12T21:17:56.262+0530] {processor.py:840} INFO - DAG(s) 'example_bash_operator' retrieved from /home/logi/txtai/venv/lib/python3.10/site-packages/airflow/example_dags/example_bash_operator.py
[2025-11-12T21:17:56.284+0530] {logging_mixin.py:188} INFO - [2025-11-12T21:17:56.284+0530] {dag.py:3089} INFO - Sync 1 DAGs
[2025-11-12T21:17:56.301+0530] {logging_mixin.py:188} INFO - [2025-11-12T21:17:56.301+0530] {dag.py:3947} INFO - Setting next_dagrun for example_bash_operator to 2025-11-11 00:00:00+00:00, run_after=2025-11-12 00:00:00+00:00
[2025-11-12T21:17:56.323+0530] {processor.py:183} INFO - Processing /home/logi/txtai/venv/lib/python3.10/site-packages/airflow/example_dags/example_bash_operator.py took 0.094 seconds
